dataset,problem,config,strategy,verdict,hypotheses,clausify_ms,search_ms,reconstruct_ms,check_ms,given,derived,peak_active,peak_passive,clauses,fresh_symbols,proof_steps,raw_size,shared_size,max_sequent,imports,uses_sorry,contaminated,detail
starexec,AGT007+2.p,e1a,age-fair,REFUTED,922,2090.359,19408.474,,,4657,234191,3265,219846,728,,,,,,,,false,
starexec,AGT007+2.p,e1a,balanced,TIMEOUT,922,443.636,166673.939,,,36738,3461304,35873,3409170,,,,,,,,,false,
starexec,AGT007+2.p,e1a,equational,SATURATED,922,865.466,1179.872,,,656,1186,654,656,,,,,,,,,false,
starexec,AGT007+2.p,e1a,first-negative,SATURATED,922,880.239,505.509,,,96,109,96,109,,,,,,,,,false,
starexec,AGT007+2.p,e1a,subsumption-light,SATURATED,922,877.486,1156.760,,,564,1071,564,598,,,,,,,,,false,
starexec,AGT007+2.p,e1a,unary-redundancy,SATURATED,922,1149.825,1064.241,,,566,1073,564,604,,,,,,,,,false,
starexec,AGT007+2.p,e1a,weight-greedy,SATURATED,922,817.903,938.861,,,447,790,446,460,,,,,,,,,false,
starexec,AGT022+1.p,e1a,balanced,TIMEOUT,555,424.944,166614.784,,,30361,408575,29317,369740,,,,,,,,,false,
starexec,AGT022+1.p,e1a,equational,SATURATED,555,861.747,5926.788,,,916,39671,878,19927,,,,,,,,,false,
starexec,AGT022+1.p,e1a,first-negative,SATURATED,555,560.561,369.723,,,1,1,1,1,,,,,,,,,false,
starexec,AGT022+1.p,e1a,occurrence,SATURATED,555,1306.924,6160.981,,,1088,37336,1087,18614,,,,,,,,,false,
starexec,AGT022+1.p,e1a,subsumption-light,SATURATED,555,886.976,4925.318,,,679,24032,645,7894,,,,,,,,,false,
starexec,AGT022+1.p,e1a,unary-redundancy,SATURATED,555,1471.837,6616.144,,,1104,34703,1005,19285,,,,,,,,,false,
starexec,AGT022+1.p,e1a,weight-greedy,SATURATED,555,794.482,407.879,,,1,1,1,1,,,,,,,,,false,
starexec,ALG040+1.p,e1a,age-fair,REFUTED,4,559.952,7071.266,,,2987,16446,2941,13035,12,,,,,,,,false,
starexec,ALG040+1.p,e1a,balanced,REFUTED,4,173.861,1738.138,,,928,7216,919,6132,12,,,,,,,,false,
starexec,ALG040+1.p,e1a,equational,REFUTED,4,325.761,3116.431,,,928,7216,919,6132,12,,,,,,,,false,
starexec,ALG040+1.p,e1a,first-negative,REFUTED,4,565.971,1542.534,,,158,1593,128,1380,12,,,,,,,,false,
starexec,ALG040+1.p,e1a,occurrence,REFUTED,4,535.578,3210.415,,,1042,8090,1026,6788,12,,,,,,,,false,
starexec,ALG040+1.p,e1a,subsumption-light,REFUTED,4,345.380,4387.153,,,941,8383,930,7274,12,,,,,,,,false,
starexec,ALG040+1.p,e1a,unary-redundancy,REFUTED,4,531.127,4303.040,,,980,8773,970,7615,12,,,,,,,,false,
starexec,ALG040+1.p,e1a,weight-greedy,REFUTED,4,355.843,1030.184,,,50,407,43,331,12,,,,,,,,false,
starexec,ALG213+1.p,e1a,age-fair,TIMEOUT,4,264.719,166373.109,,,917,7107818,883,7104965,,,,,,,,,false,
starexec,ALG213+1.p,e1a,balanced,TIMEOUT,4,147.642,166238.534,,,1219,11120317,1127,11113387,,,,,,,,,false,
starexec,ALG213+1.p,e1a,equational,TIMEOUT,4,302.775,169614.253,,,893,6498475,838,6493801,,,,,,,,,false,
starexec,ALG213+1.p,e1a,first-negative,TIMEOUT,4,268.063,166357.764,,,902,6594885,856,6590203,,,,,,,,,false,
starexec,ALG213+1.p,e1a,occurrence,TIMEOUT,4,270.430,166483.401,,,1029,7462331,963,7448409,,,,,,,,,false,
starexec,ALG213+1.p,e1a,subsumption-light,TIMEOUT,4,223.917,166294.459,,,920,6523028,843,6518262,,,,,,,,,false,
starexec,ALG213+1.p,e1a,unary-redundancy,TIMEOUT,4,399.446,166637.286,,,882,6424664,847,6420162,,,,,,,,,false,
starexec,ALG213+1.p,e1a,weight-greedy,TIMEOUT,4,328.357,166454.819,,,963,5954461,888,5914492,,,,,,,,,false,
starexec,BIO006+1.p,e1a,age-fair,PARSE_ERR,,0.000,,,,,,,,,,,,,,,,false,Exception
starexec,BIO006+1.p,e1a,balanced,PARSE_ERR,,0.000,,,,,,,,,,,,,,,,false,Exception
starexec,BIO006+1.p,e1a,equational,PARSE_ERR,,0.000,,,,,,,,,,,,,,,,false,Exception
starexec,BIO006+1.p,e1a,first-negative,PARSE_ERR,,0.000,,,,,,,,,,,,,,,,false,Exception
starexec,BIO006+1.p,e1a,occurrence,PARSE_ERR,,0.000,,,,,,,,,,,,,,,,false,Exception
starexec,BIO006+1.p,e1a,subsumption-light,PARSE_ERR,,0.000,,,,,,,,,,,,,,,,false,Exception
starexec,BIO006+1.p,e1a,unary-redundancy,PARSE_ERR,,0.000,,,,,,,,,,,,,,,,false,Exception
starexec,BIO006+1.p,e1a,weight-greedy,PARSE_ERR,,0.000,,,,,,,,,,,,,,,,false,Exception
starexec,COM008+1.p,e1a,age-fair,TIMEOUT,10,498.709,166445.095,,,9927,3618304,9902,3607311,,,,,,,,,false,
starexec,COM008+1.p,e1a,balanced,TIMEOUT,10,150.142,166244.561,,,13650,7442084,13428,7421913,,,,,,,,,false,
starexec,COM008+1.p,e1a,equational,TIMEOUT,10,358.565,166480.653,,,9023,4432668,8860,4419234,,,,,,,,,false,
starexec,COM008+1.p,e1a,first-negative,TIMEOUT,10,567.451,166503.930,,,53722,2689256,49437,2611337,,,,,,,,,false,
starexec,COM008+1.p,e1a,occurrence,TIMEOUT,10,543.991,167191.339,,,13543,6316553,12237,6271851,,,,,,,,,false,
starexec,COM008+1.p,e1a,subsumption-light,TIMEOUT,10,373.711,166574.299,,,3822,643840,3795,638174,,,,,,,,,false,
starexec,COM008+1.p,e1a,unary-redundancy,TIMEOUT,10,541.251,166551.837,,,3841,648414,3815,642718,,,,,,,,,false,
starexec,COM008+1.p,e1a,weight-greedy,TIMEOUT,10,356.321,166486.464,,,19591,3631552,12605,3536656,,,,,,,,,false,
starexec,COM008+2.p,e1a,age-fair,TIMEOUT,8,448.733,166470.837,,,8728,2648010,8630,2638265,,,,,,,,,false,
starexec,COM008+2.p,e1a,balanced,TIMEOUT,8,164.515,166235.611,,,13741,4809430,12577,4783320,,,,,,,,,false,
starexec,COM008+2.p,e1a,equational,TIMEOUT,8,334.655,166489.448,,,10510,2763699,9465,2743879,,,,,,,,,false,
starexec,COM008+2.p,e1a,first-negative,TIMEOUT,8,384.722,166313.331,,,31272,9092827,27505,8987880,,,,,,,,,false,
starexec,COM008+2.p,e1a,occurrence,TIMEOUT,8,475.927,166436.782,,,16310,3516950,14536,3456493,,,,,,,,,false,
starexec,COM008+2.p,e1a,subsumption-light,TIMEOUT,8,329.417,166951.815,,,3271,261618,3238,256126,,,,,,,,,false,
starexec,COM008+2.p,e1a,unary-redundancy,TIMEOUT,8,474.442,166468.372,,,3211,278873,3087,273658,,,,,,,,,false,
starexec,COM008+2.p,e1a,weight-greedy,TIMEOUT,8,343.288,166507.414,,,11429,4667220,9879,4608933,,,,,,,,,false,
starexec,COM131+1.p,e1a,age-fair,TIMEOUT,59,1828.347,166914.413,,,3340,3224688,3155,3221051,,,,,,,,,false,
starexec,COM131+1.p,e1a,balanced,TIMEOUT,59,597.946,169605.291,,,16037,6987555,15613,6962237,,,,,,,,,false,
starexec,COM131+1.p,e1a,equational,TIMEOUT,59,794.203,166655.654,,,12135,5477532,11886,5456888,,,,,,,,,false,
starexec,COM131+1.p,e1a,first-negative,TIMEOUT,59,1415.892,166733.180,,,18028,8438074,17028,8414773,,,,,,,,,false,
starexec,COM131+1.p,e1a,occurrence,TIMEOUT,59,1305.020,166596.049,,,18223,7440995,17633,7413936,,,,,,,,,false,
starexec,COM131+1.p,e1a,subsumption-light,TIMEOUT,59,763.510,166691.657,,,8248,2999514,8074,2986678,,,,,,,,,false,
starexec,COM131+1.p,e1a,unary-redundancy,TIMEOUT,59,1259.255,166661.552,,,9354,3525378,8905,3511904,,,,,,,,,false,
starexec,COM131+1.p,e1a,weight-greedy,TIMEOUT,59,1195.914,166884.645,,,23724,6959398,21898,6881687,,,,,,,,,false,
starexec,COM136+1.p,e1a,age-fair,TIMEOUT,56,2128.812,166925.132,,,2665,3658895,2578,3655967,,,,,,,,,false,
starexec,COM136+1.p,e1a,balanced,REFUTED,56,622.772,1731.166,,,605,2642,502,1852,152,,,,,,,,false,
starexec,COM136+1.p,e1a,equational,REFUTED,56,1271.375,3313.659,,,599,2725,489,1936,152,,,,,,,,false,
starexec,COM136+1.p,e1a,occurrence,TIMEOUT,56,1995.242,166929.585,,,21801,2905792,19329,2829635,,,,,,,,,false,
starexec,COM136+1.p,e1a,subsumption-light,REFUTED,56,1235.007,14580.596,,,1492,69001,1243,67199,152,,,,,,,,false,
starexec,COM136+1.p,e1a,unary-redundancy,TIMEOUT,56,2147.762,166999.125,,,3277,2104304,3199,2100032,,,,,,,,,false,
starexec,COM136+1.p,e1a,weight-greedy,TIMEOUT,56,1250.771,167022.791,,,31922,4932329,30944,4826292,,,,,,,,,false,
starexec,COM139+1.p,e1a,age-fair,TIMEOUT,55,2147.095,167032.365,,,2524,2870882,2420,2868043,,,,,,,,,false,
starexec,COM139+1.p,e1a,balanced,TIMEOUT,55,615.264,166831.645,,,7301,7710472,6641,7689068,,,,,,,,,false,
starexec,COM139+1.p,e1a,equational,TIMEOUT,55,1250.273,166926.214,,,6669,4350403,5572,4330577,,,,,,,,,false,
starexec,COM139+1.p,e1a,first-negative,TIMEOUT,55,2309.929,167124.460,,,11851,3191071,11443,3168209,,,,,,,,,false,
starexec,COM139+1.p,e1a,occurrence,TIMEOUT,55,2106.725,167258.328,,,6145,4475537,5478,4431050,,,,,,,,,false,
starexec,COM139+1.p,e1a,subsumption-light,TIMEOUT,55,1295.359,167149.601,,,6334,3106266,5019,3091212,,,,,,,,,false,
starexec,COM139+1.p,e1a,unary-redundancy,TIMEOUT,55,2164.776,167193.269,,,2779,2864857,2549,2859327,,,,,,,,,false,
starexec,COM139+1.p,e1a,weight-greedy,TIMEOUT,55,1256.265,167036.014,,,30685,2772590,27351,2644502,,,,,,,,,false,
starexec,CSR005+2.p,e1a,age-fair,TIMEOUT,55,1166.634,168008.349,,,18683,4239684,13924,4189936,,,,,,,,,false,
starexec,CSR005+2.p,e1a,balanced,TIMEOUT,55,204.820,169330.670,,,37497,6022306,35999,5924936,,,,,,,,,false,
starexec,CSR005+2.p,e1a,equational,HARD_TIMEOUT,55,0.000,,,,,,,,,,,,,,,,false,
starexec,CSR005+2.p,e1a,first-negative,TIMEOUT,55,1188.962,166695.861,,,18204,4736372,16651,4622334,,,,,,,,,false,
starexec,CSR005+2.p,e1a,occurrence,TIMEOUT,55,745.685,166433.194,,,33836,3121080,28305,2977301,,,,,,,,,false,
starexec,CSR005+2.p,e1a,subsumption-light,TIMEOUT,55,433.136,166494.877,,,9027,1068875,7026,1035235,,,,,,,,,false,
starexec,CSR005+2.p,e1a,unary-redundancy,TIMEOUT,55,723.120,166478.414,,,12171,1007898,10764,971647,,,,,,,,,false,
starexec,CSR005+2.p,e1a,weight-greedy,TIMEOUT,55,421.766,166492.981,,,18249,3345455,15819,3143638,,,,,,,,,false,
starexec,CSR021+1.p,e1a,age-fair,REFUTED,47,1290.854,7944.527,,,2011,43741,1732,36801,120,,,,,,,,false,
starexec,CSR021+1.p,e1a,balanced,REFUTED,47,218.538,1389.113,,,945,14946,938,12552,137,,,,,,,,false,
starexec,CSR021+1.p,e1a,equational,REFUTED,47,442.017,1575.667,,,643,3133,637,1411,137,,,,,,,,false,
starexec,CSR021+1.p,e1a,first-negative,REFUTED,47,889.644,80004.048,,,29518,4701936,15560,4527582,120,,,,,,,,false,
starexec,CSR021+1.p,e1a,occurrence,REFUTED,47,791.537,3944.806,,,1379,27809,1350,19644,120,,,,,,,,false,
starexec,CSR021+1.p,e1a,subsumption-light,TIMEOUT,47,438.915,166542.585,,,9549,2374844,9384,2337904,,,,,,,,,false,
starexec,CSR021+1.p,e1a,unary-redundancy,TIMEOUT,47,1258.856,166896.060,,,9070,3320929,8118,3289061,,,,,,,,,false,
starexec,CSR021+1.p,e1a,weight-greedy,REFUTED,47,427.041,1616.282,,,758,2661,757,871,137,,,,,,,,false,
starexec,CSR022+1.p,e1a,age-fair,REFUTED,47,831.967,4609.775,,,1996,43657,1699,36778,120,,,,,,,,false,
starexec,CSR022+1.p,e1a,balanced,REFUTED,47,296.607,1955.648,,,953,14947,946,12576,137,,,,,,,,false,
starexec,CSR022+1.p,e1a,equational,REFUTED,47,644.628,3514.987,,,960,14888,950,12474,137,,,,,,,,false,
starexec,CSR022+1.p,e1a,first-negative,REFUTED,47,826.133,6193.395,,,3037,95539,2132,89446,120,,,,,,,,false,
starexec,CSR022+1.p,e1a,occurrence,REFUTED,47,790.373,1540.244,,,534,3612,519,2235,120,,,,,,,,false,
starexec,CSR022+1.p,e1a,subsumption-light,REFUTED,47,469.919,7440.718,,,1734,60085,1632,54603,137,,,,,,,,false,
starexec,CSR022+1.p,e1a,unary-redundancy,TIMEOUT,47,1199.629,166879.603,,,10882,2218404,8970,2169892,,,,,,,,,false,
starexec,CSR022+1.p,e1a,weight-greedy,REFUTED,47,608.950,2189.295,,,721,2132,720,740,137,,,,,,,,false,
starexec,CSR025+5.p,e1a,age-fair,PARSE_ERR,,0.000,,,,,,,,,,,,,,,,false,Exception
starexec,CSR025+5.p,e1a,balanced,PARSE_ERR,,0.000,,,,,,,,,,,,,,,,false,Exception
starexec,CSR025+5.p,e1a,equational,PARSE_ERR,,0.000,,,,,,,,,,,,,,,,false,Exception
starexec,CSR025+5.p,e1a,first-negative,PARSE_ERR,,0.000,,,,,,,,,,,,,,,,false,Exception
starexec,CSR025+5.p,e1a,occurrence,PARSE_ERR,,0.000,,,,,,,,,,,,,,,,false,Exception
starexec,CSR025+5.p,e1a,subsumption-light,PARSE_ERR,,0.000,,,,,,,,,,,,,,,,false,Exception
starexec,CSR025+5.p,e1a,unary-redundancy,PARSE_ERR,,0.000,,,,,,,,,,,,,,,,false,Exception
starexec,CSR025+5.p,e1a,weight-greedy,PARSE_ERR,,0.000,,,,,,,,,,,,,,,,false,Exception
starexec,CSR030+3.p,e1a,age-fair,REFUTED,8005,5528.239,18836.442,,,8144,24193,8062,14138,3296,,,,,,,,false,
starexec,CSR030+3.p,e1a,balanced,REFUTED,8005,1155.897,44807.226,,,30324,85164,29204,44547,8007,,,,,,,,false,
starexec,CSR030+3.p,e1a,equational,REFUTED,8005,1194.108,481.450,,,81,142,77,70,70,,,,,,,,false,
starexec,CSR030+3.p,e1a,first-negative,SATURATED,8005,2216.392,612.968,,,10,12,10,10,,,,,,,,,false,
starexec,CSR030+3.p,e1a,occurrence,REFUTED,8005,4694.214,40639.634,,,12773,39716,12665,13863,2280,,,,,,,,false,
starexec,CSR030+3.p,e1a,subsumption-light,REFUTED,8005,1208.661,457.814,,,40,66,39,42,42,,,,,,,,false,
starexec,CSR030+3.p,e1a,unary-redundancy,REFUTED,8005,3356.835,2984.792,,,1298,4006,1292,2108,556,,,,,,,,false,
starexec,CSR030+3.p,e1a,weight-greedy,SATURATED,8005,1835.900,546.249,,,27,37,26,22,,,,,,,,,false,
starexec,CSR033+3.p,e1a,age-fair,KILLED,,0.000,,,,,,,,,,,,,,,,false,killed before finishing
starexec,CSR033+3.p,e1a,balanced,REFUTED,8005,1071.650,47846.712,,,34404,182768,33756,134866,8007,,,,,,,,false,
starexec,CSR033+3.p,e1a,equational,REFUTED,8005,1318.310,951.784,,,363,664,316,159,151,,,,,,,,false,
starexec,CSR033+3.p,e1a,first-negative,SATURATED,8005,1380.008,476.199,,,27,37,26,21,,,,,,,,,false,
starexec,CSR033+3.p,e1a,occurrence,REFUTED,8005,3164.762,23632.311,,,12850,39278,12779,13680,2251,,,,,,,,false,
starexec,CSR033+3.p,e1a,subsumption-light,REFUTED,8005,1234.557,701.958,,,157,301,135,76,76,,,,,,,,false,
starexec,CSR033+3.p,e1a,unary-redundancy,REFUTED,8005,1991.846,1707.648,,,1183,3416,1158,1546,416,,,,,,,,false,
starexec,CSR033+3.p,e1a,weight-greedy,SATURATED,8005,1832.548,757.307,,,71,109,63,40,,,,,,,,,false,
starexec,CSR036+5.p,e1a,age-fair,PARSE_ERR,,0.000,,,,,,,,,,,,,,,,false,Exception
starexec,CSR036+5.p,e1a,balanced,PARSE_ERR,,0.000,,,,,,,,,,,,,,,,false,Exception
starexec,CSR036+5.p,e1a,equational,PARSE_ERR,,0.000,,,,,,,,,,,,,,,,false,Exception
starexec,CSR036+5.p,e1a,first-negative,PARSE_ERR,,0.000,,,,,,,,,,,,,,,,false,Exception
starexec,CSR036+5.p,e1a,occurrence,PARSE_ERR,,0.000,,,,,,,,,,,,,,,,false,Exception
starexec,CSR036+5.p,e1a,subsumption-light,PARSE_ERR,,0.000,,,,,,,,,,,,,,,,false,Exception
starexec,CSR036+5.p,e1a,unary-redundancy,PARSE_ERR,,0.000,,,,,,,,,,,,,,,,false,Exception
starexec,CSR036+5.p,e1a,weight-greedy,PARSE_ERR,,0.000,,,,,,,,,,,,,,,,false,Exception
starexec,CSR038+4.p,e1a,age-fair,KILLED,,0.000,,,,,,,,,,,,,,,,false,killed before finishing
starexec,CSR038+4.p,e1a,balanced,KILLED,,0.000,,,,,,,,,,,,,,,,false,killed before finishing
starexec,CSR038+4.p,e1a,equational,REFUTED,44216,4997.243,1064.316,,,109,157,103,115,116,,,,,,,,false,
starexec,CSR038+4.p,e1a,first-negative,SATURATED,44216,3598.876,485.849,,,12,16,12,14,,,,,,,,,false,
starexec,CSR038+4.p,e1a,occurrence,REFUTED,44216,6859.553,20639.162,,,12956,31224,12314,11840,6404,,,,,,,,false,
starexec,CSR038+4.p,e1a,subsumption-light,REFUTED,44216,3297.955,730.145,,,75,118,73,73,73,,,,,,,,false,
starexec,CSR038+4.p,e1a,unary-redundancy,REFUTED,44216,7314.683,3382.645,,,1305,2951,1277,1304,850,,,,,,,,false,
starexec,CSR038+4.p,e1a,weight-greedy,SATURATED,44216,5307.233,746.823,,,32,44,31,28,,,,,,,,,false,
starexec,CSR042+3.p,e1a,age-fair,REFUTED,8005,5787.238,4975.867,,,4683,13743,4664,8708,3302,,,,,,,,false,
starexec,CSR042+3.p,e1a,balanced,REFUTED,8005,1706.139,12008.360,,,11322,20411,11258,8007,8007,,,,,,,,false,
starexec,CSR042+3.p,e1a,equational,REFUTED,8005,1175.628,458.872,,,47,80,47,69,69,,,,,,,,false,
starexec,CSR042+3.p,e1a,first-negative,SATURATED,8005,1316.403,335.317,,,9,9,9,8,,,,,,,,,false,
starexec,CSR042+3.p,e1a,occurrence,REFUTED,8005,4936.347,6351.915,,,4934,9096,4930,2371,2254,,,,,,,,false,
starexec,CSR042+3.p,e1a,subsumption-light,REFUTED,8005,1167.603,416.440,,,21,32,21,27,27,,,,,,,,false,
starexec,CSR042+3.p,e1a,unary-redundancy,REFUTED,8005,2015.111,997.565,,,335,785,334,387,387,,,,,,,,false,
starexec,CSR042+3.p,e1a,weight-greedy,SATURATED,8005,1171.775,394.171,,,19,22,19,18,,,,,,,,,false,
starexec,CSR044+3.p,e1a,age-fair,KILLED,,0.000,,,,,,,,,,,,,,,,false,killed before finishing
starexec,CSR044+3.p,e1a,balanced,REFUTED,8005,1749.227,77207.174,,,28869,83415,28433,44499,8007,,,,,,,,false,
starexec,CSR044+3.p,e1a,equational,REFUTED,8005,2172.070,1070.686,,,132,197,125,117,117,,,,,,,,false,
starexec,CSR044+3.p,e1a,first-negative,SATURATED,8005,1365.646,444.693,,,12,15,12,12,,,,,,,,,false,
starexec,CSR044+3.p,e1a,occurrence,REFUTED,8005,5088.037,42085.057,,,12595,38962,12547,13577,2221,,,,,,,,false,
starexec,CSR044+3.p,e1a,subsumption-light,REFUTED,8005,1874.678,634.552,,,34,53,33,32,32,,,,,,,,false,
starexec,CSR044+3.p,e1a,unary-redundancy,REFUTED,8005,3291.583,2449.302,,,1025,3155,1018,1517,403,,,,,,,,false,
starexec,CSR044+3.p,e1a,weight-greedy,SATURATED,8005,1798.350,707.793,,,39,56,36,24,,,,,,,,,false,
starexec,CSR045+3.p,e1a,age-fair,KILLED,,0.000,,,,,,,,,,,,,,,,false,killed before finishing
starexec,CSR045+3.p,e1a,balanced,REFUTED,8005,1838.688,5639.147,,,5306,11024,5302,8006,8006,,,,,,,,false,
starexec,CSR045+3.p,e1a,equational,SATURATED,8005,1922.528,677.128,,,22,30,22,24,,,,,,,,,false,
starexec,CSR045+3.p,e1a,first-negative,SATURATED,8005,2051.227,685.824,,,6,9,6,8,,,,,,,,,false,
starexec,CSR045+3.p,e1a,occurrence,REFUTED,8005,4839.182,5104.226,,,2554,4774,2553,2219,2219,,,,,,,,false,
starexec,CSR045+3.p,e1a,subsumption-light,SATURATED,8005,1787.668,545.496,,,22,30,22,24,,,,,,,,,false,
starexec,CSR045+3.p,e1a,unary-redundancy,SATURATED,8005,3316.659,41411.779,,,13262,45152,12901,13829,,,,,,,,,false,
starexec,CSR045+3.p,e1a,weight-greedy,SATURATED,8005,1894.912,555.907,,,11,15,11,12,,,,,,,,,false,
starexec,CSR048+3.p,e1a,age-fair,REFUTED,8005,5541.152,11726.378,,,6599,18012,6484,9928,3303,,,,,,,,false,
starexec,CSR048+3.p,e1a,balanced,REFUTED,8005,1751.989,65915.131,,,29094,83500,28899,44435,8007,,,,,,,,false,
starexec,CSR048+3.p,e1a,equational,REFUTED,8005,1940.453,844.138,,,70,158,70,73,73,,,,,,,,false,
starexec,CSR048+3.p,e1a,first-negative,REFUTED,8005,1311.872,410.546,,,17,21,17,16,16,,,,,,,,false,
starexec,CSR048+3.p,e1a,occurrence,REFUTED,8005,4993.673,40759.951,,,12746,39261,12699,13665,2255,,,,,,,,false,
starexec,CSR048+3.p,e1a,subsumption-light,REFUTED,8005,1164.160,488.112,,,40,79,39,46,46,,,,,,,,false,
starexec,CSR048+3.p,e1a,unary-redundancy,REFUTED,8005,3037.472,2359.783,,,1033,3095,1029,1480,407,,,,,,,,false,
starexec,CSR048+3.p,e1a,weight-greedy,REFUTED,8005,1863.128,701.879,,,30,52,29,31,31,,,,,,,,false,
starexec,CSR050+5.p,e1a,age-fair,PARSE_ERR,,0.000,,,,,,,,,,,,,,,,false,Exception
starexec,CSR050+5.p,e1a,balanced,PARSE_ERR,,0.000,,,,,,,,,,,,,,,,false,Exception
starexec,CSR050+5.p,e1a,equational,PARSE_ERR,,0.000,,,,,,,,,,,,,,,,false,Exception
starexec,CSR050+5.p,e1a,first-negative,PARSE_ERR,,0.000,,,,,,,,,,,,,,,,false,Exception
starexec,CSR050+5.p,e1a,occurrence,PARSE_ERR,,0.000,,,,,,,,,,,,,,,,false,Exception
starexec,CSR050+5.p,e1a,subsumption-light,PARSE_ERR,,0.000,,,,,,,,,,,,,,,,false,Exception
starexec,CSR050+5.p,e1a,unary-redundancy,PARSE_ERR,,0.000,,,,,,,,,,,,,,,,false,Exception
starexec,CSR050+5.p,e1a,weight-greedy,PARSE_ERR,,0.000,,,,,,,,,,,,,,,,false,Exception
starexec,CSR052+3.p,e1a,age-fair,KILLED,,0.000,,,,,,,,,,,,,,,,false,killed before finishing
starexec,CSR052+3.p,e1a,balanced,TIMEOUT,8005,2061.112,167884.493,,,45496,239472,42808,170873,,,,,,,,,false,
starexec,CSR052+3.p,e1a,equational,SATURATED,8005,1989.692,1185.908,,,218,269,218,92,,,,,,,,,false,
starexec,CSR052+3.p,e1a,first-negative,SATURATED,8005,2338.586,593.881,,,19,24,19,18,,,,,,,,,false,
starexec,CSR052+3.p,e1a,occurrence,KILLED,,0.000,,,,,,,,,,,,,,,,false,killed before finishing
starexec,CSR052+3.p,e1a,subsumption-light,SATURATED,8005,1909.836,734.870,,,92,121,92,49,,,,,,,,,false,
starexec,CSR052+3.p,e1a,unary-redundancy,REFUTED,8005,2190.350,877.546,,,122,243,122,95,67,,,,,,,,false,
starexec,CSR052+3.p,e1a,weight-greedy,SATURATED,8005,1835.777,662.718,,,48,63,48,33,,,,,,,,,false,
starexec,CSR054+3.p,e1a,age-fair,REFUTED,8005,5730.578,5148.361,,,3072,8440,3051,4879,3229,,,,,,,,false,
starexec,CSR054+3.p,e1a,balanced,REFUTED,8005,1673.127,5198.544,,,5183,10962,5179,8007,8007,,,,,,,,false,
starexec,CSR054+3.p,e1a,equational,REFUTED,8005,2146.174,935.828,,,76,229,76,227,227,,,,,,,,false,
starexec,CSR054+3.p,e1a,first-negative,SATURATED,8005,1368.170,426.234,,,9,10,9,9,,,,,,,,,false,
starexec,CSR054+3.p,e1a,occurrence,REFUTED,8005,5029.285,4354.105,,,2262,4339,2261,2261,2261,,,,,,,,false,
starexec,CSR054+3.p,e1a,subsumption-light,REFUTED,8005,2052.466,834.777,,,33,128,33,126,126,,,,,,,,false,
starexec,CSR054+3.p,e1a,unary-redundancy,REFUTED,8005,3345.427,1430.548,,,217,622,217,527,527,,,,,,,,false,
starexec,CSR054+3.p,e1a,weight-greedy,SATURATED,8005,1894.703,700.379,,,57,61,57,43,,,,,,,,,false,
starexec,CSR056+3.p,e1a,age-fair,TIMEOUT,8005,2973.461,166989.706,,,41709,369318,40297,316528,,,,,,,,,false,
starexec,CSR056+3.p,e1a,balanced,REFUTED,8005,1629.425,79991.054,,,29098,83626,28552,44412,8007,,,,,,,,false,
starexec,CSR056+3.p,e1a,equational,REFUTED,8005,1088.264,588.710,,,240,367,224,164,164,,,,,,,,false,
starexec,CSR056+3.p,e1a,first-negative,SATURATED,8005,727.955,231.974,,,10,12,10,10,,,,,,,,,false,
starexec,CSR056+3.p,e1a,occurrence,REFUTED,8005,1730.689,12752.599,,,12564,38785,12513,13507,2260,,,,,,,,false,
starexec,CSR056+3.p,e1a,subsumption-light,SATURATED,8005,698.218,288.523,,,48,63,47,43,,,,,,,,,false,
starexec,CSR056+3.p,e1a,unary-redundancy,TIMEOUT,8005,1178.685,166335.776,,,51134,587652,49647,444330,,,,,,,,,false,
starexec,CSR056+3.p,e1a,weight-greedy,SATURATED,8005,683.065,257.750,,,32,44,31,24,,,,,,,,,false,
starexec,CSR058+3.p,e1a,age-fair,KILLED,,0.000,,,,,,,,,,,,,,,,false,killed before finishing
starexec,CSR058+3.p,e1a,balanced,REFUTED,8005,1902.987,2060.670,,,689,8015,689,8007,8007,,,,,,,,false,
starexec,CSR058+3.p,e1a,equational,SATURATED,8005,1337.130,969.296,,,385,696,382,154,,,,,,,,,false,
starexec,CSR058+3.p,e1a,first-negative,SATURATED,8005,1359.982,365.463,,,8,8,8,7,,,,,,,,,false,
starexec,CSR058+3.p,e1a,occurrence,KILLED,,0.000,,,,,,,,,,,,,,,,false,killed before finishing
starexec,CSR058+3.p,e1a,subsumption-light,SATURATED,8005,1224.278,657.206,,,152,230,150,76,,,,,,,,,false,
starexec,CSR058+3.p,e1a,unary-redundancy,SATURATED,8005,2097.564,41385.080,,,15998,62442,15714,13571,,,,,,,,,false,
starexec,CSR058+3.p,e1a,weight-greedy,SATURATED,8005,1822.853,720.111,,,47,67,47,39,,,,,,,,,false,
starexec,CSR066+5.p,e1a,age-fair,PARSE_ERR,,0.000,,,,,,,,,,,,,,,,false,Exception
starexec,CSR066+5.p,e1a,balanced,PARSE_ERR,,0.000,,,,,,,,,,,,,,,,false,Exception
starexec,CSR066+5.p,e1a,equational,PARSE_ERR,,0.000,,,,,,,,,,,,,,,,false,Exception
starexec,CSR066+5.p,e1a,first-negative,PARSE_ERR,,0.000,,,,,,,,,,,,,,,,false,Exception
starexec,CSR066+5.p,e1a,occurrence,PARSE_ERR,,0.000,,,,,,,,,,,,,,,,false,Exception
starexec,CSR066+5.p,e1a,subsumption-light,PARSE_ERR,,0.000,,,,,,,,,,,,,,,,false,Exception
starexec,CSR066+5.p,e1a,unary-redundancy,PARSE_ERR,,0.000,,,,,,,,,,,,,,,,false,Exception
starexec,CSR066+5.p,e1a,weight-greedy,PARSE_ERR,,0.000,,,,,,,,,,,,,,,,false,Exception
starexec,CSR067+3.p,e1a,age-fair,REFUTED,8005,5813.000,8307.553,,,4692,13767,4671,8711,3303,,,,,,,,false,
starexec,CSR067+3.p,e1a,balanced,REFUTED,8005,1082.437,7976.523,,,11314,20399,11250,8007,8007,,,,,,,,false,
starexec,CSR067+3.p,e1a,equational,REFUTED,8005,1132.096,487.379,,,54,85,54,70,70,,,,,,,,false,
starexec,CSR067+3.p,e1a,first-negative,REFUTED,8005,2107.435,577.351,,,11,14,11,10,10,,,,,,,,false,
starexec,CSR067+3.p,e1a,occurrence,REFUTED,8005,3189.292,6501.684,,,4950,9122,4946,2371,2255,,,,,,,,false,
starexec,CSR067+3.p,e1a,subsumption-light,REFUTED,8005,1177.809,447.936,,,19,32,19,27,27,,,,,,,,false,
starexec,CSR067+3.p,e1a,unary-redundancy,REFUTED,8005,2010.707,1034.262,,,335,785,334,387,387,,,,,,,,false,
starexec,CSR067+3.p,e1a,weight-greedy,REFUTED,8005,1169.990,370.478,,,17,25,17,20,20,,,,,,,,false,
starexec,CSR113+13.p,e1a,age-fair,REFUTED,10188,6787.374,18874.795,,,8006,136249,7948,127887,650,,,,,,,,false,
starexec,CSR113+13.p,e1a,balanced,TIMEOUT,10188,1122.949,167746.550,,,46025,254454,45973,208330,,,,,,,,,false,
starexec,CSR113+13.p,e1a,equational,TIMEOUT,10188,1580.325,166674.542,,,32657,4577145,32605,4534112,,,,,,,,,false,
starexec,CSR113+13.p,e1a,first-negative,SATURATED,10188,1261.584,347.904,,,5,5,5,5,,,,,,,,,false,
starexec,CSR113+13.p,e1a,occurrence,REFUTED,10188,4185.921,7774.211,,,5392,25017,5340,19255,535,,,,,,,,false,
starexec,CSR113+13.p,e1a,subsumption-light,TIMEOUT,10188,1398.592,166655.191,,,12351,588455,12187,574077,,,,,,,,,false,
starexec,CSR113+13.p,e1a,unary-redundancy,KILLED,,0.000,,,,,,,,,,,,,,,,false,killed before finishing
starexec,CSR113+13.p,e1a,weight-greedy,KILLED,,0.000,,,,,,,,,,,,,,,,false,killed before finishing
starexec,CSR113+30.p,e1a,age-fair,REFUTED,10188,6048.416,18078.944,,,7956,101814,7698,93320,616,,,,,,,,false,
starexec,CSR113+30.p,e1a,balanced,TIMEOUT,10188,1123.133,167656.224,,,42362,339348,42338,296924,,,,,,,,,false,
starexec,CSR113+30.p,e1a,equational,KILLED,,0.000,,,,,,,,,,,,,,,,false,killed before finishing
starexec,CSR113+30.p,e1a,first-negative,SATURATED,10188,1372.661,381.313,,,12,12,12,11,,,,,,,,,false,
starexec,CSR113+30.p,e1a,occurrence,REFUTED,10188,6026.774,10896.326,,,5237,33149,4774,23452,509,,,,,,,,false,
starexec,CSR113+30.p,e1a,subsumption-light,SATURATED,10188,1901.211,820.691,,,43,43,42,27,,,,,,,,,false,
starexec,CSR113+30.p,e1a,unary-redundancy,KILLED,,0.000,,,,,,,,,,,,,,,,false,killed before finishing
starexec,CSR113+30.p,e1a,weight-greedy,KILLED,,0.000,,,,,,,,,,,,,,,,false,killed before finishing
starexec,CSR113+4.p,e1a,age-fair,REFUTED,10188,6144.692,18967.982,,,8135,113351,7886,104629,631,,,,,,,,false,
starexec,CSR113+4.p,e1a,balanced,TIMEOUT,10188,1252.836,167904.896,,,46694,350707,46670,303957,,,,,,,,,false,
starexec,CSR113+4.p,e1a,equational,KILLED,,0.000,,,,,,,,,,,,,,,,false,killed before finishing
starexec,CSR113+4.p,e1a,first-negative,SATURATED,10188,2152.262,657.618,,,12,12,12,11,,,,,,,,,false,
starexec,CSR113+4.p,e1a,occurrence,REFUTED,10188,6004.895,10550.778,,,5505,30441,4535,20758,522,,,,,,,,false,
starexec,CSR113+4.p,e1a,subsumption-light,SATURATED,10188,1943.750,785.753,,,43,43,42,27,,,,,,,,,false,
starexec,CSR113+4.p,e1a,unary-redundancy,KILLED,,0.000,,,,,,,,,,,,,,,,false,killed before finishing
starexec,CSR113+4.p,e1a,weight-greedy,KILLED,,0.000,,,,,,,,,,,,,,,,false,killed before finishing
starexec,CSR114+8.p,e1a,age-fair,TIMEOUT,10188,2481.555,166378.449,,,47923,5376746,47214,5323239,,,,,,,,,false,
starexec,CSR114+8.p,e1a,balanced,TIMEOUT,10188,1144.217,167181.691,,,48564,365702,48540,317078,,,,,,,,,false,
starexec,CSR114+8.p,e1a,equational,TIMEOUT,10188,1178.202,166346.003,,,42939,8150071,41311,8095551,,,,,,,,,false,
starexec,CSR114+8.p,e1a,first-negative,SATURATED,10188,1048.766,326.735,,,2,2,2,2,,,,,,,,,false,
starexec,CSR114+8.p,e1a,occurrence,REFUTED,10188,2367.609,11891.409,,,13161,81952,12275,47588,428,,,,,,,,false,
starexec,CSR114+8.p,e1a,subsumption-light,SATURATED,10188,1095.901,786.639,,,463,482,463,191,,,,,,,,,false,
starexec,CSR114+8.p,e1a,unary-redundancy,REFUTED,10188,2257.455,1074.681,,,890,1425,852,457,277,,,,,,,,false,
starexec,CSR114+8.p,e1a,weight-greedy,SATURATED,10188,965.498,290.909,,,2,2,2,2,,,,,,,,,false,
starexec,CSR115+8.p,e1a,age-fair,KILLED,,0.000,,,,,,,,,,,,,,,,false,killed before finishing
starexec,CSR115+8.p,e1a,balanced,TIMEOUT,10188,1254.271,167867.884,,,41743,252517,41736,210759,,,,,,,,,false,
starexec,CSR115+8.p,e1a,equational,REFUTED,10188,2352.023,2674.143,,,1146,1619,1131,443,440,,,,,,,,false,
starexec,CSR115+8.p,e1a,first-negative,SATURATED,10188,2264.628,717.636,,,19,19,19,15,,,,,,,,,false,
starexec,CSR115+8.p,e1a,occurrence,REFUTED,10188,7559.646,4514.179,,,2225,4172,2213,1808,583,,,,,,,,false,
starexec,CSR115+8.p,e1a,subsumption-light,REFUTED,10188,2257.439,2878.745,,,1123,1537,1120,375,365,,,,,,,,false,
starexec,CSR115+8.p,e1a,unary-redundancy,REFUTED,10188,7272.667,2982.185,,,1086,1396,1083,435,435,,,,,,,,false,
starexec,CSR115+8.p,e1a,weight-greedy,KILLED,,0.000,,,,,,,,,,,,,,,,false,killed before finishing
starexec,CSR116+10.p,e1a,age-fair,KILLED,,0.000,,,,,,,,,,,,,,,,false,killed before finishing
starexec,CSR116+10.p,e1a,balanced,TIMEOUT,10188,1105.133,167518.651,,,59049,465756,59030,406696,,,,,,,,,false,
starexec,CSR116+10.p,e1a,equational,REFUTED,10188,2210.810,2375.292,,,1671,2515,1629,823,607,,,,,,,,false,
starexec,CSR116+10.p,e1a,first-negative,SATURATED,10188,2157.217,489.026,,,14,14,14,13,,,,,,,,,false,
starexec,CSR116+10.p,e1a,occurrence,REFUTED,10188,9096.570,3532.701,,,1726,2444,1670,761,721,,,,,,,,false,
starexec,CSR116+10.p,e1a,subsumption-light,REFUTED,10188,2131.437,4751.554,,,2234,4181,2142,1677,526,,,,,,,,false,
starexec,CSR116+10.p,e1a,unary-redundancy,REFUTED,10188,8868.415,3842.947,,,1454,1934,1428,568,562,,,,,,,,false,
starexec,CSR116+10.p,e1a,weight-greedy,TIMEOUT,10188,1174.939,166346.488,,,287,2379,201,973,,,,,,,,,false,
starexec,CSR116+13.p,e1a,age-fair,KILLED,,0.000,,,,,,,,,,,,,,,,false,killed before finishing
starexec,CSR116+13.p,e1a,balanced,REFUTED,10188,758.493,12914.486,,,13633,107237,13504,93595,10594,,,,,,,,false,
starexec,CSR116+13.p,e1a,equational,REFUTED,10188,1515.388,1787.744,,,1226,1878,1171,638,463,,,,,,,,false,
starexec,CSR116+13.p,e1a,first-negative,SATURATED,10188,2189.746,602.022,,,14,14,14,13,,,,,,,,,false,
starexec,CSR116+13.p,e1a,occurrence,REFUTED,10188,4090.617,2552.132,,,1868,2966,1826,1044,573,,,,,,,,false,
starexec,CSR116+13.p,e1a,subsumption-light,REFUTED,10188,1409.742,2416.031,,,1307,2123,1292,752,366,,,,,,,,false,
starexec,CSR116+13.p,e1a,unary-redundancy,REFUTED,10188,4286.179,2694.841,,,1398,2262,1371,825,396,,,,,,,,false,
starexec,CSR116+13.p,e1a,weight-greedy,TIMEOUT,10188,1138.294,166523.515,,,287,2379,201,973,,,,,,,,,false,
starexec,CSR116+19.p,e1a,age-fair,KILLED,,0.000,,,,,,,,,,,,,,,,false,killed before finishing
starexec,CSR116+19.p,e1a,balanced,REFUTED,10188,1091.510,27063.401,,,17848,144756,16345,126880,10671,,,,,,,,false,
starexec,CSR116+19.p,e1a,equational,REFUTED,10188,2281.161,3336.137,,,1687,2432,1619,709,549,,,,,,,,false,
starexec,CSR116+19.p,e1a,first-negative,SATURATED,10188,2117.008,703.773,,,14,14,14,13,,,,,,,,,false,
starexec,CSR116+19.p,e1a,occurrence,REFUTED,10188,8123.711,2958.058,,,1421,2042,1398,770,632,,,,,,,,false,
starexec,CSR116+19.p,e1a,subsumption-light,REFUTED,10188,2153.854,4328.636,,,1565,3111,1550,1459,441,,,,,,,,false,
starexec,CSR116+19.p,e1a,unary-redundancy,REFUTED,10188,8163.077,4407.686,,,1674,2925,1651,1169,462,,,,,,,,false,
starexec,CSR116+19.p,e1a,weight-greedy,KILLED,,0.000,,,,,,,,,,,,,,,,false,killed before finishing
starexec,CSR116+3.p,e1a,age-fair,KILLED,,0.000,,,,,,,,,,,,,,,,false,killed before finishing
starexec,CSR116+3.p,e1a,balanced,TIMEOUT,10188,1224.305,167876.299,,,51368,289658,51229,238194,,,,,,,,,false,
starexec,CSR116+3.p,e1a,equational,REFUTED,10188,2473.799,4261.128,,,2021,3286,1988,1200,553,,,,,,,,false,
starexec,CSR116+3.p,e1a,first-negative,SATURATED,10188,2236.659,720.644,,,17,17,17,17,,,,,,,,,false,
starexec,CSR116+3.p,e1a,occurrence,REFUTED,10188,9396.818,3820.190,,,1988,3115,1962,967,630,,,,,,,,false,
starexec,CSR116+3.p,e1a,subsumption-light,REFUTED,10188,2338.519,5603.871,,,1784,3740,1772,1869,480,,,,,,,,false,
starexec,CSR116+3.p,e1a,unary-redundancy,REFUTED,10188,9431.702,3424.347,,,1380,1771,1370,492,492,,,,,,,,false,
starexec,CSR116+3.p,e1a,weight-greedy,KILLED,,0.000,,,,,,,,,,,,,,,,false,killed before finishing
starexec,CSR116+38.p,e1a,age-fair,KILLED,,0.000,,,,,,,,,,,,,,,,false,killed before finishing
starexec,CSR116+38.p,e1a,balanced,TIMEOUT,10188,1114.937,167691.188,,,46536,369817,46533,323258,,,,,,,,,false,
starexec,CSR116+38.p,e1a,equational,REFUTED,10188,2217.281,3392.873,,,1772,3057,1754,1227,525,,,,,,,,false,
starexec,CSR116+38.p,e1a,first-negative,SATURATED,10188,2131.980,614.492,,,16,16,16,16,,,,,,,,,false,
starexec,CSR116+38.p,e1a,occurrence,REFUTED,10188,8060.563,3629.038,,,1930,3461,1861,1303,595,,,,,,,,false,
starexec,CSR116+38.p,e1a,subsumption-light,REFUTED,10188,2153.220,3843.007,,,1537,2973,1531,1345,433,,,,,,,,false,
starexec,CSR116+38.p,e1a,unary-redundancy,REFUTED,10188,7582.176,3184.078,,,1296,1763,1288,450,446,,,,,,,,false,
starexec,CSR116+38.p,e1a,weight-greedy,KILLED,,0.000,,,,,,,,,,,,,,,,false,killed before finishing
starexec,CSR116+8.p,e1a,age-fair,KILLED,,0.000,,,,,,,,,,,,,,,,false,killed before finishing
starexec,CSR116+8.p,e1a,balanced,TIMEOUT,10188,1136.255,167679.440,,,49240,297173,49218,247917,,,,,,,,,false,
starexec,CSR116+8.p,e1a,equational,REFUTED,10188,2332.410,3147.701,,,1658,2443,1633,763,623,,,,,,,,false,
starexec,CSR116+8.p,e1a,first-negative,SATURATED,10188,2282.308,837.049,,,14,14,14,13,,,,,,,,,false,
starexec,CSR116+8.p,e1a,occurrence,REFUTED,10188,11936.207,3197.084,,,1701,2436,1679,799,694,,,,,,,,false,
starexec,CSR116+8.p,e1a,subsumption-light,REFUTED,10188,2206.886,44011.067,,,7946,255884,7868,245110,545,,,,,,,,false,
starexec,CSR116+8.p,e1a,unary-redundancy,REFUTED,10188,11785.085,3478.180,,,1460,2020,1448,569,554,,,,,,,,false,
starexec,CSR116+8.p,e1a,weight-greedy,KILLED,,0.000,,,,,,,,,,,,,,,,false,killed before finishing
starexec,CSR117+1.p,e1a,age-fair,REFUTED,268,1156.740,4723.880,,,1027,1364,991,624,270,,,,,,,,false,
starexec,CSR117+1.p,e1a,balanced,REFUTED,268,311.380,1741.997,,,856,1354,843,624,270,,,,,,,,false,
starexec,CSR117+1.p,e1a,equational,REFUTED,268,657.083,3217.679,,,856,1354,843,624,270,,,,,,,,false,
starexec,CSR117+1.p,e1a,first-negative,REFUTED,268,1301.115,6376.067,,,1875,2182,1824,807,270,,,,,,,,false,
starexec,CSR117+1.p,e1a,occurrence,REFUTED,268,1123.060,3694.712,,,941,1362,924,481,270,,,,,,,,false,
starexec,CSR117+1.p,e1a,subsumption-light,REFUTED,268,634.015,4955.766,,,856,1354,843,624,270,,,,,,,,false,
starexec,CSR117+1.p,e1a,unary-redundancy,REFUTED,268,1200.507,5828.470,,,956,1363,924,624,270,,,,,,,,false,
starexec,CSR117+1.p,e1a,weight-greedy,REFUTED,268,684.234,2982.737,,,803,921,796,270,270,,,,,,,,false,
starexec,CSR208+1.p,e1a,age-fair,KILLED,,0.000,,,,,,,,,,,,,,,,false,killed before finishing
starexec,CSR208+1.p,e1a,balanced,KILLED,,0.000,,,,,,,,,,,,,,,,false,killed before finishing
starexec,CSR208+1.p,e1a,equational,KILLED,,0.000,,,,,,,,,,,,,,,,false,killed before finishing
starexec,CSR208+1.p,e1a,first-negative,SATURATED,7432,2583.881,624.315,,,24,24,24,24,,,,,,,,,false,
starexec,CSR208+1.p,e1a,occurrence,KILLED,,0.000,,,,,,,,,,,,,,,,false,killed before finishing
starexec,CSR208+1.p,e1a,subsumption-light,KILLED,,0.000,,,,,,,,,,,,,,,,false,killed before finishing
starexec,CSR208+1.p,e1a,unary-redundancy,KILLED,,0.000,,,,,,,,,,,,,,,,false,killed before finishing
starexec,CSR208+1.p,e1a,weight-greedy,KILLED,,0.000,,,,,,,,,,,,,,,,false,killed before finishing
starexec,GEO085+1.p,e1a,age-fair,REFUTED,16,877.559,4921.299,,,595,31219,587,30534,50,,,,,,,,false,
starexec,GEO085+1.p,e1a,balanced,REFUTED,16,249.371,512.620,,,70,129,66,51,56,,,,,,,,false,
starexec,GEO085+1.p,e1a,equational,REFUTED,16,532.877,882.994,,,69,128,65,52,56,,,,,,,,false,
starexec,GEO085+1.p,e1a,first-negative,REFUTED,16,975.108,1088.275,,,120,368,110,210,50,,,,,,,,false,
starexec,GEO085+1.p,e1a,occurrence,REFUTED,16,852.321,978.889,,,86,215,82,63,50,,,,,,,,false,
starexec,GEO085+1.p,e1a,subsumption-light,REFUTED,16,551.265,1106.980,,,70,129,66,51,56,,,,,,,,false,
starexec,GEO085+1.p,e1a,unary-redundancy,REFUTED,16,898.710,1050.912,,,65,134,61,60,50,,,,,,,,false,
starexec,GEO085+1.p,e1a,weight-greedy,REFUTED,16,568.780,759.219,,,39,84,37,51,56,,,,,,,,false,
starexec,GEO087+1.p,e1a,age-fair,REFUTED,16,912.662,2594.366,,,310,7726,303,7388,50,,,,,,,,false,
starexec,GEO087+1.p,e1a,balanced,REFUTED,16,261.962,653.773,,,109,478,99,318,56,,,,,,,,false,
starexec,GEO087+1.p,e1a,equational,REFUTED,16,558.295,1179.843,,,109,478,99,318,56,,,,,,,,false,
starexec,GEO087+1.p,e1a,first-negative,REFUTED,16,952.829,1928.313,,,327,2701,277,2264,50,,,,,,,,false,
starexec,GEO087+1.p,e1a,occurrence,REFUTED,16,841.277,777.857,,,75,154,68,70,50,,,,,,,,false,
starexec,GEO087+1.p,e1a,subsumption-light,REFUTED,16,582.409,1075.050,,,72,149,69,70,56,,,,,,,,false,
starexec,GEO087+1.p,e1a,unary-redundancy,REFUTED,16,894.751,942.038,,,68,148,65,74,50,,,,,,,,false,
starexec,GEO087+1.p,e1a,weight-greedy,REFUTED,16,577.976,1103.027,,,122,323,111,128,56,,,,,,,,false,
starexec,GEO089+1.p,e1a,age-fair,TIMEOUT,16,962.958,166635.821,,,10256,5465634,9836,5451917,,,,,,,,,false,
starexec,GEO089+1.p,e1a,balanced,TIMEOUT,16,316.486,166328.177,,,15147,9034862,13910,8970415,,,,,,,,,false,
starexec,GEO089+1.p,e1a,equational,TIMEOUT,16,594.457,166638.305,,,11088,5639631,10581,5608937,,,,,,,,,false,
starexec,GEO089+1.p,e1a,first-negative,TIMEOUT,16,1044.989,166609.092,,,31742,2515438,31359,2470402,,,,,,,,,false,
starexec,GEO089+1.p,e1a,occurrence,TIMEOUT,16,963.664,167378.894,,,11847,6484553,10913,6439691,,,,,,,,,false,
starexec,GEO089+1.p,e1a,subsumption-light,TIMEOUT,16,583.668,166793.603,,,6460,2412599,6296,2392585,,,,,,,,,false,
starexec,GEO089+1.p,e1a,unary-redundancy,TIMEOUT,16,978.557,166668.528,,,5403,2179264,4989,2168152,,,,,,,,,false,
starexec,GEO089+1.p,e1a,weight-greedy,TIMEOUT,16,564.472,166609.640,,,15381,6671944,10211,6090678,,,,,,,,,false,
starexec,GEO093+1.p,e1a,age-fair,TIMEOUT,16,934.196,166618.279,,,10739,5526672,10533,5511625,,,,,,,,,false,
starexec,GEO093+1.p,e1a,balanced,REFUTED,16,274.658,5467.661,,,1533,129703,1456,126765,59,,,,,,,,false,
starexec,GEO093+1.p,e1a,equational,REFUTED,16,560.931,9983.555,,,1543,128936,1472,125967,59,,,,,,,,false,
starexec,GEO093+1.p,e1a,first-negative,TIMEOUT,16,1027.353,166526.447,,,24926,5191199,24234,5149295,,,,,,,,,false,
starexec,GEO093+1.p,e1a,occurrence,REFUTED,16,934.620,5219.813,,,1081,30157,907,28055,53,,,,,,,,false,
starexec,GEO093+1.p,e1a,subsumption-light,REFUTED,16,620.360,13830.541,,,1393,103776,1351,101342,59,,,,,,,,false,
starexec,GEO093+1.p,e1a,unary-redundancy,REFUTED,16,957.423,14504.568,,,1499,95468,1430,93264,53,,,,,,,,false,
starexec,GEO093+1.p,e1a,weight-greedy,REFUTED,16,550.833,4339.355,,,1265,13058,737,9371,59,,,,,,,,false,
starexec,GEO095+1.p,e1a,age-fair,TIMEOUT,16,924.229,166514.521,,,11214,5449049,10989,5432459,,,,,,,,,false,
starexec,GEO095+1.p,e1a,equational,TIMEOUT,16,597.337,166586.591,,,11067,6081887,10111,6044323,,,,,,,,,false,
starexec,GEO095+1.p,e1a,first-negative,TIMEOUT,16,1057.866,166545.716,,,27300,5129350,25449,5076302,,,,,,,,,false,
starexec,GEO095+1.p,e1a,occurrence,TIMEOUT,16,931.735,166526.058,,,18334,6467178,15285,6394981,,,,,,,,,false,
starexec,GEO095+1.p,e1a,subsumption-light,TIMEOUT,16,595.789,166721.085,,,5515,1927860,5225,1910054,,,,,,,,,false,
starexec,GEO095+1.p,e1a,unary-redundancy,TIMEOUT,16,931.490,166658.402,,,6772,1761451,6473,1746731,,,,,,,,,false,
starexec,GEO095+1.p,e1a,weight-greedy,TIMEOUT,16,583.545,166560.243,,,27398,5200055,17307,5043953,,,,,,,,,false,
starexec,GEO111+1.p,e1a,age-fair,REFUTED,17,891.043,14441.621,,,1545,295985,1523,294049,57,,,,,,,,false,
starexec,GEO111+1.p,e1a,balanced,REFUTED,17,265.091,3702.294,,,888,61415,868,59970,64,,,,,,,,false,
starexec,GEO111+1.p,e1a,equational,REFUTED,17,566.351,6900.717,,,875,59731,854,58289,64,,,,,,,,false,
starexec,GEO111+1.p,e1a,first-negative,REFUTED,17,1017.521,12627.409,,,3616,135157,3506,130115,57,,,,,,,,false,
starexec,GEO111+1.p,e1a,occurrence,REFUTED,17,929.030,21727.706,,,4755,547666,4668,530992,57,,,,,,,,false,
starexec,GEO111+1.p,e1a,subsumption-light,REFUTED,17,623.540,9196.333,,,860,41141,843,39735,64,,,,,,,,false,
starexec,GEO111+1.p,e1a,unary-redundancy,REFUTED,17,958.157,7589.814,,,965,33124,921,31668,57,,,,,,,,false,
starexec,GEO111+1.p,e1a,weight-greedy,REFUTED,17,605.045,2201.292,,,463,2616,364,1080,64,,,,,,,,false,
starexec,GEO117+1.p,e1a,age-fair,REFUTED,27,1108.269,3431.678,,,386,9431,385,9025,98,,,,,,,,false,
starexec,GEO117+1.p,e1a,balanced,REFUTED,27,325.938,1644.899,,,539,7036,439,6240,113,,,,,,,,false,
starexec,GEO117+1.p,e1a,equational,REFUTED,27,698.170,2770.844,,,491,5540,428,4800,113,,,,,,,,false,
starexec,GEO117+1.p,e1a,first-negative,REFUTED,27,1165.880,1665.580,,,235,1069,234,787,98,,,,,,,,false,
starexec,GEO117+1.p,e1a,occurrence,REFUTED,27,1056.043,1944.623,,,349,2038,342,1558,98,,,,,,,,false,
starexec,GEO117+1.p,e1a,subsumption-light,REFUTED,27,686.509,11653.466,,,1414,75253,1296,72511,113,,,,,,,,false,
starexec,GEO117+1.p,e1a,unary-redundancy,REFUTED,27,1171.773,2230.452,,,285,1496,283,1152,98,,,,,,,,false,
starexec,GEO117+1.p,e1a,weight-greedy,TIMEOUT,27,737.194,166746.953,,,25761,2397938,21048,2030625,,,,,,,,,false,
starexec,GEO138+1.p,e1a,age-fair,TIMEOUT,27,1162.707,166764.593,,,10337,5750605,9928,5737394,,,,,,,,,false,
starexec,GEO138+1.p,e1a,balanced,TIMEOUT,27,349.159,166471.673,,,16012,10915963,15490,10875387,,,,,,,,,false,
starexec,GEO138+1.p,e1a,equational,TIMEOUT,27,774.349,166692.823,,,12323,7081241,11832,7051981,,,,,,,,,false,
starexec,GEO138+1.p,e1a,first-negative,TIMEOUT,27,1310.461,166750.517,,,21842,8205659,20933,8173345,,,,,,,,,false,
starexec,GEO138+1.p,e1a,occurrence,TIMEOUT,27,1179.355,166736.097,,,15957,8028158,14668,7964392,,,,,,,,,false,
starexec,GEO138+1.p,e1a,subsumption-light,TIMEOUT,27,747.931,166940.446,,,9423,3062258,8982,3025146,,,,,,,,,false,
starexec,GEO138+1.p,e1a,unary-redundancy,TIMEOUT,27,1154.755,166804.607,,,8401,2548915,7565,2523803,,,,,,,,,false,
starexec,GEO138+1.p,e1a,weight-greedy,TIMEOUT,27,707.404,166740.015,,,21481,6547444,17991,6194214,,,,,,,,,false,
starexec,GEO260+1.p,e1a,age-fair,REFUTED,31,937.834,165135.022,,,9317,5335849,8083,5320377,65,,,,,,,,false,
starexec,GEO260+1.p,e1a,balanced,REFUTED,31,252.964,27901.642,,,5042,1761522,3325,1750448,70,,,,,,,,false,
starexec,GEO260+1.p,e1a,equational,REFUTED,31,569.786,40201.738,,,4612,1392447,2763,1382745,70,,,,,,,,false,
starexec,GEO260+1.p,e1a,first-negative,TIMEOUT,31,1060.916,166676.113,,,29318,5651793,18049,5538001,,,,,,,,,false,
starexec,GEO260+1.p,e1a,occurrence,REFUTED,31,931.441,40894.799,,,5314,1459600,4494,1438276,65,,,,,,,,false,
starexec,GEO260+1.p,e1a,subsumption-light,TIMEOUT,31,585.030,166683.129,,,2982,872834,2781,865440,,,,,,,,,false,
starexec,GEO260+1.p,e1a,unary-redundancy,TIMEOUT,31,926.337,166693.562,,,3347,759192,2550,752208,,,,,,,,,false,
starexec,GEO260+1.p,e1a,weight-greedy,TIMEOUT,31,537.882,166687.346,,,2955,6810,2936,1691,,,,,,,,,false,
starexec,GEO274+1.p,e1a,age-fair,TIMEOUT,116,3207.611,167214.481,,,25683,1668187,25528,1640646,,,,,,,,,false,
starexec,GEO274+1.p,e1a,balanced,TIMEOUT,116,933.196,166734.114,,,30377,1905252,30296,1867998,,,,,,,,,false,
starexec,GEO274+1.p,e1a,equational,TIMEOUT,116,1975.136,167292.994,,,30664,1822370,30014,1788140,,,,,,,,,false,
starexec,GEO274+1.p,e1a,first-negative,KILLED,,0.000,,,,,,,,,,,,,,,,false,killed before finishing
starexec,GEO274+1.p,e1a,occurrence,TIMEOUT,116,3507.105,167164.094,,,23890,150370,23867,118834,,,,,,,,,false,
starexec,GEO274+1.p,e1a,subsumption-light,TIMEOUT,116,1845.901,168561.997,,,13980,260445,13908,246425,,,,,,,,,false,
starexec,GEO274+1.p,e1a,unary-redundancy,KILLED,,0.000,,,,,,,,,,,,,,,,false,killed before finishing
starexec,GEO274+1.p,e1a,weight-greedy,TIMEOUT,116,1799.005,167261.418,,,10172,4908435,7919,4718821,,,,,,,,,false,
starexec,GEO277+1.p,e1a,age-fair,TIMEOUT,126,1769.960,166633.159,,,30321,3189691,29816,3157119,,,,,,,,,false,
starexec,GEO277+1.p,e1a,balanced,TIMEOUT,126,948.875,166691.283,,,21832,1281790,21784,1253062,,,,,,,,,false,
starexec,GEO277+1.p,e1a,equational,TIMEOUT,126,1012.646,166657.097,,,21586,128802,21576,106585,,,,,,,,,false,
starexec,GEO277+1.p,e1a,first-negative,TIMEOUT,126,1954.815,166665.192,,,21262,5424487,21123,5402978,,,,,,,,,false,
starexec,GEO277+1.p,e1a,occurrence,TIMEOUT,126,1707.283,166660.372,,,19697,5140260,19331,5119924,,,,,,,,,false,
starexec,GEO277+1.p,e1a,subsumption-light,TIMEOUT,126,1082.459,167447.515,,,17952,171193,17693,148480,,,,,,,,,false,
starexec,GEO277+1.p,e1a,unary-redundancy,TIMEOUT,126,1922.745,167345.919,,,21165,569394,18403,545230,,,,,,,,,false,
starexec,GEO277+1.p,e1a,weight-greedy,TIMEOUT,126,1051.420,166695.692,,,23851,6471119,19278,6219024,,,,,,,,,false,
starexec,GEO282+1.p,e1a,age-fair,REFUTED,123,3296.469,31572.079,,,9034,298748,8931,289118,282,,,,,,,,false,
starexec,GEO282+1.p,e1a,balanced,REFUTED,123,992.896,2629.529,,,1162,2908,1140,1676,284,,,,,,,,false,
starexec,GEO282+1.p,e1a,equational,REFUTED,123,1789.174,4376.835,,,1103,2908,1085,1758,284,,,,,,,,false,
starexec,GEO282+1.p,e1a,first-negative,KILLED,,0.000,,,,,,,,,,,,,,,,false,killed before finishing
starexec,GEO282+1.p,e1a,occurrence,REFUTED,123,3343.241,20525.504,,,5274,17678,5199,11972,282,,,,,,,,false,
starexec,GEO282+1.p,e1a,subsumption-light,REFUTED,123,1799.855,11263.139,,,1231,2852,1219,1544,284,,,,,,,,false,
starexec,GEO282+1.p,e1a,unary-redundancy,REFUTED,123,3317.240,11324.482,,,1195,2748,1182,1488,282,,,,,,,,false,
starexec,GEO282+1.p,e1a,weight-greedy,REFUTED,123,1790.262,2474.296,,,445,788,412,284,284,,,,,,,,false,
starexec,GEO285+1.p,e1a,age-fair,REFUTED,132,3273.208,17759.542,,,5441,162566,5353,156814,296,,,,,,,,false,
starexec,GEO285+1.p,e1a,balanced,REFUTED,132,923.735,4483.206,,,2216,15733,1984,13245,298,,,,,,,,false,
starexec,GEO285+1.p,e1a,equational,REFUTED,132,1810.141,6912.081,,,2216,11138,2082,8684,298,,,,,,,,false,
starexec,GEO285+1.p,e1a,first-negative,KILLED,,0.000,,,,,,,,,,,,,,,,false,killed before finishing
starexec,GEO285+1.p,e1a,occurrence,TIMEOUT,132,3170.762,167174.271,,,23216,108875,21860,84514,,,,,,,,,false,
starexec,GEO285+1.p,e1a,subsumption-light,REFUTED,132,1871.901,17807.458,,,2188,14823,2065,12427,298,,,,,,,,false,
starexec,GEO285+1.p,e1a,unary-redundancy,REFUTED,132,3257.235,22485.655,,,3160,16762,2954,13113,296,,,,,,,,false,
starexec,GEO285+1.p,e1a,weight-greedy,REFUTED,132,1825.632,4070.092,,,737,4772,703,2513,298,,,,,,,,false,
starexec,GEO298+1.p,e1a,age-fair,KILLED,,0.000,,,,,,,,,,,,,,,,false,killed before finishing
starexec,GEO298+1.p,e1a,balanced,TIMEOUT,157,953.736,166725.238,,,25928,1222495,25481,1187438,,,,,,,,,false,
starexec,GEO298+1.p,e1a,equational,TIMEOUT,157,1862.862,167355.090,,,20388,726979,20226,699160,,,,,,,,,false,
starexec,GEO298+1.p,e1a,first-negative,KILLED,,0.000,,,,,,,,,,,,,,,,false,killed before finishing
starexec,GEO298+1.p,e1a,occurrence,KILLED,,0.000,,,,,,,,,,,,,,,,false,killed before finishing
starexec,GEO298+1.p,e1a,subsumption-light,KILLED,,0.000,,,,,,,,,,,,,,,,false,killed before finishing
starexec,GEO298+1.p,e1a,unary-redundancy,KILLED,,0.000,,,,,,,,,,,,,,,,false,killed before finishing
starexec,GEO298+1.p,e1a,weight-greedy,TIMEOUT,157,1933.628,167265.042,,,14635,5453754,10504,5233505,,,,,,,,,false,
starexec,GEO306+1.p,e1a,age-fair,KILLED,,0.000,,,,,,,,,,,,,,,,false,killed before finishing
starexec,GEO306+1.p,e1a,balanced,TIMEOUT,126,971.467,166690.981,,,27035,814772,26439,774448,,,,,,,,,false,
starexec,GEO306+1.p,e1a,equational,TIMEOUT,126,1948.991,167456.181,,,19924,405055,19802,379286,,,,,,,,,false,
starexec,GEO306+1.p,e1a,first-negative,KILLED,,0.000,,,,,,,,,,,,,,,,false,killed before finishing
starexec,GEO306+1.p,e1a,occurrence,KILLED,,0.000,,,,,,,,,,,,,,,,false,killed before finishing
starexec,GEO306+1.p,e1a,subsumption-light,KILLED,,0.000,,,,,,,,,,,,,,,,false,killed before finishing
starexec,GEO306+1.p,e1a,unary-redundancy,KILLED,,0.000,,,,,,,,,,,,,,,,false,killed before finishing
starexec,GEO306+1.p,e1a,weight-greedy,TIMEOUT,126,1796.267,167318.184,,,26764,253441,23714,202475,,,,,,,,,false,
starexec,GEO307+1.p,e1a,age-fair,KILLED,,0.000,,,,,,,,,,,,,,,,false,killed before finishing
starexec,GEO307+1.p,e1a,balanced,TIMEOUT,145,983.262,166693.505,,,30184,1213109,30052,1172492,,,,,,,,,false,
starexec,GEO307+1.p,e1a,equational,TIMEOUT,145,1922.935,167309.238,,,24335,717345,24197,685661,,,,,,,,,false,
starexec,GEO307+1.p,e1a,first-negative,KILLED,,0.000,,,,,,,,,,,,,,,,false,killed before finishing
starexec,GEO307+1.p,e1a,occurrence,KILLED,,0.000,,,,,,,,,,,,,,,,false,killed before finishing
starexec,GEO307+1.p,e1a,subsumption-light,KILLED,,0.000,,,,,,,,,,,,,,,,false,killed before finishing
starexec,GEO307+1.p,e1a,unary-redundancy,KILLED,,0.000,,,,,,,,,,,,,,,,false,killed before finishing
starexec,GEO307+1.p,e1a,weight-greedy,TIMEOUT,145,1966.177,167409.056,,,13704,7129928,10987,6942106,,,,,,,,,false,
starexec,GEO308+1.p,e1a,age-fair,KILLED,,0.000,,,,,,,,,,,,,,,,false,killed before finishing
starexec,GEO308+1.p,e1a,balanced,TIMEOUT,146,982.724,166757.605,,,26448,649366,26032,615333,,,,,,,,,false,
starexec,GEO308+1.p,e1a,equational,TIMEOUT,146,2031.576,167334.576,,,21132,471865,20800,444652,,,,,,,,,false,
starexec,GEO308+1.p,e1a,first-negative,KILLED,,0.000,,,,,,,,,,,,,,,,false,killed before finishing
starexec,GEO308+1.p,e1a,occurrence,KILLED,,0.000,,,,,,,,,,,,,,,,false,killed before finishing
starexec,GEO308+1.p,e1a,subsumption-light,KILLED,,0.000,,,,,,,,,,,,,,,,false,killed before finishing
starexec,GEO308+1.p,e1a,unary-redundancy,KILLED,,0.000,,,,,,,,,,,,,,,,false,killed before finishing
starexec,GEO308+1.p,e1a,weight-greedy,TIMEOUT,146,2112.435,167374.734,,,11355,4883151,9356,4724205,,,,,,,,,false,
starexec,GEO310+1.p,e1a,age-fair,KILLED,,0.000,,,,,,,,,,,,,,,,false,killed before finishing
starexec,GEO310+1.p,e1a,balanced,TIMEOUT,148,946.300,166665.475,,,26153,1142871,25326,1105738,,,,,,,,,false,
starexec,GEO310+1.p,e1a,equational,TIMEOUT,148,1954.088,167268.827,,,21145,550956,20841,523414,,,,,,,,,false,
starexec,GEO310+1.p,e1a,first-negative,KILLED,,0.000,,,,,,,,,,,,,,,,false,killed before finishing
starexec,GEO310+1.p,e1a,occurrence,KILLED,,0.000,,,,,,,,,,,,,,,,false,killed before finishing
starexec,GEO310+1.p,e1a,subsumption-light,KILLED,,0.000,,,,,,,,,,,,,,,,false,killed before finishing
starexec,GEO310+1.p,e1a,unary-redundancy,KILLED,,0.000,,,,,,,,,,,,,,,,false,killed before finishing
starexec,GEO310+1.p,e1a,weight-greedy,TIMEOUT,148,1841.526,167187.159,,,11971,5518739,10301,5356036,,,,,,,,,false,
starexec,GEO321+1.p,e1a,age-fair,KILLED,,0.000,,,,,,,,,,,,,,,,false,killed before finishing
starexec,GEO321+1.p,e1a,balanced,TIMEOUT,177,1058.960,166766.535,,,27543,1104445,26634,1065883,,,,,,,,,false,
starexec,GEO321+1.p,e1a,equational,TIMEOUT,177,2030.952,167463.005,,,21654,511359,21320,482873,,,,,,,,,false,
starexec,GEO321+1.p,e1a,first-negative,KILLED,,0.000,,,,,,,,,,,,,,,,false,killed before finishing
starexec,GEO321+1.p,e1a,occurrence,KILLED,,0.000,,,,,,,,,,,,,,,,false,killed before finishing
starexec,GEO321+1.p,e1a,subsumption-light,KILLED,,0.000,,,,,,,,,,,,,,,,false,killed before finishing
starexec,GEO321+1.p,e1a,unary-redundancy,KILLED,,0.000,,,,,,,,,,,,,,,,false,killed before finishing
starexec,GEO321+1.p,e1a,weight-greedy,TIMEOUT,177,1925.238,167585.474,,,10884,4825402,8957,4675239,,,,,,,,,false,
starexec,GEO323+1.p,e1a,age-fair,KILLED,,0.000,,,,,,,,,,,,,,,,false,killed before finishing
starexec,GEO323+1.p,e1a,balanced,TIMEOUT,179,918.920,166656.278,,,25420,1040777,25199,1005971,,,,,,,,,false,
starexec,GEO323+1.p,e1a,equational,TIMEOUT,179,1876.252,167304.059,,,20207,872622,19939,844888,,,,,,,,,false,
starexec,GEO323+1.p,e1a,first-negative,KILLED,,0.000,,,,,,,,,,,,,,,,false,killed before finishing
starexec,GEO323+1.p,e1a,occurrence,KILLED,,0.000,,,,,,,,,,,,,,,,false,killed before finishing
starexec,GEO323+1.p,e1a,subsumption-light,KILLED,,0.000,,,,,,,,,,,,,,,,false,killed before finishing
starexec,GEO323+1.p,e1a,unary-redundancy,KILLED,,0.000,,,,,,,,,,,,,,,,false,killed before finishing
starexec,GEO323+1.p,e1a,weight-greedy,TIMEOUT,179,1899.907,167381.264,,,11364,5189506,9897,5046721,,,,,,,,,false,
starexec,GEO328+1.p,e1a,age-fair,KILLED,,0.000,,,,,,,,,,,,,,,,false,killed before finishing
starexec,GEO328+1.p,e1a,balanced,TIMEOUT,185,946.274,166709.529,,,37333,452934,36573,403785,,,,,,,,,false,
starexec,GEO328+1.p,e1a,equational,TIMEOUT,185,1793.513,167246.442,,,29052,347528,28460,316615,,,,,,,,,false,
starexec,GEO328+1.p,e1a,first-negative,KILLED,,0.000,,,,,,,,,,,,,,,,false,killed before finishing
starexec,GEO328+1.p,e1a,occurrence,KILLED,,0.000,,,,,,,,,,,,,,,,false,killed before finishing
starexec,GEO328+1.p,e1a,subsumption-light,KILLED,,0.000,,,,,,,,,,,,,,,,false,killed before finishing
starexec,GEO328+1.p,e1a,unary-redundancy,KILLED,,0.000,,,,,,,,,,,,,,,,false,killed before finishing
starexec,GEO328+1.p,e1a,weight-greedy,TIMEOUT,185,2002.224,167393.621,,,13497,5490656,11519,5325685,,,,,,,,,false,
starexec,GEO330+1.p,e1a,age-fair,TIMEOUT,187,3587.294,167235.049,,,24408,768816,23405,736200,,,,,,,,,false,
starexec,GEO330+1.p,e1a,balanced,TIMEOUT,187,936.641,166663.303,,,27516,779037,26937,742898,,,,,,,,,false,
starexec,GEO330+1.p,e1a,equational,TIMEOUT,187,1779.494,167289.017,,,23151,433891,22617,403737,,,,,,,,,false,
starexec,GEO330+1.p,e1a,first-negative,KILLED,,0.000,,,,,,,,,,,,,,,,false,killed before finishing
starexec,GEO330+1.p,e1a,occurrence,TIMEOUT,187,3444.287,167245.806,,,20718,178971,20315,147209,,,,,,,,,false,
starexec,GEO330+1.p,e1a,subsumption-light,TIMEOUT,187,1894.950,168643.341,,,12245,235725,11860,219217,,,,,,,,,false,
starexec,GEO330+1.p,e1a,unary-redundancy,KILLED,,0.000,,,,,,,,,,,,,,,,false,killed before finishing
starexec,GEO330+1.p,e1a,weight-greedy,TIMEOUT,187,2000.012,167272.796,,,15095,5294278,12869,5116957,,,,,,,,,false,
starexec,GEO331+1.p,e1a,age-fair,REFUTED,125,3679.030,91462.240,,,21149,677503,20684,654463,277,,,,,,,,false,
starexec,GEO331+1.p,e1a,balanced,REFUTED,125,977.408,2967.597,,,1185,4372,1146,3157,279,,,,,,,,false,
starexec,GEO331+1.p,e1a,equational,REFUTED,125,1911.942,5527.881,,,1174,4814,1135,3599,279,,,,,,,,false,
starexec,GEO331+1.p,e1a,first-negative,KILLED,,0.000,,,,,,,,,,,,,,,,false,killed before finishing
starexec,GEO331+1.p,e1a,occurrence,REFUTED,125,3757.565,30304.775,,,6330,36555,6213,29942,277,,,,,,,,false,
starexec,GEO331+1.p,e1a,subsumption-light,REFUTED,125,1985.798,12783.292,,,1034,3958,996,2847,279,,,,,,,,false,
starexec,GEO331+1.p,e1a,unary-redundancy,REFUTED,125,3761.772,12664.726,,,1013,3506,978,2419,277,,,,,,,,false,
starexec,GEO331+1.p,e1a,weight-greedy,REFUTED,125,1264.345,19369.712,,,5809,367687,4972,340626,279,,,,,,,,false,
starexec,GEO337+1.p,e1a,age-fair,TIMEOUT,129,3089.895,167198.923,,,34842,1471616,33893,1433566,,,,,,,,,false,
starexec,GEO337+1.p,e1a,balanced,TIMEOUT,129,619.716,166498.613,,,35744,720433,35091,671716,,,,,,,,,false,
starexec,GEO337+1.p,e1a,equational,TIMEOUT,129,1253.458,166784.373,,,28353,768077,27855,730669,,,,,,,,,false,
starexec,GEO337+1.p,e1a,first-negative,KILLED,,0.000,,,,,,,,,,,,,,,,false,killed before finishing
starexec,GEO337+1.p,e1a,occurrence,TIMEOUT,129,2140.250,166814.845,,,22432,135843,22135,110886,,,,,,,,,false,
starexec,GEO337+1.p,e1a,subsumption-light,TIMEOUT,129,1187.353,167769.490,,,19620,432048,19096,403543,,,,,,,,,false,
starexec,GEO337+1.p,e1a,unary-redundancy,TIMEOUT,129,2302.641,167731.635,,,19171,386486,18806,359253,,,,,,,,,false,
starexec,GEO337+1.p,e1a,weight-greedy,TIMEOUT,129,1214.941,167865.032,,,12537,8299631,9520,8117321,,,,,,,,,false,
starexec,GEO343+1.p,e1a,age-fair,TIMEOUT,124,3598.212,167222.545,,,29756,1807770,29383,1775365,,,,,,,,,false,
starexec,GEO343+1.p,e1a,balanced,TIMEOUT,124,937.673,166755.699,,,30885,454707,30717,415788,,,,,,,,,false,
starexec,GEO343+1.p,e1a,equational,TIMEOUT,124,1990.351,167289.295,,,22311,345387,22185,321715,,,,,,,,,false,
starexec,GEO343+1.p,e1a,first-negative,KILLED,,0.000,,,,,,,,,,,,,,,,false,killed before finishing
starexec,GEO343+1.p,e1a,occurrence,TIMEOUT,124,3718.090,167224.310,,,21637,163557,21520,141415,,,,,,,,,false,
starexec,GEO343+1.p,e1a,subsumption-light,KILLED,,0.000,,,,,,,,,,,,,,,,false,killed before finishing
starexec,GEO343+1.p,e1a,unary-redundancy,KILLED,,0.000,,,,,,,,,,,,,,,,false,killed before finishing
starexec,GEO343+1.p,e1a,weight-greedy,TIMEOUT,124,1864.635,167310.483,,,11289,4960179,9129,4777827,,,,,,,,,false,
starexec,GEO349+1.p,e1a,age-fair,KILLED,,0.000,,,,,,,,,,,,,,,,false,killed before finishing
starexec,GEO349+1.p,e1a,balanced,TIMEOUT,130,1007.651,166705.061,,,27582,415845,27060,376373,,,,,,,,,false,
starexec,GEO349+1.p,e1a,equational,TIMEOUT,130,1908.686,167353.279,,,21406,376311,20796,348223,,,,,,,,,false,
starexec,GEO349+1.p,e1a,first-negative,KILLED,,0.000,,,,,,,,,,,,,,,,false,killed before finishing
starexec,GEO349+1.p,e1a,occurrence,KILLED,,0.000,,,,,,,,,,,,,,,,false,killed before finishing
starexec,GEO349+1.p,e1a,subsumption-light,KILLED,,0.000,,,,,,,,,,,,,,,,false,killed before finishing
starexec,GEO349+1.p,e1a,unary-redundancy,KILLED,,0.000,,,,,,,,,,,,,,,,false,killed before finishing
starexec,GEO349+1.p,e1a,weight-greedy,TIMEOUT,130,1825.296,167255.114,,,11986,5069811,8403,4981364,,,,,,,,,false,
starexec,GEO351+1.p,e1a,age-fair,KILLED,,0.000,,,,,,,,,,,,,,,,false,killed before finishing
starexec,GEO351+1.p,e1a,balanced,TIMEOUT,136,989.689,166727.946,,,25785,561047,25151,527263,,,,,,,,,false,
starexec,GEO351+1.p,e1a,equational,TIMEOUT,136,1966.211,167349.618,,,20665,369347,20235,342404,,,,,,,,,false,
starexec,GEO351+1.p,e1a,first-negative,KILLED,,0.000,,,,,,,,,,,,,,,,false,killed before finishing
starexec,GEO351+1.p,e1a,occurrence,KILLED,,0.000,,,,,,,,,,,,,,,,false,killed before finishing
starexec,GEO351+1.p,e1a,subsumption-light,KILLED,,0.000,,,,,,,,,,,,,,,,false,killed before finishing
starexec,GEO351+1.p,e1a,unary-redundancy,KILLED,,0.000,,,,,,,,,,,,,,,,false,killed before finishing
starexec,GEO351+1.p,e1a,weight-greedy,TIMEOUT,136,1964.927,167345.040,,,9999,3865208,7397,3610121,,,,,,,,,false,
starexec,GEO480+1.p,e1a,age-fair,KILLED,,0.000,,,,,,,,,,,,,,,,false,killed before finishing
starexec,GEO480+1.p,e1a,balanced,KILLED,,0.000,,,,,,,,,,,,,,,,false,killed before finishing
starexec,GEO480+1.p,e1a,equational,KILLED,,0.000,,,,,,,,,,,,,,,,false,killed before finishing
starexec,GEO480+1.p,e1a,first-negative,KILLED,,0.000,,,,,,,,,,,,,,,,false,killed before finishing
starexec,GEO480+1.p,e1a,occurrence,KILLED,,0.000,,,,,,,,,,,,,,,,false,killed before finishing
starexec,GEO480+1.p,e1a,subsumption-light,KILLED,,0.000,,,,,,,,,,,,,,,,false,killed before finishing
starexec,GEO480+1.p,e1a,unary-redundancy,KILLED,,0.000,,,,,,,,,,,,,,,,false,killed before finishing
starexec,GEO480+1.p,e1a,weight-greedy,KILLED,,0.000,,,,,,,,,,,,,,,,false,killed before finishing
starexec,GEO491+1.p,e1a,age-fair,TIMEOUT,44,1514.809,166717.356,,,7130,3880651,6963,3870818,,,,,,,,,false,
starexec,GEO491+1.p,e1a,balanced,TIMEOUT,44,406.779,166404.506,,,20631,6244531,19654,6203041,,,,,,,,,false,
starexec,GEO491+1.p,e1a,equational,TIMEOUT,44,708.349,166620.267,,,15188,3761094,14449,3731148,,,,,,,,,false,
starexec,GEO491+1.p,e1a,first-negative,TIMEOUT,44,1652.038,166738.273,,,20020,6613705,13669,6541948,,,,,,,,,false,
starexec,GEO491+1.p,e1a,occurrence,TIMEOUT,44,1585.323,166660.130,,,20862,3472648,18702,3384400,,,,,,,,,false,
starexec,GEO491+1.p,e1a,subsumption-light,TIMEOUT,44,770.807,166802.200,,,6825,802192,6440,788452,,,,,,,,,false,
starexec,GEO491+1.p,e1a,unary-redundancy,TIMEOUT,44,1526.101,166965.783,,,6414,771703,6024,758087,,,,,,,,,false,
starexec,GEO491+1.p,e1a,weight-greedy,TIMEOUT,44,795.573,166784.757,,,17522,4428174,16560,4219263,,,,,,,,,false,
starexec,GEO494+1.p,e1a,age-fair,TIMEOUT,66,1700.518,166750.636,,,7057,3751858,6536,3742266,,,,,,,,,false,
starexec,GEO494+1.p,e1a,balanced,REFUTED,66,435.122,56468.212,,,10342,2779074,9691,2758188,101,,,,,,,,false,
starexec,GEO494+1.p,e1a,equational,TIMEOUT,66,872.372,167626.448,,,12324,4577132,11615,4552478,,,,,,,,,false,
starexec,GEO494+1.p,e1a,first-negative,TIMEOUT,66,1874.677,166810.788,,,23231,6488698,20179,6428290,,,,,,,,,false,
starexec,GEO494+1.p,e1a,occurrence,REFUTED,66,1810.132,81070.276,,,11279,2280438,8848,2234880,101,,,,,,,,false,
starexec,GEO494+1.p,e1a,subsumption-light,TIMEOUT,66,902.199,166740.166,,,5669,1080701,5144,1069293,,,,,,,,,false,
starexec,GEO494+1.p,e1a,unary-redundancy,TIMEOUT,66,1700.731,166839.071,,,5597,1073466,5086,1062120,,,,,,,,,false,
starexec,GEO498+1.p,e1a,age-fair,REFUTED,109,2246.367,3751.065,,,611,11656,581,10926,162,,,,,,,,false,
starexec,GEO498+1.p,e1a,balanced,REFUTED,109,553.803,755.674,,,75,267,72,182,162,,,,,,,,false,
starexec,GEO498+1.p,e1a,equational,REFUTED,109,1125.804,1352.314,,,100,288,97,175,162,,,,,,,,false,
starexec,GEO498+1.p,e1a,first-negative,REFUTED,109,2395.076,1454.085,,,65,217,61,162,162,,,,,,,,false,
starexec,GEO498+1.p,e1a,occurrence,REFUTED,109,2208.133,1183.007,,,38,183,35,162,162,,,,,,,,false,
starexec,GEO498+1.p,e1a,subsumption-light,REFUTED,109,1196.846,1452.664,,,75,267,72,182,162,,,,,,,,false,
starexec,GEO498+1.p,e1a,unary-redundancy,REFUTED,109,2223.131,1559.772,,,66,240,62,170,162,,,,,,,,false,
starexec,GEO498+1.p,e1a,weight-greedy,REFUTED,109,1149.034,1124.405,,,32,173,30,162,162,,,,,,,,false,
starexec,GEO501+1.p,e1a,age-fair,TIMEOUT,122,2132.865,166903.060,,,12607,4482185,11638,4465330,,,,,,,,,false,
starexec,GEO501+1.p,e1a,equational,TIMEOUT,122,1183.691,166875.607,,,20353,7568149,19936,7523839,,,,,,,,,false,
starexec,GEO501+1.p,e1a,first-negative,TIMEOUT,122,2283.558,166972.660,,,21972,7438238,17206,7382344,,,,,,,,,false,
starexec,GEO501+1.p,e1a,occurrence,TIMEOUT,122,2112.593,166839.995,,,25115,5707785,22561,5612508,,,,,,,,,false,
starexec,GEO501+1.p,e1a,subsumption-light,TIMEOUT,122,1166.429,166974.687,,,8978,1292510,8735,1274956,,,,,,,,,false,
starexec,GEO501+1.p,e1a,unary-redundancy,TIMEOUT,122,2131.191,167003.796,,,8825,1248101,8601,1230853,,,,,,,,,false,
starexec,GEO501+1.p,e1a,weight-greedy,TIMEOUT,122,760.222,166562.187,,,29802,6806224,25646,6596187,,,,,,,,,false,
starexec,GEO504+1.p,e1a,age-fair,REFUTED,130,2269.515,41737.606,,,5877,982569,5769,974180,191,,,,,,,,false,
starexec,GEO504+1.p,e1a,balanced,REFUTED,130,574.570,2076.576,,,716,12977,677,11709,191,,,,,,,,false,
starexec,GEO504+1.p,e1a,equational,REFUTED,130,1220.100,8231.171,,,1559,66248,1494,63182,191,,,,,,,,false,
starexec,GEO504+1.p,e1a,first-negative,REFUTED,130,2412.122,3421.402,,,642,9932,609,8727,191,,,,,,,,false,
starexec,GEO504+1.p,e1a,occurrence,REFUTED,130,2209.912,5425.576,,,1072,27919,1027,24212,191,,,,,,,,false,
starexec,GEO504+1.p,e1a,subsumption-light,REFUTED,130,1134.618,5641.536,,,709,12725,672,11457,191,,,,,,,,false,
starexec,GEO504+1.p,e1a,unary-redundancy,REFUTED,130,2208.233,5803.834,,,708,12673,670,11449,191,,,,,,,,false,
starexec,GEO504+1.p,e1a,weight-greedy,REFUTED,130,1162.863,137377.041,,,12802,4692297,12282,4493999,191,,,,,,,,false,
starexec,GEO513+1.p,e1a,age-fair,TIMEOUT,172,2727.311,167082.571,,,14051,3659723,13864,3641566,,,,,,,,,false,
starexec,GEO513+1.p,e1a,balanced,TIMEOUT,172,780.949,166567.282,,,25227,7108138,22426,7055872,,,,,,,,,false,
starexec,GEO513+1.p,e1a,equational,TIMEOUT,172,1517.816,167015.171,,,17664,3925745,16933,3890009,,,,,,,,,false,
starexec,GEO513+1.p,e1a,occurrence,TIMEOUT,172,2868.259,166956.088,,,23436,3678875,21433,3582725,,,,,,,,,false,
starexec,GEO513+1.p,e1a,subsumption-light,TIMEOUT,172,1550.448,167327.994,,,8629,918492,8416,901714,,,,,,,,,false,
starexec,GEO513+1.p,e1a,unary-redundancy,TIMEOUT,172,2792.794,167219.992,,,8717,856887,8468,839755,,,,,,,,,false,
starexec,GEO513+1.p,e1a,weight-greedy,TIMEOUT,172,1493.342,166995.883,,,25723,3285375,21601,3136181,,,,,,,,,false,
starexec,GEO514+1.p,e1a,age-fair,TIMEOUT,173,2866.983,166880.510,,,14029,4048501,13694,4029909,,,,,,,,,false,
starexec,GEO514+1.p,e1a,balanced,TIMEOUT,173,674.229,166520.645,,,21807,7589035,20449,7540275,,,,,,,,,false,
starexec,GEO514+1.p,e1a,equational,TIMEOUT,173,1431.667,166927.558,,,17278,4083029,16809,4046727,,,,,,,,,false,
starexec,GEO514+1.p,e1a,first-negative,TIMEOUT,173,2984.593,167067.059,,,17411,7025744,14862,6985162,,,,,,,,,false,
starexec,GEO514+1.p,e1a,occurrence,TIMEOUT,173,2537.864,167019.242,,,17763,4332410,14171,4256938,,,,,,,,,false,
starexec,GEO514+1.p,e1a,subsumption-light,TIMEOUT,173,1446.879,167126.620,,,8141,983226,7662,965710,,,,,,,,,false,
starexec,GEO514+1.p,e1a,unary-redundancy,TIMEOUT,173,2672.129,167285.202,,,7653,861080,7376,846140,,,,,,,,,false,
starexec,GEO514+1.p,e1a,weight-greedy,TIMEOUT,173,1457.042,166954.954,,,20264,2118430,19401,1954123,,,,,,,,,false,
starexec,GEO517+1.p,e1a,age-fair,TIMEOUT,180,2790.132,166966.460,,,16747,3938398,16476,3917297,,,,,,,,,false,
starexec,GEO517+1.p,e1a,balanced,TIMEOUT,180,712.511,166488.193,,,30643,6781774,29696,6717414,,,,,,,,,false,
starexec,GEO517+1.p,e1a,equational,TIMEOUT,180,1494.120,166955.618,,,21279,3779564,20449,3735816,,,,,,,,,false,
starexec,GEO517+1.p,e1a,occurrence,TIMEOUT,180,2732.774,166968.918,,,24003,5512011,22010,5393474,,,,,,,,,false,
starexec,GEO517+1.p,e1a,subsumption-light,TIMEOUT,180,1490.017,167359.998,,,7715,660460,7485,644946,,,,,,,,,false,
starexec,GEO517+1.p,e1a,unary-redundancy,TIMEOUT,180,2769.998,167105.862,,,7954,668579,7685,652409,,,,,,,,,false,
starexec,GEO517+1.p,e1a,weight-greedy,TIMEOUT,180,1449.804,167842.019,,,26186,5944028,22618,5669413,,,,,,,,,false,
starexec,GEO520+1.p,e1a,age-fair,TIMEOUT,193,2963.993,166954.689,,,13111,3998386,12967,3980908,,,,,,,,,false,
starexec,GEO520+1.p,e1a,balanced,TIMEOUT,193,758.822,166633.597,,,24318,6736925,23747,6690640,,,,,,,,,false,
starexec,GEO520+1.p,e1a,equational,TIMEOUT,193,1533.248,166979.786,,,17576,3780183,17039,3747775,,,,,,,,,false,
starexec,GEO520+1.p,e1a,first-negative,KILLED,,0.000,,,,,,,,,,,,,,,,false,killed before finishing
starexec,GEO520+1.p,e1a,occurrence,TIMEOUT,193,3050.590,167098.304,,,24921,3254704,22496,3161212,,,,,,,,,false,
starexec,GEO520+1.p,e1a,subsumption-light,TIMEOUT,193,1512.643,167288.553,,,8497,908215,8174,892343,,,,,,,,,false,
starexec,GEO520+1.p,e1a,unary-redundancy,TIMEOUT,193,2986.883,167116.013,,,8667,811752,8298,795844,,,,,,,,,false,
starexec,GEO520+1.p,e1a,weight-greedy,TIMEOUT,193,1524.370,166959.187,,,30688,1699398,28384,1508956,,,,,,,,,false,
starexec,GEO523+1.p,e1a,age-fair,TIMEOUT,200,2972.902,166993.669,,,13518,3877982,13265,3860659,,,,,,,,,false,
starexec,GEO523+1.p,e1a,balanced,TIMEOUT,200,492.081,168976.778,,,20659,8357170,19220,8317918,,,,,,,,,false,
starexec,GEO523+1.p,e1a,equational,TIMEOUT,200,995.161,166699.699,,,14641,4817804,14543,4789842,,,,,,,,,false,
starexec,GEO523+1.p,e1a,first-negative,TIMEOUT,200,2024.877,166810.117,,,13625,6198191,13074,6166463,,,,,,,,,false,
starexec,GEO523+1.p,e1a,occurrence,REFUTED,200,1920.606,1725.895,,,387,2862,369,1877,294,,,,,,,,false,
starexec,GEO523+1.p,e1a,subsumption-light,TIMEOUT,200,1572.981,167225.090,,,6938,935540,6874,922044,,,,,,,,,false,
starexec,GEO523+1.p,e1a,unary-redundancy,TIMEOUT,200,1919.208,166873.734,,,7201,1023517,7118,1009605,,,,,,,,,false,
starexec,GEO523+1.p,e1a,weight-greedy,REFUTED,200,1031.062,2056.986,,,500,6210,481,3555,294,,,,,,,,false,
starexec,GEO526+1.p,e1a,age-fair,TIMEOUT,209,2505.213,166705.760,,,12233,3503119,12028,3487595,,,,,,,,,false,
starexec,GEO526+1.p,e1a,balanced,TIMEOUT,209,823.686,166577.241,,,25664,6482602,24538,6425976,,,,,,,,,false,
starexec,GEO526+1.p,e1a,equational,TIMEOUT,209,1488.069,166693.739,,,19823,3756455,18749,3711086,,,,,,,,,false,
starexec,GEO526+1.p,e1a,first-negative,TIMEOUT,209,2620.100,166784.271,,,18243,6398843,17483,6360563,,,,,,,,,false,
starexec,GEO526+1.p,e1a,occurrence,TIMEOUT,209,2698.120,166632.495,,,26176,3615825,23817,3512718,,,,,,,,,false,
starexec,GEO526+1.p,e1a,subsumption-light,TIMEOUT,209,1593.059,166899.463,,,9728,1131317,9289,1111605,,,,,,,,,false,
starexec,GEO526+1.p,e1a,unary-redundancy,TIMEOUT,209,2754.409,166905.107,,,8653,880511,7987,862833,,,,,,,,,false,
starexec,GEO526+1.p,e1a,weight-greedy,TIMEOUT,209,1588.088,166774.952,,,31193,3942589,26870,3714906,,,,,,,,,false,
starexec,GEO528+1.p,e1a,age-fair,TIMEOUT,212,3016.729,167039.788,,,12797,3751713,12460,3735228,,,,,,,,,false,
starexec,GEO528+1.p,e1a,balanced,REFUTED,212,757.245,64747.801,,,12805,2694880,12042,2660253,307,,,,,,,,false,
starexec,GEO528+1.p,e1a,equational,REFUTED,212,1518.078,111288.455,,,12487,2638800,11896,2604723,307,,,,,,,,false,
starexec,GEO528+1.p,e1a,first-negative,KILLED,,0.000,,,,,,,,,,,,,,,,false,killed before finishing
starexec,GEO528+1.p,e1a,occurrence,TIMEOUT,212,2984.796,166996.375,,,20688,4394001,18211,4294859,,,,,,,,,false,
starexec,GEO528+1.p,e1a,subsumption-light,TIMEOUT,212,1644.345,167295.391,,,6600,843868,6107,829656,,,,,,,,,false,
starexec,GEO528+1.p,e1a,unary-redundancy,TIMEOUT,212,3164.464,167174.814,,,6660,838553,6152,824409,,,,,,,,,false,
starexec,GEO528+1.p,e1a,weight-greedy,REFUTED,212,1629.826,25949.827,,,7307,563417,6332,502952,307,,,,,,,,false,
starexec,GEO535+1.p,e1a,age-fair,TIMEOUT,227,3229.810,166960.136,,,13938,4019344,13694,4001104,,,,,,,,,false,
starexec,GEO535+1.p,e1a,balanced,TIMEOUT,227,795.322,166593.278,,,27565,9488964,26077,9432192,,,,,,,,,false,
starexec,GEO535+1.p,e1a,equational,TIMEOUT,227,1755.880,167085.707,,,20053,6294812,19292,6250734,,,,,,,,,false,
starexec,GEO535+1.p,e1a,first-negative,TIMEOUT,227,3630.367,167200.194,,,19892,4746652,18467,4703448,,,,,,,,,false,
starexec,GEO535+1.p,e1a,occurrence,TIMEOUT,227,3186.515,166962.704,,,27035,4707099,25187,4604767,,,,,,,,,false,
starexec,GEO535+1.p,e1a,subsumption-light,TIMEOUT,227,1848.015,167522.506,,,12664,2077504,11852,2052434,,,,,,,,,false,
starexec,GEO535+1.p,e1a,unary-redundancy,TIMEOUT,227,2993.331,167523.941,,,12397,1963919,11618,1939409,,,,,,,,,false,
starexec,GEO535+1.p,e1a,weight-greedy,TIMEOUT,227,1759.107,167103.157,,,19165,3460469,18029,3336809,,,,,,,,,false,
starexec,GRA005+1.p,e1a,age-fair,REFUTED,17,1049.608,2904.744,,,678,4276,665,3512,70,,,,,,,,false,
starexec,GRA005+1.p,e1a,balanced,REFUTED,17,311.676,963.512,,,265,842,255,544,83,,,,,,,,false,
starexec,GRA005+1.p,e1a,equational,REFUTED,17,642.169,1490.647,,,200,395,198,172,83,,,,,,,,false,
starexec,GRA005+1.p,e1a,first-negative,REFUTED,17,1170.074,2727.878,,,745,4488,731,3615,70,,,,,,,,false,
starexec,GRA005+1.p,e1a,occurrence,REFUTED,17,1046.908,1458.194,,,208,428,196,176,70,,,,,,,,false,
starexec,GRA005+1.p,e1a,subsumption-light,REFUTED,17,643.615,1921.661,,,264,829,254,531,83,,,,,,,,false,
starexec,GRA005+1.p,e1a,unary-redundancy,REFUTED,17,1073.116,1710.415,,,210,552,205,318,70,,,,,,,,false,
starexec,GRA005+1.p,e1a,weight-greedy,REFUTED,17,651.043,6985.455,,,673,43952,602,39230,83,,,,,,,,false,
starexec,GRA008+1.p,e1a,age-fair,TIMEOUT,17,998.143,166588.620,,,30931,2158481,29732,2121454,,,,,,,,,false,
starexec,GRA008+1.p,e1a,balanced,TIMEOUT,17,301.630,166404.189,,,45114,4757801,43509,4675802,,,,,,,,,false,
starexec,GRA008+1.p,e1a,equational,TIMEOUT,17,614.782,166657.570,,,34838,2845783,33452,2784883,,,,,,,,,false,
starexec,GRA008+1.p,e1a,first-negative,TIMEOUT,17,1059.356,168985.983,,,18973,10815952,18750,10786326,,,,,,,,,false,
starexec,GRA008+1.p,e1a,occurrence,TIMEOUT,17,1002.456,166556.714,,,33413,4464716,29566,4376162,,,,,,,,,false,
starexec,GRA008+1.p,e1a,subsumption-light,TIMEOUT,17,412.231,166500.863,,,16905,1001534,16295,972693,,,,,,,,,false,
starexec,GRA008+1.p,e1a,unary-redundancy,TIMEOUT,17,652.483,166459.150,,,17982,1317302,16833,1288802,,,,,,,,,false,
starexec,GRA008+1.p,e1a,weight-greedy,TIMEOUT,17,408.644,166504.674,,,7333,4897033,7122,4880067,,,,,,,,,false,
starexec,GRP652+2.p,e1a,age-fair,KILLED,,0.000,,,,,,,,,,,,,,,,false,killed before finishing
starexec,GRP652+2.p,e1a,balanced,KILLED,,0.000,,,,,,,,,,,,,,,,false,killed before finishing
starexec,GRP652+2.p,e1a,first-negative,KILLED,,0.000,,,,,,,,,,,,,,,,false,killed before finishing
starexec,GRP652+2.p,e1a,occurrence,KILLED,,0.000,,,,,,,,,,,,,,,,false,killed before finishing
starexec,GRP652+2.p,e1a,subsumption-light,KILLED,,0.000,,,,,,,,,,,,,,,,false,killed before finishing
starexec,GRP652+2.p,e1a,unary-redundancy,KILLED,,0.000,,,,,,,,,,,,,,,,false,killed before finishing
starexec,GRP652+2.p,e1a,weight-greedy,KILLED,,0.000,,,,,,,,,,,,,,,,false,killed before finishing
starexec,GRP654+1.p,e1a,age-fair,TIMEOUT,5,403.481,169339.612,,,270,757861,214,756942,,,,,,,,,false,
starexec,GRP654+1.p,e1a,balanced,HARD_TIMEOUT,5,0.000,,,,,,,,,,,,,,,,false,
starexec,GRP654+1.p,e1a,equational,TIMEOUT,5,304.428,168819.363,,,296,753632,252,751846,,,,,,,,,false,
starexec,GRP654+1.p,e1a,first-negative,TIMEOUT,5,450.586,167035.519,,,512,776333,456,774517,,,,,,,,,false,
starexec,GRP654+1.p,e1a,occurrence,TIMEOUT,5,416.545,166702.751,,,552,914729,412,909282,,,,,,,,,false,
starexec,GRP654+1.p,e1a,subsumption-light,TIMEOUT,5,280.280,168376.906,,,295,743822,251,742038,,,,,,,,,false,
starexec,GRP654+1.p,e1a,unary-redundancy,TIMEOUT,5,401.330,166465.762,,,334,797169,271,795373,,,,,,,,,false,
starexec,GRP654+1.p,e1a,weight-greedy,TIMEOUT,5,294.272,166473.329,,,2363,3162440,1782,3121481,,,,,,,,,false,
starexec,GRP655+3.p,e1a,age-fair,TIMEOUT,5,416.340,166623.377,,,648,1282684,394,1281410,,,,,,,,,false,
starexec,GRP655+3.p,e1a,balanced,TIMEOUT,5,160.366,166627.339,,,1001,2570925,670,2567689,,,,,,,,,false,
starexec,GRP655+3.p,e1a,equational,TIMEOUT,5,329.110,166833.424,,,738,1499586,512,1497298,,,,,,,,,false,
starexec,GRP655+3.p,e1a,first-negative,TIMEOUT,5,480.416,166775.296,,,742,1393981,468,1391601,,,,,,,,,false,
starexec,GRP655+3.p,e1a,occurrence,TIMEOUT,5,452.914,166623.240,,,1093,1956601,742,1949359,,,,,,,,,false,
starexec,GRP655+3.p,e1a,subsumption-light,TIMEOUT,5,318.006,166752.707,,,774,1527746,503,1525250,,,,,,,,,false,
starexec,GRP655+3.p,e1a,unary-redundancy,TIMEOUT,5,440.891,166736.146,,,750,1503763,503,1501429,,,,,,,,,false,
starexec,GRP655+3.p,e1a,weight-greedy,TIMEOUT,5,303.006,166467.487,,,1854,3426130,1345,3385056,,,,,,,,,false,
starexec,GRP748+1.p,e1a,age-fair,TIMEOUT,11,574.704,166948.178,,,1029,2407823,837,2405387,,,,,,,,,false,
starexec,GRP748+1.p,e1a,balanced,TIMEOUT,11,172.951,166427.381,,,1483,4424324,1130,4419382,,,,,,,,,false,
starexec,GRP748+1.p,e1a,equational,TIMEOUT,11,386.245,169828.809,,,1204,2649052,963,2644918,,,,,,,,,false,
starexec,GRP748+1.p,e1a,first-negative,TIMEOUT,11,628.823,166883.211,,,1567,4473742,1491,4469114,,,,,,,,,false,
starexec,GRP748+1.p,e1a,occurrence,TIMEOUT,11,526.598,166550.474,,,1608,3550851,1289,3540419,,,,,,,,,false,
starexec,GRP748+1.p,e1a,subsumption-light,TIMEOUT,11,393.054,166688.574,,,1200,2593014,963,2588876,,,,,,,,,false,
starexec,GRP748+1.p,e1a,unary-redundancy,TIMEOUT,11,579.005,166611.629,,,1195,2508993,948,2504859,,,,,,,,,false,
starexec,GRP748+1.p,e1a,weight-greedy,REFUTED,11,240.751,24353.290,,,1733,688365,1183,669986,15,,,,,,,,false,
starexec,HWV051+1.p,e1a,age-fair,KILLED,,0.000,,,,,,,,,,,,,,,,false,killed before finishing
starexec,HWV051+1.p,e1a,balanced,TIMEOUT,724,718.955,166641.738,,,74821,372415,71806,244215,,,,,,,,,false,
starexec,HWV051+1.p,e1a,equational,TIMEOUT,724,1761.395,167003.381,,,55873,243909,52930,154432,,,,,,,,,false,
starexec,HWV051+1.p,e1a,first-negative,KILLED,,0.000,,,,,,,,,,,,,,,,false,killed before finishing
starexec,HWV051+1.p,e1a,occurrence,KILLED,,0.000,,,,,,,,,,,,,,,,false,killed before finishing
starexec,HWV051+1.p,e1a,subsumption-light,TIMEOUT,724,1733.382,167233.518,,,33115,129367,31053,79515,,,,,,,,,false,
starexec,HWV051+1.p,e1a,unary-redundancy,KILLED,,0.000,,,,,,,,,,,,,,,,false,killed before finishing
starexec,HWV051+1.p,e1a,weight-greedy,TIMEOUT,724,1108.199,167062.208,,,16241,35472,14041,10600,,,,,,,,,false,
starexec,ITP002+2.p,e1a,age-fair,TIMEOUT,33,1004.247,166589.390,,,15367,1342008,15164,1325925,,,,,,,,,false,
starexec,ITP002+2.p,e1a,balanced,TIMEOUT,33,290.950,166347.322,,,19311,833720,19243,814210,,,,,,,,,false,
starexec,ITP002+2.p,e1a,equational,TIMEOUT,33,662.011,166563.415,,,15847,445776,15779,429708,,,,,,,,,false,
starexec,ITP002+2.p,e1a,first-negative,TIMEOUT,33,1105.032,166788.362,,,8729,8984591,8674,8975855,,,,,,,,,false,
starexec,ITP002+2.p,e1a,occurrence,TIMEOUT,33,992.213,166564.059,,,14171,80760,14131,66557,,,,,,,,,false,
starexec,ITP002+2.p,e1a,subsumption-light,TIMEOUT,33,636.720,166696.478,,,12251,385980,12080,373342,,,,,,,,,false,
starexec,ITP002+2.p,e1a,unary-redundancy,TIMEOUT,33,1004.737,166685.161,,,12802,406394,12638,393260,,,,,,,,,false,
starexec,ITP002+2.p,e1a,weight-greedy,TIMEOUT,33,644.861,166663.107,,,3641,1961979,3481,1925070,,,,,,,,,false,
starexec,ITP004+1.p,e1a,age-fair,TIMEOUT,30,1054.064,167426.054,,,1021,1600325,963,1597396,,,,,,,,,false,
starexec,ITP004+1.p,e1a,balanced,TIMEOUT,30,286.469,166489.506,,,3202,9573983,3043,9556932,,,,,,,,,false,
starexec,ITP004+1.p,e1a,equational,TIMEOUT,30,563.922,166722.848,,,2123,4013669,2031,4002899,,,,,,,,,false,
starexec,ITP004+1.p,e1a,first-negative,REFUTED,30,1117.418,53774.035,,,1048,906213,913,898527,56,,,,,,,,false,
starexec,ITP004+1.p,e1a,occurrence,TIMEOUT,30,1014.518,166693.173,,,2385,4448024,2218,4414877,,,,,,,,,false,
starexec,ITP004+1.p,e1a,subsumption-light,TIMEOUT,30,557.391,166751.743,,,1471,1884258,1364,1876594,,,,,,,,,false,
starexec,ITP004+1.p,e1a,unary-redundancy,TIMEOUT,30,1044.355,167107.071,,,1454,1842424,1358,1834124,,,,,,,,,false,
starexec,ITP004+1.p,e1a,weight-greedy,TIMEOUT,30,360.309,166482.226,,,3276,7112543,2735,6997541,,,,,,,,,false,
starexec,ITP004+4.p,e1a,age-fair,KILLED,,0.000,,,,,,,,,,,,,,,,false,killed before finishing
starexec,ITP004+4.p,e1a,balanced,KILLED,,0.000,,,,,,,,,,,,,,,,false,killed before finishing
starexec,ITP004+4.p,e1a,equational,TIMEOUT,3173,1569.542,167099.598,,,6866,6103128,6486,6080488,,,,,,,,,false,
starexec,ITP004+4.p,e1a,first-negative,REFUTED,3173,1567.224,632.751,,,40,560,40,520,524,,,,,,,,false,
starexec,ITP004+4.p,e1a,occurrence,KILLED,,0.000,,,,,,,,,,,,,,,,false,killed before finishing
starexec,ITP004+4.p,e1a,subsumption-light,TIMEOUT,3173,1449.405,167060.269,,,6089,5733254,5796,5714464,,,,,,,,,false,
starexec,ITP004+4.p,e1a,unary-redundancy,KILLED,,0.000,,,,,,,,,,,,,,,,false,killed before finishing
starexec,ITP006+2.p,e1a,age-fair,TIMEOUT,51,1750.367,166979.155,,,19895,2029046,19524,2005438,,,,,,,,,false,
starexec,ITP006+2.p,e1a,equational,HARD_TIMEOUT,51,0.000,,,,,,,,,,,,,,,,false,
starexec,ITP006+2.p,e1a,first-negative,TIMEOUT,51,1956.993,166963.384,,,16702,10063889,16686,10047071,,,,,,,,,false,
starexec,ITP006+2.p,e1a,occurrence,REFUTED,51,1836.113,21077.926,,,5774,190681,3220,172196,136,,,,,,,,false,
starexec,ITP006+2.p,e1a,subsumption-light,TIMEOUT,51,1103.280,167082.099,,,14618,2573190,12327,2548497,,,,,,,,,false,
starexec,ITP006+2.p,e1a,unary-redundancy,REFUTED,51,1848.887,18080.329,,,3031,55073,2623,49396,136,,,,,,,,false,
starexec,ITP006+2.p,e1a,weight-greedy,REFUTED,51,1083.798,3152.554,,,860,2799,842,1372,243,,,,,,,,false,
starexec,ITP006+4.p,e1a,age-fair,KILLED,,0.000,,,,,,,,,,,,,,,,false,killed before finishing
starexec,ITP006+4.p,e1a,balanced,REFUTED,5652,6386.531,5743.060,,,18,10399,18,10382,11553,,,,,,,,false,
starexec,ITP006+4.p,e1a,equational,REFUTED,5652,8761.508,8161.777,,,104,3938,100,3776,4470,,,,,,,,false,
starexec,ITP006+4.p,e1a,first-negative,REFUTED,5652,10549.120,3971.978,,,18,752,18,743,980,,,,,,,,false,
starexec,ITP006+4.p,e1a,occurrence,REFUTED,5652,19699.870,9531.192,,,16,7258,16,7250,7695,,,,,,,,false,
starexec,ITP006+4.p,e1a,subsumption-light,KILLED,,0.000,,,,,,,,,,,,,,,,false,killed before finishing
starexec,ITP006+4.p,e1a,unary-redundancy,REFUTED,5652,17994.997,8486.459,,,18,5967,18,5955,6369,,,,,,,,false,
starexec,ITP006+4.p,e1a,weight-greedy,REFUTED,5652,6854.257,5985.396,,,16,1528,16,1520,2165,,,,,,,,false,
starexec,ITP009+2.p,e1a,age-fair,TIMEOUT,36,1284.370,166670.364,,,12222,2518467,11944,2504257,,,,,,,,,false,
starexec,ITP009+2.p,e1a,balanced,TIMEOUT,36,476.644,166498.207,,,20917,1690836,20696,1664771,,,,,,,,,false,
starexec,ITP009+2.p,e1a,equational,TIMEOUT,36,865.303,166864.089,,,16251,1361694,16180,1342142,,,,,,,,,false,
starexec,ITP009+2.p,e1a,first-negative,TIMEOUT,36,994.936,166567.563,,,10524,8712259,10501,8701719,,,,,,,,,false,
starexec,ITP009+2.p,e1a,occurrence,TIMEOUT,36,1290.063,166706.442,,,21855,148881,21841,123307,,,,,,,,,false,
starexec,ITP009+2.p,e1a,subsumption-light,TIMEOUT,36,1001.974,167032.152,,,10014,539331,9974,527487,,,,,,,,,false,
starexec,ITP009+2.p,e1a,unary-redundancy,TIMEOUT,36,1289.710,166783.312,,,10973,638171,10953,625221,,,,,,,,,false,
starexec,ITP009+2.p,e1a,weight-greedy,TIMEOUT,36,892.722,166773.136,,,8589,2198406,8324,2134229,,,,,,,,,false,
starexec,ITP012+4.p,e1a,age-fair,KILLED,,0.000,,,,,,,,,,,,,,,,false,killed before finishing
starexec,ITP012+4.p,e1a,balanced,KILLED,,0.000,,,,,,,,,,,,,,,,false,killed before finishing
starexec,ITP012+4.p,e1a,equational,KILLED,,0.000,,,,,,,,,,,,,,,,false,killed before finishing
starexec,ITP012+4.p,e1a,first-negative,REFUTED,14071,8207.252,18783.759,,,1260,199726,1140,196712,856,,,,,,,,false,
starexec,ITP012+4.p,e1a,occurrence,KILLED,,0.000,,,,,,,,,,,,,,,,false,killed before finishing
starexec,ITP012+4.p,e1a,subsumption-light,KILLED,,0.000,,,,,,,,,,,,,,,,false,killed before finishing
starexec,ITP012+4.p,e1a,unary-redundancy,KILLED,,0.000,,,,,,,,,,,,,,,,false,killed before finishing
starexec,ITP012+5.p,e1a,age-fair,KILLED,,0.000,,,,,,,,,,,,,,,,false,killed before finishing
starexec,ITP012+5.p,e1a,balanced,KILLED,,0.000,,,,,,,,,,,,,,,,false,killed before finishing
starexec,ITP012+5.p,e1a,equational,KILLED,,0.000,,,,,,,,,,,,,,,,false,killed before finishing
starexec,ITP012+5.p,e1a,first-negative,KILLED,,0.000,,,,,,,,,,,,,,,,false,killed before finishing
starexec,ITP012+5.p,e1a,occurrence,KILLED,,0.000,,,,,,,,,,,,,,,,false,killed before finishing
starexec,ITP012+5.p,e1a,subsumption-light,KILLED,,0.000,,,,,,,,,,,,,,,,false,killed before finishing
starexec,ITP012+5.p,e1a,unary-redundancy,KILLED,,0.000,,,,,,,,,,,,,,,,false,killed before finishing
starexec,ITP013+1.p,e1a,age-fair,KILLED,,0.000,,,,,,,,,,,,,,,,false,killed before finishing
starexec,ITP013+1.p,e1a,balanced,TIMEOUT,45,353.963,166815.468,,,1186,2535460,1149,2530392,,,,,,,,,false,
starexec,ITP013+1.p,e1a,equational,TIMEOUT,45,742.917,166981.923,,,1047,1443140,994,1438408,,,,,,,,,false,
starexec,ITP013+1.p,e1a,first-negative,TIMEOUT,45,1547.083,168795.776,,,1322,1794530,1226,1787850,,,,,,,,,false,
starexec,ITP013+1.p,e1a,occurrence,TIMEOUT,45,1353.408,167795.853,,,2328,2001822,2116,1986995,,,,,,,,,false,
starexec,ITP013+1.p,e1a,subsumption-light,TIMEOUT,45,737.889,169643.551,,,1017,1359706,982,1355012,,,,,,,,,false,
starexec,ITP013+1.p,e1a,unary-redundancy,TIMEOUT,45,1342.377,168181.997,,,982,1333195,936,1328629,,,,,,,,,false,
starexec,ITP013+1.p,e1a,weight-greedy,TIMEOUT,45,699.004,167344.769,,,4653,4874829,4395,4796597,,,,,,,,,false,
starexec,ITP018+5.p,e1a,age-fair,KILLED,,0.000,,,,,,,,,,,,,,,,false,killed before finishing
starexec,ITP018+5.p,e1a,balanced,KILLED,,0.000,,,,,,,,,,,,,,,,false,killed before finishing
starexec,ITP018+5.p,e1a,equational,KILLED,,0.000,,,,,,,,,,,,,,,,false,killed before finishing
starexec,ITP018+5.p,e1a,first-negative,KILLED,,0.000,,,,,,,,,,,,,,,,false,killed before finishing
starexec,ITP018+5.p,e1a,occurrence,KILLED,,0.000,,,,,,,,,,,,,,,,false,killed before finishing
starexec,ITP018+5.p,e1a,subsumption-light,KILLED,,0.000,,,,,,,,,,,,,,,,false,killed before finishing
starexec,ITP018+5.p,e1a,unary-redundancy,KILLED,,0.000,,,,,,,,,,,,,,,,false,killed before finishing
starexec,ITP018+5.p,e1a,weight-greedy,KILLED,,0.000,,,,,,,,,,,,,,,,false,killed before finishing
starexec,ITP020+2.p,e1a,age-fair,TIMEOUT,62,1892.071,166979.959,,,19463,3889175,18540,3864623,,,,,,,,,false,
starexec,ITP020+2.p,e1a,balanced,REFUTED,62,602.478,37813.880,,,12548,1446868,11135,1422563,293,,,,,,,,false,
starexec,ITP020+2.p,e1a,equational,REFUTED,62,1166.996,54055.894,,,10681,1164765,9558,1144163,293,,,,,,,,false,
starexec,ITP020+2.p,e1a,first-negative,TIMEOUT,62,2048.415,167074.884,,,15810,9463253,15490,9446872,,,,,,,,,false,
starexec,ITP020+2.p,e1a,occurrence,TIMEOUT,62,1940.242,167012.369,,,21730,2966068,15540,2903272,,,,,,,,,false,
starexec,ITP020+2.p,e1a,subsumption-light,TIMEOUT,62,1165.133,167217.658,,,9647,924390,9147,905964,,,,,,,,,false,
starexec,ITP020+2.p,e1a,unary-redundancy,REFUTED,62,1899.612,79723.954,,,6930,800786,6217,788050,175,,,,,,,,false,
starexec,ITP020+2.p,e1a,weight-greedy,REFUTED,62,1184.096,24815.425,,,9240,244955,8710,210765,293,,,,,,,,false,
starexec,ITP020+4.p,e1a,age-fair,KILLED,,0.000,,,,,,,,,,,,,,,,false,killed before finishing
starexec,ITP020+4.p,e1a,balanced,KILLED,,0.000,,,,,,,,,,,,,,,,false,killed before finishing
starexec,ITP020+4.p,e1a,equational,KILLED,,0.000,,,,,,,,,,,,,,,,false,killed before finishing
starexec,ITP020+4.p,e1a,first-negative,KILLED,,0.000,,,,,,,,,,,,,,,,false,killed before finishing
starexec,ITP020+4.p,e1a,occurrence,KILLED,,0.000,,,,,,,,,,,,,,,,false,killed before finishing
starexec,ITP020+4.p,e1a,subsumption-light,KILLED,,0.000,,,,,,,,,,,,,,,,false,killed before finishing
starexec,ITP020+4.p,e1a,unary-redundancy,KILLED,,0.000,,,,,,,,,,,,,,,,false,killed before finishing
starexec,ITP020+4.p,e1a,weight-greedy,REFUTED,25152,10547.127,24785.013,,,4832,272562,4752,251429,4612,,,,,,,,false,
starexec,ITP023+2.p,e1a,age-fair,TIMEOUT,58,1626.900,166776.056,,,15419,2240628,15205,2223946,,,,,,,,,false,
starexec,ITP023+2.p,e1a,balanced,TIMEOUT,58,435.189,166853.681,,,30599,5918544,28069,5866610,,,,,,,,,false,
starexec,ITP023+2.p,e1a,equational,TIMEOUT,58,888.870,166921.943,,,22886,3572017,21584,3532955,,,,,,,,,false,
starexec,ITP023+2.p,e1a,first-negative,TIMEOUT,58,1608.492,166839.922,,,36304,10134854,30611,10036791,,,,,,,,,false,
starexec,ITP023+2.p,e1a,occurrence,TIMEOUT,58,1461.079,167180.018,,,28293,2171072,26607,2044239,,,,,,,,,false,
starexec,ITP023+2.p,e1a,subsumption-light,REFUTED,58,888.993,4010.081,,,751,5853,661,4791,239,,,,,,,,false,
starexec,ITP023+2.p,e1a,unary-redundancy,REFUTED,58,1483.199,2510.698,,,394,1830,383,1362,103,,,,,,,,false,
starexec,ITP023+2.p,e1a,weight-greedy,REFUTED,58,922.257,5631.501,,,1830,14078,1769,8942,239,,,,,,,,false,
starexec,KLE100+1.p,e1a,age-fair,TIMEOUT,26,656.369,166483.714,,,2101,4783294,1962,4775645,,,,,,,,,false,
starexec,KLE100+1.p,e1a,balanced,TIMEOUT,26,200.443,166560.478,,,3132,7763964,2515,7744520,,,,,,,,,false,
starexec,KLE100+1.p,e1a,equational,TIMEOUT,26,425.288,166605.476,,,2738,4427697,2132,4413839,,,,,,,,,false,
starexec,KLE100+1.p,e1a,first-negative,TIMEOUT,26,693.756,166801.498,,,2866,3917306,2382,3902288,,,,,,,,,false,
starexec,KLE100+1.p,e1a,occurrence,TIMEOUT,26,667.535,166513.738,,,4260,3801697,3060,3758950,,,,,,,,,false,
starexec,KLE100+1.p,e1a,subsumption-light,TIMEOUT,26,389.220,166991.812,,,2656,4490766,2364,4476478,,,,,,,,,false,
starexec,KLE100+1.p,e1a,unary-redundancy,TIMEOUT,26,623.146,167463.097,,,2996,4328909,2525,4313967,,,,,,,,,false,
starexec,KLE100+1.p,e1a,weight-greedy,TIMEOUT,26,395.725,166578.591,,,5765,4713537,4117,4536667,,,,,,,,,false,
starexec,KLE169+1.p,e1a,age-fair,TIMEOUT,17,576.666,166591.698,,,1626,5053256,1541,5045527,,,,,,,,,false,
starexec,KLE169+1.p,e1a,balanced,TIMEOUT,17,168.328,166353.368,,,2679,10842316,2562,10810594,,,,,,,,,false,
starexec,KLE169+1.p,e1a,equational,TIMEOUT,17,355.615,166784.156,,,1854,5131295,1742,5118633,,,,,,,,,false,
starexec,KLE169+1.p,e1a,first-negative,TIMEOUT,17,615.930,166532.179,,,1792,4946034,1722,4932840,,,,,,,,,false,
starexec,KLE169+1.p,e1a,occurrence,TIMEOUT,17,567.634,166453.364,,,2318,5239723,2226,5207784,,,,,,,,,false,
starexec,KLE169+1.p,e1a,subsumption-light,TIMEOUT,17,326.880,166600.447,,,1860,5204139,1765,5190659,,,,,,,,,false,
starexec,KLE169+1.p,e1a,unary-redundancy,TIMEOUT,17,596.532,167133.848,,,1870,5161043,1770,5148745,,,,,,,,,false,
starexec,KLE169+1.p,e1a,weight-greedy,REFUTED,17,350.415,44171.627,,,3552,2556541,3146,2485639,19,,,,,,,,false,
starexec,KLE170+1.002.p,e1a,age-fair,TIMEOUT,16,575.425,166422.475,,,1620,5208485,1525,5200609,,,,,,,,,false,
starexec,KLE170+1.002.p,e1a,balanced,TIMEOUT,16,157.475,166418.918,,,2118,9602606,2002,9581610,,,,,,,,,false,
starexec,KLE170+1.002.p,e1a,equational,TIMEOUT,16,331.217,166738.709,,,1710,5153085,1667,5140469,,,,,,,,,false,
starexec,KLE170+1.002.p,e1a,first-negative,TIMEOUT,16,612.938,166729.208,,,1718,4894137,1648,4881155,,,,,,,,,false,
starexec,KLE170+1.002.p,e1a,occurrence,TIMEOUT,16,550.231,166699.118,,,2171,5395577,2054,5364360,,,,,,,,,false,
starexec,KLE170+1.002.p,e1a,subsumption-light,TIMEOUT,16,352.518,166795.215,,,1712,5287934,1602,5274202,,,,,,,,,false,
starexec,KLE170+1.002.p,e1a,unary-redundancy,TIMEOUT,16,553.036,166486.468,,,1806,5270468,1708,5258948,,,,,,,,,false,
starexec,KLE170+1.002.p,e1a,weight-greedy,TIMEOUT,16,354.053,166618.070,,,5373,7152248,4989,7024746,,,,,,,,,false,
starexec,KRS187+1.p,e1a,age-fair,TIMEOUT,32,1327.610,166721.003,,,6922,7607473,6487,7597907,,,,,,,,,false,
starexec,KRS187+1.p,e1a,balanced,TIMEOUT,32,324.903,166472.535,,,11411,15269310,10379,15237510,,,,,,,,,false,
starexec,KRS187+1.p,e1a,equational,TIMEOUT,32,675.615,167716.081,,,8460,8186571,7669,8162071,,,,,,,,,false,
starexec,KRS187+1.p,e1a,first-negative,REFUTED,32,1332.211,44861.342,,,6245,1797663,5897,1776621,120,,,,,,,,false,
starexec,KRS187+1.p,e1a,occurrence,TIMEOUT,32,1268.587,167594.025,,,9045,8584744,8259,8527937,,,,,,,,,false,
starexec,KRS187+1.p,e1a,subsumption-light,TIMEOUT,32,666.095,166825.159,,,6268,3935143,5769,3917319,,,,,,,,,false,
starexec,KRS187+1.p,e1a,unary-redundancy,TIMEOUT,32,1327.529,167724.222,,,6332,4288944,5946,4271890,,,,,,,,,false,
starexec,KRS187+1.p,e1a,weight-greedy,REFUTED,32,656.934,6925.438,,,4171,95989,3817,74575,129,,,,,,,,false,
starexec,KRS190+1.p,e1a,age-fair,TIMEOUT,32,1236.501,166799.218,,,6833,7342389,6399,7332975,,,,,,,,,false,
starexec,KRS190+1.p,e1a,balanced,TIMEOUT,32,355.397,166478.431,,,12625,17963168,11528,17929476,,,,,,,,,false,
starexec,KRS190+1.p,e1a,equational,TIMEOUT,32,705.368,170188.047,,,8460,8186571,7669,8162071,,,,,,,,,false,
starexec,KRS190+1.p,e1a,first-negative,REFUTED,32,1387.091,53640.116,,,6419,1887702,6046,1865904,120,,,,,,,,false,
starexec,KRS190+1.p,e1a,occurrence,TIMEOUT,32,1286.161,166801.464,,,8850,8164103,8112,8108761,,,,,,,,,false,
starexec,KRS190+1.p,e1a,subsumption-light,TIMEOUT,32,655.002,166903.998,,,5832,3349345,5343,3332273,,,,,,,,,false,
starexec,KRS190+1.p,e1a,unary-redundancy,TIMEOUT,32,1359.192,166823.632,,,5325,3137630,4958,3123630,,,,,,,,,false,
starexec,KRS190+1.p,e1a,weight-greedy,REFUTED,32,716.850,10100.820,,,4013,90923,3677,70367,129,,,,,,,,false,
starexec,KRS192+1.p,e1a,age-fair,TIMEOUT,32,1312.813,166760.704,,,6986,7793790,6551,7784151,,,,,,,,,false,
starexec,KRS192+1.p,e1a,balanced,TIMEOUT,32,341.196,166452.749,,,11432,15307589,10398,15275755,,,,,,,,,false,
starexec,KRS192+1.p,e1a,equational,TIMEOUT,32,656.378,166760.761,,,8717,8794104,7914,8768600,,,,,,,,,false,
starexec,KRS192+1.p,e1a,first-negative,TIMEOUT,32,1374.042,166765.228,,,13205,7284476,12505,7244410,,,,,,,,,false,
starexec,KRS192+1.p,e1a,occurrence,TIMEOUT,32,850.175,166566.465,,,9263,8957588,8430,8899771,,,,,,,,,false,
starexec,KRS192+1.p,e1a,subsumption-light,TIMEOUT,32,660.010,167227.777,,,5883,3442953,5394,3425783,,,,,,,,,false,
starexec,KRS192+1.p,e1a,unary-redundancy,TIMEOUT,32,1344.381,166807.479,,,5503,3350919,5136,3336331,,,,,,,,,false,
starexec,KRS192+1.p,e1a,weight-greedy,TIMEOUT,32,686.691,170000.562,,,26821,4585942,24357,4153765,,,,,,,,,false,
starexec,KRS195+1.p,e1a,age-fair,TIMEOUT,32,1259.937,166910.279,,,6966,7725887,6531,7716271,,,,,,,,,false,
starexec,KRS195+1.p,e1a,balanced,TIMEOUT,32,373.352,166450.200,,,11397,15239493,10365,15207721,,,,,,,,,false,
starexec,KRS195+1.p,e1a,equational,TIMEOUT,32,639.571,166815.939,,,8580,8480747,7782,8455727,,,,,,,,,false,
starexec,KRS195+1.p,e1a,first-negative,REFUTED,32,1286.317,46936.021,,,6247,1801030,5897,1779873,120,,,,,,,,false,
starexec,KRS195+1.p,e1a,occurrence,TIMEOUT,32,1238.958,168034.238,,,9048,8588083,8262,8531261,,,,,,,,,false,
starexec,KRS195+1.p,e1a,subsumption-light,TIMEOUT,32,667.293,166879.902,,,5865,3412948,5376,3395812,,,,,,,,,false,
starexec,KRS195+1.p,e1a,unary-redundancy,TIMEOUT,32,1332.813,166839.482,,,5441,3275461,5074,3261093,,,,,,,,,false,
starexec,KRS195+1.p,e1a,weight-greedy,REFUTED,32,666.815,10284.360,,,4119,93852,3777,72785,129,,,,,,,,false,
starexec,KRS196+1.p,e1a,age-fair,HARD_TIMEOUT,32,0.000,,,,,,,,,,,,,,,,false,
starexec,KRS196+1.p,e1a,balanced,TIMEOUT,32,343.102,166451.378,,,10861,13800255,9833,13769527,,,,,,,,,false,
starexec,KRS196+1.p,e1a,equational,TIMEOUT,32,697.876,166783.507,,,8381,7992590,7592,7968274,,,,,,,,,false,
starexec,KRS196+1.p,e1a,first-negative,REFUTED,32,1488.204,51184.536,,,6244,1800014,5894,1778863,120,,,,,,,,false,
starexec,KRS196+1.p,e1a,occurrence,TIMEOUT,32,1344.619,166771.125,,,8757,7948380,8057,7893888,,,,,,,,,false,
starexec,KRS196+1.p,e1a,subsumption-light,TIMEOUT,32,718.767,167200.817,,,5825,3331119,5336,3314061,,,,,,,,,false,
starexec,KRS196+1.p,e1a,unary-redundancy,TIMEOUT,32,1381.439,167627.785,,,5321,3129216,4954,3115228,,,,,,,,,false,
starexec,KRS196+1.p,e1a,weight-greedy,REFUTED,32,741.887,9493.237,,,4121,94706,3762,73644,129,,,,,,,,false,
starexec,KRS216+1.p,e1a,age-fair,TIMEOUT,32,1369.021,166743.928,,,6829,7334549,6395,7325139,,,,,,,,,false,
starexec,KRS216+1.p,e1a,balanced,TIMEOUT,32,348.049,166489.887,,,10881,13849555,9863,13818767,,,,,,,,,false,
starexec,KRS216+1.p,e1a,equational,TIMEOUT,32,678.218,166794.762,,,8453,8173116,7662,8148632,,,,,,,,,false,
starexec,KRS216+1.p,e1a,first-negative,TIMEOUT,32,1414.507,166827.688,,,16194,10224916,15547,10174214,,,,,,,,,false,
starexec,KRS216+1.p,e1a,occurrence,TIMEOUT,32,1343.971,166705.827,,,8830,8121476,8092,8066419,,,,,,,,,false,
starexec,KRS216+1.p,e1a,subsumption-light,TIMEOUT,32,703.518,167089.496,,,5818,3314691,5329,3297647,,,,,,,,,false,
starexec,KRS216+1.p,e1a,unary-redundancy,TIMEOUT,32,1281.618,166940.253,,,5321,3129216,4954,3115228,,,,,,,,,false,
starexec,KRS216+1.p,e1a,weight-greedy,REFUTED,32,726.291,8059.228,,,2845,59761,2629,46701,129,,,,,,,,false,
starexec,KRS233+1.p,e1a,age-fair,HARD_TIMEOUT,32,0.000,,,,,,,,,,,,,,,,false,
starexec,KRS233+1.p,e1a,balanced,TIMEOUT,32,311.182,168334.150,,,11546,15515565,10505,15483405,,,,,,,,,false,
starexec,KRS233+1.p,e1a,equational,TIMEOUT,32,698.008,166762.580,,,8742,8855429,7937,8829815,,,,,,,,,false,
starexec,KRS233+1.p,e1a,occurrence,TIMEOUT,32,1203.521,166738.765,,,9266,8968950,8433,8911063,,,,,,,,,false,
starexec,KRS233+1.p,e1a,subsumption-light,TIMEOUT,32,685.157,166930.730,,,5933,3523240,5444,3505970,,,,,,,,,false,
starexec,KRS233+1.p,e1a,unary-redundancy,TIMEOUT,32,1248.168,166860.523,,,5632,3466664,5265,3451622,,,,,,,,,false,
starexec,KRS233+1.p,e1a,weight-greedy,TIMEOUT,32,673.661,166759.316,,,27128,4868418,24552,4429969,,,,,,,,,false,
starexec,KRS234+1.p,e1a,age-fair,TIMEOUT,32,1345.336,166727.698,,,6772,7190388,6339,7181046,,,,,,,,,false,
starexec,KRS234+1.p,e1a,balanced,TIMEOUT,32,363.723,166463.764,,,11064,14287109,10032,14256003,,,,,,,,,false,
starexec,KRS234+1.p,e1a,equational,TIMEOUT,32,724.372,169698.478,,,8460,8186547,7669,8162047,,,,,,,,,false,
starexec,KRS234+1.p,e1a,first-negative,TIMEOUT,32,1489.147,167324.185,,,12802,6946029,12219,6906733,,,,,,,,,false,
starexec,KRS234+1.p,e1a,occurrence,TIMEOUT,32,1354.099,166859.201,,,8899,8251223,8161,8195646,,,,,,,,,false,
starexec,KRS234+1.p,e1a,subsumption-light,TIMEOUT,32,689.709,166869.473,,,5832,3349345,5343,3332273,,,,,,,,,false,
starexec,KRS234+1.p,e1a,unary-redundancy,TIMEOUT,32,1338.654,166855.304,,,5327,3139977,4960,3125967,,,,,,,,,false,
starexec,KRS234+1.p,e1a,weight-greedy,REFUTED,32,679.030,8160.666,,,2842,59749,2625,46702,129,,,,,,,,false,
starexec,KRS251+1.p,e1a,age-fair,TIMEOUT,32,720.521,166424.212,,,9027,13104382,8466,13091343,,,,,,,,,false,
starexec,KRS251+1.p,e1a,balanced,TIMEOUT,32,357.251,166432.345,,,11211,14781246,10179,14749822,,,,,,,,,false,
starexec,KRS251+1.p,e1a,equational,TIMEOUT,32,363.657,166432.866,,,11032,14275777,10003,14244721,,,,,,,,,false,
starexec,KRS251+1.p,e1a,occurrence,TIMEOUT,32,684.588,169210.408,,,11531,13626864,10602,13554172,,,,,,,,,false,
starexec,KRS251+1.p,e1a,subsumption-light,TIMEOUT,32,383.900,166521.721,,,6824,4633493,6293,4614757,,,,,,,,,false,
starexec,KRS251+1.p,e1a,unary-redundancy,TIMEOUT,32,694.769,166481.410,,,6524,4579932,6140,4562382,,,,,,,,,false,
starexec,KRS251+1.p,e1a,weight-greedy,TIMEOUT,32,382.774,166430.290,,,32129,5028664,27817,4610887,,,,,,,,,false,
starexec,KRS261+1.p,e1a,age-fair,TIMEOUT,32,1363.863,166714.627,,,6828,7331571,6394,7322162,,,,,,,,,false,
starexec,KRS261+1.p,e1a,balanced,TIMEOUT,32,344.510,166499.926,,,10334,14176433,9623,14145411,,,,,,,,,false,
starexec,KRS261+1.p,e1a,equational,TIMEOUT,32,712.297,166873.567,,,8306,8145716,7640,8121246,,,,,,,,,false,
starexec,KRS261+1.p,e1a,first-negative,TIMEOUT,32,1438.139,167691.906,,,12724,6944691,12141,6905429,,,,,,,,,false,
starexec,KRS261+1.p,e1a,occurrence,TIMEOUT,32,1343.905,166742.403,,,8931,8336915,8193,8281028,,,,,,,,,false,
starexec,KRS261+1.p,e1a,subsumption-light,TIMEOUT,32,692.502,167062.418,,,5833,3352028,5344,3334952,,,,,,,,,false,
starexec,KRS261+1.p,e1a,unary-redundancy,TIMEOUT,32,1314.435,166794.284,,,5329,3141170,4962,3127154,,,,,,,,,false,
starexec,KRS261+1.p,e1a,weight-greedy,TIMEOUT,32,717.228,167357.329,,,33636,8435431,28505,7847046,,,,,,,,,false,
starexec,KRS262+1.p,e1a,age-fair,TIMEOUT,32,1255.547,166742.691,,,6979,7763714,6544,7754083,,,,,,,,,false,
starexec,KRS262+1.p,e1a,balanced,REFUTED,32,327.626,2544.152,,,700,30564,685,29454,129,,,,,,,,false,
starexec,KRS262+1.p,e1a,equational,REFUTED,32,652.013,4522.938,,,700,30564,685,29454,129,,,,,,,,false,
starexec,KRS262+1.p,e1a,first-negative,REFUTED,32,1394.358,17371.883,,,2820,348932,2783,341558,120,,,,,,,,false,
starexec,KRS262+1.p,e1a,occurrence,REFUTED,32,1364.703,5788.328,,,1077,41354,1054,37606,120,,,,,,,,false,
starexec,KRS262+1.p,e1a,subsumption-light,REFUTED,32,665.185,6169.807,,,703,28706,688,27588,129,,,,,,,,false,
starexec,KRS262+1.p,e1a,unary-redundancy,TIMEOUT,32,1324.852,166802.061,,,5460,3297311,5093,3282867,,,,,,,,,false,
starexec,KRS262+1.p,e1a,weight-greedy,REFUTED,32,663.051,1318.869,,,301,597,301,236,129,,,,,,,,false,
starexec,LAT258+1.p,e1a,age-fair,TIMEOUT,17,635.954,166489.245,,,14741,7796601,14206,7777597,,,,,,,,,false,
starexec,LAT258+1.p,e1a,balanced,TIMEOUT,17,223.040,166285.334,,,24846,14111267,23433,14048803,,,,,,,,,false,
starexec,LAT258+1.p,e1a,equational,TIMEOUT,17,427.462,166459.666,,,16340,8420134,15369,8382110,,,,,,,,,false,
starexec,LAT258+1.p,e1a,occurrence,TIMEOUT,17,662.869,166468.016,,,30101,8226554,24558,7984881,,,,,,,,,false,
starexec,LAT258+1.p,e1a,subsumption-light,TIMEOUT,17,397.621,166503.358,,,10244,3156582,10028,3131812,,,,,,,,,false,
starexec,LAT258+1.p,e1a,unary-redundancy,TIMEOUT,17,645.702,166608.016,,,10283,3196591,10067,3171729,,,,,,,,,false,
starexec,LAT258+1.p,e1a,weight-greedy,TIMEOUT,17,424.000,166437.476,,,44218,5821980,31371,5318319,,,,,,,,,false,
starexec,LAT287+3.p,e1a,age-fair,KILLED,,0.000,,,,,,,,,,,,,,,,false,killed before finishing
starexec,LAT287+3.p,e1a,equational,KILLED,,0.000,,,,,,,,,,,,,,,,false,killed before finishing
starexec,LAT287+3.p,e1a,first-negative,SATURATED,12371,5234.441,1393.750,,,177,192,164,74,,,,,,,,,false,
starexec,LAT287+3.p,e1a,occurrence,KILLED,,0.000,,,,,,,,,,,,,,,,false,killed before finishing
starexec,LAT287+3.p,e1a,subsumption-light,KILLED,,0.000,,,,,,,,,,,,,,,,false,killed before finishing
starexec,LAT287+3.p,e1a,unary-redundancy,KILLED,,0.000,,,,,,,,,,,,,,,,false,killed before finishing
starexec,LAT287+3.p,e1a,weight-greedy,KILLED,,0.000,,,,,,,,,,,,,,,,false,killed before finishing
starexec,LAT303+4.p,e1a,age-fair,KILLED,,0.000,,,,,,,,,,,,,,,,false,killed before finishing
starexec,LAT303+4.p,e1a,balanced,KILLED,,0.000,,,,,,,,,,,,,,,,false,killed before finishing
starexec,LAT303+4.p,e1a,equational,KILLED,,0.000,,,,,,,,,,,,,,,,false,killed before finishing
starexec,LAT303+4.p,e1a,first-negative,KILLED,,0.000,,,,,,,,,,,,,,,,false,killed before finishing
starexec,LAT303+4.p,e1a,occurrence,KILLED,,0.000,,,,,,,,,,,,,,,,false,killed before finishing
starexec,LAT303+4.p,e1a,subsumption-light,KILLED,,0.000,,,,,,,,,,,,,,,,false,killed before finishing
starexec,LAT303+4.p,e1a,unary-redundancy,KILLED,,0.000,,,,,,,,,,,,,,,,false,killed before finishing
starexec,LAT303+4.p,e1a,weight-greedy,KILLED,,0.000,,,,,,,,,,,,,,,,false,killed before finishing
starexec,LAT305+3.p,e1a,age-fair,KILLED,,0.000,,,,,,,,,,,,,,,,false,killed before finishing
starexec,LAT305+3.p,e1a,balanced,KILLED,,0.000,,,,,,,,,,,,,,,,false,killed before finishing
starexec,LAT305+3.p,e1a,equational,KILLED,,0.000,,,,,,,,,,,,,,,,false,killed before finishing
starexec,LAT305+3.p,e1a,first-negative,KILLED,,0.000,,,,,,,,,,,,,,,,false,killed before finishing
starexec,LAT305+3.p,e1a,occurrence,KILLED,,0.000,,,,,,,,,,,,,,,,false,killed before finishing
starexec,LAT305+3.p,e1a,subsumption-light,KILLED,,0.000,,,,,,,,,,,,,,,,false,killed before finishing
starexec,LAT305+3.p,e1a,unary-redundancy,KILLED,,0.000,,,,,,,,,,,,,,,,false,killed before finishing
starexec,LAT305+3.p,e1a,weight-greedy,KILLED,,0.000,,,,,,,,,,,,,,,,false,killed before finishing
starexec,LAT351+3.p,e1a,balanced,KILLED,,0.000,,,,,,,,,,,,,,,,false,killed before finishing
starexec,LAT351+3.p,e1a,equational,KILLED,,0.000,,,,,,,,,,,,,,,,false,killed before finishing
starexec,LAT351+3.p,e1a,first-negative,KILLED,,0.000,,,,,,,,,,,,,,,,false,killed before finishing
starexec,LAT351+3.p,e1a,occurrence,KILLED,,0.000,,,,,,,,,,,,,,,,false,killed before finishing
starexec,LAT351+3.p,e1a,subsumption-light,KILLED,,0.000,,,,,,,,,,,,,,,,false,killed before finishing
starexec,LAT351+3.p,e1a,unary-redundancy,KILLED,,0.000,,,,,,,,,,,,,,,,false,killed before finishing
starexec,LAT351+3.p,e1a,weight-greedy,KILLED,,0.000,,,,,,,,,,,,,,,,false,killed before finishing
starexec,LCL062+2.p,e1a,age-fair,TIMEOUT,2,419.122,166407.572,,,7343,4712713,6730,4686754,,,,,,,,,false,
starexec,LCL062+2.p,e1a,balanced,TIMEOUT,2,146.929,166274.541,,,9354,8288389,8613,8221751,,,,,,,,,false,
starexec,LCL062+2.p,e1a,equational,TIMEOUT,2,322.299,166419.254,,,6942,5084694,6412,5035622,,,,,,,,,false,
starexec,LCL062+2.p,e1a,first-negative,TIMEOUT,2,479.945,166430.271,,,9142,2344279,8820,2180600,,,,,,,,,false,
starexec,LCL062+2.p,e1a,occurrence,TIMEOUT,2,476.567,166432.094,,,7583,4965986,7309,4832024,,,,,,,,,false,
starexec,LCL062+2.p,e1a,subsumption-light,TIMEOUT,2,298.620,166437.275,,,7155,4554723,6674,4508815,,,,,,,,,false,
starexec,LCL062+2.p,e1a,unary-redundancy,TIMEOUT,2,432.425,166987.726,,,7165,4568030,6684,4521934,,,,,,,,,false,
starexec,LCL062+2.p,e1a,weight-greedy,TIMEOUT,2,354.498,166456.777,,,15453,4925425,14956,4403013,,,,,,,,,false,
starexec,LCL073+1.p,e1a,age-fair,TIMEOUT,2,408.846,166439.312,,,6920,6426661,6460,6331647,,,,,,,,,false,
starexec,LCL073+1.p,e1a,balanced,TIMEOUT,2,148.881,166239.246,,,7433,10981174,6785,10766333,,,,,,,,,false,
starexec,LCL073+1.p,e1a,equational,TIMEOUT,2,300.434,166457.160,,,6161,7099332,5753,7003010,,,,,,,,,false,
starexec,LCL073+1.p,e1a,first-negative,TIMEOUT,2,454.198,166481.840,,,6203,3598443,5210,3227848,,,,,,,,,false,
starexec,LCL073+1.p,e1a,occurrence,TIMEOUT,2,399.110,166419.440,,,6530,8002659,6128,7889562,,,,,,,,,false,
starexec,LCL073+1.p,e1a,subsumption-light,TIMEOUT,2,302.103,166506.103,,,7555,3082513,6875,2889425,,,,,,,,,false,
starexec,LCL073+1.p,e1a,unary-redundancy,TIMEOUT,2,433.543,166387.521,,,7538,2996884,6858,2803830,,,,,,,,,false,
starexec,LCL073+1.p,e1a,weight-greedy,HARD_TIMEOUT,2,0.000,,,,,,,,,,,,,,,,false,
starexec,LCL109+1.p,e1a,age-fair,TIMEOUT,5,407.951,166421.769,,,6775,6574479,6440,6561318,,,,,,,,,false,
starexec,LCL109+1.p,e1a,balanced,TIMEOUT,5,131.097,166266.892,,,8898,10916048,8456,10883544,,,,,,,,,false,
starexec,LCL109+1.p,e1a,equational,TIMEOUT,5,312.545,169006.314,,,6990,6593243,6588,6567025,,,,,,,,,false,
starexec,LCL109+1.p,e1a,first-negative,TIMEOUT,5,413.459,166538.267,,,10343,5158346,10204,5031374,,,,,,,,,false,
starexec,LCL109+1.p,e1a,occurrence,TIMEOUT,5,397.146,166437.772,,,6960,7242062,6363,7172480,,,,,,,,,false,
starexec,LCL109+1.p,e1a,subsumption-light,TIMEOUT,5,281.770,166476.022,,,3742,2127230,3552,2113762,,,,,,,,,false,
starexec,LCL109+1.p,e1a,unary-redundancy,TIMEOUT,5,367.180,166468.719,,,3761,2155343,3574,2141819,,,,,,,,,false,
starexec,LCL109+1.p,e1a,weight-greedy,TIMEOUT,5,284.856,167524.324,,,13370,7025335,12227,6651911,,,,,,,,,false,
starexec,LCL368+1.p,e1a,age-fair,TIMEOUT,4,367.685,166411.886,,,7921,5286786,7575,5271959,,,,,,,,,false,
starexec,LCL368+1.p,e1a,balanced,REFUTED,4,125.865,26648.279,,,3993,1560678,3726,1549562,5,,,,,,,,false,
starexec,LCL368+1.p,e1a,equational,REFUTED,4,278.631,68342.721,,,4756,2238247,4457,2224649,5,,,,,,,,false,
starexec,LCL368+1.p,e1a,first-negative,TIMEOUT,4,405.313,166559.812,,,13270,3199433,11800,3079543,,,,,,,,,false,
starexec,LCL368+1.p,e1a,occurrence,REFUTED,4,384.904,12007.895,,,1721,234634,1606,225447,5,,,,,,,,false,
starexec,LCL368+1.p,e1a,subsumption-light,REFUTED,4,273.875,76657.959,,,3964,1556224,3706,1545088,5,,,,,,,,false,
starexec,LCL368+1.p,e1a,unary-redundancy,REFUTED,4,365.992,79972.516,,,3965,1558637,3705,1547505,5,,,,,,,,false,
starexec,LCL368+1.p,e1a,weight-greedy,REFUTED,4,268.277,39165.841,,,10065,1272427,9726,1161282,5,,,,,,,,false,
starexec,LCL368+2.p,e1a,age-fair,TIMEOUT,2,461.537,166470.063,,,7204,4620701,6647,4595041,,,,,,,,,false,
starexec,LCL368+2.p,e1a,balanced,REFUTED,2,148.528,152581.487,,,8841,7431462,8103,7370188,3,,,,,,,,false,
starexec,LCL368+2.p,e1a,equational,TIMEOUT,2,329.795,166455.507,,,7263,4736471,6703,4690209,,,,,,,,,false,
starexec,LCL368+2.p,e1a,first-negative,TIMEOUT,2,504.385,166435.290,,,9007,2306513,8714,2147704,,,,,,,,,false,
starexec,LCL368+2.p,e1a,occurrence,REFUTED,2,512.302,59198.994,,,4146,1753670,4032,1691998,3,,,,,,,,false,
starexec,LCL368+2.p,e1a,subsumption-light,TIMEOUT,2,354.801,166486.018,,,6999,4441878,6544,4398494,,,,,,,,,false,
starexec,LCL368+2.p,e1a,unary-redundancy,TIMEOUT,2,491.953,166408.620,,,7010,4455504,6554,4411904,,,,,,,,,false,
starexec,LCL368+2.p,e1a,weight-greedy,TIMEOUT,2,329.463,166457.763,,,15240,4775418,14981,4263886,,,,,,,,,false,
starexec,LCL369+1.p,e1a,age-fair,TIMEOUT,4,359.679,166417.799,,,7904,5287233,7591,5272605,,,,,,,,,false,
starexec,LCL369+1.p,e1a,balanced,TIMEOUT,4,123.656,166560.038,,,10554,9240251,10048,9207379,,,,,,,,,false,
starexec,LCL369+1.p,e1a,equational,TIMEOUT,4,303.869,166468.528,,,8107,5479776,7630,5453676,,,,,,,,,false,
starexec,LCL369+1.p,e1a,first-negative,TIMEOUT,4,376.722,166480.019,,,13140,3075005,11675,2960020,,,,,,,,,false,
starexec,LCL369+1.p,e1a,occurrence,TIMEOUT,4,413.959,166463.356,,,7901,5899875,7444,5844378,,,,,,,,,false,
starexec,LCL369+1.p,e1a,subsumption-light,TIMEOUT,4,282.638,166538.840,,,6247,3537182,5882,3517140,,,,,,,,,false,
starexec,LCL369+1.p,e1a,unary-redundancy,TIMEOUT,4,397.071,166469.780,,,6194,3487707,5856,3467899,,,,,,,,,false,
starexec,LCL369+1.p,e1a,weight-greedy,TIMEOUT,4,250.279,166403.965,,,24935,5425171,22818,5144833,,,,,,,,,false,
starexec,LCL369+2.p,e1a,age-fair,TIMEOUT,2,429.055,166471.857,,,6949,4908382,6442,4881850,,,,,,,,,false,
starexec,LCL369+2.p,e1a,balanced,TIMEOUT,2,150.905,166241.482,,,9556,8495605,8645,8427537,,,,,,,,,false,
starexec,LCL369+2.p,e1a,equational,TIMEOUT,2,310.638,166870.632,,,6866,5023664,6359,4974744,,,,,,,,,false,
starexec,LCL369+2.p,e1a,first-negative,TIMEOUT,2,452.982,166506.969,,,9120,2338719,8801,2175816,,,,,,,,,false,
starexec,LCL369+2.p,e1a,occurrence,TIMEOUT,2,415.478,166443.227,,,7291,4699275,7140,4584783,,,,,,,,,false,
starexec,LCL369+2.p,e1a,subsumption-light,TIMEOUT,2,310.996,166401.224,,,6745,4713659,6503,4666485,,,,,,,,,false,
starexec,LCL369+2.p,e1a,unary-redundancy,TIMEOUT,2,426.822,166427.538,,,6839,4818604,6582,4770908,,,,,,,,,false,
starexec,LCL369+2.p,e1a,weight-greedy,TIMEOUT,2,297.173,166431.307,,,16310,4823237,15940,4295283,,,,,,,,,false,
starexec,LCL370+1.p,e1a,age-fair,TIMEOUT,4,355.827,166487.586,,,7778,5195825,7499,5181232,,,,,,,,,false,
starexec,LCL370+1.p,e1a,balanced,TIMEOUT,4,119.789,166761.950,,,10624,9215160,10246,9181984,,,,,,,,,false,
starexec,LCL370+1.p,e1a,equational,TIMEOUT,4,276.155,166427.203,,,8215,5455350,7913,5428296,,,,,,,,,false,
starexec,LCL370+1.p,e1a,first-negative,TIMEOUT,4,413.694,166457.605,,,11658,3576041,10373,3470495,,,,,,,,,false,
starexec,LCL370+1.p,e1a,occurrence,REFUTED,4,379.987,12335.829,,,1584,235108,1464,226246,5,,,,,,,,false,
starexec,LCL370+1.p,e1a,subsumption-light,TIMEOUT,4,250.466,166416.972,,,6302,3706915,5997,3687193,,,,,,,,,false,
starexec,LCL370+1.p,e1a,unary-redundancy,TIMEOUT,4,385.235,166476.282,,,6299,3701594,5994,3681890,,,,,,,,,false,
starexec,LCL370+1.p,e1a,weight-greedy,TIMEOUT,4,270.569,166405.235,,,22597,5334960,19679,5055308,,,,,,,,,false,
starexec,LCL372+2.p,e1a,age-fair,TIMEOUT,2,453.830,166448.379,,,7364,4794677,6806,4768345,,,,,,,,,false,
starexec,LCL372+2.p,e1a,balanced,TIMEOUT,2,154.509,166260.563,,,9494,8501497,8642,8431927,,,,,,,,,false,
starexec,LCL372+2.p,e1a,equational,HARD_TIMEOUT,2,0.000,,,,,,,,,,,,,,,,false,
starexec,LCL372+2.p,e1a,first-negative,TIMEOUT,2,467.073,166521.796,,,9280,2376811,8931,2208387,,,,,,,,,false,
starexec,LCL372+2.p,e1a,occurrence,TIMEOUT,2,456.601,166514.050,,,7485,4890047,7261,4764620,,,,,,,,,false,
starexec,LCL372+2.p,e1a,subsumption-light,TIMEOUT,2,294.184,166481.648,,,7209,4693105,6754,4648165,,,,,,,,,false,
starexec,LCL372+2.p,e1a,unary-redundancy,TIMEOUT,2,463.050,166469.437,,,7250,4737865,6788,4692393,,,,,,,,,false,
starexec,LCL372+2.p,e1a,weight-greedy,TIMEOUT,2,324.487,166538.163,,,16948,4464657,16620,3953363,,,,,,,,,false,
starexec,LCL373+2.p,e1a,age-fair,TIMEOUT,2,467.031,166379.415,,,7305,4717908,6748,4691702,,,,,,,,,false,
starexec,LCL373+2.p,e1a,balanced,TIMEOUT,2,160.678,166250.291,,,9454,8544790,8642,8475214,,,,,,,,,false,
starexec,LCL373+2.p,e1a,equational,TIMEOUT,2,309.853,166437.262,,,7204,4834552,6748,4787286,,,,,,,,,false,
starexec,LCL373+2.p,e1a,first-negative,TIMEOUT,2,504.100,166500.899,,,9163,2348274,8837,2183845,,,,,,,,,false,
starexec,LCL373+2.p,e1a,occurrence,TIMEOUT,2,441.286,166461.575,,,8923,7104451,8637,6935934,,,,,,,,,false,
starexec,LCL373+2.p,e1a,subsumption-light,TIMEOUT,2,309.967,166462.341,,,7081,4600308,6637,4556026,,,,,,,,,false,
starexec,LCL373+2.p,e1a,unary-redundancy,TIMEOUT,2,463.779,166420.091,,,7121,4636233,6676,4591829,,,,,,,,,false,
starexec,LCL373+2.p,e1a,weight-greedy,TIMEOUT,2,345.922,166430.530,,,15902,4554711,15423,4044267,,,,,,,,,false,
starexec,LCL374+1.p,e1a,age-fair,TIMEOUT,4,407.561,166577.071,,,7663,5034007,7347,5019790,,,,,,,,,false,
starexec,LCL374+1.p,e1a,balanced,TIMEOUT,4,116.282,166342.906,,,10440,9113979,9962,9081371,,,,,,,,,false,
starexec,LCL374+1.p,e1a,equational,TIMEOUT,4,271.658,166441.426,,,7797,5165458,7381,5140112,,,,,,,,,false,
starexec,LCL374+1.p,e1a,first-negative,TIMEOUT,4,409.224,166512.168,,,12130,2920880,10940,2806105,,,,,,,,,false,
starexec,LCL374+1.p,e1a,occurrence,TIMEOUT,4,400.558,166420.171,,,7539,5467416,7215,5415109,,,,,,,,,false,
starexec,LCL374+1.p,e1a,subsumption-light,TIMEOUT,4,287.735,166455.538,,,6185,3550805,5848,3530679,,,,,,,,,false,
starexec,LCL374+1.p,e1a,unary-redundancy,TIMEOUT,4,397.522,166452.802,,,5951,3328825,5623,3310321,,,,,,,,,false,
starexec,LCL374+1.p,e1a,weight-greedy,TIMEOUT,4,293.774,166435.436,,,25861,5692351,25280,5369200,,,,,,,,,false,
starexec,LCL375+1.p,e1a,age-fair,TIMEOUT,4,210.208,166257.954,,,10120,8837660,9795,8818973,,,,,,,,,false,
starexec,LCL375+1.p,e1a,balanced,TIMEOUT,4,134.659,166253.216,,,10221,9040766,9802,9008897,,,,,,,,,false,
starexec,LCL375+1.p,e1a,equational,TIMEOUT,4,157.905,167567.534,,,10470,8972130,10092,8939144,,,,,,,,,false,
starexec,LCL375+1.p,e1a,first-negative,TIMEOUT,4,224.422,166222.742,,,15321,5994643,13927,5868551,,,,,,,,,false,
starexec,LCL375+1.p,e1a,occurrence,KILLED,,0.000,,,,,,,,,,,,,,,,false,killed before finishing
starexec,LCL375+1.p,e1a,subsumption-light,TIMEOUT,4,160.595,166271.083,,,8302,5938693,7862,5911693,,,,,,,,,false,
starexec,LCL375+1.p,e1a,unary-redundancy,TIMEOUT,4,204.396,166244.413,,,8297,5926954,7889,5899884,,,,,,,,,false,
starexec,LCL375+1.p,e1a,weight-greedy,TIMEOUT,4,167.439,166226.799,,,29930,9975235,27723,9604327,,,,,,,,,false,
starexec,LCL382+1.p,e1a,age-fair,HARD_TIMEOUT,4,0.000,,,,,,,,,,,,,,,,false,
starexec,LCL382+1.p,e1a,balanced,TIMEOUT,4,129.912,170671.964,,,10657,9237461,10292,9204245,,,,,,,,,false,
starexec,LCL382+1.p,e1a,equational,REFUTED,4,275.504,147066.248,,,7455,4650226,7175,4625492,5,,,,,,,,false,
starexec,LCL382+1.p,e1a,first-negative,TIMEOUT,4,425.933,166447.295,,,12691,3009070,11298,2896684,,,,,,,,,false,
starexec,LCL382+1.p,e1a,occurrence,REFUTED,4,382.791,12857.838,,,1528,227446,1426,218744,5,,,,,,,,false,
starexec,LCL382+1.p,e1a,subsumption-light,TIMEOUT,4,302.599,166423.706,,,6173,3545842,5902,3526810,,,,,,,,,false,
starexec,LCL382+1.p,e1a,unary-redundancy,TIMEOUT,4,397.845,166884.124,,,5939,3397801,5675,3379805,,,,,,,,,false,
starexec,LCL382+1.p,e1a,weight-greedy,TIMEOUT,4,305.613,166400.765,,,19449,4660883,18762,4397831,,,,,,,,,false,
starexec,LCL382+2.p,e1a,age-fair,TIMEOUT,2,460.286,166412.776,,,7221,4745318,6740,4719177,,,,,,,,,false,
starexec,LCL382+2.p,e1a,balanced,TIMEOUT,2,132.840,166239.909,,,9405,8560965,8695,8491801,,,,,,,,,false,
starexec,LCL382+2.p,e1a,equational,TIMEOUT,2,302.388,166439.447,,,7309,4976501,6862,4928611,,,,,,,,,false,
starexec,LCL382+2.p,e1a,first-negative,TIMEOUT,2,460.143,166511.601,,,9095,2331468,8779,2169749,,,,,,,,,false,
starexec,LCL382+2.p,e1a,occurrence,TIMEOUT,2,434.516,166429.994,,,7374,4806534,7164,4682922,,,,,,,,,false,
starexec,LCL382+2.p,e1a,subsumption-light,TIMEOUT,2,288.293,166480.832,,,7185,4721957,6732,4676589,,,,,,,,,false,
starexec,LCL382+2.p,e1a,unary-redundancy,TIMEOUT,2,421.973,166436.999,,,7214,4758267,6761,4712795,,,,,,,,,false,
starexec,LCL382+2.p,e1a,weight-greedy,TIMEOUT,2,312.175,166433.519,,,14450,4171136,14049,3666914,,,,,,,,,false,
starexec,LCL383+1.p,e1a,age-fair,TIMEOUT,4,380.368,166442.166,,,7903,5164358,7536,5149339,,,,,,,,,false,
starexec,LCL383+1.p,e1a,balanced,TIMEOUT,4,116.401,169211.013,,,10667,9354980,10212,9320920,,,,,,,,,false,
starexec,LCL383+1.p,e1a,equational,TIMEOUT,4,261.340,166442.994,,,7955,5246317,7478,5219399,,,,,,,,,false,
starexec,LCL383+1.p,e1a,first-negative,TIMEOUT,4,412.885,166472.565,,,14801,2898670,13713,2806978,,,,,,,,,false,
starexec,LCL383+1.p,e1a,occurrence,REFUTED,4,384.984,11599.143,,,1900,321693,1760,310686,5,,,,,,,,false,
starexec,LCL383+1.p,e1a,subsumption-light,TIMEOUT,4,278.330,166415.039,,,6475,3798823,6053,3776899,,,,,,,,,false,
starexec,LCL383+1.p,e1a,unary-redundancy,TIMEOUT,4,369.130,166567.205,,,6395,3722749,5986,3701335,,,,,,,,,false,
starexec,LCL383+1.p,e1a,weight-greedy,TIMEOUT,4,280.653,166408.175,,,22484,5079031,21514,4779533,,,,,,,,,false,
starexec,LCL390+2.p,e1a,age-fair,TIMEOUT,2,416.974,166530.610,,,7301,4723836,6746,4697613,,,,,,,,,false,
starexec,LCL390+2.p,e1a,balanced,TIMEOUT,2,149.786,166214.023,,,11096,11130787,10164,11047431,,,,,,,,,false,
starexec,LCL390+2.p,e1a,equational,TIMEOUT,2,277.588,166424.344,,,7669,5467477,7165,5416571,,,,,,,,,false,
starexec,LCL390+2.p,e1a,first-negative,TIMEOUT,2,435.195,166456.013,,,9223,2363070,8885,2196625,,,,,,,,,false,
starexec,LCL390+2.p,e1a,occurrence,TIMEOUT,2,434.889,166845.698,,,8618,6614895,8301,6451528,,,,,,,,,false,
starexec,LCL390+2.p,e1a,subsumption-light,TIMEOUT,2,306.284,169315.163,,,7566,5157918,7083,5108920,,,,,,,,,false,
starexec,LCL390+2.p,e1a,unary-redundancy,HARD_TIMEOUT,2,0.000,,,,,,,,,,,,,,,,false,
starexec,LCL390+2.p,e1a,weight-greedy,TIMEOUT,2,296.743,169198.210,,,16107,6016444,15674,5429517,,,,,,,,,false,
starexec,LCL391+2.p,e1a,age-fair,TIMEOUT,2,439.162,166402.107,,,7232,4763678,6749,4737481,,,,,,,,,false,
starexec,LCL391+2.p,e1a,balanced,TIMEOUT,2,133.183,166236.946,,,9512,8698041,8807,8627477,,,,,,,,,false,
starexec,LCL391+2.p,e1a,equational,TIMEOUT,2,285.467,166463.093,,,7230,4878565,6775,4830995,,,,,,,,,false,
starexec,LCL391+2.p,e1a,first-negative,TIMEOUT,2,501.548,166463.210,,,9182,2352759,8851,2187714,,,,,,,,,false,
starexec,LCL391+2.p,e1a,occurrence,TIMEOUT,2,442.367,166443.336,,,7403,4815923,7195,4692286,,,,,,,,,false,
starexec,LCL391+2.p,e1a,subsumption-light,TIMEOUT,2,299.922,166433.141,,,7154,4679063,6701,4633945,,,,,,,,,false,
starexec,LCL391+2.p,e1a,unary-redundancy,TIMEOUT,2,404.741,166484.783,,,7174,4704232,6720,4658898,,,,,,,,,false,
starexec,LCL391+2.p,e1a,weight-greedy,TIMEOUT,2,301.891,166451.231,,,13123,3556399,12761,3095646,,,,,,,,,false,
starexec,LCL392+2.p,e1a,age-fair,TIMEOUT,2,477.702,166495.624,,,7311,4846526,6827,4820164,,,,,,,,,false,
starexec,LCL392+2.p,e1a,balanced,TIMEOUT,2,142.896,166237.152,,,9605,8704063,8739,8634317,,,,,,,,,false,
starexec,LCL392+2.p,e1a,equational,TIMEOUT,2,350.059,166400.937,,,7280,4955065,6820,4907325,,,,,,,,,false,
starexec,LCL392+2.p,e1a,first-negative,TIMEOUT,2,468.619,166515.083,,,9250,2369413,8907,2201997,,,,,,,,,false,
starexec,LCL392+2.p,e1a,occurrence,TIMEOUT,2,436.643,166433.524,,,7429,4852679,7207,4728827,,,,,,,,,false,
starexec,LCL392+2.p,e1a,subsumption-light,TIMEOUT,2,294.203,166429.490,,,7241,4734718,6778,4689534,,,,,,,,,false,
starexec,LCL392+2.p,e1a,unary-redundancy,TIMEOUT,2,445.928,166424.294,,,7242,4735564,6779,4690378,,,,,,,,,false,
starexec,LCL392+2.p,e1a,weight-greedy,TIMEOUT,2,327.235,166427.006,,,15948,4615571,15644,4097664,,,,,,,,,false,
starexec,LCL393+1.p,e1a,age-fair,TIMEOUT,4,346.865,166437.334,,,8023,5473562,7698,5458628,,,,,,,,,false,
starexec,LCL393+1.p,e1a,balanced,TIMEOUT,4,132.475,166235.564,,,10756,9772966,10329,9739348,,,,,,,,,false,
starexec,LCL393+1.p,e1a,equational,TIMEOUT,4,275.350,166440.005,,,8275,5710858,7892,5684232,,,,,,,,,false,
starexec,LCL393+1.p,e1a,first-negative,TIMEOUT,4,398.881,166544.939,,,13257,3152637,11787,3035427,,,,,,,,,false,
starexec,LCL393+1.p,e1a,occurrence,TIMEOUT,4,358.455,166453.947,,,7983,6297948,7532,6240936,,,,,,,,,false,
starexec,LCL393+1.p,e1a,subsumption-light,TIMEOUT,4,279.040,166436.690,,,6588,4038925,6248,4016601,,,,,,,,,false,
starexec,LCL393+1.p,e1a,unary-redundancy,TIMEOUT,4,412.567,166429.352,,,6426,3864718,6091,3843190,,,,,,,,,false,
starexec,LCL393+1.p,e1a,weight-greedy,TIMEOUT,4,275.391,166422.426,,,22872,5937501,22116,5653395,,,,,,,,,false,
starexec,LCL393+2.p,e1a,age-fair,TIMEOUT,2,483.751,166396.824,,,7031,5016637,6524,4989798,,,,,,,,,false,
starexec,LCL393+2.p,e1a,balanced,TIMEOUT,2,146.657,166240.214,,,9826,8927235,8876,8857417,,,,,,,,,false,
starexec,LCL393+2.p,e1a,equational,TIMEOUT,2,342.177,166448.735,,,7025,5265538,6475,5214916,,,,,,,,,false,
starexec,LCL393+2.p,e1a,first-negative,TIMEOUT,2,437.062,166462.924,,,9722,2429159,9337,2253478,,,,,,,,,false,
starexec,LCL393+2.p,e1a,occurrence,TIMEOUT,2,430.164,166472.392,,,7468,5012568,7300,4887201,,,,,,,,,false,
starexec,LCL393+2.p,e1a,subsumption-light,TIMEOUT,2,312.638,166445.730,,,6973,5001132,6690,4952942,,,,,,,,,false,
starexec,LCL393+2.p,e1a,unary-redundancy,TIMEOUT,2,421.551,166430.246,,,6943,4967146,6666,4919080,,,,,,,,,false,
starexec,LCL393+2.p,e1a,weight-greedy,TIMEOUT,2,322.761,166431.094,,,15845,5063974,15543,4533538,,,,,,,,,false,
starexec,LCL395+1.p,e1a,age-fair,TIMEOUT,4,366.046,166504.464,,,7884,5252457,7562,5237860,,,,,,,,,false,
starexec,LCL395+1.p,e1a,balanced,TIMEOUT,4,127.420,168029.240,,,10491,9350785,10060,9317175,,,,,,,,,false,
starexec,LCL395+1.p,e1a,equational,TIMEOUT,4,280.984,166439.067,,,8085,5530716,7625,5503540,,,,,,,,,false,
starexec,LCL395+1.p,e1a,first-negative,TIMEOUT,4,406.619,166462.899,,,12514,3104640,11241,2986926,,,,,,,,,false,
starexec,LCL395+1.p,e1a,occurrence,TIMEOUT,4,373.224,166434.080,,,7708,5873310,7296,5819738,,,,,,,,,false,
starexec,LCL395+1.p,e1a,subsumption-light,TIMEOUT,4,281.408,166453.259,,,6522,3836680,6110,3814518,,,,,,,,,false,
starexec,LCL395+1.p,e1a,unary-redundancy,TIMEOUT,4,389.180,166464.518,,,6390,3710977,5980,3689458,,,,,,,,,false,
starexec,LCL395+1.p,e1a,weight-greedy,TIMEOUT,4,253.146,166452.549,,,23686,5237612,22985,4938903,,,,,,,,,false,
starexec,LCL395+2.p,e1a,age-fair,TIMEOUT,2,446.705,166435.601,,,7053,4935546,6451,4909032,,,,,,,,,false,
starexec,LCL395+2.p,e1a,balanced,TIMEOUT,2,103.921,166167.470,,,10314,9732483,9446,9659083,,,,,,,,,false,
starexec,LCL395+2.p,e1a,equational,TIMEOUT,2,189.925,166289.544,,,7363,5692102,6792,5639052,,,,,,,,,false,
starexec,LCL395+2.p,e1a,first-negative,TIMEOUT,2,349.051,166427.146,,,10424,2548359,10039,2366623,,,,,,,,,false,
starexec,LCL395+2.p,e1a,occurrence,TIMEOUT,2,302.660,166314.422,,,7957,5629351,7765,5497224,,,,,,,,,false,
starexec,LCL395+2.p,e1a,subsumption-light,TIMEOUT,2,211.555,166349.453,,,7253,5340443,6954,5289201,,,,,,,,,false,
starexec,LCL395+2.p,e1a,unary-redundancy,TIMEOUT,2,320.683,166280.077,,,7300,5401868,6996,5349328,,,,,,,,,false,
starexec,LCL395+2.p,e1a,weight-greedy,TIMEOUT,2,212.458,166301.134,,,16266,5772636,15710,5205871,,,,,,,,,false,
starexec,LCL484+1.p,e1a,age-fair,REFUTED,44,616.076,1003.213,,,123,793,90,666,74,,,,,,,,false,
starexec,LCL484+1.p,e1a,balanced,REFUTED,44,243.500,650.049,,,119,264,108,138,74,,,,,,,,false,
starexec,LCL484+1.p,e1a,equational,REFUTED,44,465.412,1206.992,,,129,323,117,185,74,,,,,,,,false,
starexec,LCL484+1.p,e1a,first-negative,REFUTED,44,676.930,620.358,,,65,91,56,74,74,,,,,,,,false,
starexec,LCL484+1.p,e1a,occurrence,REFUTED,44,623.159,627.590,,,68,110,63,74,74,,,,,,,,false,
starexec,LCL484+1.p,e1a,subsumption-light,REFUTED,44,479.520,1030.210,,,81,152,70,74,74,,,,,,,,false,
starexec,LCL484+1.p,e1a,unary-redundancy,REFUTED,44,626.411,685.431,,,81,152,70,74,74,,,,,,,,false,
starexec,LCL484+1.p,e1a,weight-greedy,REFUTED,44,512.947,919.619,,,60,105,56,74,74,,,,,,,,false,
starexec,LCL556+1.p,e1a,age-fair,TIMEOUT,76,1298.834,166808.727,,,14916,4768138,12205,4737668,,,,,,,,,false,
starexec,LCL556+1.p,e1a,balanced,TIMEOUT,76,298.245,166482.420,,,23765,10064249,18595,9995573,,,,,,,,,false,
starexec,LCL556+1.p,e1a,equational,TIMEOUT,76,666.360,166890.956,,,21224,6470800,18492,6403272,,,,,,,,,false,
starexec,LCL556+1.p,e1a,first-negative,TIMEOUT,76,1514.488,167041.338,,,7096,4872260,6288,4846250,,,,,,,,,false,
starexec,LCL556+1.p,e1a,occurrence,TIMEOUT,76,1302.774,166924.891,,,15340,5705179,11846,5630282,,,,,,,,,false,
starexec,LCL556+1.p,e1a,subsumption-light,TIMEOUT,76,667.090,166786.832,,,15889,4834431,11421,4788113,,,,,,,,,false,
starexec,LCL556+1.p,e1a,unary-redundancy,HARD_TIMEOUT,76,0.000,,,,,,,,,,,,,,,,false,
starexec,LCL556+1.p,e1a,weight-greedy,TIMEOUT,76,670.798,166775.200,,,11622,5136079,10402,5032020,,,,,,,,,false,
starexec,LCL638+1.020.p,e1a,age-fair,KILLED,,0.000,,,,,,,,,,,,,,,,false,killed before finishing
starexec,LCL638+1.020.p,e1a,balanced,KILLED,,0.000,,,,,,,,,,,,,,,,false,killed before finishing
starexec,LCL638+1.020.p,e1a,equational,KILLED,,0.000,,,,,,,,,,,,,,,,false,killed before finishing
starexec,LCL638+1.020.p,e1a,first-negative,KILLED,,0.000,,,,,,,,,,,,,,,,false,killed before finishing
starexec,LCL638+1.020.p,e1a,occurrence,KILLED,,0.000,,,,,,,,,,,,,,,,false,killed before finishing
starexec,LCL638+1.020.p,e1a,subsumption-light,KILLED,,0.000,,,,,,,,,,,,,,,,false,killed before finishing
starexec,LCL638+1.020.p,e1a,unary-redundancy,KILLED,,0.000,,,,,,,,,,,,,,,,false,killed before finishing
starexec,LCL638+1.020.p,e1a,weight-greedy,KILLED,,0.000,,,,,,,,,,,,,,,,false,killed before finishing
starexec,LCL646+1.010.p,e1a,balanced,TIMEOUT,0,827.025,166702.102,,,77760,5526732,77760,5448972,,,,,,,,,false,
starexec,LCL646+1.010.p,e1a,first-negative,KILLED,,0.000,,,,,,,,,,,,,,,,false,killed before finishing
starexec,LCL646+1.010.p,e1a,occurrence,KILLED,,0.000,,,,,,,,,,,,,,,,false,killed before finishing
starexec,LCL646+1.010.p,e1a,unary-redundancy,KILLED,,0.000,,,,,,,,,,,,,,,,false,killed before finishing
starexec,LCL646+1.010.p,e1a,weight-greedy,TIMEOUT,0,1564.221,167263.436,,,20152,2800852,20152,2780700,,,,,,,,,false,
starexec,LCL646+1.015.p,e1a,age-fair,KILLED,,0.000,,,,,,,,,,,,,,,,false,killed before finishing
starexec,LCL646+1.015.p,e1a,balanced,TIMEOUT,0,1222.716,166889.634,,,59239,4083901,59239,4024661,,,,,,,,,false,
starexec,LCL646+1.015.p,e1a,equational,TIMEOUT,0,2306.404,167653.436,,,18186,1591301,18186,1573114,,,,,,,,,false,
starexec,LCL646+1.015.p,e1a,occurrence,KILLED,,0.000,,,,,,,,,,,,,,,,false,killed before finishing
starexec,LCL646+1.015.p,e1a,subsumption-light,KILLED,,0.000,,,,,,,,,,,,,,,,false,killed before finishing
starexec,LCL646+1.015.p,e1a,unary-redundancy,KILLED,,0.000,,,,,,,,,,,,,,,,false,killed before finishing
starexec,LCL646+1.015.p,e1a,weight-greedy,TIMEOUT,0,2476.280,167603.276,,,3633,712120,3633,708486,,,,,,,,,false,
starexec,LCL648+1.010.p,e1a,age-fair,KILLED,,0.000,,,,,,,,,,,,,,,,false,killed before finishing
starexec,LCL648+1.010.p,e1a,balanced,HARD_TIMEOUT,0,0.000,,,,,,,,,,,,,,,,false,
starexec,LCL648+1.010.p,e1a,equational,KILLED,,0.000,,,,,,,,,,,,,,,,false,killed before finishing
starexec,LCL648+1.010.p,e1a,first-negative,KILLED,,0.000,,,,,,,,,,,,,,,,false,killed before finishing
starexec,LCL648+1.010.p,e1a,occurrence,KILLED,,0.000,,,,,,,,,,,,,,,,false,killed before finishing
starexec,LCL648+1.010.p,e1a,subsumption-light,KILLED,,0.000,,,,,,,,,,,,,,,,false,killed before finishing
starexec,LCL648+1.010.p,e1a,unary-redundancy,KILLED,,0.000,,,,,,,,,,,,,,,,false,killed before finishing
starexec,LCL648+1.010.p,e1a,weight-greedy,TIMEOUT,0,1110.674,167708.929,,,15036,697742,14757,679193,,,,,,,,,false,
starexec,LCL650+1.010.p,e1a,age-fair,KILLED,,0.000,,,,,,,,,,,,,,,,false,killed before finishing
starexec,LCL650+1.010.p,e1a,balanced,TIMEOUT,0,895.063,167429.605,,,5141,100174,5058,95026,,,,,,,,,false,
starexec,LCL650+1.010.p,e1a,equational,KILLED,,0.000,,,,,,,,,,,,,,,,false,killed before finishing
starexec,LCL650+1.010.p,e1a,first-negative,KILLED,,0.000,,,,,,,,,,,,,,,,false,killed before finishing
starexec,LCL650+1.010.p,e1a,occurrence,KILLED,,0.000,,,,,,,,,,,,,,,,false,killed before finishing
starexec,LCL650+1.010.p,e1a,subsumption-light,KILLED,,0.000,,,,,,,,,,,,,,,,false,killed before finishing
starexec,LCL650+1.010.p,e1a,unary-redundancy,KILLED,,0.000,,,,,,,,,,,,,,,,false,killed before finishing
starexec,LCL650+1.010.p,e1a,weight-greedy,TIMEOUT,0,1570.048,169011.035,,,43868,433543,43276,389018,,,,,,,,,false,
starexec,LCL652+1.010.p,e1a,balanced,TIMEOUT,0,518.962,166549.263,,,51589,6910667,48838,6847788,,,,,,,,,false,
starexec,LCL652+1.010.p,e1a,equational,TIMEOUT,0,1014.629,167502.121,,,43835,4279218,41343,4225872,,,,,,,,,false,
starexec,LCL652+1.010.p,e1a,first-negative,TIMEOUT,0,2788.515,167582.961,,,29611,6256977,27184,6225211,,,,,,,,,false,
starexec,LCL652+1.010.p,e1a,occurrence,TIMEOUT,0,2667.866,166979.994,,,48366,5580390,46457,5525813,,,,,,,,,false,
starexec,LCL652+1.010.p,e1a,subsumption-light,TIMEOUT,0,1077.235,167221.738,,,20068,1385741,18552,1363105,,,,,,,,,false,
starexec,LCL652+1.010.p,e1a,unary-redundancy,TIMEOUT,0,2497.478,167161.825,,,18888,1671012,17404,1649498,,,,,,,,,false,
starexec,LCL652+1.010.p,e1a,weight-greedy,TIMEOUT,0,1010.825,166954.090,,,53379,1472073,45205,1395679,,,,,,,,,false,
starexec,LCL662+1.020.p,e1a,age-fair,EXHAUSTED,1,198.627,0.000,,,0,0,0,0,,,,,,,,,false,StackOverflowError:  at Syntax$Application.isBetaNormal$lzycompute:340
starexec,LCL662+1.020.p,e1a,balanced,KILLED,,0.000,,,,,,,,,,,,,,,,false,killed before finishing
starexec,LCL662+1.020.p,e1a,equational,KILLED,,0.000,,,,,,,,,,,,,,,,false,killed before finishing
starexec,LCL662+1.020.p,e1a,first-negative,EXHAUSTED,1,132.287,0.000,,,0,0,0,0,,,,,,,,,false,StackOverflowError:  at Syntax$Application.lisa$kernel$fol$Syntax$Expression$$x$1$lzycompute:340
starexec,LCL662+1.020.p,e1a,occurrence,EXHAUSTED,1,138.344,0.000,,,0,0,0,0,,,,,,,,,false,StackOverflowError:  at Syntax$Expression.lisa$kernel$fol$Syntax$Expression$$x$1$:269
starexec,LCL662+1.020.p,e1a,subsumption-light,KILLED,,0.000,,,,,,,,,,,,,,,,false,killed before finishing
starexec,LCL662+1.020.p,e1a,unary-redundancy,EXHAUSTED,1,136.563,0.000,,,0,0,0,0,,,,,,,,,false,StackOverflowError:  at Syntax$Expression.lisa$kernel$fol$Syntax$Expression$$x$1:269
starexec,LCL662+1.020.p,e1a,weight-greedy,KILLED,,0.000,,,,,,,,,,,,,,,,false,killed before finishing
starexec,LCL664+1.010.p,e1a,age-fair,KILLED,,0.000,,,,,,,,,,,,,,,,false,killed before finishing
starexec,LCL664+1.010.p,e1a,balanced,TIMEOUT,1,540.683,166479.553,,,70099,16014638,38210,15922096,,,,,,,,,false,
starexec,LCL664+1.010.p,e1a,equational,TIMEOUT,1,1634.106,167644.239,,,42839,9609996,20027,9551100,,,,,,,,,false,
starexec,LCL664+1.010.p,e1a,first-negative,KILLED,,0.000,,,,,,,,,,,,,,,,false,killed before finishing
starexec,LCL664+1.010.p,e1a,occurrence,KILLED,,0.000,,,,,,,,,,,,,,,,false,killed before finishing
starexec,LCL664+1.010.p,e1a,subsumption-light,TIMEOUT,1,1639.968,168901.686,,,6135,1098700,3465,1091910,,,,,,,,,false,
starexec,LCL664+1.010.p,e1a,unary-redundancy,KILLED,,0.000,,,,,,,,,,,,,,,,false,killed before finishing
starexec,LCL664+1.010.p,e1a,weight-greedy,TIMEOUT,1,1067.097,166824.416,,,58368,2080600,35877,1929465,,,,,,,,,false,
starexec,LCL666+1.010.p,e1a,age-fair,KILLED,,0.000,,,,,,,,,,,,,,,,false,killed before finishing
starexec,LCL666+1.010.p,e1a,balanced,TIMEOUT,1,933.653,167304.060,,,5154,670251,5086,665069,,,,,,,,,false,
starexec,LCL666+1.010.p,e1a,first-negative,KILLED,,0.000,,,,,,,,,,,,,,,,false,killed before finishing
starexec,LCL666+1.010.p,e1a,occurrence,KILLED,,0.000,,,,,,,,,,,,,,,,false,killed before finishing
starexec,LCL666+1.010.p,e1a,subsumption-light,KILLED,,0.000,,,,,,,,,,,,,,,,false,killed before finishing
starexec,LCL666+1.010.p,e1a,unary-redundancy,KILLED,,0.000,,,,,,,,,,,,,,,,false,killed before finishing
starexec,LCL666+1.010.p,e1a,weight-greedy,TIMEOUT,1,1639.562,167728.026,,,13080,1273607,12601,1257931,,,,,,,,,false,
starexec,LCL688+1.001.p,e1a,age-fair,REFUTED,2,735.493,95462.379,,,22750,4173323,21089,4126270,28,,,,,,,,false,
starexec,LCL688+1.001.p,e1a,balanced,REFUTED,2,237.250,20232.412,,,12405,682043,11595,656163,28,,,,,,,,false,
starexec,LCL688+1.001.p,e1a,equational,REFUTED,2,475.261,21272.277,,,7848,368716,7196,352502,28,,,,,,,,false,
starexec,LCL688+1.001.p,e1a,first-negative,REFUTED,2,793.431,4243.450,,,1847,19883,1747,16650,28,,,,,,,,false,
starexec,LCL688+1.001.p,e1a,occurrence,REFUTED,2,720.377,10019.473,,,4155,70906,3883,61207,28,,,,,,,,false,
starexec,LCL688+1.001.p,e1a,subsumption-light,REFUTED,2,487.438,19080.099,,,4679,135043,3910,124656,28,,,,,,,,false,
starexec,LCL688+1.001.p,e1a,unary-redundancy,REFUTED,2,731.977,7779.745,,,1653,28795,1487,25735,28,,,,,,,,false,
starexec,LCL688+1.001.p,e1a,weight-greedy,REFUTED,2,472.554,6284.471,,,2780,49115,2263,43220,28,,,,,,,,false,
starexec,LCL688+1.015.p,e1a,balanced,TIMEOUT,2,674.280,169499.234,,,32301,12236183,21378,12182647,,,,,,,,,false,
starexec,LCL688+1.015.p,e1a,equational,TIMEOUT,2,1259.103,167017.988,,,23787,7882481,20024,7847739,,,,,,,,,false,
starexec,LCL688+1.015.p,e1a,first-negative,KILLED,,0.000,,,,,,,,,,,,,,,,false,killed before finishing
starexec,LCL688+1.015.p,e1a,occurrence,KILLED,,0.000,,,,,,,,,,,,,,,,false,killed before finishing
starexec,LCL688+1.015.p,e1a,subsumption-light,TIMEOUT,2,1254.535,167112.843,,,17365,4681704,16725,4656946,,,,,,,,,false,
starexec,LCL688+1.015.p,e1a,unary-redundancy,KILLED,,0.000,,,,,,,,,,,,,,,,false,killed before finishing
starexec,LCL688+1.015.p,e1a,weight-greedy,TIMEOUT,2,1278.262,167053.687,,,30099,4228515,29282,4120368,,,,,,,,,false,
starexec,LCL891+1.p,e1a,age-fair,TIMEOUT,12,560.986,166407.923,,,1349,4224041,1323,4219883,,,,,,,,,false,
starexec,LCL891+1.p,e1a,balanced,TIMEOUT,12,162.923,166379.468,,,2069,6893879,1898,6885695,,,,,,,,,false,
starexec,LCL891+1.p,e1a,equational,TIMEOUT,12,361.781,166695.402,,,1770,4352282,1609,4345028,,,,,,,,,false,
starexec,LCL891+1.p,e1a,first-negative,TIMEOUT,12,617.134,166699.250,,,1608,3906189,1382,3899351,,,,,,,,,false,
starexec,LCL891+1.p,e1a,occurrence,TIMEOUT,12,563.550,166519.282,,,3079,5714241,2621,5676934,,,,,,,,,false,
starexec,LCL891+1.p,e1a,subsumption-light,TIMEOUT,12,339.059,166776.726,,,1856,4278283,1688,4270687,,,,,,,,,false,
starexec,LCL891+1.p,e1a,unary-redundancy,TIMEOUT,12,589.054,166929.470,,,1928,4322929,1618,4315151,,,,,,,,,false,
starexec,LCL891+1.p,e1a,weight-greedy,TIMEOUT,12,384.428,166474.036,,,5008,6311154,4454,6161960,,,,,,,,,false,
starexec,LCL898+1.p,e1a,balanced,TIMEOUT,14,153.418,166390.142,,,6361,12294592,6117,12265704,,,,,,,,,false,
starexec,LCL898+1.p,e1a,equational,TIMEOUT,14,348.704,166460.661,,,5217,6507833,4979,6484733,,,,,,,,,false,
starexec,LCL898+1.p,e1a,first-negative,TIMEOUT,14,565.300,166542.508,,,1706,5573427,1654,5561369,,,,,,,,,false,
starexec,LCL898+1.p,e1a,occurrence,TIMEOUT,14,544.737,166426.895,,,6968,7197756,6597,7123544,,,,,,,,,false,
starexec,LCL898+1.p,e1a,subsumption-light,TIMEOUT,14,313.392,166787.769,,,4875,4994781,4606,4973291,,,,,,,,,false,
starexec,LCL898+1.p,e1a,unary-redundancy,TIMEOUT,14,560.178,167073.547,,,4934,5222415,4693,5200585,,,,,,,,,false,
starexec,LCL898+1.p,e1a,weight-greedy,TIMEOUT,14,381.979,167020.345,,,6135,7462473,5377,7238921,,,,,,,,,false,
starexec,LCL901+1.p,e1a,age-fair,TIMEOUT,14,571.440,166975.200,,,3826,6750786,3650,6735838,,,,,,,,,false,
starexec,LCL901+1.p,e1a,balanced,REFUTED,14,155.653,107348.949,,,2349,10470272,2227,10444321,16,,,,,,,,false,
starexec,LCL901+1.p,e1a,equational,TIMEOUT,14,363.785,166513.928,,,2224,8923320,2108,8902450,,,,,,,,,false,
starexec,LCL901+1.p,e1a,first-negative,TIMEOUT,14,597.000,166732.560,,,1629,7582395,1525,7557571,,,,,,,,,false,
starexec,LCL901+1.p,e1a,occurrence,REFUTED,14,590.654,13816.108,,,787,196412,725,185854,16,,,,,,,,false,
starexec,LCL901+1.p,e1a,subsumption-light,TIMEOUT,14,355.218,166741.156,,,1910,5706059,1796,5690093,,,,,,,,,false,
starexec,LCL901+1.p,e1a,unary-redundancy,TIMEOUT,14,571.873,166445.960,,,1905,5523362,1782,5505202,,,,,,,,,false,
starexec,LCL901+1.p,e1a,weight-greedy,REFUTED,14,370.976,87254.512,,,4169,3817887,3801,3624456,16,,,,,,,,false,
starexec,LCL978+1.p,e1a,age-fair,TIMEOUT,2,244.195,166204.991,,,6744,9549113,6045,9491229,,,,,,,,,false,
starexec,LCL978+1.p,e1a,balanced,TIMEOUT,2,144.928,166262.243,,,7434,11354370,6967,11285112,,,,,,,,,false,
starexec,LCL978+1.p,e1a,equational,HARD_TIMEOUT,2,0.000,,,,,,,,,,,,,,,,false,
starexec,LCL978+1.p,e1a,first-negative,TIMEOUT,2,186.587,166164.026,,,14021,7958705,11619,7627087,,,,,,,,,false,
starexec,LCL978+1.p,e1a,occurrence,TIMEOUT,2,261.751,166227.045,,,7915,11201972,7278,10983590,,,,,,,,,false,
starexec,LCL978+1.p,e1a,subsumption-light,TIMEOUT,2,175.134,166370.537,,,10553,6940959,9479,6864541,,,,,,,,,false,
starexec,LCL978+1.p,e1a,unary-redundancy,TIMEOUT,2,253.654,166277.159,,,10566,7040475,9492,6964029,,,,,,,,,false,
starexec,LCL978+1.p,e1a,weight-greedy,HARD_TIMEOUT,2,0.000,,,,,,,,,,,,,,,,false,
starexec,LCL979+1.p,e1a,age-fair,TIMEOUT,2,402.845,166467.322,,,4106,1413633,3410,1402820,,,,,,,,,false,
starexec,LCL979+1.p,e1a,balanced,TIMEOUT,2,155.328,166255.406,,,5000,2997059,4039,2965521,,,,,,,,,false,
starexec,LCL979+1.p,e1a,equational,TIMEOUT,2,298.307,166474.359,,,3769,1828544,3084,1802004,,,,,,,,,false,
starexec,LCL979+1.p,e1a,first-negative,TIMEOUT,2,449.382,166452.660,,,7929,855858,7830,827882,,,,,,,,,false,
starexec,LCL979+1.p,e1a,occurrence,TIMEOUT,2,425.294,166447.675,,,4059,2518572,3406,2479030,,,,,,,,,false,
starexec,LCL979+1.p,e1a,subsumption-light,TIMEOUT,2,309.952,166501.681,,,1626,335882,1391,327048,,,,,,,,,false,
starexec,LCL979+1.p,e1a,unary-redundancy,TIMEOUT,2,421.280,166575.803,,,1628,336592,1393,327754,,,,,,,,,false,
starexec,LCL979+1.p,e1a,weight-greedy,KILLED,,0.000,,,,,,,,,,,,,,,,false,killed before finishing
starexec,LCL982+1.p,e1a,age-fair,REFUTED,2,412.209,579.416,,,27,96,26,68,3,,,,,,,,false,
starexec,LCL982+1.p,e1a,balanced,REFUTED,2,131.176,345.879,,,24,67,23,41,3,,,,,,,,false,
starexec,LCL982+1.p,e1a,equational,REFUTED,2,284.784,609.544,,,24,67,23,41,3,,,,,,,,false,
starexec,LCL982+1.p,e1a,first-negative,REFUTED,2,390.903,569.661,,,17,39,16,21,3,,,,,,,,false,
starexec,LCL982+1.p,e1a,occurrence,REFUTED,2,376.214,614.312,,,35,103,34,66,3,,,,,,,,false,
starexec,LCL982+1.p,e1a,subsumption-light,REFUTED,2,295.424,681.723,,,24,67,23,41,3,,,,,,,,false,
starexec,LCL982+1.p,e1a,unary-redundancy,REFUTED,2,404.560,617.274,,,24,67,23,41,3,,,,,,,,false,
starexec,LCL982+1.p,e1a,weight-greedy,REFUTED,2,281.723,704.171,,,34,173,33,122,3,,,,,,,,false,
starexec,LCL983+1.p,e1a,age-fair,TIMEOUT,2,513.651,166480.301,,,5202,5311520,4887,5262443,,,,,,,,,false,
starexec,LCL983+1.p,e1a,balanced,TIMEOUT,2,151.273,166266.543,,,7720,10709770,7251,10516884,,,,,,,,,false,
starexec,LCL983+1.p,e1a,equational,KILLED,,0.000,,,,,,,,,,,,,,,,false,killed before finishing
starexec,LCL983+1.p,e1a,first-negative,TIMEOUT,2,456.874,166485.797,,,9270,2950013,7861,2663291,,,,,,,,,false,
starexec,LCL983+1.p,e1a,occurrence,TIMEOUT,2,421.845,166401.409,,,7425,5922696,7183,5679154,,,,,,,,,false,
starexec,LCL983+1.p,e1a,subsumption-light,TIMEOUT,2,284.651,166397.937,,,10361,3308625,10103,3212269,,,,,,,,,false,
starexec,LCL983+1.p,e1a,unary-redundancy,TIMEOUT,2,399.624,166531.772,,,10360,3308321,10102,3211989,,,,,,,,,false,
starexec,LCL983+1.p,e1a,weight-greedy,TIMEOUT,2,306.557,166435.073,,,19644,3544463,16609,3137145,,,,,,,,,false,
starexec,MGT005+1.p,e1a,age-fair,REFUTED,10,1233.555,12285.047,,,1728,20783,1585,18092,29,,,,,,,,false,
starexec,MGT005+1.p,e1a,balanced,REFUTED,10,351.356,2662.381,,,838,7143,749,5819,29,,,,,,,,false,
starexec,MGT005+1.p,e1a,equational,REFUTED,10,677.543,5813.045,,,1016,8821,910,7175,29,,,,,,,,false,
starexec,MGT005+1.p,e1a,first-negative,REFUTED,10,1353.431,6003.588,,,2203,3770,1104,911,29,,,,,,,,false,
starexec,MGT005+1.p,e1a,occurrence,REFUTED,10,1266.566,3866.737,,,744,6129,627,4619,29,,,,,,,,false,
starexec,MGT005+1.p,e1a,subsumption-light,TIMEOUT,10,687.359,166631.911,,,2801,63717,2554,56807,,,,,,,,,false,
starexec,MGT005+1.p,e1a,unary-redundancy,REFUTED,10,1269.375,27628.579,,,1106,13136,978,11230,29,,,,,,,,false,
starexec,MGT005+1.p,e1a,weight-greedy,REFUTED,10,667.882,138761.301,,,6903,1692907,6847,1672329,29,,,,,,,,false,
starexec,MGT035+2.p,e1a,age-fair,TIMEOUT,19,797.775,166541.192,,,9332,4720439,8998,4706874,,,,,,,,,false,
starexec,MGT035+2.p,e1a,balanced,TIMEOUT,19,210.481,166332.937,,,16656,11227623,16154,11197902,,,,,,,,,false,
starexec,MGT035+2.p,e1a,equational,TIMEOUT,19,476.768,166532.958,,,13879,6058937,13224,6034710,,,,,,,,,false,
starexec,MGT035+2.p,e1a,first-negative,TIMEOUT,19,904.130,166538.225,,,21773,7282743,16854,7192204,,,,,,,,,false,
starexec,MGT035+2.p,e1a,occurrence,TIMEOUT,19,808.888,166550.566,,,11916,5963096,11501,5941439,,,,,,,,,false,
starexec,MGT035+2.p,e1a,subsumption-light,TIMEOUT,19,468.982,166616.476,,,5069,1135991,4831,1127990,,,,,,,,,false,
starexec,MGT035+2.p,e1a,unary-redundancy,TIMEOUT,19,755.064,166798.506,,,6341,1381291,6140,1370803,,,,,,,,,false,
starexec,MGT035+2.p,e1a,weight-greedy,TIMEOUT,19,437.182,170353.467,,,7984,4567337,7701,4543080,,,,,,,,,false,
starexec,MGT067+1.p,e1a,age-fair,REFUTED,157,2031.743,7386.188,,,1338,15643,1285,14184,177,,,,,,,,false,
starexec,MGT067+1.p,e1a,balanced,REFUTED,157,470.124,1309.612,,,804,1238,762,418,177,,,,,,,,false,
starexec,MGT067+1.p,e1a,equational,REFUTED,157,1010.381,2373.103,,,804,1238,762,418,177,,,,,,,,false,
starexec,MGT067+1.p,e1a,first-negative,REFUTED,157,2184.137,2256.874,,,698,751,653,177,177,,,,,,,,false,
starexec,MGT067+1.p,e1a,occurrence,REFUTED,157,2079.631,2049.492,,,718,816,684,239,177,,,,,,,,false,
starexec,MGT067+1.p,e1a,subsumption-light,REFUTED,157,1050.855,2852.451,,,788,1162,743,367,177,,,,,,,,false,
starexec,MGT067+1.p,e1a,unary-redundancy,REFUTED,157,1941.617,2975.310,,,769,964,728,238,177,,,,,,,,false,
starexec,MGT067+1.p,e1a,weight-greedy,REFUTED,157,991.303,1869.169,,,651,757,614,180,177,,,,,,,,false,
starexec,MGT068+1.p,e1a,age-fair,TIMEOUT,59,1044.422,166658.596,,,6487,7838091,6398,7824282,,,,,,,,,false,
starexec,MGT068+1.p,e1a,balanced,REFUTED,59,293.965,8055.404,,,1658,411435,1628,405807,85,,,,,,,,false,
starexec,MGT068+1.p,e1a,equational,REFUTED,59,563.114,10348.071,,,1271,219771,1244,214934,85,,,,,,,,false,
starexec,MGT068+1.p,e1a,first-negative,REFUTED,59,1191.916,133953.483,,,24360,2499897,22823,2450617,85,,,,,,,,false,
starexec,MGT068+1.p,e1a,occurrence,REFUTED,59,1094.855,6136.087,,,778,60909,766,57734,85,,,,,,,,false,
starexec,MGT068+1.p,e1a,subsumption-light,TIMEOUT,59,583.710,166816.533,,,2378,1281836,2304,1272480,,,,,,,,,false,
starexec,MGT068+1.p,e1a,unary-redundancy,REFUTED,59,1092.272,75533.176,,,1948,534948,1496,526777,85,,,,,,,,false,
starexec,MGT068+1.p,e1a,weight-greedy,REFUTED,59,575.166,7545.412,,,1334,70801,1263,54190,85,,,,,,,,false,
starexec,MGT076+1.p,e1a,age-fair,REFUTED,34,811.540,994.583,,,103,340,103,231,54,,,,,,,,false,
starexec,MGT076+1.p,e1a,balanced,REFUTED,34,246.410,488.544,,,54,110,46,54,54,,,,,,,,false,
starexec,MGT076+1.p,e1a,equational,REFUTED,34,507.785,867.134,,,54,110,46,54,54,,,,,,,,false,
starexec,MGT076+1.p,e1a,first-negative,REFUTED,34,949.632,923.716,,,92,229,82,121,54,,,,,,,,false,
starexec,MGT076+1.p,e1a,occurrence,REFUTED,34,843.811,785.016,,,35,92,33,55,54,,,,,,,,false,
starexec,MGT076+1.p,e1a,subsumption-light,REFUTED,34,500.392,827.622,,,42,100,38,57,54,,,,,,,,false,
starexec,MGT076+1.p,e1a,unary-redundancy,REFUTED,34,863.236,881.573,,,54,110,46,54,54,,,,,,,,false,
starexec,MGT076+1.p,e1a,weight-greedy,REFUTED,34,517.030,766.617,,,42,83,41,54,54,,,,,,,,false,
starexec,MGT077+1.p,e1a,age-fair,REFUTED,44,862.628,36817.175,,,3663,1700151,3636,1694030,64,,,,,,,,false,
starexec,MGT077+1.p,e1a,balanced,REFUTED,44,325.399,581.999,,,72,190,70,110,64,,,,,,,,false,
starexec,MGT077+1.p,e1a,equational,REFUTED,44,530.446,947.217,,,72,190,70,110,64,,,,,,,,false,
starexec,MGT077+1.p,e1a,first-negative,REFUTED,44,921.302,2160.597,,,664,2728,640,1792,64,,,,,,,,false,
starexec,MGT077+1.p,e1a,occurrence,REFUTED,44,807.693,958.319,,,93,239,91,116,64,,,,,,,,false,
starexec,MGT077+1.p,e1a,subsumption-light,REFUTED,44,487.625,1122.830,,,105,297,101,164,64,,,,,,,,false,
starexec,MGT077+1.p,e1a,unary-redundancy,REFUTED,44,857.011,969.261,,,72,190,70,110,64,,,,,,,,false,
starexec,MGT077+1.p,e1a,weight-greedy,REFUTED,44,503.146,1067.524,,,134,380,132,170,64,,,,,,,,false,
starexec,MGT078+1.p,e1a,age-fair,REFUTED,56,954.199,4651.332,,,609,29676,583,28525,80,,,,,,,,false,
starexec,MGT078+1.p,e1a,balanced,REFUTED,56,252.541,680.877,,,180,644,180,430,80,,,,,,,,false,
starexec,MGT078+1.p,e1a,equational,REFUTED,56,490.262,1191.907,,,180,644,180,430,80,,,,,,,,false,
starexec,MGT078+1.p,e1a,first-negative,REFUTED,56,949.896,1524.936,,,218,854,195,560,80,,,,,,,,false,
starexec,MGT078+1.p,e1a,occurrence,REFUTED,56,869.409,1235.923,,,178,506,160,272,80,,,,,,,,false,
starexec,MGT078+1.p,e1a,subsumption-light,REFUTED,56,531.847,1450.361,,,197,900,184,652,80,,,,,,,,false,
starexec,MGT078+1.p,e1a,unary-redundancy,REFUTED,56,891.195,1519.856,,,197,900,184,652,80,,,,,,,,false,
starexec,MGT078+1.p,e1a,weight-greedy,REFUTED,56,494.525,1325.973,,,201,605,167,307,80,,,,,,,,false,
starexec,MGT079+1.p,e1a,age-fair,TIMEOUT,56,808.567,166555.316,,,9466,8669233,9440,8634403,,,,,,,,,false,
starexec,MGT079+1.p,e1a,balanced,REFUTED,56,230.540,1330.633,,,382,9521,369,8734,77,,,,,,,,false,
starexec,MGT079+1.p,e1a,equational,REFUTED,56,506.011,2455.324,,,382,9561,369,8774,77,,,,,,,,false,
starexec,MGT079+1.p,e1a,first-negative,REFUTED,56,947.003,1829.875,,,424,1699,412,945,77,,,,,,,,false,
starexec,MGT079+1.p,e1a,occurrence,REFUTED,56,833.889,1125.129,,,136,405,121,205,77,,,,,,,,false,
starexec,MGT079+1.p,e1a,subsumption-light,REFUTED,56,505.817,15862.110,,,1124,153296,1024,147238,77,,,,,,,,false,
starexec,MGT079+1.p,e1a,unary-redundancy,REFUTED,56,796.057,3256.808,,,376,9517,347,8610,77,,,,,,,,false,
starexec,MGT079+1.p,e1a,weight-greedy,REFUTED,56,497.909,1185.185,,,160,422,154,132,77,,,,,,,,false,
starexec,MGT080+1.p,e1a,age-fair,REFUTED,73,923.506,6709.773,,,936,82814,836,79880,99,,,,,,,,false,
starexec,MGT080+1.p,e1a,balanced,REFUTED,73,314.679,972.625,,,272,1355,255,1007,99,,,,,,,,false,
starexec,MGT080+1.p,e1a,equational,REFUTED,73,554.257,1629.576,,,272,1355,255,1007,99,,,,,,,,false,
starexec,MGT080+1.p,e1a,first-negative,REFUTED,73,923.531,1288.145,,,157,617,142,439,99,,,,,,,,false,
starexec,MGT080+1.p,e1a,occurrence,REFUTED,73,890.124,1369.511,,,205,583,176,316,99,,,,,,,,false,
starexec,MGT080+1.p,e1a,subsumption-light,REFUTED,73,537.631,1792.549,,,304,1645,255,1216,99,,,,,,,,false,
starexec,MGT080+1.p,e1a,unary-redundancy,REFUTED,73,891.043,1598.218,,,269,1324,255,984,99,,,,,,,,false,
starexec,MGT080+1.p,e1a,weight-greedy,REFUTED,73,554.315,1359.151,,,230,839,185,506,99,,,,,,,,false,
starexec,MGT082+1.p,e1a,age-fair,REFUTED,56,520.471,2524.303,,,615,31619,538,30225,80,,,,,,,,false,
starexec,MGT082+1.p,e1a,balanced,REFUTED,56,254.372,856.498,,,180,776,171,546,80,,,,,,,,false,
starexec,MGT082+1.p,e1a,equational,REFUTED,56,282.943,760.457,,,180,776,171,546,80,,,,,,,,false,
starexec,MGT082+1.p,e1a,first-negative,REFUTED,56,538.887,670.822,,,116,409,104,279,80,,,,,,,,false,
starexec,MGT082+1.p,e1a,occurrence,REFUTED,56,542.654,615.999,,,110,299,103,165,80,,,,,,,,false,
starexec,MGT082+1.p,e1a,subsumption-light,REFUTED,56,304.756,853.546,,,191,841,171,579,80,,,,,,,,false,
starexec,MGT082+1.p,e1a,unary-redundancy,REFUTED,56,500.419,844.921,,,191,841,171,579,80,,,,,,,,false,
starexec,MGT082+1.p,e1a,weight-greedy,REFUTED,56,310.088,774.413,,,162,704,145,456,80,,,,,,,,false,
starexec,MGT085+1.p,e1a,age-fair,TIMEOUT,43,873.438,166548.095,,,8816,7565252,8685,7537493,,,,,,,,,false,
starexec,MGT085+1.p,e1a,balanced,REFUTED,43,239.086,13373.389,,,2785,1559604,2766,1539796,65,,,,,,,,false,
starexec,MGT085+1.p,e1a,equational,REFUTED,43,495.392,32904.738,,,2785,1553434,2766,1533626,65,,,,,,,,false,
starexec,MGT085+1.p,e1a,first-negative,REFUTED,43,918.578,8137.104,,,2936,62347,2757,56154,65,,,,,,,,false,
starexec,MGT085+1.p,e1a,occurrence,REFUTED,43,831.074,9947.434,,,1270,192205,1248,180847,65,,,,,,,,false,
starexec,MGT085+1.p,e1a,subsumption-light,TIMEOUT,43,509.049,166664.883,,,4018,1426364,3121,1400514,,,,,,,,,false,
starexec,MGT085+1.p,e1a,unary-redundancy,TIMEOUT,43,870.628,166617.765,,,4732,1572645,3854,1545485,,,,,,,,,false,
starexec,MGT085+1.p,e1a,weight-greedy,REFUTED,43,472.776,2111.081,,,386,4703,351,2184,65,,,,,,,,false,
starexec,MGT086+1.p,e1a,age-fair,TIMEOUT,43,855.386,166565.473,,,8066,7429914,8033,7405183,,,,,,,,,false,
starexec,MGT086+1.p,e1a,balanced,REFUTED,43,162.093,366.657,,,78,195,67,112,63,,,,,,,,false,
starexec,MGT086+1.p,e1a,equational,REFUTED,43,360.747,701.899,,,78,195,67,112,63,,,,,,,,false,
starexec,MGT086+1.p,e1a,first-negative,REFUTED,43,915.317,1513.098,,,246,918,240,524,63,,,,,,,,false,
starexec,MGT086+1.p,e1a,occurrence,REFUTED,43,574.563,639.183,,,79,208,72,108,63,,,,,,,,false,
starexec,MGT086+1.p,e1a,subsumption-light,REFUTED,43,365.525,659.284,,,72,177,69,101,63,,,,,,,,false,
starexec,MGT086+1.p,e1a,unary-redundancy,REFUTED,43,586.147,662.160,,,72,177,69,101,63,,,,,,,,false,
starexec,MGT086+1.p,e1a,weight-greedy,REFUTED,43,345.301,692.336,,,103,242,100,79,63,,,,,,,,false,
starexec,MGT088+1.p,e1a,age-fair,REFUTED,39,850.669,1901.301,,,275,3403,275,3077,59,,,,,,,,false,
starexec,MGT088+1.p,e1a,balanced,REFUTED,39,245.591,432.306,,,49,128,49,79,59,,,,,,,,false,
starexec,MGT088+1.p,e1a,equational,REFUTED,39,520.470,822.760,,,49,128,49,79,59,,,,,,,,false,
starexec,MGT088+1.p,e1a,first-negative,REFUTED,39,927.229,1342.089,,,239,853,239,517,59,,,,,,,,false,
starexec,MGT088+1.p,e1a,occurrence,REFUTED,39,832.560,839.086,,,66,164,66,84,59,,,,,,,,false,
starexec,MGT088+1.p,e1a,subsumption-light,REFUTED,39,495.440,810.559,,,49,128,49,79,59,,,,,,,,false,
starexec,MGT088+1.p,e1a,unary-redundancy,REFUTED,39,838.882,841.597,,,49,128,49,79,59,,,,,,,,false,
starexec,MGT088+1.p,e1a,weight-greedy,REFUTED,39,500.711,891.312,,,94,249,94,115,59,,,,,,,,false,
starexec,MGT090+1.p,e1a,age-fair,REFUTED,59,1006.736,1355.344,,,150,519,142,357,90,,,,,,,,false,
starexec,MGT090+1.p,e1a,balanced,REFUTED,59,288.788,589.496,,,106,176,100,90,90,,,,,,,,false,
starexec,MGT090+1.p,e1a,equational,REFUTED,59,603.190,1059.123,,,106,176,100,90,90,,,,,,,,false,
starexec,MGT090+1.p,e1a,first-negative,REFUTED,59,1130.067,2678.393,,,501,4352,497,3664,90,,,,,,,,false,
starexec,MGT090+1.p,e1a,occurrence,REFUTED,59,1006.517,1338.300,,,127,396,126,208,90,,,,,,,,false,
starexec,MGT090+1.p,e1a,subsumption-light,REFUTED,59,587.318,1151.245,,,106,176,100,90,90,,,,,,,,false,
starexec,MGT090+1.p,e1a,unary-redundancy,REFUTED,59,1007.452,1214.268,,,106,176,100,90,90,,,,,,,,false,
starexec,MGT090+1.p,e1a,weight-greedy,REFUTED,59,606.879,1545.150,,,204,980,203,618,90,,,,,,,,false,
starexec,MGT091+1.p,e1a,age-fair,TIMEOUT,46,1031.191,166777.691,,,7206,6567313,7172,6552898,,,,,,,,,false,
starexec,MGT091+1.p,e1a,balanced,REFUTED,46,289.661,1536.484,,,381,9431,380,8717,83,,,,,,,,false,
starexec,MGT091+1.p,e1a,equational,REFUTED,46,628.657,3068.697,,,381,9431,380,8717,83,,,,,,,,false,
starexec,MGT091+1.p,e1a,first-negative,TIMEOUT,46,782.801,166594.510,,,27107,6948460,24453,6894472,,,,,,,,,false,
starexec,MGT091+1.p,e1a,occurrence,REFUTED,46,992.379,4332.937,,,452,23494,439,21967,83,,,,,,,,false,
starexec,MGT091+1.p,e1a,subsumption-light,REFUTED,46,409.878,2517.772,,,372,7935,335,7029,83,,,,,,,,false,
starexec,MGT091+1.p,e1a,unary-redundancy,REFUTED,46,1026.087,4077.010,,,374,7935,337,7027,83,,,,,,,,false,
starexec,MGT091+1.p,e1a,weight-greedy,REFUTED,46,451.514,1019.686,,,201,1320,200,752,83,,,,,,,,false,
starexec,NLP147+1.p,e1a,age-fair,REFUTED,61,1223.727,1197.729,,,226,255,221,92,92,,,,,,,,false,
starexec,NLP147+1.p,e1a,balanced,REFUTED,61,350.509,685.196,,,229,256,226,94,94,,,,,,,,false,
starexec,NLP147+1.p,e1a,equational,REFUTED,61,698.840,1224.208,,,229,256,226,94,94,,,,,,,,false,
starexec,NLP147+1.p,e1a,first-negative,REFUTED,61,1278.454,1305.723,,,233,253,225,92,92,,,,,,,,false,
starexec,NLP147+1.p,e1a,occurrence,REFUTED,61,1248.563,1197.647,,,210,260,192,92,92,,,,,,,,false,
starexec,NLP147+1.p,e1a,subsumption-light,REFUTED,61,693.222,1289.320,,,229,256,226,94,94,,,,,,,,false,
starexec,NLP147+1.p,e1a,unary-redundancy,REFUTED,61,1302.430,1294.588,,,224,251,221,92,92,,,,,,,,false,
starexec,NLP147+1.p,e1a,weight-greedy,REFUTED,61,667.197,1195.309,,,234,320,232,94,94,,,,,,,,false,
starexec,NLP260+1.p,e1a,age-fair,PARSE_ERR,,0.000,,,,,,,,,,,,,,,,false,Exception
starexec,NLP260+1.p,e1a,balanced,PARSE_ERR,,0.000,,,,,,,,,,,,,,,,false,Exception
starexec,NLP260+1.p,e1a,equational,PARSE_ERR,,0.000,,,,,,,,,,,,,,,,false,Exception
starexec,NLP260+1.p,e1a,first-negative,PARSE_ERR,,0.000,,,,,,,,,,,,,,,,false,Exception
starexec,NLP260+1.p,e1a,occurrence,PARSE_ERR,,0.000,,,,,,,,,,,,,,,,false,Exception
starexec,NLP260+1.p,e1a,subsumption-light,PARSE_ERR,,0.000,,,,,,,,,,,,,,,,false,Exception
starexec,NLP260+1.p,e1a,unary-redundancy,PARSE_ERR,,0.000,,,,,,,,,,,,,,,,false,Exception
starexec,NLP260+1.p,e1a,weight-greedy,PARSE_ERR,,0.000,,,,,,,,,,,,,,,,false,Exception
starexec,NLP261+1.p,e1a,age-fair,PARSE_ERR,,0.000,,,,,,,,,,,,,,,,false,Exception
starexec,NLP261+1.p,e1a,balanced,PARSE_ERR,,0.000,,,,,,,,,,,,,,,,false,Exception
starexec,NLP261+1.p,e1a,equational,PARSE_ERR,,0.000,,,,,,,,,,,,,,,,false,Exception
starexec,NLP261+1.p,e1a,first-negative,PARSE_ERR,,0.000,,,,,,,,,,,,,,,,false,Exception
starexec,NLP261+1.p,e1a,occurrence,PARSE_ERR,,0.000,,,,,,,,,,,,,,,,false,Exception
starexec,NLP261+1.p,e1a,subsumption-light,PARSE_ERR,,0.000,,,,,,,,,,,,,,,,false,Exception
starexec,NLP261+1.p,e1a,unary-redundancy,PARSE_ERR,,0.000,,,,,,,,,,,,,,,,false,Exception
starexec,NLP261+1.p,e1a,weight-greedy,PARSE_ERR,,0.000,,,,,,,,,,,,,,,,false,Exception
starexec,NLP262+1.p,e1a,age-fair,PARSE_ERR,,0.000,,,,,,,,,,,,,,,,false,Exception
starexec,NLP262+1.p,e1a,balanced,PARSE_ERR,,0.000,,,,,,,,,,,,,,,,false,Exception
starexec,NLP262+1.p,e1a,equational,PARSE_ERR,,0.000,,,,,,,,,,,,,,,,false,Exception
starexec,NLP262+1.p,e1a,first-negative,PARSE_ERR,,0.000,,,,,,,,,,,,,,,,false,Exception
starexec,NLP262+1.p,e1a,occurrence,PARSE_ERR,,0.000,,,,,,,,,,,,,,,,false,Exception
starexec,NLP262+1.p,e1a,subsumption-light,PARSE_ERR,,0.000,,,,,,,,,,,,,,,,false,Exception
starexec,NLP262+1.p,e1a,unary-redundancy,PARSE_ERR,,0.000,,,,,,,,,,,,,,,,false,Exception
starexec,NLP262+1.p,e1a,weight-greedy,PARSE_ERR,,0.000,,,,,,,,,,,,,,,,false,Exception
starexec,NUM292+1.p,e1a,age-fair,TIMEOUT,401,1126.262,166612.581,,,18513,81524,18513,63005,,,,,,,,,false,
starexec,NUM292+1.p,e1a,balanced,TIMEOUT,401,261.086,166401.169,,,34955,107500,34953,71770,,,,,,,,,false,
starexec,NUM292+1.p,e1a,equational,TIMEOUT,401,640.031,166677.842,,,22738,92416,22738,69288,,,,,,,,,false,
starexec,NUM292+1.p,e1a,first-negative,REFUTED,401,1226.326,130609.488,,,21555,174357,21555,152762,407,,,,,,,,false,
starexec,NUM292+1.p,e1a,occurrence,TIMEOUT,401,1111.509,166633.219,,,22383,86986,22383,64214,,,,,,,,,false,
starexec,NUM292+1.p,e1a,subsumption-light,TIMEOUT,401,626.121,166768.528,,,21438,88317,21437,66489,,,,,,,,,false,
starexec,NUM292+1.p,e1a,unary-redundancy,TIMEOUT,401,1099.820,166672.409,,,22052,90074,22051,67632,,,,,,,,,false,
starexec,NUM292+1.p,e1a,weight-greedy,TIMEOUT,401,559.336,166647.467,,,22681,58301,22681,35035,,,,,,,,,false,
starexec,NUM321+1.p,e1a,age-fair,TIMEOUT,401,1801.524,167068.251,,,17387,66140,17387,48753,,,,,,,,,false,
starexec,NUM321+1.p,e1a,balanced,TIMEOUT,401,422.408,166606.628,,,21460,88372,21460,66526,,,,,,,,,false,
starexec,NUM321+1.p,e1a,equational,TIMEOUT,401,1008.978,167013.218,,,17473,66225,17473,48418,,,,,,,,,false,
starexec,NUM321+1.p,e1a,first-negative,TIMEOUT,401,1972.734,167130.968,,,18440,168642,18440,150169,,,,,,,,,false,
starexec,NUM321+1.p,e1a,occurrence,TIMEOUT,401,1804.041,167032.661,,,17837,66527,17837,48247,,,,,,,,,false,
starexec,NUM321+1.p,e1a,subsumption-light,TIMEOUT,401,995.712,167104.528,,,17421,66121,17420,48376,,,,,,,,,false,
starexec,NUM321+1.p,e1a,unary-redundancy,TIMEOUT,401,1774.022,167142.957,,,17575,66429,17574,48528,,,,,,,,,false,
starexec,NUM321+1.p,e1a,weight-greedy,TIMEOUT,401,1013.783,167026.090,,,18474,50784,18474,31847,,,,,,,,,false,
starexec,NUM335+1.p,e1a,age-fair,TIMEOUT,401,1747.244,167049.209,,,17886,67134,17886,49247,,,,,,,,,false,
starexec,NUM335+1.p,e1a,balanced,TIMEOUT,401,424.387,166546.530,,,23305,93556,23305,69864,,,,,,,,,false,
starexec,NUM335+1.p,e1a,equational,TIMEOUT,401,969.891,167010.814,,,17796,66866,17796,48740,,,,,,,,,false,
starexec,NUM335+1.p,e1a,first-negative,TIMEOUT,401,1944.739,167157.449,,,18790,169185,18790,150360,,,,,,,,,false,
starexec,NUM335+1.p,e1a,occurrence,TIMEOUT,401,1723.263,167013.501,,,18136,54737,18136,36346,,,,,,,,,false,
starexec,NUM335+1.p,e1a,subsumption-light,TIMEOUT,401,929.629,167091.530,,,17675,66624,17674,48624,,,,,,,,,false,
starexec,NUM335+1.p,e1a,unary-redundancy,TIMEOUT,401,1751.916,167100.222,,,17893,67060,17892,48840,,,,,,,,,false,
starexec,NUM335+1.p,e1a,weight-greedy,TIMEOUT,401,1000.673,166987.575,,,19177,52075,19177,32441,,,,,,,,,false,
starexec,NUM639+4.p,e1a,age-fair,KILLED,,0.000,,,,,,,,,,,,,,,,false,killed before finishing
starexec,NUM639+4.p,e1a,balanced,TIMEOUT,316,703.226,166718.941,,,18735,7920113,17392,7887662,,,,,,,,,false,
starexec,NUM639+4.p,e1a,equational,TIMEOUT,316,1061.721,167031.755,,,19157,7082077,15536,7047879,,,,,,,,,false,
starexec,NUM639+4.p,e1a,first-negative,TIMEOUT,316,2061.021,167025.535,,,17339,7082027,15681,7043270,,,,,,,,,false,
starexec,NUM639+4.p,e1a,occurrence,KILLED,,0.000,,,,,,,,,,,,,,,,false,killed before finishing
starexec,NUM639+4.p,e1a,subsumption-light,TIMEOUT,316,1013.671,166931.346,,,15998,5383555,14906,5356875,,,,,,,,,false,
starexec,NUM639+4.p,e1a,unary-redundancy,TIMEOUT,316,1784.322,166949.558,,,17595,5387919,13176,5356693,,,,,,,,,false,
starexec,NUM639+4.p,e1a,weight-greedy,TIMEOUT,316,1019.056,166900.357,,,29913,5218235,26712,5037013,,,,,,,,,false,
starexec,NUM647+4.p,e1a,age-fair,TIMEOUT,346,3133.347,167304.295,,,12995,3689777,12080,3673210,,,,,,,,,false,
starexec,NUM647+4.p,e1a,balanced,TIMEOUT,346,734.054,166772.419,,,20055,8801997,18755,8762151,,,,,,,,,false,
starexec,NUM647+4.p,e1a,equational,TIMEOUT,346,1051.541,166907.783,,,17669,7503950,17019,7472358,,,,,,,,,false,
starexec,NUM647+4.p,e1a,first-negative,TIMEOUT,346,2177.630,166995.650,,,18280,7825535,16029,7789123,,,,,,,,,false,
starexec,NUM647+4.p,e1a,occurrence,TIMEOUT,346,3099.261,167442.487,,,19479,5282495,16696,5208368,,,,,,,,,false,
starexec,NUM647+4.p,e1a,subsumption-light,TIMEOUT,346,1083.290,167013.264,,,15459,4977607,14331,4950067,,,,,,,,,false,
starexec,NUM647+4.p,e1a,unary-redundancy,TIMEOUT,346,1979.174,166943.364,,,15288,4176302,14545,4150132,,,,,,,,,false,
starexec,NUM647+4.p,e1a,weight-greedy,TIMEOUT,346,1039.369,166921.267,,,49397,2353053,43476,2114184,,,,,,,,,false,
starexec,NUM653+4.p,e1a,age-fair,KILLED,,0.000,,,,,,,,,,,,,,,,false,killed before finishing
starexec,NUM653+4.p,e1a,balanced,TIMEOUT,393,764.918,166829.930,,,23565,6921613,22331,6879033,,,,,,,,,false,
starexec,NUM653+4.p,e1a,equational,TIMEOUT,393,1125.556,166997.392,,,23814,6524103,21018,6480132,,,,,,,,,false,
starexec,NUM653+4.p,e1a,first-negative,TIMEOUT,393,2180.704,167014.919,,,20192,7029331,17375,6989301,,,,,,,,,false,
starexec,NUM653+4.p,e1a,occurrence,KILLED,,0.000,,,,,,,,,,,,,,,,false,killed before finishing
starexec,NUM653+4.p,e1a,subsumption-light,TIMEOUT,393,1089.011,167037.934,,,18067,4050601,16972,4020341,,,,,,,,,false,
starexec,NUM653+4.p,e1a,unary-redundancy,KILLED,,0.000,,,,,,,,,,,,,,,,false,killed before finishing
starexec,NUM653+4.p,e1a,weight-greedy,TIMEOUT,393,1069.213,166970.023,,,51323,1777732,44908,1524595,,,,,,,,,false,
starexec,NUM656+4.p,e1a,first-negative,KILLED,,0.000,,,,,,,,,,,,,,,,false,killed before finishing
starexec,NUM656+4.p,e1a,subsumption-light,TIMEOUT,402,1787.810,167689.814,,,15008,3746696,14290,3719024,,,,,,,,,false,
starexec,NUM656+4.p,e1a,unary-redundancy,KILLED,,0.000,,,,,,,,,,,,,,,,false,killed before finishing
starexec,NUM656+4.p,e1a,weight-greedy,TIMEOUT,402,1802.299,167403.303,,,39867,849660,34233,721160,,,,,,,,,false,
starexec,NUM657+4.p,e1a,age-fair,KILLED,,0.000,,,,,,,,,,,,,,,,false,killed before finishing
starexec,NUM657+4.p,e1a,balanced,TIMEOUT,405,746.646,166848.450,,,21709,8049270,20032,8004438,,,,,,,,,false,
starexec,NUM657+4.p,e1a,equational,TIMEOUT,405,1117.613,166914.804,,,21018,7426764,19433,7385472,,,,,,,,,false,
starexec,NUM657+4.p,e1a,first-negative,TIMEOUT,405,2171.145,167096.596,,,16436,5753213,16023,5719015,,,,,,,,,false,
starexec,NUM657+4.p,e1a,occurrence,KILLED,,0.000,,,,,,,,,,,,,,,,false,killed before finishing
starexec,NUM657+4.p,e1a,subsumption-light,TIMEOUT,405,1126.974,166916.676,,,18325,5672919,17373,5637249,,,,,,,,,false,
starexec,NUM657+4.p,e1a,unary-redundancy,TIMEOUT,405,2027.210,167027.198,,,19031,5100005,15855,5061837,,,,,,,,,false,
starexec,NUM657+4.p,e1a,weight-greedy,TIMEOUT,405,1160.201,166968.082,,,52515,1672864,44471,1493436,,,,,,,,,false,
starexec,NUM658+4.p,e1a,age-fair,KILLED,,0.000,,,,,,,,,,,,,,,,false,killed before finishing
starexec,NUM658+4.p,e1a,balanced,TIMEOUT,408,784.736,166793.446,,,18434,10534105,17810,10498067,,,,,,,,,false,
starexec,NUM658+4.p,e1a,equational,TIMEOUT,408,1069.248,166929.568,,,14200,6406312,13911,6379412,,,,,,,,,false,
starexec,NUM658+4.p,e1a,first-negative,TIMEOUT,408,2185.451,167044.110,,,13725,4476479,13333,4447561,,,,,,,,,false,
starexec,NUM658+4.p,e1a,occurrence,KILLED,,0.000,,,,,,,,,,,,,,,,false,killed before finishing
starexec,NUM658+4.p,e1a,subsumption-light,TIMEOUT,408,1088.675,167091.022,,,12748,4694119,12386,4671175,,,,,,,,,false,
starexec,NUM658+4.p,e1a,unary-redundancy,KILLED,,0.000,,,,,,,,,,,,,,,,false,killed before finishing
starexec,NUM658+4.p,e1a,weight-greedy,TIMEOUT,408,1079.096,166911.914,,,40982,794912,36207,658255,,,,,,,,,false,
starexec,NUM663+4.p,e1a,age-fair,TIMEOUT,419,2084.163,166974.320,,,13106,3875949,12381,3860425,,,,,,,,,false,
starexec,NUM663+4.p,e1a,balanced,TIMEOUT,419,523.115,166536.398,,,21406,8212905,20890,8177977,,,,,,,,,false,
starexec,NUM663+4.p,e1a,equational,TIMEOUT,419,1105.100,166979.483,,,17945,5312356,15528,5279996,,,,,,,,,false,
starexec,NUM663+4.p,e1a,occurrence,TIMEOUT,419,2103.203,166964.358,,,21706,5007973,14038,4926073,,,,,,,,,false,
starexec,NUM663+4.p,e1a,subsumption-light,TIMEOUT,419,1137.420,166976.749,,,15461,3769842,15001,3745086,,,,,,,,,false,
starexec,NUM663+4.p,e1a,unary-redundancy,TIMEOUT,419,2030.770,168264.468,,,15959,3341290,14017,3315114,,,,,,,,,false,
starexec,NUM663+4.p,e1a,weight-greedy,TIMEOUT,419,1118.549,166952.652,,,40925,1268810,32725,1060269,,,,,,,,,false,
starexec,NUM664+4.p,e1a,equational,TIMEOUT,423,1136.376,167006.492,,,21385,7437795,19286,7400537,,,,,,,,,false,
starexec,NUM664+4.p,e1a,first-negative,TIMEOUT,423,2152.268,167044.412,,,18676,7107881,18456,7070067,,,,,,,,,false,
starexec,NUM664+4.p,e1a,occurrence,TIMEOUT,423,3135.902,167367.923,,,21739,5083796,14480,5019709,,,,,,,,,false,
starexec,NUM664+4.p,e1a,subsumption-light,TIMEOUT,423,1162.029,167109.992,,,18042,5496211,17068,5463017,,,,,,,,,false,
starexec,NUM664+4.p,e1a,unary-redundancy,TIMEOUT,423,2168.392,167240.065,,,16516,5859593,15995,5830663,,,,,,,,,false,
starexec,NUM664+4.p,e1a,weight-greedy,TIMEOUT,423,1148.764,167031.398,,,51908,1728156,45625,1488329,,,,,,,,,false,
starexec,NUM669+4.p,e1a,age-fair,KILLED,,0.000,,,,,,,,,,,,,,,,false,killed before finishing
starexec,NUM669+4.p,e1a,balanced,TIMEOUT,443,912.062,166916.191,,,19841,7469848,18537,7431174,,,,,,,,,false,
starexec,NUM669+4.p,e1a,equational,TIMEOUT,443,1889.127,167534.810,,,18399,6117776,15303,6088652,,,,,,,,,false,
starexec,NUM669+4.p,e1a,first-negative,KILLED,,0.000,,,,,,,,,,,,,,,,false,killed before finishing
starexec,NUM669+4.p,e1a,subsumption-light,TIMEOUT,443,1859.595,167710.105,,,13774,3611998,12878,3588348,,,,,,,,,false,
starexec,NUM669+4.p,e1a,unary-redundancy,KILLED,,0.000,,,,,,,,,,,,,,,,false,killed before finishing
starexec,NUM669+4.p,e1a,weight-greedy,TIMEOUT,443,1876.088,167533.903,,,43297,818765,35956,685120,,,,,,,,,false,
starexec,NUM671+4.p,e1a,equational,TIMEOUT,453,1747.035,167466.124,,,18123,5394646,16892,5361360,,,,,,,,,false,
starexec,NUM671+4.p,e1a,first-negative,TIMEOUT,453,2303.042,167111.367,,,17133,5277032,16322,5240950,,,,,,,,,false,
starexec,NUM671+4.p,e1a,occurrence,KILLED,,0.000,,,,,,,,,,,,,,,,false,killed before finishing
starexec,NUM671+4.p,e1a,subsumption-light,TIMEOUT,453,1801.924,167591.757,,,15767,4044000,14606,4017686,,,,,,,,,false,
starexec,NUM671+4.p,e1a,unary-redundancy,KILLED,,0.000,,,,,,,,,,,,,,,,false,killed before finishing
starexec,NUM671+4.p,e1a,weight-greedy,TIMEOUT,453,1164.383,167562.832,,,44456,1002537,36857,829713,,,,,,,,,false,
starexec,NUM689+4.p,e1a,age-fair,KILLED,,0.000,,,,,,,,,,,,,,,,false,killed before finishing
starexec,NUM689+4.p,e1a,balanced,TIMEOUT,554,964.393,166970.099,,,26710,9358706,24676,9312236,,,,,,,,,false,
starexec,NUM689+4.p,e1a,equational,SATURATED,554,925.816,539.544,,,7,7,7,7,,,,,,,,,false,
starexec,NUM689+4.p,e1a,first-negative,SATURATED,554,1179.043,529.987,,,3,3,3,3,,,,,,,,,false,
starexec,NUM689+4.p,e1a,occurrence,KILLED,,0.000,,,,,,,,,,,,,,,,false,killed before finishing
starexec,NUM689+4.p,e1a,subsumption-light,SATURATED,554,883.911,582.938,,,7,7,7,7,,,,,,,,,false,
starexec,NUM689+4.p,e1a,unary-redundancy,SATURATED,554,1134.617,610.936,,,11,11,11,11,,,,,,,,,false,
starexec,NUM689+4.p,e1a,weight-greedy,SATURATED,554,618.205,314.528,,,5,5,5,5,,,,,,,,,false,
starexec,NUM690+4.p,e1a,balanced,TIMEOUT,559,894.229,166877.077,,,26907,7219788,24600,7164140,,,,,,,,,false,
starexec,NUM690+4.p,e1a,equational,SATURATED,559,596.204,363.539,,,7,7,7,7,,,,,,,,,false,
starexec,NUM690+4.p,e1a,first-negative,SATURATED,559,729.041,313.507,,,3,3,3,3,,,,,,,,,false,
starexec,NUM690+4.p,e1a,occurrence,KILLED,,0.000,,,,,,,,,,,,,,,,false,killed before finishing
starexec,NUM690+4.p,e1a,subsumption-light,SATURATED,559,630.957,380.195,,,7,7,7,7,,,,,,,,,false,
starexec,NUM690+4.p,e1a,unary-redundancy,SATURATED,559,1203.341,598.852,,,11,11,11,11,,,,,,,,,false,
starexec,NUM690+4.p,e1a,weight-greedy,SATURATED,559,593.632,330.258,,,5,5,5,5,,,,,,,,,false,
starexec,NUM691+4.p,e1a,age-fair,TIMEOUT,564,2085.625,166834.647,,,15399,6090682,14470,6070915,,,,,,,,,false,
starexec,NUM691+4.p,e1a,balanced,TIMEOUT,564,599.598,166663.117,,,27751,13447174,26621,13396136,,,,,,,,,false,
starexec,NUM691+4.p,e1a,equational,SATURATED,564,609.520,391.428,,,7,7,7,7,,,,,,,,,false,
starexec,NUM691+4.p,e1a,first-negative,SATURATED,564,1020.376,480.171,,,3,3,3,3,,,,,,,,,false,
starexec,NUM691+4.p,e1a,occurrence,TIMEOUT,564,2075.273,166789.960,,,21174,6416628,17699,6333386,,,,,,,,,false,
starexec,NUM691+4.p,e1a,subsumption-light,SATURATED,564,565.971,319.958,,,7,7,7,7,,,,,,,,,false,
starexec,NUM691+4.p,e1a,unary-redundancy,SATURATED,564,1192.329,552.586,,,11,11,11,11,,,,,,,,,false,
starexec,NUM691+4.p,e1a,weight-greedy,SATURATED,564,603.229,325.144,,,5,5,5,5,,,,,,,,,false,
starexec,NUM694+4.p,e1a,age-fair,KILLED,,0.000,,,,,,,,,,,,,,,,false,killed before finishing
starexec,NUM694+4.p,e1a,balanced,TIMEOUT,572,914.618,167138.603,,,25767,7718601,24886,7672203,,,,,,,,,false,
starexec,NUM694+4.p,e1a,equational,TIMEOUT,572,1287.156,166748.342,,,9271,5485236,8661,5463556,,,,,,,,,false,
starexec,NUM694+4.p,e1a,first-negative,SATURATED,572,974.389,543.405,,,3,3,3,3,,,,,,,,,false,
starexec,NUM694+4.p,e1a,occurrence,KILLED,,0.000,,,,,,,,,,,,,,,,false,killed before finishing
starexec,NUM694+4.p,e1a,subsumption-light,TIMEOUT,572,688.396,167030.389,,,3101,6386140,2971,6373570,,,,,,,,,false,
starexec,NUM694+4.p,e1a,unary-redundancy,TIMEOUT,572,1714.032,166784.822,,,7837,4159041,7442,4141935,,,,,,,,,false,
starexec,NUM694+4.p,e1a,weight-greedy,SATURATED,572,612.364,412.825,,,17,20,17,13,,,,,,,,,false,
starexec,NUM695+4.p,e1a,age-fair,KILLED,,0.000,,,,,,,,,,,,,,,,false,killed before finishing
starexec,NUM695+4.p,e1a,balanced,TIMEOUT,574,930.796,166930.586,,,25798,7280252,23375,7233590,,,,,,,,,false,
starexec,NUM695+4.p,e1a,equational,TIMEOUT,574,1091.921,166673.805,,,13172,4878113,11683,4833858,,,,,,,,,false,
starexec,NUM695+4.p,e1a,first-negative,SATURATED,574,1081.152,445.528,,,3,3,3,3,,,,,,,,,false,
starexec,NUM695+4.p,e1a,occurrence,KILLED,,0.000,,,,,,,,,,,,,,,,false,killed before finishing
starexec,NUM695+4.p,e1a,subsumption-light,TIMEOUT,574,1017.522,166526.148,,,8144,396080,6697,366898,,,,,,,,,false,
starexec,NUM695+4.p,e1a,unary-redundancy,KILLED,,0.000,,,,,,,,,,,,,,,,false,killed before finishing
starexec,NUM695+4.p,e1a,weight-greedy,SATURATED,574,910.523,607.823,,,11,11,11,7,,,,,,,,,false,
starexec,NUM698+4.p,e1a,age-fair,KILLED,,0.000,,,,,,,,,,,,,,,,false,killed before finishing
starexec,NUM698+4.p,e1a,balanced,TIMEOUT,585,995.192,167005.615,,,25354,7746202,22547,7694486,,,,,,,,,false,
starexec,NUM698+4.p,e1a,equational,SATURATED,585,944.144,702.048,,,12,12,12,12,,,,,,,,,false,
starexec,NUM698+4.p,e1a,first-negative,SATURATED,585,1183.516,536.275,,,3,3,3,3,,,,,,,,,false,
starexec,NUM698+4.p,e1a,occurrence,KILLED,,0.000,,,,,,,,,,,,,,,,false,killed before finishing
starexec,NUM698+4.p,e1a,subsumption-light,SATURATED,585,897.349,672.591,,,10,10,10,10,,,,,,,,,false,
starexec,NUM698+4.p,e1a,unary-redundancy,TIMEOUT,585,1784.863,166714.494,,,7871,3509160,7360,3491098,,,,,,,,,false,
starexec,NUM698+4.p,e1a,weight-greedy,SATURATED,585,899.931,480.829,,,6,6,6,6,,,,,,,,,false,
starexec,NUM707+4.p,e1a,age-fair,KILLED,,0.000,,,,,,,,,,,,,,,,false,killed before finishing
starexec,NUM707+4.p,e1a,balanced,TIMEOUT,634,919.569,167001.838,,,25737,8112532,25242,8073168,,,,,,,,,false,
starexec,NUM707+4.p,e1a,equational,SATURATED,634,981.032,658.735,,,15,15,15,10,,,,,,,,,false,
starexec,NUM707+4.p,e1a,first-negative,SATURATED,634,1131.679,549.241,,,3,3,3,3,,,,,,,,,false,
starexec,NUM707+4.p,e1a,occurrence,KILLED,,0.000,,,,,,,,,,,,,,,,false,killed before finishing
starexec,NUM707+4.p,e1a,subsumption-light,SATURATED,634,921.027,604.402,,,6,6,6,6,,,,,,,,,false,
starexec,NUM707+4.p,e1a,unary-redundancy,TIMEOUT,634,1263.366,166681.665,,,2370,3449033,2244,3439461,,,,,,,,,false,
starexec,NUM707+4.p,e1a,weight-greedy,SATURATED,634,940.384,552.960,,,5,5,5,5,,,,,,,,,false,
starexec,NUM709+4.p,e1a,age-fair,KILLED,,0.000,,,,,,,,,,,,,,,,false,killed before finishing
starexec,NUM709+4.p,e1a,balanced,TIMEOUT,639,1012.750,169869.408,,,26838,8589754,25482,8536598,,,,,,,,,false,
starexec,NUM709+4.p,e1a,equational,SATURATED,639,975.834,746.903,,,15,15,15,10,,,,,,,,,false,
starexec,NUM709+4.p,e1a,first-negative,SATURATED,639,1160.998,498.736,,,3,3,3,3,,,,,,,,,false,
starexec,NUM709+4.p,e1a,occurrence,KILLED,,0.000,,,,,,,,,,,,,,,,false,killed before finishing
starexec,NUM709+4.p,e1a,subsumption-light,SATURATED,639,978.336,644.299,,,6,6,6,6,,,,,,,,,false,
starexec,NUM709+4.p,e1a,unary-redundancy,TIMEOUT,639,1348.897,166661.334,,,3775,3140180,3364,3127646,,,,,,,,,false,
starexec,NUM709+4.p,e1a,weight-greedy,SATURATED,639,1000.150,525.984,,,5,5,5,5,,,,,,,,,false,
starexec,NUM743+4.p,e1a,age-fair,KILLED,,0.000,,,,,,,,,,,,,,,,false,killed before finishing
starexec,NUM743+4.p,e1a,balanced,TIMEOUT,907,1075.045,167101.914,,,28937,5898119,28752,5854089,,,,,,,,,false,
starexec,NUM743+4.p,e1a,equational,SATURATED,907,693.787,350.020,,,9,9,9,9,,,,,,,,,false,
starexec,NUM743+4.p,e1a,first-negative,SATURATED,907,790.330,292.536,,,3,3,3,3,,,,,,,,,false,
starexec,NUM743+4.p,e1a,occurrence,KILLED,,0.000,,,,,,,,,,,,,,,,false,killed before finishing
starexec,NUM743+4.p,e1a,subsumption-light,SATURATED,907,668.234,403.108,,,9,9,9,9,,,,,,,,,false,
starexec,NUM743+4.p,e1a,unary-redundancy,KILLED,,0.000,,,,,,,,,,,,,,,,false,killed before finishing
starexec,NUM743+4.p,e1a,weight-greedy,SATURATED,907,673.380,347.733,,,5,5,5,5,,,,,,,,,false,
starexec,NUM747+4.p,e1a,age-fair,KILLED,,0.000,,,,,,,,,,,,,,,,false,killed before finishing
starexec,NUM747+4.p,e1a,balanced,TIMEOUT,943,889.598,166803.988,,,27080,6384239,24650,6332385,,,,,,,,,false,
starexec,NUM747+4.p,e1a,equational,SATURATED,943,643.218,368.992,,,7,7,7,7,,,,,,,,,false,
starexec,NUM747+4.p,e1a,first-negative,SATURATED,943,808.094,344.689,,,3,3,3,3,,,,,,,,,false,
starexec,NUM747+4.p,e1a,subsumption-light,SATURATED,943,1101.153,581.511,,,7,7,7,7,,,,,,,,,false,
starexec,NUM747+4.p,e1a,unary-redundancy,TIMEOUT,943,1425.422,166632.103,,,8541,4321274,7942,4304056,,,,,,,,,false,
starexec,NUM747+4.p,e1a,weight-greedy,SATURATED,943,658.154,401.943,,,5,5,5,5,,,,,,,,,false,
starexec,NUM750+4.p,e1a,age-fair,TIMEOUT,964,2464.538,166946.242,,,13609,4042232,13418,4025817,,,,,,,,,false,
starexec,NUM750+4.p,e1a,balanced,TIMEOUT,964,764.664,166779.390,,,28606,6164379,27534,6118085,,,,,,,,,false,
starexec,NUM750+4.p,e1a,equational,SATURATED,964,693.878,410.408,,,8,8,8,8,,,,,,,,,false,
starexec,NUM750+4.p,e1a,first-negative,SATURATED,964,955.548,329.411,,,3,3,3,3,,,,,,,,,false,
starexec,NUM750+4.p,e1a,subsumption-light,SATURATED,964,715.292,448.908,,,8,8,8,8,,,,,,,,,false,
starexec,NUM750+4.p,e1a,unary-redundancy,SATURATED,964,866.631,578.075,,,15,15,15,15,,,,,,,,,false,
starexec,NUM750+4.p,e1a,weight-greedy,SATURATED,964,657.489,332.930,,,5,5,5,5,,,,,,,,,false,
starexec,NUM757+4.p,e1a,age-fair,TIMEOUT,1012,2458.625,166904.445,,,14733,4742263,13855,4722926,,,,,,,,,false,
starexec,NUM757+4.p,e1a,balanced,TIMEOUT,1012,773.571,168080.015,,,24428,8789039,23623,8748257,,,,,,,,,false,
starexec,NUM757+4.p,e1a,equational,SATURATED,1012,698.542,407.728,,,8,8,8,8,,,,,,,,,false,
starexec,NUM757+4.p,e1a,first-negative,SATURATED,1012,862.616,390.891,,,3,3,3,3,,,,,,,,,false,
starexec,NUM757+4.p,e1a,occurrence,TIMEOUT,1012,2330.566,166843.094,,,22882,4406240,14873,4337653,,,,,,,,,false,
starexec,NUM757+4.p,e1a,subsumption-light,SATURATED,1012,745.663,383.710,,,8,8,8,8,,,,,,,,,false,
starexec,NUM757+4.p,e1a,unary-redundancy,SATURATED,1012,1025.389,362.154,,,8,8,8,8,,,,,,,,,false,
starexec,NUM757+4.p,e1a,weight-greedy,SATURATED,1012,815.621,397.066,,,5,5,5,5,,,,,,,,,false,
starexec,NUM783+4.p,e1a,age-fair,KILLED,,0.000,,,,,,,,,,,,,,,,false,killed before finishing
starexec,NUM783+4.p,e1a,balanced,TIMEOUT,1257,1245.830,167300.135,,,31541,5164803,31216,5118407,,,,,,,,,false,
starexec,NUM783+4.p,e1a,equational,TIMEOUT,1257,929.250,166482.075,,,10775,3643494,9649,3618242,,,,,,,,,false,
starexec,NUM783+4.p,e1a,first-negative,SATURATED,1257,884.080,362.721,,,5,5,5,5,,,,,,,,,false,
starexec,NUM783+4.p,e1a,occurrence,KILLED,,0.000,,,,,,,,,,,,,,,,false,killed before finishing
starexec,NUM783+4.p,e1a,subsumption-light,TIMEOUT,1257,807.796,166430.666,,,15271,420505,13269,378623,,,,,,,,,false,
starexec,NUM783+4.p,e1a,unary-redundancy,KILLED,,0.000,,,,,,,,,,,,,,,,false,killed before finishing
starexec,NUM783+4.p,e1a,weight-greedy,SATURATED,1257,801.665,460.682,,,14,15,14,12,,,,,,,,,false,
starexec,NUM785+4.p,e1a,age-fair,KILLED,,0.000,,,,,,,,,,,,,,,,false,killed before finishing
starexec,NUM785+4.p,e1a,balanced,TIMEOUT,1274,1317.639,167633.900,,,31468,5806070,30967,5745280,,,,,,,,,false,
starexec,NUM785+4.p,e1a,first-negative,SATURATED,1274,1351.066,476.374,,,3,3,3,3,,,,,,,,,false,
starexec,NUM785+4.p,e1a,occurrence,KILLED,,0.000,,,,,,,,,,,,,,,,false,killed before finishing
starexec,NUM785+4.p,e1a,subsumption-light,SATURATED,1274,1191.476,575.615,,,8,8,8,8,,,,,,,,,false,
starexec,NUM785+4.p,e1a,weight-greedy,SATURATED,1274,1145.695,500.248,,,6,6,6,6,,,,,,,,,false,
starexec,NUM786+4.p,e1a,age-fair,KILLED,,0.000,,,,,,,,,,,,,,,,false,killed before finishing
starexec,NUM786+4.p,e1a,balanced,TIMEOUT,1277,1258.747,167474.777,,,38439,6667654,37368,6607036,,,,,,,,,false,
starexec,NUM786+4.p,e1a,equational,KILLED,,0.000,,,,,,,,,,,,,,,,false,killed before finishing
starexec,NUM786+4.p,e1a,first-negative,SATURATED,1277,956.421,363.050,,,3,3,3,3,,,,,,,,,false,
starexec,NUM786+4.p,e1a,occurrence,KILLED,,0.000,,,,,,,,,,,,,,,,false,killed before finishing
starexec,NUM786+4.p,e1a,subsumption-light,SATURATED,1277,1173.111,718.427,,,12,12,12,11,,,,,,,,,false,
starexec,NUM786+4.p,e1a,unary-redundancy,KILLED,,0.000,,,,,,,,,,,,,,,,false,killed before finishing
starexec,NUM786+4.p,e1a,weight-greedy,SATURATED,1277,771.241,364.246,,,6,6,6,6,,,,,,,,,false,
starexec,NUM787+4.p,e1a,age-fair,KILLED,,0.000,,,,,,,,,,,,,,,,false,killed before finishing
starexec,NUM787+4.p,e1a,balanced,TIMEOUT,1280,1348.311,167278.954,,,30850,5775059,29281,5714532,,,,,,,,,false,
starexec,NUM787+4.p,e1a,equational,SATURATED,1280,782.435,490.610,,,17,17,17,16,,,,,,,,,false,
starexec,NUM787+4.p,e1a,first-negative,SATURATED,1280,953.666,314.105,,,3,3,3,3,,,,,,,,,false,
starexec,NUM787+4.p,e1a,occurrence,KILLED,,0.000,,,,,,,,,,,,,,,,false,killed before finishing
starexec,NUM787+4.p,e1a,subsumption-light,SATURATED,1280,801.221,403.842,,,12,12,12,11,,,,,,,,,false,
starexec,NUM787+4.p,e1a,unary-redundancy,KILLED,,0.000,,,,,,,,,,,,,,,,false,killed before finishing
starexec,NUM787+4.p,e1a,weight-greedy,SATURATED,1280,793.286,359.135,,,6,6,6,6,,,,,,,,,false,
starexec,NUM789+4.p,e1a,age-fair,KILLED,,0.000,,,,,,,,,,,,,,,,false,killed before finishing
starexec,NUM789+4.p,e1a,balanced,TIMEOUT,1286,1285.426,167348.612,,,30261,5983043,28431,5928991,,,,,,,,,false,
starexec,NUM789+4.p,e1a,equational,SATURATED,1286,1135.499,622.063,,,18,18,18,17,,,,,,,,,false,
starexec,NUM789+4.p,e1a,first-negative,SATURATED,1286,1338.507,506.644,,,3,3,3,3,,,,,,,,,false,
starexec,NUM789+4.p,e1a,occurrence,KILLED,,0.000,,,,,,,,,,,,,,,,false,killed before finishing
starexec,NUM789+4.p,e1a,subsumption-light,SATURATED,1286,1200.997,663.816,,,15,15,15,14,,,,,,,,,false,
starexec,NUM789+4.p,e1a,weight-greedy,SATURATED,1286,1156.196,610.433,,,6,6,6,6,,,,,,,,,false,
starexec,NUM795+4.p,e1a,balanced,TIMEOUT,1411,879.154,166898.918,,,36198,10793853,35245,10738913,,,,,,,,,false,
starexec,NUM795+4.p,e1a,equational,SATURATED,1411,757.946,373.242,,,7,7,7,7,,,,,,,,,false,
starexec,NUM795+4.p,e1a,first-negative,SATURATED,1411,1346.494,400.373,,,3,3,3,3,,,,,,,,,false,
starexec,NUM795+4.p,e1a,occurrence,TIMEOUT,1411,2251.724,166796.023,,,19465,6895942,18354,6837204,,,,,,,,,false,
starexec,NUM795+4.p,e1a,subsumption-light,SATURATED,1411,755.943,410.304,,,7,7,7,7,,,,,,,,,false,
starexec,NUM795+4.p,e1a,unary-redundancy,TIMEOUT,1411,1228.422,166569.401,,,5839,6532432,5691,6517254,,,,,,,,,false,
starexec,NUM795+4.p,e1a,weight-greedy,SATURATED,1411,739.902,404.681,,,5,5,5,5,,,,,,,,,false,
starexec,NUM796+4.p,e1a,age-fair,KILLED,,0.000,,,,,,,,,,,,,,,,false,killed before finishing
starexec,NUM796+4.p,e1a,balanced,TIMEOUT,1416,1373.872,167453.278,,,31468,5979858,31068,5928238,,,,,,,,,false,
starexec,NUM796+4.p,e1a,equational,SATURATED,1416,1205.974,614.178,,,7,7,7,7,,,,,,,,,false,
starexec,NUM796+4.p,e1a,first-negative,SATURATED,1416,1353.511,643.476,,,3,3,3,3,,,,,,,,,false,
starexec,NUM796+4.p,e1a,occurrence,KILLED,,0.000,,,,,,,,,,,,,,,,false,killed before finishing
starexec,NUM796+4.p,e1a,subsumption-light,SATURATED,1416,1187.530,639.457,,,7,7,7,7,,,,,,,,,false,
starexec,NUM796+4.p,e1a,unary-redundancy,KILLED,,0.000,,,,,,,,,,,,,,,,false,killed before finishing
starexec,NUM796+4.p,e1a,weight-greedy,SATURATED,1416,1150.290,597.526,,,5,5,5,5,,,,,,,,,false,
starexec,NUM835+1.p,e1a,age-fair,REFUTED,38,742.655,2549.758,,,197,5345,178,4936,49,,,,,,,,false,
starexec,NUM835+1.p,e1a,balanced,REFUTED,38,226.862,1981.475,,,327,11144,316,10168,49,,,,,,,,false,
starexec,NUM835+1.p,e1a,equational,REFUTED,38,503.499,4991.377,,,434,25528,418,24386,49,,,,,,,,false,
starexec,NUM835+1.p,e1a,first-negative,TIMEOUT,38,612.514,166770.848,,,5420,8490507,5036,8428581,,,,,,,,,false,
starexec,NUM835+1.p,e1a,occurrence,REFUTED,38,820.765,2778.041,,,180,4882,175,4042,49,,,,,,,,false,
starexec,NUM835+1.p,e1a,subsumption-light,REFUTED,38,470.801,4018.028,,,325,11036,312,10060,49,,,,,,,,false,
starexec,NUM835+1.p,e1a,unary-redundancy,REFUTED,38,830.427,3638.864,,,227,7960,220,7211,49,,,,,,,,false,
starexec,NUM835+1.p,e1a,weight-greedy,REFUTED,38,510.768,2673.052,,,262,2509,227,1021,49,,,,,,,,false,
starexec,NUM840+1.p,e1a,age-fair,REFUTED,38,826.277,11971.436,,,1077,165743,992,163728,47,,,,,,,,false,
starexec,NUM840+1.p,e1a,balanced,REFUTED,38,150.521,4657.521,,,1654,191175,1630,187146,47,,,,,,,,false,
starexec,NUM840+1.p,e1a,equational,REFUTED,38,308.640,15994.177,,,2322,673576,2310,667203,47,,,,,,,,false,
starexec,NUM840+1.p,e1a,first-negative,TIMEOUT,38,816.644,166566.953,,,6256,8395125,5703,8353661,,,,,,,,,false,
starexec,NUM840+1.p,e1a,occurrence,REFUTED,38,526.501,2874.547,,,744,21600,711,19278,47,,,,,,,,false,
starexec,NUM840+1.p,e1a,subsumption-light,REFUTED,38,314.273,3903.449,,,655,41203,631,39536,47,,,,,,,,false,
starexec,NUM840+1.p,e1a,unary-redundancy,TIMEOUT,38,518.258,166383.014,,,6579,6549375,6084,6529023,,,,,,,,,false,
starexec,NUM840+1.p,e1a,weight-greedy,REFUTED,38,325.791,1485.550,,,349,4733,341,3008,47,,,,,,,,false,
starexec,NUM853+2.p,e1a,age-fair,REFUTED,36,507.756,8842.495,,,1668,192181,1570,189586,41,,,,,,,,false,
starexec,NUM853+2.p,e1a,balanced,REFUTED,36,146.445,2070.365,,,765,33837,742,32351,41,,,,,,,,false,
starexec,NUM853+2.p,e1a,equational,REFUTED,36,319.634,5505.307,,,911,67054,894,65322,41,,,,,,,,false,
starexec,NUM853+2.p,e1a,first-negative,TIMEOUT,36,831.123,166554.380,,,7722,9413753,7319,9387503,,,,,,,,,false,
starexec,NUM853+2.p,e1a,occurrence,REFUTED,36,510.958,2925.194,,,668,21274,664,19331,41,,,,,,,,false,
starexec,NUM853+2.p,e1a,subsumption-light,REFUTED,36,321.751,4176.660,,,675,29373,633,27887,41,,,,,,,,false,
starexec,NUM853+2.p,e1a,unary-redundancy,REFUTED,36,520.980,4353.705,,,701,36673,668,35221,41,,,,,,,,false,
starexec,NUM853+2.p,e1a,weight-greedy,REFUTED,36,297.745,1939.987,,,454,8806,441,6592,41,,,,,,,,false,
starexec,NUM859+1.p,e1a,age-fair,TIMEOUT,13,702.780,166690.092,,,9584,7148175,9451,7132281,,,,,,,,,false,
starexec,NUM859+1.p,e1a,balanced,TIMEOUT,13,215.968,166294.023,,,18491,13934600,17168,13882034,,,,,,,,,false,
starexec,NUM859+1.p,e1a,equational,TIMEOUT,13,439.590,166505.355,,,12152,8354685,10839,8321481,,,,,,,,,false,
starexec,NUM859+1.p,e1a,first-negative,TIMEOUT,13,728.173,166831.195,,,15250,8170279,14648,8121741,,,,,,,,,false,
starexec,NUM859+1.p,e1a,occurrence,TIMEOUT,13,735.241,166488.505,,,13902,8676575,12851,8599393,,,,,,,,,false,
starexec,NUM859+1.p,e1a,subsumption-light,TIMEOUT,13,428.895,169188.428,,,8503,4012594,8421,3991516,,,,,,,,,false,
starexec,NUM859+1.p,e1a,unary-redundancy,TIMEOUT,13,702.545,166527.379,,,8347,3889236,7100,3865282,,,,,,,,,false,
starexec,NUM859+1.p,e1a,weight-greedy,TIMEOUT,13,410.597,166506.962,,,13934,6771290,11625,6550662,,,,,,,,,false,
starexec,NUM860+1.p,e1a,age-fair,HARD_TIMEOUT,13,0.000,,,,,,,,,,,,,,,,false,
starexec,NUM860+1.p,e1a,balanced,TIMEOUT,13,191.664,166246.133,,,14325,16313026,13507,16278254,,,,,,,,,false,
starexec,NUM860+1.p,e1a,equational,TIMEOUT,13,416.814,166570.490,,,10320,9002237,9091,8975535,,,,,,,,,false,
starexec,NUM860+1.p,e1a,first-negative,TIMEOUT,13,635.162,166525.868,,,18637,12040022,16513,11996035,,,,,,,,,false,
starexec,NUM860+1.p,e1a,occurrence,TIMEOUT,13,595.133,166467.638,,,12603,9275320,12146,9207673,,,,,,,,,false,
starexec,NUM860+1.p,e1a,subsumption-light,TIMEOUT,13,420.363,166589.232,,,9001,4997071,8633,4974409,,,,,,,,,false,
starexec,NUM860+1.p,e1a,unary-redundancy,TIMEOUT,13,647.539,166461.012,,,8390,4651713,8057,4631314,,,,,,,,,false,
starexec,NUM860+1.p,e1a,weight-greedy,TIMEOUT,13,398.681,167787.423,,,28780,10139287,19054,9865002,,,,,,,,,false,
starexec,NUN054+1.p,e1a,age-fair,REFUTED,18,951.777,46611.522,,,10226,1504699,9658,1490804,59,,,,,,,,false,
starexec,NUN054+1.p,e1a,balanced,REFUTED,18,256.046,1002.406,,,397,2597,386,2071,59,,,,,,,,false,
starexec,NUN054+1.p,e1a,equational,REFUTED,18,546.077,1883.239,,,423,3042,421,2466,59,,,,,,,,false,
starexec,NUN054+1.p,e1a,first-negative,TIMEOUT,18,1004.187,166567.165,,,31418,1106970,30290,1067947,,,,,,,,,false,
starexec,NUN054+1.p,e1a,occurrence,REFUTED,18,940.958,2722.789,,,698,5867,642,4310,59,,,,,,,,false,
starexec,NUN054+1.p,e1a,subsumption-light,REFUTED,18,492.223,3079.743,,,531,5071,517,4231,59,,,,,,,,false,
starexec,NUN054+1.p,e1a,unary-redundancy,REFUTED,18,912.085,2621.833,,,400,2502,387,1974,59,,,,,,,,false,
starexec,NUN054+1.p,e1a,weight-greedy,REFUTED,18,566.499,18107.347,,,6039,135572,5975,105655,59,,,,,,,,false,
starexec,NUN054+2.p,e1a,age-fair,REFUTED,11,488.206,1162.011,,,192,1763,167,1439,40,,,,,,,,false,
starexec,NUN054+2.p,e1a,balanced,REFUTED,11,138.572,344.618,,,58,94,48,32,40,,,,,,,,false,
starexec,NUN054+2.p,e1a,equational,REFUTED,11,302.324,654.295,,,58,94,48,32,40,,,,,,,,false,
starexec,NUN054+2.p,e1a,first-negative,REFUTED,11,751.609,1332.527,,,147,447,99,213,40,,,,,,,,false,
starexec,NUN054+2.p,e1a,occurrence,REFUTED,11,493.245,520.574,,,47,72,39,32,40,,,,,,,,false,
starexec,NUN054+2.p,e1a,subsumption-light,REFUTED,11,314.911,678.991,,,73,151,60,59,40,,,,,,,,false,
starexec,NUN054+2.p,e1a,unary-redundancy,REFUTED,11,461.167,627.150,,,57,94,48,32,40,,,,,,,,false,
starexec,NUN054+2.p,e1a,weight-greedy,REFUTED,11,296.275,2214.053,,,454,8967,432,8080,40,,,,,,,,false,
starexec,NUN056+1.p,e1a,age-fair,TIMEOUT,18,912.045,166549.252,,,21327,5885321,19081,5854240,,,,,,,,,false,
starexec,NUN056+1.p,e1a,balanced,TIMEOUT,18,248.559,166366.517,,,34015,6968975,30056,6897098,,,,,,,,,false,
starexec,NUN056+1.p,e1a,equational,TIMEOUT,18,542.851,166956.297,,,24788,4313752,22021,4264276,,,,,,,,,false,
starexec,NUN056+1.p,e1a,first-negative,TIMEOUT,18,1043.352,166651.554,,,25085,1100671,24991,1069763,,,,,,,,,false,
starexec,NUN056+1.p,e1a,occurrence,TIMEOUT,18,924.256,166559.358,,,29276,1827303,28544,1728806,,,,,,,,,false,
starexec,NUN056+1.p,e1a,subsumption-light,TIMEOUT,18,541.863,166826.552,,,9767,1444503,9560,1420451,,,,,,,,,false,
starexec,NUN056+1.p,e1a,unary-redundancy,TIMEOUT,18,910.178,166716.896,,,8798,732780,8334,716506,,,,,,,,,false,
starexec,NUN056+1.p,e1a,weight-greedy,REFUTED,18,549.096,18170.411,,,4929,73469,4771,51422,59,,,,,,,,false,
starexec,NUN057+1.p,e1a,age-fair,TIMEOUT,18,841.181,166603.999,,,21928,6142414,19683,6110590,,,,,,,,,false,
starexec,NUN057+1.p,e1a,balanced,TIMEOUT,18,241.030,166317.645,,,34715,7260064,31524,7188626,,,,,,,,,false,
starexec,NUN057+1.p,e1a,equational,TIMEOUT,18,526.111,166561.855,,,24880,4513267,22045,4464819,,,,,,,,,false,
starexec,NUN057+1.p,e1a,first-negative,TIMEOUT,18,929.581,166496.368,,,34034,1140162,33942,1098802,,,,,,,,,false,
starexec,NUN057+1.p,e1a,occurrence,TIMEOUT,18,830.294,166527.884,,,31205,2927434,29884,2819338,,,,,,,,,false,
starexec,NUN057+1.p,e1a,subsumption-light,TIMEOUT,18,502.179,166644.169,,,9943,1493093,9700,1468673,,,,,,,,,false,
starexec,NUN057+1.p,e1a,unary-redundancy,TIMEOUT,18,891.282,166983.058,,,8181,562044,7810,547156,,,,,,,,,false,
starexec,NUN057+1.p,e1a,weight-greedy,TIMEOUT,18,466.567,166550.130,,,33438,1223171,29289,1062751,,,,,,,,,false,
starexec,NUN060+1.p,e1a,age-fair,TIMEOUT,18,928.411,166568.555,,,21526,6283302,19480,6250890,,,,,,,,,false,
starexec,NUN060+1.p,e1a,balanced,REFUTED,18,261.988,458.799,,,47,134,43,84,59,,,,,,,,false,
starexec,NUN060+1.p,e1a,equational,REFUTED,18,510.644,818.320,,,45,124,41,72,59,,,,,,,,false,
starexec,NUN060+1.p,e1a,first-negative,REFUTED,18,1007.096,855.532,,,53,208,52,146,59,,,,,,,,false,
starexec,NUN060+1.p,e1a,occurrence,REFUTED,18,903.149,662.858,,,23,59,20,43,59,,,,,,,,false,
starexec,NUN060+1.p,e1a,subsumption-light,REFUTED,18,516.480,1514.645,,,172,1238,167,994,59,,,,,,,,false,
starexec,NUN060+1.p,e1a,unary-redundancy,REFUTED,18,949.906,820.042,,,48,137,44,85,59,,,,,,,,false,
starexec,NUN060+1.p,e1a,weight-greedy,REFUTED,18,522.863,722.312,,,21,56,18,43,59,,,,,,,,false,
starexec,NUN062+1.p,e1a,age-fair,REFUTED,18,855.315,1486.054,,,288,1999,273,1638,60,,,,,,,,false,
starexec,NUN062+1.p,e1a,balanced,REFUTED,18,225.073,464.322,,,79,268,58,163,60,,,,,,,,false,
starexec,NUN062+1.p,e1a,equational,REFUTED,18,350.822,636.647,,,78,257,54,157,60,,,,,,,,false,
starexec,NUN062+1.p,e1a,first-negative,REFUTED,18,924.880,890.183,,,67,281,55,202,60,,,,,,,,false,
starexec,NUN062+1.p,e1a,occurrence,REFUTED,18,838.016,775.769,,,65,190,46,105,60,,,,,,,,false,
starexec,NUN062+1.p,e1a,subsumption-light,REFUTED,18,340.289,647.570,,,79,268,58,163,60,,,,,,,,false,
starexec,NUN062+1.p,e1a,unary-redundancy,REFUTED,18,570.243,643.472,,,79,268,58,163,60,,,,,,,,false,
starexec,NUN062+1.p,e1a,weight-greedy,REFUTED,18,475.232,728.664,,,56,106,40,44,60,,,,,,,,false,
starexec,NUN065+1.p,e1a,age-fair,REFUTED,18,959.225,33214.774,,,8005,1053418,7766,1042752,63,,,,,,,,false,
starexec,NUN065+1.p,e1a,balanced,REFUTED,18,261.697,4541.789,,,2407,121684,2255,115685,63,,,,,,,,false,
starexec,NUN065+1.p,e1a,equational,REFUTED,18,509.004,9167.710,,,2500,129169,2318,122891,63,,,,,,,,false,
starexec,NUN065+1.p,e1a,first-negative,TIMEOUT,18,1024.825,166540.360,,,11359,11727485,11075,11700547,,,,,,,,,false,
starexec,NUN065+1.p,e1a,occurrence,REFUTED,18,900.147,6925.445,,,1640,62495,1501,54558,63,,,,,,,,false,
starexec,NUN065+1.p,e1a,subsumption-light,REFUTED,18,516.965,3571.598,,,647,9586,607,8292,63,,,,,,,,false,
starexec,NUN065+1.p,e1a,unary-redundancy,REFUTED,18,878.753,3852.242,,,693,12352,654,10948,63,,,,,,,,false,
starexec,NUN065+1.p,e1a,weight-greedy,REFUTED,18,565.660,4925.728,,,1148,36063,1060,25188,63,,,,,,,,false,
starexec,NUN066+1.p,e1a,age-fair,REFUTED,18,846.480,8820.942,,,2808,97020,2692,93392,64,,,,,,,,false,
starexec,NUN066+1.p,e1a,balanced,REFUTED,18,243.932,2580.332,,,1155,33489,1094,30917,64,,,,,,,,false,
starexec,NUN066+1.p,e1a,equational,REFUTED,18,481.732,8717.869,,,2394,120286,2253,114384,64,,,,,,,,false,
starexec,NUN066+1.p,e1a,first-negative,TIMEOUT,18,690.041,166406.218,,,12725,16640310,12449,16609690,,,,,,,,,false,
starexec,NUN066+1.p,e1a,occurrence,REFUTED,18,926.843,9601.269,,,2570,121922,2364,107174,64,,,,,,,,false,
starexec,NUN066+1.p,e1a,subsumption-light,REFUTED,18,543.159,7687.305,,,1220,40695,1171,37909,64,,,,,,,,false,
starexec,NUN066+1.p,e1a,unary-redundancy,REFUTED,18,941.586,10472.033,,,1757,81078,1664,76749,64,,,,,,,,false,
starexec,NUN066+1.p,e1a,weight-greedy,REFUTED,18,491.976,4863.708,,,1131,35212,1043,24507,64,,,,,,,,false,
starexec,NUN075+1.p,e1a,age-fair,TIMEOUT,18,1028.290,166579.233,,,20704,5604466,18459,5574694,,,,,,,,,false,
starexec,NUN075+1.p,e1a,balanced,REFUTED,18,296.665,6766.938,,,3071,147194,2960,141350,59,,,,,,,,false,
starexec,NUN075+1.p,e1a,equational,TIMEOUT,18,546.684,166630.380,,,21299,4200655,20880,4154861,,,,,,,,,false,
starexec,NUN075+1.p,e1a,first-negative,HARD_TIMEOUT,18,0.000,,,,,,,,,,,,,,,,false,
starexec,NUN075+1.p,e1a,occurrence,REFUTED,18,1026.906,24737.346,,,6095,208303,5521,193646,59,,,,,,,,false,
starexec,NUN075+1.p,e1a,subsumption-light,HARD_TIMEOUT,18,0.000,,,,,,,,,,,,,,,,false,
starexec,NUN075+1.p,e1a,unary-redundancy,TIMEOUT,18,1015.676,168112.033,,,619,7125,615,6092,,,,,,,,,false,
starexec,NUN075+1.p,e1a,weight-greedy,REFUTED,18,574.802,22019.547,,,3975,73890,3786,52604,59,,,,,,,,false,
starexec,NUN076+1.p,e1a,age-fair,REFUTED,18,623.035,22998.900,,,9030,1238732,8339,1226581,59,,,,,,,,false,
starexec,NUN076+1.p,e1a,balanced,REFUTED,18,159.296,419.714,,,150,525,144,355,59,,,,,,,,false,
starexec,NUN076+1.p,e1a,equational,REFUTED,18,335.698,790.271,,,141,493,135,334,59,,,,,,,,false,
starexec,NUN076+1.p,e1a,first-negative,TIMEOUT,18,987.676,166509.555,,,43031,1100868,42764,1049338,,,,,,,,,false,
starexec,NUN076+1.p,e1a,occurrence,REFUTED,18,570.211,758.824,,,192,487,188,250,59,,,,,,,,false,
starexec,NUN076+1.p,e1a,subsumption-light,REFUTED,18,335.128,1047.321,,,211,1393,205,1096,59,,,,,,,,false,
starexec,NUN076+1.p,e1a,unary-redundancy,REFUTED,18,574.964,864.381,,,150,525,144,355,59,,,,,,,,false,
starexec,NUN076+1.p,e1a,weight-greedy,REFUTED,18,330.414,691.093,,,147,251,142,81,59,,,,,,,,false,
starexec,NUN080+1.p,e1a,age-fair,REFUTED,18,879.349,3042.996,,,657,11533,633,10641,59,,,,,,,,false,
starexec,NUN080+1.p,e1a,balanced,REFUTED,18,233.080,444.272,,,43,122,40,76,59,,,,,,,,false,
starexec,NUN080+1.p,e1a,equational,REFUTED,18,522.595,767.906,,,41,113,38,65,59,,,,,,,,false,
starexec,NUN080+1.p,e1a,first-negative,REFUTED,18,991.282,733.026,,,41,109,36,67,59,,,,,,,,false,
starexec,NUN080+1.p,e1a,occurrence,REFUTED,18,833.601,678.028,,,20,55,17,43,59,,,,,,,,false,
starexec,NUN080+1.p,e1a,subsumption-light,REFUTED,18,485.679,778.992,,,46,129,43,79,59,,,,,,,,false,
starexec,NUN080+1.p,e1a,unary-redundancy,REFUTED,18,925.007,742.955,,,43,123,40,77,59,,,,,,,,false,
starexec,NUN080+1.p,e1a,weight-greedy,REFUTED,18,509.695,641.622,,,18,52,15,43,59,,,,,,,,false,
starexec,NUN082+1.p,e1a,age-fair,TIMEOUT,18,938.208,166587.258,,,22118,6451447,20048,6418369,,,,,,,,,false,
starexec,NUN082+1.p,e1a,balanced,REFUTED,18,244.912,3494.047,,,1967,57833,1684,53969,59,,,,,,,,false,
starexec,NUN082+1.p,e1a,equational,REFUTED,18,536.571,6670.138,,,2008,59558,1688,55540,59,,,,,,,,false,
starexec,NUN082+1.p,e1a,first-negative,REFUTED,18,951.971,48808.962,,,10085,2372862,9564,2358168,59,,,,,,,,false,
starexec,NUN082+1.p,e1a,occurrence,REFUTED,18,884.519,13034.857,,,4763,212718,3367,193196,59,,,,,,,,false,
starexec,NUN082+1.p,e1a,subsumption-light,REFUTED,18,521.633,4119.234,,,777,10686,742,9352,59,,,,,,,,false,
starexec,NUN082+1.p,e1a,unary-redundancy,REFUTED,18,870.071,10449.870,,,1921,52617,1623,48887,59,,,,,,,,false,
starexec,NUN082+1.p,e1a,weight-greedy,REFUTED,18,500.645,24511.676,,,9146,354626,8817,308241,59,,,,,,,,false,
starexec,NUN085+1.p,e1a,age-fair,REFUTED,18,893.268,101612.861,,,18002,4458249,16085,4431400,64,,,,,,,,false,
starexec,NUN085+1.p,e1a,balanced,REFUTED,18,253.305,75880.567,,,22456,6149587,20287,6088180,64,,,,,,,,false,
starexec,NUN085+1.p,e1a,equational,REFUTED,18,502.603,134658.953,,,21762,5975733,19719,5916264,64,,,,,,,,false,
starexec,NUN085+1.p,e1a,first-negative,TIMEOUT,18,1013.502,166630.660,,,13717,13929916,13343,13899213,,,,,,,,,false,
starexec,NUN085+1.p,e1a,occurrence,TIMEOUT,18,918.012,166622.724,,,22055,6500854,20926,6352652,,,,,,,,,false,
starexec,NUN085+1.p,e1a,subsumption-light,REFUTED,18,547.922,10399.658,,,1864,52587,1783,48411,64,,,,,,,,false,
starexec,NUN085+1.p,e1a,unary-redundancy,REFUTED,18,906.931,9909.457,,,1829,51577,1746,47429,64,,,,,,,,false,
starexec,NUN085+1.p,e1a,weight-greedy,TIMEOUT,18,535.555,166604.303,,,21546,3390291,19999,2968552,,,,,,,,,false,
starexec,NUN086+1.p,e1a,age-fair,TIMEOUT,18,893.713,166539.109,,,24191,7050478,22102,7014308,,,,,,,,,false,
starexec,NUN086+1.p,e1a,balanced,REFUTED,18,250.587,3471.959,,,1977,52013,1694,48149,59,,,,,,,,false,
starexec,NUN086+1.p,e1a,equational,REFUTED,18,467.071,6290.585,,,2012,52722,1659,48712,59,,,,,,,,false,
starexec,NUN086+1.p,e1a,first-negative,TIMEOUT,18,672.713,166404.472,,,34331,5628946,33916,5587886,,,,,,,,,false,
starexec,NUN086+1.p,e1a,occurrence,REFUTED,18,900.964,8406.669,,,3133,59461,2484,51653,59,,,,,,,,false,
starexec,NUN086+1.p,e1a,subsumption-light,REFUTED,18,482.258,3594.864,,,699,7259,670,6046,59,,,,,,,,false,
starexec,NUN086+1.p,e1a,unary-redundancy,REFUTED,18,892.124,11034.906,,,1932,55589,1593,51859,59,,,,,,,,false,
starexec,NUN086+1.p,e1a,weight-greedy,REFUTED,18,497.141,26600.853,,,9128,354952,8795,308550,59,,,,,,,,false,
starexec,PRD001+1.p,e1a,age-fair,KILLED,,0.000,,,,,,,,,,,,,,,,false,killed before finishing
starexec,PRD001+1.p,e1a,balanced,TIMEOUT,1614,896.664,166813.502,,,32928,368731,29676,317876,,,,,,,,,false,
starexec,PRD001+1.p,e1a,first-negative,TIMEOUT,1614,3285.228,167026.121,,,36669,95390,34091,44196,,,,,,,,,false,
starexec,PRD001+1.p,e1a,occurrence,KILLED,,0.000,,,,,,,,,,,,,,,,false,killed before finishing
starexec,PRD001+1.p,e1a,subsumption-light,KILLED,,0.000,,,,,,,,,,,,,,,,false,killed before finishing
starexec,PRD001+1.p,e1a,unary-redundancy,KILLED,,0.000,,,,,,,,,,,,,,,,false,killed before finishing
starexec,PRD001+1.p,e1a,weight-greedy,KILLED,,0.000,,,,,,,,,,,,,,,,false,killed before finishing
starexec,PRO011+1.p,e1a,age-fair,REFUTED,48,1133.791,4586.286,,,1193,14052,1111,12302,95,,,,,,,,false,
starexec,PRO011+1.p,e1a,balanced,REFUTED,48,273.870,862.321,,,221,623,201,365,95,,,,,,,,false,
starexec,PRO011+1.p,e1a,equational,REFUTED,48,616.759,1134.058,,,118,262,110,139,95,,,,,,,,false,
starexec,PRO011+1.p,e1a,first-negative,REFUTED,48,803.273,1081.059,,,245,638,220,272,95,,,,,,,,false,
starexec,PRO011+1.p,e1a,occurrence,REFUTED,48,1164.511,1428.133,,,189,378,181,167,95,,,,,,,,false,
starexec,PRO011+1.p,e1a,subsumption-light,REFUTED,48,656.970,1872.142,,,259,937,231,607,95,,,,,,,,false,
starexec,PRO011+1.p,e1a,unary-redundancy,REFUTED,48,1134.491,1161.724,,,87,207,81,118,95,,,,,,,,false,
starexec,PRO011+1.p,e1a,weight-greedy,REFUTED,48,633.663,1863.437,,,312,1207,222,719,95,,,,,,,,false,
starexec,PUZ129+2.p,e1a,age-fair,REFUTED,0,693.734,741.146,,,36,45,35,18,18,,,,,,,,false,
starexec,PUZ129+2.p,e1a,balanced,REFUTED,0,184.591,412.184,,,35,41,33,18,18,,,,,,,,false,
starexec,PUZ129+2.p,e1a,equational,REFUTED,0,385.897,726.272,,,35,41,33,18,18,,,,,,,,false,
starexec,PUZ129+2.p,e1a,first-negative,REFUTED,0,760.369,744.305,,,35,38,31,18,18,,,,,,,,false,
starexec,PUZ129+2.p,e1a,occurrence,REFUTED,0,652.729,730.408,,,32,40,31,18,18,,,,,,,,false,
starexec,PUZ129+2.p,e1a,subsumption-light,REFUTED,0,368.810,823.542,,,35,41,33,18,18,,,,,,,,false,
starexec,PUZ129+2.p,e1a,unary-redundancy,REFUTED,0,679.779,745.814,,,36,43,34,18,18,,,,,,,,false,
starexec,PUZ129+2.p,e1a,weight-greedy,REFUTED,0,396.073,838.066,,,41,74,38,26,18,,,,,,,,false,
starexec,PUZ133+1.p,e1a,age-fair,TIMEOUT,9,718.642,166420.387,,,24669,5267915,22913,5075113,,,,,,,,,false,
starexec,PUZ133+1.p,e1a,balanced,TIMEOUT,9,219.060,166292.898,,,33174,11134457,31395,10984097,,,,,,,,,false,
starexec,PUZ133+1.p,e1a,equational,TIMEOUT,9,435.228,166482.876,,,25097,6627267,23116,6523367,,,,,,,,,false,
starexec,PUZ133+1.p,e1a,first-negative,TIMEOUT,9,742.572,166512.237,,,15420,600070,11733,458659,,,,,,,,,false,
starexec,PUZ133+1.p,e1a,occurrence,TIMEOUT,9,668.935,166490.983,,,25476,7493712,23551,7390589,,,,,,,,,false,
starexec,PUZ133+1.p,e1a,subsumption-light,TIMEOUT,9,439.554,166502.997,,,18467,4124574,17206,4035455,,,,,,,,,false,
starexec,PUZ133+1.p,e1a,unary-redundancy,TIMEOUT,9,694.859,166488.764,,,18672,4624659,17168,4525169,,,,,,,,,false,
starexec,PUZ133+1.p,e1a,weight-greedy,TIMEOUT,9,279.236,166340.418,,,38525,1452716,31571,1289060,,,,,,,,,false,
starexec,REL020+2.p,e1a,age-fair,TIMEOUT,16,362.217,166772.732,,,1887,4946382,1809,4940031,,,,,,,,,false,
starexec,REL020+2.p,e1a,balanced,TIMEOUT,16,126.335,166406.532,,,3281,7230111,2291,7212947,,,,,,,,,false,
starexec,REL020+2.p,e1a,equational,TIMEOUT,16,256.916,167318.475,,,2624,5371937,2180,5358027,,,,,,,,,false,
starexec,REL020+2.p,e1a,first-negative,TIMEOUT,16,554.609,166775.519,,,2668,5632454,1878,5617626,,,,,,,,,false,
starexec,REL020+2.p,e1a,occurrence,TIMEOUT,16,371.648,166356.321,,,2779,3751407,2168,3700841,,,,,,,,,false,
starexec,REL020+2.p,e1a,subsumption-light,TIMEOUT,16,248.189,166320.673,,,3066,5234242,2098,5218525,,,,,,,,,false,
starexec,REL020+2.p,e1a,unary-redundancy,TIMEOUT,16,358.654,167418.986,,,2532,3995166,1891,3982044,,,,,,,,,false,
starexec,REL020+2.p,e1a,weight-greedy,TIMEOUT,16,257.348,166327.333,,,4391,5778826,3204,5485914,,,,,,,,,false,
starexec,REL021+1.p,e1a,age-fair,TIMEOUT,13,513.207,166765.321,,,1374,4812895,1308,4805710,,,,,,,,,false,
starexec,REL021+1.p,e1a,balanced,TIMEOUT,13,183.138,166519.319,,,2065,8667632,1744,8645084,,,,,,,,,false,
starexec,REL021+1.p,e1a,equational,TIMEOUT,13,381.563,166846.106,,,1665,4797601,1387,4784669,,,,,,,,,false,
starexec,REL021+1.p,e1a,first-negative,TIMEOUT,13,546.477,166588.837,,,1611,4354977,1346,4343089,,,,,,,,,false,
starexec,REL021+1.p,e1a,occurrence,TIMEOUT,13,511.214,166548.925,,,2106,4459367,1455,4413110,,,,,,,,,false,
starexec,REL021+1.p,e1a,subsumption-light,TIMEOUT,13,360.636,166628.629,,,1628,4655331,1380,4642423,,,,,,,,,false,
starexec,REL021+1.p,e1a,unary-redundancy,TIMEOUT,13,540.843,166486.518,,,1686,4702642,1482,4690774,,,,,,,,,false,
starexec,REL021+1.p,e1a,weight-greedy,TIMEOUT,13,356.365,166512.659,,,3572,4513663,2510,4191800,,,,,,,,,false,
starexec,REL040+2.p,e1a,age-fair,TIMEOUT,13,317.046,166404.278,,,1675,8252003,1603,8241991,,,,,,,,,false,
starexec,REL040+2.p,e1a,balanced,TIMEOUT,13,193.948,166519.917,,,2013,7731717,1742,7711261,,,,,,,,,false,
starexec,REL040+2.p,e1a,equational,TIMEOUT,13,211.117,166307.968,,,2009,7559216,1714,7541046,,,,,,,,,false,
starexec,REL040+2.p,e1a,first-negative,TIMEOUT,13,328.095,166357.489,,,1979,7216768,1697,7197594,,,,,,,,,false,
starexec,REL040+2.p,e1a,occurrence,TIMEOUT,13,348.639,166530.542,,,2413,8332622,1656,8280370,,,,,,,,,false,
starexec,REL040+2.p,e1a,subsumption-light,TIMEOUT,13,229.596,166306.271,,,2010,7639631,1733,7619761,,,,,,,,,false,
starexec,REL040+2.p,e1a,unary-redundancy,TIMEOUT,13,316.100,166256.589,,,2034,7253813,1741,7234577,,,,,,,,,false,
starexec,REL040+2.p,e1a,weight-greedy,TIMEOUT,13,208.669,166329.606,,,4145,7446833,3250,6975030,,,,,,,,,false,
starexec,SCT115+1.p,e1a,age-fair,KILLED,,0.000,,,,,,,,,,,,,,,,false,killed before finishing
starexec,SCT115+1.p,e1a,balanced,TIMEOUT,527,735.469,166612.153,,,24673,10171441,22567,10125133,,,,,,,,,false,
starexec,SCT115+1.p,e1a,equational,TIMEOUT,527,1438.321,166867.514,,,14103,5999996,12820,5972494,,,,,,,,,false,
starexec,SCT115+1.p,e1a,first-negative,TIMEOUT,527,1650.706,166691.950,,,25623,3749753,25053,3690200,,,,,,,,,false,
starexec,SCT115+1.p,e1a,occurrence,TIMEOUT,527,2471.515,166915.308,,,29564,6140361,21117,6039084,,,,,,,,,false,
starexec,SCT115+1.p,e1a,subsumption-light,REFUTED,527,1148.313,37632.560,,,4541,972678,3339,962394,290,,,,,,,,false,
starexec,SCT115+1.p,e1a,unary-redundancy,TIMEOUT,527,2460.913,166930.393,,,15369,4848176,13358,4818068,,,,,,,,,false,
starexec,SCT115+1.p,e1a,weight-greedy,REFUTED,527,818.806,4561.267,,,2244,39919,1436,29880,96,,,,,,,,false,
starexec,SCT117+1.p,e1a,age-fair,KILLED,,0.000,,,,,,,,,,,,,,,,false,killed before finishing
starexec,SCT117+1.p,e1a,balanced,TIMEOUT,527,1142.567,167317.757,,,22350,8043579,19746,8003407,,,,,,,,,false,
starexec,SCT117+1.p,e1a,equational,KILLED,,0.000,,,,,,,,,,,,,,,,false,killed before finishing
starexec,SCT117+1.p,e1a,occurrence,KILLED,,0.000,,,,,,,,,,,,,,,,false,killed before finishing
starexec,SCT117+1.p,e1a,subsumption-light,TIMEOUT,527,1595.291,166994.714,,,6999,2483512,5879,2468024,,,,,,,,,false,
starexec,SCT117+1.p,e1a,unary-redundancy,KILLED,,0.000,,,,,,,,,,,,,,,,false,killed before finishing
starexec,SCT117+1.p,e1a,weight-greedy,REFUTED,527,1185.501,118235.641,,,16630,1725603,10770,1656336,102,,,,,,,,false,
starexec,SCT120+1.p,e1a,balanced,TIMEOUT,526,1197.361,168802.558,,,14436,6885109,12782,6847829,,,,,,,,,false,
starexec,SCT120+1.p,e1a,equational,KILLED,,0.000,,,,,,,,,,,,,,,,false,killed before finishing
starexec,SCT120+1.p,e1a,first-negative,SATURATED,526,1417.297,749.964,,,16,20,16,19,,,,,,,,,false,
starexec,SCT120+1.p,e1a,occurrence,KILLED,,0.000,,,,,,,,,,,,,,,,false,killed before finishing
starexec,SCT120+1.p,e1a,subsumption-light,KILLED,,0.000,,,,,,,,,,,,,,,,false,killed before finishing
starexec,SCT120+1.p,e1a,unary-redundancy,KILLED,,0.000,,,,,,,,,,,,,,,,false,killed before finishing
starexec,SCT120+1.p,e1a,weight-greedy,REFUTED,526,1169.112,1039.781,,,76,110,70,60,62,,,,,,,,false,
starexec,SCT123+1.p,e1a,equational,KILLED,,0.000,,,,,,,,,,,,,,,,false,killed before finishing
starexec,SCT123+1.p,e1a,first-negative,REFUTED,528,1603.915,13689.086,,,1359,69885,1095,66290,33,,,,,,,,false,
starexec,SCT123+1.p,e1a,occurrence,KILLED,,0.000,,,,,,,,,,,,,,,,false,killed before finishing
starexec,SCT123+1.p,e1a,subsumption-light,KILLED,,0.000,,,,,,,,,,,,,,,,false,killed before finishing
starexec,SCT123+1.p,e1a,unary-redundancy,KILLED,,0.000,,,,,,,,,,,,,,,,false,killed before finishing
starexec,SCT123+1.p,e1a,weight-greedy,KILLED,,0.000,,,,,,,,,,,,,,,,false,killed before finishing
starexec,SCT124+1.p,e1a,age-fair,KILLED,,0.000,,,,,,,,,,,,,,,,false,killed before finishing
starexec,SCT124+1.p,e1a,balanced,TIMEOUT,528,1296.437,167070.006,,,12632,6085686,12072,6057346,,,,,,,,,false,
starexec,SCT124+1.p,e1a,equational,KILLED,,0.000,,,,,,,,,,,,,,,,false,killed before finishing
starexec,SCT124+1.p,e1a,first-negative,SATURATED,528,1296.035,745.679,,,14,14,14,9,,,,,,,,,false,
starexec,SCT124+1.p,e1a,occurrence,KILLED,,0.000,,,,,,,,,,,,,,,,false,killed before finishing
starexec,SCT124+1.p,e1a,subsumption-light,KILLED,,0.000,,,,,,,,,,,,,,,,false,killed before finishing
starexec,SCT124+1.p,e1a,unary-redundancy,KILLED,,0.000,,,,,,,,,,,,,,,,false,killed before finishing
starexec,SCT124+1.p,e1a,weight-greedy,TIMEOUT,528,1439.155,166829.897,,,12161,7453760,10845,7408632,,,,,,,,,false,
starexec,SCT125+1.p,e1a,age-fair,KILLED,,0.000,,,,,,,,,,,,,,,,false,killed before finishing
starexec,SCT125+1.p,e1a,balanced,TIMEOUT,528,1276.217,167225.142,,,13140,6702971,12031,6673811,,,,,,,,,false,
starexec,SCT125+1.p,e1a,equational,KILLED,,0.000,,,,,,,,,,,,,,,,false,killed before finishing
starexec,SCT125+1.p,e1a,first-negative,TIMEOUT,528,1084.899,166431.166,,,3417,278346,1270,6920,,,,,,,,,false,
starexec,SCT125+1.p,e1a,occurrence,KILLED,,0.000,,,,,,,,,,,,,,,,false,killed before finishing
starexec,SCT125+1.p,e1a,subsumption-light,KILLED,,0.000,,,,,,,,,,,,,,,,false,killed before finishing
starexec,SCT125+1.p,e1a,unary-redundancy,KILLED,,0.000,,,,,,,,,,,,,,,,false,killed before finishing
starexec,SCT125+1.p,e1a,weight-greedy,TIMEOUT,528,1366.798,166908.820,,,10795,2799458,8513,2731218,,,,,,,,,false,
starexec,SCT155+1.p,e1a,age-fair,KILLED,,0.000,,,,,,,,,,,,,,,,false,killed before finishing
starexec,SCT155+1.p,e1a,balanced,TIMEOUT,528,1074.613,166893.210,,,24345,8892187,21480,8845907,,,,,,,,,false,
starexec,SCT155+1.p,e1a,equational,TIMEOUT,528,2266.296,167296.906,,,16560,5265043,13512,5232026,,,,,,,,,false,
starexec,SCT155+1.p,e1a,first-negative,TIMEOUT,528,1688.987,166687.517,,,7822,5291328,6915,5278287,,,,,,,,,false,
starexec,SCT155+1.p,e1a,occurrence,KILLED,,0.000,,,,,,,,,,,,,,,,false,killed before finishing
starexec,SCT155+1.p,e1a,subsumption-light,TIMEOUT,528,1510.428,167089.363,,,3446,3554154,3295,3542116,,,,,,,,,false,
starexec,SCT155+1.p,e1a,unary-redundancy,KILLED,,0.000,,,,,,,,,,,,,,,,false,killed before finishing
starexec,SCT155+1.p,e1a,weight-greedy,SATURATED,528,1135.137,1180.880,,,58,76,58,37,,,,,,,,,false,
starexec,SCT158+1.p,e1a,age-fair,KILLED,,0.000,,,,,,,,,,,,,,,,false,killed before finishing
starexec,SCT158+1.p,e1a,balanced,TIMEOUT,528,1209.540,166941.757,,,19368,6621712,17329,6584990,,,,,,,,,false,
starexec,SCT158+1.p,e1a,equational,KILLED,,0.000,,,,,,,,,,,,,,,,false,killed before finishing
starexec,SCT158+1.p,e1a,first-negative,REFUTED,528,1871.173,1952.354,,,183,1076,173,820,55,,,,,,,,false,
starexec,SCT158+1.p,e1a,occurrence,KILLED,,0.000,,,,,,,,,,,,,,,,false,killed before finishing
starexec,SCT158+1.p,e1a,subsumption-light,TIMEOUT,528,1664.746,167076.275,,,3221,3066424,3044,3055212,,,,,,,,,false,
starexec,SCT158+1.p,e1a,unary-redundancy,KILLED,,0.000,,,,,,,,,,,,,,,,false,killed before finishing
starexec,SCT158+1.p,e1a,weight-greedy,SATURATED,528,1262.606,1436.646,,,71,95,64,43,,,,,,,,,false,
starexec,SCT170+3.p,e1a,age-fair,KILLED,,0.000,,,,,,,,,,,,,,,,false,killed before finishing
starexec,SCT170+3.p,e1a,balanced,TIMEOUT,1578,1629.136,168076.426,,,38036,6604076,36807,6519622,,,,,,,,,false,
starexec,SCT170+3.p,e1a,equational,REFUTED,1578,2732.259,33168.220,,,9070,684041,7924,670657,889,,,,,,,,false,
starexec,SCT170+3.p,e1a,occurrence,KILLED,,0.000,,,,,,,,,,,,,,,,false,killed before finishing
starexec,SCT170+3.p,e1a,subsumption-light,KILLED,,0.000,,,,,,,,,,,,,,,,false,killed before finishing
starexec,SCT170+3.p,e1a,unary-redundancy,KILLED,,0.000,,,,,,,,,,,,,,,,false,killed before finishing
starexec,SCT170+3.p,e1a,weight-greedy,KILLED,,0.000,,,,,,,,,,,,,,,,false,killed before finishing
starexec,SET017+1.p,e1a,age-fair,REFUTED,43,1052.405,25743.211,,,3981,823717,3885,818598,93,,,,,,,,false,
starexec,SET017+1.p,e1a,balanced,REFUTED,43,261.589,890.589,,,187,816,178,596,93,,,,,,,,false,
starexec,SET017+1.p,e1a,equational,REFUTED,43,585.905,1894.768,,,248,1430,187,1142,93,,,,,,,,false,
starexec,SET017+1.p,e1a,first-negative,REFUTED,43,1133.529,2875.318,,,414,7537,405,7016,93,,,,,,,,false,
starexec,SET017+1.p,e1a,occurrence,REFUTED,43,1020.256,2178.877,,,359,1866,324,1381,93,,,,,,,,false,
starexec,SET017+1.p,e1a,subsumption-light,REFUTED,43,588.866,1694.855,,,176,651,154,445,93,,,,,,,,false,
starexec,SET017+1.p,e1a,unary-redundancy,REFUTED,43,1094.455,1777.972,,,194,860,163,638,93,,,,,,,,false,
starexec,SET017+1.p,e1a,weight-greedy,REFUTED,43,538.497,3550.531,,,598,12809,559,10989,93,,,,,,,,false,
starexec,SET101+1.p,e1a,age-fair,REFUTED,43,1004.532,2360.949,,,314,4842,284,4477,90,,,,,,,,false,
starexec,SET101+1.p,e1a,balanced,REFUTED,43,259.764,1323.605,,,354,4654,331,4132,90,,,,,,,,false,
starexec,SET101+1.p,e1a,equational,REFUTED,43,524.731,2521.097,,,357,4667,334,4141,90,,,,,,,,false,
starexec,SET101+1.p,e1a,first-negative,TIMEOUT,43,760.496,166528.557,,,31476,10592038,31274,10531474,,,,,,,,,false,
starexec,SET101+1.p,e1a,occurrence,REFUTED,43,1009.728,2148.526,,,354,2589,323,1957,90,,,,,,,,false,
starexec,SET101+1.p,e1a,subsumption-light,REFUTED,43,578.872,2613.711,,,325,3934,304,3454,90,,,,,,,,false,
starexec,SET101+1.p,e1a,unary-redundancy,REFUTED,43,997.883,2587.090,,,323,3958,302,3478,90,,,,,,,,false,
starexec,SET101+1.p,e1a,weight-greedy,REFUTED,43,558.500,1437.795,,,189,656,180,329,90,,,,,,,,false,
starexec,SET716+4.p,e1a,age-fair,TIMEOUT,28,1775.209,167027.506,,,15571,4964760,15515,4947713,,,,,,,,,false,
starexec,SET716+4.p,e1a,balanced,TIMEOUT,28,542.315,167194.420,,,20102,8578860,19846,8548090,,,,,,,,,false,
starexec,SET716+4.p,e1a,equational,TIMEOUT,28,1101.685,166935.655,,,15488,5308146,15263,5285877,,,,,,,,,false,
starexec,SET716+4.p,e1a,first-negative,TIMEOUT,28,1894.884,167515.563,,,7792,6954431,7754,6944475,,,,,,,,,false,
starexec,SET716+4.p,e1a,occurrence,TIMEOUT,28,1738.749,166902.552,,,24739,5069194,24479,5006687,,,,,,,,,false,
starexec,SET716+4.p,e1a,subsumption-light,TIMEOUT,28,1074.823,167098.244,,,12346,3423077,12193,3405187,,,,,,,,,false,
starexec,SET716+4.p,e1a,unary-redundancy,TIMEOUT,28,1929.280,167398.408,,,12949,2988008,12820,2970058,,,,,,,,,false,
starexec,SET716+4.p,e1a,weight-greedy,TIMEOUT,28,1055.440,166909.705,,,19723,309333,19537,274501,,,,,,,,,false,
starexec,SET733+4.p,e1a,age-fair,TIMEOUT,28,1808.645,166969.802,,,15624,5093664,15558,5076520,,,,,,,,,false,
starexec,SET733+4.p,e1a,balanced,TIMEOUT,28,507.006,166496.634,,,23361,8992822,23121,8958102,,,,,,,,,false,
starexec,SET733+4.p,e1a,equational,TIMEOUT,28,1027.088,166899.155,,,17034,5869090,16851,5845000,,,,,,,,,false,
starexec,SET733+4.p,e1a,first-negative,TIMEOUT,28,1146.831,166616.247,,,9446,10700005,9304,10686841,,,,,,,,,false,
starexec,SET733+4.p,e1a,occurrence,KILLED,,0.000,,,,,,,,,,,,,,,,false,killed before finishing
starexec,SET733+4.p,e1a,subsumption-light,HARD_TIMEOUT,28,0.000,,,,,,,,,,,,,,,,false,
starexec,SET733+4.p,e1a,unary-redundancy,TIMEOUT,28,1697.034,167082.533,,,13689,3950459,13520,3931063,,,,,,,,,false,
starexec,SET733+4.p,e1a,weight-greedy,TIMEOUT,28,1002.983,166878.519,,,20531,2022620,20314,1923916,,,,,,,,,false,
starexec,SET817+4.p,e1a,age-fair,TIMEOUT,22,1008.745,167783.041,,,11953,5957375,11916,5943823,,,,,,,,,false,
starexec,SET817+4.p,e1a,balanced,TIMEOUT,22,288.013,166363.833,,,19444,11105184,19204,11071184,,,,,,,,,false,
starexec,SET817+4.p,e1a,equational,TIMEOUT,22,566.470,166631.550,,,16746,6894131,16513,6864691,,,,,,,,,false,
starexec,SET817+4.p,e1a,first-negative,TIMEOUT,22,1063.540,166564.878,,,16216,5652193,16181,5626191,,,,,,,,,false,
starexec,SET817+4.p,e1a,occurrence,TIMEOUT,22,1032.799,166538.823,,,18988,5773333,18099,5706266,,,,,,,,,false,
starexec,SET817+4.p,e1a,subsumption-light,TIMEOUT,22,592.673,166701.723,,,13611,4016120,13498,3993418,,,,,,,,,false,
starexec,SET817+4.p,e1a,unary-redundancy,TIMEOUT,22,995.050,167273.503,,,12814,3678518,12673,3657006,,,,,,,,,false,
starexec,SET817+4.p,e1a,weight-greedy,TIMEOUT,22,567.479,166565.318,,,20056,2263140,19605,2069447,,,,,,,,,false,
starexec,SET964+1.p,e1a,age-fair,TIMEOUT,12,702.100,166845.368,,,7821,3404885,7757,3391978,,,,,,,,,false,
starexec,SET964+1.p,e1a,balanced,REFUTED,12,238.945,793.912,,,122,1082,107,932,33,,,,,,,,false,
starexec,SET964+1.p,e1a,equational,REFUTED,12,484.544,1344.686,,,116,798,107,657,33,,,,,,,,false,
starexec,SET964+1.p,e1a,first-negative,TIMEOUT,12,574.553,166438.485,,,18929,10507234,18886,10474362,,,,,,,,,false,
starexec,SET964+1.p,e1a,occurrence,REFUTED,12,677.936,1198.225,,,132,528,114,344,29,,,,,,,,false,
starexec,SET964+1.p,e1a,subsumption-light,REFUTED,12,481.331,1552.312,,,125,986,100,828,33,,,,,,,,false,
starexec,SET964+1.p,e1a,unary-redundancy,REFUTED,12,713.032,1135.274,,,81,335,72,243,29,,,,,,,,false,
starexec,SET964+1.p,e1a,weight-greedy,REFUTED,12,461.032,3522.779,,,581,8241,546,6773,33,,,,,,,,false,
starexec,SEU269+1.p,e1a,age-fair,TIMEOUT,51,912.310,168094.761,,,829,603656,785,602063,,,,,,,,,false,
starexec,SEU269+1.p,e1a,balanced,TIMEOUT,51,271.760,168955.714,,,1420,1294200,1386,1291118,,,,,,,,,false,
starexec,SEU269+1.p,e1a,equational,TIMEOUT,51,565.328,170369.461,,,1132,632530,1094,630180,,,,,,,,,false,
starexec,SEU269+1.p,e1a,first-negative,REFUTED,51,1028.190,118002.201,,,847,411203,803,409113,90,,,,,,,,false,
starexec,SEU269+1.p,e1a,occurrence,TIMEOUT,51,919.783,168325.924,,,4496,812525,4426,803308,,,,,,,,,false,
starexec,SEU269+1.p,e1a,subsumption-light,TIMEOUT,51,568.790,167060.375,,,1337,1060899,1308,1057985,,,,,,,,,false,
starexec,SEU269+1.p,e1a,unary-redundancy,TIMEOUT,51,952.467,166853.662,,,1354,683905,1313,681049,,,,,,,,,false,
starexec,SEU269+1.p,e1a,weight-greedy,TIMEOUT,51,357.772,166420.086,,,15063,1423966,14851,1286031,,,,,,,,,false,
starexec,SEU427+4.p,e1a,balanced,KILLED,,0.000,,,,,,,,,,,,,,,,false,killed before finishing
starexec,SEU427+4.p,e1a,equational,KILLED,,0.000,,,,,,,,,,,,,,,,false,killed before finishing
starexec,SEU427+4.p,e1a,first-negative,KILLED,,0.000,,,,,,,,,,,,,,,,false,killed before finishing
starexec,SEU427+4.p,e1a,occurrence,KILLED,,0.000,,,,,,,,,,,,,,,,false,killed before finishing
starexec,SEU427+4.p,e1a,subsumption-light,KILLED,,0.000,,,,,,,,,,,,,,,,false,killed before finishing
starexec,SEU427+4.p,e1a,weight-greedy,KILLED,,0.000,,,,,,,,,,,,,,,,false,killed before finishing
starexec,SEU440+4.p,e1a,balanced,KILLED,,0.000,,,,,,,,,,,,,,,,false,killed before finishing
starexec,SEU440+4.p,e1a,equational,KILLED,,0.000,,,,,,,,,,,,,,,,false,killed before finishing
starexec,SEU440+4.p,e1a,subsumption-light,KILLED,,0.000,,,,,,,,,,,,,,,,false,killed before finishing
starexec,SEU440+4.p,e1a,unary-redundancy,KILLED,,0.000,,,,,,,,,,,,,,,,false,killed before finishing
starexec,SEU440+4.p,e1a,weight-greedy,KILLED,,0.000,,,,,,,,,,,,,,,,false,killed before finishing
starexec,SEV522+1.p,e1a,age-fair,TIMEOUT,19,1152.744,166649.303,,,11844,5554908,11679,5541313,,,,,,,,,false,
starexec,SEV522+1.p,e1a,balanced,TIMEOUT,19,306.027,166430.690,,,17560,10914461,15872,10885235,,,,,,,,,false,
starexec,SEV522+1.p,e1a,equational,TIMEOUT,19,433.173,166477.453,,,17759,9723778,16331,9693302,,,,,,,,,false,
starexec,SEV522+1.p,e1a,first-negative,TIMEOUT,19,741.749,166480.748,,,18651,7940299,18568,7911495,,,,,,,,,false,
starexec,SEV522+1.p,e1a,occurrence,TIMEOUT,19,1083.810,166642.539,,,23366,5235719,20580,5172192,,,,,,,,,false,
starexec,SEV522+1.p,e1a,subsumption-light,TIMEOUT,19,410.899,166458.450,,,10584,4177617,9755,4159781,,,,,,,,,false,
starexec,SEV522+1.p,e1a,unary-redundancy,TIMEOUT,19,1111.568,168765.530,,,12369,4388983,11105,4366497,,,,,,,,,false,
starexec,SEV522+1.p,e1a,weight-greedy,TIMEOUT,19,427.022,166473.075,,,30747,5446251,19509,4986110,,,,,,,,,false,
starexec,SEV563+1.p,e1a,age-fair,TIMEOUT,25,934.081,166583.536,,,10978,5580949,10494,5562399,,,,,,,,,false,
starexec,SEV563+1.p,e1a,balanced,TIMEOUT,25,255.232,166358.864,,,20667,11005685,19988,10964173,,,,,,,,,false,
starexec,SEV563+1.p,e1a,equational,TIMEOUT,25,549.548,167487.802,,,16547,6198800,15440,6161566,,,,,,,,,false,
starexec,SEV563+1.p,e1a,first-negative,TIMEOUT,25,984.455,166686.370,,,21631,8576715,20755,8525475,,,,,,,,,false,
starexec,SEV563+1.p,e1a,occurrence,TIMEOUT,25,991.817,166588.751,,,23560,4965778,21569,4881180,,,,,,,,,false,
starexec,SEV563+1.p,e1a,subsumption-light,TIMEOUT,25,518.833,166620.848,,,8993,3035231,8087,3008795,,,,,,,,,false,
starexec,SEV563+1.p,e1a,unary-redundancy,TIMEOUT,25,997.681,167857.440,,,7886,2351255,7503,2338511,,,,,,,,,false,
starexec,SEV563+1.p,e1a,weight-greedy,TIMEOUT,25,506.260,166644.552,,,19598,3952730,18667,3718791,,,,,,,,,false,
starexec,SEV569+1.p,e1a,age-fair,TIMEOUT,25,904.540,166584.509,,,11027,5617122,10543,5598514,,,,,,,,,false,
starexec,SEV569+1.p,e1a,balanced,REFUTED,25,257.884,2550.453,,,917,20462,817,19204,80,,,,,,,,false,
starexec,SEV569+1.p,e1a,equational,REFUTED,25,530.485,4376.643,,,977,18768,747,17538,80,,,,,,,,false,
starexec,SEV569+1.p,e1a,first-negative,TIMEOUT,25,991.774,166720.033,,,18720,6119678,18134,6073820,,,,,,,,,false,
starexec,SEV569+1.p,e1a,occurrence,TIMEOUT,25,890.032,166589.895,,,19129,7660651,16120,7468514,,,,,,,,,false,
starexec,SEV569+1.p,e1a,subsumption-light,TIMEOUT,25,486.841,166596.684,,,9278,3172418,8372,3145426,,,,,,,,,false,
starexec,SEV569+1.p,e1a,unary-redundancy,REFUTED,25,899.479,5662.065,,,920,16404,841,15126,80,,,,,,,,false,
starexec,SEV569+1.p,e1a,weight-greedy,TIMEOUT,25,498.968,166585.831,,,16884,9864118,13509,9781547,,,,,,,,,false,
starexec,SEV581+1.p,e1a,age-fair,TIMEOUT,25,919.678,168102.558,,,14000,7893651,13496,7871335,,,,,,,,,false,
starexec,SEV581+1.p,e1a,balanced,TIMEOUT,25,169.704,166242.877,,,20448,13364132,19369,13307200,,,,,,,,,false,
starexec,SEV581+1.p,e1a,equational,TIMEOUT,25,345.015,166398.080,,,14884,8613942,14104,8570218,,,,,,,,,false,
starexec,SEV581+1.p,e1a,first-negative,TIMEOUT,25,1017.597,166567.941,,,18937,5725801,17992,5681669,,,,,,,,,false,
starexec,SEV581+1.p,e1a,occurrence,TIMEOUT,25,603.476,166390.383,,,20086,9000923,19111,8895133,,,,,,,,,false,
starexec,SEV581+1.p,e1a,subsumption-light,TIMEOUT,25,351.607,166434.250,,,9996,4081285,9253,4053223,,,,,,,,,false,
starexec,SEV581+1.p,e1a,unary-redundancy,TIMEOUT,25,585.943,166379.921,,,10028,4118761,9346,4091357,,,,,,,,,false,
starexec,SEV581+1.p,e1a,weight-greedy,TIMEOUT,25,358.024,166394.176,,,38595,9436024,37957,9080083,,,,,,,,,false,
starexec,SEV606+1.p,e1a,age-fair,KILLED,,0.000,,,,,,,,,,,,,,,,false,killed before finishing
starexec,SEV606+1.p,e1a,balanced,REFUTED,1727,2019.480,49608.605,,,21510,1678209,20420,1649423,3673,,,,,,,,false,
starexec,SEV606+1.p,e1a,equational,REFUTED,1727,2759.650,4266.618,,,1173,29241,1012,27613,599,,,,,,,,false,
starexec,SEV606+1.p,e1a,first-negative,REFUTED,1727,2974.868,1872.480,,,492,1886,416,932,134,,,,,,,,false,
starexec,SEV606+1.p,e1a,occurrence,REFUTED,1727,6425.895,7738.726,,,2353,25330,1963,22743,2921,,,,,,,,false,
starexec,SEV606+1.p,e1a,subsumption-light,REFUTED,1727,2065.726,3705.714,,,565,9717,527,8735,240,,,,,,,,false,
starexec,SEV606+1.p,e1a,unary-redundancy,REFUTED,1727,3270.712,1559.299,,,129,839,129,680,233,,,,,,,,false,
starexec,SEV606+1.p,e1a,weight-greedy,REFUTED,1727,2007.164,1565.303,,,245,1557,222,892,176,,,,,,,,false,
starexec,SEV607+1.p,e1a,age-fair,KILLED,,0.000,,,,,,,,,,,,,,,,false,killed before finishing
starexec,SEV607+1.p,e1a,balanced,KILLED,,0.000,,,,,,,,,,,,,,,,false,killed before finishing
starexec,SEV607+1.p,e1a,equational,TIMEOUT,2360,2077.469,166963.762,,,33967,6317754,30746,6238846,,,,,,,,,false,
starexec,SEV607+1.p,e1a,first-negative,SATURATED,2360,1628.116,1388.108,,,137,473,98,326,,,,,,,,,false,
starexec,SEV607+1.p,e1a,occurrence,KILLED,,0.000,,,,,,,,,,,,,,,,false,killed before finishing
starexec,SEV607+1.p,e1a,subsumption-light,KILLED,,0.000,,,,,,,,,,,,,,,,false,killed before finishing
starexec,SEV607+1.p,e1a,unary-redundancy,KILLED,,0.000,,,,,,,,,,,,,,,,false,killed before finishing
starexec,SEV607+1.p,e1a,weight-greedy,KILLED,,0.000,,,,,,,,,,,,,,,,false,killed before finishing
starexec,SEV608+1.p,e1a,age-fair,KILLED,,0.000,,,,,,,,,,,,,,,,false,killed before finishing
starexec,SEV608+1.p,e1a,balanced,KILLED,,0.000,,,,,,,,,,,,,,,,false,killed before finishing
starexec,SEV608+1.p,e1a,equational,REFUTED,2867,3747.369,18173.309,,,6043,113920,5777,102004,973,,,,,,,,false,
starexec,SEV608+1.p,e1a,first-negative,REFUTED,2867,2622.731,1369.785,,,108,175,105,69,69,,,,,,,,false,
starexec,SEV608+1.p,e1a,occurrence,KILLED,,0.000,,,,,,,,,,,,,,,,false,killed before finishing
starexec,SEV608+1.p,e1a,subsumption-light,REFUTED,2867,2652.019,8423.909,,,1373,16226,1288,13762,385,,,,,,,,false,
starexec,SEV608+1.p,e1a,unary-redundancy,KILLED,,0.000,,,,,,,,,,,,,,,,false,killed before finishing
starexec,SEV608+1.p,e1a,weight-greedy,REFUTED,2867,2328.502,4047.804,,,588,9773,557,8534,202,,,,,,,,false,
starexec,SEV609+1.p,e1a,age-fair,KILLED,,0.000,,,,,,,,,,,,,,,,false,killed before finishing
starexec,SEV609+1.p,e1a,balanced,KILLED,,0.000,,,,,,,,,,,,,,,,false,killed before finishing
starexec,SEV609+1.p,e1a,equational,TIMEOUT,2900,1762.603,166789.468,,,35179,2122004,35016,2078017,,,,,,,,,false,
starexec,SEV609+1.p,e1a,first-negative,KILLED,,0.000,,,,,,,,,,,,,,,,false,killed before finishing
starexec,SEV609+1.p,e1a,occurrence,KILLED,,0.000,,,,,,,,,,,,,,,,false,killed before finishing
starexec,SEV609+1.p,e1a,subsumption-light,TIMEOUT,2900,1641.158,166963.513,,,16721,1054252,16615,1033886,,,,,,,,,false,
starexec,SEV609+1.p,e1a,unary-redundancy,KILLED,,0.000,,,,,,,,,,,,,,,,false,killed before finishing
starexec,SEV609+1.p,e1a,weight-greedy,TIMEOUT,2900,1448.591,166671.693,,,32814,1060281,27911,946281,,,,,,,,,false,
starexec,SEV610+1.p,e1a,balanced,KILLED,,0.000,,,,,,,,,,,,,,,,false,killed before finishing
starexec,SEV610+1.p,e1a,equational,REFUTED,2777,1894.648,2318.861,,,606,1080,559,326,113,,,,,,,,false,
starexec,SEV610+1.p,e1a,first-negative,KILLED,,0.000,,,,,,,,,,,,,,,,false,killed before finishing
starexec,SEV610+1.p,e1a,occurrence,KILLED,,0.000,,,,,,,,,,,,,,,,false,killed before finishing
starexec,SEV610+1.p,e1a,subsumption-light,REFUTED,2777,1912.234,1826.067,,,194,351,194,139,92,,,,,,,,false,
starexec,SEV610+1.p,e1a,unary-redundancy,REFUTED,2777,5698.940,16402.880,,,3338,32246,3226,27796,821,,,,,,,,false,
starexec,SEV610+1.p,e1a,weight-greedy,KILLED,,0.000,,,,,,,,,,,,,,,,false,killed before finishing
starexec,SEV612+1.p,e1a,age-fair,KILLED,,0.000,,,,,,,,,,,,,,,,false,killed before finishing
starexec,SEV612+1.p,e1a,balanced,KILLED,,0.000,,,,,,,,,,,,,,,,false,killed before finishing
starexec,SEV612+1.p,e1a,equational,KILLED,,0.000,,,,,,,,,,,,,,,,false,killed before finishing
starexec,SEV612+1.p,e1a,first-negative,SATURATED,2852,1600.337,645.239,,,4,4,4,4,,,,,,,,,false,
starexec,SEV612+1.p,e1a,occurrence,KILLED,,0.000,,,,,,,,,,,,,,,,false,killed before finishing
starexec,SEV612+1.p,e1a,subsumption-light,REFUTED,2852,1832.741,1421.058,,,100,140,98,92,103,,,,,,,,false,
starexec,SEV612+1.p,e1a,unary-redundancy,REFUTED,2852,3888.959,7383.957,,,1216,13538,1143,11736,444,,,,,,,,false,
starexec,SEV612+1.p,e1a,weight-greedy,SATURATED,2852,1509.524,738.114,,,7,16,7,15,,,,,,,,,false,
starexec,SEV616+1.p,e1a,balanced,KILLED,,0.000,,,,,,,,,,,,,,,,false,killed before finishing
starexec,SEV616+1.p,e1a,equational,REFUTED,2862,1393.267,10692.218,,,3922,65078,3707,57828,242,,,,,,,,false,
starexec,SEV616+1.p,e1a,first-negative,SATURATED,2862,1137.257,464.718,,,20,20,20,18,,,,,,,,,false,
starexec,SEV616+1.p,e1a,occurrence,KILLED,,0.000,,,,,,,,,,,,,,,,false,killed before finishing
starexec,SEV616+1.p,e1a,subsumption-light,REFUTED,2862,1266.192,11164.340,,,2047,30473,1970,26814,162,,,,,,,,false,
starexec,SEV616+1.p,e1a,unary-redundancy,TIMEOUT,2862,2478.231,166797.631,,,32079,2073036,30847,2020300,,,,,,,,,false,
starexec,SEV616+1.p,e1a,weight-greedy,TIMEOUT,2862,1062.080,166400.836,,,30562,7876144,20017,7565797,,,,,,,,,false,
starexec,SEV618+1.p,e1a,age-fair,KILLED,,0.000,,,,,,,,,,,,,,,,false,killed before finishing
starexec,SEV618+1.p,e1a,balanced,KILLED,,0.000,,,,,,,,,,,,,,,,false,killed before finishing
starexec,SEV618+1.p,e1a,equational,KILLED,,0.000,,,,,,,,,,,,,,,,false,killed before finishing
starexec,SEV618+1.p,e1a,first-negative,SATURATED,2435,2207.199,1232.524,,,88,205,86,44,,,,,,,,,false,
starexec,SEV618+1.p,e1a,occurrence,KILLED,,0.000,,,,,,,,,,,,,,,,false,killed before finishing
starexec,SEV618+1.p,e1a,subsumption-light,KILLED,,0.000,,,,,,,,,,,,,,,,false,killed before finishing
starexec,SEV618+1.p,e1a,unary-redundancy,KILLED,,0.000,,,,,,,,,,,,,,,,false,killed before finishing
starexec,SEV618+1.p,e1a,weight-greedy,KILLED,,0.000,,,,,,,,,,,,,,,,false,killed before finishing
starexec,SEV620+1.p,e1a,age-fair,KILLED,,0.000,,,,,,,,,,,,,,,,false,killed before finishing
starexec,SEV620+1.p,e1a,balanced,KILLED,,0.000,,,,,,,,,,,,,,,,false,killed before finishing
starexec,SEV620+1.p,e1a,equational,KILLED,,0.000,,,,,,,,,,,,,,,,false,killed before finishing
starexec,SEV620+1.p,e1a,first-negative,SATURATED,2723,2232.773,1702.046,,,686,906,682,212,,,,,,,,,false,
starexec,SEV620+1.p,e1a,occurrence,KILLED,,0.000,,,,,,,,,,,,,,,,false,killed before finishing
starexec,SEV620+1.p,e1a,subsumption-light,KILLED,,0.000,,,,,,,,,,,,,,,,false,killed before finishing
starexec,SEV620+1.p,e1a,unary-redundancy,KILLED,,0.000,,,,,,,,,,,,,,,,false,killed before finishing
starexec,SEV620+1.p,e1a,weight-greedy,KILLED,,0.000,,,,,,,,,,,,,,,,false,killed before finishing
starexec,SEV621+1.p,e1a,age-fair,KILLED,,0.000,,,,,,,,,,,,,,,,false,killed before finishing
starexec,SEV621+1.p,e1a,balanced,KILLED,,0.000,,,,,,,,,,,,,,,,false,killed before finishing
starexec,SEV621+1.p,e1a,equational,KILLED,,0.000,,,,,,,,,,,,,,,,false,killed before finishing
starexec,SEV621+1.p,e1a,first-negative,SATURATED,2708,2612.262,1336.349,,,286,315,286,65,,,,,,,,,false,
starexec,SEV621+1.p,e1a,occurrence,KILLED,,0.000,,,,,,,,,,,,,,,,false,killed before finishing
starexec,SEV621+1.p,e1a,subsumption-light,KILLED,,0.000,,,,,,,,,,,,,,,,false,killed before finishing
starexec,SEV621+1.p,e1a,unary-redundancy,KILLED,,0.000,,,,,,,,,,,,,,,,false,killed before finishing
starexec,SEV621+1.p,e1a,weight-greedy,KILLED,,0.000,,,,,,,,,,,,,,,,false,killed before finishing
starexec,SEV622+1.p,e1a,age-fair,KILLED,,0.000,,,,,,,,,,,,,,,,false,killed before finishing
starexec,SEV622+1.p,e1a,balanced,KILLED,,0.000,,,,,,,,,,,,,,,,false,killed before finishing
starexec,SEV622+1.p,e1a,equational,KILLED,,0.000,,,,,,,,,,,,,,,,false,killed before finishing
starexec,SEV622+1.p,e1a,first-negative,SATURATED,2761,1739.827,603.522,,,95,101,95,44,,,,,,,,,false,
starexec,SEV622+1.p,e1a,occurrence,KILLED,,0.000,,,,,,,,,,,,,,,,false,killed before finishing
starexec,SEV622+1.p,e1a,subsumption-light,KILLED,,0.000,,,,,,,,,,,,,,,,false,killed before finishing
starexec,SEV622+1.p,e1a,unary-redundancy,KILLED,,0.000,,,,,,,,,,,,,,,,false,killed before finishing
starexec,SEV622+1.p,e1a,weight-greedy,KILLED,,0.000,,,,,,,,,,,,,,,,false,killed before finishing
starexec,SEV625+1.p,e1a,age-fair,KILLED,,0.000,,,,,,,,,,,,,,,,false,killed before finishing
starexec,SEV625+1.p,e1a,balanced,KILLED,,0.000,,,,,,,,,,,,,,,,false,killed before finishing
starexec,SEV625+1.p,e1a,equational,REFUTED,2847,1981.440,15331.369,,,5408,91416,5311,84931,206,,,,,,,,false,
starexec,SEV625+1.p,e1a,first-negative,SATURATED,2847,1856.327,942.893,,,52,55,52,18,,,,,,,,,false,
starexec,SEV625+1.p,e1a,occurrence,KILLED,,0.000,,,,,,,,,,,,,,,,false,killed before finishing
starexec,SEV625+1.p,e1a,subsumption-light,KILLED,,0.000,,,,,,,,,,,,,,,,false,killed before finishing
starexec,SEV625+1.p,e1a,unary-redundancy,KILLED,,0.000,,,,,,,,,,,,,,,,false,killed before finishing
starexec,SEV625+1.p,e1a,weight-greedy,KILLED,,0.000,,,,,,,,,,,,,,,,false,killed before finishing
starexec,SEV626+1.p,e1a,age-fair,KILLED,,0.000,,,,,,,,,,,,,,,,false,killed before finishing
starexec,SEV626+1.p,e1a,balanced,KILLED,,0.000,,,,,,,,,,,,,,,,false,killed before finishing
starexec,SEV626+1.p,e1a,equational,KILLED,,0.000,,,,,,,,,,,,,,,,false,killed before finishing
starexec,SEV626+1.p,e1a,first-negative,SATURATED,2838,1267.994,494.390,,,35,37,35,17,,,,,,,,,false,
starexec,SEV626+1.p,e1a,occurrence,KILLED,,0.000,,,,,,,,,,,,,,,,false,killed before finishing
starexec,SEV626+1.p,e1a,subsumption-light,SATURATED,2838,1692.364,4176.754,,,453,872,440,253,,,,,,,,,false,
starexec,SEV626+1.p,e1a,unary-redundancy,SATURATED,2838,1906.538,3711.156,,,356,626,353,150,,,,,,,,,false,
starexec,SEV626+1.p,e1a,weight-greedy,KILLED,,0.000,,,,,,,,,,,,,,,,false,killed before finishing
starexec,SEV627+1.p,e1a,age-fair,KILLED,,0.000,,,,,,,,,,,,,,,,false,killed before finishing
starexec,SEV627+1.p,e1a,balanced,KILLED,,0.000,,,,,,,,,,,,,,,,false,killed before finishing
starexec,SEV627+1.p,e1a,equational,KILLED,,0.000,,,,,,,,,,,,,,,,false,killed before finishing
starexec,SEV627+1.p,e1a,first-negative,KILLED,,0.000,,,,,,,,,,,,,,,,false,killed before finishing
starexec,SEV627+1.p,e1a,occurrence,KILLED,,0.000,,,,,,,,,,,,,,,,false,killed before finishing
starexec,SEV627+1.p,e1a,subsumption-light,KILLED,,0.000,,,,,,,,,,,,,,,,false,killed before finishing
starexec,SEV627+1.p,e1a,unary-redundancy,KILLED,,0.000,,,,,,,,,,,,,,,,false,killed before finishing
starexec,SEV627+1.p,e1a,weight-greedy,KILLED,,0.000,,,,,,,,,,,,,,,,false,killed before finishing
starexec,SEV629+1.p,e1a,age-fair,KILLED,,0.000,,,,,,,,,,,,,,,,false,killed before finishing
starexec,SEV629+1.p,e1a,balanced,KILLED,,0.000,,,,,,,,,,,,,,,,false,killed before finishing
starexec,SEV629+1.p,e1a,equational,REFUTED,2962,2035.896,1636.041,,,207,466,198,221,145,,,,,,,,false,
starexec,SEV629+1.p,e1a,first-negative,KILLED,,0.000,,,,,,,,,,,,,,,,false,killed before finishing
starexec,SEV629+1.p,e1a,occurrence,KILLED,,0.000,,,,,,,,,,,,,,,,false,killed before finishing
starexec,SEV629+1.p,e1a,subsumption-light,REFUTED,2962,1861.845,1430.017,,,111,216,110,98,80,,,,,,,,false,
starexec,SEV629+1.p,e1a,unary-redundancy,REFUTED,2962,2431.258,1652.753,,,197,455,192,224,105,,,,,,,,false,
starexec,SEV629+1.p,e1a,weight-greedy,SATURATED,2962,1554.350,787.828,,,23,24,23,14,,,,,,,,,false,
starexec,SEV630+1.p,e1a,age-fair,KILLED,,0.000,,,,,,,,,,,,,,,,false,killed before finishing
starexec,SEV630+1.p,e1a,balanced,KILLED,,0.000,,,,,,,,,,,,,,,,false,killed before finishing
starexec,SEV630+1.p,e1a,equational,KILLED,,0.000,,,,,,,,,,,,,,,,false,killed before finishing
starexec,SEV630+1.p,e1a,first-negative,KILLED,,0.000,,,,,,,,,,,,,,,,false,killed before finishing
starexec,SEV630+1.p,e1a,occurrence,KILLED,,0.000,,,,,,,,,,,,,,,,false,killed before finishing
starexec,SEV630+1.p,e1a,subsumption-light,KILLED,,0.000,,,,,,,,,,,,,,,,false,killed before finishing
starexec,SEV630+1.p,e1a,unary-redundancy,KILLED,,0.000,,,,,,,,,,,,,,,,false,killed before finishing
starexec,SEV630+1.p,e1a,weight-greedy,KILLED,,0.000,,,,,,,,,,,,,,,,false,killed before finishing
starexec,SEV631+1.p,e1a,age-fair,KILLED,,0.000,,,,,,,,,,,,,,,,false,killed before finishing
starexec,SEV631+1.p,e1a,balanced,REFUTED,3117,4882.872,38313.467,,,11136,1186834,10791,1171926,8797,,,,,,,,false,
starexec,SEV631+1.p,e1a,equational,REFUTED,3117,2689.251,2500.867,,,314,1042,271,647,202,,,,,,,,false,
starexec,SEV631+1.p,e1a,first-negative,REFUTED,3117,2344.180,1099.886,,,42,74,34,27,27,,,,,,,,false,
starexec,SEV631+1.p,e1a,occurrence,REFUTED,3117,12538.790,30107.525,,,10424,294243,9719,278316,4404,,,,,,,,false,
starexec,SEV631+1.p,e1a,subsumption-light,REFUTED,3117,2143.604,2021.335,,,161,425,132,231,94,,,,,,,,false,
starexec,SEV631+1.p,e1a,unary-redundancy,REFUTED,3117,6943.532,7595.471,,,1454,9791,1325,7825,1158,,,,,,,,false,
starexec,SEV631+1.p,e1a,weight-greedy,REFUTED,3117,1904.014,1536.299,,,117,403,105,194,43,,,,,,,,false,
starexec,SEV634+1.p,e1a,age-fair,KILLED,,0.000,,,,,,,,,,,,,,,,false,killed before finishing
starexec,SEV634+1.p,e1a,equational,KILLED,,0.000,,,,,,,,,,,,,,,,false,killed before finishing
starexec,SEV634+1.p,e1a,occurrence,KILLED,,0.000,,,,,,,,,,,,,,,,false,killed before finishing
starexec,SEV634+1.p,e1a,subsumption-light,KILLED,,0.000,,,,,,,,,,,,,,,,false,killed before finishing
starexec,SEV634+1.p,e1a,unary-redundancy,KILLED,,0.000,,,,,,,,,,,,,,,,false,killed before finishing
starexec,SEV634+1.p,e1a,weight-greedy,KILLED,,0.000,,,,,,,,,,,,,,,,false,killed before finishing
starexec,SEV636+1.p,e1a,age-fair,EXHAUSTED,2935,4386.627,0.000,,,0,0,0,0,,,,,,,,,false,StackOverflowError:  at OLEquivalenceChecker.polarize:419
starexec,SEV636+1.p,e1a,balanced,EXHAUSTED,2935,3553.577,1649.380,,,0,0,0,0,,,,,,,,,false,StackOverflowError:  at BoxesRunTime.boxToInteger:63
starexec,SEV636+1.p,e1a,equational,EXHAUSTED,2935,2886.107,902.994,,,0,0,0,0,,,,,,,,,false,StackOverflowError:  at Clausal$.term:173
starexec,SEV636+1.p,e1a,first-negative,SATURATED,2935,2148.127,23325.902,,,3530,80692,2861,41729,,,,,,,,,false,
starexec,SEV636+1.p,e1a,occurrence,EXHAUSTED,2935,4193.193,0.000,,,0,0,0,0,,,,,,,,,false,StackOverflowError:  at OLEquivalenceChecker.polarize:419
starexec,SEV636+1.p,e1a,subsumption-light,EXHAUSTED,2935,2885.143,876.271,,,0,0,0,0,,,,,,,,,false,StackOverflowError:  at BoxesRunTime.boxToInteger:63
starexec,SEV636+1.p,e1a,unary-redundancy,EXHAUSTED,2935,2923.873,0.000,,,0,0,0,0,,,,,,,,,false,StackOverflowError:  at Syntax$Identifier.equals:30
starexec,SEV636+1.p,e1a,weight-greedy,KILLED,,0.000,,,,,,,,,,,,,,,,false,killed before finishing
starexec,SEV637+1.p,e1a,age-fair,KILLED,,0.000,,,,,,,,,,,,,,,,false,killed before finishing
starexec,SEV637+1.p,e1a,balanced,KILLED,,0.000,,,,,,,,,,,,,,,,false,killed before finishing
starexec,SEV637+1.p,e1a,equational,REFUTED,2981,2522.266,48856.144,,,11312,1412201,10106,1386447,344,,,,,,,,false,
starexec,SEV637+1.p,e1a,first-negative,SATURATED,2981,2069.256,949.494,,,41,57,40,28,,,,,,,,,false,
starexec,SEV637+1.p,e1a,occurrence,KILLED,,0.000,,,,,,,,,,,,,,,,false,killed before finishing
starexec,SEV637+1.p,e1a,subsumption-light,REFUTED,2981,2402.607,66966.529,,,7712,643052,6032,627257,301,,,,,,,,false,
starexec,SEV637+1.p,e1a,unary-redundancy,REFUTED,2981,3718.931,45681.546,,,6866,472472,5451,457481,325,,,,,,,,false,
starexec,SEV640+1.p,e1a,age-fair,KILLED,,0.000,,,,,,,,,,,,,,,,false,killed before finishing
starexec,SEV640+1.p,e1a,balanced,KILLED,,0.000,,,,,,,,,,,,,,,,false,killed before finishing
starexec,SEV640+1.p,e1a,equational,KILLED,,0.000,,,,,,,,,,,,,,,,false,killed before finishing
starexec,SEV640+1.p,e1a,first-negative,SATURATED,2766,1179.452,583.718,,,22,25,22,23,,,,,,,,,false,
starexec,SEV640+1.p,e1a,occurrence,KILLED,,0.000,,,,,,,,,,,,,,,,false,killed before finishing
starexec,SEV640+1.p,e1a,subsumption-light,SATURATED,2766,1459.826,1010.227,,,35,44,34,31,,,,,,,,,false,
starexec,SEV640+1.p,e1a,unary-redundancy,SATURATED,2766,1723.248,1010.505,,,35,39,34,28,,,,,,,,,false,
starexec,SEV640+1.p,e1a,weight-greedy,KILLED,,0.000,,,,,,,,,,,,,,,,false,killed before finishing
starexec,SEV641+1.p,e1a,age-fair,KILLED,,0.000,,,,,,,,,,,,,,,,false,killed before finishing
starexec,SEV641+1.p,e1a,balanced,KILLED,,0.000,,,,,,,,,,,,,,,,false,killed before finishing
starexec,SEV641+1.p,e1a,equational,KILLED,,0.000,,,,,,,,,,,,,,,,false,killed before finishing
starexec,SEV641+1.p,e1a,first-negative,KILLED,,0.000,,,,,,,,,,,,,,,,false,killed before finishing
starexec,SEV641+1.p,e1a,occurrence,KILLED,,0.000,,,,,,,,,,,,,,,,false,killed before finishing
starexec,SEV641+1.p,e1a,subsumption-light,REFUTED,3078,3205.113,11918.459,,,2005,18706,1981,15798,514,,,,,,,,false,
starexec,SEV641+1.p,e1a,unary-redundancy,KILLED,,0.000,,,,,,,,,,,,,,,,false,killed before finishing
starexec,SEV641+1.p,e1a,weight-greedy,KILLED,,0.000,,,,,,,,,,,,,,,,false,killed before finishing
starexec,SEV643+1.p,e1a,age-fair,KILLED,,0.000,,,,,,,,,,,,,,,,false,killed before finishing
starexec,SEV643+1.p,e1a,balanced,KILLED,,0.000,,,,,,,,,,,,,,,,false,killed before finishing
starexec,SEV643+1.p,e1a,equational,KILLED,,0.000,,,,,,,,,,,,,,,,false,killed before finishing
starexec,SEV643+1.p,e1a,first-negative,SATURATED,2960,2586.990,1198.589,,,87,142,82,57,,,,,,,,,false,
starexec,SEV643+1.p,e1a,occurrence,KILLED,,0.000,,,,,,,,,,,,,,,,false,killed before finishing
starexec,SEV643+1.p,e1a,subsumption-light,REFUTED,2960,2909.310,15828.409,,,2327,51229,2230,46659,323,,,,,,,,false,
starexec,SEV643+1.p,e1a,unary-redundancy,KILLED,,0.000,,,,,,,,,,,,,,,,false,killed before finishing
starexec,SEV643+1.p,e1a,weight-greedy,KILLED,,0.000,,,,,,,,,,,,,,,,false,killed before finishing
starexec,SEV644+1.p,e1a,age-fair,REFUTED,2363,10238.136,3127.506,,,0,4195,0,4195,4254,,,,,,,,false,
starexec,SEV644+1.p,e1a,balanced,REFUTED,2363,3430.305,2878.936,,,4,6477,4,6477,6586,,,,,,,,false,
starexec,SEV644+1.p,e1a,equational,REFUTED,2363,2481.229,1101.400,,,4,83,4,83,98,,,,,,,,false,
starexec,SEV644+1.p,e1a,first-negative,REFUTED,2363,1581.464,581.420,,,0,4,0,4,5,,,,,,,,false,
starexec,SEV644+1.p,e1a,occurrence,REFUTED,2363,3556.679,941.439,,,0,80,0,80,81,,,,,,,,false,
starexec,SEV644+1.p,e1a,subsumption-light,REFUTED,2363,2499.395,1720.163,,,4,83,4,83,98,,,,,,,,false,
starexec,SEV644+1.p,e1a,unary-redundancy,REFUTED,2363,3539.259,1498.416,,,0,80,0,80,81,,,,,,,,false,
starexec,SEV644+1.p,e1a,weight-greedy,REFUTED,2363,2407.447,1077.074,,,3,76,3,76,91,,,,,,,,false,
starexec,SEV645+1.p,e1a,age-fair,KILLED,,0.000,,,,,,,,,,,,,,,,false,killed before finishing
starexec,SEV645+1.p,e1a,balanced,KILLED,,0.000,,,,,,,,,,,,,,,,false,killed before finishing
starexec,SEV645+1.p,e1a,equational,TIMEOUT,1984,1857.298,166902.292,,,31321,4615806,28502,4537928,,,,,,,,,false,
starexec,SEV645+1.p,e1a,first-negative,TIMEOUT,1984,1326.958,166467.175,,,15939,909827,15604,727959,,,,,,,,,false,
starexec,SEV645+1.p,e1a,occurrence,KILLED,,0.000,,,,,,,,,,,,,,,,false,killed before finishing
starexec,SEV645+1.p,e1a,subsumption-light,TIMEOUT,1984,1519.529,166889.401,,,15542,2204696,13551,2159758,,,,,,,,,false,
starexec,SEV645+1.p,e1a,unary-redundancy,KILLED,,0.000,,,,,,,,,,,,,,,,false,killed before finishing
starexec,SEV645+1.p,e1a,weight-greedy,TIMEOUT,1984,1368.441,167052.439,,,1614,7833,1580,5402,,,,,,,,,false,
starexec,SEV646+1.p,e1a,age-fair,KILLED,,0.000,,,,,,,,,,,,,,,,false,killed before finishing
starexec,SEV646+1.p,e1a,balanced,KILLED,,0.000,,,,,,,,,,,,,,,,false,killed before finishing
starexec,SEV646+1.p,e1a,equational,REFUTED,3067,2261.623,4094.089,,,1289,4767,1282,3248,268,,,,,,,,false,
starexec,SEV646+1.p,e1a,first-negative,SATURATED,3067,1934.285,1112.992,,,109,115,109,34,,,,,,,,,false,
starexec,SEV646+1.p,e1a,occurrence,KILLED,,0.000,,,,,,,,,,,,,,,,false,killed before finishing
starexec,SEV646+1.p,e1a,subsumption-light,REFUTED,3067,2132.418,3844.328,,,367,1715,362,1306,128,,,,,,,,false,
starexec,SEV646+1.p,e1a,unary-redundancy,REFUTED,3067,2983.437,4229.552,,,602,3049,599,2422,159,,,,,,,,false,
starexec,SEV646+1.p,e1a,weight-greedy,REFUTED,3067,1782.996,4522.166,,,342,10090,328,6696,52,,,,,,,,false,
starexec,SEV650+1.p,e1a,age-fair,KILLED,,0.000,,,,,,,,,,,,,,,,false,killed before finishing
starexec,SEV650+1.p,e1a,balanced,KILLED,,0.000,,,,,,,,,,,,,,,,false,killed before finishing
starexec,SEV650+1.p,e1a,equational,KILLED,,0.000,,,,,,,,,,,,,,,,false,killed before finishing
starexec,SEV650+1.p,e1a,first-negative,SATURATED,3015,2143.046,1401.752,,,516,619,460,225,,,,,,,,,false,
starexec,SEV650+1.p,e1a,occurrence,KILLED,,0.000,,,,,,,,,,,,,,,,false,killed before finishing
starexec,SEV650+1.p,e1a,subsumption-light,KILLED,,0.000,,,,,,,,,,,,,,,,false,killed before finishing
starexec,SEV650+1.p,e1a,unary-redundancy,KILLED,,0.000,,,,,,,,,,,,,,,,false,killed before finishing
starexec,SEV650+1.p,e1a,weight-greedy,KILLED,,0.000,,,,,,,,,,,,,,,,false,killed before finishing
starexec,SEV651+1.p,e1a,age-fair,KILLED,,0.000,,,,,,,,,,,,,,,,false,killed before finishing
starexec,SEV651+1.p,e1a,balanced,KILLED,,0.000,,,,,,,,,,,,,,,,false,killed before finishing
starexec,SEV651+1.p,e1a,equational,KILLED,,0.000,,,,,,,,,,,,,,,,false,killed before finishing
starexec,SEV651+1.p,e1a,first-negative,TIMEOUT,2743,1895.889,166542.011,,,34976,1465787,28966,1242852,,,,,,,,,false,
starexec,SEV651+1.p,e1a,occurrence,KILLED,,0.000,,,,,,,,,,,,,,,,false,killed before finishing
starexec,SEV651+1.p,e1a,subsumption-light,TIMEOUT,2743,1765.210,166833.448,,,16019,1212153,15570,1185561,,,,,,,,,false,
starexec,SEV651+1.p,e1a,unary-redundancy,KILLED,,0.000,,,,,,,,,,,,,,,,false,killed before finishing
starexec,SEV651+1.p,e1a,weight-greedy,TIMEOUT,2743,1439.766,166626.062,,,13948,3826350,13544,3681627,,,,,,,,,false,
starexec,SEV654+1.p,e1a,age-fair,KILLED,,0.000,,,,,,,,,,,,,,,,false,killed before finishing
starexec,SEV654+1.p,e1a,balanced,KILLED,,0.000,,,,,,,,,,,,,,,,false,killed before finishing
starexec,SEV654+1.p,e1a,equational,KILLED,,0.000,,,,,,,,,,,,,,,,false,killed before finishing
starexec,SEV654+1.p,e1a,first-negative,TIMEOUT,3190,1512.054,166571.258,,,11998,6282488,10500,6129570,,,,,,,,,false,
starexec,SEV654+1.p,e1a,occurrence,KILLED,,0.000,,,,,,,,,,,,,,,,false,killed before finishing
starexec,SEV654+1.p,e1a,subsumption-light,KILLED,,0.000,,,,,,,,,,,,,,,,false,killed before finishing
starexec,SEV654+1.p,e1a,unary-redundancy,KILLED,,0.000,,,,,,,,,,,,,,,,false,killed before finishing
starexec,SEV654+1.p,e1a,weight-greedy,KILLED,,0.000,,,,,,,,,,,,,,,,false,killed before finishing
starexec,SEV655+1.p,e1a,balanced,KILLED,,0.000,,,,,,,,,,,,,,,,false,killed before finishing
starexec,SEV655+1.p,e1a,equational,TIMEOUT,3248,1970.817,166862.947,,,33168,2791778,32261,2719782,,,,,,,,,false,
starexec,SEV655+1.p,e1a,first-negative,KILLED,,0.000,,,,,,,,,,,,,,,,false,killed before finishing
starexec,SEV655+1.p,e1a,occurrence,KILLED,,0.000,,,,,,,,,,,,,,,,false,killed before finishing
starexec,SEV655+1.p,e1a,subsumption-light,KILLED,,0.000,,,,,,,,,,,,,,,,false,killed before finishing
starexec,SEV655+1.p,e1a,unary-redundancy,KILLED,,0.000,,,,,,,,,,,,,,,,false,killed before finishing
starexec,SEV655+1.p,e1a,weight-greedy,KILLED,,0.000,,,,,,,,,,,,,,,,false,killed before finishing
starexec,SEV656+1.p,e1a,age-fair,KILLED,,0.000,,,,,,,,,,,,,,,,false,killed before finishing
starexec,SEV656+1.p,e1a,balanced,KILLED,,0.000,,,,,,,,,,,,,,,,false,killed before finishing
starexec,SEV656+1.p,e1a,equational,KILLED,,0.000,,,,,,,,,,,,,,,,false,killed before finishing
starexec,SEV656+1.p,e1a,first-negative,KILLED,,0.000,,,,,,,,,,,,,,,,false,killed before finishing
starexec,SEV656+1.p,e1a,occurrence,KILLED,,0.000,,,,,,,,,,,,,,,,false,killed before finishing
starexec,SEV656+1.p,e1a,subsumption-light,KILLED,,0.000,,,,,,,,,,,,,,,,false,killed before finishing
starexec,SEV656+1.p,e1a,unary-redundancy,KILLED,,0.000,,,,,,,,,,,,,,,,false,killed before finishing
starexec,SEV656+1.p,e1a,weight-greedy,KILLED,,0.000,,,,,,,,,,,,,,,,false,killed before finishing
starexec,SEV657+1.p,e1a,age-fair,KILLED,,0.000,,,,,,,,,,,,,,,,false,killed before finishing
starexec,SEV657+1.p,e1a,balanced,KILLED,,0.000,,,,,,,,,,,,,,,,false,killed before finishing
starexec,SEV657+1.p,e1a,first-negative,SATURATED,3067,2390.297,998.488,,,212,227,212,44,,,,,,,,,false,
starexec,SEV657+1.p,e1a,occurrence,KILLED,,0.000,,,,,,,,,,,,,,,,false,killed before finishing
starexec,SEV657+1.p,e1a,subsumption-light,KILLED,,0.000,,,,,,,,,,,,,,,,false,killed before finishing
starexec,SEV657+1.p,e1a,unary-redundancy,KILLED,,0.000,,,,,,,,,,,,,,,,false,killed before finishing
starexec,SEV657+1.p,e1a,weight-greedy,KILLED,,0.000,,,,,,,,,,,,,,,,false,killed before finishing
starexec,SEV658+1.p,e1a,balanced,KILLED,,0.000,,,,,,,,,,,,,,,,false,killed before finishing
starexec,SEV658+1.p,e1a,equational,TIMEOUT,3118,1583.979,166639.231,,,43833,5156338,42437,5079788,,,,,,,,,false,
starexec,SEV658+1.p,e1a,first-negative,TIMEOUT,3118,1337.079,166380.114,,,23349,2764371,16139,2691720,,,,,,,,,false,
starexec,SEV658+1.p,e1a,occurrence,KILLED,,0.000,,,,,,,,,,,,,,,,false,killed before finishing
starexec,SEV658+1.p,e1a,subsumption-light,TIMEOUT,3118,1430.692,166598.370,,,18550,1265070,18228,1224500,,,,,,,,,false,
starexec,SEV658+1.p,e1a,unary-redundancy,TIMEOUT,3118,2146.066,166625.651,,,18266,1181386,17615,1146000,,,,,,,,,false,
starexec,SEV658+1.p,e1a,weight-greedy,TIMEOUT,3118,1208.498,166481.957,,,11726,5233147,9644,5108977,,,,,,,,,false,
starexec,SEV660+1.p,e1a,age-fair,KILLED,,0.000,,,,,,,,,,,,,,,,false,killed before finishing
starexec,SEV660+1.p,e1a,balanced,KILLED,,0.000,,,,,,,,,,,,,,,,false,killed before finishing
starexec,SEV660+1.p,e1a,equational,REFUTED,2689,2080.050,11218.081,,,3343,60228,3324,55802,212,,,,,,,,false,
starexec,SEV660+1.p,e1a,occurrence,KILLED,,0.000,,,,,,,,,,,,,,,,false,killed before finishing
starexec,SEV660+1.p,e1a,subsumption-light,REFUTED,2689,1858.318,2219.895,,,310,1246,307,892,90,,,,,,,,false,
starexec,SEV660+1.p,e1a,weight-greedy,REFUTED,2689,1670.647,2454.838,,,187,761,185,400,48,,,,,,,,false,
starexec,SEV661+1.p,e1a,equational,REFUTED,2456,2224.902,1602.475,,,290,566,264,178,151,,,,,,,,false,
starexec,SEV661+1.p,e1a,first-negative,SATURATED,2456,1720.294,534.975,,,14,18,14,11,,,,,,,,,false,
starexec,SEV661+1.p,e1a,occurrence,KILLED,,0.000,,,,,,,,,,,,,,,,false,killed before finishing
starexec,SEV661+1.p,e1a,subsumption-light,REFUTED,2456,1795.885,1507.890,,,148,295,126,110,89,,,,,,,,false,
starexec,SEV661+1.p,e1a,unary-redundancy,REFUTED,2456,4472.548,79270.809,,,17608,812027,17149,789867,1158,,,,,,,,false,
starexec,SEV661+1.p,e1a,weight-greedy,SATURATED,2456,1649.840,954.101,,,46,63,34,37,,,,,,,,,false,
starexec,SEV667+1.p,e1a,age-fair,KILLED,,0.000,,,,,,,,,,,,,,,,false,killed before finishing
starexec,SEV667+1.p,e1a,balanced,TIMEOUT,2862,2216.253,167502.672,,,63585,5443799,63122,5372234,,,,,,,,,false,
starexec,SEV667+1.p,e1a,equational,TIMEOUT,2862,1165.597,166532.943,,,34511,6706458,34221,6654688,,,,,,,,,false,
starexec,SEV667+1.p,e1a,first-negative,SATURATED,2862,1108.036,560.664,,,20,23,20,11,,,,,,,,,false,
starexec,SEV667+1.p,e1a,occurrence,KILLED,,0.000,,,,,,,,,,,,,,,,false,killed before finishing
starexec,SEV667+1.p,e1a,subsumption-light,TIMEOUT,2862,985.991,166469.435,,,6068,42172,5947,23403,,,,,,,,,false,
starexec,SEV667+1.p,e1a,unary-redundancy,TIMEOUT,2862,2665.041,166858.692,,,18499,719211,18070,687363,,,,,,,,,false,
starexec,SEV667+1.p,e1a,weight-greedy,KILLED,,0.000,,,,,,,,,,,,,,,,false,killed before finishing
starexec,SEV668+1.p,e1a,age-fair,REFUTED,2820,13233.737,26468.115,,,5672,377706,5622,371824,5809,,,,,,,,false,
starexec,SEV668+1.p,e1a,balanced,REFUTED,2820,3811.761,3816.143,,,718,10430,716,9714,7418,,,,,,,,false,
starexec,SEV668+1.p,e1a,equational,REFUTED,2820,3318.393,1623.219,,,14,430,14,426,426,,,,,,,,false,
starexec,SEV668+1.p,e1a,first-negative,REFUTED,2820,1882.462,802.215,,,18,25,17,21,21,,,,,,,,false,
starexec,SEV668+1.p,e1a,occurrence,REFUTED,2820,4804.175,1713.535,,,22,513,21,513,513,,,,,,,,false,
starexec,SEV668+1.p,e1a,subsumption-light,REFUTED,2820,1489.537,750.285,,,16,27,16,21,21,,,,,,,,false,
starexec,SEV668+1.p,e1a,unary-redundancy,REFUTED,2820,1726.089,765.204,,,14,26,14,21,21,,,,,,,,false,
starexec,SEV668+1.p,e1a,weight-greedy,REFUTED,2820,1541.977,675.726,,,6,21,6,21,21,,,,,,,,false,
starexec,SEV671+1.p,e1a,age-fair,KILLED,,0.000,,,,,,,,,,,,,,,,false,killed before finishing
starexec,SEV671+1.p,e1a,balanced,KILLED,,0.000,,,,,,,,,,,,,,,,false,killed before finishing
starexec,SEV671+1.p,e1a,equational,KILLED,,0.000,,,,,,,,,,,,,,,,false,killed before finishing
starexec,SEV671+1.p,e1a,occurrence,KILLED,,0.000,,,,,,,,,,,,,,,,false,killed before finishing
starexec,SEV671+1.p,e1a,subsumption-light,KILLED,,0.000,,,,,,,,,,,,,,,,false,killed before finishing
starexec,SEV671+1.p,e1a,unary-redundancy,KILLED,,0.000,,,,,,,,,,,,,,,,false,killed before finishing
starexec,SEV671+1.p,e1a,weight-greedy,KILLED,,0.000,,,,,,,,,,,,,,,,false,killed before finishing
starexec,SEV673+1.p,e1a,age-fair,KILLED,,0.000,,,,,,,,,,,,,,,,false,killed before finishing
starexec,SEV673+1.p,e1a,balanced,KILLED,,0.000,,,,,,,,,,,,,,,,false,killed before finishing
starexec,SEV673+1.p,e1a,equational,KILLED,,0.000,,,,,,,,,,,,,,,,false,killed before finishing
starexec,SEV673+1.p,e1a,first-negative,KILLED,,0.000,,,,,,,,,,,,,,,,false,killed before finishing
starexec,SEV673+1.p,e1a,occurrence,KILLED,,0.000,,,,,,,,,,,,,,,,false,killed before finishing
starexec,SEV673+1.p,e1a,subsumption-light,KILLED,,0.000,,,,,,,,,,,,,,,,false,killed before finishing
starexec,SEV673+1.p,e1a,unary-redundancy,KILLED,,0.000,,,,,,,,,,,,,,,,false,killed before finishing
starexec,SEV673+1.p,e1a,weight-greedy,REFUTED,2701,2341.208,51271.942,,,9856,2061503,4934,1941676,279,,,,,,,,false,
starexec,SEV675+1.p,e1a,balanced,KILLED,,0.000,,,,,,,,,,,,,,,,false,killed before finishing
starexec,SEV675+1.p,e1a,equational,KILLED,,0.000,,,,,,,,,,,,,,,,false,killed before finishing
starexec,SEV675+1.p,e1a,first-negative,SATURATED,3187,2305.525,1088.349,,,57,59,55,49,,,,,,,,,false,
starexec,SEV675+1.p,e1a,occurrence,KILLED,,0.000,,,,,,,,,,,,,,,,false,killed before finishing
starexec,SEV675+1.p,e1a,subsumption-light,KILLED,,0.000,,,,,,,,,,,,,,,,false,killed before finishing
starexec,SEV675+1.p,e1a,unary-redundancy,KILLED,,0.000,,,,,,,,,,,,,,,,false,killed before finishing
starexec,SEV676+1.p,e1a,age-fair,KILLED,,0.000,,,,,,,,,,,,,,,,false,killed before finishing
starexec,SEV676+1.p,e1a,balanced,KILLED,,0.000,,,,,,,,,,,,,,,,false,killed before finishing
starexec,SEV676+1.p,e1a,equational,KILLED,,0.000,,,,,,,,,,,,,,,,false,killed before finishing
starexec,SEV676+1.p,e1a,first-negative,KILLED,,0.000,,,,,,,,,,,,,,,,false,killed before finishing
starexec,SEV676+1.p,e1a,occurrence,KILLED,,0.000,,,,,,,,,,,,,,,,false,killed before finishing
starexec,SEV676+1.p,e1a,subsumption-light,KILLED,,0.000,,,,,,,,,,,,,,,,false,killed before finishing
starexec,SEV676+1.p,e1a,unary-redundancy,KILLED,,0.000,,,,,,,,,,,,,,,,false,killed before finishing
starexec,SEV676+1.p,e1a,weight-greedy,KILLED,,0.000,,,,,,,,,,,,,,,,false,killed before finishing
starexec,SEV677+1.p,e1a,age-fair,KILLED,,0.000,,,,,,,,,,,,,,,,false,killed before finishing
starexec,SEV677+1.p,e1a,balanced,KILLED,,0.000,,,,,,,,,,,,,,,,false,killed before finishing
starexec,SEV677+1.p,e1a,equational,REFUTED,3185,3201.490,4780.552,,,1529,10736,1470,8504,501,,,,,,,,false,
starexec,SEV677+1.p,e1a,first-negative,SATURATED,3185,2033.199,864.640,,,20,22,20,14,,,,,,,,,false,
starexec,SEV677+1.p,e1a,subsumption-light,REFUTED,3185,2703.510,4449.057,,,716,4235,651,3231,243,,,,,,,,false,
starexec,SEV677+1.p,e1a,unary-redundancy,KILLED,,0.000,,,,,,,,,,,,,,,,false,killed before finishing
starexec,SEV677+1.p,e1a,weight-greedy,REFUTED,3185,1791.020,1186.624,,,59,140,57,68,38,,,,,,,,false,
starexec,SEV678+1.p,e1a,age-fair,REFUTED,2924,6631.230,11752.969,,,3117,140849,3092,137703,5135,,,,,,,,false,
starexec,SEV678+1.p,e1a,balanced,REFUTED,2924,2232.332,8549.965,,,7676,297359,7558,289428,8011,,,,,,,,false,
starexec,SEV678+1.p,e1a,equational,REFUTED,2924,1372.369,716.715,,,21,246,21,242,262,,,,,,,,false,
starexec,SEV678+1.p,e1a,first-negative,REFUTED,2924,1124.347,452.867,,,10,18,10,14,14,,,,,,,,false,
starexec,SEV678+1.p,e1a,occurrence,REFUTED,2924,1931.185,713.117,,,17,242,17,238,247,,,,,,,,false,
starexec,SEV678+1.p,e1a,subsumption-light,REFUTED,2924,1338.558,809.699,,,25,231,25,226,246,,,,,,,,false,
starexec,SEV678+1.p,e1a,unary-redundancy,REFUTED,2924,1918.432,849.112,,,24,244,24,238,247,,,,,,,,false,
starexec,SEV678+1.p,e1a,weight-greedy,REFUTED,2924,1066.065,599.982,,,14,89,14,86,97,,,,,,,,false,
starexec,SEV679+1.p,e1a,age-fair,KILLED,,0.000,,,,,,,,,,,,,,,,false,killed before finishing
starexec,SEV679+1.p,e1a,balanced,REFUTED,3356,4289.872,7867.387,,,2755,45713,2723,42801,9747,,,,,,,,false,
starexec,SEV679+1.p,e1a,equational,REFUTED,3356,3603.974,2204.300,,,309,957,309,815,822,,,,,,,,false,
starexec,SEV679+1.p,e1a,first-negative,REFUTED,3356,2745.544,5632.065,,,2875,43514,2708,36225,70,,,,,,,,false,
starexec,SEV679+1.p,e1a,occurrence,REFUTED,3356,11627.917,8004.971,,,2773,15423,2757,12539,4434,,,,,,,,false,
starexec,SEV679+1.p,e1a,subsumption-light,REFUTED,3356,2943.673,4204.034,,,755,2144,747,1326,431,,,,,,,,false,
starexec,SEV679+1.p,e1a,unary-redundancy,REFUTED,3356,5109.712,2537.452,,,292,781,292,655,656,,,,,,,,false,
starexec,SEV679+1.p,e1a,weight-greedy,REFUTED,3356,2699.728,1525.045,,,420,886,417,399,293,,,,,,,,false,
starexec,SWB012+1.p,e1a,age-fair,KILLED,,0.000,,,,,,,,,,,,,,,,false,killed before finishing
starexec,SWB012+1.p,e1a,balanced,TIMEOUT,559,1235.074,166653.926,,,44770,15308016,43061,15243320,,,,,,,,,false,
starexec,SWB012+1.p,e1a,equational,TIMEOUT,559,2505.587,166888.328,,,30712,8903793,30052,8853177,,,,,,,,,false,
starexec,SWB012+1.p,e1a,first-negative,SATURATED,559,1151.823,699.088,,,13,14,13,13,,,,,,,,,false,
starexec,SWB012+1.p,e1a,occurrence,KILLED,,0.000,,,,,,,,,,,,,,,,false,killed before finishing
starexec,SWB012+1.p,e1a,subsumption-light,TIMEOUT,559,1878.828,167117.206,,,24660,2196474,24527,2151320,,,,,,,,,false,
starexec,SWB012+1.p,e1a,unary-redundancy,KILLED,,0.000,,,,,,,,,,,,,,,,false,killed before finishing
starexec,SWB012+1.p,e1a,weight-greedy,SATURATED,559,949.441,1825.215,,,266,1605,216,261,,,,,,,,,false,
starexec,SWB013+2.p,e1a,age-fair,REFUTED,8,1112.205,64824.190,,,14776,438310,14692,411864,56,,,,,,,,false,
starexec,SWB013+2.p,e1a,balanced,TIMEOUT,8,309.011,166358.534,,,23199,8852755,23096,8823417,,,,,,,,,false,
starexec,SWB013+2.p,e1a,equational,TIMEOUT,8,615.772,166754.323,,,14357,5099641,14277,5080347,,,,,,,,,false,
starexec,SWB013+2.p,e1a,first-negative,REFUTED,8,1164.809,6314.787,,,2307,14387,2283,11380,56,,,,,,,,false,
starexec,SWB013+2.p,e1a,occurrence,REFUTED,8,1139.958,43928.862,,,9623,503906,9316,475491,56,,,,,,,,false,
starexec,SWB013+2.p,e1a,subsumption-light,TIMEOUT,8,557.585,166813.941,,,7044,1345823,7042,1337491,,,,,,,,,false,
starexec,SWB013+2.p,e1a,unary-redundancy,REFUTED,8,1106.802,84530.146,,,8175,305928,8005,290734,56,,,,,,,,false,
starexec,SWB013+2.p,e1a,weight-greedy,TIMEOUT,8,620.344,166624.049,,,18330,657259,18014,624218,,,,,,,,,false,
starexec,SWB017+1.p,e1a,age-fair,REFUTED,559,4483.545,27059.361,,,9209,401307,9152,389570,1055,,,,,,,,false,
starexec,SWB017+1.p,e1a,balanced,REFUTED,559,1348.001,64666.038,,,29528,3855429,29442,3818281,1382,,,,,,,,false,
starexec,SWB017+1.p,e1a,equational,REFUTED,559,1062.423,1320.835,,,179,613,177,349,115,,,,,,,,false,
starexec,SWB017+1.p,e1a,first-negative,SATURATED,559,972.752,488.190,,,7,7,7,6,,,,,,,,,false,
starexec,SWB017+1.p,e1a,occurrence,REFUTED,559,4369.426,43756.818,,,17506,236058,17407,192147,993,,,,,,,,false,
starexec,SWB017+1.p,e1a,subsumption-light,REFUTED,559,963.958,1073.888,,,101,288,97,135,73,,,,,,,,false,
starexec,SWB017+1.p,e1a,unary-redundancy,REFUTED,559,2734.374,4024.681,,,694,2170,689,1163,357,,,,,,,,false,
starexec,SWB017+1.p,e1a,weight-greedy,SATURATED,559,832.072,668.707,,,8,20,7,16,,,,,,,,,false,
starexec,SWB020+1.p,e1a,age-fair,KILLED,,0.000,,,,,,,,,,,,,,,,false,killed before finishing
starexec,SWB020+1.p,e1a,balanced,TIMEOUT,559,1264.073,167010.640,,,38955,13598505,38186,13538967,,,,,,,,,false,
starexec,SWB020+1.p,e1a,equational,TIMEOUT,559,1704.636,166999.912,,,28796,6110708,28305,6025470,,,,,,,,,false,
starexec,SWB020+1.p,e1a,first-negative,SATURATED,559,1177.621,580.170,,,11,14,11,14,,,,,,,,,false,
starexec,SWB020+1.p,e1a,occurrence,KILLED,,0.000,,,,,,,,,,,,,,,,false,killed before finishing
starexec,SWB020+1.p,e1a,subsumption-light,TIMEOUT,559,1560.730,167104.615,,,16695,1668762,16661,1627470,,,,,,,,,false,
starexec,SWB020+1.p,e1a,unary-redundancy,KILLED,,0.000,,,,,,,,,,,,,,,,false,killed before finishing
starexec,SWB020+1.p,e1a,weight-greedy,TIMEOUT,559,1009.484,166546.199,,,9623,612171,9607,565910,,,,,,,,,false,
starexec,SWB021+2.p,e1a,age-fair,TIMEOUT,7,1301.487,166763.221,,,14924,794725,11897,725949,,,,,,,,,false,
starexec,SWB021+2.p,e1a,balanced,REFUTED,7,336.974,9675.103,,,2830,184791,2440,173492,78,,,,,,,,false,
starexec,SWB021+2.p,e1a,equational,REFUTED,7,663.621,17289.040,,,2817,184169,2353,172465,78,,,,,,,,false,
starexec,SWB021+2.p,e1a,first-negative,TIMEOUT,7,1373.345,166762.774,,,39851,1667487,33427,1485363,,,,,,,,,false,
starexec,SWB021+2.p,e1a,occurrence,REFUTED,7,1267.223,13471.366,,,2668,121205,2440,114478,69,,,,,,,,false,
starexec,SWB021+2.p,e1a,subsumption-light,REFUTED,7,672.260,10505.328,,,1136,32586,1060,28627,78,,,,,,,,false,
starexec,SWB021+2.p,e1a,unary-redundancy,REFUTED,7,1325.263,16975.206,,,1585,44315,1446,40780,69,,,,,,,,false,
starexec,SWB021+2.p,e1a,weight-greedy,REFUTED,7,623.626,4641.787,,,1799,8683,898,1311,78,,,,,,,,false,
starexec,SWB023+1.p,e1a,age-fair,KILLED,,0.000,,,,,,,,,,,,,,,,false,killed before finishing
starexec,SWB023+1.p,e1a,balanced,REFUTED,559,1256.726,18185.246,,,10055,809661,9925,794287,1386,,,,,,,,false,
starexec,SWB023+1.p,e1a,equational,REFUTED,559,1254.966,2320.650,,,641,2265,611,1119,165,,,,,,,,false,
starexec,SWB023+1.p,e1a,first-negative,SATURATED,559,1150.352,578.637,,,15,16,14,13,,,,,,,,,false,
starexec,SWB023+1.p,e1a,occurrence,KILLED,,0.000,,,,,,,,,,,,,,,,false,killed before finishing
starexec,SWB023+1.p,e1a,subsumption-light,REFUTED,559,1200.663,2008.543,,,343,851,318,305,135,,,,,,,,false,
starexec,SWB023+1.p,e1a,unary-redundancy,REFUTED,559,2635.147,10220.450,,,2099,9021,2067,5050,363,,,,,,,,false,
starexec,SWB023+1.p,e1a,weight-greedy,REFUTED,559,1131.858,1170.652,,,120,231,97,84,93,,,,,,,,false,
starexec,SWB027+1.p,e1a,age-fair,KILLED,,0.000,,,,,,,,,,,,,,,,false,killed before finishing
starexec,SWB027+1.p,e1a,balanced,TIMEOUT,559,986.183,166947.296,,,41520,15246467,41278,15179879,,,,,,,,,false,
starexec,SWB027+1.p,e1a,equational,TIMEOUT,559,1655.225,166811.693,,,26668,9054877,26118,9007697,,,,,,,,,false,
starexec,SWB027+1.p,e1a,first-negative,SATURATED,559,1148.072,2183.556,,,329,2557,213,1086,,,,,,,,,false,
starexec,SWB027+1.p,e1a,occurrence,KILLED,,0.000,,,,,,,,,,,,,,,,false,killed before finishing
starexec,SWB027+1.p,e1a,subsumption-light,TIMEOUT,559,1238.708,166566.776,,,23424,1804088,22599,1763728,,,,,,,,,false,
starexec,SWB027+1.p,e1a,unary-redundancy,TIMEOUT,559,2241.174,166774.701,,,20442,1173119,19593,1125657,,,,,,,,,false,
starexec,SWB027+1.p,e1a,weight-greedy,TIMEOUT,559,1134.218,166467.045,,,29468,2377143,28784,2315157,,,,,,,,,false,
starexec,SWB032+1.p,e1a,age-fair,KILLED,,0.000,,,,,,,,,,,,,,,,false,killed before finishing
starexec,SWB032+1.p,e1a,balanced,TIMEOUT,558,1249.328,166970.176,,,34189,9906150,34016,9856538,,,,,,,,,false,
starexec,SWB032+1.p,e1a,equational,TIMEOUT,558,1329.417,166809.249,,,36861,2727763,34225,2623909,,,,,,,,,false,
starexec,SWB032+1.p,e1a,first-negative,SATURATED,558,1188.908,591.064,,,28,33,28,33,,,,,,,,,false,
starexec,SWB032+1.p,e1a,occurrence,KILLED,,0.000,,,,,,,,,,,,,,,,false,killed before finishing
starexec,SWB032+1.p,e1a,subsumption-light,REFUTED,558,1248.153,18149.070,,,4787,37181,4718,25117,233,,,,,,,,false,
starexec,SWB032+1.p,e1a,unary-redundancy,REFUTED,558,2761.893,30300.584,,,6582,91193,5695,67336,398,,,,,,,,false,
starexec,SWB032+1.p,e1a,weight-greedy,REFUTED,558,1025.401,1807.351,,,656,2024,648,534,101,,,,,,,,false,
starexec,SWB040+1.p,e1a,age-fair,KILLED,,0.000,,,,,,,,,,,,,,,,false,killed before finishing
starexec,SWB040+1.p,e1a,balanced,TIMEOUT,559,1267.759,167029.046,,,31363,9922244,31169,9873216,,,,,,,,,false,
starexec,SWB040+1.p,e1a,equational,TIMEOUT,559,1209.735,166723.987,,,37373,2056512,35534,1971192,,,,,,,,,false,
starexec,SWB040+1.p,e1a,first-negative,SATURATED,559,1026.292,487.481,,,11,14,11,14,,,,,,,,,false,
starexec,SWB040+1.p,e1a,occurrence,KILLED,,0.000,,,,,,,,,,,,,,,,false,killed before finishing
starexec,SWB040+1.p,e1a,subsumption-light,REFUTED,559,1144.619,12633.803,,,3038,29548,2982,20734,198,,,,,,,,false,
starexec,SWB040+1.p,e1a,unary-redundancy,REFUTED,559,2668.832,106888.507,,,6752,73843,6465,51354,351,,,,,,,,false,
starexec,SWB040+1.p,e1a,weight-greedy,TIMEOUT,559,927.077,166515.823,,,13534,1001727,13514,936922,,,,,,,,,false,
starexec,SWB042+1.p,e1a,age-fair,TIMEOUT,559,2502.419,166866.331,,,55921,3737591,55629,3669426,,,,,,,,,false,
starexec,SWB042+1.p,e1a,balanced,TIMEOUT,559,1264.198,166986.238,,,33163,10294345,32972,10246519,,,,,,,,,false,
starexec,SWB042+1.p,e1a,equational,TIMEOUT,559,1156.259,166652.690,,,39997,8168549,39320,8114009,,,,,,,,,false,
starexec,SWB042+1.p,e1a,first-negative,SATURATED,559,808.997,344.853,,,49,52,49,32,,,,,,,,,false,
starexec,SWB042+1.p,e1a,occurrence,TIMEOUT,559,2614.424,166842.268,,,65378,1611187,62332,1440702,,,,,,,,,false,
starexec,SWB042+1.p,e1a,subsumption-light,TIMEOUT,559,960.172,166612.994,,,26256,423318,25730,386805,,,,,,,,,false,
starexec,SWB042+1.p,e1a,unary-redundancy,TIMEOUT,559,1634.500,166691.777,,,14635,1058640,13640,1012432,,,,,,,,,false,
starexec,SWB042+1.p,e1a,weight-greedy,TIMEOUT,559,605.522,168104.510,,,1797,3462,1797,934,,,,,,,,,false,
starexec,SWB046+1.p,e1a,age-fair,KILLED,,0.000,,,,,,,,,,,,,,,,false,killed before finishing
starexec,SWB046+1.p,e1a,balanced,TIMEOUT,559,1271.800,167028.081,,,31473,11658259,31296,11608879,,,,,,,,,false,
starexec,SWB046+1.p,e1a,equational,REFUTED,559,1927.791,23134.949,,,7254,340662,7211,330584,502,,,,,,,,false,
starexec,SWB046+1.p,e1a,first-negative,SATURATED,559,1074.522,2033.256,,,287,2664,186,887,,,,,,,,,false,
starexec,SWB046+1.p,e1a,occurrence,REFUTED,559,4331.764,122413.588,,,43369,1246711,40254,1128499,989,,,,,,,,false,
starexec,SWB046+1.p,e1a,subsumption-light,REFUTED,559,1247.977,2579.482,,,637,2117,619,970,157,,,,,,,,false,
starexec,SWB046+1.p,e1a,unary-redundancy,REFUTED,559,2625.946,8108.684,,,1661,6756,1635,3698,353,,,,,,,,false,
starexec,SWB046+1.p,e1a,weight-greedy,SATURATED,559,929.296,1166.293,,,185,616,122,122,,,,,,,,,false,
starexec,SWB047+1.p,e1a,age-fair,KILLED,,0.000,,,,,,,,,,,,,,,,false,killed before finishing
starexec,SWB047+1.p,e1a,balanced,TIMEOUT,559,1219.751,166964.721,,,38653,14243021,38420,14181319,,,,,,,,,false,
starexec,SWB047+1.p,e1a,equational,TIMEOUT,559,1993.076,167513.874,,,18695,5580824,17963,5546134,,,,,,,,,false,
starexec,SWB047+1.p,e1a,first-negative,SATURATED,559,1027.197,597.313,,,13,14,13,13,,,,,,,,,false,
starexec,SWB047+1.p,e1a,occurrence,KILLED,,0.000,,,,,,,,,,,,,,,,false,killed before finishing
starexec,SWB047+1.p,e1a,subsumption-light,TIMEOUT,559,1072.456,166664.924,,,21049,1175702,20103,1138508,,,,,,,,,false,
starexec,SWB047+1.p,e1a,unary-redundancy,REFUTED,559,2806.077,8242.013,,,2296,22049,2275,17655,368,,,,,,,,false,
starexec,SWB047+1.p,e1a,weight-greedy,SATURATED,559,909.346,1087.875,,,151,384,99,89,,,,,,,,,false,
starexec,SWB053+1.p,e1a,age-fair,REFUTED,559,4591.610,23754.103,,,8532,350841,8480,339861,1045,,,,,,,,false,
starexec,SWB053+1.p,e1a,balanced,REFUTED,559,1261.338,32827.597,,,18429,1982787,18291,1954316,1380,,,,,,,,false,
starexec,SWB053+1.p,e1a,equational,REFUTED,559,1248.257,1829.328,,,572,1934,559,865,234,,,,,,,,false,
starexec,SWB053+1.p,e1a,first-negative,SATURATED,559,1097.763,414.937,,,25,47,25,17,,,,,,,,,false,
starexec,SWB053+1.p,e1a,occurrence,REFUTED,559,4472.034,41330.655,,,15736,227275,15683,186886,983,,,,,,,,false,
starexec,SWB053+1.p,e1a,subsumption-light,REFUTED,559,1187.304,1954.341,,,423,1315,418,577,194,,,,,,,,false,
starexec,SWB053+1.p,e1a,unary-redundancy,REFUTED,559,2624.084,3856.517,,,664,2098,661,1128,347,,,,,,,,false,
starexec,SWB053+1.p,e1a,weight-greedy,REFUTED,559,995.094,821.615,,,167,469,167,121,73,,,,,,,,false,
starexec,SWB055+1.p,e1a,age-fair,KILLED,,0.000,,,,,,,,,,,,,,,,false,killed before finishing
starexec,SWB055+1.p,e1a,balanced,HARD_TIMEOUT,559,0.000,,,,,,,,,,,,,,,,false,
starexec,SWB055+1.p,e1a,equational,TIMEOUT,559,2080.008,167152.219,,,22900,5260797,22715,5230023,,,,,,,,,false,
starexec,SWB055+1.p,e1a,first-negative,SATURATED,559,1589.669,1033.350,,,152,171,143,44,,,,,,,,,false,
starexec,SWB055+1.p,e1a,occurrence,KILLED,,0.000,,,,,,,,,,,,,,,,false,killed before finishing
starexec,SWB055+1.p,e1a,subsumption-light,TIMEOUT,559,1570.190,167129.924,,,13267,457165,11809,364837,,,,,,,,,false,
starexec,SWB055+1.p,e1a,unary-redundancy,TIMEOUT,559,2684.069,167167.460,,,12533,741433,12265,702335,,,,,,,,,false,
starexec,SWB055+1.p,e1a,weight-greedy,REFUTED,559,1064.435,3021.769,,,725,4768,496,619,83,,,,,,,,false,
starexec,SWB063+1.p,e1a,age-fair,KILLED,,0.000,,,,,,,,,,,,,,,,false,killed before finishing
starexec,SWB063+1.p,e1a,balanced,TIMEOUT,559,1187.402,167378.573,,,30825,10388867,30663,10340313,,,,,,,,,false,
starexec,SWB063+1.p,e1a,equational,REFUTED,559,1167.162,2543.062,,,642,2775,629,1261,144,,,,,,,,false,
starexec,SWB063+1.p,e1a,first-negative,SATURATED,559,1032.347,504.096,,,8,10,8,10,,,,,,,,,false,
starexec,SWB063+1.p,e1a,occurrence,KILLED,,0.000,,,,,,,,,,,,,,,,false,killed before finishing
starexec,SWB063+1.p,e1a,subsumption-light,REFUTED,559,1199.149,1882.070,,,207,486,191,171,99,,,,,,,,false,
starexec,SWB063+1.p,e1a,unary-redundancy,TIMEOUT,559,2676.905,167163.644,,,13607,487234,13051,446230,,,,,,,,,false,
starexec,SWB063+1.p,e1a,weight-greedy,SATURATED,559,793.101,554.039,,,19,22,18,16,,,,,,,,,false,
starexec,SWB068+1.p,e1a,age-fair,KILLED,,0.000,,,,,,,,,,,,,,,,false,killed before finishing
starexec,SWB068+1.p,e1a,balanced,TIMEOUT,559,1205.976,167000.198,,,34197,10853674,33883,10805346,,,,,,,,,false,
starexec,SWB068+1.p,e1a,equational,TIMEOUT,559,1996.923,167233.894,,,23295,5262634,23116,5230208,,,,,,,,,false,
starexec,SWB068+1.p,e1a,first-negative,SATURATED,559,1355.381,1295.890,,,170,318,156,85,,,,,,,,,false,
starexec,SWB068+1.p,e1a,occurrence,KILLED,,0.000,,,,,,,,,,,,,,,,false,killed before finishing
starexec,SWB068+1.p,e1a,subsumption-light,TIMEOUT,559,1580.861,167165.876,,,15413,444199,14617,377389,,,,,,,,,false,
starexec,SWB068+1.p,e1a,unary-redundancy,REFUTED,559,2661.120,29246.152,,,4731,47946,4552,36770,355,,,,,,,,false,
starexec,SWB068+1.p,e1a,weight-greedy,REFUTED,559,1059.298,1402.112,,,180,356,167,73,73,,,,,,,,false,
starexec,SWB073+1.p,e1a,age-fair,REFUTED,559,4614.199,26467.901,,,8634,371367,8576,360243,1047,,,,,,,,false,
starexec,SWB073+1.p,e1a,balanced,REFUTED,559,1196.115,42394.786,,,18800,2426457,18660,2397153,1380,,,,,,,,false,
starexec,SWB073+1.p,e1a,equational,REFUTED,559,1092.844,2077.540,,,548,5302,540,4244,161,,,,,,,,false,
starexec,SWB073+1.p,e1a,first-negative,SATURATED,559,1042.342,565.681,,,16,19,16,16,,,,,,,,,false,
starexec,SWB073+1.p,e1a,occurrence,REFUTED,559,4392.325,47095.905,,,16194,231337,16144,189352,985,,,,,,,,false,
starexec,SWB073+1.p,e1a,subsumption-light,REFUTED,559,1051.152,2028.558,,,431,3400,428,2602,135,,,,,,,,false,
starexec,SWB073+1.p,e1a,unary-redundancy,REFUTED,559,2670.786,4326.203,,,775,2501,773,1264,372,,,,,,,,false,
starexec,SWB073+1.p,e1a,weight-greedy,REFUTED,559,934.525,1082.523,,,224,750,222,216,62,,,,,,,,false,
starexec,SWB090+1.p,e1a,age-fair,KILLED,,0.000,,,,,,,,,,,,,,,,false,killed before finishing
starexec,SWB090+1.p,e1a,balanced,TIMEOUT,559,1230.146,166985.866,,,30777,10160617,30594,10112689,,,,,,,,,false,
starexec,SWB090+1.p,e1a,equational,TIMEOUT,559,2032.234,167175.054,,,48284,6379096,47667,6296656,,,,,,,,,false,
starexec,SWB090+1.p,e1a,first-negative,SATURATED,559,1106.258,587.411,,,11,14,11,14,,,,,,,,,false,
starexec,SWB090+1.p,e1a,occurrence,KILLED,,0.000,,,,,,,,,,,,,,,,false,killed before finishing
starexec,SWB090+1.p,e1a,subsumption-light,TIMEOUT,559,2143.536,167369.350,,,35058,2035114,32093,1974539,,,,,,,,,false,
starexec,SWB090+1.p,e1a,unary-redundancy,KILLED,,0.000,,,,,,,,,,,,,,,,false,killed before finishing
starexec,SWB090+1.p,e1a,weight-greedy,TIMEOUT,559,1001.803,166544.187,,,13443,993278,13423,928741,,,,,,,,,false,
starexec,SWB091+1.p,e1a,age-fair,KILLED,,0.000,,,,,,,,,,,,,,,,false,killed before finishing
starexec,SWB091+1.p,e1a,balanced,TIMEOUT,559,1215.374,166963.476,,,31981,10067515,31261,10018763,,,,,,,,,false,
starexec,SWB091+1.p,e1a,equational,TIMEOUT,559,2476.912,167513.399,,,25738,5600391,25464,5559025,,,,,,,,,false,
starexec,SWB091+1.p,e1a,first-negative,SATURATED,559,925.828,526.399,,,6,6,6,6,,,,,,,,,false,
starexec,SWB091+1.p,e1a,occurrence,KILLED,,0.000,,,,,,,,,,,,,,,,false,killed before finishing
starexec,SWB091+1.p,e1a,subsumption-light,TIMEOUT,559,2043.310,167377.129,,,24883,1296726,23321,1249022,,,,,,,,,false,
starexec,SWB091+1.p,e1a,unary-redundancy,KILLED,,0.000,,,,,,,,,,,,,,,,false,killed before finishing
starexec,SWB091+1.p,e1a,weight-greedy,SATURATED,559,895.083,691.296,,,52,91,52,31,,,,,,,,,false,
starexec,SWB093+1.p,e1a,age-fair,KILLED,,0.000,,,,,,,,,,,,,,,,false,killed before finishing
starexec,SWB093+1.p,e1a,balanced,TIMEOUT,559,1236.106,166979.496,,,30891,10216233,30700,10167955,,,,,,,,,false,
starexec,SWB093+1.p,e1a,equational,TIMEOUT,559,2042.246,167800.577,,,38762,3963113,38230,3895451,,,,,,,,,false,
starexec,SWB093+1.p,e1a,first-negative,SATURATED,559,973.080,569.465,,,11,14,11,14,,,,,,,,,false,
starexec,SWB093+1.p,e1a,occurrence,KILLED,,0.000,,,,,,,,,,,,,,,,false,killed before finishing
starexec,SWB093+1.p,e1a,subsumption-light,TIMEOUT,559,2019.343,167334.373,,,35572,2017379,31289,1947713,,,,,,,,,false,
starexec,SWB093+1.p,e1a,unary-redundancy,KILLED,,0.000,,,,,,,,,,,,,,,,false,killed before finishing
starexec,SWB093+1.p,e1a,weight-greedy,TIMEOUT,559,1005.241,166636.560,,,13389,963186,13369,898871,,,,,,,,,false,
starexec,SWB095+1.p,e1a,age-fair,KILLED,,0.000,,,,,,,,,,,,,,,,false,killed before finishing
starexec,SWB095+1.p,e1a,balanced,TIMEOUT,559,1233.219,166987.356,,,30224,9692488,30054,9645386,,,,,,,,,false,
starexec,SWB095+1.p,e1a,equational,TIMEOUT,559,2070.118,167243.079,,,35816,4367728,35244,4306340,,,,,,,,,false,
starexec,SWB095+1.p,e1a,first-negative,SATURATED,559,1065.435,510.048,,,11,14,11,14,,,,,,,,,false,
starexec,SWB095+1.p,e1a,occurrence,KILLED,,0.000,,,,,,,,,,,,,,,,false,killed before finishing
starexec,SWB095+1.p,e1a,subsumption-light,TIMEOUT,559,2062.174,167393.446,,,24882,1232854,24550,1192637,,,,,,,,,false,
starexec,SWB095+1.p,e1a,unary-redundancy,KILLED,,0.000,,,,,,,,,,,,,,,,false,killed before finishing
starexec,SWB095+1.p,e1a,weight-greedy,TIMEOUT,559,935.255,166628.968,,,13422,985227,13402,920772,,,,,,,,,false,
starexec,SWB099+1.p,e1a,age-fair,KILLED,,0.000,,,,,,,,,,,,,,,,false,killed before finishing
starexec,SWB099+1.p,e1a,balanced,TIMEOUT,559,1264.529,166975.462,,,31468,10260708,31285,10211220,,,,,,,,,false,
starexec,SWB099+1.p,e1a,equational,TIMEOUT,559,1243.966,166746.438,,,41691,6037695,40030,5954405,,,,,,,,,false,
starexec,SWB099+1.p,e1a,first-negative,SATURATED,559,1024.526,420.529,,,11,14,11,14,,,,,,,,,false,
starexec,SWB099+1.p,e1a,occurrence,KILLED,,0.000,,,,,,,,,,,,,,,,false,killed before finishing
starexec,SWB099+1.p,e1a,subsumption-light,TIMEOUT,559,1212.020,166809.426,,,19992,1517445,19122,1479611,,,,,,,,,false,
starexec,SWB099+1.p,e1a,unary-redundancy,KILLED,,0.000,,,,,,,,,,,,,,,,false,killed before finishing
starexec,SWB099+1.p,e1a,weight-greedy,TIMEOUT,559,927.004,166470.832,,,13261,952721,13241,888823,,,,,,,,,false,
starexec,SWB103+1.p,e1a,balanced,TIMEOUT,559,1252.258,168024.945,,,31107,10822766,30595,10774779,,,,,,,,,false,
starexec,SWB103+1.p,e1a,equational,TIMEOUT,559,2154.395,167257.449,,,46553,2280039,43759,2205382,,,,,,,,,false,
starexec,SWB103+1.p,e1a,first-negative,SATURATED,559,1080.952,556.298,,,8,10,8,10,,,,,,,,,false,
starexec,SWB103+1.p,e1a,occurrence,KILLED,,0.000,,,,,,,,,,,,,,,,false,killed before finishing
starexec,SWB103+1.p,e1a,subsumption-light,TIMEOUT,559,1973.135,167332.563,,,44312,845931,38843,760018,,,,,,,,,false,
starexec,SWB103+1.p,e1a,unary-redundancy,KILLED,,0.000,,,,,,,,,,,,,,,,false,killed before finishing
starexec,SWB103+1.p,e1a,weight-greedy,SATURATED,559,805.439,492.554,,,19,22,18,16,,,,,,,,,false,
starexec,SWC012+1.p,e1a,age-fair,REFUTED,95,2050.798,74464.602,,,31729,1058616,31378,1022597,211,,,,,,,,false,
starexec,SWC012+1.p,e1a,balanced,REFUTED,95,573.226,1167.342,,,346,1291,338,919,220,,,,,,,,false,
starexec,SWC012+1.p,e1a,equational,REFUTED,95,1134.818,2009.635,,,344,1278,338,906,220,,,,,,,,false,
starexec,SWC012+1.p,e1a,occurrence,REFUTED,95,2000.148,2335.342,,,546,2019,535,1421,211,,,,,,,,false,
starexec,SWC012+1.p,e1a,subsumption-light,REFUTED,95,1164.336,37476.331,,,10131,214880,9986,202343,220,,,,,,,,false,
starexec,SWC012+1.p,e1a,unary-redundancy,REFUTED,95,1945.589,2520.390,,,410,1513,403,1077,211,,,,,,,,false,
starexec,SWC012+1.p,e1a,weight-greedy,REFUTED,95,1100.084,4986.233,,,1518,10904,1337,8418,220,,,,,,,,false,
starexec,SWV014+1.p,e1a,age-fair,REFUTED,28,799.567,1100.621,,,145,255,140,79,38,,,,,,,,false,
starexec,SWV014+1.p,e1a,balanced,REFUTED,28,225.513,457.667,,,63,82,61,38,38,,,,,,,,false,
starexec,SWV014+1.p,e1a,equational,REFUTED,28,477.270,898.090,,,77,110,74,38,38,,,,,,,,false,
starexec,SWV014+1.p,e1a,occurrence,REFUTED,28,778.499,751.565,,,62,72,60,38,38,,,,,,,,false,
starexec,SWV014+1.p,e1a,subsumption-light,REFUTED,28,492.662,907.783,,,63,82,61,38,38,,,,,,,,false,
starexec,SWV014+1.p,e1a,unary-redundancy,REFUTED,28,803.457,860.516,,,63,82,61,38,38,,,,,,,,false,
starexec,SWV014+1.p,e1a,weight-greedy,REFUTED,28,490.422,764.453,,,63,70,61,38,38,,,,,,,,false,
starexec,SWV041+1.p,e1a,age-fair,REFUTED,99,1599.325,12135.956,,,3946,151229,3792,146578,178,,,,,,,,false,
starexec,SWV041+1.p,e1a,balanced,REFUTED,99,438.656,1139.768,,,268,1581,243,1269,178,,,,,,,,false,
starexec,SWV041+1.p,e1a,equational,REFUTED,99,839.632,2059.958,,,251,1459,237,1167,178,,,,,,,,false,
starexec,SWV041+1.p,e1a,first-negative,REFUTED,99,1750.093,2195.213,,,363,1851,342,1373,178,,,,,,,,false,
starexec,SWV041+1.p,e1a,occurrence,REFUTED,99,1570.428,2403.936,,,383,2506,366,1927,178,,,,,,,,false,
starexec,SWV041+1.p,e1a,subsumption-light,REFUTED,99,878.580,2244.563,,,237,1414,226,1136,178,,,,,,,,false,
starexec,SWV041+1.p,e1a,unary-redundancy,REFUTED,99,1656.816,2390.522,,,261,1684,241,1381,178,,,,,,,,false,
starexec,SWV041+1.p,e1a,weight-greedy,REFUTED,99,943.968,2868.274,,,729,4178,683,2365,178,,,,,,,,false,
starexec,SWV114+1.p,e1a,age-fair,TIMEOUT,101,1104.080,166630.627,,,26091,5632026,25688,5599695,,,,,,,,,false,
starexec,SWV114+1.p,e1a,balanced,TIMEOUT,101,333.791,166367.807,,,36092,12218150,34736,12148264,,,,,,,,,false,
starexec,SWV114+1.p,e1a,first-negative,TIMEOUT,101,1760.292,166862.684,,,30990,2072531,29570,2010763,,,,,,,,,false,
starexec,SWV114+1.p,e1a,subsumption-light,TIMEOUT,101,970.529,166975.555,,,16773,3952897,16046,3922409,,,,,,,,,false,
starexec,SWV114+1.p,e1a,unary-redundancy,TIMEOUT,101,1703.611,167112.721,,,16869,2723517,15966,2692347,,,,,,,,,false,
starexec,SWV114+1.p,e1a,weight-greedy,REFUTED,101,613.990,1966.228,,,1020,5026,934,3076,199,,,,,,,,false,
starexec,SWV202+1.p,e1a,age-fair,TIMEOUT,91,1858.544,167002.694,,,20772,9893607,19648,9862863,,,,,,,,,false,
starexec,SWV202+1.p,e1a,balanced,TIMEOUT,91,457.452,168507.212,,,36551,16932499,34998,16846503,,,,,,,,,false,
starexec,SWV202+1.p,e1a,equational,TIMEOUT,91,923.870,167129.475,,,28960,8589422,27586,8528600,,,,,,,,,false,
starexec,SWV202+1.p,e1a,first-negative,TIMEOUT,91,2026.617,167118.077,,,25135,1931530,24481,1882752,,,,,,,,,false,
starexec,SWV202+1.p,e1a,occurrence,TIMEOUT,91,1895.735,166976.442,,,34050,7052726,32140,6884469,,,,,,,,,false,
starexec,SWV202+1.p,e1a,subsumption-light,TIMEOUT,91,909.714,167022.142,,,20780,4622059,19906,4582103,,,,,,,,,false,
starexec,SWV202+1.p,e1a,unary-redundancy,TIMEOUT,91,1869.610,167067.920,,,20928,2951854,19826,2907276,,,,,,,,,false,
starexec,SWV202+1.p,e1a,weight-greedy,REFUTED,91,901.692,1871.160,,,253,757,233,400,203,,,,,,,,false,
starexec,SWV203+1.p,e1a,age-fair,TIMEOUT,91,1866.303,167003.676,,,19422,8162157,18493,8133073,,,,,,,,,false,
starexec,SWV203+1.p,e1a,balanced,TIMEOUT,91,464.906,166541.149,,,34765,12173562,33402,12098022,,,,,,,,,false,
starexec,SWV203+1.p,e1a,equational,TIMEOUT,91,956.034,167102.432,,,24281,6341285,23107,6291525,,,,,,,,,false,
starexec,SWV203+1.p,e1a,first-negative,TIMEOUT,91,2087.658,167093.036,,,23859,1552150,23403,1507040,,,,,,,,,false,
starexec,SWV203+1.p,e1a,occurrence,TIMEOUT,91,1852.214,166935.500,,,33437,7079690,31637,6911663,,,,,,,,,false,
starexec,SWV203+1.p,e1a,subsumption-light,TIMEOUT,91,891.392,167929.540,,,16178,2725259,15458,2694615,,,,,,,,,false,
starexec,SWV203+1.p,e1a,unary-redundancy,TIMEOUT,91,1795.807,167063.816,,,16481,1754884,15600,1722658,,,,,,,,,false,
starexec,SWV203+1.p,e1a,weight-greedy,REFUTED,91,972.418,1995.111,,,259,768,228,391,203,,,,,,,,false,
starexec,SWV234+1.p,e1a,age-fair,TIMEOUT,25,671.392,166497.095,,,5524,4667143,4848,4650241,,,,,,,,,false,
starexec,SWV234+1.p,e1a,balanced,TIMEOUT,25,186.934,166593.449,,,6418,8319940,5789,8283034,,,,,,,,,false,
starexec,SWV234+1.p,e1a,equational,TIMEOUT,25,260.056,170707.292,,,6064,6529850,5437,6495302,,,,,,,,,false,
starexec,SWV234+1.p,e1a,first-negative,TIMEOUT,25,477.807,166375.237,,,16500,8802167,16464,8779289,,,,,,,,,false,
starexec,SWV234+1.p,e1a,occurrence,TIMEOUT,25,623.259,167183.882,,,4061,5230939,3797,5186317,,,,,,,,,false,
starexec,SWV234+1.p,e1a,subsumption-light,TIMEOUT,25,306.613,166379.915,,,3008,701596,2476,685614,,,,,,,,,false,
starexec,SWV234+1.p,e1a,unary-redundancy,TIMEOUT,25,438.704,166373.879,,,3048,715435,2511,699387,,,,,,,,,false,
starexec,SWV234+1.p,e1a,weight-greedy,TIMEOUT,25,274.537,167831.112,,,4397,5169207,3970,5001976,,,,,,,,,false,
starexec,SWV234+2.p,e1a,age-fair,REFUTED,21,529.000,96440.281,,,995,2717992,933,2710328,22,,,,,,,,false,
starexec,SWV234+2.p,e1a,balanced,REFUTED,21,154.906,82730.195,,,1207,4422545,1172,4407522,22,,,,,,,,false,
starexec,SWV234+2.p,e1a,equational,REFUTED,21,250.447,77716.310,,,1137,3714204,1104,3700524,22,,,,,,,,false,
starexec,SWV234+2.p,e1a,first-negative,TIMEOUT,21,410.749,166322.432,,,21191,11776847,21182,11753323,,,,,,,,,false,
starexec,SWV234+2.p,e1a,occurrence,REFUTED,21,521.062,34604.585,,,682,794832,656,785498,22,,,,,,,,false,
starexec,SWV234+2.p,e1a,subsumption-light,REFUTED,21,239.630,128253.685,,,1212,4701562,1174,4686095,22,,,,,,,,false,
starexec,SWV234+2.p,e1a,unary-redundancy,REFUTED,21,371.678,140006.283,,,1226,4871052,1177,4855436,22,,,,,,,,false,
starexec,SWV234+2.p,e1a,weight-greedy,REFUTED,21,245.435,4359.628,,,203,22262,187,17743,22,,,,,,,,false,
starexec,SWV390+1.p,e1a,age-fair,REFUTED,42,1000.799,2127.287,,,203,1589,199,1336,55,,,,,,,,false,
starexec,SWV390+1.p,e1a,balanced,REFUTED,42,271.337,717.907,,,99,304,97,172,55,,,,,,,,false,
starexec,SWV390+1.p,e1a,equational,REFUTED,42,567.098,1274.239,,,97,316,95,186,55,,,,,,,,false,
starexec,SWV390+1.p,e1a,first-negative,REFUTED,42,1101.303,1438.932,,,134,421,131,255,55,,,,,,,,false,
starexec,SWV390+1.p,e1a,occurrence,REFUTED,42,979.581,1654.299,,,130,1332,128,952,55,,,,,,,,false,
starexec,SWV390+1.p,e1a,subsumption-light,REFUTED,42,582.922,1324.822,,,97,319,96,191,55,,,,,,,,false,
starexec,SWV390+1.p,e1a,unary-redundancy,REFUTED,42,1000.814,1346.373,,,97,319,96,191,55,,,,,,,,false,
starexec,SWV390+1.p,e1a,weight-greedy,REFUTED,42,553.704,9002.742,,,290,4812,287,3650,55,,,,,,,,false,
starexec,SWV406+1.p,e1a,age-fair,TIMEOUT,41,1025.051,166682.531,,,3062,2126889,3029,2121958,,,,,,,,,false,
starexec,SWV406+1.p,e1a,balanced,REFUTED,41,303.076,63871.608,,,2901,1737646,2160,1729051,59,,,,,,,,false,
starexec,SWV406+1.p,e1a,equational,TIMEOUT,41,584.959,166713.493,,,3843,2639399,3535,2626049,,,,,,,,,false,
starexec,SWV406+1.p,e1a,first-negative,TIMEOUT,41,697.406,166510.767,,,13853,5970046,13403,5937318,,,,,,,,,false,
starexec,SWV406+1.p,e1a,occurrence,REFUTED,41,1037.021,96266.146,,,2692,3479242,2522,3457683,58,,,,,,,,false,
starexec,SWV406+1.p,e1a,subsumption-light,TIMEOUT,41,595.318,167639.523,,,1701,452925,1579,448077,,,,,,,,,false,
starexec,SWV406+1.p,e1a,unary-redundancy,REFUTED,41,715.752,6004.933,,,431,14063,302,13198,58,,,,,,,,false,
starexec,SWV406+1.p,e1a,weight-greedy,REFUTED,41,400.619,1720.438,,,355,4737,232,3340,59,,,,,,,,false,
starexec,SWV452+1.p,e1a,age-fair,TIMEOUT,66,1357.468,166743.927,,,16138,5952993,15590,5917551,,,,,,,,,false,
starexec,SWV452+1.p,e1a,balanced,TIMEOUT,66,392.543,168861.112,,,17109,16944857,14823,16846007,,,,,,,,,false,
starexec,SWV452+1.p,e1a,equational,TIMEOUT,66,775.162,166755.825,,,9996,9913403,8620,9849459,,,,,,,,,false,
starexec,SWV452+1.p,e1a,first-negative,TIMEOUT,66,1636.059,166943.196,,,12135,6548001,9376,6460547,,,,,,,,,false,
starexec,SWV452+1.p,e1a,occurrence,TIMEOUT,66,1451.461,166718.514,,,12331,9930282,11105,9796675,,,,,,,,,false,
starexec,SWV452+1.p,e1a,subsumption-light,TIMEOUT,66,798.865,166873.514,,,7115,4258612,6057,4213624,,,,,,,,,false,
starexec,SWV452+1.p,e1a,unary-redundancy,TIMEOUT,66,1455.425,166785.318,,,7244,4509689,6192,4465799,,,,,,,,,false,
starexec,SWV452+1.p,e1a,weight-greedy,REFUTED,66,778.773,2439.372,,,346,1309,287,413,130,,,,,,,,false,
starexec,SWV453+1.p,e1a,age-fair,KILLED,,0.000,,,,,,,,,,,,,,,,false,killed before finishing
starexec,SWV453+1.p,e1a,balanced,TIMEOUT,66,375.368,166612.298,,,17173,16923801,14851,16821965,,,,,,,,,false,
starexec,SWV453+1.p,e1a,equational,TIMEOUT,66,787.369,166739.140,,,10271,9864393,8631,9795403,,,,,,,,,false,
starexec,SWV453+1.p,e1a,first-negative,TIMEOUT,66,1512.233,166771.381,,,12382,6566222,9634,6476642,,,,,,,,,false,
starexec,SWV453+1.p,e1a,occurrence,TIMEOUT,66,1403.189,166796.737,,,12502,10214137,11267,10077505,,,,,,,,,false,
starexec,SWV453+1.p,e1a,subsumption-light,TIMEOUT,66,766.840,166902.746,,,6955,4169775,6011,4132447,,,,,,,,,false,
starexec,SWV453+1.p,e1a,unary-redundancy,TIMEOUT,66,1364.473,166782.205,,,7013,4380295,6054,4344049,,,,,,,,,false,
starexec,SWV453+1.p,e1a,weight-greedy,REFUTED,66,751.545,2431.061,,,340,1320,286,425,130,,,,,,,,false,
starexec,SWV454+1.p,e1a,age-fair,HARD_TIMEOUT,66,0.000,,,,,,,,,,,,,,,,false,
starexec,SWV454+1.p,e1a,balanced,TIMEOUT,66,372.326,166419.316,,,13418,20223429,12556,20162919,,,,,,,,,false,
starexec,SWV454+1.p,e1a,equational,TIMEOUT,66,767.192,166712.546,,,9576,11058933,8939,11014967,,,,,,,,,false,
starexec,SWV454+1.p,e1a,first-negative,REFUTED,66,1578.191,73337.314,,,7684,3522610,6777,3481783,124,,,,,,,,false,
starexec,SWV454+1.p,e1a,occurrence,REFUTED,66,1420.441,1549.241,,,157,309,145,124,124,,,,,,,,false,
starexec,SWV454+1.p,e1a,subsumption-light,TIMEOUT,66,714.216,166959.323,,,6736,4601462,6257,4568974,,,,,,,,,false,
starexec,SWV454+1.p,e1a,unary-redundancy,TIMEOUT,66,1391.693,168530.947,,,6674,4781378,6222,4750468,,,,,,,,,false,
starexec,SWV454+1.p,e1a,weight-greedy,REFUTED,66,731.388,1443.984,,,165,304,151,127,127,,,,,,,,false,
starexec,SWV467+1.p,e1a,balanced,TIMEOUT,66,439.629,170157.754,,,16727,14313830,14987,14221440,,,,,,,,,false,
starexec,SWV467+1.p,e1a,equational,TIMEOUT,66,828.009,168835.128,,,12474,8541200,11261,8481520,,,,,,,,,false,
starexec,SWV467+1.p,e1a,first-negative,TIMEOUT,66,1855.514,167275.072,,,12302,6885123,9112,6794202,,,,,,,,,false,
starexec,SWV467+1.p,e1a,occurrence,HARD_TIMEOUT,66,0.000,,,,,,,,,,,,,,,,false,
starexec,SWV467+1.p,e1a,subsumption-light,TIMEOUT,66,871.285,166929.290,,,5766,3807317,5097,3777893,,,,,,,,,false,
starexec,SWV467+1.p,e1a,unary-redundancy,TIMEOUT,66,1754.363,167138.410,,,7051,3737621,6400,3703739,,,,,,,,,false,
starexec,SWV473+1.p,e1a,age-fair,TIMEOUT,66,804.055,166463.058,,,17510,11259267,16876,11221318,,,,,,,,,false,
starexec,SWV473+1.p,e1a,balanced,TIMEOUT,66,416.140,169969.392,,,15305,13799873,13926,13705991,,,,,,,,,false,
starexec,SWV473+1.p,e1a,equational,TIMEOUT,66,482.935,166426.168,,,16252,12651179,14833,12560383,,,,,,,,,false,
starexec,SWV473+1.p,e1a,first-negative,TIMEOUT,66,928.582,166509.805,,,15716,10340691,13169,10228059,,,,,,,,,false,
starexec,SWV473+1.p,e1a,occurrence,TIMEOUT,66,807.154,166413.330,,,12522,15274182,12102,14891254,,,,,,,,,false,
starexec,SWV473+1.p,e1a,subsumption-light,TIMEOUT,66,455.581,166502.408,,,7527,5326816,6790,5282328,,,,,,,,,false,
starexec,SWV473+1.p,e1a,unary-redundancy,TIMEOUT,66,895.664,166509.144,,,8124,5292082,7427,5242910,,,,,,,,,false,
starexec,SWV473+1.p,e1a,weight-greedy,REFUTED,66,457.871,1620.644,,,745,2330,541,947,126,,,,,,,,false,
starexec,SWV474+1.p,e1a,age-fair,TIMEOUT,66,1512.538,166838.424,,,17150,9620035,16550,9581842,,,,,,,,,false,
starexec,SWV474+1.p,e1a,balanced,TIMEOUT,66,396.690,166515.985,,,20367,24030343,18805,23901683,,,,,,,,,false,
starexec,SWV474+1.p,e1a,equational,TIMEOUT,66,838.455,166724.350,,,12044,8848116,11106,8784278,,,,,,,,,false,
starexec,SWV474+1.p,e1a,first-negative,TIMEOUT,66,1660.119,167003.736,,,13356,6274330,10952,6178486,,,,,,,,,false,
starexec,SWV474+1.p,e1a,occurrence,TIMEOUT,66,1501.596,166848.482,,,9456,9820173,8882,9574631,,,,,,,,,false,
starexec,SWV474+1.p,e1a,subsumption-light,TIMEOUT,66,830.884,166880.727,,,6929,6039315,6456,5995197,,,,,,,,,false,
starexec,SWV474+1.p,e1a,unary-redundancy,TIMEOUT,66,1580.168,166807.803,,,5458,3807571,5196,3777297,,,,,,,,,false,
starexec,SWV474+1.p,e1a,weight-greedy,TIMEOUT,66,807.104,167162.757,,,10755,8198095,10089,7895470,,,,,,,,,false,
starexec,SWV479+1.p,e1a,age-fair,TIMEOUT,66,1902.431,166887.692,,,15518,5928538,15024,5895170,,,,,,,,,false,
starexec,SWV479+1.p,e1a,balanced,TIMEOUT,66,520.715,166508.440,,,17608,14961841,15938,14860937,,,,,,,,,false,
starexec,SWV479+1.p,e1a,equational,TIMEOUT,66,1030.325,168694.005,,,13476,8736004,12105,8669348,,,,,,,,,false,
starexec,SWV479+1.p,e1a,first-negative,TIMEOUT,66,2124.815,166881.139,,,13096,5627517,10702,5539215,,,,,,,,,false,
starexec,SWV479+1.p,e1a,occurrence,TIMEOUT,66,1844.521,166873.978,,,9615,9808750,8663,9588403,,,,,,,,,false,
starexec,SWV479+1.p,e1a,subsumption-light,TIMEOUT,66,958.479,167006.301,,,5742,3899062,5134,3868262,,,,,,,,,false,
starexec,SWV479+1.p,e1a,unary-redundancy,TIMEOUT,66,1892.656,167061.315,,,5683,3921122,5175,3889152,,,,,,,,,false,
starexec,SWV479+1.p,e1a,weight-greedy,TIMEOUT,66,965.845,166849.230,,,15639,12410528,14549,12021723,,,,,,,,,false,
starexec,SWV487+3.p,e1a,age-fair,TIMEOUT,12,653.847,166563.326,,,10693,6753253,10455,6736257,,,,,,,,,false,
starexec,SWV487+3.p,e1a,balanced,TIMEOUT,12,233.678,170575.471,,,16514,14677513,15547,14614958,,,,,,,,,false,
starexec,SWV487+3.p,e1a,equational,TIMEOUT,12,431.223,166539.179,,,11900,8372743,10813,8332506,,,,,,,,,false,
starexec,SWV487+3.p,e1a,first-negative,REFUTED,12,766.338,141965.695,,,11434,6734569,10457,6703247,23,,,,,,,,false,
starexec,SWV487+3.p,e1a,occurrence,TIMEOUT,12,637.323,166510.592,,,13501,8624176,11770,8544657,,,,,,,,,false,
starexec,SWV487+3.p,e1a,subsumption-light,TIMEOUT,12,429.371,166624.507,,,8147,3724118,7098,3698902,,,,,,,,,false,
starexec,SWV487+3.p,e1a,unary-redundancy,TIMEOUT,12,696.467,166586.742,,,8339,4370900,6840,4343855,,,,,,,,,false,
starexec,SWV488+3.p,e1a,age-fair,REFUTED,12,473.503,3827.108,,,789,46371,696,44903,24,,,,,,,,false,
starexec,SWV488+3.p,e1a,balanced,REFUTED,12,133.809,291.390,,,26,62,21,35,24,,,,,,,,false,
starexec,SWV488+3.p,e1a,equational,REFUTED,12,298.114,560.735,,,24,60,17,37,24,,,,,,,,false,
starexec,SWV488+3.p,e1a,first-negative,REFUTED,12,495.026,545.106,,,20,49,16,29,24,,,,,,,,false,
starexec,SWV488+3.p,e1a,occurrence,REFUTED,12,479.662,474.286,,,17,52,14,34,24,,,,,,,,false,
starexec,SWV488+3.p,e1a,subsumption-light,REFUTED,12,306.029,609.952,,,23,56,18,34,24,,,,,,,,false,
starexec,SWV488+3.p,e1a,unary-redundancy,REFUTED,12,471.815,578.589,,,22,57,16,37,24,,,,,,,,false,
starexec,SWV488+3.p,e1a,weight-greedy,REFUTED,12,413.077,754.283,,,29,70,23,35,24,,,,,,,,false,
starexec,SWW102+1.p,e1a,age-fair,HARD_TIMEOUT,44,0.000,,,,,,,,,,,,,,,,false,
starexec,SWW102+1.p,e1a,balanced,TIMEOUT,44,180.610,166275.653,,,5415,12900409,5298,12884301,,,,,,,,,false,
starexec,SWW102+1.p,e1a,equational,TIMEOUT,44,341.895,169225.629,,,4792,7030642,4642,7016454,,,,,,,,,false,
starexec,SWW102+1.p,e1a,first-negative,REFUTED,44,644.367,19896.505,,,4246,947106,3422,938458,83,,,,,,,,false,
starexec,SWW102+1.p,e1a,occurrence,TIMEOUT,44,607.414,166513.217,,,9076,7556269,8722,7493337,,,,,,,,,false,
starexec,SWW102+1.p,e1a,subsumption-light,TIMEOUT,44,369.961,167145.489,,,4425,4653339,4335,4640497,,,,,,,,,false,
starexec,SWW102+1.p,e1a,unary-redundancy,TIMEOUT,44,601.343,166540.428,,,4304,5325213,4107,5313533,,,,,,,,,false,
starexec,SWW102+1.p,e1a,weight-greedy,REFUTED,44,515.486,1684.643,,,245,1131,186,547,89,,,,,,,,false,
starexec,SWW186+1.p,e1a,equational,KILLED,,0.000,,,,,,,,,,,,,,,,false,killed before finishing
starexec,SWW186+1.p,e1a,first-negative,SATURATED,1181,1500.457,2810.691,,,118,2644,114,1377,,,,,,,,,false,
starexec,SWW186+1.p,e1a,occurrence,KILLED,,0.000,,,,,,,,,,,,,,,,false,killed before finishing
starexec,SWW186+1.p,e1a,subsumption-light,KILLED,,0.000,,,,,,,,,,,,,,,,false,killed before finishing
starexec,SWW186+1.p,e1a,unary-redundancy,KILLED,,0.000,,,,,,,,,,,,,,,,false,killed before finishing
starexec,SWW278+1.p,e1a,age-fair,KILLED,,0.000,,,,,,,,,,,,,,,,false,killed before finishing
starexec,SWW278+1.p,e1a,balanced,TIMEOUT,1199,1321.641,167067.360,,,25435,10319926,23980,10233084,,,,,,,,,false,
starexec,SWW278+1.p,e1a,equational,KILLED,,0.000,,,,,,,,,,,,,,,,false,killed before finishing
starexec,SWW278+1.p,e1a,first-negative,TIMEOUT,1199,1470.462,166563.329,,,3741,2002734,3172,1994299,,,,,,,,,false,
starexec,SWW278+1.p,e1a,occurrence,KILLED,,0.000,,,,,,,,,,,,,,,,false,killed before finishing
starexec,SWW278+1.p,e1a,subsumption-light,KILLED,,0.000,,,,,,,,,,,,,,,,false,killed before finishing
starexec,SWW278+1.p,e1a,unary-redundancy,KILLED,,0.000,,,,,,,,,,,,,,,,false,killed before finishing
starexec,SWW278+1.p,e1a,weight-greedy,TIMEOUT,1199,1425.544,166895.546,,,16449,8896586,13573,8612970,,,,,,,,,false,
starexec,SWW279+1.p,e1a,age-fair,KILLED,,0.000,,,,,,,,,,,,,,,,false,killed before finishing
starexec,SWW279+1.p,e1a,balanced,TIMEOUT,1213,1233.441,167046.476,,,23952,8940484,21649,8859240,,,,,,,,,false,
starexec,SWW279+1.p,e1a,equational,KILLED,,0.000,,,,,,,,,,,,,,,,false,killed before finishing
starexec,SWW279+1.p,e1a,first-negative,KILLED,,0.000,,,,,,,,,,,,,,,,false,killed before finishing
starexec,SWW279+1.p,e1a,occurrence,KILLED,,0.000,,,,,,,,,,,,,,,,false,killed before finishing
starexec,SWW279+1.p,e1a,subsumption-light,KILLED,,0.000,,,,,,,,,,,,,,,,false,killed before finishing
starexec,SWW279+1.p,e1a,weight-greedy,KILLED,,0.000,,,,,,,,,,,,,,,,false,killed before finishing
starexec,SWW298+1.p,e1a,age-fair,REFUTED,5224,17353.181,40743.136,,,6350,522651,5653,515396,6703,,,,,,,,false,
starexec,SWW298+1.p,e1a,balanced,REFUTED,5224,3378.195,21138.096,,,6336,317486,5670,308782,7615,,,,,,,,false,
starexec,SWW298+1.p,e1a,equational,REFUTED,5224,5941.677,12980.994,,,2081,43718,1943,40847,2621,,,,,,,,false,
starexec,SWW298+1.p,e1a,first-negative,REFUTED,5224,3116.919,790.095,,,21,38,20,20,22,,,,,,,,false,
starexec,SWW298+1.p,e1a,occurrence,REFUTED,5224,16384.619,36193.376,,,8547,380639,7908,362766,6533,,,,,,,,false,
starexec,SWW298+1.p,e1a,subsumption-light,REFUTED,5224,4907.740,8495.991,,,1232,16054,1165,14384,1556,,,,,,,,false,
starexec,SWW298+1.p,e1a,unary-redundancy,REFUTED,5224,15774.118,33792.464,,,5092,210872,4397,203884,6064,,,,,,,,false,
starexec,SWW298+1.p,e1a,weight-greedy,REFUTED,5224,1918.341,1856.775,,,436,6092,414,4570,274,,,,,,,,false,
starexec,SWW350+1.p,e1a,age-fair,KILLED,,0.000,,,,,,,,,,,,,,,,false,killed before finishing
starexec,SWW350+1.p,e1a,balanced,TIMEOUT,5228,2629.058,167900.804,,,27410,6294639,25057,6248237,,,,,,,,,false,
starexec,SWW350+1.p,e1a,first-negative,KILLED,,0.000,,,,,,,,,,,,,,,,false,killed before finishing
starexec,SWW350+1.p,e1a,occurrence,KILLED,,0.000,,,,,,,,,,,,,,,,false,killed before finishing
starexec,SWW350+1.p,e1a,subsumption-light,KILLED,,0.000,,,,,,,,,,,,,,,,false,killed before finishing
starexec,SWW350+1.p,e1a,unary-redundancy,KILLED,,0.000,,,,,,,,,,,,,,,,false,killed before finishing
starexec,SWW350+1.p,e1a,weight-greedy,REFUTED,5228,1878.135,1101.971,,,135,436,133,254,192,,,,,,,,false,
starexec,SWW374+1.p,e1a,age-fair,KILLED,,0.000,,,,,,,,,,,,,,,,false,killed before finishing
starexec,SWW374+1.p,e1a,balanced,TIMEOUT,5248,2218.292,168006.810,,,20347,5067535,19244,5036181,,,,,,,,,false,
starexec,SWW374+1.p,e1a,first-negative,KILLED,,0.000,,,,,,,,,,,,,,,,false,killed before finishing
starexec,SWW374+1.p,e1a,occurrence,KILLED,,0.000,,,,,,,,,,,,,,,,false,killed before finishing
starexec,SWW374+1.p,e1a,unary-redundancy,KILLED,,0.000,,,,,,,,,,,,,,,,false,killed before finishing
starexec,SWW374+1.p,e1a,weight-greedy,KILLED,,0.000,,,,,,,,,,,,,,,,false,killed before finishing
starexec,SWW394+1.p,e1a,age-fair,REFUTED,5223,17216.645,40239.166,,,6284,518620,5664,511413,6720,,,,,,,,false,
starexec,SWW394+1.p,e1a,balanced,REFUTED,5223,3831.233,18679.467,,,5931,326082,5550,317246,7606,,,,,,,,false,
starexec,SWW394+1.p,e1a,equational,REFUTED,5223,6419.577,18176.851,,,2676,90264,2538,86128,3432,,,,,,,,false,
starexec,SWW394+1.p,e1a,first-negative,REFUTED,5223,4155.187,3582.815,,,286,4603,267,4097,135,,,,,,,,false,
starexec,SWW394+1.p,e1a,occurrence,REFUTED,5223,17782.241,32514.200,,,6901,319844,6397,301407,6563,,,,,,,,false,
starexec,SWW394+1.p,e1a,subsumption-light,REFUTED,5223,5131.400,9313.965,,,1190,24726,1113,22878,1557,,,,,,,,false,
starexec,SWW394+1.p,e1a,unary-redundancy,REFUTED,5223,16508.068,30810.984,,,4526,205994,4019,198996,6066,,,,,,,,false,
starexec,SWW394+1.p,e1a,weight-greedy,REFUTED,5223,3800.054,139871.448,,,13760,3234071,12440,3073436,571,,,,,,,,false,
starexec,SWW470+5.p,e1a,age-fair,REFUTED,162,2746.752,151979.620,,,3708,943269,3004,938248,235,,,,,,,,false,
starexec,SWW470+5.p,e1a,balanced,REFUTED,162,771.927,108874.384,,,5842,1376675,5133,1363575,240,,,,,,,,false,
starexec,SWW470+5.p,e1a,equational,TIMEOUT,162,1371.512,167348.301,,,5883,1603700,4940,1591398,,,,,,,,,false,
starexec,SWW470+5.p,e1a,first-negative,KILLED,,0.000,,,,,,,,,,,,,,,,false,killed before finishing
starexec,SWW470+5.p,e1a,occurrence,REFUTED,162,2597.710,51705.734,,,3192,699137,3001,677505,235,,,,,,,,false,
starexec,SWW470+5.p,e1a,subsumption-light,REFUTED,162,1546.264,161969.075,,,5797,1371838,5080,1358762,240,,,,,,,,false,
starexec,SWW470+5.p,e1a,unary-redundancy,KILLED,,0.000,,,,,,,,,,,,,,,,false,killed before finishing
starexec,SWW470+5.p,e1a,weight-greedy,REFUTED,162,1661.514,125436.306,,,9048,4134302,8245,3961986,240,,,,,,,,false,
starexec,SWW473+2.p,e1a,age-fair,REFUTED,916,4807.113,34086.589,,,7683,677219,7258,666850,1356,,,,,,,,false,
starexec,SWW473+2.p,e1a,balanced,REFUTED,916,731.069,2337.446,,,1343,10065,1276,7980,1396,,,,,,,,false,
starexec,SWW473+2.p,e1a,equational,REFUTED,916,1552.129,2633.597,,,887,6149,851,4784,920,,,,,,,,false,
starexec,SWW473+2.p,e1a,first-negative,REFUTED,916,1481.676,2870.290,,,679,14005,667,12551,117,,,,,,,,false,
starexec,SWW473+2.p,e1a,occurrence,REFUTED,916,3016.760,7116.690,,,1851,14386,1811,10463,1250,,,,,,,,false,
starexec,SWW473+2.p,e1a,subsumption-light,REFUTED,916,1231.978,1485.432,,,315,1117,301,646,369,,,,,,,,false,
starexec,SWW473+2.p,e1a,unary-redundancy,REFUTED,916,2695.551,3138.891,,,920,6436,885,5027,955,,,,,,,,false,
starexec,SWW473+2.p,e1a,weight-greedy,REFUTED,916,1106.698,1899.323,,,348,3716,334,2133,246,,,,,,,,false,
starexec,SWW473+6.p,e1a,age-fair,KILLED,,0.000,,,,,,,,,,,,,,,,false,killed before finishing
starexec,SWW473+6.p,e1a,balanced,REFUTED,608,1404.776,6003.989,,,1357,35321,1250,33085,845,,,,,,,,false,
starexec,SWW473+6.p,e1a,equational,REFUTED,608,2484.667,5995.357,,,685,12044,623,11016,603,,,,,,,,false,
starexec,SWW473+6.p,e1a,first-negative,TIMEOUT,608,1932.960,166811.796,,,7331,2458363,6549,2438481,,,,,,,,,false,
starexec,SWW473+6.p,e1a,occurrence,REFUTED,608,4091.554,8489.945,,,956,18837,787,16329,613,,,,,,,,false,
starexec,SWW473+6.p,e1a,subsumption-light,REFUTED,608,2335.384,106929.161,,,6184,1254059,5669,1238481,514,,,,,,,,false,
starexec,SWW473+6.p,e1a,unary-redundancy,REFUTED,608,4221.449,6470.129,,,557,10018,490,9122,526,,,,,,,,false,
starexec,SWW473+6.p,e1a,weight-greedy,REFUTED,608,2156.437,9259.642,,,1254,35593,1199,30645,350,,,,,,,,false,
starexec,SWW474+3.p,e1a,age-fair,KILLED,,0.000,,,,,,,,,,,,,,,,false,killed before finishing
starexec,SWW474+3.p,e1a,balanced,TIMEOUT,1440,1677.995,167541.734,,,26222,6587922,24512,6526852,,,,,,,,,false,
starexec,SWW474+3.p,e1a,equational,KILLED,,0.000,,,,,,,,,,,,,,,,false,killed before finishing
starexec,SWW474+3.p,e1a,first-negative,KILLED,,0.000,,,,,,,,,,,,,,,,false,killed before finishing
starexec,SWW474+3.p,e1a,occurrence,KILLED,,0.000,,,,,,,,,,,,,,,,false,killed before finishing
starexec,SWW474+3.p,e1a,subsumption-light,REFUTED,1440,3038.068,55897.964,,,7381,984944,6629,967324,1164,,,,,,,,false,
starexec,SWW474+3.p,e1a,weight-greedy,KILLED,,0.000,,,,,,,,,,,,,,,,false,killed before finishing
starexec,SWW937+1.p,e1a,age-fair,TIMEOUT,28,1505.423,166877.911,,,5428,4331568,5395,4322581,,,,,,,,,false,
starexec,SWW937+1.p,e1a,balanced,TIMEOUT,28,476.835,166584.455,,,10682,10929505,10509,10899203,,,,,,,,,false,
starexec,SWW937+1.p,e1a,equational,TIMEOUT,28,882.718,167296.827,,,7841,5879003,7790,5857735,,,,,,,,,false,
starexec,SWW937+1.p,e1a,first-negative,TIMEOUT,28,1636.567,167017.700,,,3907,3602632,3850,3595246,,,,,,,,,false,
starexec,SWW937+1.p,e1a,occurrence,TIMEOUT,28,1461.648,167702.318,,,10102,5133961,9274,5080309,,,,,,,,,false,
starexec,SWW937+1.p,e1a,subsumption-light,TIMEOUT,28,905.691,167297.052,,,5733,2443309,5720,2428003,,,,,,,,,false,
starexec,SWW937+1.p,e1a,unary-redundancy,KILLED,,0.000,,,,,,,,,,,,,,,,false,killed before finishing
starexec,SWW937+1.p,e1a,weight-greedy,TIMEOUT,28,849.153,169563.140,,,33652,3828413,33251,3738626,,,,,,,,,false,
starexec,SWW961+1.p,e1a,age-fair,REFUTED,176,1207.796,1497.071,,,197,273,186,177,177,,,,,,,,false,
starexec,SWW961+1.p,e1a,balanced,REFUTED,176,294.006,769.761,,,193,242,185,177,177,,,,,,,,false,
starexec,SWW961+1.p,e1a,equational,REFUTED,176,663.394,1400.652,,,198,272,190,177,177,,,,,,,,false,
starexec,SWW961+1.p,e1a,first-negative,REFUTED,176,1381.991,4216.206,,,550,38435,508,37755,177,,,,,,,,false,
starexec,SWW961+1.p,e1a,occurrence,REFUTED,176,1120.429,1425.893,,,185,219,181,177,177,,,,,,,,false,
starexec,SWW961+1.p,e1a,subsumption-light,REFUTED,176,667.168,1590.054,,,192,257,185,177,177,,,,,,,,false,
starexec,SWW961+1.p,e1a,unary-redundancy,REFUTED,176,1174.830,1523.560,,,193,239,185,177,177,,,,,,,,false,
starexec,SWW961+1.p,e1a,weight-greedy,REFUTED,176,441.174,891.066,,,184,219,181,177,177,,,,,,,,false,
starexec,SWX051+1.p,e1a,age-fair,TIMEOUT,292,3125.992,167358.025,,,15602,3209002,14491,3189095,,,,,,,,,false,
starexec,SWX051+1.p,e1a,balanced,TIMEOUT,292,853.605,168474.127,,,36441,9456626,33138,9367990,,,,,,,,,false,
starexec,SWX051+1.p,e1a,equational,TIMEOUT,292,1653.052,167236.198,,,31141,5781635,27786,5708242,,,,,,,,,false,
starexec,SWX051+1.p,e1a,occurrence,HARD_TIMEOUT,292,0.000,,,,,,,,,,,,,,,,false,
starexec,SWX051+1.p,e1a,subsumption-light,TIMEOUT,292,1750.950,167678.255,,,21617,3521057,19675,3471045,,,,,,,,,false,
starexec,SWX051+1.p,e1a,unary-redundancy,TIMEOUT,292,3129.969,167470.322,,,20874,2631077,16626,2584475,,,,,,,,,false,
starexec,SWX051+1.p,e1a,weight-greedy,TIMEOUT,292,1833.258,167302.171,,,44212,4105947,36184,3863882,,,,,,,,,false,
starexec,SWX185+1.p,e1a,age-fair,TIMEOUT,40,665.776,166678.791,,,1576,3923247,1521,3920469,,,,,,,,,false,
starexec,SWX185+1.p,e1a,balanced,TIMEOUT,40,200.308,166550.930,,,3306,8635046,3258,8628446,,,,,,,,,false,
starexec,SWX185+1.p,e1a,equational,TIMEOUT,40,400.084,166790.625,,,1845,4638604,1795,4633140,,,,,,,,,false,
starexec,SWX185+1.p,e1a,first-negative,TIMEOUT,40,737.115,166659.627,,,2371,3110950,2234,3101476,,,,,,,,,false,
starexec,SWX185+1.p,e1a,occurrence,TIMEOUT,40,660.456,166559.496,,,5015,5093110,4090,5062598,,,,,,,,,false,
starexec,SWX185+1.p,e1a,subsumption-light,TIMEOUT,40,435.809,166551.563,,,2108,3321838,2008,3317648,,,,,,,,,false,
starexec,SWX185+1.p,e1a,unary-redundancy,TIMEOUT,40,617.248,166734.305,,,2120,2051862,2057,2047084,,,,,,,,,false,
starexec,SWX185+1.p,e1a,weight-greedy,REFUTED,40,428.648,4839.361,,,632,31044,497,22457,41,,,,,,,,false,
starexec,SWX187+1.p,e1a,age-fair,REFUTED,16,581.352,13275.603,,,1247,34853,1200,31006,18,,,,,,,,false,
starexec,SWX187+1.p,e1a,balanced,REFUTED,16,157.498,9211.923,,,2408,42255,2354,34848,18,,,,,,,,false,
starexec,SWX187+1.p,e1a,equational,REFUTED,16,347.772,18618.574,,,2631,47943,2575,39707,18,,,,,,,,false,
starexec,SWX187+1.p,e1a,first-negative,REFUTED,16,578.630,2727.690,,,168,1168,147,741,18,,,,,,,,false,
starexec,SWX187+1.p,e1a,occurrence,REFUTED,16,567.165,9922.491,,,1691,14236,1578,8908,18,,,,,,,,false,
starexec,SWX187+1.p,e1a,subsumption-light,REFUTED,16,360.949,22782.001,,,2508,58390,2443,51025,18,,,,,,,,false,
starexec,SWX187+1.p,e1a,unary-redundancy,REFUTED,16,556.049,12944.695,,,1413,25513,1348,21388,18,,,,,,,,false,
starexec,SWX187+1.p,e1a,weight-greedy,TIMEOUT,16,377.000,166464.445,,,13528,3526471,7577,3207425,,,,,,,,,false,
starexec,SWX189+1.p,e1a,age-fair,TIMEOUT,53,821.184,166825.499,,,3127,2659826,2976,2653733,,,,,,,,,false,
starexec,SWX189+1.p,e1a,balanced,TIMEOUT,53,228.267,166475.585,,,6532,4714011,6391,4695583,,,,,,,,,false,
starexec,SWX189+1.p,e1a,equational,TIMEOUT,53,509.310,166808.090,,,5644,3038478,5048,3021086,,,,,,,,,false,
starexec,SWX189+1.p,e1a,first-negative,TIMEOUT,53,941.855,169016.229,,,8457,4075722,6418,4055952,,,,,,,,,false,
starexec,SWX189+1.p,e1a,occurrence,TIMEOUT,53,912.110,166559.255,,,11247,2317825,10967,2262508,,,,,,,,,false,
starexec,SWX189+1.p,e1a,subsumption-light,TIMEOUT,53,490.086,166739.276,,,4829,1701579,4504,1688363,,,,,,,,,false,
starexec,SWX189+1.p,e1a,unary-redundancy,TIMEOUT,53,836.591,166792.063,,,6199,2559344,5264,2545275,,,,,,,,,false,
starexec,SWX189+1.p,e1a,weight-greedy,TIMEOUT,53,502.188,166770.791,,,16216,1264548,15505,1174480,,,,,,,,,false,
starexec,SWX194+1.p,e1a,age-fair,TIMEOUT,71,560.804,166397.411,,,2661,5518876,2520,5514957,,,,,,,,,false,
starexec,SWX194+1.p,e1a,balanced,TIMEOUT,71,262.576,166563.497,,,6035,6550284,5913,6538762,,,,,,,,,false,
starexec,SWX194+1.p,e1a,equational,TIMEOUT,71,300.923,166401.183,,,5845,6671707,5645,6662323,,,,,,,,,false,
starexec,SWX194+1.p,e1a,first-negative,TIMEOUT,71,609.268,166443.623,,,5132,8094185,5039,8083393,,,,,,,,,false,
starexec,SWX194+1.p,e1a,occurrence,TIMEOUT,71,581.614,166370.793,,,6204,6507584,5515,6486249,,,,,,,,,false,
starexec,SWX194+1.p,e1a,subsumption-light,TIMEOUT,71,316.168,166443.465,,,6214,6714216,6091,6702204,,,,,,,,,false,
starexec,SWX194+1.p,e1a,unary-redundancy,TIMEOUT,71,537.806,166405.596,,,6458,6411721,5800,6398617,,,,,,,,,false,
starexec,SWX194+1.p,e1a,weight-greedy,TIMEOUT,71,307.713,166407.323,,,6306,7253987,6022,7210669,,,,,,,,,false,
starexec,SWX197+1.p,e1a,age-fair,TIMEOUT,73,1022.933,166733.879,,,3444,3777696,3131,3771759,,,,,,,,,false,
starexec,SWX197+1.p,e1a,balanced,TIMEOUT,73,263.567,166386.204,,,5435,6121927,4886,6105267,,,,,,,,,false,
starexec,SWX197+1.p,e1a,equational,TIMEOUT,73,602.111,166738.985,,,4029,3641049,3765,3630141,,,,,,,,,false,
starexec,SWX197+1.p,e1a,first-negative,TIMEOUT,73,1121.822,166748.036,,,3427,4735461,3363,4726221,,,,,,,,,false,
starexec,SWX197+1.p,e1a,occurrence,TIMEOUT,73,1019.792,166596.398,,,5333,3881443,4859,3854466,,,,,,,,,false,
starexec,SWX197+1.p,e1a,subsumption-light,TIMEOUT,73,577.362,166660.669,,,3882,3276550,3622,3266276,,,,,,,,,false,
starexec,SWX197+1.p,e1a,unary-redundancy,TIMEOUT,73,1014.639,166658.347,,,3708,3447163,3476,3437341,,,,,,,,,false,
starexec,SWX197+1.p,e1a,weight-greedy,TIMEOUT,73,584.264,166691.492,,,5442,3327270,5059,3280290,,,,,,,,,false,
starexec,SWX199+1.p,e1a,age-fair,REFUTED,12,541.753,39238.204,,,1078,575457,586,572108,14,,,,,,,,false,
starexec,SWX199+1.p,e1a,balanced,REFUTED,12,162.944,3763.637,,,127,38581,110,37828,14,,,,,,,,false,
starexec,SWX199+1.p,e1a,equational,REFUTED,12,351.992,6867.550,,,129,39222,109,38459,14,,,,,,,,false,
starexec,SWX199+1.p,e1a,first-negative,REFUTED,12,554.257,3710.794,,,102,8059,87,7236,14,,,,,,,,false,
starexec,SWX199+1.p,e1a,occurrence,REFUTED,12,549.606,46355.302,,,782,934414,553,928350,14,,,,,,,,false,
starexec,SWX199+1.p,e1a,subsumption-light,REFUTED,12,354.069,8948.450,,,171,44221,136,43519,14,,,,,,,,false,
starexec,SWX199+1.p,e1a,unary-redundancy,TIMEOUT,12,513.973,166547.125,,,964,2395121,751,2391451,,,,,,,,,false,
starexec,SWX199+1.p,e1a,weight-greedy,REFUTED,12,347.641,1558.282,,,75,969,65,761,14,,,,,,,,false,
starexec,SWX200+1.p,e1a,age-fair,REFUTED,15,572.009,724.756,,,26,41,19,19,19,,,,,,,,false,
starexec,SWX200+1.p,e1a,balanced,REFUTED,15,179.160,402.159,,,16,23,14,19,19,,,,,,,,false,
starexec,SWX200+1.p,e1a,equational,REFUTED,15,339.213,748.523,,,16,23,14,19,19,,,,,,,,false,
starexec,SWX200+1.p,e1a,first-negative,REFUTED,15,624.832,717.874,,,23,33,19,19,19,,,,,,,,false,
starexec,SWX200+1.p,e1a,occurrence,REFUTED,15,576.012,621.466,,,18,25,14,19,19,,,,,,,,false,
starexec,SWX200+1.p,e1a,subsumption-light,REFUTED,15,344.151,704.270,,,16,23,14,19,19,,,,,,,,false,
starexec,SWX200+1.p,e1a,unary-redundancy,REFUTED,15,578.483,643.494,,,16,23,14,19,19,,,,,,,,false,
starexec,SWX200+1.p,e1a,weight-greedy,REFUTED,15,329.910,663.501,,,16,20,12,19,19,,,,,,,,false,
starexec,SWX201+1.p,e1a,age-fair,TIMEOUT,28,656.232,167778.065,,,3337,4116985,3200,4108651,,,,,,,,,false,
starexec,SWX201+1.p,e1a,balanced,TIMEOUT,28,183.013,166521.603,,,2441,4823130,2346,4818438,,,,,,,,,false,
starexec,SWX201+1.p,e1a,equational,TIMEOUT,28,417.197,167016.220,,,2199,3067856,2109,3063726,,,,,,,,,false,
starexec,SWX201+1.p,e1a,first-negative,TIMEOUT,28,750.905,166512.242,,,2426,2244158,2339,2238142,,,,,,,,,false,
starexec,SWX201+1.p,e1a,occurrence,TIMEOUT,28,670.286,167707.054,,,3174,3349197,2830,3335643,,,,,,,,,false,
starexec,SWX201+1.p,e1a,subsumption-light,TIMEOUT,28,428.681,167416.545,,,1095,778419,1053,776171,,,,,,,,,false,
starexec,SWX201+1.p,e1a,unary-redundancy,TIMEOUT,28,648.718,167607.807,,,495,199482,480,198584,,,,,,,,,false,
starexec,SWX201+1.p,e1a,weight-greedy,TIMEOUT,28,454.006,166605.178,,,4460,3562092,3999,3531201,,,,,,,,,false,
starexec,SWX202+1.p,e1a,age-fair,TIMEOUT,28,688.533,167668.031,,,2943,3157186,2767,3151971,,,,,,,,,false,
starexec,SWX202+1.p,e1a,balanced,TIMEOUT,28,209.141,166300.717,,,2182,2805215,2100,2800809,,,,,,,,,false,
starexec,SWX202+1.p,e1a,equational,TIMEOUT,28,457.480,166835.026,,,1770,1590930,1697,1587360,,,,,,,,,false,
starexec,SWX202+1.p,e1a,first-negative,TIMEOUT,28,752.841,166827.124,,,2294,1518790,2250,1513244,,,,,,,,,false,
starexec,SWX202+1.p,e1a,occurrence,TIMEOUT,28,672.890,166574.803,,,3481,2040875,3242,2023979,,,,,,,,,false,
starexec,SWX202+1.p,e1a,subsumption-light,TIMEOUT,28,443.879,170422.702,,,1017,485724,997,483742,,,,,,,,,false,
starexec,SWX202+1.p,e1a,unary-redundancy,TIMEOUT,28,703.905,167195.438,,,742,168714,730,167374,,,,,,,,,false,
starexec,SWX202+1.p,e1a,weight-greedy,TIMEOUT,28,424.372,166562.927,,,6068,327719,6039,309235,,,,,,,,,false,
starexec,SWX203+1.p,e1a,age-fair,REFUTED,21,572.901,20007.216,,,6752,93956,5013,74433,29,,,,,,,,false,
starexec,SWX203+1.p,e1a,balanced,REFUTED,21,178.152,3486.825,,,1383,19484,934,14216,29,,,,,,,,false,
starexec,SWX203+1.p,e1a,equational,REFUTED,21,360.141,6172.364,,,1158,19605,768,14301,29,,,,,,,,false,
starexec,SWX203+1.p,e1a,first-negative,REFUTED,21,622.122,1794.687,,,137,1508,119,1265,29,,,,,,,,false,
starexec,SWX203+1.p,e1a,occurrence,REFUTED,21,666.534,6047.173,,,1166,21816,998,18122,29,,,,,,,,false,
starexec,SWX203+1.p,e1a,subsumption-light,REFUTED,21,395.105,6877.103,,,1060,14961,787,10583,29,,,,,,,,false,
starexec,SWX203+1.p,e1a,unary-redundancy,REFUTED,21,615.914,8514.077,,,1289,21934,1137,17281,29,,,,,,,,false,
starexec,SWX203+1.p,e1a,weight-greedy,REFUTED,21,396.063,2429.748,,,138,2818,102,2087,29,,,,,,,,false,
starexec,SWX209+1.p,e1a,age-fair,TIMEOUT,49,875.798,166648.767,,,3219,2984859,3101,2978895,,,,,,,,,false,
starexec,SWX209+1.p,e1a,balanced,TIMEOUT,49,227.081,166629.165,,,4914,5508572,4472,5490424,,,,,,,,,false,
starexec,SWX209+1.p,e1a,equational,TIMEOUT,49,503.573,166905.572,,,4913,3094722,4358,3081750,,,,,,,,,false,
starexec,SWX209+1.p,e1a,first-negative,TIMEOUT,49,933.091,167038.761,,,6264,4814785,5645,4801691,,,,,,,,,false,
starexec,SWX209+1.p,e1a,occurrence,TIMEOUT,49,877.334,167025.836,,,6338,3544624,4867,3485657,,,,,,,,,false,
starexec,SWX209+1.p,e1a,subsumption-light,TIMEOUT,49,487.828,167100.586,,,3390,2109379,3153,2097689,,,,,,,,,false,
starexec,SWX209+1.p,e1a,unary-redundancy,TIMEOUT,49,846.428,167248.168,,,2527,1282399,2327,1273675,,,,,,,,,false,
starexec,SWX209+1.p,e1a,weight-greedy,TIMEOUT,49,499.307,166642.694,,,25609,4273342,22278,4157383,,,,,,,,,false,
starexec,SWX210+1.p,e1a,age-fair,TIMEOUT,49,480.184,168148.633,,,3347,4899427,3278,4893108,,,,,,,,,false,
starexec,SWX210+1.p,e1a,balanced,TIMEOUT,49,222.429,166533.306,,,4611,5512339,4218,5495959,,,,,,,,,false,
starexec,SWX210+1.p,e1a,equational,TIMEOUT,49,285.789,166347.173,,,4626,5498090,4097,5484528,,,,,,,,,false,
starexec,SWX210+1.p,e1a,first-negative,TIMEOUT,49,536.180,166344.609,,,8650,8690990,7920,8671792,,,,,,,,,false,
starexec,SWX210+1.p,e1a,occurrence,TIMEOUT,49,480.232,166463.547,,,10597,6225296,7140,6155449,,,,,,,,,false,
starexec,SWX210+1.p,e1a,subsumption-light,TIMEOUT,49,293.140,166353.600,,,3587,2405273,3324,2394315,,,,,,,,,false,
starexec,SWX210+1.p,e1a,unary-redundancy,TIMEOUT,49,506.433,166983.212,,,3179,2250679,3004,2240065,,,,,,,,,false,
starexec,SWX210+1.p,e1a,weight-greedy,REFUTED,49,284.469,79586.897,,,22216,1861959,19786,1763028,56,,,,,,,,false,
starexec,SWX211+1.p,e1a,age-fair,HARD_TIMEOUT,49,0.000,,,,,,,,,,,,,,,,false,
starexec,SWX211+1.p,e1a,balanced,TIMEOUT,49,231.589,166362.985,,,4853,5730936,4185,5713050,,,,,,,,,false,
starexec,SWX211+1.p,e1a,equational,TIMEOUT,49,519.776,166800.565,,,4246,3397392,4013,3384324,,,,,,,,,false,
starexec,SWX211+1.p,e1a,first-negative,TIMEOUT,49,942.904,166611.262,,,10971,6766093,10145,6746946,,,,,,,,,false,
starexec,SWX211+1.p,e1a,occurrence,TIMEOUT,49,867.407,166599.260,,,6883,3596471,6034,3547469,,,,,,,,,false,
starexec,SWX211+1.p,e1a,subsumption-light,TIMEOUT,49,524.940,170469.197,,,2650,1341917,2392,1333783,,,,,,,,,false,
starexec,SWX211+1.p,e1a,unary-redundancy,TIMEOUT,49,873.247,166792.795,,,2328,1268387,2149,1260585,,,,,,,,,false,
starexec,SWX211+1.p,e1a,weight-greedy,TIMEOUT,49,528.743,166594.868,,,16948,1588743,16915,1533737,,,,,,,,,false,
starexec,SWX212+1.p,e1a,age-fair,TIMEOUT,49,820.667,167026.879,,,3378,3156816,3328,3151857,,,,,,,,,false,
starexec,SWX212+1.p,e1a,balanced,TIMEOUT,49,222.689,166339.142,,,8789,7772281,8482,7756159,,,,,,,,,false,
starexec,SWX212+1.p,e1a,equational,TIMEOUT,49,490.883,166550.854,,,6253,3529276,6087,3517948,,,,,,,,,false,
starexec,SWX212+1.p,e1a,first-negative,TIMEOUT,49,922.734,166766.952,,,5516,4683598,5340,4672918,,,,,,,,,false,
starexec,SWX212+1.p,e1a,occurrence,TIMEOUT,49,842.170,166624.090,,,11216,4219510,10165,4181426,,,,,,,,,false,
starexec,SWX212+1.p,e1a,subsumption-light,TIMEOUT,49,482.616,166988.591,,,3288,934642,3229,928358,,,,,,,,,false,
starexec,SWX212+1.p,e1a,unary-redundancy,TIMEOUT,49,832.649,166711.679,,,3339,886726,3255,880462,,,,,,,,,false,
starexec,SWX212+1.p,e1a,weight-greedy,TIMEOUT,49,474.790,167236.934,,,22412,3868702,20028,3672044,,,,,,,,,false,
starexec,SWX217+1.p,e1a,age-fair,TIMEOUT,23,590.789,166456.248,,,3099,3108910,2629,3102029,,,,,,,,,false,
starexec,SWX217+1.p,e1a,balanced,TIMEOUT,23,167.287,166314.803,,,7797,5084533,6829,5062603,,,,,,,,,false,
starexec,SWX217+1.p,e1a,equational,TIMEOUT,23,367.951,166689.293,,,5524,3490316,4392,3468510,,,,,,,,,false,
starexec,SWX217+1.p,e1a,first-negative,REFUTED,23,576.938,39188.703,,,1938,569341,1554,564099,25,,,,,,,,false,
starexec,SWX217+1.p,e1a,occurrence,TIMEOUT,23,589.041,166412.470,,,12707,2892079,10051,2839861,,,,,,,,,false,
starexec,SWX217+1.p,e1a,subsumption-light,TIMEOUT,23,337.513,166569.141,,,5369,3118247,4692,3103859,,,,,,,,,false,
starexec,SWX217+1.p,e1a,unary-redundancy,TIMEOUT,23,598.139,166471.825,,,6768,3267651,6049,3250037,,,,,,,,,false,
starexec,SWX217+1.p,e1a,weight-greedy,TIMEOUT,23,342.091,166493.052,,,11940,4651420,11252,4491427,,,,,,,,,false,
starexec,SWX219+1.p,e1a,age-fair,REFUTED,31,702.510,1998.753,,,353,872,341,439,36,,,,,,,,false,
starexec,SWX219+1.p,e1a,balanced,REFUTED,31,224.574,13405.128,,,5396,17248,5368,9382,36,,,,,,,,false,
starexec,SWX219+1.p,e1a,equational,REFUTED,31,456.609,24217.770,,,5618,18007,5587,9735,36,,,,,,,,false,
starexec,SWX219+1.p,e1a,first-negative,TIMEOUT,31,822.774,166540.053,,,14573,5186776,14567,5159236,,,,,,,,,false,
starexec,SWX219+1.p,e1a,occurrence,TIMEOUT,31,708.918,166518.844,,,21230,67082,21127,31153,,,,,,,,,false,
starexec,SWX219+1.p,e1a,subsumption-light,REFUTED,31,465.378,16343.230,,,2660,7907,2646,4095,36,,,,,,,,false,
starexec,SWX219+1.p,e1a,unary-redundancy,REFUTED,31,731.118,42573.456,,,5444,17440,5410,9414,36,,,,,,,,false,
starexec,SWX219+1.p,e1a,weight-greedy,TIMEOUT,31,459.409,166528.443,,,36291,162847,36267,115348,,,,,,,,,false,
starexec,SWX220+1.p,e1a,age-fair,REFUTED,31,606.746,1726.545,,,300,717,293,352,36,,,,,,,,false,
starexec,SWX220+1.p,e1a,balanced,REFUTED,31,223.078,6159.894,,,2743,8889,2739,5093,36,,,,,,,,false,
starexec,SWX220+1.p,e1a,equational,REFUTED,31,292.496,7270.162,,,2720,8836,2716,5058,36,,,,,,,,false,
starexec,SWX220+1.p,e1a,first-negative,TIMEOUT,31,474.075,166403.616,,,19021,7199973,19014,7164245,,,,,,,,,false,
starexec,SWX220+1.p,e1a,occurrence,TIMEOUT,31,447.021,166352.709,,,28130,89360,27933,45944,,,,,,,,,false,
starexec,SWX220+1.p,e1a,subsumption-light,REFUTED,31,261.474,4815.446,,,1298,3738,1294,1974,36,,,,,,,,false,
starexec,SWX220+1.p,e1a,unary-redundancy,REFUTED,31,437.106,13379.253,,,2994,9813,2985,5657,36,,,,,,,,false,
starexec,SWX220+1.p,e1a,weight-greedy,TIMEOUT,31,307.936,166347.121,,,43142,389865,43105,323109,,,,,,,,,false,
starexec,SWX221+1.p,e1a,age-fair,REFUTED,35,731.898,2786.973,,,604,1352,594,668,43,,,,,,,,false,
starexec,SWX221+1.p,e1a,balanced,REFUTED,35,202.009,5247.553,,,2564,5662,2549,2768,43,,,,,,,,false,
starexec,SWX221+1.p,e1a,equational,REFUTED,35,445.412,8883.508,,,2516,5576,2502,2728,43,,,,,,,,false,
starexec,SWX221+1.p,e1a,first-negative,TIMEOUT,35,760.507,166864.762,,,15764,4315757,13860,4291913,,,,,,,,,false,
starexec,SWX221+1.p,e1a,occurrence,TIMEOUT,35,742.469,166534.894,,,38497,73454,38191,27862,,,,,,,,,false,
starexec,SWX221+1.p,e1a,subsumption-light,REFUTED,35,443.081,2342.919,,,342,631,337,245,43,,,,,,,,false,
starexec,SWX221+1.p,e1a,unary-redundancy,REFUTED,35,759.269,16051.239,,,2559,5677,2548,2775,43,,,,,,,,false,
starexec,SWX221+1.p,e1a,weight-greedy,TIMEOUT,35,457.441,166561.557,,,42994,180913,42535,112650,,,,,,,,,false,
starexec,SWX222+1.p,e1a,age-fair,REFUTED,35,471.399,704.859,,,92,128,86,43,43,,,,,,,,false,
starexec,SWX222+1.p,e1a,balanced,REFUTED,35,144.310,555.180,,,214,357,207,126,43,,,,,,,,false,
starexec,SWX222+1.p,e1a,equational,REFUTED,35,318.806,1061.649,,,216,361,209,128,43,,,,,,,,false,
starexec,SWX222+1.p,e1a,first-negative,REFUTED,35,792.975,867.020,,,96,286,94,148,43,,,,,,,,false,
starexec,SWX222+1.p,e1a,occurrence,REFUTED,35,524.599,1076.756,,,235,406,234,146,43,,,,,,,,false,
starexec,SWX222+1.p,e1a,subsumption-light,REFUTED,35,292.528,716.694,,,70,104,69,43,43,,,,,,,,false,
starexec,SWX222+1.p,e1a,unary-redundancy,REFUTED,35,507.523,1267.022,,,211,359,203,128,43,,,,,,,,false,
starexec,SWX222+1.p,e1a,weight-greedy,REFUTED,35,474.938,2053.019,,,392,698,389,268,43,,,,,,,,false,
starexec,SWX223+1.p,e1a,age-fair,REFUTED,35,470.437,1689.560,,,544,1120,523,507,43,,,,,,,,false,
starexec,SWX223+1.p,e1a,balanced,REFUTED,35,143.412,762.617,,,362,737,354,337,43,,,,,,,,false,
starexec,SWX223+1.p,e1a,equational,REFUTED,35,297.644,1390.890,,,383,784,375,359,43,,,,,,,,false,
starexec,SWX223+1.p,e1a,first-negative,REFUTED,35,560.862,144888.367,,,18364,830102,16105,799944,43,,,,,,,,false,
starexec,SWX223+1.p,e1a,occurrence,REFUTED,35,499.688,3021.985,,,1247,2580,1241,1178,43,,,,,,,,false,
starexec,SWX223+1.p,e1a,subsumption-light,REFUTED,35,309.992,987.507,,,141,234,134,76,43,,,,,,,,false,
starexec,SWX223+1.p,e1a,unary-redundancy,REFUTED,35,475.525,1575.761,,,302,604,296,272,43,,,,,,,,false,
starexec,SWX223+1.p,e1a,weight-greedy,REFUTED,35,439.940,29973.353,,,8794,100481,7987,87910,43,,,,,,,,false,
starexec,SWX224+1.p,e1a,age-fair,REFUTED,31,787.035,1412.311,,,176,349,170,138,36,,,,,,,,false,
starexec,SWX224+1.p,e1a,balanced,REFUTED,31,131.537,1073.437,,,697,1902,687,1006,36,,,,,,,,false,
starexec,SWX224+1.p,e1a,equational,REFUTED,31,273.339,2212.578,,,846,2646,836,1466,36,,,,,,,,false,
starexec,SWX224+1.p,e1a,first-negative,REFUTED,31,498.744,30768.425,,,6902,1298245,6896,1285172,36,,,,,,,,false,
starexec,SWX224+1.p,e1a,occurrence,REFUTED,31,482.102,5555.953,,,2739,7768,2735,4027,36,,,,,,,,false,
starexec,SWX224+1.p,e1a,subsumption-light,REFUTED,31,281.170,891.632,,,128,234,123,90,36,,,,,,,,false,
starexec,SWX224+1.p,e1a,unary-redundancy,REFUTED,31,471.837,2030.101,,,336,892,334,472,36,,,,,,,,false,
starexec,SWX224+1.p,e1a,weight-greedy,TIMEOUT,31,277.381,166392.063,,,48523,226588,48375,159583,,,,,,,,,false,
starexec,SWX240_1.p,e1a,age-fair,TIMEOUT,56,876.588,166939.459,,,3496,4114983,3419,4108849,,,,,,,,,false,
starexec,SWX240_1.p,e1a,balanced,REFUTED,56,232.446,8388.253,,,1025,112943,952,110677,70,,,,,,,,false,
starexec,SWX240_1.p,e1a,equational,REFUTED,56,518.737,24051.264,,,2076,321835,1979,317721,70,,,,,,,,false,
starexec,SWX240_1.p,e1a,first-negative,TIMEOUT,56,660.869,166422.678,,,15306,6266026,15057,6228354,,,,,,,,,false,
starexec,SWX240_1.p,e1a,occurrence,REFUTED,56,861.022,11212.725,,,1344,66626,1247,62929,70,,,,,,,,false,
starexec,SWX240_1.p,e1a,subsumption-light,REFUTED,56,534.120,48989.548,,,2473,761579,2418,755029,70,,,,,,,,false,
starexec,SWX240_1.p,e1a,unary-redundancy,REFUTED,56,882.643,80890.609,,,2175,316377,2136,312107,70,,,,,,,,false,
starexec,SWX240_1.p,e1a,weight-greedy,REFUTED,56,351.685,100611.250,,,14572,5260851,12121,5185348,70,,,,,,,,false,
starexec,SWX241_1.p,e1a,age-fair,TIMEOUT,64,970.026,166731.504,,,4857,4253838,4724,4243166,,,,,,,,,false,
starexec,SWX241_1.p,e1a,balanced,TIMEOUT,64,249.963,166415.023,,,24869,6735909,22677,6658731,,,,,,,,,false,
starexec,SWX241_1.p,e1a,equational,TIMEOUT,64,534.631,166643.105,,,18139,2811555,16440,2757903,,,,,,,,,false,
starexec,SWX241_1.p,e1a,first-negative,TIMEOUT,64,1088.654,166625.109,,,12736,5013510,12398,4972840,,,,,,,,,false,
starexec,SWX241_1.p,e1a,occurrence,TIMEOUT,64,1005.390,166609.413,,,14659,2711692,11504,2605388,,,,,,,,,false,
starexec,SWX241_1.p,e1a,subsumption-light,REFUTED,64,540.029,18826.112,,,2002,113180,1915,108996,79,,,,,,,,false,
starexec,SWX241_1.p,e1a,unary-redundancy,TIMEOUT,64,1030.431,166613.234,,,14611,1701452,13095,1650806,,,,,,,,,false,
starexec,SWX241_1.p,e1a,weight-greedy,REFUTED,64,529.934,22259.853,,,4254,403812,3389,386087,79,,,,,,,,false,
starexec,SYN076+1.p,e1a,age-fair,TIMEOUT,1,808.588,166894.072,,,1287,2190534,1098,2187703,,,,,,,,,false,
starexec,SYN076+1.p,e1a,balanced,TIMEOUT,1,236.617,166601.719,,,1766,4089840,1605,4083954,,,,,,,,,false,
starexec,SYN076+1.p,e1a,equational,TIMEOUT,1,472.874,166820.567,,,1349,2195889,1203,2191413,,,,,,,,,false,
starexec,SYN076+1.p,e1a,first-negative,TIMEOUT,1,789.379,166715.069,,,1338,428698,1166,394480,,,,,,,,,false,
starexec,SYN076+1.p,e1a,occurrence,TIMEOUT,1,809.728,166555.852,,,1641,2131957,1291,2121475,,,,,,,,,false,
starexec,SYN076+1.p,e1a,subsumption-light,KILLED,,0.000,,,,,,,,,,,,,,,,false,killed before finishing
starexec,SYN076+1.p,e1a,unary-redundancy,TIMEOUT,1,770.775,169523.054,,,106,11044,99,10854,,,,,,,,,false,
starexec,SYN076+1.p,e1a,weight-greedy,TIMEOUT,1,451.432,166723.157,,,2625,347981,2220,331912,,,,,,,,,false,
starexec,SYN077+1.p,e1a,age-fair,REFUTED,1,355.056,689.327,,,86,203,48,71,7,,,,,,,,false,
starexec,SYN077+1.p,e1a,balanced,REFUTED,1,97.590,303.256,,,53,88,36,19,9,,,,,,,,false,
starexec,SYN077+1.p,e1a,equational,REFUTED,1,235.417,595.305,,,52,87,36,20,9,,,,,,,,false,
starexec,SYN077+1.p,e1a,first-negative,REFUTED,1,543.499,1822.427,,,284,1721,191,1161,7,,,,,,,,false,
starexec,SYN077+1.p,e1a,occurrence,REFUTED,1,507.634,730.979,,,45,83,31,23,7,,,,,,,,false,
starexec,SYN077+1.p,e1a,subsumption-light,REFUTED,1,233.128,578.434,,,40,62,32,13,9,,,,,,,,false,
starexec,SYN077+1.p,e1a,unary-redundancy,REFUTED,1,363.224,523.986,,,38,69,31,24,7,,,,,,,,false,
starexec,SYN077+1.p,e1a,weight-greedy,REFUTED,1,346.053,779.194,,,62,119,46,36,9,,,,,,,,false,
starexec,SYN353+1.p,e1a,age-fair,REFUTED,0,938.406,1022.962,,,97,367,44,81,19,,,,,,,,false,
starexec,SYN353+1.p,e1a,balanced,REFUTED,0,210.242,530.001,,,74,282,32,81,21,,,,,,,,false,
starexec,SYN353+1.p,e1a,equational,REFUTED,0,434.078,959.344,,,74,282,32,81,21,,,,,,,,false,
starexec,SYN353+1.p,e1a,first-negative,TIMEOUT,0,1025.864,166530.073,,,10915,6189649,9933,6150479,,,,,,,,,false,
starexec,SYN353+1.p,e1a,occurrence,REFUTED,0,947.164,895.787,,,70,236,37,60,19,,,,,,,,false,
starexec,SYN353+1.p,e1a,subsumption-light,REFUTED,0,435.247,1025.522,,,62,177,26,34,21,,,,,,,,false,
starexec,SYN353+1.p,e1a,unary-redundancy,REFUTED,0,950.047,988.556,,,67,177,32,30,19,,,,,,,,false,
starexec,SYN353+1.p,e1a,weight-greedy,REFUTED,0,449.493,818.614,,,66,211,30,57,21,,,,,,,,false,
starexec,SYN986+1.004.p,e1a,age-fair,EXHAUSTED,2,371.137,963.865,,,0,0,0,0,,,,,,,,,false,StackOverflowError:  at Core$Trail$Applier.apply:975
starexec,SYN986+1.004.p,e1a,balanced,EXHAUSTED,2,131.698,580.548,,,0,0,0,0,,,,,,,,,false,StackOverflowError:  at Core$Trail$Applier.apply:975
starexec,SYN986+1.004.p,e1a,equational,EXHAUSTED,2,287.802,1028.738,,,0,0,0,0,,,,,,,,,false,StackOverflowError:  at Core$Trail$Applier.apply:975
starexec,SYN986+1.004.p,e1a,first-negative,EXHAUSTED,2,377.302,871.991,,,0,0,0,0,,,,,,,,,false,StackOverflowError:  at Core$Trail$Applier.apply:975
starexec,SYN986+1.004.p,e1a,occurrence,EXHAUSTED,2,389.789,971.932,,,0,0,0,0,,,,,,,,,false,StackOverflowError:  at Core$Trail$Applier.apply:975
starexec,SYN986+1.004.p,e1a,subsumption-light,EXHAUSTED,2,275.468,1274.600,,,0,0,0,0,,,,,,,,,false,StackOverflowError:  at Core$Trail$Applier.apply:975
starexec,SYN986+1.004.p,e1a,unary-redundancy,EXHAUSTED,2,383.722,1267.886,,,0,0,0,0,,,,,,,,,false,StackOverflowError:  at Core$Trail$Applier.apply:975
starexec,SYN986+1.004.p,e1a,weight-greedy,KILLED,,0.000,,,,,,,,,,,,,,,,false,killed before finishing
starexec,SYO525+1.018.p,e1a,age-fair,TIMEOUT,29,1488.954,166705.860,,,30807,30812,30802,30,,,,,,,,,false,
starexec,SYO525+1.018.p,e1a,balanced,TIMEOUT,29,448.825,166389.586,,,44707,44717,44707,30,,,,,,,,,false,
starexec,SYO525+1.018.p,e1a,equational,TIMEOUT,29,827.994,166748.301,,,35750,35760,35750,30,,,,,,,,,false,
starexec,SYO525+1.018.p,e1a,first-negative,TIMEOUT,29,1650.469,166795.132,,,34152,34162,34152,30,,,,,,,,,false,
starexec,SYO525+1.018.p,e1a,occurrence,TIMEOUT,29,1513.332,166648.479,,,30934,30944,30934,30,,,,,,,,,false,
starexec,SYO525+1.018.p,e1a,subsumption-light,TIMEOUT,29,854.857,166682.411,,,35822,35832,35822,30,,,,,,,,,false,
starexec,SYO525+1.018.p,e1a,unary-redundancy,TIMEOUT,29,1511.173,166699.013,,,35874,35884,35874,30,,,,,,,,,false,
starexec,SYO525+1.018.p,e1a,weight-greedy,TIMEOUT,29,850.728,166820.279,,,30267,30277,30267,30,,,,,,,,,false,
starexec,SYO525+1.021.p,e1a,age-fair,TIMEOUT,29,1497.414,166736.829,,,30890,30891,30884,30,,,,,,,,,false,
starexec,SYO525+1.021.p,e1a,balanced,TIMEOUT,29,253.918,166291.838,,,46365,46372,46365,30,,,,,,,,,false,
starexec,SYO525+1.021.p,e1a,equational,TIMEOUT,29,551.459,166502.043,,,37998,38005,37998,30,,,,,,,,,false,
starexec,SYO525+1.021.p,e1a,first-negative,TIMEOUT,29,1511.463,166808.467,,,35273,35280,35273,30,,,,,,,,,false,
starexec,SYO525+1.021.p,e1a,occurrence,TIMEOUT,29,938.104,166445.659,,,32090,32097,32090,30,,,,,,,,,false,
starexec,SYO525+1.021.p,e1a,subsumption-light,TIMEOUT,29,549.424,166479.304,,,32048,32055,32048,30,,,,,,,,,false,
starexec,SYO525+1.021.p,e1a,unary-redundancy,TIMEOUT,29,924.460,166458.390,,,32033,32040,32033,30,,,,,,,,,false,
starexec,SYO525+1.021.p,e1a,weight-greedy,TIMEOUT,29,555.092,166488.769,,,32071,32078,32071,30,,,,,,,,,false,
starexec,SYO525+1.024.p,e1a,age-fair,TIMEOUT,29,1323.843,166471.092,,,38415,38419,38415,30,,,,,,,,,false,
starexec,SYO525+1.024.p,e1a,balanced,TIMEOUT,29,419.375,166342.998,,,54663,54667,54663,30,,,,,,,,,false,
starexec,SYO525+1.024.p,e1a,equational,TIMEOUT,29,889.517,166487.287,,,44859,44863,44859,30,,,,,,,,,false,
starexec,SYO525+1.024.p,e1a,first-negative,TIMEOUT,29,1430.977,166558.850,,,37377,37381,37377,30,,,,,,,,,false,
starexec,SYO525+1.024.p,e1a,occurrence,TIMEOUT,29,1389.523,166428.519,,,44968,44972,44968,30,,,,,,,,,false,
starexec,SYO525+1.024.p,e1a,subsumption-light,TIMEOUT,29,819.262,166767.218,,,37985,37989,37985,30,,,,,,,,,false,
starexec,SYO525+1.024.p,e1a,unary-redundancy,TIMEOUT,29,1462.038,166525.023,,,45207,45211,45207,30,,,,,,,,,false,
starexec,SYO525+1.024.p,e1a,weight-greedy,TIMEOUT,29,819.228,166706.028,,,36783,36787,36783,30,,,,,,,,,false,
starexec,SYO525+1.027.p,e1a,age-fair,TIMEOUT,29,1476.891,166760.299,,,34836,34837,34836,30,,,,,,,,,false,
starexec,SYO525+1.027.p,e1a,balanced,TIMEOUT,29,400.986,166409.125,,,48639,48640,48639,30,,,,,,,,,false,
starexec,SYO525+1.027.p,e1a,equational,TIMEOUT,29,871.854,166725.127,,,34707,34708,34707,30,,,,,,,,,false,
starexec,SYO525+1.027.p,e1a,first-negative,TIMEOUT,29,1667.083,166848.409,,,38087,38088,38087,30,,,,,,,,,false,
starexec,SYO525+1.027.p,e1a,occurrence,TIMEOUT,29,1524.593,166785.292,,,39259,39260,39259,30,,,,,,,,,false,
starexec,SYO525+1.027.p,e1a,subsumption-light,TIMEOUT,29,842.578,166776.883,,,38969,38970,38969,30,,,,,,,,,false,
starexec,SYO525+1.027.p,e1a,unary-redundancy,TIMEOUT,29,1530.188,166788.610,,,39473,39474,39473,30,,,,,,,,,false,
starexec,SYO525+1.027.p,e1a,weight-greedy,TIMEOUT,29,607.139,166545.950,,,40367,40368,40367,30,,,,,,,,,false,
starexec,SYO525+1.030.p,e1a,age-fair,TIMEOUT,32,1683.372,166698.189,,,29009,29010,29009,33,,,,,,,,,false,
starexec,SYO525+1.030.p,e1a,balanced,TIMEOUT,32,467.272,166443.543,,,43612,43613,43612,33,,,,,,,,,false,
starexec,SYO525+1.030.p,e1a,equational,TIMEOUT,32,973.344,166747.612,,,29524,29525,29524,33,,,,,,,,,false,
starexec,SYO525+1.030.p,e1a,first-negative,TIMEOUT,32,1867.476,166946.876,,,33655,33656,33655,33,,,,,,,,,false,
starexec,SYO525+1.030.p,e1a,occurrence,TIMEOUT,32,1754.437,166869.164,,,29689,29690,29689,33,,,,,,,,,false,
starexec,SYO525+1.030.p,e1a,subsumption-light,TIMEOUT,32,983.054,166844.753,,,35308,35309,35308,33,,,,,,,,,false,
starexec,SYO525+1.030.p,e1a,unary-redundancy,TIMEOUT,32,1787.526,166854.338,,,35454,35455,35454,33,,,,,,,,,false,
starexec,SYO525+1.030.p,e1a,weight-greedy,TIMEOUT,32,988.137,166698.266,,,35492,35493,35492,33,,,,,,,,,false,
starexec,SYO605+1.p,e1a,age-fair,REFUTED,4,907.675,62277.824,,,12073,697296,7051,570853,48,,,,,,,,false,
starexec,SYO605+1.p,e1a,balanced,REFUTED,4,250.392,3312.614,,,2460,22910,1451,13662,48,,,,,,,,false,
starexec,SYO605+1.p,e1a,equational,TIMEOUT,4,513.797,166569.553,,,8602,2580806,6974,2546377,,,,,,,,,false,
starexec,SYO605+1.p,e1a,occurrence,TIMEOUT,4,884.727,166550.929,,,25053,2505274,18167,2326282,,,,,,,,,false,
starexec,SYO605+1.p,e1a,subsumption-light,REFUTED,4,523.804,7792.379,,,1778,12623,1060,7545,48,,,,,,,,false,
starexec,SYO605+1.p,e1a,unary-redundancy,TIMEOUT,4,888.143,166684.915,,,3415,283435,2899,271995,,,,,,,,,false,
starexec,SYO605+1.p,e1a,weight-greedy,TIMEOUT,4,537.514,166551.814,,,30862,550491,22203,435164,,,,,,,,,false,
starexec,TOP020+1.p,e1a,age-fair,TIMEOUT,8,763.432,166466.501,,,39612,252224,39196,210817,,,,,,,,,false,
starexec,TOP020+1.p,e1a,balanced,TIMEOUT,8,232.550,166308.736,,,40429,394221,39456,341506,,,,,,,,,false,
starexec,TOP020+1.p,e1a,equational,TIMEOUT,8,464.084,166909.898,,,32046,338140,31138,293815,,,,,,,,,false,
starexec,TOP020+1.p,e1a,first-negative,TIMEOUT,8,819.501,166506.145,,,14111,4885036,14107,4860226,,,,,,,,,false,
starexec,TOP020+1.p,e1a,occurrence,TIMEOUT,8,734.120,166467.671,,,23182,155600,22827,124145,,,,,,,,,false,
starexec,TOP020+1.p,e1a,subsumption-light,TIMEOUT,8,494.325,166493.016,,,20316,227904,19409,198672,,,,,,,,,false,
starexec,TOP020+1.p,e1a,unary-redundancy,TIMEOUT,8,745.398,166519.571,,,20679,232030,19762,202536,,,,,,,,,false,
starexec,TOP020+1.p,e1a,weight-greedy,TIMEOUT,8,494.413,166505.020,,,9028,5366316,8654,5325687,,,,,,,,,false,
starexec,TOP029+1.p,e1a,age-fair,TIMEOUT,108,1951.870,166909.866,,,33152,701735,31360,614345,,,,,,,,,false,
starexec,TOP029+1.p,e1a,balanced,TIMEOUT,108,529.939,166561.422,,,35282,679286,33982,554670,,,,,,,,,false,
starexec,TOP029+1.p,e1a,equational,TIMEOUT,108,1049.431,166886.761,,,25609,459148,24563,382433,,,,,,,,,false,
starexec,TOP029+1.p,e1a,first-negative,TIMEOUT,108,2127.898,167084.786,,,31923,257282,27020,205672,,,,,,,,,false,
starexec,TOP029+1.p,e1a,occurrence,TIMEOUT,108,1933.142,166964.026,,,19428,674001,17711,576120,,,,,,,,,false,
starexec,TOP029+1.p,e1a,subsumption-light,TIMEOUT,108,1047.684,166964.293,,,21307,309451,20514,271616,,,,,,,,,false,
starexec,TOP029+1.p,e1a,unary-redundancy,TIMEOUT,108,1905.699,167062.686,,,19833,425950,19156,370171,,,,,,,,,false,
starexec,TOP029+1.p,e1a,weight-greedy,REFUTED,108,1058.364,16166.816,,,7497,57244,6912,37059,306,,,,,,,,false,
starexec,TOP046+3.p,e1a,age-fair,KILLED,,0.000,,,,,,,,,,,,,,,,false,killed before finishing
starexec,TOP046+3.p,e1a,balanced,KILLED,,0.000,,,,,,,,,,,,,,,,false,killed before finishing
starexec,TOP046+3.p,e1a,first-negative,KILLED,,0.000,,,,,,,,,,,,,,,,false,killed before finishing
starexec,TOP046+3.p,e1a,occurrence,KILLED,,0.000,,,,,,,,,,,,,,,,false,killed before finishing
starexec,TOP046+3.p,e1a,subsumption-light,KILLED,,0.000,,,,,,,,,,,,,,,,false,killed before finishing
starexec,TOP046+3.p,e1a,unary-redundancy,KILLED,,0.000,,,,,,,,,,,,,,,,false,killed before finishing
starexec,TOP046+3.p,e1a,weight-greedy,KILLED,,0.000,,,,,,,,,,,,,,,,false,killed before finishing
starexec,AGT007+2.p,e1b,age-fair,REFUTED,922,4300.762,18589.846,185.748,5999.388,4843,190165,3694,182325,728,7,3850,1005532,3136,615,923,false,false,
starexec,AGT007+2.p,e1b,balanced,TIMEOUT,922,868.253,166482.572,,,31179,5452423,30941,5417899,1022,13,,,,,,,false,
starexec,AGT007+2.p,e1b,equational,SATURATED,922,1273.625,1067.237,,,680,1310,680,699,653,4,,,,,,,false,
starexec,AGT007+2.p,e1b,first-negative,SATURATED,922,1136.332,402.881,,,96,109,96,109,109,1,,,,,,,false,
starexec,AGT007+2.p,e1b,occurrence,TIMEOUT,922,1724.823,166535.484,,,35055,2689839,34835,2564148,667,4,,,,,,,false,
starexec,AGT007+2.p,e1b,subsumption-light,SATURATED,922,1223.413,1007.408,,,580,1099,580,621,587,2,,,,,,,false,
starexec,AGT007+2.p,e1b,unary-redundancy,SATURATED,922,1546.552,990.111,,,564,1071,564,619,585,2,,,,,,,false,
starexec,AGT007+2.p,e1b,weight-greedy,SATURATED,922,1114.567,783.931,,,446,778,446,460,460,2,,,,,,,false,
starexec,AGT022+1.p,e1b,age-fair,TIMEOUT,555,2402.182,166671.591,,,16982,8527194,13123,8423628,362,7,,,,,,,false,
starexec,AGT022+1.p,e1b,balanced,TIMEOUT,555,920.596,166532.937,,,34818,132456,34703,96236,655,13,,,,,,,false,
starexec,AGT022+1.p,e1b,equational,SATURATED,555,1282.155,6136.701,,,916,39671,878,19927,67,0,,,,,,,false,
starexec,AGT022+1.p,e1b,first-negative,SATURATED,555,1117.064,372.322,,,1,1,1,1,1,0,,,,,,,false,
starexec,AGT022+1.p,e1b,occurrence,SATURATED,555,1938.057,6252.023,,,1088,37336,1087,18614,276,0,,,,,,,false,
starexec,AGT022+1.p,e1b,subsumption-light,SATURATED,555,1373.638,5057.015,,,679,24032,645,7894,59,0,,,,,,,false,
starexec,AGT022+1.p,e1b,unary-redundancy,SATURATED,555,2019.042,6289.194,,,1080,31277,1005,15877,276,0,,,,,,,false,
starexec,AGT022+1.p,e1b,weight-greedy,SATURATED,555,1104.837,309.285,,,1,1,1,1,1,0,,,,,,,false,
starexec,ALG040+1.p,e1b,age-fair,REFUTED,4,1288.147,6910.905,168.831,1056.471,2970,16319,2925,12934,12,2,225,42487,623,398,5,false,false,
starexec,ALG040+1.p,e1b,balanced,REFUTED,4,535.289,1579.539,84.878,528.783,969,7520,962,6386,12,2,219,40643,602,388,5,false,false,
starexec,ALG040+1.p,e1b,equational,REFUTED,4,1076.470,3016.116,153.389,1134.313,969,7520,962,6386,12,2,219,40643,602,388,5,false,false,
starexec,ALG040+1.p,e1b,first-negative,REFUTED,4,902.030,814.389,97.273,543.170,124,848,104,669,12,2,188,33600,561,398,5,false,false,
starexec,ALG040+1.p,e1b,occurrence,REFUTED,4,1196.456,3123.759,169.048,897.928,1070,8310,1054,6973,12,2,225,42487,623,398,5,false,false,
starexec,ALG040+1.p,e1b,subsumption-light,REFUTED,4,779.597,2825.543,112.024,688.903,981,8780,972,7620,12,2,219,40643,602,388,5,false,false,
starexec,ALG040+1.p,e1b,unary-redundancy,REFUTED,4,894.507,2952.126,106.690,615.825,1072,9595,1063,8330,12,2,225,42487,623,398,5,false,false,
starexec,ALG040+1.p,e1b,weight-greedy,REFUTED,4,1150.279,916.962,149.170,1126.908,47,289,37,203,12,2,182,31985,540,388,5,false,false,
starexec,ALG213+1.p,e1b,age-fair,TIMEOUT,4,870.812,166350.622,,,758,4920182,728,4917807,5,5,,,,,,,false,
starexec,ALG213+1.p,e1b,balanced,TIMEOUT,4,448.256,166365.243,,,1098,8542778,1000,8536874,5,5,,,,,,,false,
starexec,ALG213+1.p,e1b,equational,TIMEOUT,4,827.082,166410.953,,,828,4908534,739,4904272,5,5,,,,,,,false,
starexec,ALG213+1.p,e1b,first-negative,TIMEOUT,4,1006.873,166303.170,,,807,4676969,760,4672459,5,5,,,,,,,false,
starexec,ALG213+1.p,e1b,occurrence,TIMEOUT,4,881.278,166481.769,,,841,5137831,804,5126469,5,5,,,,,,,false,
starexec,ALG213+1.p,e1b,subsumption-light,TIMEOUT,4,838.471,166439.943,,,832,4934720,742,4930444,5,5,,,,,,,false,
starexec,ALG213+1.p,e1b,unary-redundancy,TIMEOUT,4,884.853,166349.600,,,836,5044851,789,5040171,5,5,,,,,,,false,
starexec,ALG213+1.p,e1b,weight-greedy,TIMEOUT,4,853.904,166471.033,,,828,4508523,773,4474606,5,5,,,,,,,false,
starexec,BIO006+1.p,e1b,age-fair,PARSE_ERR,,0.000,,,,,,,,,,,,,,,,false,Exception
starexec,BIO006+1.p,e1b,balanced,PARSE_ERR,,0.000,,,,,,,,,,,,,,,,false,Exception
starexec,BIO006+1.p,e1b,equational,PARSE_ERR,,0.000,,,,,,,,,,,,,,,,false,Exception
starexec,BIO006+1.p,e1b,first-negative,PARSE_ERR,,0.000,,,,,,,,,,,,,,,,false,Exception
starexec,BIO006+1.p,e1b,occurrence,PARSE_ERR,,0.000,,,,,,,,,,,,,,,,false,Exception
starexec,BIO006+1.p,e1b,subsumption-light,PARSE_ERR,,0.000,,,,,,,,,,,,,,,,false,Exception
starexec,BIO006+1.p,e1b,unary-redundancy,PARSE_ERR,,0.000,,,,,,,,,,,,,,,,false,Exception
starexec,BIO006+1.p,e1b,weight-greedy,PARSE_ERR,,0.000,,,,,,,,,,,,,,,,false,Exception
starexec,COM008+1.p,e1b,age-fair,TIMEOUT,10,1037.088,166330.919,,,11051,4687452,11019,4675231,15,3,,,,,,,false,
starexec,COM008+1.p,e1b,balanced,TIMEOUT,10,303.449,166110.472,,,17418,12289707,17265,12265525,15,3,,,,,,,false,
starexec,COM008+1.p,e1b,equational,TIMEOUT,10,605.817,167084.668,,,13823,7083448,13685,7063612,15,3,,,,,,,false,
starexec,COM008+1.p,e1b,first-negative,TIMEOUT,10,1066.098,166343.204,,,58868,2887348,53695,2802229,15,3,,,,,,,false,
starexec,COM008+1.p,e1b,occurrence,TIMEOUT,10,1002.349,168242.757,,,12999,8614786,11375,8565261,15,3,,,,,,,false,
starexec,COM008+1.p,e1b,subsumption-light,TIMEOUT,10,568.894,166222.966,,,5153,1332474,5072,1325538,15,3,,,,,,,false,
starexec,COM008+1.p,e1b,unary-redundancy,TIMEOUT,10,1005.726,166532.451,,,4853,1187965,4774,1181417,15,3,,,,,,,false,
starexec,COM008+1.p,e1b,weight-greedy,TIMEOUT,10,855.631,166277.012,,,12152,7194906,10389,7124957,15,3,,,,,,,false,
starexec,COM008+2.p,e1b,age-fair,TIMEOUT,8,998.880,166354.434,,,8799,2765254,8701,2755427,13,3,,,,,,,false,
starexec,COM008+2.p,e1b,balanced,TIMEOUT,8,437.458,166309.853,,,18810,6553872,18188,6522608,13,3,,,,,,,false,
starexec,COM008+2.p,e1b,equational,TIMEOUT,8,823.937,166281.455,,,14458,3555485,13993,3532160,13,3,,,,,,,false,
starexec,COM008+2.p,e1b,first-negative,TIMEOUT,8,1136.936,166367.348,,,28644,8439653,25356,8351122,13,3,,,,,,,false,
starexec,COM008+2.p,e1b,occurrence,TIMEOUT,8,992.072,166388.124,,,19159,6312784,17913,6263155,13,3,,,,,,,false,
starexec,COM008+2.p,e1b,subsumption-light,TIMEOUT,8,902.214,167384.860,,,3822,400553,3718,394203,13,3,,,,,,,false,
starexec,COM008+2.p,e1b,unary-redundancy,TIMEOUT,8,1042.493,166472.445,,,3819,431775,3717,425413,13,3,,,,,,,false,
starexec,COM008+2.p,e1b,weight-greedy,TIMEOUT,8,919.146,166298.313,,,11173,4157880,10031,4102191,13,3,,,,,,,false,
starexec,COM131+1.p,e1b,age-fair,TIMEOUT,59,3933.557,166635.471,,,3411,3202080,3267,3198338,154,95,,,,,,,false,
starexec,COM131+1.p,e1b,balanced,TIMEOUT,59,1675.910,166391.936,,,9533,7032229,9395,7013761,157,95,,,,,,,false,
starexec,COM131+1.p,e1b,equational,TIMEOUT,59,3303.042,166619.377,,,6073,3769933,5975,3758643,157,95,,,,,,,false,
starexec,COM131+1.p,e1b,first-negative,TIMEOUT,59,2970.248,166534.539,,,11737,3954852,11425,3926750,154,95,,,,,,,false,
starexec,COM131+1.p,e1b,subsumption-light,TIMEOUT,59,3293.086,166737.749,,,4394,2333297,4295,2325557,157,95,,,,,,,false,
starexec,COM131+1.p,e1b,unary-redundancy,HARD_TIMEOUT,59,0.000,,,,,,,,,,,,,,,,false,
starexec,COM131+1.p,e1b,weight-greedy,TIMEOUT,59,3251.577,167524.387,,,20667,6473060,19884,6353738,157,95,,,,,,,false,
starexec,COM136+1.p,e1b,age-fair,TIMEOUT,56,4271.198,166637.993,,,2485,2921696,2380,2918908,149,94,,,,,,,false,
starexec,COM136+1.p,e1b,balanced,TIMEOUT,56,1939.319,168729.999,,,5678,6151645,5596,6141339,152,94,,,,,,,false,
starexec,COM136+1.p,e1b,first-negative,KILLED,,0.000,,,,,,,,,,,,,,,,false,killed before finishing
starexec,COM136+1.p,e1b,occurrence,KILLED,,0.000,,,,,,,,,,,,,,,,false,killed before finishing
starexec,COM136+1.p,e1b,subsumption-light,TIMEOUT,56,3603.905,166806.671,,,4540,2612862,4480,2604816,152,94,,,,,,,false,
starexec,COM136+1.p,e1b,weight-greedy,TIMEOUT,56,3585.030,166620.127,,,20155,6192302,19337,6075510,152,94,,,,,,,false,
starexec,COM139+1.p,e1b,age-fair,TIMEOUT,55,3806.961,166596.192,,,2760,3610497,2626,3607254,149,94,,,,,,,false,
starexec,COM139+1.p,e1b,balanced,TIMEOUT,55,1612.126,166313.023,,,7075,8257176,6964,8244142,152,94,,,,,,,false,
starexec,COM139+1.p,e1b,equational,TIMEOUT,55,2073.011,166437.237,,,8408,6571228,8284,6554518,152,94,,,,,,,false,
starexec,COM139+1.p,e1b,first-negative,TIMEOUT,55,3060.281,166453.505,,,12927,5353661,12612,5320913,149,94,,,,,,,false,
starexec,COM139+1.p,e1b,occurrence,TIMEOUT,55,3911.541,166567.072,,,9409,5122873,9317,5070101,149,94,,,,,,,false,
starexec,COM139+1.p,e1b,subsumption-light,TIMEOUT,55,2154.672,166965.054,,,5751,5040104,5418,5029398,152,94,,,,,,,false,
starexec,COM139+1.p,e1b,unary-redundancy,TIMEOUT,55,2575.535,166993.488,,,4789,4948581,4594,4939039,149,94,,,,,,,false,
starexec,COM139+1.p,e1b,weight-greedy,TIMEOUT,55,2161.561,166429.003,,,25180,9497008,24201,9336999,152,94,,,,,,,false,
starexec,CSR005+2.p,e1b,age-fair,TIMEOUT,55,2127.389,166545.062,,,19507,4555428,14013,4503870,109,14,,,,,,,false,
starexec,CSR005+2.p,e1b,balanced,TIMEOUT,55,569.561,166248.195,,,30073,12277381,28401,12164775,120,18,,,,,,,false,
starexec,CSR005+2.p,e1b,equational,TIMEOUT,55,1027.443,166365.959,,,25187,7212842,23145,7117060,120,18,,,,,,,false,
starexec,CSR005+2.p,e1b,first-negative,REFUTED,55,2058.962,147624.672,142.630,3001.856,24502,6499649,17775,6345882,109,14,1287,577595,4047,1081,56,false,false,
starexec,CSR005+2.p,e1b,occurrence,TIMEOUT,55,1283.373,166380.681,,,32161,7342942,29464,7095971,109,14,,,,,,,false,
starexec,CSR005+2.p,e1b,subsumption-light,TIMEOUT,55,1046.705,166401.637,,,11237,1836217,9687,1799159,120,18,,,,,,,false,
starexec,CSR005+2.p,e1b,unary-redundancy,TIMEOUT,55,2029.346,166583.487,,,11621,1725197,9046,1682801,109,14,,,,,,,false,
starexec,CSR005+2.p,e1b,weight-greedy,TIMEOUT,55,1049.564,166330.979,,,30117,12007589,26995,11815356,120,18,,,,,,,false,
starexec,CSR021+1.p,e1b,age-fair,REFUTED,47,3470.547,7932.182,167.598,9712.308,1992,43512,1717,36595,120,17,967,585475,3915,1419,48,false,false,
starexec,CSR021+1.p,e1b,balanced,REFUTED,47,1706.331,1713.203,99.291,4322.472,831,7348,817,5102,137,21,1040,664001,4515,1464,48,false,false,
starexec,CSR021+1.p,e1b,equational,REFUTED,47,2834.625,2239.424,172.741,8563.567,534,2137,528,736,137,21,1040,664001,4515,1464,48,false,false,
starexec,CSR021+1.p,e1b,first-negative,REFUTED,47,3471.810,4503.042,184.791,10493.789,1141,17822,1010,15681,120,17,967,585466,3915,1419,48,false,false,
starexec,CSR021+1.p,e1b,occurrence,REFUTED,47,3176.899,2489.080,136.842,9709.498,627,4417,613,2272,120,17,967,585475,3915,1419,48,false,false,
starexec,CSR021+1.p,e1b,subsumption-light,REFUTED,47,2356.481,25103.774,138.379,6748.769,3836,179650,3729,164604,137,21,1040,664001,4515,1464,48,false,false,
starexec,CSR021+1.p,e1b,unary-redundancy,REFUTED,47,3271.223,13654.593,131.554,8901.403,2063,56182,1932,50119,120,17,967,585475,3915,1419,48,false,false,
starexec,CSR021+1.p,e1b,weight-greedy,REFUTED,47,2869.046,2461.353,168.595,13725.967,752,2655,751,883,137,21,1040,664001,4515,1464,48,false,false,
starexec,CSR022+1.p,e1b,age-fair,REFUTED,47,2972.731,7393.402,138.615,8902.308,1974,43439,1696,36577,120,17,967,585475,3915,1419,48,false,false,
starexec,CSR022+1.p,e1b,balanced,REFUTED,47,1359.146,1381.377,87.623,6374.758,804,6514,789,4356,137,21,1037,662932,4511,1464,48,false,false,
starexec,CSR022+1.p,e1b,equational,REFUTED,47,1898.382,2094.726,114.122,8463.013,866,10557,849,8327,137,21,1036,661850,4505,1464,48,false,false,
starexec,CSR022+1.p,e1b,first-negative,REFUTED,47,2276.643,2208.649,91.306,6236.723,840,10915,757,9499,120,17,967,585466,3915,1419,48,false,false,
starexec,CSR022+1.p,e1b,occurrence,REFUTED,47,2843.306,2039.018,138.163,8329.872,534,3608,520,2231,120,17,966,584438,3909,1419,48,false,false,
starexec,CSR022+1.p,e1b,subsumption-light,REFUTED,47,1778.778,7894.103,116.006,7940.080,1867,67463,1770,61531,137,21,1040,666122,4509,1464,48,false,false,
starexec,CSR022+1.p,e1b,unary-redundancy,REFUTED,47,2195.054,1745.075,97.699,5787.505,608,4599,581,3093,120,17,968,586465,3905,1419,48,false,false,
starexec,CSR022+1.p,e1b,weight-greedy,REFUTED,47,1814.863,1423.881,109.922,8189.619,721,2146,720,761,137,21,1037,662932,4511,1464,48,false,false,
starexec,CSR025+5.p,e1b,age-fair,PARSE_ERR,,0.000,,,,,,,,,,,,,,,,false,Exception
starexec,CSR025+5.p,e1b,balanced,PARSE_ERR,,0.000,,,,,,,,,,,,,,,,false,Exception
starexec,CSR025+5.p,e1b,equational,PARSE_ERR,,0.000,,,,,,,,,,,,,,,,false,Exception
starexec,CSR025+5.p,e1b,first-negative,PARSE_ERR,,0.000,,,,,,,,,,,,,,,,false,Exception
starexec,CSR025+5.p,e1b,occurrence,PARSE_ERR,,0.000,,,,,,,,,,,,,,,,false,Exception
starexec,CSR025+5.p,e1b,subsumption-light,PARSE_ERR,,0.000,,,,,,,,,,,,,,,,false,Exception
starexec,CSR025+5.p,e1b,unary-redundancy,PARSE_ERR,,0.000,,,,,,,,,,,,,,,,false,Exception
starexec,CSR025+5.p,e1b,weight-greedy,PARSE_ERR,,0.000,,,,,,,,,,,,,,,,false,Exception
starexec,CSR030+3.p,e1b,age-fair,REFUTED,8005,7962.442,16540.837,227.448,5307.000,8144,24193,8062,14138,3296,0,23250,662265,41334,89,8006,false,false,
starexec,CSR030+3.p,e1b,balanced,REFUTED,8005,3358.881,61185.839,82.513,3182.810,32375,119254,32036,74216,8007,0,44051,1238418,103763,89,8006,false,false,
starexec,CSR030+3.p,e1b,equational,REFUTED,8005,2510.331,698.319,93.652,809.946,81,142,77,70,70,0,407,11559,1071,59,8006,false,false,
starexec,CSR030+3.p,e1b,first-negative,SATURATED,8005,1645.552,392.397,,,10,12,10,10,10,0,,,,,,,false,
starexec,CSR030+3.p,e1b,occurrence,REFUTED,8005,4633.550,26683.113,140.625,2776.349,13240,44550,13111,17530,2280,0,16157,456557,28347,89,8006,false,false,
starexec,CSR030+3.p,e1b,subsumption-light,REFUTED,8005,1683.737,374.527,53.810,489.803,40,66,39,42,42,0,296,8657,858,59,8006,false,false,
starexec,CSR030+3.p,e1b,unary-redundancy,REFUTED,8005,2944.583,1897.977,79.117,1008.916,1543,4457,1475,2108,556,0,3911,114193,7826,82,8006,false,false,
starexec,CSR030+3.p,e1b,weight-greedy,SATURATED,8005,1462.554,328.991,,,27,37,26,22,22,0,,,,,,,false,
starexec,CSR033+3.p,e1b,age-fair,KILLED,,0.000,,,,,,,,,,,,,,,,false,killed before finishing
starexec,CSR033+3.p,e1b,balanced,TIMEOUT,8005,2795.491,167175.957,,,56844,254783,55731,169814,8007,0,,,,,,,false,
starexec,CSR033+3.p,e1b,equational,REFUTED,8005,2715.175,1189.902,126.989,1156.079,370,670,323,159,151,0,935,29152,2421,59,8006,false,false,
starexec,CSR033+3.p,e1b,first-negative,SATURATED,8005,1653.889,436.683,,,27,37,26,21,21,0,,,,,,,false,
starexec,CSR033+3.p,e1b,occurrence,KILLED,,0.000,,,,,,,,,,,,,,,,false,killed before finishing
starexec,CSR033+3.p,e1b,subsumption-light,REFUTED,8005,2513.096,923.447,107.848,836.186,167,316,145,76,76,0,450,13639,1009,59,8006,false,false,
starexec,CSR033+3.p,e1b,unary-redundancy,REFUTED,8005,4302.525,5307.505,149.413,1734.405,2391,10643,2351,6284,416,0,3190,102679,6895,82,8006,false,false,
starexec,CSR033+3.p,e1b,weight-greedy,SATURATED,8005,2163.246,629.811,,,71,109,63,40,40,0,,,,,,,false,
starexec,CSR036+5.p,e1b,age-fair,PARSE_ERR,,0.000,,,,,,,,,,,,,,,,false,Exception
starexec,CSR036+5.p,e1b,balanced,PARSE_ERR,,0.000,,,,,,,,,,,,,,,,false,Exception
starexec,CSR036+5.p,e1b,equational,PARSE_ERR,,0.000,,,,,,,,,,,,,,,,false,Exception
starexec,CSR036+5.p,e1b,first-negative,PARSE_ERR,,0.000,,,,,,,,,,,,,,,,false,Exception
starexec,CSR036+5.p,e1b,occurrence,PARSE_ERR,,0.000,,,,,,,,,,,,,,,,false,Exception
starexec,CSR036+5.p,e1b,subsumption-light,PARSE_ERR,,0.000,,,,,,,,,,,,,,,,false,Exception
starexec,CSR036+5.p,e1b,unary-redundancy,PARSE_ERR,,0.000,,,,,,,,,,,,,,,,false,Exception
starexec,CSR036+5.p,e1b,weight-greedy,PARSE_ERR,,0.000,,,,,,,,,,,,,,,,false,Exception
starexec,CSR038+4.p,e1b,age-fair,KILLED,,0.000,,,,,,,,,,,,,,,,false,killed before finishing
starexec,CSR038+4.p,e1b,balanced,KILLED,,0.000,,,,,,,,,,,,,,,,false,killed before finishing
starexec,CSR038+4.p,e1b,equational,REFUTED,44216,5721.763,997.192,90.389,1106.858,127,173,120,115,116,0,879,30668,2790,82,44217,false,false,
starexec,CSR038+4.p,e1b,first-negative,SATURATED,44216,4129.168,447.848,,,12,16,12,14,14,0,,,,,,,false,
starexec,CSR038+4.p,e1b,occurrence,KILLED,,0.000,,,,,,,,,,,,,,,,false,killed before finishing
starexec,CSR038+4.p,e1b,subsumption-light,REFUTED,44216,6003.462,884.774,93.436,973.167,88,128,86,73,73,0,531,19043,1666,82,44217,false,false,
starexec,CSR038+4.p,e1b,unary-redundancy,REFUTED,44216,8942.323,7610.601,123.816,1756.556,3204,10303,3100,4560,850,0,5936,196772,11682,82,44217,false,false,
starexec,CSR038+4.p,e1b,weight-greedy,SATURATED,44216,5539.195,666.604,,,32,44,31,28,28,0,,,,,,,false,
starexec,CSR042+3.p,e1b,age-fair,REFUTED,8005,7889.703,7921.347,239.215,4974.501,4683,13743,4664,8708,3302,0,23024,653602,40459,89,8006,false,false,
starexec,CSR042+3.p,e1b,balanced,REFUTED,8005,3870.091,27555.325,172.803,5289.557,18874,51828,18789,27557,8007,0,44041,1238170,103750,89,8006,false,false,
starexec,CSR042+3.p,e1b,equational,REFUTED,8005,1676.285,401.956,53.863,501.721,49,80,49,69,69,0,330,8817,709,59,8006,false,false,
starexec,CSR042+3.p,e1b,first-negative,SATURATED,8005,1638.448,370.786,,,9,9,9,8,8,0,,,,,,,false,
starexec,CSR042+3.p,e1b,occurrence,REFUTED,8005,4490.432,6521.083,130.220,2506.614,5172,9491,5168,2374,2254,0,15811,445067,27415,89,8006,false,false,
starexec,CSR042+3.p,e1b,subsumption-light,REFUTED,8005,1567.940,339.221,56.216,416.626,19,32,19,27,27,0,190,5503,554,59,8006,false,false,
starexec,CSR042+3.p,e1b,unary-redundancy,REFUTED,8005,2740.577,1184.735,72.344,871.805,676,1684,674,768,387,0,3032,93448,6830,82,8006,false,false,
starexec,CSR042+3.p,e1b,weight-greedy,SATURATED,8005,2139.356,465.503,,,19,22,19,18,18,0,,,,,,,false,
starexec,CSR044+3.p,e1b,age-fair,KILLED,,0.000,,,,,,,,,,,,,,,,false,killed before finishing
starexec,CSR044+3.p,e1b,balanced,TIMEOUT,8005,2008.057,166839.085,,,43230,210748,42406,148544,8007,0,,,,,,,false,
starexec,CSR044+3.p,e1b,equational,REFUTED,8005,1926.753,720.982,82.897,765.071,204,338,187,117,117,0,854,30587,2844,89,8006,false,false,
starexec,CSR044+3.p,e1b,first-negative,SATURATED,8005,2558.594,560.012,,,12,15,12,12,12,0,,,,,,,false,
starexec,CSR044+3.p,e1b,occurrence,KILLED,,0.000,,,,,,,,,,,,,,,,false,killed before finishing
starexec,CSR044+3.p,e1b,subsumption-light,REFUTED,8005,1675.574,455.990,78.753,429.332,53,80,47,32,32,0,236,8923,784,82,8006,false,false,
starexec,CSR044+3.p,e1b,unary-redundancy,REFUTED,8005,2827.954,3433.423,87.945,949.546,2392,10850,2366,6423,403,0,3152,108228,7015,82,8006,false,false,
starexec,CSR044+3.p,e1b,weight-greedy,SATURATED,8005,1470.600,425.323,,,38,55,36,24,24,0,,,,,,,false,
starexec,CSR045+3.p,e1b,age-fair,KILLED,,0.000,,,,,,,,,,,,,,,,false,killed before finishing
starexec,CSR045+3.p,e1b,balanced,REFUTED,8005,2459.078,3550.755,106.010,4020.769,6101,11492,6077,8006,8006,0,44056,1004551,103748,89,8006,false,false,
starexec,CSR045+3.p,e1b,equational,SATURATED,8005,1445.162,296.358,,,22,30,22,24,24,0,,,,,,,false,
starexec,CSR045+3.p,e1b,first-negative,SATURATED,8005,1633.952,306.638,,,6,9,6,8,8,0,,,,,,,false,
starexec,CSR045+3.p,e1b,occurrence,REFUTED,8005,4421.929,2824.079,106.148,3051.036,2556,4776,2555,2219,2219,0,15698,354619,27362,89,8006,false,false,
starexec,CSR045+3.p,e1b,subsumption-light,SATURATED,8005,1451.949,388.531,,,22,30,22,24,24,0,,,,,,,false,
starexec,CSR045+3.p,e1b,unary-redundancy,SATURATED,8005,2369.623,40250.581,,,13188,44958,12901,14138,388,0,,,,,,,false,
starexec,CSR045+3.p,e1b,weight-greedy,SATURATED,8005,1452.165,312.435,,,11,15,11,12,12,0,,,,,,,false,
starexec,CSR048+3.p,e1b,age-fair,REFUTED,8005,8441.094,12451.992,247.076,5061.244,6599,18012,6484,9928,3303,0,23030,653749,40466,89,8006,false,false,
starexec,CSR048+3.p,e1b,balanced,REFUTED,8005,3785.482,73017.782,137.415,6063.939,29099,83492,28903,44437,8007,0,44043,1238212,103749,89,8006,false,false,
starexec,CSR048+3.p,e1b,equational,REFUTED,8005,2493.545,683.158,87.321,766.275,74,166,72,73,73,0,344,9179,726,59,8006,false,false,
starexec,CSR048+3.p,e1b,first-negative,REFUTED,8005,1719.139,368.051,56.939,194.385,18,22,17,16,16,0,116,2909,192,48,8006,false,false,
starexec,CSR048+3.p,e1b,occurrence,REFUTED,8005,6897.556,42439.320,191.356,3824.872,12747,39262,12699,13666,2255,0,15817,445214,27419,89,8006,false,false,
starexec,CSR048+3.p,e1b,subsumption-light,REFUTED,8005,1650.749,396.485,65.479,453.359,41,81,39,46,46,0,249,6742,580,59,8006,false,false,
starexec,CSR048+3.p,e1b,unary-redundancy,REFUTED,8005,4425.485,2315.663,136.751,947.339,1033,3097,1028,1481,407,0,3114,94974,6859,82,8006,false,false,
starexec,CSR048+3.p,e1b,weight-greedy,REFUTED,8005,2632.261,569.282,80.903,517.272,30,52,29,31,31,0,181,4833,422,59,8006,false,false,
starexec,CSR050+5.p,e1b,age-fair,PARSE_ERR,,0.000,,,,,,,,,,,,,,,,false,Exception
starexec,CSR050+5.p,e1b,balanced,PARSE_ERR,,0.000,,,,,,,,,,,,,,,,false,Exception
starexec,CSR050+5.p,e1b,equational,PARSE_ERR,,0.000,,,,,,,,,,,,,,,,false,Exception
starexec,CSR050+5.p,e1b,first-negative,PARSE_ERR,,0.000,,,,,,,,,,,,,,,,false,Exception
starexec,CSR050+5.p,e1b,occurrence,PARSE_ERR,,0.000,,,,,,,,,,,,,,,,false,Exception
starexec,CSR050+5.p,e1b,subsumption-light,PARSE_ERR,,0.000,,,,,,,,,,,,,,,,false,Exception
starexec,CSR050+5.p,e1b,unary-redundancy,PARSE_ERR,,0.000,,,,,,,,,,,,,,,,false,Exception
starexec,CSR050+5.p,e1b,weight-greedy,PARSE_ERR,,0.000,,,,,,,,,,,,,,,,false,Exception
starexec,CSR052+3.p,e1b,age-fair,KILLED,,0.000,,,,,,,,,,,,,,,,false,killed before finishing
starexec,CSR052+3.p,e1b,balanced,KILLED,,0.000,,,,,,,,,,,,,,,,false,killed before finishing
starexec,CSR052+3.p,e1b,equational,SATURATED,8005,2645.621,948.535,,,218,269,218,92,92,0,,,,,,,false,
starexec,CSR052+3.p,e1b,first-negative,SATURATED,8005,2624.162,564.309,,,19,24,19,18,18,0,,,,,,,false,
starexec,CSR052+3.p,e1b,occurrence,KILLED,,0.000,,,,,,,,,,,,,,,,false,killed before finishing
starexec,CSR052+3.p,e1b,subsumption-light,SATURATED,8005,2366.817,708.660,,,92,121,92,49,49,0,,,,,,,false,
starexec,CSR052+3.p,e1b,unary-redundancy,REFUTED,8005,2868.504,844.271,82.735,674.821,122,243,122,95,67,0,502,15712,811,59,8006,false,false,
starexec,CSR052+3.p,e1b,weight-greedy,SATURATED,8005,2406.343,634.762,,,48,63,48,33,33,0,,,,,,,false,
starexec,CSR054+3.p,e1b,age-fair,REFUTED,8005,7845.014,4581.880,218.729,5302.646,3072,8440,3051,4879,3229,0,22728,732375,40291,89,8006,false,false,
starexec,CSR054+3.p,e1b,balanced,REFUTED,8005,3922.345,13755.891,197.982,6192.486,11391,33190,11317,19850,8007,0,44037,1438507,103741,89,8006,false,false,
starexec,CSR054+3.p,e1b,equational,REFUTED,8005,2969.875,1044.672,94.747,1293.631,212,405,210,227,227,0,1393,46277,3911,82,8006,false,false,
starexec,CSR054+3.p,e1b,first-negative,SATURATED,8005,1604.326,310.798,,,9,10,9,9,9,0,,,,,,,false,
starexec,CSR054+3.p,e1b,occurrence,REFUTED,8005,6711.628,10325.661,163.798,4202.568,5362,12810,5351,4678,2261,0,15974,510122,27764,89,8006,false,false,
starexec,CSR054+3.p,e1b,subsumption-light,REFUTED,8005,2817.963,737.007,90.485,1088.477,118,145,117,126,126,0,906,30569,2801,82,8006,false,false,
starexec,CSR054+3.p,e1b,unary-redundancy,REFUTED,8005,4292.761,1627.189,101.031,1428.684,584,1673,581,891,527,0,3683,120059,7233,82,8006,false,false,
starexec,CSR054+3.p,e1b,weight-greedy,SATURATED,8005,2291.999,544.610,,,57,61,57,43,43,0,,,,,,,false,
starexec,CSR056+3.p,e1b,age-fair,KILLED,,0.000,,,,,,,,,,,,,,,,false,killed before finishing
starexec,CSR056+3.p,e1b,equational,REFUTED,8005,3053.652,945.702,101.820,1150.818,234,366,225,164,164,0,1085,30284,2654,59,8006,false,false,
starexec,CSR056+3.p,e1b,first-negative,SATURATED,8005,1539.650,300.924,,,10,12,10,10,10,0,,,,,,,false,
starexec,CSR056+3.p,e1b,occurrence,REFUTED,8005,7215.067,40233.265,233.282,4252.039,12525,38906,12478,13630,2260,0,15976,450106,27715,89,8006,false,false,
starexec,CSR056+3.p,e1b,subsumption-light,SATURATED,8005,1475.125,402.635,,,48,63,47,43,43,0,,,,,,,false,
starexec,CSR056+3.p,e1b,unary-redundancy,KILLED,,0.000,,,,,,,,,,,,,,,,false,killed before finishing
starexec,CSR056+3.p,e1b,weight-greedy,SATURATED,8005,2204.577,577.402,,,32,44,31,24,24,0,,,,,,,false,
starexec,CSR058+3.p,e1b,age-fair,KILLED,,0.000,,,,,,,,,,,,,,,,false,killed before finishing
starexec,CSR058+3.p,e1b,balanced,REFUTED,8005,4010.173,13529.668,210.520,6311.948,11404,33177,11331,19857,8007,0,44037,1438501,103742,89,8006,false,false,
starexec,CSR058+3.p,e1b,equational,SATURATED,8005,2684.876,1351.356,,,385,696,382,154,154,0,,,,,,,false,
starexec,CSR058+3.p,e1b,first-negative,SATURATED,8005,1668.432,430.311,,,8,8,8,7,7,0,,,,,,,false,
starexec,CSR058+3.p,e1b,occurrence,KILLED,,0.000,,,,,,,,,,,,,,,,false,killed before finishing
starexec,CSR058+3.p,e1b,subsumption-light,SATURATED,8005,2471.872,976.896,,,152,230,150,76,76,0,,,,,,,false,
starexec,CSR058+3.p,e1b,unary-redundancy,SATURATED,8005,4142.908,75680.847,,,16078,62969,15714,13570,502,0,,,,,,,false,
starexec,CSR058+3.p,e1b,weight-greedy,SATURATED,8005,2361.082,567.450,,,47,67,47,39,39,0,,,,,,,false,
starexec,CSR066+5.p,e1b,age-fair,PARSE_ERR,,0.000,,,,,,,,,,,,,,,,false,Exception
starexec,CSR066+5.p,e1b,balanced,PARSE_ERR,,0.000,,,,,,,,,,,,,,,,false,Exception
starexec,CSR066+5.p,e1b,equational,PARSE_ERR,,0.000,,,,,,,,,,,,,,,,false,Exception
starexec,CSR066+5.p,e1b,first-negative,PARSE_ERR,,0.000,,,,,,,,,,,,,,,,false,Exception
starexec,CSR066+5.p,e1b,occurrence,PARSE_ERR,,0.000,,,,,,,,,,,,,,,,false,Exception
starexec,CSR066+5.p,e1b,subsumption-light,PARSE_ERR,,0.000,,,,,,,,,,,,,,,,false,Exception
starexec,CSR066+5.p,e1b,unary-redundancy,PARSE_ERR,,0.000,,,,,,,,,,,,,,,,false,Exception
starexec,CSR066+5.p,e1b,weight-greedy,PARSE_ERR,,0.000,,,,,,,,,,,,,,,,false,Exception
starexec,CSR067+3.p,e1b,age-fair,REFUTED,8005,6630.979,7448.728,234.529,5896.743,4692,13767,4671,8711,3303,0,23028,653703,40463,89,8006,false,false,
starexec,CSR067+3.p,e1b,balanced,REFUTED,8005,3231.953,26266.540,187.426,3181.962,18860,51800,18775,27557,8007,0,44041,1238170,103750,89,8006,false,false,
starexec,CSR067+3.p,e1b,equational,REFUTED,8005,2518.337,474.078,66.941,493.991,54,85,54,70,70,0,333,8897,714,59,8006,false,false,
starexec,CSR067+3.p,e1b,first-negative,REFUTED,8005,2631.665,477.517,74.152,183.990,11,14,11,10,10,0,90,2419,184,48,8006,false,false,
starexec,CSR067+3.p,e1b,occurrence,REFUTED,8005,5568.549,9756.236,204.647,4775.532,5186,9513,5182,2372,2255,0,15815,445168,27419,89,8006,false,false,
starexec,CSR067+3.p,e1b,subsumption-light,REFUTED,8005,2374.257,385.643,61.715,354.382,21,33,20,27,27,0,190,5503,554,59,8006,false,false,
starexec,CSR067+3.p,e1b,unary-redundancy,REFUTED,8005,3667.316,1110.291,74.225,852.886,678,1692,675,768,387,0,3032,93448,6830,82,8006,false,false,
starexec,CSR067+3.p,e1b,weight-greedy,REFUTED,8005,2454.251,485.746,58.395,458.765,17,26,16,20,20,0,146,4098,407,59,8006,false,false,
starexec,CSR113+13.p,e1b,age-fair,REFUTED,10188,11729.358,22779.583,146.508,63091.109,8171,163814,8115,155281,650,72,4171,9666176,17476,6324,10189,false,false,
starexec,CSR113+13.p,e1b,balanced,TIMEOUT,10188,2611.662,166918.777,,,51213,256538,51209,205320,10593,79,,,,,,,false,
starexec,CSR113+13.p,e1b,equational,KILLED,,0.000,,,,,,,,,,,,,,,,false,killed before finishing
starexec,CSR113+13.p,e1b,first-negative,SATURATED,10188,2322.809,425.584,,,5,5,5,5,5,0,,,,,,,false,
starexec,CSR113+13.p,e1b,occurrence,REFUTED,10188,9378.807,40367.551,120.738,26108.816,10828,65807,10633,50402,535,53,3175,5806989,13902,5258,10189,false,false,
starexec,CSR113+13.p,e1b,subsumption-light,KILLED,,0.000,,,,,,,,,,,,,,,,false,killed before finishing
starexec,CSR113+13.p,e1b,unary-redundancy,KILLED,,0.000,,,,,,,,,,,,,,,,false,killed before finishing
starexec,CSR113+13.p,e1b,weight-greedy,KILLED,,0.000,,,,,,,,,,,,,,,,false,killed before finishing
starexec,CSR113+30.p,e1b,age-fair,REFUTED,10188,9749.596,14731.999,139.887,38819.768,7610,102337,7363,94272,616,72,4129,9446177,17293,6055,10189,false,false,
starexec,CSR113+30.p,e1b,balanced,TIMEOUT,10188,1741.463,166831.451,,,56138,358615,56138,302474,10559,79,,,,,,,false,
starexec,CSR113+30.p,e1b,equational,TIMEOUT,10188,2263.139,166528.598,,,53181,1741200,48862,1668383,417,39,,,,,,,false,
starexec,CSR113+30.p,e1b,first-negative,SATURATED,10188,1749.561,365.259,,,12,12,12,11,11,4,,,,,,,false,
starexec,CSR113+30.p,e1b,occurrence,REFUTED,10188,8399.962,18023.547,130.330,36469.740,6941,54020,6795,45683,509,57,3246,6219725,14340,5222,10189,false,false,
starexec,CSR113+30.p,e1b,subsumption-light,SATURATED,10188,1605.980,462.926,,,44,44,43,27,27,7,,,,,,,false,
starexec,CSR113+30.p,e1b,unary-redundancy,KILLED,,0.000,,,,,,,,,,,,,,,,false,killed before finishing
starexec,CSR113+30.p,e1b,weight-greedy,TIMEOUT,10188,1594.594,166893.896,,,287,2370,201,972,17,5,,,,,,,false,
starexec,CSR113+4.p,e1b,age-fair,REFUTED,10188,11011.553,17401.098,138.598,61063.753,7776,115930,7527,107667,631,72,4194,9582326,17330,6089,10189,false,false,
starexec,CSR113+4.p,e1b,balanced,TIMEOUT,10188,2019.641,166914.939,,,44702,284614,44702,239906,10564,79,,,,,,,false,
starexec,CSR113+4.p,e1b,equational,KILLED,,0.000,,,,,,,,,,,,,,,,false,killed before finishing
starexec,CSR113+4.p,e1b,first-negative,SATURATED,10188,2390.064,349.585,,,12,12,12,11,11,4,,,,,,,false,
starexec,CSR113+4.p,e1b,occurrence,REFUTED,10188,9245.595,19578.610,128.123,36760.604,7054,61805,6982,54063,522,57,3299,6313607,14373,5256,10189,false,false,
starexec,CSR113+4.p,e1b,subsumption-light,SATURATED,10188,2410.333,533.160,,,44,44,43,27,27,7,,,,,,,false,
starexec,CSR113+4.p,e1b,unary-redundancy,KILLED,,0.000,,,,,,,,,,,,,,,,false,killed before finishing
starexec,CSR113+4.p,e1b,weight-greedy,KILLED,,0.000,,,,,,,,,,,,,,,,false,killed before finishing
starexec,CSR114+8.p,e1b,age-fair,KILLED,,0.000,,,,,,,,,,,,,,,,false,killed before finishing
starexec,CSR114+8.p,e1b,balanced,TIMEOUT,10188,2501.802,167280.197,,,46285,294544,46285,248244,10478,79,,,,,,,false,
starexec,CSR114+8.p,e1b,equational,TIMEOUT,10188,2071.486,166436.830,,,33762,4740600,32427,4700848,276,26,,,,,,,false,
starexec,CSR114+8.p,e1b,first-negative,SATURATED,10188,1554.990,333.280,,,2,2,2,2,2,0,,,,,,,false,
starexec,CSR114+8.p,e1b,occurrence,REFUTED,10188,5916.382,16897.133,99.007,20036.170,9021,73994,8228,61199,428,57,3167,5939971,14016,4568,10189,false,false,
starexec,CSR114+8.p,e1b,subsumption-light,SATURATED,10188,1877.053,947.420,,,475,494,475,191,191,12,,,,,,,false,
starexec,CSR114+8.p,e1b,unary-redundancy,REFUTED,10188,4532.126,1556.796,71.127,7862.385,965,1756,946,736,277,29,1837,1879363,8134,2760,10189,false,false,
starexec,CSR114+8.p,e1b,weight-greedy,SATURATED,10188,1953.302,401.029,,,2,2,2,2,2,0,,,,,,,false,
starexec,CSR115+8.p,e1b,age-fair,KILLED,,0.000,,,,,,,,,,,,,,,,false,killed before finishing
starexec,CSR115+8.p,e1b,balanced,TIMEOUT,10188,2699.871,167235.023,,,53234,268772,53232,215526,10631,79,,,,,,,false,
starexec,CSR115+8.p,e1b,equational,REFUTED,10188,4319.263,136948.537,114.102,9536.090,41797,2271488,40050,2220729,440,26,1943,1762087,8726,3556,10189,false,false,
starexec,CSR115+8.p,e1b,first-negative,SATURATED,10188,2796.520,570.568,,,19,19,19,15,15,3,,,,,,,false,
starexec,CSR115+8.p,e1b,occurrence,KILLED,,0.000,,,,,,,,,,,,,,,,false,killed before finishing
starexec,CSR115+8.p,e1b,subsumption-light,REFUTED,10188,3879.633,4978.191,161.299,9284.678,1579,5775,1576,4055,365,14,1332,792557,5818,2965,10189,false,false,
starexec,CSR115+8.p,e1b,unary-redundancy,REFUTED,10188,9324.326,11423.203,86.186,15627.072,3280,25020,3146,21218,435,29,2044,2301356,8958,4024,10189,false,false,
starexec,CSR115+8.p,e1b,weight-greedy,KILLED,,0.000,,,,,,,,,,,,,,,,false,killed before finishing
starexec,CSR116+10.p,e1b,age-fair,KILLED,,0.000,,,,,,,,,,,,,,,,false,killed before finishing
starexec,CSR116+10.p,e1b,balanced,TIMEOUT,10188,1944.757,166852.476,,,51722,321868,51721,270135,10739,79,,,,,,,false,
starexec,CSR116+10.p,e1b,equational,KILLED,,0.000,,,,,,,,,,,,,,,,false,killed before finishing
starexec,CSR116+10.p,e1b,first-negative,SATURATED,10188,2720.240,303.199,,,14,14,14,13,13,4,,,,,,,false,
starexec,CSR116+10.p,e1b,occurrence,KILLED,,0.000,,,,,,,,,,,,,,,,false,killed before finishing
starexec,CSR116+10.p,e1b,subsumption-light,KILLED,,0.000,,,,,,,,,,,,,,,,false,killed before finishing
starexec,CSR116+10.p,e1b,unary-redundancy,KILLED,,0.000,,,,,,,,,,,,,,,,false,killed before finishing
starexec,CSR116+10.p,e1b,weight-greedy,KILLED,,0.000,,,,,,,,,,,,,,,,false,killed before finishing
starexec,CSR116+13.p,e1b,age-fair,KILLED,,0.000,,,,,,,,,,,,,,,,false,killed before finishing
starexec,CSR116+13.p,e1b,equational,KILLED,,0.000,,,,,,,,,,,,,,,,false,killed before finishing
starexec,CSR116+13.p,e1b,first-negative,SATURATED,10188,3087.388,449.543,,,14,14,14,13,13,4,,,,,,,false,
starexec,CSR116+13.p,e1b,occurrence,KILLED,,0.000,,,,,,,,,,,,,,,,false,killed before finishing
starexec,CSR116+13.p,e1b,subsumption-light,KILLED,,0.000,,,,,,,,,,,,,,,,false,killed before finishing
starexec,CSR116+13.p,e1b,unary-redundancy,KILLED,,0.000,,,,,,,,,,,,,,,,false,killed before finishing
starexec,CSR116+13.p,e1b,weight-greedy,KILLED,,0.000,,,,,,,,,,,,,,,,false,killed before finishing
starexec,CSR116+19.p,e1b,age-fair,KILLED,,0.000,,,,,,,,,,,,,,,,false,killed before finishing
starexec,CSR116+19.p,e1b,balanced,TIMEOUT,10188,2662.506,167215.500,,,46073,234640,46067,188565,10671,79,,,,,,,false,
starexec,CSR116+19.p,e1b,equational,KILLED,,0.000,,,,,,,,,,,,,,,,false,killed before finishing
starexec,CSR116+19.p,e1b,first-negative,SATURATED,10188,2734.047,467.088,,,14,14,14,13,13,4,,,,,,,false,
starexec,CSR116+19.p,e1b,occurrence,KILLED,,0.000,,,,,,,,,,,,,,,,false,killed before finishing
starexec,CSR116+19.p,e1b,subsumption-light,KILLED,,0.000,,,,,,,,,,,,,,,,false,killed before finishing
starexec,CSR116+19.p,e1b,weight-greedy,KILLED,,0.000,,,,,,,,,,,,,,,,false,killed before finishing
starexec,CSR116+3.p,e1b,age-fair,KILLED,,0.000,,,,,,,,,,,,,,,,false,killed before finishing
starexec,CSR116+3.p,e1b,balanced,TIMEOUT,10188,1840.930,166920.903,,,53897,269754,53895,215840,10689,79,,,,,,,false,
starexec,CSR116+3.p,e1b,equational,TIMEOUT,10188,2307.064,166566.059,,,42180,2342348,40795,2295272,553,37,,,,,,,false,
starexec,CSR116+3.p,e1b,first-negative,SATURATED,10188,1910.475,387.339,,,17,17,17,17,17,5,,,,,,,false,
starexec,CSR116+3.p,e1b,occurrence,KILLED,,0.000,,,,,,,,,,,,,,,,false,killed before finishing
starexec,CSR116+3.p,e1b,subsumption-light,TIMEOUT,10188,2172.341,166563.942,,,16172,937452,16145,918606,480,28,,,,,,,false,
starexec,CSR116+3.p,e1b,unary-redundancy,KILLED,,0.000,,,,,,,,,,,,,,,,false,killed before finishing
starexec,CSR116+3.p,e1b,weight-greedy,KILLED,,0.000,,,,,,,,,,,,,,,,false,killed before finishing
starexec,CSR116+38.p,e1b,age-fair,KILLED,,0.000,,,,,,,,,,,,,,,,false,killed before finishing
starexec,CSR116+38.p,e1b,balanced,TIMEOUT,10188,2532.663,167307.058,,,41892,267656,41889,225744,10654,79,,,,,,,false,
starexec,CSR116+38.p,e1b,equational,KILLED,,0.000,,,,,,,,,,,,,,,,false,killed before finishing
starexec,CSR116+38.p,e1b,first-negative,SATURATED,10188,2065.023,336.082,,,16,16,16,16,16,5,,,,,,,false,
starexec,CSR116+38.p,e1b,occurrence,KILLED,,0.000,,,,,,,,,,,,,,,,false,killed before finishing
starexec,CSR116+38.p,e1b,subsumption-light,KILLED,,0.000,,,,,,,,,,,,,,,,false,killed before finishing
starexec,CSR116+38.p,e1b,unary-redundancy,KILLED,,0.000,,,,,,,,,,,,,,,,false,killed before finishing
starexec,CSR116+38.p,e1b,weight-greedy,KILLED,,0.000,,,,,,,,,,,,,,,,false,killed before finishing
starexec,CSR116+8.p,e1b,age-fair,KILLED,,0.000,,,,,,,,,,,,,,,,false,killed before finishing
starexec,CSR116+8.p,e1b,balanced,KILLED,,0.000,,,,,,,,,,,,,,,,false,killed before finishing
starexec,CSR116+8.p,e1b,equational,KILLED,,0.000,,,,,,,,,,,,,,,,false,killed before finishing
starexec,CSR116+8.p,e1b,first-negative,SATURATED,10188,2777.414,469.916,,,14,14,14,13,13,4,,,,,,,false,
starexec,CSR116+8.p,e1b,occurrence,KILLED,,0.000,,,,,,,,,,,,,,,,false,killed before finishing
starexec,CSR116+8.p,e1b,subsumption-light,KILLED,,0.000,,,,,,,,,,,,,,,,false,killed before finishing
starexec,CSR116+8.p,e1b,unary-redundancy,KILLED,,0.000,,,,,,,,,,,,,,,,false,killed before finishing
starexec,CSR116+8.p,e1b,weight-greedy,KILLED,,0.000,,,,,,,,,,,,,,,,false,killed before finishing
starexec,CSR117+1.p,e1b,age-fair,REFUTED,268,2788.136,4756.365,225.412,3691.566,1027,1364,991,624,270,17,1899,442206,2157,563,269,false,false,
starexec,CSR117+1.p,e1b,balanced,REFUTED,268,1281.366,1732.224,141.352,2244.332,856,1354,843,624,270,17,1632,440427,2138,563,269,false,false,
starexec,CSR117+1.p,e1b,equational,REFUTED,268,2324.811,3375.385,245.301,4247.997,856,1354,843,624,270,17,1632,440427,2138,563,269,false,false,
starexec,CSR117+1.p,e1b,first-negative,REFUTED,268,3223.060,6437.229,282.744,4107.100,1849,2153,1827,807,270,17,1897,441386,2166,563,269,false,false,
starexec,CSR117+1.p,e1b,occurrence,REFUTED,268,2878.904,3695.056,211.250,3680.172,941,1362,924,481,270,17,1899,442206,2157,563,269,false,false,
starexec,CSR117+1.p,e1b,subsumption-light,REFUTED,268,2406.523,4829.952,241.715,4591.568,856,1354,843,624,270,17,1632,440427,2138,563,269,false,false,
starexec,CSR117+1.p,e1b,unary-redundancy,REFUTED,268,2850.673,5853.792,226.379,3669.109,956,1363,924,624,270,17,1899,442206,2157,563,269,false,false,
starexec,CSR117+1.p,e1b,weight-greedy,REFUTED,268,2197.158,2675.510,236.208,4189.944,804,937,797,270,270,17,1632,440427,2138,563,269,false,false,
starexec,CSR208+1.p,e1b,age-fair,KILLED,,0.000,,,,,,,,,,,,,,,,false,killed before finishing
starexec,CSR208+1.p,e1b,balanced,TIMEOUT,7432,3983.881,166933.445,,,40202,833095,40023,785199,10972,1395,,,,,,,false,
starexec,CSR208+1.p,e1b,first-negative,SATURATED,7432,2029.613,394.252,,,24,24,24,24,24,3,,,,,,,false,
starexec,CSR208+1.p,e1b,occurrence,KILLED,,0.000,,,,,,,,,,,,,,,,false,killed before finishing
starexec,CSR208+1.p,e1b,subsumption-light,TIMEOUT,7432,2235.565,166498.230,,,23441,1810061,21303,1777911,227,29,,,,,,,false,
starexec,CSR208+1.p,e1b,unary-redundancy,KILLED,,0.000,,,,,,,,,,,,,,,,false,killed before finishing
starexec,CSR208+1.p,e1b,weight-greedy,KILLED,,0.000,,,,,,,,,,,,,,,,false,killed before finishing
starexec,GEO085+1.p,e1b,age-fair,REFUTED,16,2526.507,4308.809,152.231,3877.565,577,24493,570,23835,50,16,703,296681,2743,1169,17,false,false,
starexec,GEO085+1.p,e1b,balanced,REFUTED,16,1121.195,520.618,88.584,2614.293,105,326,104,198,56,17,684,329282,2900,1406,17,false,false,
starexec,GEO085+1.p,e1b,equational,REFUTED,16,2038.094,1051.892,156.774,4402.410,102,293,101,169,56,17,684,329282,2900,1406,17,false,false,
starexec,GEO085+1.p,e1b,first-negative,REFUTED,16,2789.451,1745.153,155.210,4220.531,258,2251,242,1844,50,16,694,291433,2741,1169,17,false,false,
starexec,GEO085+1.p,e1b,occurrence,REFUTED,16,2312.119,805.080,137.738,3686.949,59,127,58,55,50,16,703,296681,2743,1169,17,false,false,
starexec,GEO085+1.p,e1b,subsumption-light,REFUTED,16,2698.834,1274.979,176.618,4557.584,105,326,104,198,56,17,684,329282,2900,1406,17,false,false,
starexec,GEO085+1.p,e1b,unary-redundancy,REFUTED,16,2731.473,1161.922,162.133,3626.296,90,289,89,181,50,16,703,296681,2743,1169,17,false,false,
starexec,GEO085+1.p,e1b,weight-greedy,REFUTED,16,2133.347,823.396,105.627,4357.168,64,136,63,55,56,17,659,310382,2884,1406,17,false,false,
starexec,GEO087+1.p,e1b,age-fair,REFUTED,16,2441.981,1894.432,86.055,3766.266,266,3248,258,2961,50,18,703,299906,2722,1180,17,false,false,
starexec,GEO087+1.p,e1b,balanced,REFUTED,16,1019.537,485.145,60.633,2311.936,104,248,99,130,56,19,691,336523,2894,1417,17,false,false,
starexec,GEO087+1.p,e1b,equational,REFUTED,16,1964.497,868.002,88.961,4609.613,103,243,98,125,56,19,691,336523,2894,1417,17,false,false,
starexec,GEO087+1.p,e1b,first-negative,REFUTED,16,2543.827,2678.805,96.823,3949.283,586,6481,514,5458,50,18,703,299929,2729,1180,17,false,false,
starexec,GEO087+1.p,e1b,occurrence,REFUTED,16,2199.369,711.791,86.165,3826.274,72,162,66,80,50,18,703,299906,2722,1180,17,false,false,
starexec,GEO087+1.p,e1b,subsumption-light,REFUTED,16,2480.390,1165.154,105.044,4652.254,99,221,94,109,56,19,690,335691,2893,1417,17,false,false,
starexec,GEO087+1.p,e1b,unary-redundancy,REFUTED,16,2421.538,1067.244,116.377,3789.697,95,286,87,180,50,18,702,299145,2721,1180,17,false,false,
starexec,GEO087+1.p,e1b,weight-greedy,REFUTED,16,2615.197,1141.419,120.468,5007.805,163,646,147,289,56,19,691,336523,2894,1417,17,false,false,
starexec,GEO089+1.p,e1b,age-fair,TIMEOUT,16,1773.857,166509.636,,,10965,5896866,10575,5881292,51,18,,,,,,,false,
starexec,GEO089+1.p,e1b,balanced,TIMEOUT,16,770.356,166255.561,,,13639,10773503,12471,10740505,57,19,,,,,,,false,
starexec,GEO089+1.p,e1b,equational,TIMEOUT,16,1466.033,166422.147,,,10504,5952699,9464,5927411,57,19,,,,,,,false,
starexec,GEO089+1.p,e1b,first-negative,TIMEOUT,16,1966.916,166498.546,,,22452,5135609,21584,5088529,51,18,,,,,,,false,
starexec,GEO089+1.p,e1b,occurrence,TIMEOUT,16,1784.357,166502.173,,,13255,6163264,12167,6108747,51,18,,,,,,,false,
starexec,GEO089+1.p,e1b,subsumption-light,TIMEOUT,16,1546.679,166627.607,,,7106,2894270,6821,2876006,57,19,,,,,,,false,
starexec,GEO089+1.p,e1b,unary-redundancy,TIMEOUT,16,1805.715,168784.776,,,11313,3400818,10923,3376918,51,18,,,,,,,false,
starexec,GEO089+1.p,e1b,weight-greedy,TIMEOUT,16,1555.320,166625.355,,,17812,5780000,15728,5228841,57,19,,,,,,,false,
starexec,GEO093+1.p,e1b,age-fair,TIMEOUT,16,1680.324,166449.035,,,11778,6240976,11620,6223261,53,19,,,,,,,false,
starexec,GEO093+1.p,e1b,balanced,REFUTED,16,1140.749,5482.857,126.522,2871.644,1770,150209,1654,146991,59,20,813,505495,3117,1585,17,false,false,
starexec,GEO093+1.p,e1b,equational,REFUTED,16,2355.832,14011.125,230.091,5149.067,2360,299935,2235,295280,59,20,834,526444,3138,1585,17,false,false,
starexec,GEO093+1.p,e1b,first-negative,TIMEOUT,16,1780.665,166454.948,,,25104,6094202,24091,6039976,53,19,,,,,,,false,
starexec,GEO093+1.p,e1b,occurrence,REFUTED,16,2654.818,6582.597,173.221,4735.868,1288,60463,1131,57185,53,19,820,464407,2950,1354,17,false,false,
starexec,GEO093+1.p,e1b,subsumption-light,REFUTED,16,2426.892,16656.610,197.588,5449.502,1703,136171,1619,133061,59,20,817,509577,3127,1585,17,false,false,
starexec,GEO093+1.p,e1b,unary-redundancy,REFUTED,16,2399.445,27005.179,172.592,3777.047,2909,320518,2734,315095,53,19,793,439053,2946,1354,17,false,false,
starexec,GEO093+1.p,e1b,weight-greedy,REFUTED,16,2345.920,41567.660,190.069,5979.481,7221,1209376,6372,1035055,59,20,826,522430,3122,1585,17,false,false,
starexec,GEO095+1.p,e1b,equational,TIMEOUT,16,1504.260,168559.287,,,9333,6228484,8885,6200686,57,19,,,,,,,false,
starexec,GEO095+1.p,e1b,first-negative,TIMEOUT,16,1916.431,166436.383,,,22566,5680170,21002,5623770,51,18,,,,,,,false,
starexec,GEO095+1.p,e1b,occurrence,TIMEOUT,16,1790.674,166478.060,,,12412,6598164,12313,6538272,51,18,,,,,,,false,
starexec,GEO095+1.p,e1b,subsumption-light,TIMEOUT,16,1527.060,166643.345,,,5172,2210257,4968,2195985,57,19,,,,,,,false,
starexec,GEO095+1.p,e1b,unary-redundancy,TIMEOUT,16,1862.509,166600.744,,,9211,3301753,9023,3280485,51,18,,,,,,,false,
starexec,GEO095+1.p,e1b,weight-greedy,TIMEOUT,16,1510.683,166436.243,,,14215,5442104,13299,4819196,57,19,,,,,,,false,
starexec,GEO111+1.p,e1b,age-fair,REFUTED,17,2644.912,29408.548,151.097,5432.032,4385,850350,4255,845102,57,21,853,551860,3436,1595,18,false,false,
starexec,GEO111+1.p,e1b,balanced,REFUTED,17,1347.080,3379.064,95.752,3699.992,899,51866,867,50333,64,22,827,594367,3583,1819,18,false,false,
starexec,GEO111+1.p,e1b,equational,REFUTED,17,2444.403,7918.430,172.668,6405.704,926,78260,897,76670,64,22,827,594367,3583,1819,18,false,false,
starexec,GEO111+1.p,e1b,first-negative,REFUTED,17,2480.999,162940.669,116.347,3313.847,24796,7086221,23127,7028267,57,21,874,569528,3469,1595,18,false,false,
starexec,GEO111+1.p,e1b,occurrence,REFUTED,17,3296.990,4720.500,155.667,5700.437,890,26056,817,23878,57,21,853,551860,3454,1595,18,false,false,
starexec,GEO111+1.p,e1b,subsumption-light,REFUTED,17,2341.132,9428.552,163.900,6879.663,913,45269,876,43761,64,22,827,594367,3583,1819,18,false,false,
starexec,GEO111+1.p,e1b,unary-redundancy,REFUTED,17,2790.426,7097.972,169.664,5841.441,813,29941,751,28706,57,21,853,551860,3444,1595,18,false,false,
starexec,GEO111+1.p,e1b,weight-greedy,REFUTED,17,2553.636,9984.423,195.060,7130.908,1571,105539,1482,83597,64,22,827,594367,3601,1819,18,false,false,
starexec,GEO117+1.p,e1b,age-fair,REFUTED,27,3418.944,2350.196,91.288,9493.428,347,4229,346,3859,98,29,1159,819094,5207,1826,28,false,false,
starexec,GEO117+1.p,e1b,balanced,REFUTED,27,1664.387,1573.858,62.393,6880.175,575,6687,474,5847,113,34,1255,1095974,5908,2245,28,false,false,
starexec,GEO117+1.p,e1b,equational,REFUTED,27,3208.594,2779.117,98.169,12975.984,541,6009,441,5227,113,34,1255,1095974,5909,2245,28,false,false,
starexec,GEO117+1.p,e1b,first-negative,REFUTED,27,4041.967,4871.269,138.883,10949.153,1047,27594,1040,26036,98,29,1157,816364,5213,1826,28,false,false,
starexec,GEO117+1.p,e1b,occurrence,REFUTED,27,3588.791,1832.556,98.330,9961.704,356,2290,349,1803,98,29,1168,831508,5221,1826,28,false,false,
starexec,GEO117+1.p,e1b,subsumption-light,REFUTED,27,3348.816,3873.612,122.414,12849.132,576,6686,475,5854,113,34,1254,1094314,5907,2245,28,false,false,
starexec,GEO117+1.p,e1b,unary-redundancy,REFUTED,27,3505.917,1852.838,91.868,10456.688,250,1233,250,933,98,29,1159,819094,5207,1826,28,false,false,
starexec,GEO117+1.p,e1b,weight-greedy,REFUTED,27,3310.374,2487.746,99.370,13137.151,583,4911,561,2857,113,34,1246,1080959,5907,2245,28,false,false,
starexec,GEO138+1.p,e1b,age-fair,TIMEOUT,27,2121.043,166480.851,,,13309,5175349,10470,5156927,101,31,,,,,,,false,
starexec,GEO138+1.p,e1b,balanced,TIMEOUT,27,932.045,166303.226,,,16907,14179868,15595,14117900,116,36,,,,,,,false,
starexec,GEO138+1.p,e1b,equational,TIMEOUT,27,1807.594,166612.707,,,13422,7823128,12243,7776220,116,36,,,,,,,false,
starexec,GEO138+1.p,e1b,first-negative,TIMEOUT,27,2401.558,166789.005,,,17059,6883376,16918,6849064,101,31,,,,,,,false,
starexec,GEO138+1.p,e1b,occurrence,TIMEOUT,27,2192.645,166559.161,,,13206,9033235,12877,8966933,101,31,,,,,,,false,
starexec,GEO138+1.p,e1b,subsumption-light,TIMEOUT,27,1870.955,166691.334,,,8886,3081014,8345,3048460,116,36,,,,,,,false,
starexec,GEO138+1.p,e1b,unary-redundancy,TIMEOUT,27,2250.086,166715.768,,,11420,3774269,10812,3738507,101,31,,,,,,,false,
starexec,GEO260+1.p,e1b,age-fair,REFUTED,31,1858.012,164922.969,95.149,1294.952,9328,5474285,8205,5459821,65,5,552,159027,2024,765,32,false,false,
starexec,GEO260+1.p,e1b,balanced,REFUTED,31,885.574,4641.603,76.770,2095.438,1304,95492,798,92591,70,7,581,207664,2337,864,32,false,false,
starexec,GEO260+1.p,e1b,equational,REFUTED,31,1873.841,8206.448,147.865,3637.361,1248,83389,759,80572,70,7,581,207664,2337,864,32,false,false,
starexec,GEO260+1.p,e1b,first-negative,TIMEOUT,31,1698.908,169225.575,,,35400,4818064,24788,4685290,65,5,,,,,,,false,
starexec,GEO260+1.p,e1b,occurrence,REFUTED,31,2199.766,3970.223,149.944,2150.876,737,17800,655,15439,65,5,560,162440,2017,765,32,false,false,
starexec,GEO260+1.p,e1b,subsumption-light,REFUTED,31,1828.429,10465.583,136.090,3852.302,524,25681,478,24506,70,7,602,218569,2344,864,32,false,false,
starexec,GEO260+1.p,e1b,unary-redundancy,REFUTED,31,2133.001,131090.767,208.843,2064.941,3058,726392,2969,719844,65,5,655,203311,2143,765,32,false,false,
starexec,GEO260+1.p,e1b,weight-greedy,TIMEOUT,31,1142.796,166460.110,,,23143,4718266,20218,4608033,70,7,,,,,,,false,
starexec,GEO274+1.p,e1b,age-fair,KILLED,,0.000,,,,,,,,,,,,,,,,false,killed before finishing
starexec,GEO274+1.p,e1b,balanced,TIMEOUT,116,2254.292,166483.564,,,30491,809956,30037,771309,265,57,,,,,,,false,
starexec,GEO274+1.p,e1b,equational,KILLED,,0.000,,,,,,,,,,,,,,,,false,killed before finishing
starexec,GEO274+1.p,e1b,occurrence,KILLED,,0.000,,,,,,,,,,,,,,,,false,killed before finishing
starexec,GEO274+1.p,e1b,subsumption-light,KILLED,,0.000,,,,,,,,,,,,,,,,false,killed before finishing
starexec,GEO274+1.p,e1b,unary-redundancy,KILLED,,0.000,,,,,,,,,,,,,,,,false,killed before finishing
starexec,GEO277+1.p,e1b,age-fair,KILLED,,0.000,,,,,,,,,,,,,,,,false,killed before finishing
starexec,GEO277+1.p,e1b,balanced,TIMEOUT,126,2385.826,166525.436,,,25314,435055,24615,393135,279,57,,,,,,,false,
starexec,GEO277+1.p,e1b,equational,KILLED,,0.000,,,,,,,,,,,,,,,,false,killed before finishing
starexec,GEO277+1.p,e1b,first-negative,KILLED,,0.000,,,,,,,,,,,,,,,,false,killed before finishing
starexec,GEO277+1.p,e1b,occurrence,KILLED,,0.000,,,,,,,,,,,,,,,,false,killed before finishing
starexec,GEO277+1.p,e1b,subsumption-light,KILLED,,0.000,,,,,,,,,,,,,,,,false,killed before finishing
starexec,GEO277+1.p,e1b,unary-redundancy,KILLED,,0.000,,,,,,,,,,,,,,,,false,killed before finishing
starexec,GEO277+1.p,e1b,weight-greedy,KILLED,,0.000,,,,,,,,,,,,,,,,false,killed before finishing
starexec,GEO282+1.p,e1b,age-fair,REFUTED,123,9486.192,33364.833,195.305,52469.995,9083,305184,8995,295493,282,55,5235,7296745,34872,13068,124,false,false,
starexec,GEO282+1.p,e1b,balanced,REFUTED,123,3934.733,67454.211,124.491,27403.606,17203,369497,17097,348237,284,55,4836,7157424,36072,13064,124,false,false,
starexec,GEO282+1.p,e1b,equational,KILLED,,0.000,,,,,,,,,,,,,,,,false,killed before finishing
starexec,GEO282+1.p,e1b,first-negative,KILLED,,0.000,,,,,,,,,,,,,,,,false,killed before finishing
starexec,GEO282+1.p,e1b,occurrence,TIMEOUT,123,3935.023,166593.083,,,18168,184439,18023,159237,282,55,,,,,,,false,
starexec,GEO282+1.p,e1b,subsumption-light,KILLED,,0.000,,,,,,,,,,,,,,,,false,killed before finishing
starexec,GEO282+1.p,e1b,unary-redundancy,KILLED,,0.000,,,,,,,,,,,,,,,,false,killed before finishing
starexec,GEO282+1.p,e1b,weight-greedy,REFUTED,123,6593.979,1882.396,154.028,55685.216,539,1751,505,565,284,55,4898,7417954,36114,13064,124,false,false,
starexec,GEO285+1.p,e1b,age-fair,REFUTED,132,8851.680,19469.759,219.008,56533.867,5476,169893,5392,164060,296,56,5326,7487220,34896,13068,133,false,false,
starexec,GEO285+1.p,e1b,balanced,TIMEOUT,132,2227.887,166495.293,,,28899,684718,28405,647976,298,56,,,,,,,false,
starexec,GEO285+1.p,e1b,equational,TIMEOUT,132,3901.148,166785.805,,,22604,454058,22344,426602,298,56,,,,,,,false,
starexec,GEO285+1.p,e1b,first-negative,KILLED,,0.000,,,,,,,,,,,,,,,,false,killed before finishing
starexec,GEO285+1.p,e1b,occurrence,KILLED,,0.000,,,,,,,,,,,,,,,,false,killed before finishing
starexec,GEO285+1.p,e1b,subsumption-light,KILLED,,0.000,,,,,,,,,,,,,,,,false,killed before finishing
starexec,GEO285+1.p,e1b,unary-redundancy,KILLED,,0.000,,,,,,,,,,,,,,,,false,killed before finishing
starexec,GEO285+1.p,e1b,weight-greedy,REFUTED,132,8995.571,4072.447,244.413,60981.175,782,5865,739,3274,298,56,4911,7667549,36388,13064,133,false,false,
starexec,GEO298+1.p,e1b,age-fair,KILLED,,0.000,,,,,,,,,,,,,,,,false,killed before finishing
starexec,GEO298+1.p,e1b,balanced,TIMEOUT,157,2615.753,166520.232,,,24952,1141581,24510,1107646,321,63,,,,,,,false,
starexec,GEO298+1.p,e1b,equational,KILLED,,0.000,,,,,,,,,,,,,,,,false,killed before finishing
starexec,GEO298+1.p,e1b,first-negative,KILLED,,0.000,,,,,,,,,,,,,,,,false,killed before finishing
starexec,GEO298+1.p,e1b,occurrence,KILLED,,0.000,,,,,,,,,,,,,,,,false,killed before finishing
starexec,GEO298+1.p,e1b,subsumption-light,KILLED,,0.000,,,,,,,,,,,,,,,,false,killed before finishing
starexec,GEO298+1.p,e1b,unary-redundancy,KILLED,,0.000,,,,,,,,,,,,,,,,false,killed before finishing
starexec,GEO298+1.p,e1b,weight-greedy,KILLED,,0.000,,,,,,,,,,,,,,,,false,killed before finishing
starexec,GEO306+1.p,e1b,age-fair,KILLED,,0.000,,,,,,,,,,,,,,,,false,killed before finishing
starexec,GEO306+1.p,e1b,balanced,TIMEOUT,126,2568.694,166534.636,,,29689,876768,29375,837531,289,60,,,,,,,false,
starexec,GEO306+1.p,e1b,equational,HARD_TIMEOUT,126,0.000,,,,,,,,,,,,,,,,false,
starexec,GEO306+1.p,e1b,first-negative,KILLED,,0.000,,,,,,,,,,,,,,,,false,killed before finishing
starexec,GEO306+1.p,e1b,occurrence,KILLED,,0.000,,,,,,,,,,,,,,,,false,killed before finishing
starexec,GEO306+1.p,e1b,subsumption-light,KILLED,,0.000,,,,,,,,,,,,,,,,false,killed before finishing
starexec,GEO306+1.p,e1b,unary-redundancy,KILLED,,0.000,,,,,,,,,,,,,,,,false,killed before finishing
starexec,GEO306+1.p,e1b,weight-greedy,KILLED,,0.000,,,,,,,,,,,,,,,,false,killed before finishing
starexec,GEO307+1.p,e1b,age-fair,KILLED,,0.000,,,,,,,,,,,,,,,,false,killed before finishing
starexec,GEO307+1.p,e1b,balanced,TIMEOUT,145,1591.782,166339.755,,,30308,1203081,30196,1162168,308,60,,,,,,,false,
starexec,GEO307+1.p,e1b,equational,HARD_TIMEOUT,145,0.000,,,,,,,,,,,,,,,,false,
starexec,GEO307+1.p,e1b,first-negative,KILLED,,0.000,,,,,,,,,,,,,,,,false,killed before finishing
starexec,GEO307+1.p,e1b,occurrence,TIMEOUT,145,3830.582,166609.880,,,20280,183102,19879,152737,306,60,,,,,,,false,
starexec,GEO307+1.p,e1b,subsumption-light,KILLED,,0.000,,,,,,,,,,,,,,,,false,killed before finishing
starexec,GEO307+1.p,e1b,unary-redundancy,KILLED,,0.000,,,,,,,,,,,,,,,,false,killed before finishing
starexec,GEO307+1.p,e1b,weight-greedy,TIMEOUT,145,4040.824,166801.955,,,13245,6050730,10483,5877124,308,60,,,,,,,false,
starexec,GEO308+1.p,e1b,age-fair,KILLED,,0.000,,,,,,,,,,,,,,,,false,killed before finishing
starexec,GEO308+1.p,e1b,balanced,TIMEOUT,146,2355.131,166478.143,,,26691,654615,26288,620484,309,60,,,,,,,false,
starexec,GEO308+1.p,e1b,equational,KILLED,,0.000,,,,,,,,,,,,,,,,false,killed before finishing
starexec,GEO308+1.p,e1b,first-negative,KILLED,,0.000,,,,,,,,,,,,,,,,false,killed before finishing
starexec,GEO308+1.p,e1b,occurrence,KILLED,,0.000,,,,,,,,,,,,,,,,false,killed before finishing
starexec,GEO308+1.p,e1b,subsumption-light,KILLED,,0.000,,,,,,,,,,,,,,,,false,killed before finishing
starexec,GEO308+1.p,e1b,unary-redundancy,KILLED,,0.000,,,,,,,,,,,,,,,,false,killed before finishing
starexec,GEO308+1.p,e1b,weight-greedy,KILLED,,0.000,,,,,,,,,,,,,,,,false,killed before finishing
starexec,GEO310+1.p,e1b,age-fair,TIMEOUT,148,3481.394,166512.916,,,31909,2130988,31761,2093721,309,60,,,,,,,false,
starexec,GEO310+1.p,e1b,balanced,TIMEOUT,148,2489.023,166532.969,,,24452,1062643,24139,1027940,311,60,,,,,,,false,
starexec,GEO310+1.p,e1b,equational,TIMEOUT,148,2903.566,166526.027,,,25607,758656,25301,725385,311,60,,,,,,,false,
starexec,GEO310+1.p,e1b,first-negative,TIMEOUT,148,3142.184,166336.361,,,20835,6224318,20824,6203462,309,60,,,,,,,false,
starexec,GEO310+1.p,e1b,occurrence,TIMEOUT,148,3240.626,166469.157,,,21214,103326,20702,80369,309,60,,,,,,,false,
starexec,GEO310+1.p,e1b,subsumption-light,TIMEOUT,148,2636.231,167332.099,,,16443,773686,16379,750025,311,60,,,,,,,false,
starexec,GEO310+1.p,e1b,unary-redundancy,TIMEOUT,148,3370.627,167296.418,,,16343,701718,16256,678124,309,60,,,,,,,false,
starexec,GEO310+1.p,e1b,weight-greedy,TIMEOUT,148,2660.434,166544.637,,,14603,9530520,12692,9330774,311,60,,,,,,,false,
starexec,GEO321+1.p,e1b,age-fair,KILLED,,0.000,,,,,,,,,,,,,,,,false,killed before finishing
starexec,GEO321+1.p,e1b,balanced,TIMEOUT,177,2281.224,166482.390,,,28058,854815,27536,818103,340,60,,,,,,,false,
starexec,GEO321+1.p,e1b,equational,KILLED,,0.000,,,,,,,,,,,,,,,,false,killed before finishing
starexec,GEO321+1.p,e1b,first-negative,KILLED,,0.000,,,,,,,,,,,,,,,,false,killed before finishing
starexec,GEO321+1.p,e1b,occurrence,KILLED,,0.000,,,,,,,,,,,,,,,,false,killed before finishing
starexec,GEO321+1.p,e1b,subsumption-light,KILLED,,0.000,,,,,,,,,,,,,,,,false,killed before finishing
starexec,GEO321+1.p,e1b,unary-redundancy,KILLED,,0.000,,,,,,,,,,,,,,,,false,killed before finishing
starexec,GEO321+1.p,e1b,weight-greedy,KILLED,,0.000,,,,,,,,,,,,,,,,false,killed before finishing
starexec,GEO323+1.p,e1b,age-fair,KILLED,,0.000,,,,,,,,,,,,,,,,false,killed before finishing
starexec,GEO323+1.p,e1b,balanced,TIMEOUT,179,1481.879,166342.449,,,33911,1555448,32751,1509939,342,60,,,,,,,false,
starexec,GEO323+1.p,e1b,equational,TIMEOUT,179,2746.486,166611.212,,,26018,1064442,25872,1028416,342,60,,,,,,,false,
starexec,GEO323+1.p,e1b,first-negative,KILLED,,0.000,,,,,,,,,,,,,,,,false,killed before finishing
starexec,GEO323+1.p,e1b,occurrence,KILLED,,0.000,,,,,,,,,,,,,,,,false,killed before finishing
starexec,GEO323+1.p,e1b,subsumption-light,KILLED,,0.000,,,,,,,,,,,,,,,,false,killed before finishing
starexec,GEO323+1.p,e1b,unary-redundancy,KILLED,,0.000,,,,,,,,,,,,,,,,false,killed before finishing
starexec,GEO323+1.p,e1b,weight-greedy,TIMEOUT,179,2897.578,166630.248,,,13479,8150492,11909,7973350,342,60,,,,,,,false,
starexec,GEO328+1.p,e1b,age-fair,KILLED,,0.000,,,,,,,,,,,,,,,,false,killed before finishing
starexec,GEO328+1.p,e1b,balanced,TIMEOUT,185,2274.910,166517.859,,,35161,721007,34364,674167,348,60,,,,,,,false,
starexec,GEO328+1.p,e1b,equational,KILLED,,0.000,,,,,,,,,,,,,,,,false,killed before finishing
starexec,GEO328+1.p,e1b,first-negative,KILLED,,0.000,,,,,,,,,,,,,,,,false,killed before finishing
starexec,GEO328+1.p,e1b,occurrence,KILLED,,0.000,,,,,,,,,,,,,,,,false,killed before finishing
starexec,GEO328+1.p,e1b,subsumption-light,KILLED,,0.000,,,,,,,,,,,,,,,,false,killed before finishing
starexec,GEO328+1.p,e1b,unary-redundancy,KILLED,,0.000,,,,,,,,,,,,,,,,false,killed before finishing
starexec,GEO328+1.p,e1b,weight-greedy,KILLED,,0.000,,,,,,,,,,,,,,,,false,killed before finishing
starexec,GEO330+1.p,e1b,age-fair,KILLED,,0.000,,,,,,,,,,,,,,,,false,killed before finishing
starexec,GEO330+1.p,e1b,balanced,TIMEOUT,187,1607.331,166361.389,,,34268,2891631,33550,2846078,350,60,,,,,,,false,
starexec,GEO330+1.p,e1b,equational,TIMEOUT,187,2524.169,166642.087,,,28613,459105,28052,421815,350,60,,,,,,,false,
starexec,GEO330+1.p,e1b,first-negative,KILLED,,0.000,,,,,,,,,,,,,,,,false,killed before finishing
starexec,GEO330+1.p,e1b,occurrence,KILLED,,0.000,,,,,,,,,,,,,,,,false,killed before finishing
starexec,GEO330+1.p,e1b,subsumption-light,KILLED,,0.000,,,,,,,,,,,,,,,,false,killed before finishing
starexec,GEO330+1.p,e1b,unary-redundancy,KILLED,,0.000,,,,,,,,,,,,,,,,false,killed before finishing
starexec,GEO330+1.p,e1b,weight-greedy,TIMEOUT,187,2898.159,166695.358,,,19924,8598563,16651,8348576,350,60,,,,,,,false,
starexec,GEO331+1.p,e1b,age-fair,REFUTED,125,10314.064,89041.727,234.831,56468.437,21103,642868,20685,619809,277,60,5777,7997500,39076,13068,126,false,false,
starexec,GEO331+1.p,e1b,balanced,TIMEOUT,125,2579.185,166532.706,,,33176,730217,32893,688810,279,60,,,,,,,false,
starexec,GEO331+1.p,e1b,equational,KILLED,,0.000,,,,,,,,,,,,,,,,false,killed before finishing
starexec,GEO331+1.p,e1b,first-negative,KILLED,,0.000,,,,,,,,,,,,,,,,false,killed before finishing
starexec,GEO331+1.p,e1b,occurrence,KILLED,,0.000,,,,,,,,,,,,,,,,false,killed before finishing
starexec,GEO331+1.p,e1b,subsumption-light,KILLED,,0.000,,,,,,,,,,,,,,,,false,killed before finishing
starexec,GEO331+1.p,e1b,unary-redundancy,KILLED,,0.000,,,,,,,,,,,,,,,,false,killed before finishing
starexec,GEO331+1.p,e1b,weight-greedy,KILLED,,0.000,,,,,,,,,,,,,,,,false,killed before finishing
starexec,GEO337+1.p,e1b,age-fair,TIMEOUT,129,3699.626,166591.863,,,33407,1404521,32465,1368061,281,60,,,,,,,false,
starexec,GEO337+1.p,e1b,balanced,TIMEOUT,129,1536.157,166354.224,,,28545,577559,28115,538629,283,60,,,,,,,false,
starexec,GEO337+1.p,e1b,equational,TIMEOUT,129,2884.012,166642.555,,,22516,513623,22129,484042,283,60,,,,,,,false,
starexec,GEO337+1.p,e1b,first-negative,TIMEOUT,129,3890.453,166602.080,,,20333,2915039,20322,2894700,281,60,,,,,,,false,
starexec,GEO337+1.p,e1b,occurrence,TIMEOUT,129,3703.630,166627.971,,,18113,100270,17825,80187,281,60,,,,,,,false,
starexec,GEO337+1.p,e1b,subsumption-light,TIMEOUT,129,2759.033,167489.367,,,14993,372896,14752,352342,283,60,,,,,,,false,
starexec,GEO337+1.p,e1b,unary-redundancy,HARD_TIMEOUT,129,0.000,,,,,,,,,,,,,,,,false,
starexec,GEO343+1.p,e1b,age-fair,KILLED,,0.000,,,,,,,,,,,,,,,,false,killed before finishing
starexec,GEO343+1.p,e1b,balanced,TIMEOUT,124,2562.724,166567.565,,,26589,604956,26356,570565,292,61,,,,,,,false,
starexec,GEO343+1.p,e1b,equational,KILLED,,0.000,,,,,,,,,,,,,,,,false,killed before finishing
starexec,GEO343+1.p,e1b,first-negative,KILLED,,0.000,,,,,,,,,,,,,,,,false,killed before finishing
starexec,GEO343+1.p,e1b,occurrence,KILLED,,0.000,,,,,,,,,,,,,,,,false,killed before finishing
starexec,GEO343+1.p,e1b,subsumption-light,KILLED,,0.000,,,,,,,,,,,,,,,,false,killed before finishing
starexec,GEO343+1.p,e1b,unary-redundancy,KILLED,,0.000,,,,,,,,,,,,,,,,false,killed before finishing
starexec,GEO343+1.p,e1b,weight-greedy,KILLED,,0.000,,,,,,,,,,,,,,,,false,killed before finishing
starexec,GEO349+1.p,e1b,age-fair,KILLED,,0.000,,,,,,,,,,,,,,,,false,killed before finishing
starexec,GEO349+1.p,e1b,balanced,TIMEOUT,130,2243.457,166470.848,,,26808,428918,26139,393256,302,66,,,,,,,false,
starexec,GEO349+1.p,e1b,equational,KILLED,,0.000,,,,,,,,,,,,,,,,false,killed before finishing
starexec,GEO349+1.p,e1b,first-negative,KILLED,,0.000,,,,,,,,,,,,,,,,false,killed before finishing
starexec,GEO349+1.p,e1b,occurrence,KILLED,,0.000,,,,,,,,,,,,,,,,false,killed before finishing
starexec,GEO349+1.p,e1b,subsumption-light,KILLED,,0.000,,,,,,,,,,,,,,,,false,killed before finishing
starexec,GEO349+1.p,e1b,unary-redundancy,KILLED,,0.000,,,,,,,,,,,,,,,,false,killed before finishing
starexec,GEO349+1.p,e1b,weight-greedy,TIMEOUT,130,2869.822,166551.193,,,12665,5931740,8988,5832968,302,66,,,,,,,false,
starexec,GEO351+1.p,e1b,age-fair,KILLED,,0.000,,,,,,,,,,,,,,,,false,killed before finishing
starexec,GEO351+1.p,e1b,balanced,TIMEOUT,136,1660.819,166380.668,,,32797,777736,32249,734485,311,69,,,,,,,false,
starexec,GEO351+1.p,e1b,equational,KILLED,,0.000,,,,,,,,,,,,,,,,false,killed before finishing
starexec,GEO351+1.p,e1b,first-negative,TIMEOUT,136,3924.670,166645.536,,,20530,6381116,20505,6360568,309,69,,,,,,,false,
starexec,GEO351+1.p,e1b,occurrence,TIMEOUT,136,3632.805,166644.994,,,21934,292638,21351,259930,309,69,,,,,,,false,
starexec,GEO351+1.p,e1b,subsumption-light,KILLED,,0.000,,,,,,,,,,,,,,,,false,killed before finishing
starexec,GEO351+1.p,e1b,unary-redundancy,KILLED,,0.000,,,,,,,,,,,,,,,,false,killed before finishing
starexec,GEO351+1.p,e1b,weight-greedy,KILLED,,0.000,,,,,,,,,,,,,,,,false,killed before finishing
starexec,GEO480+1.p,e1b,age-fair,KILLED,,0.000,,,,,,,,,,,,,,,,false,killed before finishing
starexec,GEO480+1.p,e1b,balanced,KILLED,,0.000,,,,,,,,,,,,,,,,false,killed before finishing
starexec,GEO480+1.p,e1b,equational,KILLED,,0.000,,,,,,,,,,,,,,,,false,killed before finishing
starexec,GEO480+1.p,e1b,first-negative,KILLED,,0.000,,,,,,,,,,,,,,,,false,killed before finishing
starexec,GEO480+1.p,e1b,occurrence,KILLED,,0.000,,,,,,,,,,,,,,,,false,killed before finishing
starexec,GEO480+1.p,e1b,unary-redundancy,KILLED,,0.000,,,,,,,,,,,,,,,,false,killed before finishing
starexec,GEO480+1.p,e1b,weight-greedy,KILLED,,0.000,,,,,,,,,,,,,,,,false,killed before finishing
starexec,GEO491+1.p,e1b,age-fair,TIMEOUT,44,2143.706,166500.635,,,7200,3959067,7033,3949143,75,6,,,,,,,false,
starexec,GEO491+1.p,e1b,balanced,TIMEOUT,44,721.850,166278.630,,,15678,7690410,14924,7659062,75,6,,,,,,,false,
starexec,GEO491+1.p,e1b,equational,TIMEOUT,44,1386.314,166460.898,,,11220,4350052,10865,4327516,75,6,,,,,,,false,
starexec,GEO491+1.p,e1b,first-negative,TIMEOUT,44,2309.763,166525.549,,,17187,6007872,12508,5964302,75,6,,,,,,,false,
starexec,GEO491+1.p,e1b,occurrence,TIMEOUT,44,2189.541,166538.656,,,18885,3398087,17962,3334560,75,6,,,,,,,false,
starexec,GEO491+1.p,e1b,subsumption-light,TIMEOUT,44,1406.341,166556.419,,,4332,591679,4114,582769,75,6,,,,,,,false,
starexec,GEO491+1.p,e1b,unary-redundancy,TIMEOUT,44,2061.296,166793.772,,,4116,595080,3948,586150,75,6,,,,,,,false,
starexec,GEO491+1.p,e1b,weight-greedy,TIMEOUT,44,1468.248,166458.337,,,14800,4521218,14048,4290696,75,6,,,,,,,false,
starexec,GEO494+1.p,e1b,age-fair,TIMEOUT,66,2535.564,166587.291,,,7101,3826707,6580,3817058,101,6,,,,,,,false,
starexec,GEO494+1.p,e1b,balanced,TIMEOUT,66,885.702,166307.014,,,10097,6981730,9683,6958274,101,6,,,,,,,false,
starexec,GEO494+1.p,e1b,equational,TIMEOUT,66,1644.861,166643.597,,,9049,4382132,8087,4360548,101,6,,,,,,,false,
starexec,GEO494+1.p,e1b,first-negative,TIMEOUT,66,2738.864,166675.766,,,18823,5235413,13842,5163024,101,6,,,,,,,false,
starexec,GEO494+1.p,e1b,occurrence,TIMEOUT,66,2544.864,166582.637,,,12631,5251064,11732,5192904,101,6,,,,,,,false,
starexec,GEO494+1.p,e1b,subsumption-light,TIMEOUT,66,1666.153,166909.338,,,3704,728187,3451,719453,101,6,,,,,,,false,
starexec,GEO494+1.p,e1b,unary-redundancy,TIMEOUT,66,2603.240,166605.354,,,3670,723199,3423,714623,101,6,,,,,,,false,
starexec,GEO494+1.p,e1b,weight-greedy,TIMEOUT,66,1661.862,166512.224,,,11167,5290715,10687,5126323,101,6,,,,,,,false,
starexec,GEO498+1.p,e1b,age-fair,REFUTED,109,3566.795,3477.246,167.153,2878.282,611,11656,581,10926,162,4,1430,242216,10899,618,110,false,false,
starexec,GEO498+1.p,e1b,balanced,REFUTED,109,1213.686,575.063,73.693,1877.286,75,267,72,182,162,4,1331,237862,10578,618,110,false,false,
starexec,GEO498+1.p,e1b,equational,REFUTED,109,2335.865,1095.414,148.602,3467.777,103,290,100,175,162,4,1331,237862,10578,618,110,false,false,
starexec,GEO498+1.p,e1b,first-negative,REFUTED,109,3868.025,1083.941,97.838,2989.307,68,224,64,162,162,4,1430,242216,10899,618,110,false,false,
starexec,GEO498+1.p,e1b,occurrence,REFUTED,109,3512.871,905.656,107.129,2778.394,38,183,35,162,162,4,1430,242216,10899,618,110,false,false,
starexec,GEO498+1.p,e1b,subsumption-light,REFUTED,109,2539.856,1224.613,196.971,3261.457,75,267,72,182,162,4,1331,237862,10578,618,110,false,false,
starexec,GEO498+1.p,e1b,unary-redundancy,REFUTED,109,3579.831,1268.404,143.423,2802.323,69,251,65,175,162,4,1430,242216,10899,618,110,false,false,
starexec,GEO498+1.p,e1b,weight-greedy,REFUTED,109,2464.233,950.857,125.592,3227.993,32,173,30,162,162,4,1322,235796,10567,618,110,false,false,
starexec,GEO501+1.p,e1b,age-fair,TIMEOUT,122,2985.174,166654.853,,,12565,4449013,11596,4432223,179,5,,,,,,,false,
starexec,GEO501+1.p,e1b,balanced,TIMEOUT,122,1069.132,166307.551,,,20102,8537058,18792,8492230,179,5,,,,,,,false,
starexec,GEO501+1.p,e1b,equational,TIMEOUT,122,1896.300,166595.030,,,15630,5143370,14519,5108706,179,5,,,,,,,false,
starexec,GEO501+1.p,e1b,first-negative,TIMEOUT,122,3304.252,166676.121,,,16168,6328180,15208,6291848,179,5,,,,,,,false,
starexec,GEO501+1.p,e1b,occurrence,TIMEOUT,122,1945.698,166420.482,,,27155,7919794,26187,7802787,179,5,,,,,,,false,
starexec,GEO501+1.p,e1b,subsumption-light,TIMEOUT,122,1922.437,166992.983,,,7450,1192031,7297,1176541,179,5,,,,,,,false,
starexec,GEO501+1.p,e1b,unary-redundancy,TIMEOUT,122,2960.568,166740.568,,,7248,1120475,7095,1105471,179,5,,,,,,,false,
starexec,GEO501+1.p,e1b,weight-greedy,TIMEOUT,122,1286.572,166471.981,,,25237,9441183,24169,9175284,179,5,,,,,,,false,
starexec,GEO504+1.p,e1b,age-fair,REFUTED,130,3826.668,33009.183,165.045,3630.508,5877,982569,5769,974180,191,3,1711,221063,13144,791,131,false,false,
starexec,GEO504+1.p,e1b,balanced,REFUTED,130,1250.733,17163.770,62.244,1116.290,6244,1124162,6002,1109256,191,3,1588,213503,12750,791,131,false,false,
starexec,GEO504+1.p,e1b,equational,REFUTED,130,2593.007,35381.065,183.634,3474.833,6232,1115768,5981,1100838,191,3,1588,213503,12750,791,131,false,false,
starexec,GEO504+1.p,e1b,first-negative,REFUTED,130,4006.889,3650.265,106.536,1933.203,1046,25362,969,23016,191,3,1696,218724,13114,791,131,false,false,
starexec,GEO504+1.p,e1b,occurrence,REFUTED,130,3584.784,16092.897,84.472,2422.276,4860,583859,4554,560915,191,3,1703,219685,13123,791,131,false,false,
starexec,GEO504+1.p,e1b,subsumption-light,TIMEOUT,130,2018.932,166815.189,,,5731,1028383,5530,1014861,191,3,,,,,,,false,
starexec,GEO504+1.p,e1b,unary-redundancy,TIMEOUT,130,3275.993,166848.350,,,5812,1028062,5564,1014408,191,3,,,,,,,false,
starexec,GEO504+1.p,e1b,weight-greedy,REFUTED,130,2478.756,129394.057,169.075,3279.097,12802,4692297,12282,4493999,191,3,1597,214769,12738,791,131,false,false,
starexec,GEO513+1.p,e1b,age-fair,TIMEOUT,172,3605.743,166789.340,,,14493,3881755,14306,3863072,265,5,,,,,,,false,
starexec,GEO513+1.p,e1b,balanced,TIMEOUT,172,1253.275,166401.432,,,18842,7240748,18177,7197186,265,5,,,,,,,false,
starexec,GEO513+1.p,e1b,equational,TIMEOUT,172,2379.468,166839.143,,,14643,4490081,14403,4456505,265,5,,,,,,,false,
starexec,GEO513+1.p,e1b,first-negative,KILLED,,0.000,,,,,,,,,,,,,,,,false,killed before finishing
starexec,GEO513+1.p,e1b,occurrence,TIMEOUT,172,3722.319,166749.334,,,18373,5038591,17643,4950938,265,5,,,,,,,false,
starexec,GEO513+1.p,e1b,subsumption-light,TIMEOUT,172,2341.373,167090.088,,,7876,1091726,7550,1074026,265,5,,,,,,,false,
starexec,GEO513+1.p,e1b,unary-redundancy,KILLED,,0.000,,,,,,,,,,,,,,,,false,killed before finishing
starexec,GEO513+1.p,e1b,weight-greedy,TIMEOUT,172,2347.182,166700.220,,,18230,4527240,17695,4275575,265,5,,,,,,,false,
starexec,GEO514+1.p,e1b,equational,KILLED,,0.000,,,,,,,,,,,,,,,,false,killed before finishing
starexec,GEO514+1.p,e1b,first-negative,KILLED,,0.000,,,,,,,,,,,,,,,,false,killed before finishing
starexec,GEO514+1.p,e1b,occurrence,TIMEOUT,173,3750.815,166780.598,,,15164,4109589,14150,4030237,264,4,,,,,,,false,
starexec,GEO514+1.p,e1b,subsumption-light,KILLED,,0.000,,,,,,,,,,,,,,,,false,killed before finishing
starexec,GEO514+1.p,e1b,unary-redundancy,TIMEOUT,173,3805.457,166860.737,,,7132,903738,6680,886494,264,4,,,,,,,false,
starexec,GEO514+1.p,e1b,weight-greedy,TIMEOUT,173,2431.135,166897.680,,,16624,4954612,16145,4713287,264,4,,,,,,,false,
starexec,GEO517+1.p,e1b,age-fair,KILLED,,0.000,,,,,,,,,,,,,,,,false,killed before finishing
starexec,GEO517+1.p,e1b,balanced,TIMEOUT,180,1401.918,166464.675,,,26243,6703439,25853,6644867,277,8,,,,,,,false,
starexec,GEO517+1.p,e1b,equational,TIMEOUT,180,2552.536,166819.605,,,18166,3740939,17872,3702473,277,8,,,,,,,false,
starexec,GEO517+1.p,e1b,first-negative,KILLED,,0.000,,,,,,,,,,,,,,,,false,killed before finishing
starexec,GEO517+1.p,e1b,subsumption-light,TIMEOUT,180,2640.107,167064.579,,,6217,621828,6053,608820,277,8,,,,,,,false,
starexec,GEO517+1.p,e1b,unary-redundancy,KILLED,,0.000,,,,,,,,,,,,,,,,false,killed before finishing
starexec,GEO517+1.p,e1b,weight-greedy,TIMEOUT,180,2494.998,167798.271,,,18757,6033008,18102,5818619,277,8,,,,,,,false,
starexec,GEO520+1.p,e1b,equational,TIMEOUT,193,2446.257,166819.343,,,14748,4408271,14408,4376441,287,5,,,,,,,false,
starexec,GEO520+1.p,e1b,first-negative,KILLED,,0.000,,,,,,,,,,,,,,,,false,killed before finishing
starexec,GEO520+1.p,e1b,occurrence,KILLED,,0.000,,,,,,,,,,,,,,,,false,killed before finishing
starexec,GEO520+1.p,e1b,subsumption-light,TIMEOUT,193,2520.673,166826.847,,,7485,1023011,7073,1007589,287,5,,,,,,,false,
starexec,GEO520+1.p,e1b,unary-redundancy,KILLED,,0.000,,,,,,,,,,,,,,,,false,killed before finishing
starexec,GEO520+1.p,e1b,weight-greedy,TIMEOUT,193,2654.005,166852.430,,,19748,6051996,19035,5798337,287,5,,,,,,,false,
starexec,GEO523+1.p,e1b,age-fair,KILLED,,0.000,,,,,,,,,,,,,,,,false,killed before finishing
starexec,GEO523+1.p,e1b,balanced,TIMEOUT,200,1220.366,166370.202,,,17165,7731710,16782,7692706,294,4,,,,,,,false,
starexec,GEO523+1.p,e1b,equational,TIMEOUT,200,2472.036,166712.292,,,12789,4446457,12373,4416783,294,4,,,,,,,false,
starexec,GEO523+1.p,e1b,first-negative,KILLED,,0.000,,,,,,,,,,,,,,,,false,killed before finishing
starexec,GEO523+1.p,e1b,occurrence,REFUTED,200,4721.986,142408.377,217.039,6649.220,13581,4476002,13405,4406638,294,4,2671,502352,23190,983,201,false,false,
starexec,GEO523+1.p,e1b,subsumption-light,TIMEOUT,200,2586.088,167040.536,,,6664,1068247,6506,1052193,294,4,,,,,,,false,
starexec,GEO523+1.p,e1b,unary-redundancy,KILLED,,0.000,,,,,,,,,,,,,,,,false,killed before finishing
starexec,GEO523+1.p,e1b,weight-greedy,TIMEOUT,200,2544.037,166818.202,,,18684,5623137,18214,5331585,294,4,,,,,,,false,
starexec,GEO526+1.p,e1b,age-fair,KILLED,,0.000,,,,,,,,,,,,,,,,false,killed before finishing
starexec,GEO526+1.p,e1b,balanced,TIMEOUT,209,1401.146,166471.962,,,20046,7168076,19642,7122538,307,5,,,,,,,false,
starexec,GEO526+1.p,e1b,equational,TIMEOUT,209,2623.899,166740.984,,,15751,4046343,15376,4009874,307,5,,,,,,,false,
starexec,GEO526+1.p,e1b,occurrence,KILLED,,0.000,,,,,,,,,,,,,,,,false,killed before finishing
starexec,GEO526+1.p,e1b,subsumption-light,TIMEOUT,209,2580.483,166914.949,,,8071,1169122,7592,1151628,307,5,,,,,,,false,
starexec,GEO526+1.p,e1b,unary-redundancy,KILLED,,0.000,,,,,,,,,,,,,,,,false,killed before finishing
starexec,GEO526+1.p,e1b,weight-greedy,TIMEOUT,209,2666.930,166739.981,,,20880,5322590,19913,5094873,307,5,,,,,,,false,
starexec,GEO528+1.p,e1b,age-fair,KILLED,,0.000,,,,,,,,,,,,,,,,false,killed before finishing
starexec,GEO528+1.p,e1b,balanced,TIMEOUT,212,1365.234,166639.605,,,18269,7555851,17814,7515901,307,4,,,,,,,false,
starexec,GEO528+1.p,e1b,equational,TIMEOUT,212,2569.237,166843.345,,,13654,4172465,13321,4141635,307,4,,,,,,,false,
starexec,GEO528+1.p,e1b,first-negative,KILLED,,0.000,,,,,,,,,,,,,,,,false,killed before finishing
starexec,GEO528+1.p,e1b,occurrence,KILLED,,0.000,,,,,,,,,,,,,,,,false,killed before finishing
starexec,GEO528+1.p,e1b,subsumption-light,TIMEOUT,212,2636.328,166890.059,,,5950,800853,5585,787823,307,4,,,,,,,false,
starexec,GEO528+1.p,e1b,unary-redundancy,KILLED,,0.000,,,,,,,,,,,,,,,,false,killed before finishing
starexec,GEO528+1.p,e1b,weight-greedy,REFUTED,212,3455.098,24976.995,208.778,4838.896,5320,554001,5093,492787,307,4,2597,564108,23087,983,213,false,false,
starexec,GEO535+1.p,e1b,age-fair,TIMEOUT,227,2427.054,166477.709,,,18698,6627692,18420,6603326,335,6,,,,,,,false,
starexec,GEO535+1.p,e1b,balanced,TIMEOUT,227,1554.264,166516.075,,,19739,7471434,19463,7427710,335,6,,,,,,,false,
starexec,GEO535+1.p,e1b,equational,TIMEOUT,227,1522.866,166421.370,,,19258,7592860,18902,7551216,335,6,,,,,,,false,
starexec,GEO535+1.p,e1b,first-negative,TIMEOUT,227,1649.363,166329.805,,,26593,12600990,25638,12533382,335,6,,,,,,,false,
starexec,GEO535+1.p,e1b,occurrence,TIMEOUT,227,2318.437,166476.676,,,23005,7984981,22092,7867244,335,6,,,,,,,false,
starexec,GEO535+1.p,e1b,subsumption-light,TIMEOUT,227,1514.353,166638.066,,,11892,2578405,11486,2552181,335,6,,,,,,,false,
starexec,GEO535+1.p,e1b,unary-redundancy,TIMEOUT,227,2440.484,166612.919,,,11476,2530797,11048,2505665,335,6,,,,,,,false,
starexec,GEO535+1.p,e1b,weight-greedy,TIMEOUT,227,1547.163,166491.651,,,27521,8377739,25319,8032722,335,6,,,,,,,false,
starexec,GRA005+1.p,e1b,age-fair,REFUTED,17,2826.037,2011.196,125.265,6053.264,432,2058,419,1571,70,19,787,505728,3586,1991,18,false,false,
starexec,GRA005+1.p,e1b,balanced,REFUTED,17,1382.222,783.674,82.384,4100.580,280,911,270,585,83,21,844,566297,3819,2303,18,false,false,
starexec,GRA005+1.p,e1b,equational,REFUTED,17,2406.300,1360.450,125.802,7591.628,210,423,208,191,83,21,844,566324,3823,2303,18,false,false,
starexec,GRA005+1.p,e1b,first-negative,REFUTED,17,2983.286,2329.743,133.167,6288.734,643,3876,639,3122,70,19,788,506959,3589,1991,18,false,false,
starexec,GRA005+1.p,e1b,occurrence,REFUTED,17,2757.912,1357.218,109.675,5985.226,225,439,219,165,70,19,787,505755,3592,1991,18,false,false,
starexec,GRA005+1.p,e1b,subsumption-light,REFUTED,17,2744.748,2091.106,150.668,7785.915,391,1413,380,935,83,21,844,566297,3819,2303,18,false,false,
starexec,GRA005+1.p,e1b,unary-redundancy,REFUTED,17,2596.891,1538.629,134.417,5901.371,216,456,212,212,70,19,787,505755,3592,1991,18,false,false,
starexec,GRA005+1.p,e1b,weight-greedy,REFUTED,17,2901.722,5260.671,155.954,7695.215,659,29187,608,25473,83,21,844,566297,3819,2303,18,false,false,
starexec,GRA008+1.p,e1b,age-fair,TIMEOUT,17,1997.740,166491.279,,,32140,1613924,31057,1575886,70,18,,,,,,,false,
starexec,GRA008+1.p,e1b,balanced,TIMEOUT,17,931.183,166288.630,,,42956,4205789,41645,4123605,83,20,,,,,,,false,
starexec,GRA008+1.p,e1b,equational,TIMEOUT,17,1643.386,166577.900,,,31772,3033836,30672,2974310,83,20,,,,,,,false,
starexec,GRA008+1.p,e1b,first-negative,TIMEOUT,17,2178.434,167977.409,,,19347,10437441,18199,10406653,70,18,,,,,,,false,
starexec,GRA008+1.p,e1b,occurrence,TIMEOUT,17,2028.737,166569.865,,,34291,4336287,30896,4247259,70,18,,,,,,,false,
starexec,GRA008+1.p,e1b,subsumption-light,TIMEOUT,17,1696.723,166662.840,,,18259,1441107,17826,1410182,83,20,,,,,,,false,
starexec,GRA008+1.p,e1b,unary-redundancy,TIMEOUT,17,1995.597,166572.136,,,18402,1353014,17663,1322734,70,18,,,,,,,false,
starexec,GRA008+1.p,e1b,weight-greedy,TIMEOUT,17,1653.138,166555.891,,,13671,4500681,13363,4454303,83,20,,,,,,,false,
starexec,GRP652+2.p,e1b,age-fair,KILLED,,0.000,,,,,,,,,,,,,,,,false,killed before finishing
starexec,GRP652+2.p,e1b,balanced,KILLED,,0.000,,,,,,,,,,,,,,,,false,killed before finishing
starexec,GRP652+2.p,e1b,equational,KILLED,,0.000,,,,,,,,,,,,,,,,false,killed before finishing
starexec,GRP652+2.p,e1b,first-negative,KILLED,,0.000,,,,,,,,,,,,,,,,false,killed before finishing
starexec,GRP652+2.p,e1b,occurrence,KILLED,,0.000,,,,,,,,,,,,,,,,false,killed before finishing
starexec,GRP652+2.p,e1b,subsumption-light,KILLED,,0.000,,,,,,,,,,,,,,,,false,killed before finishing
starexec,GRP652+2.p,e1b,unary-redundancy,KILLED,,0.000,,,,,,,,,,,,,,,,false,killed before finishing
starexec,GRP652+2.p,e1b,weight-greedy,KILLED,,0.000,,,,,,,,,,,,,,,,false,killed before finishing
starexec,GRP654+1.p,e1b,age-fair,HARD_TIMEOUT,5,0.000,,,,,,,,,,,,,,,,false,
starexec,GRP654+1.p,e1b,balanced,TIMEOUT,5,366.383,166681.106,,,456,1682137,312,1678809,6,1,,,,,,,false,
starexec,GRP654+1.p,e1b,equational,HARD_TIMEOUT,5,0.000,,,,,,,,,,,,,,,,false,
starexec,GRP654+1.p,e1b,first-negative,TIMEOUT,5,1007.377,166268.209,,,358,779351,262,777276,6,1,,,,,,,false,
starexec,GRP654+1.p,e1b,occurrence,TIMEOUT,5,857.438,166266.374,,,1432,2746760,1141,2724783,6,1,,,,,,,false,
starexec,GRP654+1.p,e1b,subsumption-light,HARD_TIMEOUT,5,0.000,,,,,,,,,,,,,,,,false,
starexec,GRP654+1.p,e1b,unary-redundancy,TIMEOUT,5,849.855,167066.157,,,336,802023,235,800085,6,1,,,,,,,false,
starexec,GRP654+1.p,e1b,weight-greedy,TIMEOUT,5,724.821,166810.405,,,1771,3038582,1187,2993241,6,1,,,,,,,false,
starexec,GRP655+3.p,e1b,age-fair,TIMEOUT,5,891.164,166584.156,,,639,1263272,391,1262011,6,2,,,,,,,false,
starexec,GRP655+3.p,e1b,balanced,TIMEOUT,5,390.499,166592.493,,,1087,2738835,720,2735297,6,2,,,,,,,false,
starexec,GRP655+3.p,e1b,equational,TIMEOUT,5,773.054,166357.831,,,755,1476683,515,1474287,6,2,,,,,,,false,
starexec,GRP655+3.p,e1b,first-negative,TIMEOUT,5,934.277,168862.454,,,760,1376348,486,1373902,6,2,,,,,,,false,
starexec,GRP655+3.p,e1b,occurrence,TIMEOUT,5,865.904,166476.370,,,1485,2552382,966,2539791,6,2,,,,,,,false,
starexec,GRP655+3.p,e1b,subsumption-light,TIMEOUT,5,780.783,166465.435,,,793,1509643,526,1507003,6,2,,,,,,,false,
starexec,GRP655+3.p,e1b,unary-redundancy,TIMEOUT,5,884.620,166910.540,,,780,1502869,512,1500443,6,2,,,,,,,false,
starexec,GRP655+3.p,e1b,weight-greedy,TIMEOUT,5,771.144,166580.147,,,1844,3451711,1337,3411538,6,2,,,,,,,false,
starexec,GRP748+1.p,e1b,age-fair,TIMEOUT,11,1180.434,166542.558,,,1032,2426486,837,2424046,15,12,,,,,,,false,
starexec,GRP748+1.p,e1b,balanced,TIMEOUT,11,509.940,166472.804,,,1309,4125023,1002,4120117,15,12,,,,,,,false,
starexec,GRP748+1.p,e1b,equational,TIMEOUT,11,933.619,166603.132,,,1092,2497579,887,2493445,15,12,,,,,,,false,
starexec,GRP748+1.p,e1b,first-negative,TIMEOUT,11,1236.313,166414.206,,,1104,3162563,952,3158745,15,12,,,,,,,false,
starexec,GRP748+1.p,e1b,occurrence,TIMEOUT,11,1169.750,166498.514,,,1203,2599886,1049,2590519,15,12,,,,,,,false,
starexec,GRP748+1.p,e1b,subsumption-light,TIMEOUT,11,695.665,166803.975,,,1105,2576106,887,2571940,15,12,,,,,,,false,
starexec,GRP748+1.p,e1b,unary-redundancy,TIMEOUT,11,808.081,166468.701,,,1116,2549504,854,2545336,15,12,,,,,,,false,
starexec,GRP748+1.p,e1b,weight-greedy,TIMEOUT,11,703.740,166463.070,,,2251,3698520,2038,3657599,15,12,,,,,,,false,
starexec,HWV051+1.p,e1b,age-fair,KILLED,,0.000,,,,,,,,,,,,,,,,false,killed before finishing
starexec,HWV051+1.p,e1b,balanced,TIMEOUT,724,1260.398,166535.891,,,52199,237836,50308,156256,919,5,,,,,,,false,
starexec,HWV051+1.p,e1b,equational,TIMEOUT,724,2573.253,166958.066,,,42497,180444,38906,113654,919,5,,,,,,,false,
starexec,HWV051+1.p,e1b,first-negative,KILLED,,0.000,,,,,,,,,,,,,,,,false,killed before finishing
starexec,HWV051+1.p,e1b,occurrence,KILLED,,0.000,,,,,,,,,,,,,,,,false,killed before finishing
starexec,HWV051+1.p,e1b,unary-redundancy,KILLED,,0.000,,,,,,,,,,,,,,,,false,killed before finishing
starexec,HWV051+1.p,e1b,weight-greedy,KILLED,,0.000,,,,,,,,,,,,,,,,false,killed before finishing
starexec,ITP002+2.p,e1b,age-fair,TIMEOUT,33,1848.880,166591.419,,,15226,1326835,15029,1310898,49,8,,,,,,,false,
starexec,ITP002+2.p,e1b,balanced,TIMEOUT,33,817.818,166271.905,,,20458,1267688,20196,1239863,58,9,,,,,,,false,
starexec,ITP002+2.p,e1b,equational,TIMEOUT,33,1625.865,166575.452,,,15647,902001,15451,881054,58,9,,,,,,,false,
starexec,ITP002+2.p,e1b,first-negative,KILLED,,0.000,,,,,,,,,,,,,,,,false,killed before finishing
starexec,ITP002+2.p,e1b,occurrence,TIMEOUT,33,1925.386,166551.747,,,16797,284517,16590,256591,49,8,,,,,,,false,
starexec,ITP002+2.p,e1b,subsumption-light,TIMEOUT,33,1609.316,166632.193,,,10119,453484,10030,440298,58,9,,,,,,,false,
starexec,ITP002+2.p,e1b,unary-redundancy,TIMEOUT,33,1910.676,167025.351,,,10093,432216,10003,419290,49,8,,,,,,,false,
starexec,ITP002+2.p,e1b,weight-greedy,TIMEOUT,33,1101.900,166415.501,,,4148,2597564,3559,2553821,58,9,,,,,,,false,
starexec,ITP004+1.p,e1b,age-fair,TIMEOUT,30,1686.980,166541.855,,,987,1571748,931,1568964,56,6,,,,,,,false,
starexec,ITP004+1.p,e1b,balanced,TIMEOUT,30,466.841,166733.067,,,2775,7465581,2661,7448627,56,6,,,,,,,false,
starexec,ITP004+1.p,e1b,equational,TIMEOUT,30,850.562,166405.951,,,2453,4649273,2343,4635505,56,6,,,,,,,false,
starexec,ITP004+1.p,e1b,first-negative,REFUTED,30,1896.866,82899.692,132.382,1949.653,1838,2208635,1720,2195702,56,6,519,151569,2592,836,31,false,false,
starexec,ITP004+1.p,e1b,occurrence,REFUTED,30,1649.018,49974.872,178.527,1969.861,1324,1785782,1261,1767879,56,6,516,151073,2605,836,31,false,false,
starexec,ITP004+1.p,e1b,subsumption-light,TIMEOUT,30,841.298,166447.740,,,1485,1994282,1404,1984906,56,6,,,,,,,false,
starexec,ITP004+1.p,e1b,unary-redundancy,TIMEOUT,30,1639.283,166657.924,,,1386,1767249,1318,1758343,56,6,,,,,,,false,
starexec,ITP004+1.p,e1b,weight-greedy,REFUTED,30,1129.362,32343.378,81.653,1412.335,1283,1107649,1151,1071895,56,6,469,142779,2705,836,31,false,false,
starexec,ITP004+4.p,e1b,age-fair,KILLED,,0.000,,,,,,,,,,,,,,,,false,killed before finishing
starexec,ITP004+4.p,e1b,balanced,KILLED,,0.000,,,,,,,,,,,,,,,,false,killed before finishing
starexec,ITP004+4.p,e1b,equational,KILLED,,0.000,,,,,,,,,,,,,,,,false,killed before finishing
starexec,ITP004+4.p,e1b,occurrence,KILLED,,0.000,,,,,,,,,,,,,,,,false,killed before finishing
starexec,ITP004+4.p,e1b,subsumption-light,KILLED,,0.000,,,,,,,,,,,,,,,,false,killed before finishing
starexec,ITP004+4.p,e1b,unary-redundancy,KILLED,,0.000,,,,,,,,,,,,,,,,false,killed before finishing
starexec,ITP004+4.p,e1b,weight-greedy,KILLED,,0.000,,,,,,,,,,,,,,,,false,killed before finishing
starexec,ITP006+2.p,e1b,age-fair,TIMEOUT,51,3214.308,166681.495,,,20319,2886697,20035,2863673,136,31,,,,,,,false,
starexec,ITP006+2.p,e1b,balanced,TIMEOUT,51,1137.343,166393.824,,,30187,6003931,27636,5953356,243,40,,,,,,,false,
starexec,ITP006+2.p,e1b,equational,TIMEOUT,51,2304.444,166794.855,,,22294,3758495,20583,3722157,243,40,,,,,,,false,
starexec,ITP006+2.p,e1b,first-negative,TIMEOUT,51,2107.550,166478.477,,,18321,9967822,18210,9948835,136,31,,,,,,,false,
starexec,ITP006+2.p,e1b,occurrence,TIMEOUT,51,2966.493,166605.388,,,26363,2078806,22844,2002217,136,31,,,,,,,false,
starexec,ITP006+2.p,e1b,subsumption-light,TIMEOUT,51,2379.591,166913.323,,,11689,1455202,10948,1436732,243,40,,,,,,,false,
starexec,ITP006+2.p,e1b,unary-redundancy,TIMEOUT,51,2945.009,166662.550,,,13123,1027099,11489,1004458,136,31,,,,,,,false,
starexec,ITP006+2.p,e1b,weight-greedy,TIMEOUT,51,2273.571,166758.937,,,32597,3071464,28078,2917827,243,40,,,,,,,false,
starexec,ITP006+4.p,e1b,age-fair,KILLED,,0.000,,,,,,,,,,,,,,,,false,killed before finishing
starexec,ITP006+4.p,e1b,balanced,KILLED,,0.000,,,,,,,,,,,,,,,,false,killed before finishing
starexec,ITP006+4.p,e1b,equational,KILLED,,0.000,,,,,,,,,,,,,,,,false,killed before finishing
starexec,ITP006+4.p,e1b,first-negative,KILLED,,0.000,,,,,,,,,,,,,,,,false,killed before finishing
starexec,ITP006+4.p,e1b,occurrence,KILLED,,0.000,,,,,,,,,,,,,,,,false,killed before finishing
starexec,ITP006+4.p,e1b,subsumption-light,KILLED,,0.000,,,,,,,,,,,,,,,,false,killed before finishing
starexec,ITP006+4.p,e1b,unary-redundancy,KILLED,,0.000,,,,,,,,,,,,,,,,false,killed before finishing
starexec,ITP006+4.p,e1b,weight-greedy,KILLED,,0.000,,,,,,,,,,,,,,,,false,killed before finishing
starexec,ITP009+2.p,e1b,age-fair,TIMEOUT,36,2673.063,166601.287,,,11797,2355495,11515,2341784,66,15,,,,,,,false,
starexec,ITP009+2.p,e1b,balanced,TIMEOUT,36,1307.532,166348.320,,,19824,1956779,19494,1928857,99,18,,,,,,,false,
starexec,ITP009+2.p,e1b,equational,TIMEOUT,36,2402.586,166594.323,,,14944,1440078,14683,1418485,99,18,,,,,,,false,
starexec,ITP009+2.p,e1b,first-negative,TIMEOUT,36,2869.639,166657.611,,,9541,8401997,9516,8392438,66,15,,,,,,,false,
starexec,ITP009+2.p,e1b,occurrence,TIMEOUT,36,2646.634,166602.573,,,27549,894415,27006,833810,66,15,,,,,,,false,
starexec,ITP009+2.p,e1b,subsumption-light,TIMEOUT,36,2515.697,166777.524,,,7249,569697,7023,559017,99,18,,,,,,,false,
starexec,ITP009+2.p,e1b,unary-redundancy,TIMEOUT,36,2675.763,166723.288,,,8265,586912,8139,574230,66,15,,,,,,,false,
starexec,ITP009+2.p,e1b,weight-greedy,TIMEOUT,36,2633.451,167984.381,,,8487,2296406,8314,2235833,99,18,,,,,,,false,
starexec,ITP012+4.p,e1b,age-fair,KILLED,,0.000,,,,,,,,,,,,,,,,false,killed before finishing
starexec,ITP012+4.p,e1b,balanced,KILLED,,0.000,,,,,,,,,,,,,,,,false,killed before finishing
starexec,ITP012+4.p,e1b,equational,KILLED,,0.000,,,,,,,,,,,,,,,,false,killed before finishing
starexec,ITP012+4.p,e1b,first-negative,KILLED,,0.000,,,,,,,,,,,,,,,,false,killed before finishing
starexec,ITP012+4.p,e1b,occurrence,KILLED,,0.000,,,,,,,,,,,,,,,,false,killed before finishing
starexec,ITP012+4.p,e1b,subsumption-light,KILLED,,0.000,,,,,,,,,,,,,,,,false,killed before finishing
starexec,ITP012+4.p,e1b,unary-redundancy,KILLED,,0.000,,,,,,,,,,,,,,,,false,killed before finishing
starexec,ITP012+4.p,e1b,weight-greedy,KILLED,,0.000,,,,,,,,,,,,,,,,false,killed before finishing
starexec,ITP012+5.p,e1b,age-fair,KILLED,,0.000,,,,,,,,,,,,,,,,false,killed before finishing
starexec,ITP012+5.p,e1b,occurrence,KILLED,,0.000,,,,,,,,,,,,,,,,false,killed before finishing
starexec,ITP012+5.p,e1b,subsumption-light,KILLED,,0.000,,,,,,,,,,,,,,,,false,killed before finishing
starexec,ITP012+5.p,e1b,unary-redundancy,KILLED,,0.000,,,,,,,,,,,,,,,,false,killed before finishing
starexec,ITP012+5.p,e1b,weight-greedy,KILLED,,0.000,,,,,,,,,,,,,,,,false,killed before finishing
starexec,ITP013+1.p,e1b,age-fair,KILLED,,0.000,,,,,,,,,,,,,,,,false,killed before finishing
starexec,ITP013+1.p,e1b,balanced,TIMEOUT,45,862.632,166482.907,,,1215,2562564,1153,2555644,108,8,,,,,,,false,
starexec,ITP013+1.p,e1b,equational,TIMEOUT,45,1585.945,167839.448,,,1071,1532293,1010,1525719,108,8,,,,,,,false,
starexec,ITP013+1.p,e1b,first-negative,TIMEOUT,45,2370.095,167598.796,,,1383,1973119,1310,1966755,84,7,,,,,,,false,
starexec,ITP013+1.p,e1b,occurrence,TIMEOUT,45,2117.753,167204.025,,,2331,1902314,2094,1883317,84,7,,,,,,,false,
starexec,ITP013+1.p,e1b,subsumption-light,TIMEOUT,45,1642.918,167640.488,,,1050,1428634,991,1422212,108,8,,,,,,,false,
starexec,ITP013+1.p,e1b,unary-redundancy,TIMEOUT,45,2178.976,167163.672,,,1040,1389407,975,1383465,84,7,,,,,,,false,
starexec,ITP013+1.p,e1b,weight-greedy,TIMEOUT,45,1621.078,166851.688,,,4057,4586620,3850,4506040,108,8,,,,,,,false,
starexec,ITP018+5.p,e1b,age-fair,KILLED,,0.000,,,,,,,,,,,,,,,,false,killed before finishing
starexec,ITP018+5.p,e1b,equational,KILLED,,0.000,,,,,,,,,,,,,,,,false,killed before finishing
starexec,ITP018+5.p,e1b,first-negative,KILLED,,0.000,,,,,,,,,,,,,,,,false,killed before finishing
starexec,ITP018+5.p,e1b,occurrence,KILLED,,0.000,,,,,,,,,,,,,,,,false,killed before finishing
starexec,ITP018+5.p,e1b,subsumption-light,KILLED,,0.000,,,,,,,,,,,,,,,,false,killed before finishing
starexec,ITP018+5.p,e1b,unary-redundancy,KILLED,,0.000,,,,,,,,,,,,,,,,false,killed before finishing
starexec,ITP018+5.p,e1b,weight-greedy,KILLED,,0.000,,,,,,,,,,,,,,,,false,killed before finishing
starexec,ITP020+2.p,e1b,age-fair,REFUTED,62,5865.969,36576.652,114.576,66062.735,5735,623388,5555,616844,175,45,2154,2986627,8457,3507,63,false,false,
starexec,ITP020+2.p,e1b,balanced,TIMEOUT,62,1327.748,166453.527,,,32669,9077987,30337,9002748,293,55,,,,,,,false,
starexec,ITP020+2.p,e1b,equational,TIMEOUT,62,2503.237,166845.561,,,23471,5255449,21827,5201380,293,55,,,,,,,false,
starexec,ITP020+2.p,e1b,first-negative,TIMEOUT,62,3222.061,166747.091,,,19934,7907491,19579,7886982,175,45,,,,,,,false,
starexec,ITP020+2.p,e1b,occurrence,TIMEOUT,62,3092.274,166723.425,,,21435,3309319,15885,3249437,175,45,,,,,,,false,
starexec,ITP020+2.p,e1b,subsumption-light,REFUTED,62,5310.931,43678.475,216.794,85949.998,3727,147900,3307,141128,293,55,2558,2950700,10993,2968,63,false,false,
starexec,ITP020+2.p,e1b,unary-redundancy,REFUTED,62,5524.591,8917.721,164.181,64569.541,1202,25384,1119,23694,175,45,2154,2986627,8457,3507,63,false,false,
starexec,ITP020+2.p,e1b,weight-greedy,HARD_TIMEOUT,62,0.000,,,,,,,,,,,,,,,,false,
starexec,ITP020+4.p,e1b,age-fair,KILLED,,0.000,,,,,,,,,,,,,,,,false,killed before finishing
starexec,ITP020+4.p,e1b,balanced,KILLED,,0.000,,,,,,,,,,,,,,,,false,killed before finishing
starexec,ITP020+4.p,e1b,equational,KILLED,,0.000,,,,,,,,,,,,,,,,false,killed before finishing
starexec,ITP020+4.p,e1b,first-negative,KILLED,,0.000,,,,,,,,,,,,,,,,false,killed before finishing
starexec,ITP020+4.p,e1b,occurrence,KILLED,,0.000,,,,,,,,,,,,,,,,false,killed before finishing
starexec,ITP020+4.p,e1b,subsumption-light,KILLED,,0.000,,,,,,,,,,,,,,,,false,killed before finishing
starexec,ITP020+4.p,e1b,unary-redundancy,KILLED,,0.000,,,,,,,,,,,,,,,,false,killed before finishing
starexec,ITP020+4.p,e1b,weight-greedy,KILLED,,0.000,,,,,,,,,,,,,,,,false,killed before finishing
starexec,ITP023+2.p,e1b,age-fair,TIMEOUT,58,2309.085,166584.073,,,15680,2150933,15450,2133904,103,15,,,,,,,false,
starexec,ITP023+2.p,e1b,balanced,TIMEOUT,58,923.292,166357.941,,,28381,5267098,26528,5213918,239,27,,,,,,,false,
starexec,ITP023+2.p,e1b,equational,TIMEOUT,58,1808.184,166766.989,,,22981,2882918,20791,2842218,239,27,,,,,,,false,
starexec,ITP023+2.p,e1b,first-negative,TIMEOUT,58,2518.534,166641.007,,,24038,12172686,23814,12148007,103,15,,,,,,,false,
starexec,ITP023+2.p,e1b,occurrence,TIMEOUT,58,2224.141,166591.230,,,27797,1645792,26441,1561206,103,15,,,,,,,false,
starexec,ITP023+2.p,e1b,subsumption-light,REFUTED,58,3310.763,44934.071,126.408,32042.553,6086,370750,5678,360776,239,27,1525,1086404,5978,1519,59,false,false,
starexec,ITP023+2.p,e1b,unary-redundancy,REFUTED,58,3515.899,5290.992,113.207,10065.725,980,12855,943,11414,103,15,1052,473421,3304,1026,59,false,false,
starexec,ITP023+2.p,e1b,weight-greedy,REFUTED,58,2384.513,3361.619,112.879,19837.997,1806,13623,1755,8466,239,27,1525,1086438,5997,1519,59,false,false,
starexec,KLE100+1.p,e1b,age-fair,TIMEOUT,26,1110.141,166525.640,,,2091,4732721,1952,4725093,29,3,,,,,,,false,
starexec,KLE100+1.p,e1b,balanced,TIMEOUT,26,478.738,167163.642,,,3141,11460128,2801,11431028,29,3,,,,,,,false,
starexec,KLE100+1.p,e1b,equational,TIMEOUT,26,933.938,166817.460,,,2552,6673826,2235,6656718,29,3,,,,,,,false,
starexec,KLE100+1.p,e1b,first-negative,TIMEOUT,26,1094.553,166531.920,,,2530,6448296,2174,6431390,29,3,,,,,,,false,
starexec,KLE100+1.p,e1b,occurrence,TIMEOUT,26,1082.819,166378.684,,,3060,6726081,2548,6684514,29,3,,,,,,,false,
starexec,KLE100+1.p,e1b,subsumption-light,TIMEOUT,26,948.528,166378.887,,,2253,4521312,1946,4507350,29,3,,,,,,,false,
starexec,KLE100+1.p,e1b,unary-redundancy,TIMEOUT,26,1065.791,166427.447,,,2619,6782153,2271,6765461,29,3,,,,,,,false,
starexec,KLE100+1.p,e1b,weight-greedy,TIMEOUT,26,904.470,166343.679,,,7313,7629896,5793,7367040,29,3,,,,,,,false,
starexec,KLE169+1.p,e1b,age-fair,TIMEOUT,17,900.859,166433.112,,,1663,5224962,1578,5216449,19,0,,,,,,,false,
starexec,KLE169+1.p,e1b,balanced,TIMEOUT,17,378.441,166238.229,,,2330,9606109,2219,9584461,19,0,,,,,,,false,
starexec,KLE169+1.p,e1b,equational,TIMEOUT,17,781.842,166404.203,,,1888,5244888,1785,5231956,19,0,,,,,,,false,
starexec,KLE169+1.p,e1b,first-negative,TIMEOUT,17,689.375,166341.290,,,2017,6084058,1937,6068832,19,0,,,,,,,false,
starexec,KLE169+1.p,e1b,occurrence,TIMEOUT,17,894.665,166378.513,,,2410,5546047,2314,5511600,19,0,,,,,,,false,
starexec,KLE169+1.p,e1b,subsumption-light,TIMEOUT,17,785.839,166760.742,,,1862,5213542,1771,5200052,19,0,,,,,,,false,
starexec,KLE169+1.p,e1b,unary-redundancy,TIMEOUT,17,938.898,166380.424,,,1882,5209751,1775,5197079,19,0,,,,,,,false,
starexec,KLE169+1.p,e1b,weight-greedy,TIMEOUT,17,765.895,166331.224,,,6489,8184620,5934,8024443,19,0,,,,,,,false,
starexec,KLE170+1.002.p,e1b,age-fair,TIMEOUT,16,927.435,166432.129,,,1624,5266706,1528,5258692,18,0,,,,,,,false,
starexec,KLE170+1.002.p,e1b,balanced,TIMEOUT,16,292.136,166120.724,,,2334,9493633,2212,9468378,18,0,,,,,,,false,
starexec,KLE170+1.002.p,e1b,equational,TIMEOUT,16,531.634,166397.264,,,1738,5366077,1690,5353289,18,0,,,,,,,false,
starexec,KLE170+1.002.p,e1b,first-negative,TIMEOUT,16,901.110,166370.101,,,1753,5041984,1685,5028682,18,0,,,,,,,false,
starexec,KLE170+1.002.p,e1b,occurrence,TIMEOUT,16,654.702,166344.940,,,2178,5451654,2061,5420337,18,0,,,,,,,false,
starexec,KLE170+1.002.p,e1b,subsumption-light,TIMEOUT,16,753.383,166404.394,,,1717,5312616,1606,5299046,18,0,,,,,,,false,
starexec,KLE170+1.002.p,e1b,unary-redundancy,TIMEOUT,16,926.622,166323.853,,,1834,5357449,1709,5345537,18,0,,,,,,,false,
starexec,KLE170+1.002.p,e1b,weight-greedy,REFUTED,16,1026.453,72109.612,300.665,681.337,3769,3255140,3439,3164120,18,0,396,13435,778,88,17,false,false,
starexec,KRS187+1.p,e1b,age-fair,TIMEOUT,32,2595.298,166631.164,,,6939,7744252,6419,7734308,120,70,,,,,,,false,
starexec,KRS187+1.p,e1b,balanced,REFUTED,32,1809.101,91445.610,41.358,8673.297,13229,9896063,12011,9859809,129,74,2138,2391295,6027,2717,33,false,false,
starexec,KRS187+1.p,e1b,equational,TIMEOUT,32,2015.202,166547.261,,,12416,9254779,11222,9219929,129,74,,,,,,,false,
starexec,KRS187+1.p,e1b,first-negative,TIMEOUT,32,2848.620,166694.508,,,11896,7249972,11164,7215460,120,70,,,,,,,false,
starexec,KRS187+1.p,e1b,occurrence,TIMEOUT,32,2488.960,166585.290,,,8732,8177469,8050,8125097,120,70,,,,,,,false,
starexec,KRS187+1.p,e1b,subsumption-light,TIMEOUT,32,1993.446,166714.423,,,5399,4083835,4864,4069189,129,74,,,,,,,false,
starexec,KRS187+1.p,e1b,unary-redundancy,TIMEOUT,32,2614.188,166598.416,,,5268,3108658,4920,3094900,120,70,,,,,,,false,
starexec,KRS187+1.p,e1b,weight-greedy,REFUTED,32,4372.635,2725.236,99.374,21459.792,1022,9093,965,5490,129,74,2138,2391295,6027,2717,33,false,false,
starexec,KRS190+1.p,e1b,age-fair,TIMEOUT,32,2597.128,166560.419,,,6947,7766777,6427,7756823,120,70,,,,,,,false,
starexec,KRS190+1.p,e1b,balanced,REFUTED,32,2178.726,92076.206,48.962,14462.198,12550,9367489,11356,9332453,129,74,2138,2391295,6027,2717,33,false,false,
starexec,KRS190+1.p,e1b,equational,KILLED,,0.000,,,,,,,,,,,,,,,,false,killed before finishing
starexec,KRS190+1.p,e1b,occurrence,TIMEOUT,32,2600.305,166503.643,,,8736,8190050,8054,8137608,120,70,,,,,,,false,
starexec,KRS190+1.p,e1b,subsumption-light,TIMEOUT,32,1928.901,166683.892,,,5437,4144020,4902,4129276,129,74,,,,,,,false,
starexec,KRS190+1.p,e1b,unary-redundancy,TIMEOUT,32,2484.639,166592.711,,,5281,3131342,4933,3117548,120,70,,,,,,,false,
starexec,KRS190+1.p,e1b,weight-greedy,REFUTED,32,4541.933,2403.044,102.949,26420.108,872,7456,815,4853,129,74,2138,2391295,6027,2717,33,false,false,
starexec,KRS192+1.p,e1b,age-fair,TIMEOUT,32,1434.730,166398.703,,,9219,13509978,8528,13496207,120,70,,,,,,,false,
starexec,KRS192+1.p,e1b,balanced,TIMEOUT,32,1131.121,166309.294,,,18754,16321831,17028,16269011,129,74,,,,,,,false,
starexec,KRS192+1.p,e1b,equational,TIMEOUT,32,1137.283,166310.170,,,18438,16030008,16729,15977956,129,74,,,,,,,false,
starexec,KRS192+1.p,e1b,first-negative,TIMEOUT,32,1572.718,166364.879,,,17420,12915886,16610,12865152,120,70,,,,,,,false,
starexec,KRS192+1.p,e1b,occurrence,TIMEOUT,32,1452.403,166295.295,,,11447,13750614,10296,13675082,120,70,,,,,,,false,
starexec,KRS192+1.p,e1b,subsumption-light,TIMEOUT,32,1163.229,166337.414,,,9177,7057108,8342,7027630,129,74,,,,,,,false,
starexec,KRS192+1.p,e1b,unary-redundancy,TIMEOUT,32,1465.833,166324.824,,,6483,4622408,6048,4604684,120,70,,,,,,,false,
starexec,KRS192+1.p,e1b,weight-greedy,TIMEOUT,32,1123.910,166287.727,,,36954,7998982,33474,7375588,129,74,,,,,,,false,
starexec,KRS195+1.p,e1b,age-fair,TIMEOUT,32,2739.855,166573.277,,,6733,7165499,6215,7155907,120,70,,,,,,,false,
starexec,KRS195+1.p,e1b,balanced,REFUTED,32,2295.233,103391.661,55.052,14819.777,13663,10306518,12428,10269402,129,74,2138,2391295,6028,2717,33,false,false,
starexec,KRS195+1.p,e1b,equational,TIMEOUT,32,2046.109,166558.371,,,12113,9044825,10919,9010465,129,74,,,,,,,false,
starexec,KRS195+1.p,e1b,first-negative,REFUTED,32,4209.744,88122.400,80.218,15824.474,9173,4541080,8759,4514584,120,70,2068,2103737,5587,2511,33,false,false,
starexec,KRS195+1.p,e1b,occurrence,TIMEOUT,32,2692.419,166586.341,,,8729,8156881,8047,8104554,120,70,,,,,,,false,
starexec,KRS195+1.p,e1b,subsumption-light,TIMEOUT,32,2080.030,166684.058,,,5335,3994946,4802,3980450,129,74,,,,,,,false,
starexec,KRS195+1.p,e1b,unary-redundancy,TIMEOUT,32,2620.369,166819.117,,,5233,3048235,4888,3034567,120,70,,,,,,,false,
starexec,KRS195+1.p,e1b,weight-greedy,REFUTED,32,4229.655,3211.427,105.282,17791.896,1275,9570,1218,5636,129,74,2138,2391295,6028,2717,33,false,false,
starexec,KRS196+1.p,e1b,age-fair,TIMEOUT,32,2446.781,166381.687,,,6850,7491525,6331,7481747,120,70,,,,,,,false,
starexec,KRS196+1.p,e1b,balanced,REFUTED,32,2555.485,89374.263,54.057,17310.952,12705,9449080,11510,9413828,129,74,2138,2391295,6026,2717,33,false,false,
starexec,KRS196+1.p,e1b,equational,TIMEOUT,32,1962.011,166509.533,,,12487,9321147,11293,9286183,129,74,,,,,,,false,
starexec,KRS196+1.p,e1b,first-negative,REFUTED,32,4687.864,129124.490,112.181,24182.883,10351,5598765,9648,5567881,120,70,2068,2103737,5590,2511,33,false,false,
starexec,KRS196+1.p,e1b,occurrence,TIMEOUT,32,2489.808,167540.261,,,8807,8369410,8079,8316273,120,70,,,,,,,false,
starexec,KRS196+1.p,e1b,subsumption-light,TIMEOUT,32,1915.699,166535.120,,,5418,4116876,4883,4102178,129,74,,,,,,,false,
starexec,KRS196+1.p,e1b,unary-redundancy,TIMEOUT,32,2330.430,167292.012,,,5279,3129263,4931,3115473,120,70,,,,,,,false,
starexec,KRS196+1.p,e1b,weight-greedy,REFUTED,32,4591.737,2658.968,103.897,25371.373,882,7660,825,4904,129,74,2138,2391295,6026,2717,33,false,false,
starexec,KRS216+1.p,e1b,age-fair,TIMEOUT,32,2510.866,166538.947,,,6946,7764441,6426,7754488,120,70,,,,,,,false,
starexec,KRS216+1.p,e1b,balanced,TIMEOUT,32,1071.980,166308.912,,,19022,16666271,17321,16612753,129,74,,,,,,,false,
starexec,KRS216+1.p,e1b,first-negative,TIMEOUT,32,2901.956,166658.897,,,12235,7567641,11495,7532393,120,70,,,,,,,false,
starexec,KRS216+1.p,e1b,occurrence,TIMEOUT,32,2576.977,166619.355,,,8910,8611541,8125,8557214,120,70,,,,,,,false,
starexec,KRS216+1.p,e1b,subsumption-light,TIMEOUT,32,2024.311,166693.184,,,5462,4188382,4926,4173514,129,74,,,,,,,false,
starexec,KRS216+1.p,e1b,unary-redundancy,TIMEOUT,32,2656.964,166814.458,,,5296,3156208,4948,3142384,120,70,,,,,,,false,
starexec,KRS216+1.p,e1b,weight-greedy,REFUTED,32,4850.636,7547.293,136.017,25602.727,2849,51395,2597,38919,129,74,2199,2527337,6094,2717,33,false,false,
starexec,KRS233+1.p,e1b,age-fair,TIMEOUT,32,2369.025,166755.745,,,6948,7775075,6428,7765120,120,70,,,,,,,false,
starexec,KRS233+1.p,e1b,balanced,TIMEOUT,32,692.265,166188.831,,,21090,19513739,19311,19455985,129,74,,,,,,,false,
starexec,KRS233+1.p,e1b,equational,TIMEOUT,32,1264.054,166359.344,,,14658,11258275,13136,11218777,129,74,,,,,,,false,
starexec,KRS233+1.p,e1b,first-negative,TIMEOUT,32,2520.932,166631.215,,,13325,8679290,12581,8641621,120,70,,,,,,,false,
starexec,KRS233+1.p,e1b,occurrence,TIMEOUT,32,1609.520,166377.765,,,9576,10060280,8579,10000397,120,70,,,,,,,false,
starexec,KRS233+1.p,e1b,subsumption-light,TIMEOUT,32,1306.661,167194.671,,,5756,4670689,5168,4654945,129,74,,,,,,,false,
starexec,KRS233+1.p,e1b,unary-redundancy,TIMEOUT,32,1620.177,166399.432,,,5652,3600177,5298,3585219,120,70,,,,,,,false,
starexec,KRS233+1.p,e1b,weight-greedy,TIMEOUT,32,1283.611,166406.584,,,30938,5885466,27912,5390953,129,74,,,,,,,false,
starexec,KRS234+1.p,e1b,age-fair,TIMEOUT,32,2495.351,166464.876,,,6921,7686958,6401,7677035,120,70,,,,,,,false,
starexec,KRS234+1.p,e1b,balanced,REFUTED,32,2366.088,70810.680,58.008,15557.208,10654,8183734,9823,8152275,129,74,2165,2451610,6054,2717,33,false,false,
starexec,KRS234+1.p,e1b,equational,REFUTED,32,4186.672,133968.951,129.691,28668.695,10587,8182723,9757,8151265,129,74,2175,2473938,6075,2717,33,false,false,
starexec,KRS234+1.p,e1b,first-negative,TIMEOUT,32,2614.100,166423.440,,,11884,7235918,11152,7201428,120,70,,,,,,,false,
starexec,KRS234+1.p,e1b,occurrence,TIMEOUT,32,2247.872,166447.400,,,8750,8233749,8068,8181157,120,70,,,,,,,false,
starexec,KRS234+1.p,e1b,subsumption-light,TIMEOUT,32,1956.032,166652.179,,,5411,4102957,4876,4088283,129,74,,,,,,,false,
starexec,KRS234+1.p,e1b,unary-redundancy,TIMEOUT,32,2544.140,166695.371,,,5276,3120481,4928,3106697,120,70,,,,,,,false,
starexec,KRS234+1.p,e1b,weight-greedy,REFUTED,32,3397.616,5147.832,85.893,24714.580,2847,51234,2593,38847,129,74,2167,2456060,6063,2717,33,false,false,
starexec,KRS251+1.p,e1b,age-fair,TIMEOUT,32,2477.189,166542.175,,,6888,7588864,6369,7579021,120,70,,,,,,,false,
starexec,KRS251+1.p,e1b,balanced,TIMEOUT,32,1060.975,166253.693,,,19050,16703273,17318,16649771,129,74,,,,,,,false,
starexec,KRS251+1.p,e1b,occurrence,KILLED,,0.000,,,,,,,,,,,,,,,,false,killed before finishing
starexec,KRS251+1.p,e1b,subsumption-light,TIMEOUT,32,2087.436,166699.307,,,5475,4207399,4939,4192487,129,74,,,,,,,false,
starexec,KRS251+1.p,e1b,unary-redundancy,TIMEOUT,32,2662.054,166737.418,,,5301,3160990,4954,3147154,120,70,,,,,,,false,
starexec,KRS251+1.p,e1b,weight-greedy,TIMEOUT,32,1901.274,166592.335,,,27925,4817723,25246,4378138,129,74,,,,,,,false,
starexec,KRS261+1.p,e1b,age-fair,HARD_TIMEOUT,32,0.000,,,,,,,,,,,,,,,,false,
starexec,KRS261+1.p,e1b,balanced,TIMEOUT,32,1063.204,166279.398,,,19007,16848571,17283,16794837,129,74,,,,,,,false,
starexec,KRS261+1.p,e1b,equational,KILLED,,0.000,,,,,,,,,,,,,,,,false,killed before finishing
starexec,KRS261+1.p,e1b,occurrence,TIMEOUT,32,2571.974,166544.165,,,8970,8756509,8185,8701867,120,70,,,,,,,false,
starexec,KRS261+1.p,e1b,subsumption-light,TIMEOUT,32,1952.284,166643.588,,,6754,6089278,6119,6071094,129,74,,,,,,,false,
starexec,KRS261+1.p,e1b,unary-redundancy,TIMEOUT,32,2594.410,167304.570,,,6287,4320724,5872,4303592,120,70,,,,,,,false,
starexec,KRS261+1.p,e1b,weight-greedy,TIMEOUT,32,1943.442,166610.204,,,36206,7984831,33043,7371242,129,74,,,,,,,false,
starexec,KRS262+1.p,e1b,age-fair,TIMEOUT,32,2496.210,166586.164,,,6917,7674389,6397,7664475,120,70,,,,,,,false,
starexec,KRS262+1.p,e1b,balanced,REFUTED,32,1482.565,7335.495,31.845,8572.035,2893,963436,2847,957025,129,74,2143,2402369,6026,2717,33,false,false,
starexec,KRS262+1.p,e1b,equational,REFUTED,32,2680.127,12903.245,62.602,15842.711,2893,963556,2847,957145,129,74,2143,2402369,6026,2717,33,false,false,
starexec,KRS262+1.p,e1b,first-negative,REFUTED,32,3078.454,10267.872,78.559,13543.641,2756,296085,2717,288683,120,70,2073,2113797,5587,2511,33,false,false,
starexec,KRS262+1.p,e1b,occurrence,REFUTED,32,3300.924,3355.512,72.349,13689.437,1023,41720,1003,38192,120,70,2085,2138147,5610,2511,33,false,false,
starexec,KRS262+1.p,e1b,subsumption-light,REFUTED,32,3165.482,18114.123,78.759,15682.461,2894,901878,2715,895445,129,74,2143,2402369,6026,2717,33,false,false,
starexec,KRS262+1.p,e1b,unary-redundancy,TIMEOUT,32,2602.996,166756.191,,,5285,3140292,4937,3126490,120,70,,,,,,,false,
starexec,KRS262+1.p,e1b,weight-greedy,REFUTED,32,2560.886,755.343,65.561,16144.734,271,683,271,357,129,74,2145,2406840,6027,2717,33,false,false,
starexec,LAT258+1.p,e1b,age-fair,TIMEOUT,17,1148.441,166346.613,,,18381,8274418,16402,8244026,23,1,,,,,,,false,
starexec,LAT258+1.p,e1b,balanced,HARD_TIMEOUT,17,0.000,,,,,,,,,,,,,,,,false,
starexec,LAT258+1.p,e1b,equational,TIMEOUT,17,887.250,166313.132,,,18084,8294285,17353,8247059,23,1,,,,,,,false,
starexec,LAT258+1.p,e1b,first-negative,TIMEOUT,17,1170.597,166373.559,,,33568,6068702,33352,5976248,23,1,,,,,,,false,
starexec,LAT258+1.p,e1b,occurrence,TIMEOUT,17,1114.502,166382.345,,,19893,7064381,17393,6897519,23,1,,,,,,,false,
starexec,LAT258+1.p,e1b,subsumption-light,TIMEOUT,17,884.475,166350.347,,,11433,3294326,10960,3266936,23,1,,,,,,,false,
starexec,LAT258+1.p,e1b,unary-redundancy,TIMEOUT,17,1141.242,166418.430,,,11529,3310337,11056,3282675,23,1,,,,,,,false,
starexec,LAT258+1.p,e1b,weight-greedy,TIMEOUT,17,885.739,166297.159,,,28028,6683049,22399,6328614,23,1,,,,,,,false,
starexec,LAT287+3.p,e1b,age-fair,KILLED,,0.000,,,,,,,,,,,,,,,,false,killed before finishing
starexec,LAT287+3.p,e1b,balanced,KILLED,,0.000,,,,,,,,,,,,,,,,false,killed before finishing
starexec,LAT287+3.p,e1b,equational,KILLED,,0.000,,,,,,,,,,,,,,,,false,killed before finishing
starexec,LAT287+3.p,e1b,first-negative,SATURATED,12371,6043.901,1232.006,,,178,194,164,74,74,9,,,,,,,false,
starexec,LAT287+3.p,e1b,occurrence,KILLED,,0.000,,,,,,,,,,,,,,,,false,killed before finishing
starexec,LAT287+3.p,e1b,subsumption-light,KILLED,,0.000,,,,,,,,,,,,,,,,false,killed before finishing
starexec,LAT287+3.p,e1b,unary-redundancy,KILLED,,0.000,,,,,,,,,,,,,,,,false,killed before finishing
starexec,LAT287+3.p,e1b,weight-greedy,KILLED,,0.000,,,,,,,,,,,,,,,,false,killed before finishing
starexec,LAT303+4.p,e1b,age-fair,KILLED,,0.000,,,,,,,,,,,,,,,,false,killed before finishing
starexec,LAT303+4.p,e1b,balanced,KILLED,,0.000,,,,,,,,,,,,,,,,false,killed before finishing
starexec,LAT303+4.p,e1b,equational,KILLED,,0.000,,,,,,,,,,,,,,,,false,killed before finishing
starexec,LAT303+4.p,e1b,first-negative,KILLED,,0.000,,,,,,,,,,,,,,,,false,killed before finishing
starexec,LAT303+4.p,e1b,occurrence,KILLED,,0.000,,,,,,,,,,,,,,,,false,killed before finishing
starexec,LAT303+4.p,e1b,subsumption-light,KILLED,,0.000,,,,,,,,,,,,,,,,false,killed before finishing
starexec,LAT303+4.p,e1b,unary-redundancy,KILLED,,0.000,,,,,,,,,,,,,,,,false,killed before finishing
starexec,LAT305+3.p,e1b,age-fair,KILLED,,0.000,,,,,,,,,,,,,,,,false,killed before finishing
starexec,LAT305+3.p,e1b,balanced,KILLED,,0.000,,,,,,,,,,,,,,,,false,killed before finishing
starexec,LAT305+3.p,e1b,first-negative,KILLED,,0.000,,,,,,,,,,,,,,,,false,killed before finishing
starexec,LAT305+3.p,e1b,occurrence,KILLED,,0.000,,,,,,,,,,,,,,,,false,killed before finishing
starexec,LAT305+3.p,e1b,subsumption-light,KILLED,,0.000,,,,,,,,,,,,,,,,false,killed before finishing
starexec,LAT305+3.p,e1b,unary-redundancy,KILLED,,0.000,,,,,,,,,,,,,,,,false,killed before finishing
starexec,LAT305+3.p,e1b,weight-greedy,KILLED,,0.000,,,,,,,,,,,,,,,,false,killed before finishing
starexec,LAT351+3.p,e1b,age-fair,KILLED,,0.000,,,,,,,,,,,,,,,,false,killed before finishing
starexec,LAT351+3.p,e1b,equational,KILLED,,0.000,,,,,,,,,,,,,,,,false,killed before finishing
starexec,LAT351+3.p,e1b,first-negative,KILLED,,0.000,,,,,,,,,,,,,,,,false,killed before finishing
starexec,LAT351+3.p,e1b,occurrence,KILLED,,0.000,,,,,,,,,,,,,,,,false,killed before finishing
starexec,LAT351+3.p,e1b,subsumption-light,KILLED,,0.000,,,,,,,,,,,,,,,,false,killed before finishing
starexec,LAT351+3.p,e1b,unary-redundancy,KILLED,,0.000,,,,,,,,,,,,,,,,false,killed before finishing
starexec,LAT351+3.p,e1b,weight-greedy,KILLED,,0.000,,,,,,,,,,,,,,,,false,killed before finishing
starexec,LCL062+2.p,e1b,age-fair,TIMEOUT,2,902.363,166401.496,,,7379,4753046,6763,4726964,3,0,,,,,,,false,
starexec,LCL062+2.p,e1b,balanced,TIMEOUT,2,369.052,166201.601,,,9602,8695688,8792,8626172,3,0,,,,,,,false,
starexec,LCL062+2.p,e1b,equational,TIMEOUT,2,707.865,166362.270,,,7349,4935156,6784,4887476,3,0,,,,,,,false,
starexec,LCL062+2.p,e1b,first-negative,TIMEOUT,2,865.358,166323.687,,,11119,2682963,10734,2494300,3,0,,,,,,,false,
starexec,LCL062+2.p,e1b,occurrence,TIMEOUT,2,837.960,166386.305,,,7573,5067791,7348,4933059,3,0,,,,,,,false,
starexec,LCL062+2.p,e1b,subsumption-light,TIMEOUT,2,738.418,168325.350,,,6863,4827712,6586,4779140,3,0,,,,,,,false,
starexec,LCL062+2.p,e1b,unary-redundancy,TIMEOUT,2,836.190,169245.667,,,6862,4827026,6585,4778456,3,0,,,,,,,false,
starexec,LCL062+2.p,e1b,weight-greedy,TIMEOUT,2,690.268,166297.554,,,12994,5742082,12470,5270568,3,0,,,,,,,false,
starexec,LCL073+1.p,e1b,age-fair,TIMEOUT,2,890.864,166438.218,,,6877,6375706,6417,6280746,3,3,,,,,,,false,
starexec,LCL073+1.p,e1b,balanced,TIMEOUT,2,384.432,166168.283,,,7449,11002267,6788,10786483,3,3,,,,,,,false,
starexec,LCL073+1.p,e1b,equational,TIMEOUT,2,739.394,166306.897,,,6187,7194990,5798,7099602,3,3,,,,,,,false,
starexec,LCL073+1.p,e1b,first-negative,TIMEOUT,2,942.444,166341.005,,,6231,3616555,5237,3243131,3,3,,,,,,,false,
starexec,LCL073+1.p,e1b,occurrence,TIMEOUT,2,846.630,166278.665,,,6589,8160016,6186,8045604,3,3,,,,,,,false,
starexec,LCL073+1.p,e1b,subsumption-light,TIMEOUT,2,758.051,166285.888,,,7437,3144992,6937,2956537,3,3,,,,,,,false,
starexec,LCL073+1.p,e1b,unary-redundancy,TIMEOUT,2,846.053,166282.041,,,7443,3145744,6943,2956537,3,3,,,,,,,false,
starexec,LCL073+1.p,e1b,weight-greedy,TIMEOUT,2,777.311,166286.081,,,13608,2451904,10951,1977918,3,3,,,,,,,false,
starexec,LCL109+1.p,e1b,age-fair,TIMEOUT,5,720.739,166303.127,,,7124,7116508,6789,7102858,6,0,,,,,,,false,
starexec,LCL109+1.p,e1b,balanced,TIMEOUT,5,335.588,166158.441,,,9164,11882810,8740,11850818,6,0,,,,,,,false,
starexec,LCL109+1.p,e1b,equational,TIMEOUT,5,629.403,166336.224,,,6953,7069928,6571,7043438,6,0,,,,,,,false,
starexec,LCL109+1.p,e1b,first-negative,TIMEOUT,5,799.137,166303.415,,,10568,4927805,10409,4810351,6,0,,,,,,,false,
starexec,LCL109+1.p,e1b,occurrence,HARD_TIMEOUT,5,0.000,,,,,,,,,,,,,,,,false,
starexec,LCL109+1.p,e1b,subsumption-light,TIMEOUT,5,675.381,166495.268,,,4018,2572400,3825,2558164,6,0,,,,,,,false,
starexec,LCL109+1.p,e1b,unary-redundancy,TIMEOUT,5,729.901,166380.516,,,3994,2535114,3801,2520926,6,0,,,,,,,false,
starexec,LCL109+1.p,e1b,weight-greedy,TIMEOUT,5,648.681,166326.994,,,11902,8205755,10907,7840389,6,0,,,,,,,false,
starexec,LCL368+1.p,e1b,age-fair,TIMEOUT,4,722.682,166532.206,,,7934,5302400,7588,5287559,5,0,,,,,,,false,
starexec,LCL368+1.p,e1b,balanced,REFUTED,4,404.210,13094.947,72.696,142.590,3260,1010368,3097,1001632,5,0,179,10121,447,103,5,false,false,
starexec,LCL368+1.p,e1b,equational,TIMEOUT,4,624.488,166330.646,,,8218,5346572,7811,5319796,5,0,,,,,,,false,
starexec,LCL368+1.p,e1b,first-negative,TIMEOUT,4,797.589,166313.842,,,15023,4274168,13370,4124326,5,0,,,,,,,false,
starexec,LCL368+1.p,e1b,occurrence,REFUTED,4,867.665,9856.593,170.442,196.432,1682,237086,1583,227789,5,0,203,11913,496,189,5,false,false,
starexec,LCL368+1.p,e1b,subsumption-light,REFUTED,4,833.603,53537.488,208.381,349.241,3511,1173464,3316,1163892,5,0,170,9512,408,103,5,false,false,
starexec,LCL368+1.p,e1b,unary-redundancy,REFUTED,4,1000.185,57810.231,205.248,352.688,3511,1173464,3316,1163892,5,0,176,9674,397,103,5,false,false,
starexec,LCL368+1.p,e1b,weight-greedy,REFUTED,4,876.326,60565.953,259.534,407.607,11090,2521529,10311,2352225,5,0,195,11526,528,169,5,false,false,
starexec,LCL368+2.p,e1b,age-fair,TIMEOUT,2,863.036,166285.492,,,7201,4618263,6645,4592636,3,0,,,,,,,false,
starexec,LCL368+2.p,e1b,balanced,REFUTED,2,514.346,150844.539,92.925,287.863,8709,7353656,8006,7292838,3,0,127,15446,1067,971,3,false,false,
starexec,LCL368+2.p,e1b,equational,TIMEOUT,2,757.707,166339.445,,,7122,4709370,6658,4664254,3,0,,,,,,,false,
starexec,LCL368+2.p,e1b,first-negative,TIMEOUT,2,963.126,166319.678,,,9038,2313217,8728,2153329,3,0,,,,,,,false,
starexec,LCL368+2.p,e1b,occurrence,REFUTED,2,985.305,61023.224,140.785,280.921,4355,1919113,4248,1854381,3,0,134,16696,1097,971,3,false,false,
starexec,LCL368+2.p,e1b,subsumption-light,TIMEOUT,2,730.916,166358.318,,,7050,4440431,6565,4397651,3,0,,,,,,,false,
starexec,LCL368+2.p,e1b,unary-redundancy,TIMEOUT,2,823.692,166272.712,,,7042,4433828,6558,4391074,3,0,,,,,,,false,
starexec,LCL368+2.p,e1b,weight-greedy,TIMEOUT,2,715.610,166323.823,,,14178,5264835,13697,4752504,3,0,,,,,,,false,
starexec,LCL369+1.p,e1b,age-fair,TIMEOUT,4,756.222,166283.655,,,7677,5098946,7369,5084687,5,0,,,,,,,false,
starexec,LCL369+1.p,e1b,balanced,TIMEOUT,4,319.903,166173.798,,,10725,9223933,10240,9190129,5,0,,,,,,,false,
starexec,LCL369+1.p,e1b,equational,TIMEOUT,4,641.984,166323.262,,,7937,5187575,7586,5161423,5,0,,,,,,,false,
starexec,LCL369+1.p,e1b,first-negative,TIMEOUT,4,791.237,166390.345,,,12754,3024698,11298,2912382,5,0,,,,,,,false,
starexec,LCL369+1.p,e1b,occurrence,TIMEOUT,4,747.870,166348.898,,,7838,5823978,7298,5766306,5,0,,,,,,,false,
starexec,LCL369+1.p,e1b,subsumption-light,TIMEOUT,4,641.463,166310.407,,,6236,3593454,5962,3574002,5,0,,,,,,,false,
starexec,LCL369+1.p,e1b,unary-redundancy,TIMEOUT,4,775.937,166300.353,,,6253,3619337,5979,3599813,5,0,,,,,,,false,
starexec,LCL369+1.p,e1b,weight-greedy,TIMEOUT,4,634.887,166352.023,,,18992,6320316,16832,6008092,5,0,,,,,,,false,
starexec,LCL369+2.p,e1b,age-fair,TIMEOUT,2,853.409,166320.069,,,7019,4993873,6512,4967155,3,0,,,,,,,false,
starexec,LCL369+2.p,e1b,balanced,TIMEOUT,2,364.284,166168.459,,,9556,8631099,8678,8561887,3,0,,,,,,,false,
starexec,LCL369+2.p,e1b,equational,TIMEOUT,2,733.719,166338.890,,,6931,5140613,6409,5090935,3,0,,,,,,,false,
starexec,LCL369+2.p,e1b,first-negative,TIMEOUT,2,962.949,166306.640,,,9327,2388198,8967,2218110,3,0,,,,,,,false,
starexec,LCL369+2.p,e1b,occurrence,TIMEOUT,2,825.663,166303.170,,,7411,4857849,7253,4733292,3,0,,,,,,,false,
starexec,LCL369+2.p,e1b,subsumption-light,TIMEOUT,2,742.386,166325.813,,,6759,4789117,6526,4741559,3,0,,,,,,,false,
starexec,LCL369+2.p,e1b,unary-redundancy,TIMEOUT,2,853.972,166297.493,,,6766,4800493,6533,4752919,3,0,,,,,,,false,
starexec,LCL369+2.p,e1b,weight-greedy,TIMEOUT,2,760.225,166323.371,,,13613,5526531,13205,5031778,3,0,,,,,,,false,
starexec,LCL370+1.p,e1b,age-fair,TIMEOUT,4,718.680,166312.230,,,7877,5319920,7598,5305174,5,0,,,,,,,false,
starexec,LCL370+1.p,e1b,balanced,REFUTED,4,461.602,133194.178,128.215,200.670,9864,7866869,9460,7835061,5,0,219,10532,485,80,5,false,false,
starexec,LCL370+1.p,e1b,equational,REFUTED,4,912.920,140842.182,240.773,496.207,7256,4619146,6945,4594284,5,0,237,11724,542,95,5,false,false,
starexec,LCL370+1.p,e1b,first-negative,TIMEOUT,4,747.259,166347.788,,,13054,3052055,11652,2937460,5,0,,,,,,,false,
starexec,LCL370+1.p,e1b,occurrence,REFUTED,4,872.285,8876.883,207.529,269.373,1231,144043,1152,137286,5,0,179,8391,404,95,5,false,false,
starexec,LCL370+1.p,e1b,subsumption-light,TIMEOUT,4,638.677,166342.966,,,6334,3714964,6064,3695174,5,0,,,,,,,false,
starexec,LCL370+1.p,e1b,unary-redundancy,TIMEOUT,4,729.890,166327.766,,,6286,3664987,6017,3645377,5,0,,,,,,,false,
starexec,LCL370+1.p,e1b,weight-greedy,TIMEOUT,4,640.789,166305.801,,,15991,6645936,14889,6329360,5,0,,,,,,,false,
starexec,LCL372+2.p,e1b,age-fair,TIMEOUT,2,860.200,166300.503,,,7421,4858678,6861,4831977,3,0,,,,,,,false,
starexec,LCL372+2.p,e1b,balanced,TIMEOUT,2,365.751,166157.353,,,9569,8721943,8748,8651403,3,0,,,,,,,false,
starexec,LCL372+2.p,e1b,equational,TIMEOUT,2,748.933,169757.557,,,7258,4918803,6803,4871169,3,0,,,,,,,false,
starexec,LCL372+2.p,e1b,first-negative,TIMEOUT,2,949.597,166281.092,,,9317,2385560,8959,2215820,3,0,,,,,,,false,
starexec,LCL372+2.p,e1b,occurrence,TIMEOUT,2,809.667,166324.331,,,7469,4916806,7268,4791479,3,0,,,,,,,false,
starexec,LCL372+2.p,e1b,subsumption-light,TIMEOUT,2,714.198,166326.248,,,7237,4726026,6775,4680894,3,0,,,,,,,false,
starexec,LCL372+2.p,e1b,unary-redundancy,TIMEOUT,2,821.870,166312.186,,,7170,4649929,6711,4605415,3,0,,,,,,,false,
starexec,LCL372+2.p,e1b,weight-greedy,TIMEOUT,2,728.450,166955.601,,,12817,5630906,12148,5130696,3,0,,,,,,,false,
starexec,LCL373+2.p,e1b,age-fair,TIMEOUT,2,862.473,166341.435,,,7272,4690753,6715,4664856,3,0,,,,,,,false,
starexec,LCL373+2.p,e1b,balanced,TIMEOUT,2,370.151,166188.504,,,9210,8174092,8451,8106762,3,0,,,,,,,false,
starexec,LCL373+2.p,e1b,equational,TIMEOUT,2,728.520,166311.358,,,7182,4814257,6727,4767047,3,0,,,,,,,false,
starexec,LCL373+2.p,e1b,first-negative,TIMEOUT,2,924.342,166297.878,,,9063,2320344,8747,2159492,3,0,,,,,,,false,
starexec,LCL373+2.p,e1b,occurrence,TIMEOUT,2,833.524,166300.821,,,7256,4676053,7066,4554736,3,0,,,,,,,false,
starexec,LCL373+2.p,e1b,subsumption-light,TIMEOUT,2,731.601,166319.715,,,7049,4522738,6611,4479384,3,0,,,,,,,false,
starexec,LCL373+2.p,e1b,unary-redundancy,TIMEOUT,2,845.055,166284.429,,,7048,4521803,6610,4478451,3,0,,,,,,,false,
starexec,LCL373+2.p,e1b,weight-greedy,TIMEOUT,2,741.487,166711.120,,,12966,5102963,12569,4602838,3,0,,,,,,,false,
starexec,LCL374+1.p,e1b,age-fair,TIMEOUT,4,712.216,166308.191,,,7760,5130152,7439,5115737,5,0,,,,,,,false,
starexec,LCL374+1.p,e1b,balanced,TIMEOUT,4,314.684,170434.657,,,10822,9381254,10345,9347250,5,0,,,,,,,false,
starexec,LCL374+1.p,e1b,equational,TIMEOUT,4,651.432,166324.364,,,8235,5305124,7841,5277350,5,0,,,,,,,false,
starexec,LCL374+1.p,e1b,first-negative,TIMEOUT,4,780.704,166423.083,,,12312,3125793,10681,3002165,5,0,,,,,,,false,
starexec,LCL374+1.p,e1b,occurrence,TIMEOUT,4,694.291,166273.641,,,8112,6005866,7671,5941449,5,0,,,,,,,false,
starexec,LCL374+1.p,e1b,subsumption-light,TIMEOUT,4,615.555,166284.278,,,6401,3753127,6137,3732969,5,0,,,,,,,false,
starexec,LCL374+1.p,e1b,unary-redundancy,TIMEOUT,4,693.372,166320.468,,,6462,3811095,6196,3790659,5,0,,,,,,,false,
starexec,LCL374+1.p,e1b,weight-greedy,TIMEOUT,4,595.242,166300.436,,,18965,6813993,18039,6464012,5,0,,,,,,,false,
starexec,LCL375+1.p,e1b,age-fair,TIMEOUT,4,733.495,166338.784,,,7785,5190860,7510,5176255,5,0,,,,,,,false,
starexec,LCL375+1.p,e1b,balanced,TIMEOUT,4,331.844,166198.366,,,10720,9363492,10294,9329532,5,0,,,,,,,false,
starexec,LCL375+1.p,e1b,equational,TIMEOUT,4,648.397,166844.272,,,8041,5478712,7711,5452002,5,0,,,,,,,false,
starexec,LCL375+1.p,e1b,first-negative,TIMEOUT,4,754.376,166412.234,,,13258,3157392,11788,3039848,5,0,,,,,,,false,
starexec,LCL375+1.p,e1b,occurrence,TIMEOUT,4,493.080,166222.964,,,9756,9278985,9179,9203643,5,0,,,,,,,false,
starexec,LCL375+1.p,e1b,subsumption-light,TIMEOUT,4,625.165,166324.852,,,6390,3799592,6117,3779430,5,0,,,,,,,false,
starexec,LCL375+1.p,e1b,unary-redundancy,TIMEOUT,4,733.336,166675.302,,,6390,3799592,6117,3779430,5,0,,,,,,,false,
starexec,LCL375+1.p,e1b,weight-greedy,TIMEOUT,4,612.781,166322.236,,,17909,6717640,16441,6382653,5,0,,,,,,,false,
starexec,LCL382+1.p,e1b,age-fair,TIMEOUT,4,724.533,166294.731,,,7833,5206255,7511,5191696,5,0,,,,,,,false,
starexec,LCL382+1.p,e1b,balanced,REFUTED,4,450.456,148605.977,129.979,255.376,10385,8730000,9938,8696878,5,0,207,10132,476,91,5,false,false,
starexec,LCL382+1.p,e1b,equational,REFUTED,4,876.513,135221.232,205.808,468.721,7257,4619575,6931,4594745,5,0,219,10894,510,95,5,false,false,
starexec,LCL382+1.p,e1b,first-negative,TIMEOUT,4,712.499,166351.322,,,13202,3161557,11795,3043010,5,0,,,,,,,false,
starexec,LCL382+1.p,e1b,occurrence,REFUTED,4,971.111,11777.542,223.477,338.859,1525,227137,1426,218520,5,0,189,8920,413,95,5,false,false,
starexec,LCL382+1.p,e1b,subsumption-light,TIMEOUT,4,625.283,166608.906,,,6337,3752394,6076,3732476,5,0,,,,,,,false,
starexec,LCL382+1.p,e1b,unary-redundancy,TIMEOUT,4,750.566,166603.579,,,6337,3752394,6076,3732476,5,0,,,,,,,false,
starexec,LCL382+1.p,e1b,weight-greedy,TIMEOUT,4,653.726,166325.476,,,14103,6651948,13053,6344280,5,0,,,,,,,false,
starexec,LCL382+2.p,e1b,age-fair,TIMEOUT,2,830.049,166323.391,,,7274,4817370,6785,4791021,3,0,,,,,,,false,
starexec,LCL382+2.p,e1b,balanced,TIMEOUT,2,362.826,166175.395,,,9354,8508228,8653,8439168,3,0,,,,,,,false,
starexec,LCL382+2.p,e1b,equational,HARD_TIMEOUT,2,0.000,,,,,,,,,,,,,,,,false,
starexec,LCL382+2.p,e1b,first-negative,TIMEOUT,2,843.971,166341.945,,,9265,2373112,8919,2205192,3,0,,,,,,,false,
starexec,LCL382+2.p,e1b,occurrence,TIMEOUT,2,796.556,166331.419,,,7337,4765958,7133,4643266,3,0,,,,,,,false,
starexec,LCL382+2.p,e1b,subsumption-light,TIMEOUT,2,725.895,166290.390,,,7061,4568963,6618,4525189,3,0,,,,,,,false,
starexec,LCL382+2.p,e1b,unary-redundancy,TIMEOUT,2,835.606,166314.270,,,7140,4676108,6688,4631068,3,0,,,,,,,false,
starexec,LCL382+2.p,e1b,weight-greedy,TIMEOUT,2,705.673,166313.457,,,11654,5573719,11113,5062374,3,0,,,,,,,false,
starexec,LCL383+1.p,e1b,age-fair,TIMEOUT,4,742.726,166318.090,,,7813,5005329,7446,4990528,5,0,,,,,,,false,
starexec,LCL383+1.p,e1b,balanced,TIMEOUT,4,334.089,166183.170,,,10803,9454658,10436,9421118,5,0,,,,,,,false,
starexec,LCL383+1.p,e1b,equational,REFUTED,4,853.508,144345.679,227.667,430.444,7659,4851651,7325,4825425,5,0,227,13299,536,115,5,false,false,
starexec,LCL383+1.p,e1b,first-negative,TIMEOUT,4,875.762,166302.205,,,12565,3278987,10681,3154471,5,0,,,,,,,false,
starexec,LCL383+1.p,e1b,occurrence,REFUTED,4,984.309,10968.352,223.858,294.885,1461,180095,1365,171893,5,0,178,9785,422,107,5,false,false,
starexec,LCL383+1.p,e1b,subsumption-light,TIMEOUT,4,667.418,166334.765,,,6250,3600884,5992,3581446,5,0,,,,,,,false,
starexec,LCL383+1.p,e1b,unary-redundancy,TIMEOUT,4,763.042,166419.296,,,6149,3484048,5895,3464974,5,0,,,,,,,false,
starexec,LCL383+1.p,e1b,weight-greedy,TIMEOUT,4,664.002,166304.618,,,16070,6472370,14879,6145645,5,0,,,,,,,false,
starexec,LCL390+2.p,e1b,age-fair,TIMEOUT,2,801.745,166332.289,,,7379,4828972,6821,4802608,3,0,,,,,,,false,
starexec,LCL390+2.p,e1b,balanced,TIMEOUT,2,373.055,166184.396,,,9649,8813347,8787,8742593,3,0,,,,,,,false,
starexec,LCL390+2.p,e1b,equational,TIMEOUT,2,734.047,168721.790,,,7273,4962883,6820,4915347,3,0,,,,,,,false,
starexec,LCL390+2.p,e1b,first-negative,TIMEOUT,2,909.918,166355.561,,,9317,2385560,8959,2215820,3,0,,,,,,,false,
starexec,LCL390+2.p,e1b,occurrence,TIMEOUT,2,811.870,166340.140,,,7435,4870930,7211,4747273,3,0,,,,,,,false,
starexec,LCL390+2.p,e1b,subsumption-light,TIMEOUT,2,745.129,166309.112,,,7157,4696053,6736,4650647,3,0,,,,,,,false,
starexec,LCL390+2.p,e1b,unary-redundancy,TIMEOUT,2,848.266,166316.977,,,7135,4676358,6715,4631016,3,0,,,,,,,false,
starexec,LCL390+2.p,e1b,weight-greedy,TIMEOUT,2,710.904,166307.908,,,12070,5532701,11700,5054336,3,0,,,,,,,false,
starexec,LCL391+2.p,e1b,age-fair,TIMEOUT,2,828.984,166291.350,,,7149,4686192,6668,4660350,3,0,,,,,,,false,
starexec,LCL391+2.p,e1b,balanced,TIMEOUT,2,387.215,166184.766,,,9285,8362611,8584,8293711,3,0,,,,,,,false,
starexec,LCL391+2.p,e1b,equational,TIMEOUT,2,723.584,166333.724,,,7184,4813870,6740,4766346,3,0,,,,,,,false,
starexec,LCL391+2.p,e1b,first-negative,TIMEOUT,2,926.992,166313.325,,,9060,2319559,8744,2158818,3,0,,,,,,,false,
starexec,LCL391+2.p,e1b,occurrence,TIMEOUT,2,819.672,166293.731,,,7282,4719323,7074,4597651,3,0,,,,,,,false,
starexec,LCL391+2.p,e1b,subsumption-light,TIMEOUT,2,724.604,166332.413,,,6991,4473692,6563,4430680,3,0,,,,,,,false,
starexec,LCL391+2.p,e1b,unary-redundancy,TIMEOUT,2,828.707,166310.465,,,6996,4478027,6568,4434985,3,0,,,,,,,false,
starexec,LCL391+2.p,e1b,weight-greedy,TIMEOUT,2,720.453,166309.854,,,10917,5468893,10345,5001459,3,0,,,,,,,false,
starexec,LCL392+2.p,e1b,age-fair,TIMEOUT,2,839.600,166317.352,,,7154,4672928,6673,4647136,3,0,,,,,,,false,
starexec,LCL392+2.p,e1b,balanced,TIMEOUT,2,366.779,166175.571,,,9311,8335370,8502,8266770,3,0,,,,,,,false,
starexec,LCL392+2.p,e1b,equational,TIMEOUT,2,733.708,166289.558,,,7137,4757921,6689,4712069,3,0,,,,,,,false,
starexec,LCL392+2.p,e1b,first-negative,TIMEOUT,2,882.824,166379.121,,,8987,2303876,8696,2145288,3,0,,,,,,,false,
starexec,LCL392+2.p,e1b,occurrence,TIMEOUT,2,873.404,166301.937,,,7235,4631256,7018,4510044,3,0,,,,,,,false,
starexec,LCL392+2.p,e1b,subsumption-light,TIMEOUT,2,726.502,166389.504,,,7013,4482509,6592,4439471,3,0,,,,,,,false,
starexec,LCL392+2.p,e1b,unary-redundancy,TIMEOUT,2,826.565,166393.939,,,7021,4493743,6598,4450633,3,0,,,,,,,false,
starexec,LCL392+2.p,e1b,weight-greedy,TIMEOUT,2,752.447,166324.367,,,12752,5238697,12319,4746290,3,0,,,,,,,false,
starexec,LCL393+1.p,e1b,age-fair,TIMEOUT,4,695.439,166336.759,,,7941,5342365,7616,5327663,5,0,,,,,,,false,
starexec,LCL393+1.p,e1b,balanced,TIMEOUT,4,295.825,166161.609,,,11068,9870330,10590,9835772,5,0,,,,,,,false,
starexec,LCL393+1.p,e1b,equational,TIMEOUT,4,612.898,166293.822,,,8139,5436280,7768,5409498,5,0,,,,,,,false,
starexec,LCL393+1.p,e1b,first-negative,TIMEOUT,4,744.905,166380.253,,,12793,3037943,11337,2924589,5,0,,,,,,,false,
starexec,LCL393+1.p,e1b,occurrence,TIMEOUT,4,684.270,166301.532,,,7956,6073027,7480,6014255,5,0,,,,,,,false,
starexec,LCL393+1.p,e1b,subsumption-light,TIMEOUT,4,611.191,166310.204,,,6325,3741330,6058,3721426,5,0,,,,,,,false,
starexec,LCL393+1.p,e1b,unary-redundancy,TIMEOUT,4,713.100,166357.810,,,6240,3636303,5973,3616775,5,0,,,,,,,false,
starexec,LCL393+1.p,e1b,weight-greedy,TIMEOUT,4,616.375,166300.701,,,16720,6573032,15596,6253445,5,0,,,,,,,false,
starexec,LCL393+2.p,e1b,age-fair,TIMEOUT,2,439.692,166167.320,,,9536,8229154,8880,8193106,3,0,,,,,,,false,
starexec,LCL393+2.p,e1b,balanced,TIMEOUT,2,378.140,166158.382,,,9480,8521551,8613,8452971,3,0,,,,,,,false,
starexec,LCL393+2.p,e1b,equational,TIMEOUT,2,385.386,166172.573,,,9259,8216184,8440,8149526,3,0,,,,,,,false,
starexec,LCL393+2.p,e1b,first-negative,TIMEOUT,2,452.796,166190.483,,,12823,3815188,12380,3545670,3,0,,,,,,,false,
starexec,LCL393+2.p,e1b,occurrence,TIMEOUT,2,446.856,166177.162,,,9769,8490327,9499,8300335,3,0,,,,,,,false,
starexec,LCL393+2.p,e1b,subsumption-light,TIMEOUT,2,417.220,166172.541,,,9374,7874829,8952,7807083,3,0,,,,,,,false,
starexec,LCL393+2.p,e1b,unary-redundancy,TIMEOUT,2,444.577,166185.301,,,9439,7964478,9015,7895880,3,0,,,,,,,false,
starexec,LCL393+2.p,e1b,weight-greedy,TIMEOUT,2,371.104,167341.321,,,16162,9376684,15037,8755193,3,0,,,,,,,false,
starexec,LCL395+1.p,e1b,age-fair,TIMEOUT,4,476.434,166208.353,,,8844,6736399,8521,6720372,5,0,,,,,,,false,
starexec,LCL395+1.p,e1b,balanced,TIMEOUT,4,286.738,169849.252,,,10846,9471098,10367,9436980,5,0,,,,,,,false,
starexec,LCL395+1.p,e1b,equational,TIMEOUT,4,574.572,166296.072,,,8244,5467680,7839,5439992,5,0,,,,,,,false,
starexec,LCL395+1.p,e1b,first-negative,TIMEOUT,4,547.542,166188.138,,,14076,3582797,12634,3449323,5,0,,,,,,,false,
starexec,LCL395+1.p,e1b,occurrence,TIMEOUT,4,482.678,166204.033,,,9703,9038539,9017,8964962,5,0,,,,,,,false,
starexec,LCL395+1.p,e1b,subsumption-light,TIMEOUT,4,580.443,166314.837,,,6363,3765645,6094,3745549,5,0,,,,,,,false,
starexec,LCL395+1.p,e1b,unary-redundancy,TIMEOUT,4,459.693,166314.693,,,7231,4677216,6898,4652534,5,0,,,,,,,false,
starexec,LCL395+1.p,e1b,weight-greedy,TIMEOUT,4,610.822,166274.476,,,16513,6471167,15115,6129261,5,0,,,,,,,false,
starexec,LCL395+2.p,e1b,age-fair,TIMEOUT,2,823.784,166325.236,,,7048,4929427,6446,4902919,3,0,,,,,,,false,
starexec,LCL395+2.p,e1b,balanced,TIMEOUT,2,390.777,166173.654,,,10189,9622342,9359,9549180,3,0,,,,,,,false,
starexec,LCL395+2.p,e1b,equational,TIMEOUT,2,707.560,166258.192,,,7261,5571482,6702,5519092,3,0,,,,,,,false,
starexec,LCL395+2.p,e1b,first-negative,TIMEOUT,2,902.881,166300.136,,,9890,2434591,9505,2258195,3,0,,,,,,,false,
starexec,LCL395+2.p,e1b,occurrence,TIMEOUT,2,833.026,166291.475,,,7795,5436493,7600,5304221,3,0,,,,,,,false,
starexec,LCL395+2.p,e1b,subsumption-light,TIMEOUT,2,711.513,167737.673,,,7248,5293104,6910,5242806,3,0,,,,,,,false,
starexec,LCL395+2.p,e1b,unary-redundancy,TIMEOUT,2,808.051,166319.195,,,6903,4862154,6617,4814448,3,0,,,,,,,false,
starexec,LCL395+2.p,e1b,weight-greedy,TIMEOUT,2,728.947,166274.110,,,13868,6187392,13263,5686621,3,0,,,,,,,false,
starexec,LCL484+1.p,e1b,age-fair,REFUTED,44,3826.056,1406.734,124.765,12677.244,123,804,90,677,74,55,1443,1191907,2871,1818,45,false,false,
starexec,LCL484+1.p,e1b,balanced,REFUTED,44,971.053,343.011,52.844,4158.196,85,156,71,74,74,55,1400,1190894,2945,1818,45,false,false,
starexec,LCL484+1.p,e1b,equational,REFUTED,44,1847.264,768.029,67.577,8059.590,133,325,118,185,74,55,1400,1190894,2945,1818,45,false,false,
starexec,LCL484+1.p,e1b,first-negative,REFUTED,44,2243.102,553.042,80.190,8452.355,68,92,56,74,74,55,1443,1191907,2871,1818,45,false,false,
starexec,LCL484+1.p,e1b,occurrence,REFUTED,44,2082.456,620.609,69.943,8016.016,94,139,89,74,74,55,1443,1191907,2871,1818,45,false,false,
starexec,LCL484+1.p,e1b,subsumption-light,REFUTED,44,1861.284,635.948,61.948,7966.193,85,156,71,74,74,55,1400,1190894,2945,1818,45,false,false,
starexec,LCL484+1.p,e1b,unary-redundancy,REFUTED,44,2176.731,693.454,60.697,7558.571,85,156,71,74,74,55,1443,1191907,2871,1818,45,false,false,
starexec,LCL484+1.p,e1b,weight-greedy,REFUTED,44,1873.904,549.583,76.219,7973.767,60,105,56,74,74,55,1400,1190894,2945,1818,45,false,false,
starexec,LCL556+1.p,e1b,age-fair,TIMEOUT,76,1508.663,166377.328,,,17805,6575935,14422,6541872,135,94,,,,,,,false,
starexec,LCL556+1.p,e1b,balanced,TIMEOUT,76,863.634,166333.185,,,23278,9700293,17975,9633707,135,94,,,,,,,false,
starexec,LCL556+1.p,e1b,equational,TIMEOUT,76,1665.994,167019.578,,,20449,5905511,17657,5840727,135,94,,,,,,,false,
starexec,LCL556+1.p,e1b,first-negative,TIMEOUT,76,1742.888,166499.588,,,8549,6182873,7730,6152281,135,94,,,,,,,false,
starexec,LCL556+1.p,e1b,occurrence,TIMEOUT,76,1491.770,166508.723,,,16888,7124777,12793,7041460,135,94,,,,,,,false,
starexec,LCL556+1.p,e1b,subsumption-light,TIMEOUT,76,1662.418,166624.562,,,15940,4850640,11533,4804234,135,94,,,,,,,false,
starexec,LCL556+1.p,e1b,unary-redundancy,TIMEOUT,76,1468.601,166551.634,,,14136,5574028,10143,5536744,135,94,,,,,,,false,
starexec,LCL556+1.p,e1b,weight-greedy,TIMEOUT,76,1673.142,166600.237,,,11636,5055450,10420,4951806,135,94,,,,,,,false,
starexec,LCL638+1.020.p,e1b,age-fair,KILLED,,0.000,,,,,,,,,,,,,,,,false,killed before finishing
starexec,LCL638+1.020.p,e1b,balanced,KILLED,,0.000,,,,,,,,,,,,,,,,false,killed before finishing
starexec,LCL638+1.020.p,e1b,equational,KILLED,,0.000,,,,,,,,,,,,,,,,false,killed before finishing
starexec,LCL638+1.020.p,e1b,first-negative,KILLED,,0.000,,,,,,,,,,,,,,,,false,killed before finishing
starexec,LCL638+1.020.p,e1b,occurrence,KILLED,,0.000,,,,,,,,,,,,,,,,false,killed before finishing
starexec,LCL638+1.020.p,e1b,subsumption-light,KILLED,,0.000,,,,,,,,,,,,,,,,false,killed before finishing
starexec,LCL638+1.020.p,e1b,unary-redundancy,KILLED,,0.000,,,,,,,,,,,,,,,,false,killed before finishing
starexec,LCL638+1.020.p,e1b,weight-greedy,KILLED,,0.000,,,,,,,,,,,,,,,,false,killed before finishing
starexec,LCL646+1.010.p,e1b,age-fair,KILLED,,0.000,,,,,,,,,,,,,,,,false,killed before finishing
starexec,LCL646+1.010.p,e1b,balanced,TIMEOUT,0,3700.391,166291.819,,,80220,5699815,80220,5619595,294,146,,,,,,,false,
starexec,LCL646+1.010.p,e1b,equational,KILLED,,0.000,,,,,,,,,,,,,,,,false,killed before finishing
starexec,LCL646+1.010.p,e1b,occurrence,KILLED,,0.000,,,,,,,,,,,,,,,,false,killed before finishing
starexec,LCL646+1.010.p,e1b,subsumption-light,KILLED,,0.000,,,,,,,,,,,,,,,,false,killed before finishing
starexec,LCL646+1.010.p,e1b,unary-redundancy,KILLED,,0.000,,,,,,,,,,,,,,,,false,killed before finishing
starexec,LCL646+1.015.p,e1b,age-fair,KILLED,,0.000,,,,,,,,,,,,,,,,false,killed before finishing
starexec,LCL646+1.015.p,e1b,balanced,KILLED,,0.000,,,,,,,,,,,,,,,,false,killed before finishing
starexec,LCL646+1.015.p,e1b,equational,KILLED,,0.000,,,,,,,,,,,,,,,,false,killed before finishing
starexec,LCL646+1.015.p,e1b,first-negative,KILLED,,0.000,,,,,,,,,,,,,,,,false,killed before finishing
starexec,LCL646+1.015.p,e1b,occurrence,KILLED,,0.000,,,,,,,,,,,,,,,,false,killed before finishing
starexec,LCL646+1.015.p,e1b,subsumption-light,KILLED,,0.000,,,,,,,,,,,,,,,,false,killed before finishing
starexec,LCL646+1.015.p,e1b,unary-redundancy,KILLED,,0.000,,,,,,,,,,,,,,,,false,killed before finishing
starexec,LCL646+1.015.p,e1b,weight-greedy,KILLED,,0.000,,,,,,,,,,,,,,,,false,killed before finishing
starexec,LCL648+1.010.p,e1b,age-fair,KILLED,,0.000,,,,,,,,,,,,,,,,false,killed before finishing
starexec,LCL648+1.010.p,e1b,balanced,KILLED,,0.000,,,,,,,,,,,,,,,,false,killed before finishing
starexec,LCL648+1.010.p,e1b,equational,KILLED,,0.000,,,,,,,,,,,,,,,,false,killed before finishing
starexec,LCL648+1.010.p,e1b,first-negative,KILLED,,0.000,,,,,,,,,,,,,,,,false,killed before finishing
starexec,LCL648+1.010.p,e1b,occurrence,KILLED,,0.000,,,,,,,,,,,,,,,,false,killed before finishing
starexec,LCL648+1.010.p,e1b,subsumption-light,KILLED,,0.000,,,,,,,,,,,,,,,,false,killed before finishing
starexec,LCL648+1.010.p,e1b,unary-redundancy,KILLED,,0.000,,,,,,,,,,,,,,,,false,killed before finishing
starexec,LCL648+1.010.p,e1b,weight-greedy,KILLED,,0.000,,,,,,,,,,,,,,,,false,killed before finishing
starexec,LCL650+1.010.p,e1b,age-fair,KILLED,,0.000,,,,,,,,,,,,,,,,false,killed before finishing
starexec,LCL650+1.010.p,e1b,balanced,TIMEOUT,0,2504.359,168468.155,,,6267,111485,6193,105203,220,126,,,,,,,false,
starexec,LCL650+1.010.p,e1b,equational,KILLED,,0.000,,,,,,,,,,,,,,,,false,killed before finishing
starexec,LCL650+1.010.p,e1b,first-negative,KILLED,,0.000,,,,,,,,,,,,,,,,false,killed before finishing
starexec,LCL650+1.010.p,e1b,occurrence,KILLED,,0.000,,,,,,,,,,,,,,,,false,killed before finishing
starexec,LCL650+1.010.p,e1b,subsumption-light,KILLED,,0.000,,,,,,,,,,,,,,,,false,killed before finishing
starexec,LCL650+1.010.p,e1b,unary-redundancy,KILLED,,0.000,,,,,,,,,,,,,,,,false,killed before finishing
starexec,LCL650+1.010.p,e1b,weight-greedy,TIMEOUT,0,3939.482,166523.746,,,49123,212754,48517,161973,220,126,,,,,,,false,
starexec,LCL652+1.010.p,e1b,age-fair,KILLED,,0.000,,,,,,,,,,,,,,,,false,killed before finishing
starexec,LCL652+1.010.p,e1b,balanced,TIMEOUT,0,2296.979,166351.128,,,70350,4767863,66685,4678918,181,110,,,,,,,false,
starexec,LCL652+1.010.p,e1b,equational,TIMEOUT,0,4285.279,166687.573,,,59185,3294233,55940,3219797,181,110,,,,,,,false,
starexec,LCL652+1.010.p,e1b,first-negative,TIMEOUT,0,3603.656,166503.285,,,36966,10575931,34387,10535824,181,110,,,,,,,false,
starexec,LCL652+1.010.p,e1b,occurrence,KILLED,,0.000,,,,,,,,,,,,,,,,false,killed before finishing
starexec,LCL652+1.010.p,e1b,unary-redundancy,KILLED,,0.000,,,,,,,,,,,,,,,,false,killed before finishing
starexec,LCL652+1.010.p,e1b,weight-greedy,TIMEOUT,0,4335.702,166639.987,,,51445,1054664,42780,996964,181,110,,,,,,,false,
starexec,LCL662+1.020.p,e1b,age-fair,CLAUSIFY_ERR(StackOverflowError),1,219.743,,,,,,,,,,,,,,,,false,
starexec,LCL662+1.020.p,e1b,balanced,KILLED,,0.000,,,,,,,,,,,,,,,,false,killed before finishing
starexec,LCL662+1.020.p,e1b,equational,KILLED,,0.000,,,,,,,,,,,,,,,,false,killed before finishing
starexec,LCL662+1.020.p,e1b,first-negative,CLAUSIFY_ERR(StackOverflowError),1,226.685,,,,,,,,,,,,,,,,false,
starexec,LCL662+1.020.p,e1b,occurrence,CLAUSIFY_ERR(StackOverflowError),1,223.380,,,,,,,,,,,,,,,,false,
starexec,LCL662+1.020.p,e1b,subsumption-light,KILLED,,0.000,,,,,,,,,,,,,,,,false,killed before finishing
starexec,LCL662+1.020.p,e1b,unary-redundancy,CLAUSIFY_ERR(StackOverflowError),1,213.181,,,,,,,,,,,,,,,,false,
starexec,LCL662+1.020.p,e1b,weight-greedy,KILLED,,0.000,,,,,,,,,,,,,,,,false,killed before finishing
starexec,LCL664+1.010.p,e1b,age-fair,KILLED,,0.000,,,,,,,,,,,,,,,,false,killed before finishing
starexec,LCL664+1.010.p,e1b,equational,KILLED,,0.000,,,,,,,,,,,,,,,,false,killed before finishing
starexec,LCL664+1.010.p,e1b,first-negative,KILLED,,0.000,,,,,,,,,,,,,,,,false,killed before finishing
starexec,LCL664+1.010.p,e1b,occurrence,KILLED,,0.000,,,,,,,,,,,,,,,,false,killed before finishing
starexec,LCL664+1.010.p,e1b,subsumption-light,KILLED,,0.000,,,,,,,,,,,,,,,,false,killed before finishing
starexec,LCL664+1.010.p,e1b,unary-redundancy,KILLED,,0.000,,,,,,,,,,,,,,,,false,killed before finishing
starexec,LCL664+1.010.p,e1b,weight-greedy,KILLED,,0.000,,,,,,,,,,,,,,,,false,killed before finishing
starexec,LCL666+1.010.p,e1b,age-fair,KILLED,,0.000,,,,,,,,,,,,,,,,false,killed before finishing
starexec,LCL666+1.010.p,e1b,balanced,HARD_TIMEOUT,1,0.000,,,,,,,,,,,,,,,,false,
starexec,LCL666+1.010.p,e1b,equational,KILLED,,0.000,,,,,,,,,,,,,,,,false,killed before finishing
starexec,LCL666+1.010.p,e1b,first-negative,KILLED,,0.000,,,,,,,,,,,,,,,,false,killed before finishing
starexec,LCL666+1.010.p,e1b,occurrence,KILLED,,0.000,,,,,,,,,,,,,,,,false,killed before finishing
starexec,LCL666+1.010.p,e1b,subsumption-light,KILLED,,0.000,,,,,,,,,,,,,,,,false,killed before finishing
starexec,LCL666+1.010.p,e1b,unary-redundancy,KILLED,,0.000,,,,,,,,,,,,,,,,false,killed before finishing
starexec,LCL666+1.010.p,e1b,weight-greedy,KILLED,,0.000,,,,,,,,,,,,,,,,false,killed before finishing
starexec,LCL688+1.001.p,e1b,age-fair,REFUTED,2,2287.902,154148.363,121.475,4335.269,22922,4211095,21106,4163502,28,16,547,492172,1830,4465,3,false,false,
starexec,LCL688+1.001.p,e1b,balanced,REFUTED,2,1253.026,18216.576,87.063,2755.654,12878,691398,12102,664502,28,16,539,515548,1711,5041,3,false,false,
starexec,LCL688+1.001.p,e1b,equational,REFUTED,2,2304.695,20081.805,160.397,5036.568,7861,369396,7222,353114,28,16,539,515548,1711,5041,3,false,false,
starexec,LCL688+1.001.p,e1b,first-negative,REFUTED,2,3272.459,4905.703,145.796,2872.092,1781,18521,1699,15453,28,16,547,492161,1832,4465,3,false,false,
starexec,LCL688+1.001.p,e1b,occurrence,REFUTED,2,2043.749,9123.710,92.577,3413.353,4139,71225,3893,61548,28,16,532,471674,1821,4465,3,false,false,
starexec,LCL688+1.001.p,e1b,subsumption-light,REFUTED,2,2386.385,16792.791,145.939,4899.266,4574,139330,3823,129128,28,16,537,512571,1706,5041,3,false,false,
starexec,LCL688+1.001.p,e1b,unary-redundancy,REFUTED,2,2073.511,7171.294,88.840,2602.393,1644,30132,1489,27102,28,16,532,471659,1818,4465,3,false,false,
starexec,LCL688+1.001.p,e1b,weight-greedy,REFUTED,2,1913.953,6047.871,163.207,3331.595,2776,45938,2250,40484,28,16,568,558754,1718,5041,3,false,false,
starexec,LCL688+1.015.p,e1b,age-fair,KILLED,,0.000,,,,,,,,,,,,,,,,false,killed before finishing
starexec,LCL688+1.015.p,e1b,equational,TIMEOUT,2,3603.674,166559.188,,,28589,15885065,22534,15842973,294,184,,,,,,,false,
starexec,LCL688+1.015.p,e1b,first-negative,KILLED,,0.000,,,,,,,,,,,,,,,,false,killed before finishing
starexec,LCL688+1.015.p,e1b,occurrence,KILLED,,0.000,,,,,,,,,,,,,,,,false,killed before finishing
starexec,LCL688+1.015.p,e1b,subsumption-light,KILLED,,0.000,,,,,,,,,,,,,,,,false,killed before finishing
starexec,LCL688+1.015.p,e1b,weight-greedy,TIMEOUT,2,3557.836,166494.833,,,42296,6259073,33324,6106802,294,184,,,,,,,false,
starexec,LCL891+1.p,e1b,age-fair,TIMEOUT,12,1025.825,166364.705,,,1356,4268423,1330,4264256,16,3,,,,,,,false,
starexec,LCL891+1.p,e1b,balanced,TIMEOUT,12,459.069,169455.742,,,1865,6990092,1797,6981524,16,3,,,,,,,false,
starexec,LCL891+1.p,e1b,equational,TIMEOUT,12,919.879,167196.269,,,1619,4415770,1552,4407968,16,3,,,,,,,false,
starexec,LCL891+1.p,e1b,first-negative,TIMEOUT,12,1139.570,166695.807,,,1073,3615504,1014,3610210,16,3,,,,,,,false,
starexec,LCL891+1.p,e1b,occurrence,TIMEOUT,12,1055.768,166354.355,,,2707,6152523,2579,6121276,16,3,,,,,,,false,
starexec,LCL891+1.p,e1b,subsumption-light,TIMEOUT,12,901.723,166809.792,,,1611,4374213,1540,4366435,16,3,,,,,,,false,
starexec,LCL891+1.p,e1b,unary-redundancy,TIMEOUT,12,1016.696,166536.987,,,1565,4319189,1521,4311597,16,3,,,,,,,false,
starexec,LCL891+1.p,e1b,weight-greedy,TIMEOUT,12,887.569,166322.332,,,4300,6767973,3994,6638652,16,3,,,,,,,false,
starexec,LCL898+1.p,e1b,balanced,TIMEOUT,14,460.724,166174.408,,,6343,11714654,6046,11686150,16,2,,,,,,,false,
starexec,LCL898+1.p,e1b,equational,TIMEOUT,14,839.828,166298.835,,,5489,6393005,5202,6368095,16,2,,,,,,,false,
starexec,LCL898+1.p,e1b,first-negative,TIMEOUT,14,1116.743,166514.250,,,1718,5774507,1664,5761827,16,2,,,,,,,false,
starexec,LCL898+1.p,e1b,occurrence,TIMEOUT,14,1000.019,166684.120,,,6946,7166837,6617,7092095,16,2,,,,,,,false,
starexec,LCL898+1.p,e1b,subsumption-light,TIMEOUT,14,912.554,166304.806,,,5114,5173775,4847,5150315,16,2,,,,,,,false,
starexec,LCL898+1.p,e1b,unary-redundancy,TIMEOUT,14,1030.616,166552.807,,,5105,5214772,4861,5191434,16,2,,,,,,,false,
starexec,LCL901+1.p,e1b,age-fair,TIMEOUT,14,949.649,166330.492,,,3855,6923157,3679,6908025,16,1,,,,,,,false,
starexec,LCL901+1.p,e1b,balanced,REFUTED,14,531.803,104289.121,109.479,395.127,4227,8175768,4032,8149800,16,1,304,18360,754,211,15,false,false,
starexec,LCL901+1.p,e1b,equational,TIMEOUT,14,783.695,166314.595,,,3949,7157780,3767,7133550,16,1,,,,,,,false,
starexec,LCL901+1.p,e1b,first-negative,TIMEOUT,14,1045.403,166387.918,,,1376,5143089,1290,5125759,16,1,,,,,,,false,
starexec,LCL901+1.p,e1b,occurrence,REFUTED,14,1098.764,11488.505,99.076,524.067,789,197608,730,186888,16,1,292,16578,676,211,15,false,false,
starexec,LCL901+1.p,e1b,subsumption-light,TIMEOUT,14,832.748,166312.292,,,3764,6399797,3593,6377017,16,1,,,,,,,false,
starexec,LCL901+1.p,e1b,unary-redundancy,TIMEOUT,14,981.025,166369.906,,,4046,6416453,3867,6389349,16,1,,,,,,,false,
starexec,LCL901+1.p,e1b,weight-greedy,REFUTED,14,1024.076,20590.651,268.379,784.667,1831,807292,1639,741602,16,1,357,20693,789,211,15,false,false,
starexec,LCL978+1.p,e1b,age-fair,TIMEOUT,2,794.594,166292.524,,,5281,5873671,4692,5826766,3,3,,,,,,,false,
starexec,LCL978+1.p,e1b,balanced,TIMEOUT,2,269.194,166161.465,,,8546,15130437,7952,15047935,3,3,,,,,,,false,
starexec,LCL978+1.p,e1b,equational,TIMEOUT,2,488.749,166253.394,,,6593,8510633,6027,8455103,3,3,,,,,,,false,
starexec,LCL978+1.p,e1b,first-negative,TIMEOUT,2,860.068,166378.966,,,8974,3521251,7449,3345789,3,3,,,,,,,false,
starexec,LCL978+1.p,e1b,occurrence,TIMEOUT,2,599.267,166212.429,,,7110,9052656,6576,8870224,3,3,,,,,,,false,
starexec,LCL978+1.p,e1b,subsumption-light,TIMEOUT,2,735.224,168278.651,,,9115,4591097,8273,4533001,3,3,,,,,,,false,
starexec,LCL978+1.p,e1b,unary-redundancy,TIMEOUT,2,866.426,167583.482,,,9115,4591097,8273,4533001,3,3,,,,,,,false,
starexec,LCL979+1.p,e1b,age-fair,TIMEOUT,2,891.203,166297.658,,,4121,1429396,3425,1418566,3,3,,,,,,,false,
starexec,LCL979+1.p,e1b,balanced,TIMEOUT,2,394.111,166227.608,,,4996,2993377,4039,2961841,3,3,,,,,,,false,
starexec,LCL979+1.p,e1b,equational,TIMEOUT,2,794.849,166496.446,,,3754,1811066,3071,1784984,3,3,,,,,,,false,
starexec,LCL979+1.p,e1b,first-negative,TIMEOUT,2,970.027,166302.164,,,7952,856824,7853,828802,3,3,,,,,,,false,
starexec,LCL979+1.p,e1b,occurrence,TIMEOUT,2,861.866,166268.770,,,4118,2586475,3465,2546588,3,3,,,,,,,false,
starexec,LCL979+1.p,e1b,subsumption-light,TIMEOUT,2,804.837,166416.113,,,1626,335876,1391,327042,3,3,,,,,,,false,
starexec,LCL979+1.p,e1b,unary-redundancy,TIMEOUT,2,902.692,166344.066,,,1636,339644,1401,330778,3,3,,,,,,,false,
starexec,LCL979+1.p,e1b,weight-greedy,HARD_TIMEOUT,2,0.000,,,,,,,,,,,,,,,,false,
starexec,LCL982+1.p,e1b,age-fair,REFUTED,2,1104.567,595.912,99.143,655.480,27,96,26,68,3,3,112,16237,410,273,3,false,false,
starexec,LCL982+1.p,e1b,balanced,REFUTED,2,543.988,273.075,52.127,407.188,24,67,23,41,3,3,108,16086,409,273,3,false,false,
starexec,LCL982+1.p,e1b,equational,REFUTED,2,990.309,523.831,120.286,752.663,24,67,23,41,3,3,108,16086,409,273,3,false,false,
starexec,LCL982+1.p,e1b,first-negative,REFUTED,2,1247.582,477.116,143.339,1160.134,17,39,16,21,3,3,118,21743,602,801,3,false,false,
starexec,LCL982+1.p,e1b,occurrence,REFUTED,2,1112.906,621.054,106.946,707.564,35,103,34,66,3,3,112,16237,410,273,3,false,false,
starexec,LCL982+1.p,e1b,subsumption-light,REFUTED,2,992.619,645.568,131.406,794.079,24,67,23,41,3,3,108,16086,409,273,3,false,false,
starexec,LCL982+1.p,e1b,unary-redundancy,REFUTED,2,1074.458,611.280,84.968,762.587,24,67,23,41,3,3,112,16237,410,273,3,false,false,
starexec,LCL982+1.p,e1b,weight-greedy,REFUTED,2,701.444,410.888,64.229,467.085,34,173,33,122,3,3,108,16086,409,273,3,false,false,
starexec,LCL983+1.p,e1b,age-fair,TIMEOUT,2,833.484,166311.460,,,5244,5445339,4928,5396120,3,3,,,,,,,false,
starexec,LCL983+1.p,e1b,balanced,TIMEOUT,2,255.627,166115.901,,,9373,16122861,8856,15905301,3,3,,,,,,,false,
starexec,LCL983+1.p,e1b,equational,TIMEOUT,2,726.241,166302.906,,,7984,9671484,7611,9528210,3,3,,,,,,,false,
starexec,LCL983+1.p,e1b,first-negative,TIMEOUT,2,632.898,166231.964,,,11273,4018933,9687,3621359,3,3,,,,,,,false,
starexec,LCL983+1.p,e1b,occurrence,TIMEOUT,2,580.544,166182.453,,,8954,10328318,8707,10036645,3,3,,,,,,,false,
starexec,LCL983+1.p,e1b,subsumption-light,TIMEOUT,2,728.187,166368.074,,,10472,3407000,10184,3305198,3,3,,,,,,,false,
starexec,LCL983+1.p,e1b,unary-redundancy,TIMEOUT,2,873.539,166283.938,,,10469,3397183,10184,3295573,3,3,,,,,,,false,
starexec,LCL983+1.p,e1b,weight-greedy,TIMEOUT,2,510.773,166190.695,,,20016,6936738,18317,6332233,3,3,,,,,,,false,
starexec,MGT005+1.p,e1b,age-fair,TIMEOUT,10,2218.324,166382.804,,,11593,941750,10896,917049,29,13,,,,,,,false,
starexec,MGT005+1.p,e1b,balanced,REFUTED,10,1341.975,8686.302,140.704,4666.607,2913,73226,2638,64813,29,13,504,1045080,3189,5235,11,false,false,
starexec,MGT005+1.p,e1b,equational,REFUTED,10,2571.562,18334.256,243.367,8122.710,3406,89520,3104,79327,29,13,498,1034383,3182,5235,11,false,false,
starexec,MGT005+1.p,e1b,first-negative,REFUTED,10,3505.660,6134.591,273.521,8988.121,2175,4518,1063,1277,29,13,515,1062857,3586,5271,11,false,false,
starexec,MGT005+1.p,e1b,occurrence,REFUTED,10,2834.106,12434.887,168.213,5053.038,2783,56224,2440,46245,29,13,512,1055078,3587,5271,11,false,false,
starexec,MGT005+1.p,e1b,subsumption-light,TIMEOUT,10,1640.406,166568.529,,,4030,133651,3638,120809,29,13,,,,,,,false,
starexec,MGT005+1.p,e1b,unary-redundancy,TIMEOUT,10,2248.005,166572.546,,,3986,138536,3640,125568,29,13,,,,,,,false,
starexec,MGT005+1.p,e1b,weight-greedy,TIMEOUT,10,1636.072,168672.782,,,7070,1698299,6838,1676408,29,13,,,,,,,false,
starexec,MGT035+2.p,e1b,age-fair,TIMEOUT,19,1421.920,166508.803,,,11996,7555754,11557,7537657,43,5,,,,,,,false,
starexec,MGT035+2.p,e1b,balanced,TIMEOUT,19,601.700,169181.502,,,16483,17615980,16244,17589409,43,5,,,,,,,false,
starexec,MGT035+2.p,e1b,equational,TIMEOUT,19,1152.885,166361.676,,,13722,9738752,13417,9716698,43,5,,,,,,,false,
starexec,MGT035+2.p,e1b,occurrence,TIMEOUT,19,1428.517,166507.434,,,12795,11329319,12691,11303906,43,5,,,,,,,false,
starexec,MGT035+2.p,e1b,subsumption-light,TIMEOUT,19,1140.840,166469.556,,,4393,1099285,4285,1092799,43,5,,,,,,,false,
starexec,MGT035+2.p,e1b,unary-redundancy,TIMEOUT,19,1425.527,166557.133,,,5825,1825257,5640,1816506,43,5,,,,,,,false,
starexec,MGT035+2.p,e1b,weight-greedy,TIMEOUT,19,1127.917,166433.637,,,10819,5252785,10453,5220835,43,5,,,,,,,false,
starexec,MGT067+1.p,e1b,age-fair,REFUTED,157,3238.509,4316.502,149.833,3832.619,1118,5284,1046,4041,177,3,1467,424600,8536,737,158,false,false,
starexec,MGT067+1.p,e1b,balanced,REFUTED,157,1148.066,1102.363,91.059,2408.004,828,1494,808,584,177,3,1294,364250,8399,680,158,false,false,
starexec,MGT067+1.p,e1b,equational,REFUTED,157,2239.060,2083.511,153.783,5037.502,828,1494,808,584,177,3,1294,364250,8399,680,158,false,false,
starexec,MGT067+1.p,e1b,first-negative,REFUTED,157,3492.602,1899.104,132.462,3928.996,688,750,651,177,177,3,1460,421529,8578,737,158,false,false,
starexec,MGT067+1.p,e1b,occurrence,REFUTED,157,3112.020,1694.812,146.169,4200.442,726,849,695,234,177,3,1467,424600,8536,737,158,false,false,
starexec,MGT067+1.p,e1b,subsumption-light,REFUTED,157,2324.910,3038.458,147.029,4600.715,845,1448,812,462,177,3,1294,364254,8402,680,158,false,false,
starexec,MGT067+1.p,e1b,unary-redundancy,REFUTED,157,3196.614,2436.153,138.159,4020.842,805,1147,750,231,177,3,1467,424604,8539,737,158,false,false,
starexec,MGT067+1.p,e1b,weight-greedy,REFUTED,157,2275.366,1550.905,169.126,4676.551,631,801,618,177,177,3,1294,364250,8399,680,158,false,false,
starexec,MGT068+1.p,e1b,age-fair,TIMEOUT,59,1883.485,166525.369,,,6526,7986079,6434,7972209,85,4,,,,,,,false,
starexec,MGT068+1.p,e1b,balanced,TIMEOUT,59,671.070,167484.520,,,10352,15136969,10267,15101031,85,4,,,,,,,false,
starexec,MGT068+1.p,e1b,equational,TIMEOUT,59,1355.442,167281.047,,,6727,8040341,6688,8013851,85,4,,,,,,,false,
starexec,MGT068+1.p,e1b,first-negative,TIMEOUT,59,2014.356,166615.226,,,26721,3746118,25478,3688711,85,4,,,,,,,false,
starexec,MGT068+1.p,e1b,occurrence,HARD_TIMEOUT,59,0.000,,,,,,,,,,,,,,,,false,
starexec,MGT068+1.p,e1b,subsumption-light,TIMEOUT,59,1286.962,166949.527,,,2358,1254903,2284,1245611,85,4,,,,,,,false,
starexec,MGT068+1.p,e1b,unary-redundancy,TIMEOUT,59,1899.040,166749.407,,,2497,1062451,1866,1050745,85,4,,,,,,,false,
starexec,MGT068+1.p,e1b,weight-greedy,TIMEOUT,59,1278.428,166530.696,,,23488,5659551,14920,5113844,85,4,,,,,,,false,
starexec,MGT076+1.p,e1b,age-fair,REFUTED,34,1849.730,951.985,60.015,1477.790,103,340,103,231,54,4,446,60379,1730,385,35,false,false,
starexec,MGT076+1.p,e1b,balanced,REFUTED,34,516.751,277.767,29.790,592.973,70,140,70,61,54,4,410,58344,1877,383,35,false,false,
starexec,MGT076+1.p,e1b,equational,REFUTED,34,1038.057,558.047,58.966,1121.896,70,140,70,61,54,4,410,58344,1877,383,35,false,false,
starexec,MGT076+1.p,e1b,first-negative,REFUTED,34,1953.214,828.520,66.537,1564.691,78,159,78,67,54,4,446,60379,1730,385,35,false,false,
starexec,MGT076+1.p,e1b,occurrence,REFUTED,34,1198.396,483.624,43.105,950.182,47,119,47,63,54,4,446,60379,1730,385,35,false,false,
starexec,MGT076+1.p,e1b,subsumption-light,REFUTED,34,1564.701,847.960,93.525,1751.604,70,140,70,61,54,4,410,58344,1877,383,35,false,false,
starexec,MGT076+1.p,e1b,unary-redundancy,REFUTED,34,1824.809,852.086,91.446,1492.069,70,140,70,61,54,4,446,60379,1730,385,35,false,false,
starexec,MGT076+1.p,e1b,weight-greedy,REFUTED,34,1014.546,457.576,56.414,1123.063,53,106,52,54,54,4,410,58344,1877,383,35,false,false,
starexec,MGT077+1.p,e1b,age-fair,REFUTED,44,1903.287,35034.501,85.257,2559.274,3664,1702409,3637,1696288,64,4,521,77993,1885,414,45,false,false,
starexec,MGT077+1.p,e1b,balanced,TIMEOUT,44,599.054,166249.871,,,8777,15791576,8677,15748706,64,4,,,,,,,false,
starexec,MGT077+1.p,e1b,equational,TIMEOUT,44,1186.173,167971.752,,,5610,8491605,5566,8463715,64,4,,,,,,,false,
starexec,MGT077+1.p,e1b,first-negative,REFUTED,44,2387.412,5442.033,94.069,2033.311,2119,15869,2113,12433,64,4,519,77455,1891,414,45,false,false,
starexec,MGT077+1.p,e1b,occurrence,TIMEOUT,44,1481.615,167082.537,,,6855,9045842,6679,8965248,64,4,,,,,,,false,
starexec,MGT077+1.p,e1b,subsumption-light,REFUTED,44,1713.881,108679.288,98.100,1668.907,2374,769800,1437,760643,64,4,490,79618,2043,414,45,false,false,
starexec,MGT077+1.p,e1b,unary-redundancy,REFUTED,44,1943.854,108962.176,89.214,1426.855,2369,764019,1434,754862,64,4,536,81212,1896,414,45,false,false,
starexec,MGT077+1.p,e1b,weight-greedy,TIMEOUT,44,1178.685,167104.978,,,18744,7038569,11886,6529010,64,4,,,,,,,false,
starexec,MGT078+1.p,e1b,age-fair,REFUTED,56,2202.184,4468.114,142.360,2184.487,608,29662,583,28511,80,6,618,154311,1932,629,57,false,false,
starexec,MGT078+1.p,e1b,balanced,REFUTED,56,898.645,852.064,74.258,1274.580,276,1231,254,733,80,6,558,147618,2034,619,57,false,false,
starexec,MGT078+1.p,e1b,equational,REFUTED,56,1734.044,1498.195,151.795,2587.674,276,1231,254,733,80,6,558,147618,2034,619,57,false,false,
starexec,MGT078+1.p,e1b,first-negative,REFUTED,56,2278.178,1747.404,148.182,2408.798,362,1738,358,1135,80,6,617,153113,1928,629,57,false,false,
starexec,MGT078+1.p,e1b,occurrence,REFUTED,56,2053.640,1546.436,129.463,2220.667,248,1290,231,818,80,6,610,150301,1928,629,57,false,false,
starexec,MGT078+1.p,e1b,subsumption-light,REFUTED,56,1980.322,1779.149,141.119,2597.892,292,1776,263,1250,80,6,547,142530,2023,619,57,false,false,
starexec,MGT078+1.p,e1b,unary-redundancy,REFUTED,56,2282.171,1739.237,132.531,2281.011,298,1929,269,1389,80,6,602,147890,1920,629,57,false,false,
starexec,MGT078+1.p,e1b,weight-greedy,REFUTED,56,1769.532,1369.409,155.937,2571.911,214,690,207,275,80,6,562,148370,2033,619,57,false,false,
starexec,MGT079+1.p,e1b,age-fair,TIMEOUT,56,823.157,166300.446,,,11649,14120149,11599,14071127,77,3,,,,,,,false,
starexec,MGT079+1.p,e1b,balanced,TIMEOUT,56,642.768,166277.087,,,14187,14520873,13989,14444187,77,3,,,,,,,false,
starexec,MGT079+1.p,e1b,equational,TIMEOUT,56,659.267,166268.933,,,14150,14135516,13898,14060360,77,3,,,,,,,false,
starexec,MGT079+1.p,e1b,first-negative,REFUTED,56,1020.745,8343.471,90.462,513.179,7614,593997,7594,580125,77,3,600,93507,1893,417,57,false,false,
starexec,MGT079+1.p,e1b,occurrence,TIMEOUT,56,856.924,166283.558,,,12029,14966290,9259,14738053,77,3,,,,,,,false,
starexec,MGT079+1.p,e1b,subsumption-light,TIMEOUT,56,642.515,166362.596,,,9556,3600797,7939,3558423,77,3,,,,,,,false,
starexec,MGT079+1.p,e1b,unary-redundancy,TIMEOUT,56,874.251,166774.804,,,9711,3814995,8090,3770515,77,3,,,,,,,false,
starexec,MGT079+1.p,e1b,weight-greedy,TIMEOUT,56,673.477,166262.320,,,63312,7132943,33660,6386858,77,3,,,,,,,false,
starexec,MGT080+1.p,e1b,age-fair,REFUTED,73,2123.415,6971.959,135.701,1425.212,936,82814,836,79880,99,7,706,235428,2042,895,74,false,false,
starexec,MGT080+1.p,e1b,balanced,REFUTED,73,1212.936,1390.069,72.244,1242.572,491,9341,418,8373,99,7,634,227309,2113,881,74,false,false,
starexec,MGT080+1.p,e1b,equational,REFUTED,73,2062.047,2650.165,147.504,2144.250,491,9341,418,8373,99,7,634,227309,2113,881,74,false,false,
starexec,MGT080+1.p,e1b,first-negative,REFUTED,73,2981.591,2456.401,158.369,2070.188,710,3752,592,2402,99,7,727,244073,2050,895,74,false,false,
starexec,MGT080+1.p,e1b,occurrence,REFUTED,73,2254.310,1744.758,137.559,2355.929,352,1512,349,720,99,7,719,239465,2044,895,74,false,false,
starexec,MGT080+1.p,e1b,subsumption-light,REFUTED,73,2023.878,2543.498,156.387,2433.694,455,6869,392,5967,99,7,643,233460,2116,881,74,false,false,
starexec,MGT080+1.p,e1b,unary-redundancy,REFUTED,73,2546.497,2781.136,157.233,2052.722,460,7413,385,6499,99,7,730,244658,2052,895,74,false,false,
starexec,MGT080+1.p,e1b,weight-greedy,REFUTED,73,1800.162,1699.613,132.066,2644.554,387,1948,381,1045,99,7,636,228401,2112,881,74,false,false,
starexec,MGT082+1.p,e1b,age-fair,REFUTED,56,2236.998,4389.228,150.003,2235.693,615,31619,538,30225,80,6,629,159193,1934,645,57,false,false,
starexec,MGT082+1.p,e1b,balanced,REFUTED,56,1085.307,944.005,88.564,1510.851,291,1856,273,1298,80,6,568,152809,2033,635,57,false,false,
starexec,MGT082+1.p,e1b,equational,REFUTED,56,1882.138,1672.087,162.336,2458.535,291,1856,273,1298,80,6,568,152809,2033,635,57,false,false,
starexec,MGT082+1.p,e1b,first-negative,REFUTED,56,2513.214,1917.111,184.492,2538.525,425,2098,359,1348,80,6,625,158355,1935,645,57,false,false,
starexec,MGT082+1.p,e1b,occurrence,REFUTED,56,2000.473,1492.317,145.037,2226.323,230,968,227,533,80,6,613,153432,1926,645,57,false,false,
starexec,MGT082+1.p,e1b,subsumption-light,REFUTED,56,1867.038,1913.350,147.691,2726.501,317,2798,273,2188,80,6,560,148819,2026,635,57,false,false,
starexec,MGT082+1.p,e1b,unary-redundancy,REFUTED,56,2066.339,1640.609,129.855,2166.472,272,1123,240,613,80,6,609,153427,1923,645,57,false,false,
starexec,MGT082+1.p,e1b,weight-greedy,REFUTED,56,1701.484,1328.271,151.413,2441.377,225,646,221,194,80,6,549,146779,2020,635,57,false,false,
starexec,MGT085+1.p,e1b,equational,REFUTED,43,1755.101,63855.163,181.105,2442.800,6888,3781739,6762,3751353,65,6,524,142865,2023,619,44,false,false,
starexec,MGT085+1.p,e1b,first-negative,REFUTED,43,2248.151,14273.981,126.878,1772.822,4999,306748,4954,296090,65,6,556,143135,1908,629,44,false,false,
starexec,MGT085+1.p,e1b,occurrence,REFUTED,43,2183.148,14731.263,170.032,1370.373,2109,663485,2091,646690,65,6,578,149609,1928,629,44,false,false,
starexec,MGT085+1.p,e1b,subsumption-light,TIMEOUT,43,1233.189,166568.504,,,5856,1515079,4795,1488221,65,6,,,,,,,false,
starexec,MGT085+1.p,e1b,unary-redundancy,TIMEOUT,43,1550.408,166704.608,,,5928,1592635,4867,1564641,65,6,,,,,,,false,
starexec,MGT085+1.p,e1b,weight-greedy,REFUTED,43,1638.297,3127.831,110.333,1611.566,610,20121,608,15234,65,6,524,142865,2023,619,44,false,false,
starexec,MGT086+1.p,e1b,age-fair,TIMEOUT,43,1452.871,166499.577,,,8170,7537657,8137,7512787,63,3,,,,,,,false,
starexec,MGT086+1.p,e1b,balanced,TIMEOUT,43,595.386,166256.891,,,11567,14395228,11408,14344398,63,3,,,,,,,false,
starexec,MGT086+1.p,e1b,equational,TIMEOUT,43,1132.507,166448.913,,,9288,8402317,9163,8364013,63,3,,,,,,,false,
starexec,MGT086+1.p,e1b,first-negative,REFUTED,43,2164.119,2976.815,108.084,1878.229,751,5348,744,4210,63,3,510,78923,1823,410,44,false,false,
starexec,MGT086+1.p,e1b,occurrence,TIMEOUT,43,1518.816,166577.134,,,7745,7263648,6957,7120791,63,3,,,,,,,false,
starexec,MGT086+1.p,e1b,subsumption-light,TIMEOUT,43,1206.925,166595.019,,,4498,1389956,3876,1371216,63,3,,,,,,,false,
starexec,MGT086+1.p,e1b,unary-redundancy,TIMEOUT,43,1514.452,166684.926,,,4515,1402555,3890,1383651,63,3,,,,,,,false,
starexec,MGT086+1.p,e1b,weight-greedy,REFUTED,43,1629.157,60162.061,229.682,1899.912,26899,1899027,14467,1688722,63,3,707,129482,2285,410,44,false,false,
starexec,MGT088+1.p,e1b,age-fair,REFUTED,39,1999.630,1819.040,90.894,1654.328,275,3403,275,3077,59,4,488,66865,1833,393,40,false,false,
starexec,MGT088+1.p,e1b,balanced,REFUTED,39,866.614,636.065,45.999,1131.806,164,1023,164,771,59,4,447,65338,1989,393,40,false,false,
starexec,MGT088+1.p,e1b,equational,REFUTED,39,1142.994,889.420,64.174,1271.902,164,1023,164,771,59,4,447,65338,1989,393,40,false,false,
starexec,MGT088+1.p,e1b,first-negative,REFUTED,39,1423.916,862.888,92.237,1027.995,237,879,237,544,59,4,488,66858,1836,393,40,false,false,
starexec,MGT088+1.p,e1b,occurrence,REFUTED,39,2075.212,1301.169,91.105,1627.706,158,1039,158,727,59,4,488,66865,1833,393,40,false,false,
starexec,MGT088+1.p,e1b,subsumption-light,REFUTED,39,1166.351,972.584,67.050,1292.565,166,934,166,688,59,4,457,67288,1996,393,40,false,false,
starexec,MGT088+1.p,e1b,unary-redundancy,REFUTED,39,2088.533,1385.710,103.703,1655.244,166,934,166,688,59,4,498,68815,1840,393,40,false,false,
starexec,MGT088+1.p,e1b,weight-greedy,REFUTED,39,1064.038,635.946,49.558,1131.737,113,379,113,205,59,4,447,65338,1989,393,40,false,false,
starexec,MGT090+1.p,e1b,age-fair,REFUTED,59,1927.853,1110.127,115.000,1546.581,144,397,136,244,90,3,639,73186,2425,354,60,false,false,
starexec,MGT090+1.p,e1b,balanced,REFUTED,59,830.058,643.676,66.220,1098.499,159,496,156,302,90,3,581,71034,2646,354,60,false,false,
starexec,MGT090+1.p,e1b,equational,REFUTED,59,1550.127,1175.007,141.808,1962.685,159,501,156,305,90,3,581,71034,2646,354,60,false,false,
starexec,MGT090+1.p,e1b,first-negative,REFUTED,59,2278.927,2345.782,126.652,1699.223,488,3968,485,3298,90,3,640,73358,2427,354,60,false,false,
starexec,MGT090+1.p,e1b,occurrence,REFUTED,59,2012.744,1337.727,118.019,1641.114,173,836,171,539,90,3,639,73186,2425,354,60,false,false,
starexec,MGT090+1.p,e1b,subsumption-light,REFUTED,59,1601.256,1372.824,141.973,2196.766,167,612,163,400,90,3,581,71034,2646,354,60,false,false,
starexec,MGT090+1.p,e1b,unary-redundancy,REFUTED,59,2052.596,1380.337,122.200,1597.644,159,508,157,308,90,3,639,73186,2425,354,60,false,false,
starexec,MGT090+1.p,e1b,weight-greedy,REFUTED,59,1636.725,1380.514,136.815,2250.613,204,980,203,618,90,3,581,71034,2646,354,60,false,false,
starexec,MGT091+1.p,e1b,balanced,REFUTED,46,846.168,5238.477,72.992,1143.953,1188,204938,1181,201328,83,3,603,86624,3337,362,47,false,false,
starexec,MGT091+1.p,e1b,equational,REFUTED,46,1681.069,11447.116,148.312,2147.909,1188,204928,1181,201318,83,3,603,86624,3337,362,47,false,false,
starexec,MGT091+1.p,e1b,first-negative,TIMEOUT,46,1266.830,166375.078,,,24819,4713978,22648,4664683,83,3,,,,,,,false,
starexec,MGT091+1.p,e1b,occurrence,REFUTED,46,2055.607,7984.362,137.741,1695.750,1143,124715,1122,120310,83,3,619,83612,3087,362,47,false,false,
starexec,MGT091+1.p,e1b,subsumption-light,TIMEOUT,46,1245.702,166509.518,,,3783,1134212,3486,1119244,83,3,,,,,,,false,
starexec,MGT091+1.p,e1b,unary-redundancy,TIMEOUT,46,1752.857,166644.219,,,3688,1090532,3394,1075878,83,3,,,,,,,false,
starexec,MGT091+1.p,e1b,weight-greedy,REFUTED,46,1136.083,1148.068,74.715,1462.270,286,2472,285,1620,83,3,557,78534,3252,362,47,false,false,
starexec,NLP147+1.p,e1b,age-fair,REFUTED,61,3453.559,1021.737,133.776,8041.453,226,255,221,92,92,11,1006,1175618,3716,15197,62,false,false,
starexec,NLP147+1.p,e1b,balanced,REFUTED,61,1467.897,601.654,87.500,4904.762,230,256,228,94,94,12,1021,1237418,3831,15197,62,false,false,
starexec,NLP147+1.p,e1b,equational,REFUTED,61,2753.830,1115.228,167.381,9066.470,230,256,228,94,94,12,1021,1237418,3831,15197,62,false,false,
starexec,NLP147+1.p,e1b,first-negative,REFUTED,61,3799.297,1254.887,121.804,9437.272,233,253,225,92,92,11,1005,1173471,3722,15197,62,false,false,
starexec,NLP147+1.p,e1b,occurrence,REFUTED,61,3322.986,1119.268,106.160,7781.515,218,256,213,92,92,11,1006,1175642,3716,15197,62,false,false,
starexec,NLP147+1.p,e1b,subsumption-light,REFUTED,61,2763.603,1219.645,142.169,9043.275,230,256,228,94,94,12,1021,1237418,3831,15197,62,false,false,
starexec,NLP147+1.p,e1b,unary-redundancy,REFUTED,61,3298.983,1219.858,121.467,7868.166,229,256,225,92,92,11,1006,1175618,3716,15197,62,false,false,
starexec,NLP147+1.p,e1b,weight-greedy,REFUTED,61,2703.309,1209.031,136.488,8507.821,245,280,244,94,94,12,1021,1237448,3831,15197,62,false,false,
starexec,NLP260+1.p,e1b,age-fair,PARSE_ERR,,0.000,,,,,,,,,,,,,,,,false,Exception
starexec,NLP260+1.p,e1b,balanced,PARSE_ERR,,0.000,,,,,,,,,,,,,,,,false,Exception
starexec,NLP260+1.p,e1b,equational,PARSE_ERR,,0.000,,,,,,,,,,,,,,,,false,Exception
starexec,NLP260+1.p,e1b,first-negative,PARSE_ERR,,0.000,,,,,,,,,,,,,,,,false,Exception
starexec,NLP260+1.p,e1b,occurrence,PARSE_ERR,,0.000,,,,,,,,,,,,,,,,false,Exception
starexec,NLP260+1.p,e1b,subsumption-light,PARSE_ERR,,0.000,,,,,,,,,,,,,,,,false,Exception
starexec,NLP260+1.p,e1b,unary-redundancy,PARSE_ERR,,0.000,,,,,,,,,,,,,,,,false,Exception
starexec,NLP260+1.p,e1b,weight-greedy,PARSE_ERR,,0.000,,,,,,,,,,,,,,,,false,Exception
starexec,NLP261+1.p,e1b,age-fair,PARSE_ERR,,0.000,,,,,,,,,,,,,,,,false,Exception
starexec,NLP261+1.p,e1b,balanced,PARSE_ERR,,0.000,,,,,,,,,,,,,,,,false,Exception
starexec,NLP261+1.p,e1b,equational,PARSE_ERR,,0.000,,,,,,,,,,,,,,,,false,Exception
starexec,NLP261+1.p,e1b,first-negative,PARSE_ERR,,0.000,,,,,,,,,,,,,,,,false,Exception
starexec,NLP261+1.p,e1b,occurrence,PARSE_ERR,,0.000,,,,,,,,,,,,,,,,false,Exception
starexec,NLP261+1.p,e1b,subsumption-light,PARSE_ERR,,0.000,,,,,,,,,,,,,,,,false,Exception
starexec,NLP261+1.p,e1b,unary-redundancy,PARSE_ERR,,0.000,,,,,,,,,,,,,,,,false,Exception
starexec,NLP261+1.p,e1b,weight-greedy,PARSE_ERR,,0.000,,,,,,,,,,,,,,,,false,Exception
starexec,NLP262+1.p,e1b,age-fair,PARSE_ERR,,0.000,,,,,,,,,,,,,,,,false,Exception
starexec,NLP262+1.p,e1b,balanced,PARSE_ERR,,0.000,,,,,,,,,,,,,,,,false,Exception
starexec,NLP262+1.p,e1b,equational,PARSE_ERR,,0.000,,,,,,,,,,,,,,,,false,Exception
starexec,NLP262+1.p,e1b,first-negative,PARSE_ERR,,0.000,,,,,,,,,,,,,,,,false,Exception
starexec,NLP262+1.p,e1b,occurrence,PARSE_ERR,,0.000,,,,,,,,,,,,,,,,false,Exception
starexec,NLP262+1.p,e1b,subsumption-light,PARSE_ERR,,0.000,,,,,,,,,,,,,,,,false,Exception
starexec,NLP262+1.p,e1b,unary-redundancy,PARSE_ERR,,0.000,,,,,,,,,,,,,,,,false,Exception
starexec,NLP262+1.p,e1b,weight-greedy,PARSE_ERR,,0.000,,,,,,,,,,,,,,,,false,Exception
starexec,NUM292+1.p,e1b,age-fair,TIMEOUT,401,2466.998,166759.594,,,19225,84249,19225,65018,407,0,,,,,,,false,
starexec,NUM292+1.p,e1b,balanced,TIMEOUT,401,723.026,166384.001,,,23286,93447,23286,69773,407,0,,,,,,,false,
starexec,NUM292+1.p,e1b,equational,TIMEOUT,401,1037.861,166437.650,,,21023,87548,21023,66135,407,0,,,,,,,false,
starexec,NUM292+1.p,e1b,first-negative,REFUTED,401,2009.576,139280.929,115.691,656.268,21555,174357,21555,152762,407,0,1849,60401,4329,303,402,false,false,
starexec,NUM292+1.p,e1b,occurrence,TIMEOUT,401,2372.571,166731.457,,,19347,64058,19347,44417,407,0,,,,,,,false,
starexec,NUM292+1.p,e1b,subsumption-light,TIMEOUT,401,1108.658,166509.940,,,20457,85099,20456,64253,407,0,,,,,,,false,
starexec,NUM292+1.p,e1b,unary-redundancy,TIMEOUT,401,1564.826,166482.191,,,21387,88125,21386,66349,407,0,,,,,,,false,
starexec,NUM292+1.p,e1b,weight-greedy,TIMEOUT,401,1046.114,166432.333,,,21576,56043,21576,33943,407,0,,,,,,,false,
starexec,NUM321+1.p,e1b,age-fair,TIMEOUT,401,2500.474,166722.733,,,17433,66232,17433,48799,407,0,,,,,,,false,
starexec,NUM321+1.p,e1b,balanced,TIMEOUT,401,782.388,166385.843,,,21649,88952,21649,66917,407,0,,,,,,,false,
starexec,NUM321+1.p,e1b,equational,TIMEOUT,401,1695.209,166725.607,,,17410,66099,17410,48357,407,0,,,,,,,false,
starexec,NUM321+1.p,e1b,first-negative,TIMEOUT,401,2773.025,166763.475,,,18314,168450,18314,150103,407,0,,,,,,,false,
starexec,NUM321+1.p,e1b,occurrence,TIMEOUT,401,2482.779,166782.748,,,17785,66427,17785,48199,407,0,,,,,,,false,
starexec,NUM321+1.p,e1b,subsumption-light,TIMEOUT,401,1758.866,166854.108,,,17490,66259,17489,48443,407,0,,,,,,,false,
starexec,NUM321+1.p,e1b,unary-redundancy,TIMEOUT,401,2569.102,166796.573,,,17519,66317,17518,48472,407,0,,,,,,,false,
starexec,NUM321+1.p,e1b,weight-greedy,TIMEOUT,401,1660.689,166743.104,,,18508,50852,18508,31881,407,0,,,,,,,false,
starexec,NUM335+1.p,e1b,age-fair,TIMEOUT,401,2558.388,166704.303,,,17463,66288,17463,48824,408,1,,,,,,,false,
starexec,NUM335+1.p,e1b,balanced,TIMEOUT,401,764.717,166364.355,,,21288,87845,21288,66170,408,1,,,,,,,false,
starexec,NUM335+1.p,e1b,equational,TIMEOUT,401,1760.020,166712.522,,,17318,65910,17318,48262,408,1,,,,,,,false,
starexec,NUM335+1.p,e1b,first-negative,TIMEOUT,401,2667.641,166810.293,,,18057,168063,18057,149971,408,1,,,,,,,false,
starexec,NUM335+1.p,e1b,occurrence,TIMEOUT,401,2418.347,166841.414,,,17485,53455,17485,35705,408,1,,,,,,,false,
starexec,NUM335+1.p,e1b,subsumption-light,TIMEOUT,401,1699.557,166722.988,,,17099,65472,17098,48049,408,1,,,,,,,false,
starexec,NUM335+1.p,e1b,unary-redundancy,TIMEOUT,401,2422.286,166779.601,,,17343,65960,17342,48292,408,1,,,,,,,false,
starexec,NUM335+1.p,e1b,weight-greedy,TIMEOUT,401,1615.795,166616.678,,,18508,50841,18508,31875,408,1,,,,,,,false,
starexec,NUM639+4.p,e1b,age-fair,KILLED,,0.000,,,,,,,,,,,,,,,,false,killed before finishing
starexec,NUM639+4.p,e1b,balanced,TIMEOUT,316,1524.961,166575.479,,,19806,8093139,19353,8056687,532,29,,,,,,,false,
starexec,NUM639+4.p,e1b,equational,KILLED,,0.000,,,,,,,,,,,,,,,,false,killed before finishing
starexec,NUM639+4.p,e1b,first-negative,TIMEOUT,316,3039.668,166657.200,,,14221,6728263,13973,6698833,525,26,,,,,,,false,
starexec,NUM639+4.p,e1b,occurrence,KILLED,,0.000,,,,,,,,,,,,,,,,false,killed before finishing
starexec,NUM639+4.p,e1b,subsumption-light,TIMEOUT,316,1908.342,166638.841,,,15240,4986627,14866,4957687,532,29,,,,,,,false,
starexec,NUM639+4.p,e1b,unary-redundancy,TIMEOUT,316,2692.040,166760.028,,,13113,3883995,12444,3859915,525,26,,,,,,,false,
starexec,NUM639+4.p,e1b,weight-greedy,TIMEOUT,316,1930.105,166958.187,,,33712,4815060,29159,4638564,532,29,,,,,,,false,
starexec,NUM647+4.p,e1b,age-fair,KILLED,,0.000,,,,,,,,,,,,,,,,false,killed before finishing
starexec,NUM647+4.p,e1b,balanced,TIMEOUT,346,1600.662,166554.949,,,21051,8264203,20005,8223213,586,29,,,,,,,false,
starexec,NUM647+4.p,e1b,equational,TIMEOUT,346,2046.907,166692.499,,,19577,6670117,17985,6632591,586,29,,,,,,,false,
starexec,NUM647+4.p,e1b,first-negative,TIMEOUT,346,3029.296,166748.110,,,16466,7676443,15983,7641647,579,26,,,,,,,false,
starexec,NUM647+4.p,e1b,occurrence,KILLED,,0.000,,,,,,,,,,,,,,,,false,killed before finishing
starexec,NUM647+4.p,e1b,subsumption-light,TIMEOUT,346,2074.871,166867.817,,,15238,3632109,14641,3602123,586,29,,,,,,,false,
starexec,NUM647+4.p,e1b,unary-redundancy,KILLED,,0.000,,,,,,,,,,,,,,,,false,killed before finishing
starexec,NUM647+4.p,e1b,weight-greedy,TIMEOUT,346,2112.674,166633.514,,,50843,2026665,44842,1794290,586,29,,,,,,,false,
starexec,NUM653+4.p,e1b,age-fair,KILLED,,0.000,,,,,,,,,,,,,,,,false,killed before finishing
starexec,NUM653+4.p,e1b,balanced,TIMEOUT,393,1715.589,166601.241,,,22334,6969646,21593,6923068,673,29,,,,,,,false,
starexec,NUM653+4.p,e1b,equational,TIMEOUT,393,3228.030,167007.583,,,19425,4253412,18007,4212868,673,29,,,,,,,false,
starexec,NUM653+4.p,e1b,first-negative,TIMEOUT,393,3266.805,166753.373,,,17456,6674743,17035,6640139,666,26,,,,,,,false,
starexec,NUM653+4.p,e1b,occurrence,KILLED,,0.000,,,,,,,,,,,,,,,,false,killed before finishing
starexec,NUM653+4.p,e1b,subsumption-light,TIMEOUT,393,3129.292,167118.317,,,15189,2184175,14567,2152781,673,29,,,,,,,false,
starexec,NUM653+4.p,e1b,unary-redundancy,KILLED,,0.000,,,,,,,,,,,,,,,,false,killed before finishing
starexec,NUM653+4.p,e1b,weight-greedy,TIMEOUT,393,2013.046,166730.289,,,52428,1868562,46116,1606893,673,29,,,,,,,false,
starexec,NUM656+4.p,e1b,age-fair,KILLED,,0.000,,,,,,,,,,,,,,,,false,killed before finishing
starexec,NUM656+4.p,e1b,balanced,TIMEOUT,402,1770.286,166755.036,,,22268,7804294,21642,7758912,691,29,,,,,,,false,
starexec,NUM656+4.p,e1b,first-negative,KILLED,,0.000,,,,,,,,,,,,,,,,false,killed before finishing
starexec,NUM656+4.p,e1b,occurrence,KILLED,,0.000,,,,,,,,,,,,,,,,false,killed before finishing
starexec,NUM656+4.p,e1b,subsumption-light,KILLED,,0.000,,,,,,,,,,,,,,,,false,killed before finishing
starexec,NUM656+4.p,e1b,unary-redundancy,KILLED,,0.000,,,,,,,,,,,,,,,,false,killed before finishing
starexec,NUM656+4.p,e1b,weight-greedy,KILLED,,0.000,,,,,,,,,,,,,,,,false,killed before finishing
starexec,NUM657+4.p,e1b,age-fair,KILLED,,0.000,,,,,,,,,,,,,,,,false,killed before finishing
starexec,NUM657+4.p,e1b,balanced,TIMEOUT,405,1631.861,168663.146,,,21327,7614060,20842,7572532,697,29,,,,,,,false,
starexec,NUM657+4.p,e1b,equational,KILLED,,0.000,,,,,,,,,,,,,,,,false,killed before finishing
starexec,NUM657+4.p,e1b,first-negative,TIMEOUT,405,3231.917,166802.285,,,16796,6684423,16667,6649805,690,26,,,,,,,false,
starexec,NUM657+4.p,e1b,occurrence,KILLED,,0.000,,,,,,,,,,,,,,,,false,killed before finishing
starexec,NUM657+4.p,e1b,subsumption-light,TIMEOUT,405,2178.769,166763.592,,,18005,4936464,17506,4902716,697,29,,,,,,,false,
starexec,NUM657+4.p,e1b,unary-redundancy,KILLED,,0.000,,,,,,,,,,,,,,,,false,killed before finishing
starexec,NUM657+4.p,e1b,weight-greedy,TIMEOUT,405,2168.805,166712.114,,,52487,1716026,45656,1535934,697,29,,,,,,,false,
starexec,NUM658+4.p,e1b,age-fair,KILLED,,0.000,,,,,,,,,,,,,,,,false,killed before finishing
starexec,NUM658+4.p,e1b,balanced,TIMEOUT,408,1724.116,166546.789,,,17961,11746306,17423,11712554,703,29,,,,,,,false,
starexec,NUM658+4.p,e1b,equational,TIMEOUT,408,2156.595,167091.460,,,16308,10088571,15885,10056703,703,29,,,,,,,false,
starexec,NUM658+4.p,e1b,first-negative,TIMEOUT,408,3265.826,166774.128,,,17739,6993052,17157,6955168,696,26,,,,,,,false,
starexec,NUM658+4.p,e1b,occurrence,KILLED,,0.000,,,,,,,,,,,,,,,,false,killed before finishing
starexec,NUM658+4.p,e1b,subsumption-light,TIMEOUT,408,2106.473,166795.287,,,14607,7986374,14081,7957754,703,29,,,,,,,false,
starexec,NUM658+4.p,e1b,unary-redundancy,TIMEOUT,408,2997.248,166730.018,,,17708,5109710,17231,5073942,696,26,,,,,,,false,
starexec,NUM658+4.p,e1b,weight-greedy,TIMEOUT,408,2126.522,166739.664,,,53441,1344756,46332,1159547,703,29,,,,,,,false,
starexec,NUM663+4.p,e1b,age-fair,KILLED,,0.000,,,,,,,,,,,,,,,,false,killed before finishing
starexec,NUM663+4.p,e1b,balanced,TIMEOUT,419,1799.982,166867.698,,,21436,7557577,20757,7517797,727,29,,,,,,,false,
starexec,NUM663+4.p,e1b,equational,KILLED,,0.000,,,,,,,,,,,,,,,,false,killed before finishing
starexec,NUM663+4.p,e1b,first-negative,KILLED,,0.000,,,,,,,,,,,,,,,,false,killed before finishing
starexec,NUM663+4.p,e1b,occurrence,KILLED,,0.000,,,,,,,,,,,,,,,,false,killed before finishing
starexec,NUM663+4.p,e1b,subsumption-light,KILLED,,0.000,,,,,,,,,,,,,,,,false,killed before finishing
starexec,NUM663+4.p,e1b,unary-redundancy,KILLED,,0.000,,,,,,,,,,,,,,,,false,killed before finishing
starexec,NUM663+4.p,e1b,weight-greedy,KILLED,,0.000,,,,,,,,,,,,,,,,false,killed before finishing
starexec,NUM664+4.p,e1b,age-fair,KILLED,,0.000,,,,,,,,,,,,,,,,false,killed before finishing
starexec,NUM664+4.p,e1b,balanced,TIMEOUT,423,1789.650,166644.472,,,22480,7666058,21413,7625336,736,29,,,,,,,false,
starexec,NUM664+4.p,e1b,first-negative,KILLED,,0.000,,,,,,,,,,,,,,,,false,killed before finishing
starexec,NUM664+4.p,e1b,occurrence,KILLED,,0.000,,,,,,,,,,,,,,,,false,killed before finishing
starexec,NUM664+4.p,e1b,subsumption-light,TIMEOUT,423,3402.608,167164.785,,,15388,3442546,14958,3415408,736,29,,,,,,,false,
starexec,NUM664+4.p,e1b,unary-redundancy,KILLED,,0.000,,,,,,,,,,,,,,,,false,killed before finishing
starexec,NUM664+4.p,e1b,weight-greedy,TIMEOUT,423,3419.440,167118.033,,,39412,1055951,34217,894976,736,29,,,,,,,false,
starexec,NUM669+4.p,e1b,age-fair,KILLED,,0.000,,,,,,,,,,,,,,,,false,killed before finishing
starexec,NUM669+4.p,e1b,balanced,TIMEOUT,443,1838.959,166616.333,,,23801,7039384,23419,6992988,776,29,,,,,,,false,
starexec,NUM669+4.p,e1b,first-negative,KILLED,,0.000,,,,,,,,,,,,,,,,false,killed before finishing
starexec,NUM669+4.p,e1b,occurrence,KILLED,,0.000,,,,,,,,,,,,,,,,false,killed before finishing
starexec,NUM669+4.p,e1b,subsumption-light,KILLED,,0.000,,,,,,,,,,,,,,,,false,killed before finishing
starexec,NUM669+4.p,e1b,unary-redundancy,KILLED,,0.000,,,,,,,,,,,,,,,,false,killed before finishing
starexec,NUM669+4.p,e1b,weight-greedy,REFUTED,443,6402.764,125362.760,256.340,23998.669,35376,494796,29329,389342,776,29,5506,5305670,28484,2694,444,false,false,
starexec,NUM671+4.p,e1b,age-fair,KILLED,,0.000,,,,,,,,,,,,,,,,false,killed before finishing
starexec,NUM671+4.p,e1b,balanced,TIMEOUT,453,1735.145,166553.814,,,20915,7907732,19447,7864326,795,29,,,,,,,false,
starexec,NUM671+4.p,e1b,equational,TIMEOUT,453,3408.163,167083.449,,,17002,5110510,15966,5075638,795,29,,,,,,,false,
starexec,NUM671+4.p,e1b,first-negative,TIMEOUT,453,3295.347,166794.773,,,16730,5608577,16236,5571749,788,26,,,,,,,false,
starexec,NUM671+4.p,e1b,occurrence,KILLED,,0.000,,,,,,,,,,,,,,,,false,killed before finishing
starexec,NUM671+4.p,e1b,unary-redundancy,KILLED,,0.000,,,,,,,,,,,,,,,,false,killed before finishing
starexec,NUM671+4.p,e1b,weight-greedy,TIMEOUT,453,2252.607,166726.788,,,44518,1137161,37524,965815,795,29,,,,,,,false,
starexec,NUM689+4.p,e1b,age-fair,KILLED,,0.000,,,,,,,,,,,,,,,,false,killed before finishing
starexec,NUM689+4.p,e1b,balanced,TIMEOUT,554,1844.553,166555.115,,,27106,7385562,26077,7330940,1006,29,,,,,,,false,
starexec,NUM689+4.p,e1b,equational,SATURATED,554,838.377,260.243,,,7,7,7,7,7,0,,,,,,,false,
starexec,NUM689+4.p,e1b,first-negative,SATURATED,554,989.859,252.949,,,3,3,3,3,3,0,,,,,,,false,
starexec,NUM689+4.p,e1b,occurrence,KILLED,,0.000,,,,,,,,,,,,,,,,false,killed before finishing
starexec,NUM689+4.p,e1b,subsumption-light,SATURATED,554,834.706,248.439,,,7,7,7,7,7,0,,,,,,,false,
starexec,NUM689+4.p,e1b,unary-redundancy,SATURATED,554,1008.736,389.264,,,11,11,11,11,11,0,,,,,,,false,
starexec,NUM689+4.p,e1b,weight-greedy,SATURATED,554,744.072,250.693,,,5,5,5,5,5,0,,,,,,,false,
starexec,NUM690+4.p,e1b,balanced,TIMEOUT,559,1719.012,166639.172,,,26540,6404425,25938,6348023,1017,29,,,,,,,false,
starexec,NUM690+4.p,e1b,equational,SATURATED,559,840.293,288.493,,,7,7,7,7,7,0,,,,,,,false,
starexec,NUM690+4.p,e1b,first-negative,SATURATED,559,961.352,302.980,,,3,3,3,3,3,0,,,,,,,false,
starexec,NUM690+4.p,e1b,subsumption-light,SATURATED,559,836.279,305.043,,,7,7,7,7,7,0,,,,,,,false,
starexec,NUM690+4.p,e1b,unary-redundancy,SATURATED,559,1457.871,569.173,,,11,11,11,11,11,0,,,,,,,false,
starexec,NUM690+4.p,e1b,weight-greedy,SATURATED,559,763.649,256.549,,,5,5,5,5,5,0,,,,,,,false,
starexec,NUM691+4.p,e1b,age-fair,TIMEOUT,564,2891.391,166702.410,,,15304,6034096,14405,6014495,516,26,,,,,,,false,
starexec,NUM691+4.p,e1b,balanced,TIMEOUT,564,1223.844,166455.460,,,31089,10338925,30385,10280961,1028,29,,,,,,,false,
starexec,NUM691+4.p,e1b,equational,SATURATED,564,809.540,266.134,,,7,7,7,7,7,0,,,,,,,false,
starexec,NUM691+4.p,e1b,first-negative,SATURATED,564,1512.515,383.704,,,3,3,3,3,3,0,,,,,,,false,
starexec,NUM691+4.p,e1b,occurrence,TIMEOUT,564,2765.901,166582.245,,,22162,7037186,20286,6940344,468,26,,,,,,,false,
starexec,NUM691+4.p,e1b,subsumption-light,SATURATED,564,865.844,266.667,,,7,7,7,7,7,0,,,,,,,false,
starexec,NUM691+4.p,e1b,unary-redundancy,SATURATED,564,1047.898,360.668,,,11,11,11,11,11,0,,,,,,,false,
starexec,NUM691+4.p,e1b,weight-greedy,SATURATED,564,833.342,235.564,,,5,5,5,5,5,0,,,,,,,false,
starexec,NUM694+4.p,e1b,age-fair,KILLED,,0.000,,,,,,,,,,,,,,,,false,killed before finishing
starexec,NUM694+4.p,e1b,balanced,TIMEOUT,572,2042.051,167293.498,,,24794,7477225,24254,7431535,1043,29,,,,,,,false,
starexec,NUM694+4.p,e1b,equational,TIMEOUT,572,2126.989,166599.070,,,9930,6137813,9440,6116191,120,9,,,,,,,false,
starexec,NUM694+4.p,e1b,first-negative,SATURATED,572,1243.831,431.510,,,3,3,3,3,3,0,,,,,,,false,
starexec,NUM694+4.p,e1b,subsumption-light,TIMEOUT,572,1647.259,166464.478,,,2626,3959627,2499,3950843,37,2,,,,,,,false,
starexec,NUM694+4.p,e1b,unary-redundancy,TIMEOUT,572,2518.183,166652.223,,,8021,4667269,7804,4650551,113,2,,,,,,,false,
starexec,NUM694+4.p,e1b,weight-greedy,SATURATED,572,1495.654,544.655,,,17,20,17,13,13,1,,,,,,,false,
starexec,NUM695+4.p,e1b,age-fair,KILLED,,0.000,,,,,,,,,,,,,,,,false,killed before finishing
starexec,NUM695+4.p,e1b,balanced,HARD_TIMEOUT,574,0.000,,,,,,,,,,,,,,,,false,
starexec,NUM695+4.p,e1b,equational,TIMEOUT,574,1879.783,166486.142,,,12967,4901184,11218,4852332,58,8,,,,,,,false,
starexec,NUM695+4.p,e1b,first-negative,SATURATED,574,1402.520,371.659,,,3,3,3,3,3,0,,,,,,,false,
starexec,NUM695+4.p,e1b,occurrence,KILLED,,0.000,,,,,,,,,,,,,,,,false,killed before finishing
starexec,NUM695+4.p,e1b,subsumption-light,TIMEOUT,574,1558.220,166461.857,,,7863,426245,7056,402219,28,2,,,,,,,false,
starexec,NUM695+4.p,e1b,unary-redundancy,TIMEOUT,574,2490.094,166542.523,,,8206,4534388,7975,4516791,116,2,,,,,,,false,
starexec,NUM695+4.p,e1b,weight-greedy,SATURATED,574,1401.660,556.477,,,11,11,11,7,7,0,,,,,,,false,
starexec,NUM698+4.p,e1b,age-fair,KILLED,,0.000,,,,,,,,,,,,,,,,false,killed before finishing
starexec,NUM698+4.p,e1b,balanced,TIMEOUT,585,2013.102,166654.501,,,26602,6393798,25200,6338060,1067,29,,,,,,,false,
starexec,NUM698+4.p,e1b,equational,SATURATED,585,1438.215,431.854,,,12,12,12,12,12,0,,,,,,,false,
starexec,NUM698+4.p,e1b,first-negative,SATURATED,585,1509.533,299.405,,,3,3,3,3,3,0,,,,,,,false,
starexec,NUM698+4.p,e1b,occurrence,KILLED,,0.000,,,,,,,,,,,,,,,,false,killed before finishing
starexec,NUM698+4.p,e1b,subsumption-light,SATURATED,585,1198.235,374.338,,,10,10,10,10,10,0,,,,,,,false,
starexec,NUM698+4.p,e1b,weight-greedy,SATURATED,585,1255.189,372.561,,,6,6,6,6,6,0,,,,,,,false,
starexec,NUM707+4.p,e1b,age-fair,KILLED,,0.000,,,,,,,,,,,,,,,,false,killed before finishing
starexec,NUM707+4.p,e1b,balanced,TIMEOUT,634,1280.457,166461.506,,,31336,8360979,30658,8301733,1149,29,,,,,,,false,
starexec,NUM707+4.p,e1b,equational,SATURATED,634,1351.115,556.079,,,15,15,15,10,10,0,,,,,,,false,
starexec,NUM707+4.p,e1b,first-negative,SATURATED,634,1452.326,372.237,,,3,3,3,3,3,0,,,,,,,false,
starexec,NUM707+4.p,e1b,occurrence,KILLED,,0.000,,,,,,,,,,,,,,,,false,killed before finishing
starexec,NUM707+4.p,e1b,subsumption-light,SATURATED,634,1332.082,445.793,,,6,6,6,6,6,0,,,,,,,false,
starexec,NUM707+4.p,e1b,unary-redundancy,TIMEOUT,634,1752.319,166460.446,,,2536,3831152,2357,3822230,30,1,,,,,,,false,
starexec,NUM707+4.p,e1b,weight-greedy,SATURATED,634,1266.625,341.729,,,5,5,5,5,5,0,,,,,,,false,
starexec,NUM709+4.p,e1b,age-fair,KILLED,,0.000,,,,,,,,,,,,,,,,false,killed before finishing
starexec,NUM709+4.p,e1b,balanced,TIMEOUT,639,1924.544,166777.675,,,28218,5749575,26950,5692295,1157,29,,,,,,,false,
starexec,NUM709+4.p,e1b,equational,SATURATED,639,1318.021,364.469,,,15,15,15,10,10,0,,,,,,,false,
starexec,NUM709+4.p,e1b,first-negative,SATURATED,639,1330.823,262.701,,,3,3,3,3,3,0,,,,,,,false,
starexec,NUM709+4.p,e1b,subsumption-light,SATURATED,639,1181.733,307.313,,,6,6,6,6,6,0,,,,,,,false,
starexec,NUM709+4.p,e1b,unary-redundancy,TIMEOUT,639,1842.283,166506.430,,,3514,3411533,3045,3400383,30,1,,,,,,,false,
starexec,NUM709+4.p,e1b,weight-greedy,SATURATED,639,1198.745,244.423,,,5,5,5,5,5,0,,,,,,,false,
starexec,NUM743+4.p,e1b,age-fair,TIMEOUT,907,2807.574,166574.804,,,17630,6317876,17305,6295730,716,26,,,,,,,false,
starexec,NUM743+4.p,e1b,balanced,HARD_TIMEOUT,907,0.000,,,,,,,,,,,,,,,,false,
starexec,NUM743+4.p,e1b,equational,SATURATED,907,828.660,235.398,,,9,9,9,9,9,0,,,,,,,false,
starexec,NUM743+4.p,e1b,first-negative,SATURATED,907,843.666,197.513,,,3,3,3,3,3,0,,,,,,,false,
starexec,NUM743+4.p,e1b,occurrence,TIMEOUT,907,2670.727,166532.567,,,22752,7369417,22060,7275275,551,26,,,,,,,false,
starexec,NUM743+4.p,e1b,subsumption-light,SATURATED,907,895.094,292.821,,,9,9,9,9,9,0,,,,,,,false,
starexec,NUM743+4.p,e1b,unary-redundancy,TIMEOUT,907,2025.798,166414.158,,,16543,7205949,15951,7169503,280,5,,,,,,,false,
starexec,NUM743+4.p,e1b,weight-greedy,SATURATED,907,857.799,237.030,,,5,5,5,5,5,0,,,,,,,false,
starexec,NUM747+4.p,e1b,age-fair,TIMEOUT,943,2814.831,166547.453,,,15512,6534347,15093,6515345,724,26,,,,,,,false,
starexec,NUM747+4.p,e1b,balanced,TIMEOUT,943,2284.804,166933.209,,,27882,5068490,26642,5011185,1750,33,,,,,,,false,
starexec,NUM747+4.p,e1b,equational,SATURATED,943,842.782,208.070,,,7,7,7,7,7,0,,,,,,,false,
starexec,NUM747+4.p,e1b,first-negative,SATURATED,943,930.341,188.547,,,3,3,3,3,3,0,,,,,,,false,
starexec,NUM747+4.p,e1b,occurrence,TIMEOUT,943,2685.195,167949.374,,,24052,8655723,22177,8554716,562,26,,,,,,,false,
starexec,NUM747+4.p,e1b,subsumption-light,SATURATED,943,888.983,280.901,,,7,7,7,7,7,0,,,,,,,false,
starexec,NUM747+4.p,e1b,unary-redundancy,TIMEOUT,943,1779.090,166409.716,,,14332,8011241,13810,7982109,179,5,,,,,,,false,
starexec,NUM747+4.p,e1b,weight-greedy,SATURATED,943,791.921,254.644,,,5,5,5,5,5,0,,,,,,,false,
starexec,NUM750+4.p,e1b,age-fair,KILLED,,0.000,,,,,,,,,,,,,,,,false,killed before finishing
starexec,NUM750+4.p,e1b,balanced,TIMEOUT,964,2487.911,167382.840,,,30701,5845006,29597,5786870,1788,33,,,,,,,false,
starexec,NUM750+4.p,e1b,equational,SATURATED,964,1459.003,406.268,,,8,8,8,8,8,0,,,,,,,false,
starexec,NUM750+4.p,e1b,first-negative,SATURATED,964,1728.334,344.298,,,3,3,3,3,3,0,,,,,,,false,
starexec,NUM750+4.p,e1b,occurrence,KILLED,,0.000,,,,,,,,,,,,,,,,false,killed before finishing
starexec,NUM750+4.p,e1b,subsumption-light,SATURATED,964,1562.654,450.440,,,8,8,8,8,8,0,,,,,,,false,
starexec,NUM750+4.p,e1b,unary-redundancy,SATURATED,964,1880.167,684.002,,,15,15,15,15,15,0,,,,,,,false,
starexec,NUM750+4.p,e1b,weight-greedy,SATURATED,964,1444.482,484.887,,,5,5,5,5,5,0,,,,,,,false,
starexec,NUM757+4.p,e1b,balanced,TIMEOUT,1012,2129.254,166757.710,,,20838,11006842,19775,10968934,1888,33,,,,,,,false,
starexec,NUM757+4.p,e1b,equational,SATURATED,1012,990.841,345.818,,,8,8,8,8,8,0,,,,,,,false,
starexec,NUM757+4.p,e1b,first-negative,SATURATED,1012,1131.111,257.361,,,3,3,3,3,3,0,,,,,,,false,
starexec,NUM757+4.p,e1b,occurrence,KILLED,,0.000,,,,,,,,,,,,,,,,false,killed before finishing
starexec,NUM757+4.p,e1b,subsumption-light,SATURATED,1012,958.391,328.004,,,8,8,8,8,8,0,,,,,,,false,
starexec,NUM757+4.p,e1b,unary-redundancy,SATURATED,1012,1613.492,444.122,,,8,8,8,8,8,0,,,,,,,false,
starexec,NUM757+4.p,e1b,weight-greedy,SATURATED,1012,986.913,236.973,,,5,5,5,5,5,0,,,,,,,false,
starexec,NUM783+4.p,e1b,age-fair,KILLED,,0.000,,,,,,,,,,,,,,,,false,killed before finishing
starexec,NUM783+4.p,e1b,balanced,TIMEOUT,1257,2433.339,166954.780,,,35310,5660298,34357,5600386,2380,33,,,,,,,false,
starexec,NUM783+4.p,e1b,equational,KILLED,,0.000,,,,,,,,,,,,,,,,false,killed before finishing
starexec,NUM783+4.p,e1b,first-negative,SATURATED,1257,1200.236,255.562,,,5,5,5,5,5,0,,,,,,,false,
starexec,NUM783+4.p,e1b,occurrence,KILLED,,0.000,,,,,,,,,,,,,,,,false,killed before finishing
starexec,NUM783+4.p,e1b,subsumption-light,KILLED,,0.000,,,,,,,,,,,,,,,,false,killed before finishing
starexec,NUM783+4.p,e1b,unary-redundancy,KILLED,,0.000,,,,,,,,,,,,,,,,false,killed before finishing
starexec,NUM783+4.p,e1b,weight-greedy,SATURATED,1257,1198.237,403.046,,,14,15,14,12,12,1,,,,,,,false,
starexec,NUM785+4.p,e1b,age-fair,KILLED,,0.000,,,,,,,,,,,,,,,,false,killed before finishing
starexec,NUM785+4.p,e1b,balanced,TIMEOUT,1274,2536.295,166969.526,,,32408,4682932,31598,4626962,2413,33,,,,,,,false,
starexec,NUM785+4.p,e1b,equational,KILLED,,0.000,,,,,,,,,,,,,,,,false,killed before finishing
starexec,NUM785+4.p,e1b,first-negative,SATURATED,1274,1759.054,490.868,,,3,3,3,3,3,0,,,,,,,false,
starexec,NUM785+4.p,e1b,occurrence,KILLED,,0.000,,,,,,,,,,,,,,,,false,killed before finishing
starexec,NUM785+4.p,e1b,subsumption-light,SATURATED,1274,1670.341,498.638,,,8,8,8,8,8,0,,,,,,,false,
starexec,NUM785+4.p,e1b,unary-redundancy,KILLED,,0.000,,,,,,,,,,,,,,,,false,killed before finishing
starexec,NUM785+4.p,e1b,weight-greedy,SATURATED,1274,1572.296,413.146,,,6,6,6,6,6,0,,,,,,,false,
starexec,NUM786+4.p,e1b,age-fair,KILLED,,0.000,,,,,,,,,,,,,,,,false,killed before finishing
starexec,NUM786+4.p,e1b,balanced,TIMEOUT,1277,2511.787,166937.603,,,28143,8454994,27317,8405208,2419,33,,,,,,,false,
starexec,NUM786+4.p,e1b,equational,KILLED,,0.000,,,,,,,,,,,,,,,,false,killed before finishing
starexec,NUM786+4.p,e1b,first-negative,SATURATED,1277,1734.395,428.750,,,3,3,3,3,3,0,,,,,,,false,
starexec,NUM786+4.p,e1b,subsumption-light,SATURATED,1277,1639.372,438.297,,,12,12,12,11,11,0,,,,,,,false,
starexec,NUM786+4.p,e1b,unary-redundancy,KILLED,,0.000,,,,,,,,,,,,,,,,false,killed before finishing
starexec,NUM786+4.p,e1b,weight-greedy,SATURATED,1277,1593.147,389.126,,,6,6,6,6,6,0,,,,,,,false,
starexec,NUM787+4.p,e1b,balanced,TIMEOUT,1280,2354.656,166940.809,,,32785,5250064,31127,5187492,2425,33,,,,,,,false,
starexec,NUM787+4.p,e1b,equational,SATURATED,1280,1064.766,330.178,,,17,17,17,16,16,0,,,,,,,false,
starexec,NUM787+4.p,e1b,first-negative,SATURATED,1280,1152.239,283.157,,,3,3,3,3,3,0,,,,,,,false,
starexec,NUM787+4.p,e1b,occurrence,KILLED,,0.000,,,,,,,,,,,,,,,,false,killed before finishing
starexec,NUM787+4.p,e1b,subsumption-light,SATURATED,1280,1021.637,310.712,,,12,12,12,11,11,0,,,,,,,false,
starexec,NUM787+4.p,e1b,unary-redundancy,TIMEOUT,1280,1723.229,166440.745,,,6280,4084717,6112,4070547,87,4,,,,,,,false,
starexec,NUM787+4.p,e1b,weight-greedy,SATURATED,1280,993.154,251.007,,,6,6,6,6,6,0,,,,,,,false,
starexec,NUM789+4.p,e1b,balanced,TIMEOUT,1286,1557.506,166557.267,,,41493,8649721,40031,8571749,2437,33,,,,,,,false,
starexec,NUM789+4.p,e1b,equational,SATURATED,1286,1060.759,327.426,,,18,18,18,17,17,0,,,,,,,false,
starexec,NUM789+4.p,e1b,first-negative,SATURATED,1286,1800.345,472.957,,,3,3,3,3,3,0,,,,,,,false,
starexec,NUM789+4.p,e1b,occurrence,TIMEOUT,1286,2979.155,166652.417,,,24336,9139214,22551,9037052,535,26,,,,,,,false,
starexec,NUM789+4.p,e1b,subsumption-light,SATURATED,1286,1040.693,340.015,,,15,15,15,14,14,0,,,,,,,false,
starexec,NUM789+4.p,e1b,unary-redundancy,TIMEOUT,1286,1752.010,166499.823,,,7485,6472567,7383,6455027,93,4,,,,,,,false,
starexec,NUM789+4.p,e1b,weight-greedy,SATURATED,1286,1019.667,242.651,,,6,6,6,6,6,0,,,,,,,false,
starexec,NUM795+4.p,e1b,age-fair,KILLED,,0.000,,,,,,,,,,,,,,,,false,killed before finishing
starexec,NUM795+4.p,e1b,balanced,TIMEOUT,1411,2609.061,166976.872,,,33300,6123379,32497,6062592,2687,33,,,,,,,false,
starexec,NUM795+4.p,e1b,equational,SATURATED,1411,1531.200,446.906,,,7,7,7,7,7,0,,,,,,,false,
starexec,NUM795+4.p,e1b,first-negative,SATURATED,1411,1697.745,440.208,,,3,3,3,3,3,0,,,,,,,false,
starexec,NUM795+4.p,e1b,occurrence,KILLED,,0.000,,,,,,,,,,,,,,,,false,killed before finishing
starexec,NUM795+4.p,e1b,subsumption-light,SATURATED,1411,1555.984,454.436,,,7,7,7,7,7,0,,,,,,,false,
starexec,NUM795+4.p,e1b,unary-redundancy,KILLED,,0.000,,,,,,,,,,,,,,,,false,killed before finishing
starexec,NUM795+4.p,e1b,weight-greedy,SATURATED,1411,1519.473,476.432,,,5,5,5,5,5,0,,,,,,,false,
starexec,NUM796+4.p,e1b,balanced,TIMEOUT,1416,2706.648,167009.303,,,42447,10366708,41406,10284142,2698,33,,,,,,,false,
starexec,NUM796+4.p,e1b,equational,SATURATED,1416,1598.526,493.420,,,7,7,7,7,7,0,,,,,,,false,
starexec,NUM796+4.p,e1b,first-negative,SATURATED,1416,1900.479,472.014,,,3,3,3,3,3,0,,,,,,,false,
starexec,NUM796+4.p,e1b,occurrence,KILLED,,0.000,,,,,,,,,,,,,,,,false,killed before finishing
starexec,NUM796+4.p,e1b,subsumption-light,SATURATED,1416,1548.120,479.256,,,7,7,7,7,7,0,,,,,,,false,
starexec,NUM796+4.p,e1b,weight-greedy,SATURATED,1416,1532.395,318.289,,,5,5,5,5,5,0,,,,,,,false,
starexec,NUM835+1.p,e1b,age-fair,REFUTED,38,1776.957,43073.474,160.961,1437.400,1581,1114633,1554,1111306,49,4,601,84308,1531,592,39,false,false,
starexec,NUM835+1.p,e1b,balanced,REFUTED,38,608.354,2231.587,56.686,747.196,474,36404,466,35150,49,4,527,72943,1620,572,39,false,false,
starexec,NUM835+1.p,e1b,equational,REFUTED,38,1581.698,5180.800,157.561,1734.449,430,26359,422,25207,49,4,527,72943,1620,572,39,false,false,
starexec,NUM835+1.p,e1b,first-negative,TIMEOUT,38,1453.010,166547.064,,,4934,6149833,4784,6114957,49,4,,,,,,,false,
starexec,NUM835+1.p,e1b,occurrence,REFUTED,38,1672.259,6722.278,108.666,980.335,520,58119,514,53869,49,4,564,77436,1493,592,39,false,false,
starexec,NUM835+1.p,e1b,subsumption-light,REFUTED,38,1598.436,7784.957,159.878,1771.514,471,34031,398,32777,49,4,527,72943,1620,572,39,false,false,
starexec,NUM835+1.p,e1b,unary-redundancy,REFUTED,38,2002.330,7251.616,144.085,1681.945,421,29924,351,28698,49,4,564,77436,1493,592,39,false,false,
starexec,NUM835+1.p,e1b,weight-greedy,REFUTED,38,1737.688,5983.531,161.596,2117.163,757,23220,648,17428,49,4,524,72678,1616,572,39,false,false,
starexec,NUM840+1.p,e1b,age-fair,REFUTED,38,1927.387,11498.837,169.815,1378.033,1077,165743,992,163728,47,4,576,49639,1764,225,39,false,false,
starexec,NUM840+1.p,e1b,balanced,REFUTED,38,828.173,3443.225,117.338,850.966,624,42932,588,41322,47,4,572,52814,1945,225,39,false,false,
starexec,NUM840+1.p,e1b,equational,REFUTED,38,1636.420,7611.424,208.795,1856.564,748,65193,720,62997,47,4,566,52552,1944,225,39,false,false,
starexec,NUM840+1.p,e1b,first-negative,TIMEOUT,38,1478.956,166601.671,,,5100,6051766,4661,6020406,47,4,,,,,,,false,
starexec,NUM840+1.p,e1b,occurrence,REFUTED,38,1851.208,3048.451,170.343,1270.608,383,11029,342,9717,47,4,555,46719,1726,225,39,false,false,
starexec,NUM840+1.p,e1b,subsumption-light,REFUTED,38,1635.308,6314.845,212.972,1803.746,604,40280,554,38694,47,4,572,52814,1945,225,39,false,false,
starexec,NUM840+1.p,e1b,unary-redundancy,REFUTED,38,1935.948,6808.602,176.737,1447.540,619,42823,566,41217,47,4,605,53059,1799,225,39,false,false,
starexec,NUM840+1.p,e1b,weight-greedy,REFUTED,38,1538.744,2321.879,178.556,1555.654,352,4946,334,3175,47,4,530,47145,1886,225,39,false,false,
starexec,NUM853+2.p,e1b,age-fair,REFUTED,36,1775.335,14178.597,171.348,1113.288,1667,192633,1571,190038,41,4,556,46808,1680,225,37,false,false,
starexec,NUM853+2.p,e1b,balanced,REFUTED,36,868.316,4308.335,102.768,961.385,866,53565,831,51535,41,4,516,45360,1782,225,37,false,false,
starexec,NUM853+2.p,e1b,equational,REFUTED,36,1357.797,8874.146,116.685,979.890,942,96401,912,94198,41,4,507,44673,1777,225,37,false,false,
starexec,NUM853+2.p,e1b,first-negative,TIMEOUT,36,1593.501,166472.602,,,8398,11161736,7850,11131044,41,4,,,,,,,false,
starexec,NUM853+2.p,e1b,occurrence,REFUTED,36,1837.877,2538.924,160.734,1206.603,273,5810,263,4913,41,4,544,45149,1652,225,37,false,false,
starexec,NUM853+2.p,e1b,subsumption-light,REFUTED,36,1395.553,6396.394,118.536,953.729,623,33030,565,31454,41,4,500,43577,1752,225,37,false,false,
starexec,NUM853+2.p,e1b,unary-redundancy,REFUTED,36,1853.841,5505.575,162.712,1175.173,464,23251,436,22198,41,4,545,45729,1677,225,37,false,false,
starexec,NUM853+2.p,e1b,weight-greedy,REFUTED,36,1530.049,3105.569,175.943,1469.582,453,8872,439,6626,41,4,504,43832,1755,225,37,false,false,
starexec,NUM859+1.p,e1b,age-fair,TIMEOUT,13,806.425,166265.279,,,11141,9739312,10960,9720096,30,6,,,,,,,false,
starexec,NUM859+1.p,e1b,balanced,REFUTED,13,581.451,11615.110,98.647,758.327,4234,1418214,4100,1408397,30,6,642,163673,1529,592,14,false,false,
starexec,NUM859+1.p,e1b,equational,REFUTED,13,1207.694,35428.886,151.002,1418.886,4748,2429729,4523,2418597,30,6,611,154618,1519,592,14,false,false,
starexec,NUM859+1.p,e1b,occurrence,REFUTED,13,1470.793,16956.380,273.884,2236.734,3420,838268,3291,824641,30,6,654,183536,1479,616,14,false,false,
starexec,NUM859+1.p,e1b,subsumption-light,TIMEOUT,13,679.377,166335.206,,,6945,4652660,6880,4635338,30,6,,,,,,,false,
starexec,NUM859+1.p,e1b,unary-redundancy,TIMEOUT,13,836.562,166269.474,,,6567,4377191,6507,4360533,30,6,,,,,,,false,
starexec,NUM859+1.p,e1b,weight-greedy,TIMEOUT,13,681.329,166206.493,,,17531,11404548,15083,11115024,30,6,,,,,,,false,
starexec,NUM860+1.p,e1b,age-fair,TIMEOUT,13,1251.717,166455.646,,,11510,10340268,11241,10322661,30,6,,,,,,,false,
starexec,NUM860+1.p,e1b,balanced,TIMEOUT,13,563.799,166220.974,,,12465,22368841,12175,22336591,30,6,,,,,,,false,
starexec,NUM860+1.p,e1b,equational,HARD_TIMEOUT,13,0.000,,,,,,,,,,,,,,,,false,
starexec,NUM860+1.p,e1b,first-negative,HARD_TIMEOUT,13,0.000,,,,,,,,,,,,,,,,false,
starexec,NUM860+1.p,e1b,occurrence,KILLED,,0.000,,,,,,,,,,,,,,,,false,killed before finishing
starexec,NUM860+1.p,e1b,subsumption-light,TIMEOUT,13,1083.018,166359.459,,,6111,4892783,6037,4876477,30,6,,,,,,,false,
starexec,NUM860+1.p,e1b,unary-redundancy,TIMEOUT,13,1284.055,166550.990,,,6132,4950937,6057,4934391,30,6,,,,,,,false,
starexec,NUM860+1.p,e1b,weight-greedy,REFUTED,13,1449.652,63926.528,158.158,1334.207,11593,4132817,8897,4011892,30,6,620,164302,1605,594,14,false,false,
starexec,NUN054+1.p,e1b,age-fair,REFUTED,18,2535.369,33584.175,160.568,4402.650,8937,1043462,8563,1030780,59,20,719,432086,2785,1111,19,false,false,
starexec,NUN054+1.p,e1b,balanced,REFUTED,18,1329.212,40761.836,113.887,2926.064,14815,2904114,14382,2868062,59,20,795,517274,2850,1111,19,false,false,
starexec,NUN054+1.p,e1b,equational,REFUTED,18,2892.770,74248.632,209.369,4440.621,14966,3105543,14472,3067841,59,20,818,538018,2911,1111,19,false,false,
starexec,NUN054+1.p,e1b,first-negative,TIMEOUT,18,1939.923,166553.791,,,23333,6589461,22605,6534158,59,20,,,,,,,false,
starexec,NUN054+1.p,e1b,occurrence,REFUTED,18,2847.514,126158.996,206.294,4409.296,17848,5238037,17342,5124030,59,20,879,576208,2928,1111,19,false,false,
starexec,NUN054+1.p,e1b,subsumption-light,TIMEOUT,18,1355.116,166466.912,,,13221,2427807,12899,2394861,59,20,,,,,,,false,
starexec,NUN054+1.p,e1b,unary-redundancy,TIMEOUT,18,1715.878,166573.160,,,13122,2421312,12828,2388874,59,20,,,,,,,false,
starexec,NUN054+1.p,e1b,weight-greedy,TIMEOUT,18,1358.514,166503.238,,,25442,6043255,24453,5553262,59,20,,,,,,,false,
starexec,NUN054+2.p,e1b,age-fair,REFUTED,11,2538.144,1749.136,160.249,4054.428,191,1731,167,1407,40,20,631,386532,2178,1111,12,false,false,
starexec,NUN054+2.p,e1b,balanced,REFUTED,11,1194.703,1025.476,107.154,2324.359,197,1611,174,1207,40,20,622,391271,2153,1111,12,false,false,
starexec,NUN054+2.p,e1b,equational,REFUTED,11,2379.197,1358.216,186.549,4294.002,144,852,123,580,40,20,622,391271,2153,1111,12,false,false,
starexec,NUN054+2.p,e1b,first-negative,REFUTED,11,2750.737,2022.676,176.573,4565.786,205,2263,185,1763,40,20,642,394659,2189,1111,12,false,false,
starexec,NUN054+2.p,e1b,occurrence,REFUTED,11,2713.709,1575.162,176.443,4154.267,161,854,139,481,40,20,637,388296,2176,1111,12,false,false,
starexec,NUN054+2.p,e1b,subsumption-light,REFUTED,11,2455.654,1473.624,189.488,4489.694,141,812,122,548,40,20,620,389495,2154,1111,12,false,false,
starexec,NUN054+2.p,e1b,unary-redundancy,REFUTED,11,2496.023,1661.750,161.706,4316.069,155,1116,137,806,40,20,639,391927,2181,1111,12,false,false,
starexec,NUN054+2.p,e1b,weight-greedy,REFUTED,11,1997.698,13521.175,189.770,3888.461,1987,215232,1909,202315,40,20,648,409574,2208,1111,12,false,false,
starexec,NUN056+1.p,e1b,age-fair,TIMEOUT,18,1762.640,166505.836,,,24749,6412737,22915,6376072,59,20,,,,,,,false,
starexec,NUN056+1.p,e1b,balanced,TIMEOUT,18,708.338,166243.625,,,33273,10277607,30672,10193782,59,20,,,,,,,false,
starexec,NUN056+1.p,e1b,equational,TIMEOUT,18,1395.127,166449.744,,,29991,9235199,27394,9158245,59,20,,,,,,,false,
starexec,NUN056+1.p,e1b,first-negative,TIMEOUT,18,1265.488,166284.812,,,32584,8942521,31575,8853895,59,20,,,,,,,false,
starexec,NUN056+1.p,e1b,occurrence,TIMEOUT,18,1701.254,166556.113,,,21045,7602885,20285,7471423,59,20,,,,,,,false,
starexec,NUN056+1.p,e1b,subsumption-light,TIMEOUT,18,1370.804,167554.524,,,15462,2952660,15060,2913942,59,20,,,,,,,false,
starexec,NUN056+1.p,e1b,unary-redundancy,TIMEOUT,18,1705.127,166582.731,,,11842,2094477,11567,2065695,59,20,,,,,,,false,
starexec,NUN056+1.p,e1b,weight-greedy,TIMEOUT,18,919.866,166816.361,,,26873,7044641,25859,6509194,59,20,,,,,,,false,
starexec,NUN057+1.p,e1b,age-fair,TIMEOUT,18,1796.311,166527.754,,,24628,6424985,22791,6388495,59,20,,,,,,,false,
starexec,NUN057+1.p,e1b,balanced,TIMEOUT,18,731.853,166235.911,,,32129,9654677,29461,9573990,59,20,,,,,,,false,
starexec,NUN057+1.p,e1b,equational,TIMEOUT,18,1395.987,166408.245,,,23695,6278801,21337,6218123,59,20,,,,,,,false,
starexec,NUN057+1.p,e1b,first-negative,TIMEOUT,18,1978.006,166562.275,,,22418,6628314,21706,6574996,59,20,,,,,,,false,
starexec,NUN057+1.p,e1b,occurrence,TIMEOUT,18,1777.503,166460.313,,,20659,7400113,20077,7271041,59,20,,,,,,,false,
starexec,NUN057+1.p,e1b,subsumption-light,TIMEOUT,18,1395.818,166458.984,,,11955,2140210,11654,2111098,59,20,,,,,,,false,
starexec,NUN057+1.p,e1b,unary-redundancy,TIMEOUT,18,1786.881,166517.658,,,11799,2100034,11508,2071390,59,20,,,,,,,false,
starexec,NUN057+1.p,e1b,weight-greedy,TIMEOUT,18,1423.516,166342.106,,,26594,6836470,25582,6311712,59,20,,,,,,,false,
starexec,NUN060+1.p,e1b,age-fair,TIMEOUT,18,1710.188,166516.533,,,24339,6481327,22634,6444211,59,20,,,,,,,false,
starexec,NUN060+1.p,e1b,balanced,TIMEOUT,18,772.303,166230.700,,,40444,16238973,37828,16129885,59,20,,,,,,,false,
starexec,NUN060+1.p,e1b,equational,TIMEOUT,18,1409.769,166385.548,,,31020,9877016,28507,9796314,59,20,,,,,,,false,
starexec,NUN060+1.p,e1b,first-negative,TIMEOUT,18,2017.286,166468.185,,,33607,9306015,32303,9208977,59,20,,,,,,,false,
starexec,NUN060+1.p,e1b,occurrence,TIMEOUT,18,1739.626,166463.068,,,27322,11717344,26391,11541327,59,20,,,,,,,false,
starexec,NUN060+1.p,e1b,subsumption-light,TIMEOUT,18,1370.163,166660.622,,,17441,3685066,16430,3639928,59,20,,,,,,,false,
starexec,NUN060+1.p,e1b,unary-redundancy,TIMEOUT,18,1761.209,166614.320,,,17290,3646684,16438,3601976,59,20,,,,,,,false,
starexec,NUN060+1.p,e1b,weight-greedy,TIMEOUT,18,1406.192,166398.415,,,27343,7393490,26315,6836500,59,20,,,,,,,false,
starexec,NUN062+1.p,e1b,age-fair,REFUTED,18,2825.125,1446.638,94.613,4386.792,281,2286,268,1934,60,22,683,421786,2707,1167,19,false,false,
starexec,NUN062+1.p,e1b,balanced,REFUTED,18,950.153,395.140,47.278,1568.763,182,1361,174,1088,60,22,666,423737,2704,1167,19,false,false,
starexec,NUN062+1.p,e1b,equational,REFUTED,18,1686.036,832.638,71.052,2965.373,183,1376,174,1087,60,22,666,423737,2704,1167,19,false,false,
starexec,NUN062+1.p,e1b,first-negative,REFUTED,18,3033.888,2357.441,107.305,4646.684,338,8291,308,7602,60,22,700,437907,2725,1167,19,false,false,
starexec,NUN062+1.p,e1b,occurrence,REFUTED,18,2826.145,1687.327,102.880,4636.063,296,3254,288,2502,60,22,694,432352,2726,1167,19,false,false,
starexec,NUN062+1.p,e1b,subsumption-light,REFUTED,18,2822.626,1516.332,134.940,4870.927,179,1352,173,1080,60,22,666,423737,2704,1167,19,false,false,
starexec,NUN062+1.p,e1b,unary-redundancy,REFUTED,18,1979.094,825.376,59.153,2808.123,179,1352,173,1080,60,22,686,424664,2715,1167,19,false,false,
starexec,NUN062+1.p,e1b,weight-greedy,REFUTED,18,2479.597,2169.255,138.145,4659.943,473,6355,457,4332,60,22,679,436171,2724,1167,19,false,false,
starexec,NUN065+1.p,e1b,age-fair,REFUTED,18,2693.030,16558.320,118.247,4264.216,5528,420672,5387,412940,63,24,769,497864,2836,1221,19,false,false,
starexec,NUN065+1.p,e1b,balanced,REFUTED,18,1372.772,11426.818,72.627,2968.006,6158,572533,5967,557771,63,24,777,525022,2834,1221,19,false,false,
starexec,NUN065+1.p,e1b,equational,REFUTED,18,2337.158,21017.333,136.327,4665.343,6246,630014,6062,614844,63,24,777,525022,2834,1221,19,false,false,
starexec,NUN065+1.p,e1b,first-negative,TIMEOUT,18,1935.058,166481.689,,,20513,9000094,19961,8954661,63,24,,,,,,,false,
starexec,NUN065+1.p,e1b,occurrence,REFUTED,18,2779.890,14675.637,153.141,4736.671,4114,280173,3951,258090,63,24,786,514858,2830,1221,19,false,false,
starexec,NUN065+1.p,e1b,subsumption-light,REFUTED,18,2306.232,38817.333,137.584,5065.670,6041,541596,5879,527059,63,24,777,525022,2834,1221,19,false,false,
starexec,NUN065+1.p,e1b,unary-redundancy,REFUTED,18,2925.244,38644.443,147.117,4346.130,6013,538246,5857,523750,63,24,833,562157,2853,1221,19,false,false,
starexec,NUN065+1.p,e1b,weight-greedy,REFUTED,18,2363.000,10051.638,110.835,5402.605,2604,142574,2532,115504,63,24,766,513917,2819,1221,19,false,false,
starexec,NUN066+1.p,e1b,age-fair,REFUTED,18,3022.237,9821.530,105.547,5499.422,3266,143049,3148,138521,64,25,814,576370,2930,1294,19,false,false,
starexec,NUN066+1.p,e1b,balanced,REFUTED,18,1504.233,2124.970,70.259,3079.145,1176,22820,1141,20542,64,25,782,562372,2897,1294,19,false,false,
starexec,NUN066+1.p,e1b,equational,REFUTED,18,1918.008,2633.721,80.643,3420.828,1136,24513,1113,22200,64,25,782,562372,2897,1294,19,false,false,
starexec,NUN066+1.p,e1b,first-negative,TIMEOUT,18,1339.401,166373.796,,,27568,12247565,26750,12184877,64,25,,,,,,,false,
starexec,NUN066+1.p,e1b,occurrence,REFUTED,18,2744.589,8248.488,114.742,5370.420,2375,89022,2324,78494,64,25,802,563339,2912,1294,19,false,false,
starexec,NUN066+1.p,e1b,subsumption-light,REFUTED,18,1755.330,3373.072,85.511,3653.640,1158,21747,1124,19419,64,25,782,562372,2897,1294,19,false,false,
starexec,NUN066+1.p,e1b,unary-redundancy,REFUTED,18,3232.845,5357.112,119.061,5460.618,1158,21747,1124,19419,64,25,802,563339,2908,1294,19,false,false,
starexec,NUN066+1.p,e1b,weight-greedy,REFUTED,18,2558.574,11236.133,132.142,6136.067,2917,180659,2846,147518,64,25,829,613148,2924,1294,19,false,false,
starexec,NUN075+1.p,e1b,age-fair,TIMEOUT,18,1863.706,166577.846,,,23975,5798334,22144,5762847,59,20,,,,,,,false,
starexec,NUN075+1.p,e1b,balanced,TIMEOUT,18,772.015,166305.133,,,40473,15016161,37678,14908881,59,20,,,,,,,false,
starexec,NUN075+1.p,e1b,equational,TIMEOUT,18,1400.206,167238.221,,,23498,6154177,21151,6094283,59,20,,,,,,,false,
starexec,NUN075+1.p,e1b,first-negative,TIMEOUT,18,2035.914,166534.338,,,21997,6302436,21462,6250209,59,20,,,,,,,false,
starexec,NUN075+1.p,e1b,occurrence,TIMEOUT,18,1844.326,166463.463,,,26768,11278148,25787,11108196,59,20,,,,,,,false,
starexec,NUN075+1.p,e1b,subsumption-light,TIMEOUT,18,1388.959,168646.563,,,841,14303,833,12587,59,20,,,,,,,false,
starexec,NUN075+1.p,e1b,unary-redundancy,TIMEOUT,18,1844.888,168155.118,,,840,14249,833,12533,59,20,,,,,,,false,
starexec,NUN075+1.p,e1b,weight-greedy,TIMEOUT,18,1422.977,166556.467,,,26720,6911376,25708,6383393,59,20,,,,,,,false,
starexec,NUN076+1.p,e1b,age-fair,TIMEOUT,18,1717.741,166539.090,,,26417,7033100,24450,6993763,59,20,,,,,,,false,
starexec,NUN076+1.p,e1b,balanced,REFUTED,18,1079.188,32949.073,70.601,1449.776,15978,3199252,15530,3160741,59,20,775,501416,2865,1123,19,false,false,
starexec,NUN076+1.p,e1b,equational,REFUTED,18,1951.916,60738.930,135.768,3184.044,16279,3476135,15771,3435444,59,20,797,521277,2862,1123,19,false,false,
starexec,NUN076+1.p,e1b,first-negative,TIMEOUT,18,1897.489,166525.675,,,33827,9087681,32771,8995783,59,20,,,,,,,false,
starexec,NUN076+1.p,e1b,occurrence,TIMEOUT,18,1760.449,166467.013,,,21560,8189702,20844,8054630,59,20,,,,,,,false,
starexec,NUN076+1.p,e1b,subsumption-light,REFUTED,18,2098.442,128472.034,137.594,2721.685,14473,2716286,14092,2680541,59,20,779,505127,2885,1123,19,false,false,
starexec,NUN076+1.p,e1b,unary-redundancy,TIMEOUT,18,1726.012,166539.641,,,13146,2521169,12847,2488871,59,20,,,,,,,false,
starexec,NUN076+1.p,e1b,weight-greedy,TIMEOUT,18,1383.185,166527.899,,,26164,6638735,25184,6134061,59,20,,,,,,,false,
starexec,NUN080+1.p,e1b,age-fair,REFUTED,18,2701.121,3087.005,98.317,4073.930,782,13365,759,12278,59,20,646,361238,2673,1099,19,false,false,
starexec,NUN080+1.p,e1b,balanced,REFUTED,18,1200.827,1993.718,77.245,2529.350,977,19085,951,17090,59,20,662,392161,2698,1099,19,false,false,
starexec,NUN080+1.p,e1b,equational,REFUTED,18,2318.935,3700.025,149.142,4513.282,986,19957,964,17928,59,20,682,409739,2698,1099,19,false,false,
starexec,NUN080+1.p,e1b,first-negative,TIMEOUT,18,1836.694,166563.295,,,25564,7140488,24815,7074422,59,20,,,,,,,false,
starexec,NUN080+1.p,e1b,occurrence,REFUTED,18,2571.914,4706.067,120.834,3799.065,1233,30950,1206,26230,59,20,681,392207,2706,1099,19,false,false,
starexec,NUN080+1.p,e1b,subsumption-light,REFUTED,18,2423.490,4938.847,145.021,4746.799,944,17451,926,15506,59,20,679,407095,2699,1099,19,false,false,
starexec,NUN080+1.p,e1b,unary-redundancy,REFUTED,18,2803.566,5338.085,134.790,4284.789,943,17397,926,15452,59,20,705,413374,2714,1099,19,false,false,
starexec,NUN080+1.p,e1b,weight-greedy,REFUTED,18,1572.743,2708.783,88.203,3089.906,1026,29324,996,22121,59,20,667,396596,2701,1099,19,false,false,
starexec,NUN082+1.p,e1b,age-fair,TIMEOUT,18,1571.513,166407.221,,,25010,6693048,23339,6654840,59,20,,,,,,,false,
starexec,NUN082+1.p,e1b,balanced,REFUTED,18,1168.297,16497.344,112.465,2354.549,9251,1280388,9103,1258218,59,20,732,455708,2767,1094,19,false,false,
starexec,NUN082+1.p,e1b,equational,REFUTED,18,2154.341,33446.816,181.254,4659.914,9732,1577220,9523,1552462,59,20,767,486457,2812,1094,19,false,false,
starexec,NUN082+1.p,e1b,first-negative,TIMEOUT,18,1240.542,166422.578,,,24450,6835865,23719,6776991,59,20,,,,,,,false,
starexec,NUN082+1.p,e1b,occurrence,REFUTED,18,2630.682,10749.017,88.504,4308.850,3707,245579,3632,227155,59,20,797,496309,2810,1094,19,false,false,
starexec,NUN082+1.p,e1b,subsumption-light,REFUTED,18,1701.846,81970.108,170.110,4725.178,9475,1392805,9255,1369465,59,20,732,455708,2767,1094,19,false,false,
starexec,NUN082+1.p,e1b,unary-redundancy,REFUTED,18,2004.161,57521.090,133.546,3896.124,7999,945267,7838,925787,59,20,752,456639,2778,1094,19,false,false,
starexec,NUN082+1.p,e1b,weight-greedy,REFUTED,18,1454.802,11630.651,127.554,4355.505,5866,425307,5727,359735,59,20,774,492639,2796,1094,19,false,false,
starexec,NUN085+1.p,e1b,age-fair,REFUTED,18,2835.577,55514.055,115.501,4598.337,12557,2033638,12015,2014853,64,25,773,555348,2820,1268,19,false,false,
starexec,NUN085+1.p,e1b,balanced,REFUTED,18,1296.471,41392.273,88.997,2953.791,14477,2825976,13895,2790865,64,25,776,578400,2811,1268,19,false,false,
starexec,NUN085+1.p,e1b,equational,REFUTED,18,2421.937,75713.029,146.896,4945.887,14841,3016610,14165,2979523,64,25,769,571044,2803,1268,19,false,false,
starexec,NUN085+1.p,e1b,first-negative,TIMEOUT,18,1976.774,166451.598,,,13716,13026247,13411,12997237,64,25,,,,,,,false,
starexec,NUN085+1.p,e1b,occurrence,TIMEOUT,18,1783.952,166415.724,,,23142,7241335,22375,7101725,64,25,,,,,,,false,
starexec,NUN085+1.p,e1b,subsumption-light,REFUTED,18,2136.178,12171.152,95.460,3019.150,2451,94565,2364,89127,64,25,778,580518,2821,1268,19,false,false,
starexec,NUN085+1.p,e1b,unary-redundancy,REFUTED,18,2488.974,12526.740,76.845,2745.585,2434,93145,2343,87723,64,25,801,584644,2836,1268,19,false,false,
starexec,NUN085+1.p,e1b,weight-greedy,TIMEOUT,18,1411.449,166441.889,,,20075,4162703,19790,3750842,64,25,,,,,,,false,
starexec,NUN086+1.p,e1b,age-fair,TIMEOUT,18,1685.064,166544.157,,,24693,6564306,23014,6526748,59,20,,,,,,,false,
starexec,NUN086+1.p,e1b,balanced,REFUTED,18,782.536,12346.854,66.806,1516.636,9247,1279888,9100,1257777,59,20,738,464340,2783,1100,19,false,false,
starexec,NUN086+1.p,e1b,equational,REFUTED,18,1584.250,25007.283,151.971,2800.239,9702,1562951,9490,1538293,59,20,767,490008,2822,1100,19,false,false,
starexec,NUN086+1.p,e1b,first-negative,TIMEOUT,18,1860.574,166534.724,,,23682,6786911,22954,6729895,59,20,,,,,,,false,
starexec,NUN086+1.p,e1b,occurrence,REFUTED,18,2586.109,14573.574,135.549,4636.239,4278,330115,4199,308682,59,20,800,502597,2824,1100,19,false,false,
starexec,NUN086+1.p,e1b,subsumption-light,REFUTED,18,1988.722,84918.077,112.998,4165.887,9463,1383996,9215,1360767,59,20,738,464340,2783,1100,19,false,false,
starexec,NUN086+1.p,e1b,unary-redundancy,REFUTED,18,1676.061,47072.097,97.520,2336.971,8612,1107469,8426,1086643,59,20,758,465283,2794,1100,19,false,false,
starexec,NUN086+1.p,e1b,weight-greedy,REFUTED,18,2238.349,20085.252,219.678,5199.517,6195,464447,6057,395125,59,20,798,517511,2831,1100,19,false,false,
starexec,PRD001+1.p,e1b,age-fair,KILLED,,0.000,,,,,,,,,,,,,,,,false,killed before finishing
starexec,PRD001+1.p,e1b,balanced,TIMEOUT,1614,1566.930,166571.152,,,36412,373897,32090,317876,1615,0,,,,,,,false,
starexec,PRD001+1.p,e1b,equational,TIMEOUT,1614,3225.753,166997.619,,,27980,362633,25559,317876,1615,0,,,,,,,false,
starexec,PRD001+1.p,e1b,first-negative,TIMEOUT,1614,3806.807,166793.677,,,36182,93936,33715,43445,1615,0,,,,,,,false,
starexec,PRD001+1.p,e1b,occurrence,KILLED,,0.000,,,,,,,,,,,,,,,,false,killed before finishing
starexec,PRD001+1.p,e1b,subsumption-light,KILLED,,0.000,,,,,,,,,,,,,,,,false,killed before finishing
starexec,PRD001+1.p,e1b,unary-redundancy,KILLED,,0.000,,,,,,,,,,,,,,,,false,killed before finishing
starexec,PRD001+1.p,e1b,weight-greedy,TIMEOUT,1614,3424.889,167005.473,,,30018,160765,22981,113273,1615,0,,,,,,,false,
starexec,PRO011+1.p,e1b,age-fair,REFUTED,48,3259.988,6476.754,95.777,6635.308,1596,30708,1430,28412,95,23,1098,733633,4567,1699,49,false,false,
starexec,PRO011+1.p,e1b,balanced,REFUTED,48,1539.064,1555.405,64.723,4172.165,739,5124,661,3944,95,23,1052,717434,4768,1681,49,false,false,
starexec,PRO011+1.p,e1b,equational,REFUTED,48,2823.916,2837.331,101.902,7448.937,731,4972,654,3802,95,23,1052,717434,4768,1681,49,false,false,
starexec,PRO011+1.p,e1b,first-negative,REFUTED,48,3459.823,1649.032,99.575,7653.542,279,744,246,307,95,23,1090,723924,4573,1699,49,false,false,
starexec,PRO011+1.p,e1b,occurrence,REFUTED,48,3660.741,1813.518,92.176,6993.737,407,1668,325,939,95,23,1098,733591,4569,1699,49,false,false,
starexec,PRO011+1.p,e1b,subsumption-light,REFUTED,48,2919.576,2551.623,138.237,6969.718,453,2071,390,1390,95,23,1052,717474,4786,1681,49,false,false,
starexec,PRO011+1.p,e1b,unary-redundancy,REFUTED,48,3785.467,4089.075,151.766,7026.013,767,5629,671,4398,95,23,1173,822531,4641,1699,49,false,false,
starexec,PRO011+1.p,e1b,weight-greedy,REFUTED,48,1701.664,929.269,87.672,4543.063,273,731,254,269,95,23,1049,713819,4787,1681,49,false,false,
starexec,PUZ129+2.p,e1b,age-fair,REFUTED,0,1161.598,441.923,86.947,1292.569,36,45,35,18,18,8,321,179692,1248,1403,1,false,false,
starexec,PUZ129+2.p,e1b,balanced,REFUTED,0,494.677,238.025,53.894,783.979,35,41,33,18,18,8,289,157494,1012,1381,1,false,false,
starexec,PUZ129+2.p,e1b,equational,REFUTED,0,1003.641,425.396,84.601,1522.586,35,41,33,18,18,8,289,157494,1012,1381,1,false,false,
starexec,PUZ129+2.p,e1b,first-negative,REFUTED,0,1971.939,866.639,120.791,2146.923,35,38,31,18,18,8,284,161041,1227,1403,1,false,false,
starexec,PUZ129+2.p,e1b,occurrence,REFUTED,0,1202.175,524.647,90.969,1256.245,32,40,31,18,18,8,285,161688,1225,1403,1,false,false,
starexec,PUZ129+2.p,e1b,subsumption-light,REFUTED,0,973.543,530.532,97.556,1572.887,35,41,33,18,18,8,289,157494,1012,1381,1,false,false,
starexec,PUZ129+2.p,e1b,unary-redundancy,REFUTED,0,1127.564,450.175,76.940,1287.439,36,43,34,18,18,8,285,161668,1225,1403,1,false,false,
starexec,PUZ129+2.p,e1b,weight-greedy,REFUTED,0,1010.201,428.035,87.660,1525.944,41,74,38,26,18,8,298,162646,989,1381,1,false,false,
starexec,PUZ133+1.p,e1b,age-fair,TIMEOUT,9,1119.063,166377.135,,,18962,2741769,17761,2578714,23,3,,,,,,,false,
starexec,PUZ133+1.p,e1b,balanced,TIMEOUT,9,518.188,166217.626,,,27726,8210192,26549,8084710,24,3,,,,,,,false,
starexec,PUZ133+1.p,e1b,equational,TIMEOUT,9,978.548,166295.948,,,24059,7770647,22855,7691649,24,3,,,,,,,false,
starexec,PUZ133+1.p,e1b,first-negative,TIMEOUT,9,853.614,166272.830,,,11825,527031,11251,247752,23,3,,,,,,,false,
starexec,PUZ133+1.p,e1b,occurrence,TIMEOUT,9,1144.633,166414.385,,,20719,4582012,19860,4472910,23,3,,,,,,,false,
starexec,PUZ133+1.p,e1b,subsumption-light,TIMEOUT,9,981.015,166394.171,,,17694,4040705,16892,3945316,24,3,,,,,,,false,
starexec,PUZ133+1.p,e1b,unary-redundancy,TIMEOUT,9,1140.603,166484.698,,,14082,2831750,13306,2753216,23,3,,,,,,,false,
starexec,PUZ133+1.p,e1b,weight-greedy,TIMEOUT,9,990.341,166324.415,,,30679,1463474,28249,1197427,24,3,,,,,,,false,
starexec,REL020+2.p,e1b,age-fair,TIMEOUT,16,617.234,166171.234,,,2272,7106059,2124,7096835,18,2,,,,,,,false,
starexec,REL020+2.p,e1b,balanced,TIMEOUT,16,487.120,166411.773,,,2469,7209025,2015,7191491,18,2,,,,,,,false,
starexec,REL020+2.p,e1b,equational,TIMEOUT,16,521.948,166205.723,,,2594,6933277,2184,6916373,18,2,,,,,,,false,
starexec,REL020+2.p,e1b,first-negative,TIMEOUT,16,628.629,166178.419,,,2459,6672476,2006,6655464,18,2,,,,,,,false,
starexec,REL020+2.p,e1b,occurrence,TIMEOUT,16,593.439,166339.826,,,2797,6565631,2445,6517999,18,2,,,,,,,false,
starexec,REL020+2.p,e1b,subsumption-light,TIMEOUT,16,515.713,166244.628,,,2466,7136809,2012,7119283,18,2,,,,,,,false,
starexec,REL020+2.p,e1b,unary-redundancy,TIMEOUT,16,601.315,166157.306,,,2628,7039749,2205,7021679,18,2,,,,,,,false,
starexec,REL020+2.p,e1b,weight-greedy,TIMEOUT,16,505.649,166190.531,,,3836,6360668,3197,6139131,18,2,,,,,,,false,
starexec,REL021+1.p,e1b,age-fair,TIMEOUT,13,935.476,166414.900,,,1376,4851943,1310,4844756,15,2,,,,,,,false,
starexec,REL021+1.p,e1b,balanced,TIMEOUT,13,293.167,169792.020,,,2283,11401529,1840,11375373,15,2,,,,,,,false,
starexec,REL021+1.p,e1b,equational,TIMEOUT,13,539.239,166227.618,,,1884,6430849,1479,6412323,15,2,,,,,,,false,
starexec,REL021+1.p,e1b,first-negative,TIMEOUT,13,699.177,166309.339,,,1932,6882575,1504,6863233,15,2,,,,,,,false,
starexec,REL021+1.p,e1b,occurrence,TIMEOUT,13,688.650,166312.205,,,2186,6309179,1774,6256657,15,2,,,,,,,false,
starexec,REL021+1.p,e1b,subsumption-light,TIMEOUT,13,562.134,166668.533,,,1888,6493831,1468,6474819,15,2,,,,,,,false,
starexec,REL021+1.p,e1b,unary-redundancy,TIMEOUT,13,630.230,166640.259,,,1837,6466749,1507,6447543,15,2,,,,,,,false,
starexec,REL021+1.p,e1b,weight-greedy,TIMEOUT,13,554.262,166193.705,,,3509,7007236,2687,6716772,15,2,,,,,,,false,
starexec,REL040+2.p,e1b,age-fair,TIMEOUT,13,701.597,166240.965,,,1386,5207340,1311,5199704,15,3,,,,,,,false,
starexec,REL040+2.p,e1b,balanced,TIMEOUT,13,320.848,166315.847,,,2055,9939137,1693,9915179,15,3,,,,,,,false,
starexec,REL040+2.p,e1b,equational,TIMEOUT,13,613.414,166522.018,,,1935,7574510,1560,7554298,15,3,,,,,,,false,
starexec,REL040+2.p,e1b,first-negative,HARD_TIMEOUT,13,0.000,,,,,,,,,,,,,,,,false,
starexec,REL040+2.p,e1b,occurrence,TIMEOUT,13,692.077,166219.171,,,1670,5180256,1449,5135744,15,3,,,,,,,false,
starexec,REL040+2.p,e1b,subsumption-light,TIMEOUT,13,603.200,166228.536,,,1897,7648886,1538,7628304,15,3,,,,,,,false,
starexec,REL040+2.p,e1b,unary-redundancy,TIMEOUT,13,692.334,166218.206,,,1713,5334563,1324,5318609,15,3,,,,,,,false,
starexec,REL040+2.p,e1b,weight-greedy,TIMEOUT,13,632.458,166296.567,,,3193,6861540,2611,6586325,15,3,,,,,,,false,
starexec,SCT115+1.p,e1b,age-fair,KILLED,,0.000,,,,,,,,,,,,,,,,false,killed before finishing
starexec,SCT115+1.p,e1b,balanced,KILLED,,0.000,,,,,,,,,,,,,,,,false,killed before finishing
starexec,SCT115+1.p,e1b,equational,KILLED,,0.000,,,,,,,,,,,,,,,,false,killed before finishing
starexec,SCT115+1.p,e1b,occurrence,KILLED,,0.000,,,,,,,,,,,,,,,,false,killed before finishing
starexec,SCT115+1.p,e1b,subsumption-light,KILLED,,0.000,,,,,,,,,,,,,,,,false,killed before finishing
starexec,SCT115+1.p,e1b,unary-redundancy,KILLED,,0.000,,,,,,,,,,,,,,,,false,killed before finishing
starexec,SCT115+1.p,e1b,weight-greedy,REFUTED,527,2513.676,6352.136,183.315,7824.477,2965,76191,1737,61294,96,16,1213,2052212,5121,9009,528,false,false,
starexec,SCT117+1.p,e1b,age-fair,KILLED,,0.000,,,,,,,,,,,,,,,,false,killed before finishing
starexec,SCT117+1.p,e1b,balanced,KILLED,,0.000,,,,,,,,,,,,,,,,false,killed before finishing
starexec,SCT117+1.p,e1b,first-negative,KILLED,,0.000,,,,,,,,,,,,,,,,false,killed before finishing
starexec,SCT117+1.p,e1b,occurrence,KILLED,,0.000,,,,,,,,,,,,,,,,false,killed before finishing
starexec,SCT117+1.p,e1b,subsumption-light,KILLED,,0.000,,,,,,,,,,,,,,,,false,killed before finishing
starexec,SCT117+1.p,e1b,unary-redundancy,KILLED,,0.000,,,,,,,,,,,,,,,,false,killed before finishing
starexec,SCT117+1.p,e1b,weight-greedy,REFUTED,527,2892.960,68741.513,289.649,12354.937,15584,690618,13215,652618,102,17,1290,2322072,5342,9009,528,false,false,
starexec,SCT120+1.p,e1b,age-fair,KILLED,,0.000,,,,,,,,,,,,,,,,false,killed before finishing
starexec,SCT120+1.p,e1b,balanced,TIMEOUT,526,2806.417,166599.137,,,15679,7572619,14552,7534945,794,100,,,,,,,false,
starexec,SCT120+1.p,e1b,equational,KILLED,,0.000,,,,,,,,,,,,,,,,false,killed before finishing
starexec,SCT120+1.p,e1b,first-negative,SATURATED,526,1333.798,414.731,,,16,20,16,19,21,2,,,,,,,false,
starexec,SCT120+1.p,e1b,occurrence,KILLED,,0.000,,,,,,,,,,,,,,,,false,killed before finishing
starexec,SCT120+1.p,e1b,subsumption-light,KILLED,,0.000,,,,,,,,,,,,,,,,false,killed before finishing
starexec,SCT120+1.p,e1b,unary-redundancy,KILLED,,0.000,,,,,,,,,,,,,,,,false,killed before finishing
starexec,SCT120+1.p,e1b,weight-greedy,REFUTED,526,1847.569,755.037,134.967,2973.911,97,154,82,60,62,13,812,522592,3723,1777,527,false,false,
starexec,SCT123+1.p,e1b,age-fair,KILLED,,0.000,,,,,,,,,,,,,,,,false,killed before finishing
starexec,SCT123+1.p,e1b,balanced,TIMEOUT,528,2935.649,166726.122,,,11752,5967959,10883,5943029,826,115,,,,,,,false,
starexec,SCT123+1.p,e1b,equational,KILLED,,0.000,,,,,,,,,,,,,,,,false,killed before finishing
starexec,SCT123+1.p,e1b,first-negative,REFUTED,528,2613.513,3021.202,146.301,1437.023,324,4665,279,3935,33,3,353,62600,2135,421,529,false,false,
starexec,SCT123+1.p,e1b,occurrence,KILLED,,0.000,,,,,,,,,,,,,,,,false,killed before finishing
starexec,SCT123+1.p,e1b,subsumption-light,KILLED,,0.000,,,,,,,,,,,,,,,,false,killed before finishing
starexec,SCT123+1.p,e1b,unary-redundancy,KILLED,,0.000,,,,,,,,,,,,,,,,false,killed before finishing
starexec,SCT123+1.p,e1b,weight-greedy,KILLED,,0.000,,,,,,,,,,,,,,,,false,killed before finishing
starexec,SCT124+1.p,e1b,balanced,KILLED,,0.000,,,,,,,,,,,,,,,,false,killed before finishing
starexec,SCT124+1.p,e1b,equational,KILLED,,0.000,,,,,,,,,,,,,,,,false,killed before finishing
starexec,SCT124+1.p,e1b,first-negative,SATURATED,528,2044.638,671.476,,,14,14,14,9,9,4,,,,,,,false,
starexec,SCT124+1.p,e1b,subsumption-light,KILLED,,0.000,,,,,,,,,,,,,,,,false,killed before finishing
starexec,SCT124+1.p,e1b,unary-redundancy,KILLED,,0.000,,,,,,,,,,,,,,,,false,killed before finishing
starexec,SCT124+1.p,e1b,weight-greedy,TIMEOUT,528,2246.360,166590.456,,,11688,6078488,9771,5999691,84,17,,,,,,,false,
starexec,SCT125+1.p,e1b,age-fair,KILLED,,0.000,,,,,,,,,,,,,,,,false,killed before finishing
starexec,SCT125+1.p,e1b,balanced,TIMEOUT,528,2706.925,166648.463,,,13905,9034298,13144,9003430,819,106,,,,,,,false,
starexec,SCT125+1.p,e1b,equational,TIMEOUT,528,3132.719,166754.136,,,10999,5178570,10195,5155660,560,70,,,,,,,false,
starexec,SCT125+1.p,e1b,first-negative,TIMEOUT,528,1551.554,166345.461,,,3441,281844,1280,6920,35,3,,,,,,,false,
starexec,SCT125+1.p,e1b,occurrence,KILLED,,0.000,,,,,,,,,,,,,,,,false,killed before finishing
starexec,SCT125+1.p,e1b,subsumption-light,TIMEOUT,528,2834.636,166650.622,,,7746,3879970,7263,3861416,407,54,,,,,,,false,
starexec,SCT125+1.p,e1b,unary-redundancy,KILLED,,0.000,,,,,,,,,,,,,,,,false,killed before finishing
starexec,SCT125+1.p,e1b,weight-greedy,REFUTED,528,2189.854,98869.117,251.503,4049.999,9279,2546971,6305,2416632,81,13,1491,876895,7984,1240,529,false,false,
starexec,SCT155+1.p,e1b,age-fair,KILLED,,0.000,,,,,,,,,,,,,,,,false,killed before finishing
starexec,SCT155+1.p,e1b,balanced,TIMEOUT,528,2985.529,166655.965,,,15113,6373221,14030,6338805,831,111,,,,,,,false,
starexec,SCT155+1.p,e1b,equational,KILLED,,0.000,,,,,,,,,,,,,,,,false,killed before finishing
starexec,SCT155+1.p,e1b,first-negative,KILLED,,0.000,,,,,,,,,,,,,,,,false,killed before finishing
starexec,SCT155+1.p,e1b,occurrence,KILLED,,0.000,,,,,,,,,,,,,,,,false,killed before finishing
starexec,SCT155+1.p,e1b,subsumption-light,KILLED,,0.000,,,,,,,,,,,,,,,,false,killed before finishing
starexec,SCT155+1.p,e1b,unary-redundancy,KILLED,,0.000,,,,,,,,,,,,,,,,false,killed before finishing
starexec,SCT155+1.p,e1b,weight-greedy,SATURATED,528,2042.438,1073.259,,,58,73,58,37,55,5,,,,,,,false,
starexec,SCT158+1.p,e1b,age-fair,KILLED,,0.000,,,,,,,,,,,,,,,,false,killed before finishing
starexec,SCT158+1.p,e1b,balanced,TIMEOUT,528,2482.637,166461.082,,,16050,7081209,15148,7044845,832,110,,,,,,,false,
starexec,SCT158+1.p,e1b,equational,KILLED,,0.000,,,,,,,,,,,,,,,,false,killed before finishing
starexec,SCT158+1.p,e1b,first-negative,REFUTED,528,2432.887,957.536,127.611,3022.523,127,545,106,309,55,8,536,433272,3191,2088,529,false,false,
starexec,SCT158+1.p,e1b,occurrence,KILLED,,0.000,,,,,,,,,,,,,,,,false,killed before finishing
starexec,SCT158+1.p,e1b,subsumption-light,TIMEOUT,528,2300.277,166714.803,,,3056,3038792,2885,3027848,200,10,,,,,,,false,
starexec,SCT158+1.p,e1b,unary-redundancy,KILLED,,0.000,,,,,,,,,,,,,,,,false,killed before finishing
starexec,SCT158+1.p,e1b,weight-greedy,SATURATED,528,1867.069,772.575,,,67,93,64,43,61,5,,,,,,,false,
starexec,SCT170+3.p,e1b,age-fair,KILLED,,0.000,,,,,,,,,,,,,,,,false,killed before finishing
starexec,SCT170+3.p,e1b,balanced,KILLED,,0.000,,,,,,,,,,,,,,,,false,killed before finishing
starexec,SCT170+3.p,e1b,equational,KILLED,,0.000,,,,,,,,,,,,,,,,false,killed before finishing
starexec,SCT170+3.p,e1b,first-negative,KILLED,,0.000,,,,,,,,,,,,,,,,false,killed before finishing
starexec,SCT170+3.p,e1b,occurrence,KILLED,,0.000,,,,,,,,,,,,,,,,false,killed before finishing
starexec,SCT170+3.p,e1b,subsumption-light,KILLED,,0.000,,,,,,,,,,,,,,,,false,killed before finishing
starexec,SCT170+3.p,e1b,unary-redundancy,KILLED,,0.000,,,,,,,,,,,,,,,,false,killed before finishing
starexec,SCT170+3.p,e1b,weight-greedy,KILLED,,0.000,,,,,,,,,,,,,,,,false,killed before finishing
starexec,SET017+1.p,e1b,age-fair,REFUTED,43,2410.556,19978.365,101.653,2495.388,3336,539135,3223,534632,93,10,724,201510,2595,657,44,false,false,
starexec,SET017+1.p,e1b,balanced,REFUTED,43,1140.512,4519.114,101.977,1693.353,1441,73095,1357,70240,93,10,682,196327,2725,651,44,false,false,
starexec,SET017+1.p,e1b,equational,REFUTED,43,1968.945,2976.916,176.970,3022.682,550,7060,500,6238,93,10,692,200736,2742,651,44,false,false,
starexec,SET017+1.p,e1b,first-negative,REFUTED,43,2403.509,13938.746,95.093,1532.128,3561,269376,3289,261557,93,10,726,202377,2600,657,44,false,false,
starexec,SET017+1.p,e1b,occurrence,REFUTED,43,2386.135,1134.682,110.954,2479.934,114,309,106,152,93,10,731,205486,2610,657,44,false,false,
starexec,SET017+1.p,e1b,subsumption-light,REFUTED,43,2224.609,4113.375,199.489,3421.605,771,11148,740,9953,93,10,713,209175,2761,651,44,false,false,
starexec,SET017+1.p,e1b,unary-redundancy,REFUTED,43,2633.369,3656.059,152.216,2451.046,653,8859,617,7839,93,10,731,205486,2610,657,44,false,false,
starexec,SET017+1.p,e1b,weight-greedy,REFUTED,43,1897.684,965.814,183.003,2989.998,94,250,89,107,93,10,698,201650,2748,651,44,false,false,
starexec,SET101+1.p,e1b,age-fair,REFUTED,43,2504.161,2154.887,109.221,2116.313,315,4267,285,3902,90,9,696,139533,2500,486,44,false,false,
starexec,SET101+1.p,e1b,balanced,REFUTED,43,927.507,1125.406,65.372,1306.978,354,4152,331,3630,90,9,657,137446,2654,486,44,false,false,
starexec,SET101+1.p,e1b,equational,REFUTED,43,1905.996,2191.664,135.467,2394.646,359,4184,336,3656,90,9,657,137446,2654,486,44,false,false,
starexec,SET101+1.p,e1b,first-negative,REFUTED,43,2695.243,12460.872,104.612,2394.429,2457,153216,2284,148031,90,9,696,139516,2502,486,44,false,false,
starexec,SET101+1.p,e1b,occurrence,REFUTED,43,2371.908,1858.952,124.684,2289.360,348,2663,325,2015,90,9,696,139533,2500,486,44,false,false,
starexec,SET101+1.p,e1b,subsumption-light,REFUTED,43,1816.096,2192.217,145.414,2485.355,327,3491,306,3010,90,9,657,137446,2654,486,44,false,false,
starexec,SET101+1.p,e1b,unary-redundancy,REFUTED,43,2267.947,2226.562,119.951,2214.729,324,3542,303,3060,90,9,696,139533,2500,486,44,false,false,
starexec,SET101+1.p,e1b,weight-greedy,REFUTED,43,1795.364,1372.386,144.794,2715.305,189,656,180,329,90,9,657,137446,2654,486,44,false,false,
starexec,SET716+4.p,e1b,age-fair,TIMEOUT,28,3338.798,166613.200,,,16492,4466227,16409,4447991,147,53,,,,,,,false,
starexec,SET716+4.p,e1b,balanced,TIMEOUT,28,1544.892,166380.109,,,18674,9396529,18590,9363805,160,54,,,,,,,false,
starexec,SET716+4.p,e1b,equational,TIMEOUT,28,2897.089,166636.484,,,14358,6165081,14321,6140651,160,54,,,,,,,false,
starexec,SET716+4.p,e1b,first-negative,TIMEOUT,28,3706.872,166621.230,,,7679,7584753,7550,7571063,147,53,,,,,,,false,
starexec,SET716+4.p,e1b,occurrence,TIMEOUT,28,3468.451,166610.990,,,18736,4427742,18540,4370859,147,53,,,,,,,false,
starexec,SET716+4.p,e1b,subsumption-light,TIMEOUT,28,1885.356,166514.919,,,13964,6098729,13927,6074921,160,54,,,,,,,false,
starexec,SET716+4.p,e1b,unary-redundancy,TIMEOUT,28,3503.347,166729.769,,,11748,4399061,11705,4380083,147,53,,,,,,,false,
starexec,SET716+4.p,e1b,weight-greedy,TIMEOUT,28,2944.931,166639.479,,,21411,2056971,21118,1947192,160,54,,,,,,,false,
starexec,SET733+4.p,e1b,age-fair,TIMEOUT,28,3476.828,166620.314,,,16476,4569659,16395,4551376,146,52,,,,,,,false,
starexec,SET733+4.p,e1b,balanced,TIMEOUT,28,1524.897,166364.176,,,18103,8894208,18017,8862668,159,53,,,,,,,false,
starexec,SET733+4.p,e1b,equational,TIMEOUT,28,3025.156,166640.771,,,14039,5979375,14004,5955447,159,53,,,,,,,false,
starexec,SET733+4.p,e1b,first-negative,TIMEOUT,28,3755.293,166630.498,,,7577,7328541,7445,7315168,146,52,,,,,,,false,
starexec,SET733+4.p,e1b,occurrence,HARD_TIMEOUT,28,0.000,,,,,,,,,,,,,,,,false,
starexec,SET733+4.p,e1b,subsumption-light,TIMEOUT,28,3103.405,166911.023,,,11468,4556022,11444,4537136,159,53,,,,,,,false,
starexec,SET733+4.p,e1b,unary-redundancy,TIMEOUT,28,3398.377,166653.839,,,11769,4483824,11733,4464812,146,52,,,,,,,false,
starexec,SET733+4.p,e1b,weight-greedy,TIMEOUT,28,3076.231,166676.893,,,21449,2047325,21135,1942535,159,53,,,,,,,false,
starexec,SET817+4.p,e1b,age-fair,TIMEOUT,22,1883.448,166536.975,,,13592,5539950,13546,5524209,71,16,,,,,,,false,
starexec,SET817+4.p,e1b,balanced,TIMEOUT,22,792.251,166246.273,,,17846,9522653,17762,9487155,80,20,,,,,,,false,
starexec,SET817+4.p,e1b,equational,TIMEOUT,22,1522.288,166540.164,,,14261,5802840,14198,5774186,80,20,,,,,,,false,
starexec,SET817+4.p,e1b,first-negative,TIMEOUT,22,2022.948,167337.054,,,15140,6162815,14870,6133497,71,16,,,,,,,false,
starexec,SET817+4.p,e1b,occurrence,TIMEOUT,22,1704.364,166549.672,,,17693,4918548,17447,4840471,71,16,,,,,,,false,
starexec,SET817+4.p,e1b,subsumption-light,TIMEOUT,22,1565.834,166577.530,,,11090,3531196,11045,3509298,80,20,,,,,,,false,
starexec,SET817+4.p,e1b,unary-redundancy,TIMEOUT,22,1826.522,166527.036,,,11816,3630718,11704,3607680,71,16,,,,,,,false,
starexec,SET817+4.p,e1b,weight-greedy,TIMEOUT,22,1484.987,166564.236,,,15807,2413860,15582,2217523,80,20,,,,,,,false,
starexec,SET964+1.p,e1b,age-fair,TIMEOUT,12,1577.227,167034.213,,,3306,1652435,3294,1647214,29,13,,,,,,,false,
starexec,SET964+1.p,e1b,balanced,TIMEOUT,12,758.248,166286.028,,,3791,2727119,3776,2714201,33,13,,,,,,,false,
starexec,SET964+1.p,e1b,equational,TIMEOUT,12,1433.143,166381.367,,,6072,2026540,5738,2009390,33,13,,,,,,,false,
starexec,SET964+1.p,e1b,first-negative,TIMEOUT,12,1698.895,166629.269,,,10570,5561761,10566,5544085,29,13,,,,,,,false,
starexec,SET964+1.p,e1b,occurrence,REFUTED,12,2107.687,31739.863,108.985,2800.403,1339,323797,1222,316808,29,13,509,230587,1793,1224,13,false,false,
starexec,SET964+1.p,e1b,subsumption-light,TIMEOUT,12,1440.653,166736.156,,,3423,1535610,3400,1525228,33,13,,,,,,,false,
starexec,SET964+1.p,e1b,unary-redundancy,TIMEOUT,12,1570.963,166573.098,,,4505,2210224,4366,2197826,29,13,,,,,,,false,
starexec,SET964+1.p,e1b,weight-greedy,TIMEOUT,12,1429.546,166754.717,,,7163,6474482,6904,6010338,33,13,,,,,,,false,
starexec,SEU269+1.p,e1b,age-fair,TIMEOUT,51,1742.567,168907.983,,,852,709074,817,707297,90,18,,,,,,,false,
starexec,SEU269+1.p,e1b,balanced,TIMEOUT,51,776.359,166683.557,,,1449,1391786,1419,1388546,92,18,,,,,,,false,
starexec,SEU269+1.p,e1b,equational,HARD_TIMEOUT,51,0.000,,,,,,,,,,,,,,,,false,
starexec,SEU269+1.p,e1b,first-negative,KILLED,,0.000,,,,,,,,,,,,,,,,false,killed before finishing
starexec,SEU269+1.p,e1b,occurrence,TIMEOUT,51,1701.495,166594.156,,,4304,762121,4247,753224,90,18,,,,,,,false,
starexec,SEU269+1.p,e1b,subsumption-light,KILLED,,0.000,,,,,,,,,,,,,,,,false,killed before finishing
starexec,SEU269+1.p,e1b,unary-redundancy,TIMEOUT,51,1667.667,166669.878,,,1239,668293,1202,665717,90,18,,,,,,,false,
starexec,SEU269+1.p,e1b,weight-greedy,TIMEOUT,51,1439.190,166550.797,,,14057,4594267,13806,4424168,92,18,,,,,,,false,
starexec,SEU427+4.p,e1b,balanced,KILLED,,0.000,,,,,,,,,,,,,,,,false,killed before finishing
starexec,SEU427+4.p,e1b,equational,KILLED,,0.000,,,,,,,,,,,,,,,,false,killed before finishing
starexec,SEU427+4.p,e1b,first-negative,KILLED,,0.000,,,,,,,,,,,,,,,,false,killed before finishing
starexec,SEU427+4.p,e1b,subsumption-light,KILLED,,0.000,,,,,,,,,,,,,,,,false,killed before finishing
starexec,SEU427+4.p,e1b,unary-redundancy,KILLED,,0.000,,,,,,,,,,,,,,,,false,killed before finishing
starexec,SEU427+4.p,e1b,weight-greedy,KILLED,,0.000,,,,,,,,,,,,,,,,false,killed before finishing
starexec,SEU440+4.p,e1b,balanced,KILLED,,0.000,,,,,,,,,,,,,,,,false,killed before finishing
starexec,SEU440+4.p,e1b,equational,KILLED,,0.000,,,,,,,,,,,,,,,,false,killed before finishing
starexec,SEU440+4.p,e1b,first-negative,KILLED,,0.000,,,,,,,,,,,,,,,,false,killed before finishing
starexec,SEU440+4.p,e1b,subsumption-light,KILLED,,0.000,,,,,,,,,,,,,,,,false,killed before finishing
starexec,SEU440+4.p,e1b,weight-greedy,KILLED,,0.000,,,,,,,,,,,,,,,,false,killed before finishing
starexec,SEV522+1.p,e1b,age-fair,TIMEOUT,19,2202.805,166516.329,,,13287,6636324,12835,6621417,87,31,,,,,,,false,
starexec,SEV522+1.p,e1b,balanced,TIMEOUT,19,951.931,166255.351,,,16192,11446124,14669,11410378,96,32,,,,,,,false,
starexec,SEV522+1.p,e1b,equational,TIMEOUT,19,1706.435,166572.942,,,11549,6683456,10532,6658232,96,32,,,,,,,false,
starexec,SEV522+1.p,e1b,first-negative,TIMEOUT,19,1507.089,166736.823,,,13861,10144618,13282,10116616,87,31,,,,,,,false,
starexec,SEV522+1.p,e1b,occurrence,TIMEOUT,19,2162.830,166484.770,,,18923,5751442,18827,5703425,87,31,,,,,,,false,
starexec,SEV522+1.p,e1b,subsumption-light,TIMEOUT,19,1723.795,166624.255,,,8383,3224687,7818,3206229,96,32,,,,,,,false,
starexec,SEV522+1.p,e1b,unary-redundancy,TIMEOUT,19,2162.047,166627.610,,,9713,3522461,9545,3507047,87,31,,,,,,,false,
starexec,SEV522+1.p,e1b,weight-greedy,TIMEOUT,19,1764.049,166574.622,,,23314,5097942,19320,4752417,96,32,,,,,,,false,
starexec,SEV563+1.p,e1b,age-fair,TIMEOUT,25,1593.179,166519.336,,,10314,5158776,9830,5141068,80,17,,,,,,,false,
starexec,SEV563+1.p,e1b,balanced,TIMEOUT,25,673.788,166220.933,,,17035,10211488,16018,10162368,80,17,,,,,,,false,
starexec,SEV563+1.p,e1b,first-negative,TIMEOUT,25,1238.075,166335.267,,,22697,7752365,22107,7696101,80,17,,,,,,,false,
starexec,SEV563+1.p,e1b,occurrence,TIMEOUT,25,1664.521,166511.334,,,20924,6444845,19612,6336453,80,17,,,,,,,false,
starexec,SEV563+1.p,e1b,subsumption-light,TIMEOUT,25,1317.997,166793.171,,,9186,3048528,8347,3022120,80,17,,,,,,,false,
starexec,SEV563+1.p,e1b,unary-redundancy,TIMEOUT,25,1633.214,166521.202,,,9339,2961696,8444,2935732,80,17,,,,,,,false,
starexec,SEV569+1.p,e1b,age-fair,TIMEOUT,25,1729.539,166634.520,,,10466,5278449,9982,5260560,80,17,,,,,,,false,
starexec,SEV569+1.p,e1b,balanced,TIMEOUT,25,736.523,166222.986,,,17219,10296455,16051,10246917,80,17,,,,,,,false,
starexec,SEV569+1.p,e1b,equational,TIMEOUT,25,1318.487,167778.800,,,11440,5618359,10288,5583029,80,17,,,,,,,false,
starexec,SEV569+1.p,e1b,first-negative,TIMEOUT,25,1876.549,166546.083,,,17953,5699928,17386,5656358,80,17,,,,,,,false,
starexec,SEV569+1.p,e1b,occurrence,TIMEOUT,25,1611.767,166566.948,,,20628,6234439,19334,6127492,80,17,,,,,,,false,
starexec,SEV569+1.p,e1b,subsumption-light,TIMEOUT,25,1373.681,166478.020,,,9250,3071938,8396,3045424,80,17,,,,,,,false,
starexec,SEV569+1.p,e1b,unary-redundancy,TIMEOUT,25,1549.377,166588.543,,,9286,2931502,8391,2905614,80,17,,,,,,,false,
starexec,SEV569+1.p,e1b,weight-greedy,TIMEOUT,25,1328.592,166397.053,,,27179,12889245,23471,12424395,80,17,,,,,,,false,
starexec,SEV581+1.p,e1b,age-fair,TIMEOUT,25,1708.223,166559.993,,,11141,5708695,10657,5690139,80,17,,,,,,,false,
starexec,SEV581+1.p,e1b,balanced,TIMEOUT,25,669.854,166210.680,,,18285,11396710,17374,11345366,80,17,,,,,,,false,
starexec,SEV581+1.p,e1b,equational,TIMEOUT,25,941.320,166287.403,,,15305,8943174,14526,8898834,80,17,,,,,,,false,
starexec,SEV581+1.p,e1b,first-negative,TIMEOUT,25,1789.320,166634.625,,,18986,5818065,18409,5771807,80,17,,,,,,,false,
starexec,SEV581+1.p,e1b,occurrence,TIMEOUT,25,1630.135,166552.468,,,23396,8073805,22196,7947728,80,17,,,,,,,false,
starexec,SEV581+1.p,e1b,subsumption-light,TIMEOUT,25,916.760,166450.089,,,10210,4375395,9530,4347317,80,17,,,,,,,false,
starexec,SEV581+1.p,e1b,unary-redundancy,TIMEOUT,25,1698.080,166593.406,,,9701,3485364,9114,3458710,80,17,,,,,,,false,
starexec,SEV581+1.p,e1b,weight-greedy,TIMEOUT,25,1334.656,166414.386,,,27713,7680276,23818,7240132,80,17,,,,,,,false,
starexec,SEV606+1.p,e1b,age-fair,KILLED,,0.000,,,,,,,,,,,,,,,,false,killed before finishing
starexec,SEV606+1.p,e1b,balanced,KILLED,,0.000,,,,,,,,,,,,,,,,false,killed before finishing
starexec,SEV606+1.p,e1b,equational,REFUTED,1727,6803.106,11880.983,191.271,28619.119,2103,99905,1920,96173,599,22,7814,3482525,34132,1555,1728,false,false,
starexec,SEV606+1.p,e1b,first-negative,REFUTED,1727,2963.939,1283.502,133.276,3564.315,248,1066,213,676,134,5,1841,469084,6289,935,1728,false,false,
starexec,SEV606+1.p,e1b,occurrence,KILLED,,0.000,,,,,,,,,,,,,,,,false,killed before finishing
starexec,SEV606+1.p,e1b,subsumption-light,REFUTED,1727,4408.858,5254.271,162.495,9758.469,466,7440,425,6572,240,8,3024,851667,12852,1023,1728,false,false,
starexec,SEV606+1.p,e1b,unary-redundancy,REFUTED,1727,5714.070,5080.827,127.080,11092.058,441,7127,410,6318,233,8,3150,1099005,11305,1225,1728,false,false,
starexec,SEV606+1.p,e1b,weight-greedy,REFUTED,1727,3629.524,1557.903,107.437,5619.539,174,1116,153,655,176,5,2135,398462,8590,897,1728,false,false,
starexec,SEV607+1.p,e1b,age-fair,KILLED,,0.000,,,,,,,,,,,,,,,,false,killed before finishing
starexec,SEV607+1.p,e1b,balanced,KILLED,,0.000,,,,,,,,,,,,,,,,false,killed before finishing
starexec,SEV607+1.p,e1b,first-negative,SATURATED,2360,2064.620,719.864,,,93,161,90,90,78,8,,,,,,,false,
starexec,SEV607+1.p,e1b,occurrence,KILLED,,0.000,,,,,,,,,,,,,,,,false,killed before finishing
starexec,SEV607+1.p,e1b,subsumption-light,KILLED,,0.000,,,,,,,,,,,,,,,,false,killed before finishing
starexec,SEV607+1.p,e1b,unary-redundancy,KILLED,,0.000,,,,,,,,,,,,,,,,false,killed before finishing
starexec,SEV608+1.p,e1b,equational,KILLED,,0.000,,,,,,,,,,,,,,,,false,killed before finishing
starexec,SEV608+1.p,e1b,first-negative,REFUTED,2867,4240.464,1019.749,137.603,3195.385,101,169,101,69,69,9,878,391800,2961,1757,2868,false,false,
starexec,SEV608+1.p,e1b,subsumption-light,REFUTED,2867,8720.650,5259.612,160.635,64832.461,973,6458,926,5060,385,87,4520,12138360,21563,7006,2868,false,false,
starexec,SEV608+1.p,e1b,unary-redundancy,KILLED,,0.000,,,,,,,,,,,,,,,,false,killed before finishing
starexec,SEV608+1.p,e1b,weight-greedy,REFUTED,2867,5696.844,9270.821,89.217,16801.267,2013,164076,1712,148767,202,44,2408,3986573,11918,4528,2868,false,false,
starexec,SEV609+1.p,e1b,age-fair,KILLED,,0.000,,,,,,,,,,,,,,,,false,killed before finishing
starexec,SEV609+1.p,e1b,balanced,KILLED,,0.000,,,,,,,,,,,,,,,,false,killed before finishing
starexec,SEV609+1.p,e1b,equational,KILLED,,0.000,,,,,,,,,,,,,,,,false,killed before finishing
starexec,SEV609+1.p,e1b,first-negative,KILLED,,0.000,,,,,,,,,,,,,,,,false,killed before finishing
starexec,SEV609+1.p,e1b,occurrence,KILLED,,0.000,,,,,,,,,,,,,,,,false,killed before finishing
starexec,SEV609+1.p,e1b,subsumption-light,KILLED,,0.000,,,,,,,,,,,,,,,,false,killed before finishing
starexec,SEV609+1.p,e1b,unary-redundancy,KILLED,,0.000,,,,,,,,,,,,,,,,false,killed before finishing
starexec,SEV609+1.p,e1b,weight-greedy,KILLED,,0.000,,,,,,,,,,,,,,,,false,killed before finishing
starexec,SEV610+1.p,e1b,age-fair,KILLED,,0.000,,,,,,,,,,,,,,,,false,killed before finishing
starexec,SEV610+1.p,e1b,balanced,KILLED,,0.000,,,,,,,,,,,,,,,,false,killed before finishing
starexec,SEV610+1.p,e1b,equational,REFUTED,2777,4245.174,1796.911,143.225,11611.541,455,780,441,238,113,27,1258,1218201,5135,3008,2778,false,false,
starexec,SEV610+1.p,e1b,first-negative,KILLED,,0.000,,,,,,,,,,,,,,,,false,killed before finishing
starexec,SEV610+1.p,e1b,occurrence,KILLED,,0.000,,,,,,,,,,,,,,,,false,killed before finishing
starexec,SEV610+1.p,e1b,subsumption-light,REFUTED,2777,3774.631,1466.716,125.696,9102.513,196,342,196,133,92,22,1024,787686,4026,2558,2778,false,false,
starexec,SEV610+1.p,e1b,unary-redundancy,KILLED,,0.000,,,,,,,,,,,,,,,,false,killed before finishing
starexec,SEV610+1.p,e1b,weight-greedy,KILLED,,0.000,,,,,,,,,,,,,,,,false,killed before finishing
starexec,SEV612+1.p,e1b,age-fair,KILLED,,0.000,,,,,,,,,,,,,,,,false,killed before finishing
starexec,SEV612+1.p,e1b,balanced,KILLED,,0.000,,,,,,,,,,,,,,,,false,killed before finishing
starexec,SEV612+1.p,e1b,equational,KILLED,,0.000,,,,,,,,,,,,,,,,false,killed before finishing
starexec,SEV612+1.p,e1b,first-negative,SATURATED,2852,857.309,189.059,,,4,4,4,4,4,0,,,,,,,false,
starexec,SEV612+1.p,e1b,occurrence,KILLED,,0.000,,,,,,,,,,,,,,,,false,killed before finishing
starexec,SEV612+1.p,e1b,subsumption-light,REFUTED,2852,2418.184,674.879,61.332,6242.437,100,140,98,92,103,28,1311,1017963,5842,2190,2853,false,false,
starexec,SEV612+1.p,e1b,unary-redundancy,REFUTED,2852,6117.962,3624.125,77.556,44620.773,1143,11911,1087,10225,444,84,5575,9250408,19235,4610,2853,false,false,
starexec,SEV612+1.p,e1b,weight-greedy,SATURATED,2852,1164.286,366.311,,,7,16,7,15,20,0,,,,,,,false,
starexec,SEV616+1.p,e1b,age-fair,KILLED,,0.000,,,,,,,,,,,,,,,,false,killed before finishing
starexec,SEV616+1.p,e1b,balanced,KILLED,,0.000,,,,,,,,,,,,,,,,false,killed before finishing
starexec,SEV616+1.p,e1b,equational,REFUTED,2862,5798.979,15163.845,236.906,14033.913,3332,42801,3170,36987,242,25,3607,2072900,16705,2141,2863,false,false,
starexec,SEV616+1.p,e1b,first-negative,SATURATED,2862,2380.008,703.535,,,20,20,20,18,18,0,,,,,,,false,
starexec,SEV616+1.p,e1b,occurrence,KILLED,,0.000,,,,,,,,,,,,,,,,false,killed before finishing
starexec,SEV616+1.p,e1b,subsumption-light,REFUTED,2862,4606.411,22224.803,172.662,6406.954,1834,27928,1793,24698,162,16,2447,996003,11471,1592,2863,false,false,
starexec,SEV616+1.p,e1b,unary-redundancy,KILLED,,0.000,,,,,,,,,,,,,,,,false,killed before finishing
starexec,SEV616+1.p,e1b,weight-greedy,KILLED,,0.000,,,,,,,,,,,,,,,,false,killed before finishing
starexec,SEV618+1.p,e1b,age-fair,KILLED,,0.000,,,,,,,,,,,,,,,,false,killed before finishing
starexec,SEV618+1.p,e1b,equational,KILLED,,0.000,,,,,,,,,,,,,,,,false,killed before finishing
starexec,SEV618+1.p,e1b,first-negative,SATURATED,2435,3020.595,964.365,,,86,195,86,44,35,2,,,,,,,false,
starexec,SEV618+1.p,e1b,occurrence,KILLED,,0.000,,,,,,,,,,,,,,,,false,killed before finishing
starexec,SEV618+1.p,e1b,subsumption-light,KILLED,,0.000,,,,,,,,,,,,,,,,false,killed before finishing
starexec,SEV618+1.p,e1b,unary-redundancy,KILLED,,0.000,,,,,,,,,,,,,,,,false,killed before finishing
starexec,SEV618+1.p,e1b,weight-greedy,KILLED,,0.000,,,,,,,,,,,,,,,,false,killed before finishing
starexec,SEV620+1.p,e1b,age-fair,KILLED,,0.000,,,,,,,,,,,,,,,,false,killed before finishing
starexec,SEV620+1.p,e1b,balanced,KILLED,,0.000,,,,,,,,,,,,,,,,false,killed before finishing
starexec,SEV620+1.p,e1b,equational,KILLED,,0.000,,,,,,,,,,,,,,,,false,killed before finishing
starexec,SEV620+1.p,e1b,first-negative,SATURATED,2723,2868.939,1555.564,,,686,906,682,212,33,0,,,,,,,false,
starexec,SEV620+1.p,e1b,occurrence,KILLED,,0.000,,,,,,,,,,,,,,,,false,killed before finishing
starexec,SEV620+1.p,e1b,subsumption-light,KILLED,,0.000,,,,,,,,,,,,,,,,false,killed before finishing
starexec,SEV620+1.p,e1b,unary-redundancy,KILLED,,0.000,,,,,,,,,,,,,,,,false,killed before finishing
starexec,SEV620+1.p,e1b,weight-greedy,KILLED,,0.000,,,,,,,,,,,,,,,,false,killed before finishing
starexec,SEV621+1.p,e1b,age-fair,KILLED,,0.000,,,,,,,,,,,,,,,,false,killed before finishing
starexec,SEV621+1.p,e1b,balanced,KILLED,,0.000,,,,,,,,,,,,,,,,false,killed before finishing
starexec,SEV621+1.p,e1b,equational,KILLED,,0.000,,,,,,,,,,,,,,,,false,killed before finishing
starexec,SEV621+1.p,e1b,first-negative,SATURATED,2708,3577.633,1212.422,,,284,311,284,63,50,3,,,,,,,false,
starexec,SEV621+1.p,e1b,occurrence,KILLED,,0.000,,,,,,,,,,,,,,,,false,killed before finishing
starexec,SEV621+1.p,e1b,subsumption-light,KILLED,,0.000,,,,,,,,,,,,,,,,false,killed before finishing
starexec,SEV621+1.p,e1b,unary-redundancy,KILLED,,0.000,,,,,,,,,,,,,,,,false,killed before finishing
starexec,SEV621+1.p,e1b,weight-greedy,KILLED,,0.000,,,,,,,,,,,,,,,,false,killed before finishing
starexec,SEV622+1.p,e1b,balanced,KILLED,,0.000,,,,,,,,,,,,,,,,false,killed before finishing
starexec,SEV622+1.p,e1b,equational,KILLED,,0.000,,,,,,,,,,,,,,,,false,killed before finishing
starexec,SEV622+1.p,e1b,first-negative,SATURATED,2761,3136.663,775.541,,,103,110,103,44,44,1,,,,,,,false,
starexec,SEV622+1.p,e1b,occurrence,KILLED,,0.000,,,,,,,,,,,,,,,,false,killed before finishing
starexec,SEV622+1.p,e1b,subsumption-light,KILLED,,0.000,,,,,,,,,,,,,,,,false,killed before finishing
starexec,SEV622+1.p,e1b,unary-redundancy,KILLED,,0.000,,,,,,,,,,,,,,,,false,killed before finishing
starexec,SEV622+1.p,e1b,weight-greedy,KILLED,,0.000,,,,,,,,,,,,,,,,false,killed before finishing
starexec,SEV625+1.p,e1b,age-fair,KILLED,,0.000,,,,,,,,,,,,,,,,false,killed before finishing
starexec,SEV625+1.p,e1b,balanced,KILLED,,0.000,,,,,,,,,,,,,,,,false,killed before finishing
starexec,SEV625+1.p,e1b,equational,REFUTED,2847,3408.744,1742.057,134.298,12985.588,815,2543,810,1599,206,40,2289,3141006,11166,3751,2848,false,false,
starexec,SEV625+1.p,e1b,first-negative,SATURATED,2847,1511.941,394.015,,,52,55,52,18,14,4,,,,,,,false,
starexec,SEV625+1.p,e1b,occurrence,KILLED,,0.000,,,,,,,,,,,,,,,,false,killed before finishing
starexec,SEV625+1.p,e1b,subsumption-light,TIMEOUT,2847,1933.405,166395.941,,,17653,529070,16192,498594,147,31,,,,,,,false,
starexec,SEV625+1.p,e1b,unary-redundancy,KILLED,,0.000,,,,,,,,,,,,,,,,false,killed before finishing
starexec,SEV625+1.p,e1b,weight-greedy,TIMEOUT,2847,1360.969,168081.727,,,1309,12107,1013,9062,32,7,,,,,,,false,
starexec,SEV626+1.p,e1b,age-fair,KILLED,,0.000,,,,,,,,,,,,,,,,false,killed before finishing
starexec,SEV626+1.p,e1b,equational,KILLED,,0.000,,,,,,,,,,,,,,,,false,killed before finishing
starexec,SEV626+1.p,e1b,first-negative,SATURATED,2838,2705.453,769.396,,,35,37,35,17,17,4,,,,,,,false,
starexec,SEV626+1.p,e1b,occurrence,KILLED,,0.000,,,,,,,,,,,,,,,,false,killed before finishing
starexec,SEV626+1.p,e1b,subsumption-light,KILLED,,0.000,,,,,,,,,,,,,,,,false,killed before finishing
starexec,SEV626+1.p,e1b,unary-redundancy,SATURATED,2838,2769.163,3411.565,,,356,626,353,152,33,11,,,,,,,false,
starexec,SEV626+1.p,e1b,weight-greedy,KILLED,,0.000,,,,,,,,,,,,,,,,false,killed before finishing
starexec,SEV627+1.p,e1b,age-fair,KILLED,,0.000,,,,,,,,,,,,,,,,false,killed before finishing
starexec,SEV627+1.p,e1b,balanced,KILLED,,0.000,,,,,,,,,,,,,,,,false,killed before finishing
starexec,SEV627+1.p,e1b,equational,REFUTED,2813,4960.154,4887.360,200.292,12170.262,1885,8617,1824,6010,190,24,1807,1289147,7646,2027,2814,false,false,
starexec,SEV627+1.p,e1b,first-negative,KILLED,,0.000,,,,,,,,,,,,,,,,false,killed before finishing
starexec,SEV627+1.p,e1b,occurrence,KILLED,,0.000,,,,,,,,,,,,,,,,false,killed before finishing
starexec,SEV627+1.p,e1b,subsumption-light,TIMEOUT,2813,1685.532,166472.003,,,25819,314523,25338,264996,106,15,,,,,,,false,
starexec,SEV627+1.p,e1b,unary-redundancy,KILLED,,0.000,,,,,,,,,,,,,,,,false,killed before finishing
starexec,SEV627+1.p,e1b,weight-greedy,KILLED,,0.000,,,,,,,,,,,,,,,,false,killed before finishing
starexec,SEV629+1.p,e1b,age-fair,KILLED,,0.000,,,,,,,,,,,,,,,,false,killed before finishing
starexec,SEV629+1.p,e1b,equational,REFUTED,2962,3715.660,1257.477,109.175,6419.585,150,310,141,143,145,21,1265,800394,5580,1824,2963,false,false,
starexec,SEV629+1.p,e1b,first-negative,KILLED,,0.000,,,,,,,,,,,,,,,,false,killed before finishing
starexec,SEV629+1.p,e1b,occurrence,KILLED,,0.000,,,,,,,,,,,,,,,,false,killed before finishing
starexec,SEV629+1.p,e1b,subsumption-light,REFUTED,2962,3194.473,963.869,64.099,3381.989,89,173,88,86,80,14,799,381366,3563,1457,2963,false,false,
starexec,SEV629+1.p,e1b,unary-redundancy,REFUTED,2962,4076.748,1344.869,87.660,4201.701,169,404,164,206,105,21,1137,696997,4401,1690,2963,false,false,
starexec,SEV629+1.p,e1b,weight-greedy,SATURATED,2962,2195.438,568.460,,,23,24,23,14,14,2,,,,,,,false,
starexec,SEV630+1.p,e1b,age-fair,KILLED,,0.000,,,,,,,,,,,,,,,,false,killed before finishing
starexec,SEV630+1.p,e1b,balanced,KILLED,,0.000,,,,,,,,,,,,,,,,false,killed before finishing
starexec,SEV630+1.p,e1b,equational,KILLED,,0.000,,,,,,,,,,,,,,,,false,killed before finishing
starexec,SEV630+1.p,e1b,first-negative,KILLED,,0.000,,,,,,,,,,,,,,,,false,killed before finishing
starexec,SEV630+1.p,e1b,occurrence,KILLED,,0.000,,,,,,,,,,,,,,,,false,killed before finishing
starexec,SEV630+1.p,e1b,subsumption-light,KILLED,,0.000,,,,,,,,,,,,,,,,false,killed before finishing
starexec,SEV630+1.p,e1b,unary-redundancy,KILLED,,0.000,,,,,,,,,,,,,,,,false,killed before finishing
starexec,SEV630+1.p,e1b,weight-greedy,KILLED,,0.000,,,,,,,,,,,,,,,,false,killed before finishing
starexec,SEV631+1.p,e1b,balanced,KILLED,,0.000,,,,,,,,,,,,,,,,false,killed before finishing
starexec,SEV631+1.p,e1b,equational,REFUTED,3117,8191.016,1897.316,196.108,33298.928,310,812,289,460,202,52,3377,6064278,22060,6762,3118,false,false,
starexec,SEV631+1.p,e1b,first-negative,REFUTED,3117,3665.464,858.164,140.792,3447.148,49,88,42,33,27,11,380,246696,2088,1761,3118,false,false,
starexec,SEV631+1.p,e1b,occurrence,KILLED,,0.000,,,,,,,,,,,,,,,,false,killed before finishing
starexec,SEV631+1.p,e1b,subsumption-light,REFUTED,3117,4706.846,1706.489,173.683,9667.651,156,354,137,176,94,23,1354,972980,7293,2358,3118,false,false,
starexec,SEV631+1.p,e1b,unary-redundancy,KILLED,,0.000,,,,,,,,,,,,,,,,false,killed before finishing
starexec,SEV631+1.p,e1b,weight-greedy,REFUTED,3117,3420.481,1013.748,163.866,4162.288,69,124,60,43,43,13,564,356875,3238,1834,3118,false,false,
starexec,SEV634+1.p,e1b,age-fair,KILLED,,0.000,,,,,,,,,,,,,,,,false,killed before finishing
starexec,SEV634+1.p,e1b,balanced,KILLED,,0.000,,,,,,,,,,,,,,,,false,killed before finishing
starexec,SEV634+1.p,e1b,equational,KILLED,,0.000,,,,,,,,,,,,,,,,false,killed before finishing
starexec,SEV634+1.p,e1b,first-negative,KILLED,,0.000,,,,,,,,,,,,,,,,false,killed before finishing
starexec,SEV634+1.p,e1b,occurrence,KILLED,,0.000,,,,,,,,,,,,,,,,false,killed before finishing
starexec,SEV634+1.p,e1b,subsumption-light,KILLED,,0.000,,,,,,,,,,,,,,,,false,killed before finishing
starexec,SEV634+1.p,e1b,unary-redundancy,KILLED,,0.000,,,,,,,,,,,,,,,,false,killed before finishing
starexec,SEV634+1.p,e1b,weight-greedy,KILLED,,0.000,,,,,,,,,,,,,,,,false,killed before finishing
starexec,SEV636+1.p,e1b,age-fair,CLAUSIFY_ERR(StackOverflowError),2935,4359.261,,,,,,,,,,,,,,,,false,
starexec,SEV636+1.p,e1b,balanced,EXHAUSTED,2935,10889.471,580.484,,,0,0,0,0,7455,2111,,,,,,,false,StackOverflowError:  at Clausal$.term$$anonfun$1:180
starexec,SEV636+1.p,e1b,equational,EXHAUSTED,2935,4685.901,540.049,,,0,0,0,0,611,93,,,,,,,false,StackOverflowError:  at Clausal$.term:173
starexec,SEV636+1.p,e1b,first-negative,SATURATED,2935,2903.834,21396.935,,,3446,79971,2861,41382,51,7,,,,,,,false,
starexec,SEV636+1.p,e1b,occurrence,CLAUSIFY_ERR(StackOverflowError),2935,3833.722,,,,,,,,,,,,,,,,false,
starexec,SEV636+1.p,e1b,subsumption-light,EXHAUSTED,2935,4747.636,515.039,,,0,0,0,0,590,92,,,,,,,false,StackOverflowError:  at Clausal$.term:173
starexec,SEV636+1.p,e1b,unary-redundancy,CLAUSIFY_ERR(StackOverflowError),2935,2881.118,,,,,,,,,,,,,,,,false,
starexec,SEV637+1.p,e1b,age-fair,KILLED,,0.000,,,,,,,,,,,,,,,,false,killed before finishing
starexec,SEV637+1.p,e1b,balanced,KILLED,,0.000,,,,,,,,,,,,,,,,false,killed before finishing
starexec,SEV637+1.p,e1b,equational,REFUTED,2981,5866.171,5301.885,141.898,17028.018,1133,26056,1096,24368,344,39,4013,3290705,14662,2647,2982,false,false,
starexec,SEV637+1.p,e1b,first-negative,SATURATED,2981,1728.420,548.401,,,41,57,40,28,28,2,,,,,,,false,
starexec,SEV637+1.p,e1b,occurrence,KILLED,,0.000,,,,,,,,,,,,,,,,false,killed before finishing
starexec,SEV637+1.p,e1b,subsumption-light,REFUTED,2981,5815.060,8428.540,136.938,12815.094,1071,26161,1038,24564,301,33,3501,2517030,12739,2390,2982,false,false,
starexec,SEV637+1.p,e1b,unary-redundancy,REFUTED,2981,6621.539,12103.280,84.910,17492.760,2903,115448,2822,110616,325,44,4071,3753046,12903,3009,2982,false,false,
starexec,SEV637+1.p,e1b,weight-greedy,REFUTED,2981,4326.153,2583.869,127.461,7916.793,388,4875,349,3930,183,15,2140,652172,7478,864,2982,false,false,
starexec,SEV640+1.p,e1b,age-fair,KILLED,,0.000,,,,,,,,,,,,,,,,false,killed before finishing
starexec,SEV640+1.p,e1b,balanced,KILLED,,0.000,,,,,,,,,,,,,,,,false,killed before finishing
starexec,SEV640+1.p,e1b,equational,KILLED,,0.000,,,,,,,,,,,,,,,,false,killed before finishing
starexec,SEV640+1.p,e1b,first-negative,SATURATED,2766,2539.233,785.296,,,22,25,22,23,23,8,,,,,,,false,
starexec,SEV640+1.p,e1b,occurrence,KILLED,,0.000,,,,,,,,,,,,,,,,false,killed before finishing
starexec,SEV640+1.p,e1b,subsumption-light,SATURATED,2766,2233.914,857.216,,,35,44,34,31,39,9,,,,,,,false,
starexec,SEV640+1.p,e1b,unary-redundancy,SATURATED,2766,2376.663,733.237,,,35,39,34,28,28,9,,,,,,,false,
starexec,SEV640+1.p,e1b,weight-greedy,KILLED,,0.000,,,,,,,,,,,,,,,,false,killed before finishing
starexec,SEV641+1.p,e1b,age-fair,KILLED,,0.000,,,,,,,,,,,,,,,,false,killed before finishing
starexec,SEV641+1.p,e1b,equational,KILLED,,0.000,,,,,,,,,,,,,,,,false,killed before finishing
starexec,SEV641+1.p,e1b,first-negative,KILLED,,0.000,,,,,,,,,,,,,,,,false,killed before finishing
starexec,SEV641+1.p,e1b,occurrence,KILLED,,0.000,,,,,,,,,,,,,,,,false,killed before finishing
starexec,SEV641+1.p,e1b,subsumption-light,KILLED,,0.000,,,,,,,,,,,,,,,,false,killed before finishing
starexec,SEV641+1.p,e1b,unary-redundancy,KILLED,,0.000,,,,,,,,,,,,,,,,false,killed before finishing
starexec,SEV641+1.p,e1b,weight-greedy,KILLED,,0.000,,,,,,,,,,,,,,,,false,killed before finishing
starexec,SEV643+1.p,e1b,balanced,KILLED,,0.000,,,,,,,,,,,,,,,,false,killed before finishing
starexec,SEV643+1.p,e1b,equational,KILLED,,0.000,,,,,,,,,,,,,,,,false,killed before finishing
starexec,SEV643+1.p,e1b,first-negative,SATURATED,2960,2952.909,720.749,,,85,133,82,57,57,8,,,,,,,false,
starexec,SEV643+1.p,e1b,occurrence,KILLED,,0.000,,,,,,,,,,,,,,,,false,killed before finishing
starexec,SEV643+1.p,e1b,subsumption-light,REFUTED,2960,6312.887,2894.363,109.764,37653.651,612,4016,593,3086,323,58,5003,7421973,25501,4770,2961,false,false,
starexec,SEV643+1.p,e1b,unary-redundancy,KILLED,,0.000,,,,,,,,,,,,,,,,false,killed before finishing
starexec,SEV643+1.p,e1b,weight-greedy,KILLED,,0.000,,,,,,,,,,,,,,,,false,killed before finishing
starexec,SEV644+1.p,e1b,age-fair,KILLED,,0.000,,,,,,,,,,,,,,,,false,killed before finishing
starexec,SEV644+1.p,e1b,balanced,KILLED,,0.000,,,,,,,,,,,,,,,,false,killed before finishing
starexec,SEV644+1.p,e1b,equational,REFUTED,2363,3876.246,787.962,110.735,6387.272,4,83,4,83,98,6,3357,804921,23600,575,2364,false,false,
starexec,SEV644+1.p,e1b,first-negative,CLAUSIFY_ERR(IllegalArgumentException),2363,2592.435,,,,,,,,5,2,,,,,,,false,
starexec,SEV644+1.p,e1b,occurrence,CLAUSIFY_ERR(IllegalArgumentException),2363,4969.644,,,,,,,,81,5,,,,,,,false,
starexec,SEV644+1.p,e1b,subsumption-light,REFUTED,2363,4007.363,1563.506,98.606,6816.366,4,83,4,83,98,6,3357,804921,23600,575,2364,false,false,
starexec,SEV644+1.p,e1b,unary-redundancy,CLAUSIFY_ERR(IllegalArgumentException),2363,5026.702,,,,,,,,81,5,,,,,,,false,
starexec,SEV644+1.p,e1b,weight-greedy,REFUTED,2363,3731.992,750.129,101.851,6007.455,3,76,3,76,91,3,3257,745943,23100,548,2364,false,false,
starexec,SEV645+1.p,e1b,age-fair,KILLED,,0.000,,,,,,,,,,,,,,,,false,killed before finishing
starexec,SEV645+1.p,e1b,first-negative,KILLED,,0.000,,,,,,,,,,,,,,,,false,killed before finishing
starexec,SEV645+1.p,e1b,occurrence,KILLED,,0.000,,,,,,,,,,,,,,,,false,killed before finishing
starexec,SEV645+1.p,e1b,subsumption-light,KILLED,,0.000,,,,,,,,,,,,,,,,false,killed before finishing
starexec,SEV645+1.p,e1b,unary-redundancy,KILLED,,0.000,,,,,,,,,,,,,,,,false,killed before finishing
starexec,SEV646+1.p,e1b,age-fair,KILLED,,0.000,,,,,,,,,,,,,,,,false,killed before finishing
starexec,SEV646+1.p,e1b,balanced,KILLED,,0.000,,,,,,,,,,,,,,,,false,killed before finishing
starexec,SEV646+1.p,e1b,equational,REFUTED,3067,7765.782,3117.053,175.889,48307.746,783,4013,775,3096,268,66,3708,6341738,17534,4991,3068,false,false,
starexec,SEV646+1.p,e1b,first-negative,SATURATED,3067,2670.434,1085.249,,,109,115,109,34,16,3,,,,,,,false,
starexec,SEV646+1.p,e1b,occurrence,KILLED,,0.000,,,,,,,,,,,,,,,,false,killed before finishing
starexec,SEV646+1.p,e1b,subsumption-light,REFUTED,3067,4618.071,3256.809,163.427,10917.889,301,1229,299,874,128,22,2139,1094171,10059,2056,3068,false,false,
starexec,SEV646+1.p,e1b,unary-redundancy,REFUTED,3067,6107.194,3458.956,167.521,13584.067,410,1780,407,1309,159,32,2636,1879426,11165,2512,3068,false,false,
starexec,SEV646+1.p,e1b,weight-greedy,REFUTED,3067,2947.896,3827.655,164.535,2693.090,342,10090,328,6696,52,4,842,125053,3743,511,3068,false,false,
starexec,SEV650+1.p,e1b,age-fair,KILLED,,0.000,,,,,,,,,,,,,,,,false,killed before finishing
starexec,SEV650+1.p,e1b,balanced,KILLED,,0.000,,,,,,,,,,,,,,,,false,killed before finishing
starexec,SEV650+1.p,e1b,equational,KILLED,,0.000,,,,,,,,,,,,,,,,false,killed before finishing
starexec,SEV650+1.p,e1b,first-negative,SATURATED,3015,2848.111,2109.924,,,516,619,460,223,40,3,,,,,,,false,
starexec,SEV650+1.p,e1b,occurrence,KILLED,,0.000,,,,,,,,,,,,,,,,false,killed before finishing
starexec,SEV650+1.p,e1b,subsumption-light,KILLED,,0.000,,,,,,,,,,,,,,,,false,killed before finishing
starexec,SEV650+1.p,e1b,unary-redundancy,KILLED,,0.000,,,,,,,,,,,,,,,,false,killed before finishing
starexec,SEV650+1.p,e1b,weight-greedy,KILLED,,0.000,,,,,,,,,,,,,,,,false,killed before finishing
starexec,SEV651+1.p,e1b,age-fair,KILLED,,0.000,,,,,,,,,,,,,,,,false,killed before finishing
starexec,SEV651+1.p,e1b,balanced,KILLED,,0.000,,,,,,,,,,,,,,,,false,killed before finishing
starexec,SEV651+1.p,e1b,equational,TIMEOUT,2743,2742.576,166669.063,,,31391,3254454,30684,3174034,422,55,,,,,,,false,
starexec,SEV651+1.p,e1b,first-negative,KILLED,,0.000,,,,,,,,,,,,,,,,false,killed before finishing
starexec,SEV651+1.p,e1b,occurrence,KILLED,,0.000,,,,,,,,,,,,,,,,false,killed before finishing
starexec,SEV651+1.p,e1b,subsumption-light,KILLED,,0.000,,,,,,,,,,,,,,,,false,killed before finishing
starexec,SEV651+1.p,e1b,unary-redundancy,KILLED,,0.000,,,,,,,,,,,,,,,,false,killed before finishing
starexec,SEV651+1.p,e1b,weight-greedy,TIMEOUT,2743,2061.454,166458.609,,,13219,7435203,10906,7283068,169,15,,,,,,,false,
starexec,SEV654+1.p,e1b,equational,KILLED,,0.000,,,,,,,,,,,,,,,,false,killed before finishing
starexec,SEV654+1.p,e1b,first-negative,TIMEOUT,3190,2074.539,166433.508,,,10696,6653415,8852,6531434,45,12,,,,,,,false,
starexec,SEV654+1.p,e1b,occurrence,KILLED,,0.000,,,,,,,,,,,,,,,,false,killed before finishing
starexec,SEV654+1.p,e1b,subsumption-light,TIMEOUT,3190,2553.843,166561.094,,,24000,793161,23436,742011,283,72,,,,,,,false,
starexec,SEV654+1.p,e1b,unary-redundancy,KILLED,,0.000,,,,,,,,,,,,,,,,false,killed before finishing
starexec,SEV654+1.p,e1b,weight-greedy,KILLED,,0.000,,,,,,,,,,,,,,,,false,killed before finishing
starexec,SEV655+1.p,e1b,age-fair,KILLED,,0.000,,,,,,,,,,,,,,,,false,killed before finishing
starexec,SEV655+1.p,e1b,balanced,KILLED,,0.000,,,,,,,,,,,,,,,,false,killed before finishing
starexec,SEV655+1.p,e1b,equational,KILLED,,0.000,,,,,,,,,,,,,,,,false,killed before finishing
starexec,SEV655+1.p,e1b,first-negative,KILLED,,0.000,,,,,,,,,,,,,,,,false,killed before finishing
starexec,SEV655+1.p,e1b,occurrence,KILLED,,0.000,,,,,,,,,,,,,,,,false,killed before finishing
starexec,SEV655+1.p,e1b,subsumption-light,KILLED,,0.000,,,,,,,,,,,,,,,,false,killed before finishing
starexec,SEV655+1.p,e1b,unary-redundancy,KILLED,,0.000,,,,,,,,,,,,,,,,false,killed before finishing
starexec,SEV655+1.p,e1b,weight-greedy,KILLED,,0.000,,,,,,,,,,,,,,,,false,killed before finishing
starexec,SEV656+1.p,e1b,age-fair,KILLED,,0.000,,,,,,,,,,,,,,,,false,killed before finishing
starexec,SEV656+1.p,e1b,balanced,KILLED,,0.000,,,,,,,,,,,,,,,,false,killed before finishing
starexec,SEV656+1.p,e1b,equational,KILLED,,0.000,,,,,,,,,,,,,,,,false,killed before finishing
starexec,SEV656+1.p,e1b,first-negative,KILLED,,0.000,,,,,,,,,,,,,,,,false,killed before finishing
starexec,SEV656+1.p,e1b,occurrence,KILLED,,0.000,,,,,,,,,,,,,,,,false,killed before finishing
starexec,SEV656+1.p,e1b,subsumption-light,KILLED,,0.000,,,,,,,,,,,,,,,,false,killed before finishing
starexec,SEV656+1.p,e1b,unary-redundancy,KILLED,,0.000,,,,,,,,,,,,,,,,false,killed before finishing
starexec,SEV656+1.p,e1b,weight-greedy,KILLED,,0.000,,,,,,,,,,,,,,,,false,killed before finishing
starexec,SEV657+1.p,e1b,age-fair,KILLED,,0.000,,,,,,,,,,,,,,,,false,killed before finishing
starexec,SEV657+1.p,e1b,balanced,KILLED,,0.000,,,,,,,,,,,,,,,,false,killed before finishing
starexec,SEV657+1.p,e1b,first-negative,SATURATED,3067,3165.797,1369.895,,,212,227,212,44,34,2,,,,,,,false,
starexec,SEV657+1.p,e1b,occurrence,KILLED,,0.000,,,,,,,,,,,,,,,,false,killed before finishing
starexec,SEV657+1.p,e1b,subsumption-light,KILLED,,0.000,,,,,,,,,,,,,,,,false,killed before finishing
starexec,SEV657+1.p,e1b,unary-redundancy,KILLED,,0.000,,,,,,,,,,,,,,,,false,killed before finishing
starexec,SEV657+1.p,e1b,weight-greedy,KILLED,,0.000,,,,,,,,,,,,,,,,false,killed before finishing
starexec,SEV658+1.p,e1b,age-fair,KILLED,,0.000,,,,,,,,,,,,,,,,false,killed before finishing
starexec,SEV658+1.p,e1b,balanced,KILLED,,0.000,,,,,,,,,,,,,,,,false,killed before finishing
starexec,SEV658+1.p,e1b,equational,KILLED,,0.000,,,,,,,,,,,,,,,,false,killed before finishing
starexec,SEV658+1.p,e1b,first-negative,KILLED,,0.000,,,,,,,,,,,,,,,,false,killed before finishing
starexec,SEV658+1.p,e1b,occurrence,KILLED,,0.000,,,,,,,,,,,,,,,,false,killed before finishing
starexec,SEV658+1.p,e1b,subsumption-light,KILLED,,0.000,,,,,,,,,,,,,,,,false,killed before finishing
starexec,SEV658+1.p,e1b,unary-redundancy,KILLED,,0.000,,,,,,,,,,,,,,,,false,killed before finishing
starexec,SEV658+1.p,e1b,weight-greedy,KILLED,,0.000,,,,,,,,,,,,,,,,false,killed before finishing
starexec,SEV660+1.p,e1b,age-fair,KILLED,,0.000,,,,,,,,,,,,,,,,false,killed before finishing
starexec,SEV660+1.p,e1b,balanced,KILLED,,0.000,,,,,,,,,,,,,,,,false,killed before finishing
starexec,SEV660+1.p,e1b,first-negative,TIMEOUT,2689,1868.476,166324.215,,,3106,5957174,3061,5946599,29,8,,,,,,,false,
starexec,SEV660+1.p,e1b,occurrence,KILLED,,0.000,,,,,,,,,,,,,,,,false,killed before finishing
starexec,SEV660+1.p,e1b,subsumption-light,REFUTED,2689,3193.610,16707.963,115.764,12871.681,2101,240566,2050,237076,90,28,1317,2011270,7759,9152,2690,false,false,
starexec,SEV660+1.p,e1b,unary-redundancy,KILLED,,0.000,,,,,,,,,,,,,,,,false,killed before finishing
starexec,SEV660+1.p,e1b,weight-greedy,REFUTED,2689,2082.774,3340.659,149.711,2865.592,1170,22754,1067,19011,48,11,726,400956,3165,2126,2690,false,false,
starexec,SEV661+1.p,e1b,age-fair,KILLED,,0.000,,,,,,,,,,,,,,,,false,killed before finishing
starexec,SEV661+1.p,e1b,balanced,KILLED,,0.000,,,,,,,,,,,,,,,,false,killed before finishing
starexec,SEV661+1.p,e1b,equational,REFUTED,2456,4594.991,1793.641,199.336,10825.107,278,535,253,168,151,22,2546,1091707,12888,1571,2457,false,false,
starexec,SEV661+1.p,e1b,first-negative,SATURATED,2456,2296.613,624.346,,,14,18,14,11,11,0,,,,,,,false,
starexec,SEV661+1.p,e1b,occurrence,KILLED,,0.000,,,,,,,,,,,,,,,,false,killed before finishing
starexec,SEV661+1.p,e1b,subsumption-light,REFUTED,2456,3430.532,1405.458,192.844,4700.398,147,297,128,116,89,13,1043,406110,4488,1186,2457,false,false,
starexec,SEV661+1.p,e1b,unary-redundancy,KILLED,,0.000,,,,,,,,,,,,,,,,false,killed before finishing
starexec,SEV661+1.p,e1b,weight-greedy,SATURATED,2456,2425.416,840.163,,,46,62,34,37,42,3,,,,,,,false,
starexec,SEV667+1.p,e1b,age-fair,KILLED,,0.000,,,,,,,,,,,,,,,,false,killed before finishing
starexec,SEV667+1.p,e1b,balanced,KILLED,,0.000,,,,,,,,,,,,,,,,false,killed before finishing
starexec,SEV667+1.p,e1b,equational,REFUTED,2862,4489.642,3551.162,173.097,12908.354,838,6084,830,5020,118,27,1497,1518783,7280,3818,2863,false,false,
starexec,SEV667+1.p,e1b,first-negative,SATURATED,2862,1590.339,412.559,,,20,23,20,11,11,2,,,,,,,false,
starexec,SEV667+1.p,e1b,occurrence,KILLED,,0.000,,,,,,,,,,,,,,,,false,killed before finishing
starexec,SEV667+1.p,e1b,subsumption-light,KILLED,,0.000,,,,,,,,,,,,,,,,false,killed before finishing
starexec,SEV667+1.p,e1b,unary-redundancy,KILLED,,0.000,,,,,,,,,,,,,,,,false,killed before finishing
starexec,SEV667+1.p,e1b,weight-greedy,KILLED,,0.000,,,,,,,,,,,,,,,,false,killed before finishing
starexec,SEV668+1.p,e1b,age-fair,KILLED,,0.000,,,,,,,,,,,,,,,,false,killed before finishing
starexec,SEV668+1.p,e1b,balanced,KILLED,,0.000,,,,,,,,,,,,,,,,false,killed before finishing
starexec,SEV668+1.p,e1b,equational,KILLED,,0.000,,,,,,,,,,,,,,,,false,killed before finishing
starexec,SEV668+1.p,e1b,first-negative,REFUTED,2820,2006.645,448.593,51.697,1738.791,9,24,9,21,21,12,302,144746,1708,996,2821,false,false,
starexec,SEV668+1.p,e1b,occurrence,KILLED,,0.000,,,,,,,,,,,,,,,,false,killed before finishing
starexec,SEV668+1.p,e1b,subsumption-light,REFUTED,2820,1713.152,449.547,48.987,1660.993,9,24,9,21,21,12,296,142393,1635,986,2821,false,false,
starexec,SEV668+1.p,e1b,unary-redundancy,REFUTED,2820,1840.354,433.237,47.398,1541.054,9,24,9,21,21,12,302,144746,1708,996,2821,false,false,
starexec,SEV668+1.p,e1b,weight-greedy,REFUTED,2820,1713.885,398.847,24.182,1510.895,13,22,13,21,21,12,296,142393,1635,986,2821,false,false,
starexec,SEV671+1.p,e1b,age-fair,KILLED,,0.000,,,,,,,,,,,,,,,,false,killed before finishing
starexec,SEV671+1.p,e1b,balanced,KILLED,,0.000,,,,,,,,,,,,,,,,false,killed before finishing
starexec,SEV671+1.p,e1b,equational,KILLED,,0.000,,,,,,,,,,,,,,,,false,killed before finishing
starexec,SEV671+1.p,e1b,occurrence,KILLED,,0.000,,,,,,,,,,,,,,,,false,killed before finishing
starexec,SEV671+1.p,e1b,subsumption-light,KILLED,,0.000,,,,,,,,,,,,,,,,false,killed before finishing
starexec,SEV671+1.p,e1b,unary-redundancy,KILLED,,0.000,,,,,,,,,,,,,,,,false,killed before finishing
starexec,SEV671+1.p,e1b,weight-greedy,KILLED,,0.000,,,,,,,,,,,,,,,,false,killed before finishing
starexec,SEV673+1.p,e1b,age-fair,KILLED,,0.000,,,,,,,,,,,,,,,,false,killed before finishing
starexec,SEV673+1.p,e1b,balanced,KILLED,,0.000,,,,,,,,,,,,,,,,false,killed before finishing
starexec,SEV673+1.p,e1b,equational,KILLED,,0.000,,,,,,,,,,,,,,,,false,killed before finishing
starexec,SEV673+1.p,e1b,first-negative,TIMEOUT,2701,1673.584,166294.939,,,27098,793133,26751,581253,46,8,,,,,,,false,
starexec,SEV673+1.p,e1b,occurrence,KILLED,,0.000,,,,,,,,,,,,,,,,false,killed before finishing
starexec,SEV673+1.p,e1b,subsumption-light,KILLED,,0.000,,,,,,,,,,,,,,,,false,killed before finishing
starexec,SEV673+1.p,e1b,unary-redundancy,KILLED,,0.000,,,,,,,,,,,,,,,,false,killed before finishing
starexec,SEV673+1.p,e1b,weight-greedy,TIMEOUT,2701,1961.338,166938.947,,,21293,14137869,18673,13888498,279,25,,,,,,,false,
starexec,SEV675+1.p,e1b,age-fair,KILLED,,0.000,,,,,,,,,,,,,,,,false,killed before finishing
starexec,SEV675+1.p,e1b,balanced,KILLED,,0.000,,,,,,,,,,,,,,,,false,killed before finishing
starexec,SEV675+1.p,e1b,equational,KILLED,,0.000,,,,,,,,,,,,,,,,false,killed before finishing
starexec,SEV675+1.p,e1b,first-negative,SATURATED,3187,2976.568,942.206,,,57,59,55,49,50,2,,,,,,,false,
starexec,SEV675+1.p,e1b,occurrence,KILLED,,0.000,,,,,,,,,,,,,,,,false,killed before finishing
starexec,SEV675+1.p,e1b,subsumption-light,KILLED,,0.000,,,,,,,,,,,,,,,,false,killed before finishing
starexec,SEV675+1.p,e1b,unary-redundancy,KILLED,,0.000,,,,,,,,,,,,,,,,false,killed before finishing
starexec,SEV675+1.p,e1b,weight-greedy,KILLED,,0.000,,,,,,,,,,,,,,,,false,killed before finishing
starexec,SEV676+1.p,e1b,age-fair,KILLED,,0.000,,,,,,,,,,,,,,,,false,killed before finishing
starexec,SEV676+1.p,e1b,first-negative,KILLED,,0.000,,,,,,,,,,,,,,,,false,killed before finishing
starexec,SEV676+1.p,e1b,occurrence,KILLED,,0.000,,,,,,,,,,,,,,,,false,killed before finishing
starexec,SEV676+1.p,e1b,subsumption-light,KILLED,,0.000,,,,,,,,,,,,,,,,false,killed before finishing
starexec,SEV676+1.p,e1b,unary-redundancy,KILLED,,0.000,,,,,,,,,,,,,,,,false,killed before finishing
starexec,SEV676+1.p,e1b,weight-greedy,KILLED,,0.000,,,,,,,,,,,,,,,,false,killed before finishing
starexec,SEV677+1.p,e1b,age-fair,KILLED,,0.000,,,,,,,,,,,,,,,,false,killed before finishing
starexec,SEV677+1.p,e1b,balanced,KILLED,,0.000,,,,,,,,,,,,,,,,false,killed before finishing
starexec,SEV677+1.p,e1b,equational,KILLED,,0.000,,,,,,,,,,,,,,,,false,killed before finishing
starexec,SEV677+1.p,e1b,first-negative,SATURATED,3185,2849.409,771.787,,,20,22,20,14,14,5,,,,,,,false,
starexec,SEV677+1.p,e1b,occurrence,KILLED,,0.000,,,,,,,,,,,,,,,,false,killed before finishing
starexec,SEV677+1.p,e1b,subsumption-light,REFUTED,3185,7639.722,4071.906,216.149,30042.678,640,3380,599,2554,243,46,3661,3785472,17351,3519,3186,false,false,
starexec,SEV677+1.p,e1b,unary-redundancy,KILLED,,0.000,,,,,,,,,,,,,,,,false,killed before finishing
starexec,SEV677+1.p,e1b,weight-greedy,REFUTED,3185,2966.034,964.937,109.720,2233.430,61,145,59,66,38,6,487,87426,1633,712,3186,false,false,
starexec,SEV678+1.p,e1b,age-fair,KILLED,,0.000,,,,,,,,,,,,,,,,false,killed before finishing
starexec,SEV678+1.p,e1b,balanced,KILLED,,0.000,,,,,,,,,,,,,,,,false,killed before finishing
starexec,SEV678+1.p,e1b,equational,REFUTED,2924,3678.309,620.637,75.759,17989.512,21,246,21,242,262,44,3254,2575965,11650,2230,2925,false,false,
starexec,SEV678+1.p,e1b,first-negative,REFUTED,2924,1669.191,397.486,43.719,475.995,9,16,9,14,14,1,223,14477,484,365,2925,false,false,
starexec,SEV678+1.p,e1b,occurrence,REFUTED,2924,4183.744,606.874,67.428,14934.850,17,242,17,238,247,44,3286,2527604,10170,2242,2925,false,false,
starexec,SEV678+1.p,e1b,subsumption-light,REFUTED,2924,3416.550,755.476,77.488,16375.605,25,231,25,226,246,44,3010,2430509,10861,2230,2925,false,false,
starexec,SEV678+1.p,e1b,unary-redundancy,REFUTED,2924,4197.005,734.589,63.872,15652.203,24,244,24,238,247,44,3286,2527604,10170,2242,2925,false,false,
starexec,SEV678+1.p,e1b,weight-greedy,REFUTED,2924,1905.318,471.062,46.969,1446.130,14,89,14,86,97,6,1001,126829,3284,426,2925,false,false,
starexec,SEV679+1.p,e1b,equational,KILLED,,0.000,,,,,,,,,,,,,,,,false,killed before finishing
starexec,SEV679+1.p,e1b,first-negative,REFUTED,3356,4959.924,7664.498,198.656,7335.542,2566,35493,2370,29164,70,16,1074,804872,4891,2379,3357,false,false,
starexec,SEV679+1.p,e1b,occurrence,KILLED,,0.000,,,,,,,,,,,,,,,,false,killed before finishing
starexec,SEV679+1.p,e1b,subsumption-light,KILLED,,0.000,,,,,,,,,,,,,,,,false,killed before finishing
starexec,SEV679+1.p,e1b,unary-redundancy,KILLED,,0.000,,,,,,,,,,,,,,,,false,killed before finishing
starexec,SEV679+1.p,e1b,weight-greedy,KILLED,,0.000,,,,,,,,,,,,,,,,false,killed before finishing
starexec,SWB012+1.p,e1b,age-fair,KILLED,,0.000,,,,,,,,,,,,,,,,false,killed before finishing
starexec,SWB012+1.p,e1b,balanced,TIMEOUT,559,3437.321,166670.633,,,39034,8137860,38538,8076090,1392,275,,,,,,,false,
starexec,SWB012+1.p,e1b,first-negative,SATURATED,559,1605.394,582.387,,,13,14,13,13,13,3,,,,,,,false,
starexec,SWB012+1.p,e1b,occurrence,KILLED,,0.000,,,,,,,,,,,,,,,,false,killed before finishing
starexec,SWB012+1.p,e1b,subsumption-light,KILLED,,0.000,,,,,,,,,,,,,,,,false,killed before finishing
starexec,SWB012+1.p,e1b,unary-redundancy,KILLED,,0.000,,,,,,,,,,,,,,,,false,killed before finishing
starexec,SWB012+1.p,e1b,weight-greedy,SATURATED,559,1684.297,1738.427,,,264,1597,216,279,42,8,,,,,,,false,
starexec,SWB013+2.p,e1b,age-fair,TIMEOUT,8,1242.543,166284.470,,,24388,5134404,24333,5104101,56,17,,,,,,,false,
starexec,SWB013+2.p,e1b,balanced,TIMEOUT,8,943.380,166242.462,,,24561,7732335,24283,7699971,62,19,,,,,,,false,
starexec,SWB013+2.p,e1b,equational,TIMEOUT,8,959.518,166285.560,,,24225,7643090,23945,7610956,62,19,,,,,,,false,
starexec,SWB013+2.p,e1b,first-negative,REFUTED,8,1573.715,2287.245,77.773,2482.766,1801,10481,1777,8157,56,17,652,787195,3395,3131,9,false,false,
starexec,SWB013+2.p,e1b,occurrence,REFUTED,8,1730.926,32450.529,119.375,3721.143,10725,979806,10412,949415,56,17,658,799086,3413,3131,9,false,false,
starexec,SWB013+2.p,e1b,subsumption-light,TIMEOUT,8,953.024,166400.558,,,9678,1446554,9502,1434776,62,19,,,,,,,false,
starexec,SWB013+2.p,e1b,unary-redundancy,TIMEOUT,8,1153.486,166314.852,,,10169,1405735,10010,1388559,56,17,,,,,,,false,
starexec,SWB013+2.p,e1b,weight-greedy,TIMEOUT,8,956.492,166254.354,,,35680,1132711,35586,1089427,62,19,,,,,,,false,
starexec,SWB017+1.p,e1b,age-fair,KILLED,,0.000,,,,,,,,,,,,,,,,false,killed before finishing
starexec,SWB017+1.p,e1b,balanced,KILLED,,0.000,,,,,,,,,,,,,,,,false,killed before finishing
starexec,SWB017+1.p,e1b,equational,REFUTED,559,2450.654,1715.567,154.336,2537.626,401,1459,395,739,115,10,891,215486,2472,668,560,false,false,
starexec,SWB017+1.p,e1b,first-negative,SATURATED,559,1279.776,438.522,,,7,7,7,6,6,0,,,,,,,false,
starexec,SWB017+1.p,e1b,occurrence,KILLED,,0.000,,,,,,,,,,,,,,,,false,killed before finishing
starexec,SWB017+1.p,e1b,subsumption-light,REFUTED,559,2154.121,1386.462,140.938,1856.267,214,658,210,294,73,7,607,109177,1625,546,560,false,false,
starexec,SWB017+1.p,e1b,unary-redundancy,REFUTED,559,5729.185,3475.841,111.634,27136.053,601,1824,597,915,357,43,3272,4179734,11951,3212,560,false,false,
starexec,SWB017+1.p,e1b,weight-greedy,SATURATED,559,1289.301,510.213,,,8,20,7,16,16,1,,,,,,,false,
starexec,SWB020+1.p,e1b,age-fair,KILLED,,0.000,,,,,,,,,,,,,,,,false,killed before finishing
starexec,SWB020+1.p,e1b,balanced,TIMEOUT,559,2589.868,166455.009,,,47418,14850926,46616,14776160,1394,278,,,,,,,false,
starexec,SWB020+1.p,e1b,equational,TIMEOUT,559,2716.212,166579.851,,,35561,3166036,34577,3041991,349,36,,,,,,,false,
starexec,SWB020+1.p,e1b,first-negative,SATURATED,559,1600.715,464.644,,,11,14,11,14,14,1,,,,,,,false,
starexec,SWB020+1.p,e1b,occurrence,KILLED,,0.000,,,,,,,,,,,,,,,,false,killed before finishing
starexec,SWB020+1.p,e1b,subsumption-light,TIMEOUT,559,2659.740,166981.804,,,19449,1898046,19292,1825305,324,33,,,,,,,false,
starexec,SWB020+1.p,e1b,unary-redundancy,KILLED,,0.000,,,,,,,,,,,,,,,,false,killed before finishing
starexec,SWB020+1.p,e1b,weight-greedy,TIMEOUT,559,1797.573,166487.913,,,13408,968111,13383,903745,57,8,,,,,,,false,
starexec,SWB021+2.p,e1b,age-fair,TIMEOUT,7,2374.295,166618.300,,,14658,781721,11890,716782,69,19,,,,,,,false,
starexec,SWB021+2.p,e1b,balanced,TIMEOUT,7,1000.471,166318.333,,,18108,5790825,15015,5605342,78,17,,,,,,,false,
starexec,SWB021+2.p,e1b,equational,REFUTED,7,2506.803,44766.145,183.760,5520.574,7822,1207169,6284,1153136,78,17,753,1389888,3338,3856,8,false,false,
starexec,SWB021+2.p,e1b,first-negative,TIMEOUT,7,2656.429,166715.767,,,41357,2157850,37248,2074240,69,19,,,,,,,false,
starexec,SWB021+2.p,e1b,occurrence,REFUTED,7,3808.896,14948.193,262.341,10389.218,2855,149922,2532,142100,69,19,876,1667822,3937,4096,8,false,false,
starexec,SWB021+2.p,e1b,subsumption-light,TIMEOUT,7,1739.672,166732.246,,,7854,1381378,7160,1328194,78,17,,,,,,,false,
starexec,SWB021+2.p,e1b,unary-redundancy,REFUTED,7,3304.864,48473.986,188.740,5329.008,4859,300990,4364,287485,69,19,871,1664845,3936,4096,8,false,false,
starexec,SWB021+2.p,e1b,weight-greedy,REFUTED,7,2480.700,3286.307,215.449,6864.584,1308,5957,644,1529,78,17,855,1614724,3384,3856,8,false,false,
starexec,SWB023+1.p,e1b,age-fair,KILLED,,0.000,,,,,,,,,,,,,,,,false,killed before finishing
starexec,SWB023+1.p,e1b,balanced,TIMEOUT,559,3103.556,166683.374,,,40772,8484674,40326,8419260,1386,273,,,,,,,false,
starexec,SWB023+1.p,e1b,equational,REFUTED,559,3644.599,2245.657,153.088,9827.497,641,2282,611,1099,165,20,1307,732944,4776,1961,560,false,false,
starexec,SWB023+1.p,e1b,first-negative,SATURATED,559,1612.692,431.218,,,15,16,14,13,13,2,,,,,,,false,
starexec,SWB023+1.p,e1b,occurrence,KILLED,,0.000,,,,,,,,,,,,,,,,false,killed before finishing
starexec,SWB023+1.p,e1b,subsumption-light,REFUTED,559,3438.932,2221.874,157.468,8268.380,474,1225,437,385,135,17,1087,549811,4117,1839,560,false,false,
starexec,SWB023+1.p,e1b,unary-redundancy,REFUTED,559,7104.003,10036.687,214.902,49459.051,1920,9022,1880,5433,363,46,3362,4668732,12142,3432,560,false,false,
starexec,SWB023+1.p,e1b,weight-greedy,REFUTED,559,2642.401,988.958,157.697,5936.873,120,231,97,84,93,14,781,362422,3288,1713,560,false,false,
starexec,SWB027+1.p,e1b,age-fair,KILLED,,0.000,,,,,,,,,,,,,,,,false,killed before finishing
starexec,SWB027+1.p,e1b,balanced,TIMEOUT,559,2096.349,166453.530,,,47013,14669086,46612,14594444,1385,274,,,,,,,false,
starexec,SWB027+1.p,e1b,equational,TIMEOUT,559,2623.336,166615.673,,,23779,9430756,23049,9387108,521,118,,,,,,,false,
starexec,SWB027+1.p,e1b,first-negative,SATURATED,559,1809.707,2312.294,,,366,2905,238,1153,27,6,,,,,,,false,
starexec,SWB027+1.p,e1b,occurrence,KILLED,,0.000,,,,,,,,,,,,,,,,false,killed before finishing
starexec,SWB027+1.p,e1b,subsumption-light,TIMEOUT,559,1626.888,166461.580,,,23171,1376437,22339,1341707,166,32,,,,,,,false,
starexec,SWB027+1.p,e1b,unary-redundancy,TIMEOUT,559,2880.978,166653.512,,,20951,938847,20205,890318,401,63,,,,,,,false,
starexec,SWB027+1.p,e1b,weight-greedy,TIMEOUT,559,1460.248,166408.015,,,48972,2290728,44880,2204985,110,27,,,,,,,false,
starexec,SWB032+1.p,e1b,age-fair,KILLED,,0.000,,,,,,,,,,,,,,,,false,killed before finishing
starexec,SWB032+1.p,e1b,balanced,TIMEOUT,558,3323.369,166641.461,,,40333,9066242,40029,9001760,1379,271,,,,,,,false,
starexec,SWB032+1.p,e1b,equational,TIMEOUT,558,2192.413,166600.857,,,38515,2578062,36900,2484278,274,14,,,,,,,false,
starexec,SWB032+1.p,e1b,first-negative,SATURATED,558,1762.421,371.041,,,28,33,28,33,33,2,,,,,,,false,
starexec,SWB032+1.p,e1b,occurrence,KILLED,,0.000,,,,,,,,,,,,,,,,false,killed before finishing
starexec,SWB032+1.p,e1b,subsumption-light,REFUTED,558,3209.737,18101.382,159.629,6820.733,4761,40423,4684,27597,233,11,1890,492512,3966,672,559,false,false,
starexec,SWB032+1.p,e1b,unary-redundancy,REFUTED,558,7097.385,30365.593,120.918,42554.913,6570,94250,5984,69611,398,42,3687,4729012,12160,3173,559,false,false,
starexec,SWB032+1.p,e1b,weight-greedy,REFUTED,558,2472.449,1754.160,114.570,5333.220,677,2100,650,595,101,10,972,255725,2439,662,559,false,false,
starexec,SWB040+1.p,e1b,age-fair,KILLED,,0.000,,,,,,,,,,,,,,,,false,killed before finishing
starexec,SWB040+1.p,e1b,balanced,TIMEOUT,559,3321.935,166643.334,,,38873,8448365,38571,8386307,1382,271,,,,,,,false,
starexec,SWB040+1.p,e1b,equational,TIMEOUT,559,2056.943,166612.204,,,37199,2107379,35554,2022073,223,12,,,,,,,false,
starexec,SWB040+1.p,e1b,first-negative,SATURATED,559,1494.752,313.460,,,11,14,11,14,14,1,,,,,,,false,
starexec,SWB040+1.p,e1b,occurrence,KILLED,,0.000,,,,,,,,,,,,,,,,false,killed before finishing
starexec,SWB040+1.p,e1b,subsumption-light,REFUTED,559,2885.282,12523.910,117.745,5918.232,3021,29120,2961,20260,198,9,1551,326200,3420,588,560,false,false,
starexec,SWB040+1.p,e1b,unary-redundancy,REFUTED,559,6505.768,94392.139,136.773,38946.543,6311,57074,6033,37746,351,41,3226,4042352,11677,3133,560,false,false,
starexec,SWB040+1.p,e1b,weight-greedy,TIMEOUT,559,1464.088,166273.085,,,13188,951997,13163,888279,57,8,,,,,,,false,
starexec,SWB042+1.p,e1b,age-fair,KILLED,,0.000,,,,,,,,,,,,,,,,false,killed before finishing
starexec,SWB042+1.p,e1b,equational,KILLED,,0.000,,,,,,,,,,,,,,,,false,killed before finishing
starexec,SWB042+1.p,e1b,first-negative,SATURATED,559,2717.933,686.181,,,49,52,49,32,32,14,,,,,,,false,
starexec,SWB042+1.p,e1b,occurrence,KILLED,,0.000,,,,,,,,,,,,,,,,false,killed before finishing
starexec,SWB042+1.p,e1b,subsumption-light,TIMEOUT,559,3074.037,167037.738,,,16901,324976,16603,300294,296,56,,,,,,,false,
starexec,SWB042+1.p,e1b,unary-redundancy,KILLED,,0.000,,,,,,,,,,,,,,,,false,killed before finishing
starexec,SWB042+1.p,e1b,weight-greedy,TIMEOUT,559,1971.638,167095.469,,,1614,3092,1614,779,47,13,,,,,,,false,
starexec,SWB046+1.p,e1b,age-fair,KILLED,,0.000,,,,,,,,,,,,,,,,false,killed before finishing
starexec,SWB046+1.p,e1b,equational,KILLED,,0.000,,,,,,,,,,,,,,,,false,killed before finishing
starexec,SWB046+1.p,e1b,first-negative,SATURATED,559,1742.959,2070.388,,,310,2894,182,960,21,3,,,,,,,false,
starexec,SWB046+1.p,e1b,occurrence,KILLED,,0.000,,,,,,,,,,,,,,,,false,killed before finishing
starexec,SWB046+1.p,e1b,subsumption-light,REFUTED,559,3325.884,4236.740,181.587,8091.560,1158,5292,1114,2816,157,22,1331,753744,4919,1985,560,false,false,
starexec,SWB046+1.p,e1b,unary-redundancy,REFUTED,559,5805.699,22276.928,142.758,26627.186,5011,47500,4758,36314,353,46,3326,4550198,12032,3382,560,false,false,
starexec,SWB046+1.p,e1b,weight-greedy,SATURATED,559,1606.558,1205.772,,,185,616,122,122,53,8,,,,,,,false,
starexec,SWB047+1.p,e1b,age-fair,KILLED,,0.000,,,,,,,,,,,,,,,,false,killed before finishing
starexec,SWB047+1.p,e1b,balanced,TIMEOUT,559,3292.784,166692.829,,,39254,8543417,38951,8480781,1381,271,,,,,,,false,
starexec,SWB047+1.p,e1b,equational,KILLED,,0.000,,,,,,,,,,,,,,,,false,killed before finishing
starexec,SWB047+1.p,e1b,first-negative,SATURATED,559,1611.836,569.533,,,13,14,13,13,13,3,,,,,,,false,
starexec,SWB047+1.p,e1b,occurrence,KILLED,,0.000,,,,,,,,,,,,,,,,false,killed before finishing
starexec,SWB047+1.p,e1b,subsumption-light,TIMEOUT,559,1958.842,166593.045,,,16677,952661,15812,924111,133,20,,,,,,,false,
starexec,SWB047+1.p,e1b,unary-redundancy,REFUTED,559,5885.109,106742.312,105.248,29727.340,16302,511611,15632,475160,368,49,3462,4944408,12701,3544,560,false,false,
starexec,SWB047+1.p,e1b,weight-greedy,SATURATED,559,1579.829,1011.802,,,150,382,99,89,42,8,,,,,,,false,
starexec,SWB053+1.p,e1b,age-fair,KILLED,,0.000,,,,,,,,,,,,,,,,false,killed before finishing
starexec,SWB053+1.p,e1b,balanced,KILLED,,0.000,,,,,,,,,,,,,,,,false,killed before finishing
starexec,SWB053+1.p,e1b,equational,REFUTED,559,2823.077,1503.583,71.554,4969.451,635,1990,626,963,234,12,1809,498326,4057,748,560,false,false,
starexec,SWB053+1.p,e1b,first-negative,SATURATED,559,1501.438,554.638,,,25,47,25,17,17,1,,,,,,,false,
starexec,SWB053+1.p,e1b,occurrence,KILLED,,0.000,,,,,,,,,,,,,,,,false,killed before finishing
starexec,SWB053+1.p,e1b,subsumption-light,REFUTED,559,2470.122,1506.910,69.125,3948.874,444,1324,440,603,194,9,1516,316761,3298,588,560,false,false,
starexec,SWB053+1.p,e1b,unary-redundancy,REFUTED,559,5845.321,3218.305,116.380,25672.223,582,1614,581,722,347,41,3192,3986677,11572,3133,560,false,false,
starexec,SWB053+1.p,e1b,weight-greedy,REFUTED,559,1978.818,712.839,69.879,1944.444,167,469,167,121,73,8,619,131250,1747,578,560,false,false,
starexec,SWB055+1.p,e1b,age-fair,KILLED,,0.000,,,,,,,,,,,,,,,,false,killed before finishing
starexec,SWB055+1.p,e1b,balanced,TIMEOUT,559,3165.848,166695.486,,,40030,7463469,39618,7399163,1385,274,,,,,,,false,
starexec,SWB055+1.p,e1b,equational,HARD_TIMEOUT,559,0.000,,,,,,,,,,,,,,,,false,
starexec,SWB055+1.p,e1b,first-negative,SATURATED,559,2102.619,726.787,,,152,171,144,44,46,12,,,,,,,false,
starexec,SWB055+1.p,e1b,occurrence,KILLED,,0.000,,,,,,,,,,,,,,,,false,killed before finishing
starexec,SWB055+1.p,e1b,subsumption-light,TIMEOUT,559,2717.398,167028.342,,,13293,413371,12077,323675,266,42,,,,,,,false,
starexec,SWB055+1.p,e1b,unary-redundancy,HARD_TIMEOUT,559,0.000,,,,,,,,,,,,,,,,false,
starexec,SWB055+1.p,e1b,weight-greedy,REFUTED,559,2373.459,1740.169,132.739,3426.830,728,4882,507,622,83,12,757,367410,3207,1694,560,false,false,
starexec,SWB063+1.p,e1b,balanced,TIMEOUT,559,2010.422,166437.701,,,41488,10267103,41170,10200509,1385,273,,,,,,,false,
starexec,SWB063+1.p,e1b,equational,REFUTED,559,2117.204,2292.592,127.035,4387.509,1063,6683,984,3318,144,15,1107,492290,4120,1710,560,false,false,
starexec,SWB063+1.p,e1b,first-negative,SATURATED,559,1495.099,295.814,,,8,10,8,10,12,1,,,,,,,false,
starexec,SWB063+1.p,e1b,occurrence,KILLED,,0.000,,,,,,,,,,,,,,,,false,killed before finishing
starexec,SWB063+1.p,e1b,subsumption-light,REFUTED,559,1978.098,1407.646,125.579,3919.893,263,903,245,404,99,12,809,319989,3327,1687,560,false,false,
starexec,SWB063+1.p,e1b,unary-redundancy,TIMEOUT,559,2887.916,166630.155,,,17290,655581,16617,600101,358,44,,,,,,,false,
starexec,SWB063+1.p,e1b,weight-greedy,SATURATED,559,1276.666,478.392,,,19,22,18,16,18,2,,,,,,,false,
starexec,SWB068+1.p,e1b,age-fair,KILLED,,0.000,,,,,,,,,,,,,,,,false,killed before finishing
starexec,SWB068+1.p,e1b,balanced,TIMEOUT,559,3386.379,166713.018,,,38769,7233654,38388,7171246,1388,274,,,,,,,false,
starexec,SWB068+1.p,e1b,equational,KILLED,,0.000,,,,,,,,,,,,,,,,false,killed before finishing
starexec,SWB068+1.p,e1b,first-negative,SATURATED,559,1922.175,863.317,,,172,320,158,85,38,7,,,,,,,false,
starexec,SWB068+1.p,e1b,occurrence,KILLED,,0.000,,,,,,,,,,,,,,,,false,killed before finishing
starexec,SWB068+1.p,e1b,subsumption-light,TIMEOUT,559,2864.514,167036.556,,,15254,450159,14404,389661,289,42,,,,,,,false,
starexec,SWB068+1.p,e1b,unary-redundancy,KILLED,,0.000,,,,,,,,,,,,,,,,false,killed before finishing
starexec,SWB068+1.p,e1b,weight-greedy,REFUTED,559,2570.010,1964.536,204.841,3070.675,333,630,282,131,73,11,696,289709,2375,1098,560,false,false,
starexec,SWB073+1.p,e1b,age-fair,KILLED,,0.000,,,,,,,,,,,,,,,,false,killed before finishing
starexec,SWB073+1.p,e1b,balanced,KILLED,,0.000,,,,,,,,,,,,,,,,false,killed before finishing
starexec,SWB073+1.p,e1b,equational,REFUTED,559,2884.949,1613.213,100.049,5590.432,481,1578,473,642,161,12,1234,338470,3214,748,560,false,false,
starexec,SWB073+1.p,e1b,first-negative,SATURATED,559,1751.131,417.257,,,16,19,16,16,16,2,,,,,,,false,
starexec,SWB073+1.p,e1b,occurrence,KILLED,,0.000,,,,,,,,,,,,,,,,false,killed before finishing
starexec,SWB073+1.p,e1b,subsumption-light,REFUTED,559,2632.221,1636.352,96.125,5371.057,383,1127,378,416,135,12,1092,299122,2993,748,560,false,false,
starexec,SWB073+1.p,e1b,unary-redundancy,REFUTED,559,6987.949,3827.237,123.845,47730.718,710,2125,708,1002,372,43,3402,4347301,12130,3216,560,false,false,
starexec,SWB073+1.p,e1b,weight-greedy,REFUTED,559,2206.659,990.758,91.809,3412.569,164,484,162,125,62,9,582,141380,1869,664,560,false,false,
starexec,SWB090+1.p,e1b,age-fair,KILLED,,0.000,,,,,,,,,,,,,,,,false,killed before finishing
starexec,SWB090+1.p,e1b,balanced,TIMEOUT,559,3417.859,166726.058,,,38725,8355098,38316,8293420,1386,271,,,,,,,false,
starexec,SWB090+1.p,e1b,equational,KILLED,,0.000,,,,,,,,,,,,,,,,false,killed before finishing
starexec,SWB090+1.p,e1b,first-negative,SATURATED,559,1674.575,548.117,,,11,14,11,14,14,1,,,,,,,false,
starexec,SWB090+1.p,e1b,occurrence,KILLED,,0.000,,,,,,,,,,,,,,,,false,killed before finishing
starexec,SWB090+1.p,e1b,subsumption-light,KILLED,,0.000,,,,,,,,,,,,,,,,false,killed before finishing
starexec,SWB090+1.p,e1b,unary-redundancy,KILLED,,0.000,,,,,,,,,,,,,,,,false,killed before finishing
starexec,SWB090+1.p,e1b,weight-greedy,TIMEOUT,559,1637.598,166417.993,,,13140,943685,13115,880215,57,8,,,,,,,false,
starexec,SWB091+1.p,e1b,age-fair,KILLED,,0.000,,,,,,,,,,,,,,,,false,killed before finishing
starexec,SWB091+1.p,e1b,equational,KILLED,,0.000,,,,,,,,,,,,,,,,false,killed before finishing
starexec,SWB091+1.p,e1b,first-negative,SATURATED,559,1363.185,407.468,,,6,6,6,6,6,0,,,,,,,false,
starexec,SWB091+1.p,e1b,occurrence,KILLED,,0.000,,,,,,,,,,,,,,,,false,killed before finishing
starexec,SWB091+1.p,e1b,subsumption-light,KILLED,,0.000,,,,,,,,,,,,,,,,false,killed before finishing
starexec,SWB091+1.p,e1b,unary-redundancy,KILLED,,0.000,,,,,,,,,,,,,,,,false,killed before finishing
starexec,SWB091+1.p,e1b,weight-greedy,SATURATED,559,1526.157,383.612,,,52,91,52,31,31,4,,,,,,,false,
starexec,SWB093+1.p,e1b,age-fair,KILLED,,0.000,,,,,,,,,,,,,,,,false,killed before finishing
starexec,SWB093+1.p,e1b,balanced,TIMEOUT,559,3433.883,166694.982,,,38659,8312213,38241,8250619,1385,271,,,,,,,false,
starexec,SWB093+1.p,e1b,first-negative,SATURATED,559,1552.910,429.240,,,11,14,11,14,14,1,,,,,,,false,
starexec,SWB093+1.p,e1b,occurrence,KILLED,,0.000,,,,,,,,,,,,,,,,false,killed before finishing
starexec,SWB093+1.p,e1b,subsumption-light,KILLED,,0.000,,,,,,,,,,,,,,,,false,killed before finishing
starexec,SWB093+1.p,e1b,unary-redundancy,KILLED,,0.000,,,,,,,,,,,,,,,,false,killed before finishing
starexec,SWB093+1.p,e1b,weight-greedy,TIMEOUT,559,1647.114,166431.576,,,12900,913728,12875,851205,57,8,,,,,,,false,
starexec,SWB095+1.p,e1b,age-fair,KILLED,,0.000,,,,,,,,,,,,,,,,false,killed before finishing
starexec,SWB095+1.p,e1b,equational,KILLED,,0.000,,,,,,,,,,,,,,,,false,killed before finishing
starexec,SWB095+1.p,e1b,first-negative,SATURATED,559,1665.420,333.020,,,11,14,11,14,14,1,,,,,,,false,
starexec,SWB095+1.p,e1b,occurrence,KILLED,,0.000,,,,,,,,,,,,,,,,false,killed before finishing
starexec,SWB095+1.p,e1b,subsumption-light,KILLED,,0.000,,,,,,,,,,,,,,,,false,killed before finishing
starexec,SWB095+1.p,e1b,unary-redundancy,KILLED,,0.000,,,,,,,,,,,,,,,,false,killed before finishing
starexec,SWB095+1.p,e1b,weight-greedy,TIMEOUT,559,1653.205,166438.865,,,10853,727402,10834,675038,57,8,,,,,,,false,
starexec,SWB099+1.p,e1b,age-fair,KILLED,,0.000,,,,,,,,,,,,,,,,false,killed before finishing
starexec,SWB099+1.p,e1b,balanced,TIMEOUT,559,3342.998,166702.051,,,46680,14749481,46266,14674677,1384,271,,,,,,,false,
starexec,SWB099+1.p,e1b,equational,TIMEOUT,559,2213.163,166637.364,,,45352,5229081,43019,5138421,269,13,,,,,,,false,
starexec,SWB099+1.p,e1b,first-negative,SATURATED,559,1512.289,429.487,,,11,14,11,14,14,1,,,,,,,false,
starexec,SWB099+1.p,e1b,occurrence,KILLED,,0.000,,,,,,,,,,,,,,,,false,killed before finishing
starexec,SWB099+1.p,e1b,subsumption-light,TIMEOUT,559,2091.232,166742.102,,,20408,1175537,19382,1136689,233,13,,,,,,,false,
starexec,SWB099+1.p,e1b,unary-redundancy,KILLED,,0.000,,,,,,,,,,,,,,,,false,killed before finishing
starexec,SWB099+1.p,e1b,weight-greedy,TIMEOUT,559,1579.476,166407.853,,,13456,994129,13431,929571,57,8,,,,,,,false,
starexec,SWB103+1.p,e1b,age-fair,KILLED,,0.000,,,,,,,,,,,,,,,,false,killed before finishing
starexec,SWB103+1.p,e1b,balanced,TIMEOUT,559,3204.600,166695.993,,,40981,8456590,40527,8391872,1393,273,,,,,,,false,
starexec,SWB103+1.p,e1b,equational,KILLED,,0.000,,,,,,,,,,,,,,,,false,killed before finishing
starexec,SWB103+1.p,e1b,first-negative,SATURATED,559,1610.240,385.439,,,8,10,8,10,12,1,,,,,,,false,
starexec,SWB103+1.p,e1b,occurrence,KILLED,,0.000,,,,,,,,,,,,,,,,false,killed before finishing
starexec,SWB103+1.p,e1b,subsumption-light,KILLED,,0.000,,,,,,,,,,,,,,,,false,killed before finishing
starexec,SWB103+1.p,e1b,unary-redundancy,KILLED,,0.000,,,,,,,,,,,,,,,,false,killed before finishing
starexec,SWB103+1.p,e1b,weight-greedy,SATURATED,559,1429.537,452.722,,,19,22,18,16,18,2,,,,,,,false,
starexec,SWC012+1.p,e1b,age-fair,REFUTED,95,6602.870,66978.786,176.011,37567.691,30179,942272,29713,905551,211,62,2846,5600451,10639,5024,96,false,false,
starexec,SWC012+1.p,e1b,balanced,REFUTED,95,3260.301,20287.231,116.087,22062.222,20567,512192,20243,486851,220,62,2766,5606496,11660,5088,96,false,false,
starexec,SWC012+1.p,e1b,equational,REFUTED,95,6520.777,34720.991,212.737,39967.017,20643,503376,20393,478004,220,62,2766,5606496,11660,5088,96,false,false,
starexec,SWC012+1.p,e1b,first-negative,TIMEOUT,95,3595.759,166441.650,,,25774,19278158,23406,19232842,211,62,,,,,,,false,
starexec,SWC012+1.p,e1b,occurrence,REFUTED,95,6650.976,21186.147,147.889,37607.732,15012,188527,14824,172312,211,62,2862,5663563,10649,5024,96,false,false,
starexec,SWC012+1.p,e1b,subsumption-light,REFUTED,95,6342.293,88223.876,234.884,39031.489,22603,537176,22281,509508,220,62,2766,5606496,11660,5088,96,false,false,
starexec,SWC012+1.p,e1b,unary-redundancy,KILLED,,0.000,,,,,,,,,,,,,,,,false,killed before finishing
starexec,SWC012+1.p,e1b,weight-greedy,TIMEOUT,95,2699.458,166658.505,,,11855,5048866,9528,4834120,220,62,,,,,,,false,
starexec,SWV014+1.p,e1b,age-fair,REFUTED,28,1450.850,996.398,142.868,698.512,145,255,140,79,38,0,316,17558,1441,227,29,false,false,
starexec,SWV014+1.p,e1b,balanced,REFUTED,28,626.000,384.030,55.946,501.790,77,110,74,38,38,0,286,16588,1575,227,29,false,false,
starexec,SWV014+1.p,e1b,equational,REFUTED,28,1143.287,692.483,112.402,953.672,77,110,74,38,38,0,286,16588,1575,227,29,false,false,
starexec,SWV014+1.p,e1b,first-negative,TIMEOUT,28,1292.885,166431.453,,,10374,24556447,10374,24536103,38,0,,,,,,,false,
starexec,SWV014+1.p,e1b,occurrence,REFUTED,28,1482.319,633.361,98.543,734.100,62,72,60,38,38,0,316,17558,1441,227,29,false,false,
starexec,SWV014+1.p,e1b,subsumption-light,REFUTED,28,1148.784,781.874,103.012,987.873,77,110,74,38,38,0,286,16588,1575,227,29,false,false,
starexec,SWV014+1.p,e1b,unary-redundancy,REFUTED,28,1354.202,812.762,137.723,722.252,77,110,74,38,38,0,316,17558,1441,227,29,false,false,
starexec,SWV014+1.p,e1b,weight-greedy,REFUTED,28,1113.998,611.997,106.710,989.515,63,70,61,38,38,0,299,17183,1566,227,29,false,false,
starexec,SWV041+1.p,e1b,age-fair,REFUTED,99,5499.415,12151.270,146.027,20791.620,3686,149621,3629,145268,178,42,1894,3109028,7358,3684,100,false,false,
starexec,SWV041+1.p,e1b,balanced,REFUTED,99,2385.240,1601.303,104.397,13306.373,551,5835,500,5015,178,42,1802,3099466,7613,3656,100,false,false,
starexec,SWV041+1.p,e1b,equational,REFUTED,99,4306.699,3056.937,175.466,24702.637,552,6031,502,5211,178,42,1802,3099466,7613,3656,100,false,false,
starexec,SWV041+1.p,e1b,first-negative,REFUTED,99,5878.504,3822.579,197.660,22926.720,735,9973,707,8795,178,42,1895,3112292,7359,3684,100,false,false,
starexec,SWV041+1.p,e1b,occurrence,REFUTED,99,5349.122,2271.991,142.717,21914.559,452,2777,446,1855,178,42,1894,3109022,7358,3684,100,false,false,
starexec,SWV041+1.p,e1b,subsumption-light,REFUTED,99,4450.577,3530.842,183.723,24387.361,551,5835,500,5015,178,42,1802,3099466,7613,3656,100,false,false,
starexec,SWV041+1.p,e1b,unary-redundancy,REFUTED,99,6259.240,3912.695,152.061,21785.022,580,6527,529,5660,178,42,1903,3138267,7365,3684,100,false,false,
starexec,SWV041+1.p,e1b,weight-greedy,REFUTED,99,3640.328,2060.345,102.040,15044.139,598,2654,587,1125,178,42,1790,3067242,7606,3656,100,false,false,
starexec,SWV114+1.p,e1b,age-fair,TIMEOUT,101,3016.079,166652.091,,,22410,4106228,22020,4078212,199,52,,,,,,,false,
starexec,SWV114+1.p,e1b,balanced,TIMEOUT,101,1143.821,166315.265,,,25081,10060528,24502,10003808,199,52,,,,,,,false,
starexec,SWV114+1.p,e1b,equational,TIMEOUT,101,2258.478,166646.679,,,16797,6793973,16407,6755745,199,52,,,,,,,false,
starexec,SWV114+1.p,e1b,first-negative,TIMEOUT,101,3140.938,166790.557,,,29873,1358555,29624,1300837,199,52,,,,,,,false,
starexec,SWV114+1.p,e1b,occurrence,TIMEOUT,101,3056.145,166627.394,,,20692,6410183,19362,6309296,199,52,,,,,,,false,
starexec,SWV114+1.p,e1b,subsumption-light,TIMEOUT,101,2226.442,166719.336,,,12437,3800048,12126,3772190,199,52,,,,,,,false,
starexec,SWV114+1.p,e1b,unary-redundancy,TIMEOUT,101,3022.840,166706.590,,,13686,2829778,13286,2799971,199,52,,,,,,,false,
starexec,SWV114+1.p,e1b,weight-greedy,TIMEOUT,101,2255.524,166671.277,,,30910,5602597,27515,4947912,199,52,,,,,,,false,
starexec,SWV202+1.p,e1b,balanced,TIMEOUT,91,1229.085,166553.436,,,27864,7450721,27233,7395169,203,42,,,,,,,false,
starexec,SWV202+1.p,e1b,equational,TIMEOUT,91,2182.416,166720.692,,,21282,4439437,20811,4397208,203,42,,,,,,,false,
starexec,SWV202+1.p,e1b,first-negative,TIMEOUT,91,3604.466,166722.326,,,24200,1196069,23751,1150827,203,42,,,,,,,false,
starexec,SWV202+1.p,e1b,occurrence,TIMEOUT,91,3297.759,166708.569,,,20595,3392010,19300,3298193,203,42,,,,,,,false,
starexec,SWV202+1.p,e1b,subsumption-light,TIMEOUT,91,2166.859,166763.295,,,14268,1947563,14051,1919397,203,42,,,,,,,false,
starexec,SWV202+1.p,e1b,unary-redundancy,TIMEOUT,91,3286.437,166734.040,,,14415,1498299,14232,1469801,203,42,,,,,,,false,
starexec,SWV202+1.p,e1b,weight-greedy,REFUTED,91,4820.112,8661.096,195.861,28514.518,2599,24823,1942,13737,203,42,1882,3863763,8017,5620,92,false,false,
starexec,SWV203+1.p,e1b,balanced,TIMEOUT,91,1199.363,166374.890,,,28695,7743861,27994,7686583,203,42,,,,,,,false,
starexec,SWV203+1.p,e1b,equational,TIMEOUT,91,2219.432,166770.961,,,21272,4442560,20782,4400482,203,42,,,,,,,false,
starexec,SWV203+1.p,e1b,first-negative,TIMEOUT,91,3466.991,166786.897,,,30073,1589816,29617,1533246,203,42,,,,,,,false,
starexec,SWV203+1.p,e1b,occurrence,TIMEOUT,91,3304.735,166645.568,,,21253,3665253,20086,3571116,203,42,,,,,,,false,
starexec,SWV203+1.p,e1b,subsumption-light,TIMEOUT,91,2141.878,166842.741,,,14528,1930080,14260,1901350,203,42,,,,,,,false,
starexec,SWV203+1.p,e1b,unary-redundancy,TIMEOUT,91,3275.452,166768.501,,,14516,1475576,14261,1446954,203,42,,,,,,,false,
starexec,SWV203+1.p,e1b,weight-greedy,REFUTED,91,4786.300,9115.947,208.960,32302.224,2745,25574,2021,13970,203,42,1857,3885140,7992,5620,92,false,false,
starexec,SWV234+1.p,e1b,age-fair,TIMEOUT,25,1005.633,166878.976,,,5544,4798821,4868,4781884,26,0,,,,,,,false,
starexec,SWV234+1.p,e1b,balanced,TIMEOUT,25,438.730,166171.552,,,6802,8634017,5834,8595007,26,0,,,,,,,false,
starexec,SWV234+1.p,e1b,equational,TIMEOUT,25,809.617,166337.226,,,5631,4667077,4728,4633905,26,0,,,,,,,false,
starexec,SWV234+1.p,e1b,first-negative,TIMEOUT,25,758.208,166253.164,,,17190,9390056,17154,9366225,26,0,,,,,,,false,
starexec,SWV234+1.p,e1b,occurrence,TIMEOUT,25,1022.757,166927.987,,,4224,5551372,3799,5498545,26,0,,,,,,,false,
starexec,SWV234+1.p,e1b,subsumption-light,TIMEOUT,25,783.233,166596.860,,,2431,507172,2117,495154,26,0,,,,,,,false,
starexec,SWV234+1.p,e1b,unary-redundancy,TIMEOUT,25,1024.769,166423.400,,,2472,517334,2147,505120,26,0,,,,,,,false,
starexec,SWV234+1.p,e1b,weight-greedy,TIMEOUT,25,808.289,166321.121,,,3793,3423033,3465,3286691,26,0,,,,,,,false,
starexec,SWV234+2.p,e1b,age-fair,REFUTED,21,1097.363,98973.526,176.959,512.798,995,2717992,933,2710328,22,0,280,9183,693,111,22,false,false,
starexec,SWV234+2.p,e1b,balanced,REFUTED,21,507.146,83334.153,148.972,335.680,1207,4422545,1172,4407522,22,0,279,9365,750,111,22,false,false,
starexec,SWV234+2.p,e1b,equational,REFUTED,21,1016.258,132786.421,330.666,665.563,1137,3714204,1104,3700524,22,0,279,9371,743,111,22,false,false,
starexec,SWV234+2.p,e1b,first-negative,TIMEOUT,21,993.026,166321.806,,,17726,8949095,17717,8929388,22,0,,,,,,,false,
starexec,SWV234+2.p,e1b,occurrence,REFUTED,21,1114.886,34450.872,185.371,476.464,682,794832,656,785498,22,0,280,9133,682,111,22,false,false,
starexec,SWV234+2.p,e1b,subsumption-light,TIMEOUT,21,747.486,166716.525,,,1129,4030754,1091,4016758,22,0,,,,,,,false,
starexec,SWV234+2.p,e1b,unary-redundancy,TIMEOUT,21,934.158,166346.104,,,1165,4121357,1116,4107799,22,0,,,,,,,false,
starexec,SWV234+2.p,e1b,weight-greedy,REFUTED,21,964.500,5493.622,169.658,488.232,203,22262,187,17743,22,0,268,8608,722,111,22,false,false,
starexec,SWV390+1.p,e1b,age-fair,REFUTED,42,2333.617,1842.040,130.198,1904.736,203,1589,199,1336,55,6,619,104466,2572,459,43,false,false,
starexec,SWV390+1.p,e1b,balanced,REFUTED,42,931.884,621.389,82.110,1177.385,103,316,99,180,55,6,578,103666,2824,461,43,false,false,
starexec,SWV390+1.p,e1b,equational,REFUTED,42,1723.187,1087.117,128.379,2081.297,97,281,95,153,55,6,578,103666,2824,461,43,false,false,
starexec,SWV390+1.p,e1b,first-negative,REFUTED,42,2268.400,1612.214,158.254,1248.442,212,1008,210,764,55,6,619,104466,2572,459,43,false,false,
starexec,SWV390+1.p,e1b,occurrence,REFUTED,42,2395.487,1395.554,134.253,1865.463,134,872,131,572,55,6,619,104466,2572,459,43,false,false,
starexec,SWV390+1.p,e1b,subsumption-light,REFUTED,42,1947.896,1139.935,147.310,2328.167,96,283,95,159,55,6,578,103666,2824,461,43,false,false,
starexec,SWV390+1.p,e1b,unary-redundancy,REFUTED,42,2115.117,1185.866,106.155,1736.660,96,283,95,159,55,6,619,104466,2572,459,43,false,false,
starexec,SWV390+1.p,e1b,weight-greedy,REFUTED,42,1910.704,1407.539,164.872,1455.499,134,517,125,245,55,6,580,104214,2828,461,43,false,false,
starexec,SWV406+1.p,e1b,age-fair,TIMEOUT,41,1848.358,166788.352,,,3061,2104276,3022,2099354,58,10,,,,,,,false,
starexec,SWV406+1.p,e1b,balanced,REFUTED,41,1213.810,107202.729,111.222,2109.250,3393,2964086,2984,2955178,59,9,754,464670,3121,4101,42,false,false,
starexec,SWV406+1.p,e1b,equational,TIMEOUT,41,924.484,166685.914,,,5564,4691397,5446,4675871,59,9,,,,,,,false,
starexec,SWV406+1.p,e1b,first-negative,TIMEOUT,41,1315.822,166449.527,,,14621,6162341,14428,6142613,58,10,,,,,,,false,
starexec,SWV406+1.p,e1b,occurrence,REFUTED,41,2636.878,29140.591,158.009,3549.841,2842,752140,2027,740910,58,10,875,522201,3343,3007,42,false,false,
starexec,SWV406+1.p,e1b,subsumption-light,TIMEOUT,41,958.890,167223.758,,,1651,535595,1597,531417,59,9,,,,,,,false,
starexec,SWV406+1.p,e1b,unary-redundancy,REFUTED,41,2652.123,14126.385,215.417,4115.159,703,26804,587,25444,58,10,884,530874,3341,3007,42,false,false,
starexec,SWV406+1.p,e1b,weight-greedy,REFUTED,41,1434.123,2412.913,149.619,2610.136,599,10206,391,7573,59,9,762,472068,3124,4101,42,false,false,
starexec,SWV452+1.p,e1b,age-fair,TIMEOUT,66,2449.820,166629.235,,,11690,7864574,11232,7837601,127,13,,,,,,,false,
starexec,SWV452+1.p,e1b,balanced,TIMEOUT,66,983.652,166368.696,,,18171,15896414,16606,15814636,130,13,,,,,,,false,
starexec,SWV452+1.p,e1b,equational,TIMEOUT,66,1899.639,166617.567,,,12618,8700174,11624,8645504,130,13,,,,,,,false,
starexec,SWV452+1.p,e1b,first-negative,TIMEOUT,66,2670.741,166607.693,,,11723,6293155,9817,6224079,127,13,,,,,,,false,
starexec,SWV452+1.p,e1b,occurrence,TIMEOUT,66,2519.326,166639.684,,,9413,9784798,8435,9685171,127,13,,,,,,,false,
starexec,SWV452+1.p,e1b,subsumption-light,TIMEOUT,66,1929.371,166695.440,,,7506,4088583,6986,4053933,130,13,,,,,,,false,
starexec,SWV452+1.p,e1b,unary-redundancy,TIMEOUT,66,2580.551,166652.211,,,6416,4232672,5899,4200442,127,13,,,,,,,false,
starexec,SWV452+1.p,e1b,weight-greedy,TIMEOUT,66,1905.415,166629.305,,,12532,5899640,11197,5643720,130,13,,,,,,,false,
starexec,SWV453+1.p,e1b,age-fair,TIMEOUT,66,2432.267,166633.490,,,11641,7806331,11187,7779507,127,13,,,,,,,false,
starexec,SWV453+1.p,e1b,balanced,TIMEOUT,66,985.237,166989.064,,,18179,15364234,16504,15282002,130,13,,,,,,,false,
starexec,SWV453+1.p,e1b,equational,TIMEOUT,66,1879.554,166634.974,,,12689,8708091,11680,8650883,130,13,,,,,,,false,
starexec,SWV453+1.p,e1b,first-negative,TIMEOUT,66,2737.614,166589.282,,,11275,6048059,9307,5982459,127,13,,,,,,,false,
starexec,SWV453+1.p,e1b,occurrence,TIMEOUT,66,2541.178,166563.326,,,9386,9850677,8469,9751945,127,13,,,,,,,false,
starexec,SWV453+1.p,e1b,subsumption-light,TIMEOUT,66,1834.283,166668.702,,,7304,4201181,6879,4169915,130,13,,,,,,,false,
starexec,SWV453+1.p,e1b,unary-redundancy,TIMEOUT,66,2491.479,166592.054,,,6346,4470382,6012,4444600,127,13,,,,,,,false,
starexec,SWV453+1.p,e1b,weight-greedy,TIMEOUT,66,1861.351,166628.833,,,12350,5705632,10938,5455832,130,13,,,,,,,false,
starexec,SWV454+1.p,e1b,age-fair,TIMEOUT,66,2432.563,166696.349,,,11152,8315633,10819,8290922,124,12,,,,,,,false,
starexec,SWV454+1.p,e1b,balanced,TIMEOUT,66,1022.371,166290.998,,,16797,15911612,15552,15841359,127,12,,,,,,,false,
starexec,SWV454+1.p,e1b,first-negative,TIMEOUT,66,2694.577,166614.085,,,12643,6224501,11042,6147152,124,12,,,,,,,false,
starexec,SWV454+1.p,e1b,occurrence,TIMEOUT,66,2453.608,166682.693,,,9988,10022800,9556,9922838,124,12,,,,,,,false,
starexec,SWV454+1.p,e1b,subsumption-light,TIMEOUT,66,1872.722,166709.666,,,6495,4386651,6184,4359466,127,12,,,,,,,false,
starexec,SWV454+1.p,e1b,unary-redundancy,TIMEOUT,66,2467.330,166684.815,,,6138,4501975,5888,4479887,124,12,,,,,,,false,
starexec,SWV454+1.p,e1b,weight-greedy,TIMEOUT,66,1869.599,166658.818,,,15625,8690237,14617,8415241,127,12,,,,,,,false,
starexec,SWV467+1.p,e1b,age-fair,TIMEOUT,66,1714.416,167647.132,,,12436,14081001,11787,14050050,137,14,,,,,,,false,
starexec,SWV467+1.p,e1b,balanced,TIMEOUT,66,1161.088,166357.673,,,15312,14406091,13648,14331971,139,14,,,,,,,false,
starexec,SWV467+1.p,e1b,equational,TIMEOUT,66,1200.942,166394.247,,,16102,14208191,14486,14131705,139,14,,,,,,,false,
starexec,SWV467+1.p,e1b,first-negative,TIMEOUT,66,1858.215,166428.453,,,14269,9888085,12048,9789767,137,14,,,,,,,false,
starexec,SWV467+1.p,e1b,occurrence,TIMEOUT,66,1780.290,166420.068,,,9261,16913653,8081,16782961,137,14,,,,,,,false,
starexec,SWV467+1.p,e1b,subsumption-light,TIMEOUT,66,1187.809,166411.822,,,11826,5845211,10385,5791155,139,14,,,,,,,false,
starexec,SWV467+1.p,e1b,unary-redundancy,TIMEOUT,66,1756.238,166409.800,,,10846,6616784,9972,6569276,137,14,,,,,,,false,
starexec,SWV467+1.p,e1b,weight-greedy,TIMEOUT,66,1246.510,166377.768,,,17305,17713804,14667,17143386,139,14,,,,,,,false,
starexec,SWV473+1.p,e1b,age-fair,TIMEOUT,66,2854.834,166707.425,,,10738,7918544,10249,7894328,124,14,,,,,,,false,
starexec,SWV473+1.p,e1b,balanced,TIMEOUT,66,1080.834,166402.998,,,15630,15069527,14230,14993297,126,14,,,,,,,false,
starexec,SWV473+1.p,e1b,equational,TIMEOUT,66,1995.731,166662.387,,,12678,7408824,11474,7353188,126,14,,,,,,,false,
starexec,SWV473+1.p,e1b,first-negative,TIMEOUT,66,2917.261,167390.282,,,12185,5406641,10327,5327963,124,14,,,,,,,false,
starexec,SWV473+1.p,e1b,occurrence,TIMEOUT,66,2817.772,166654.871,,,7154,9656056,6888,9549814,124,14,,,,,,,false,
starexec,SWV473+1.p,e1b,subsumption-light,TIMEOUT,66,1958.418,166753.503,,,6351,3775979,5897,3746029,126,14,,,,,,,false,
starexec,SWV473+1.p,e1b,unary-redundancy,TIMEOUT,66,2786.689,166705.203,,,4890,3574464,4625,3553172,124,14,,,,,,,false,
starexec,SWV473+1.p,e1b,weight-greedy,TIMEOUT,66,2017.603,166697.600,,,13249,11653914,12326,11325466,126,14,,,,,,,false,
starexec,SWV474+1.p,e1b,age-fair,HARD_TIMEOUT,66,0.000,,,,,,,,,,,,,,,,false,
starexec,SWV474+1.p,e1b,balanced,TIMEOUT,66,1117.916,167413.774,,,16363,15974972,15029,15885388,132,14,,,,,,,false,
starexec,SWV474+1.p,e1b,equational,TIMEOUT,66,2110.983,166723.563,,,9554,9878097,8955,9825537,132,14,,,,,,,false,
starexec,SWV474+1.p,e1b,first-negative,TIMEOUT,66,3186.034,167558.002,,,13494,5678345,11269,5587823,130,14,,,,,,,false,
starexec,SWV474+1.p,e1b,occurrence,TIMEOUT,66,2791.309,167334.626,,,7659,10249183,7242,10130291,130,14,,,,,,,false,
starexec,SWV474+1.p,e1b,subsumption-light,TIMEOUT,66,2121.531,166759.260,,,5861,4261803,5516,4229221,132,14,,,,,,,false,
starexec,SWV474+1.p,e1b,unary-redundancy,TIMEOUT,66,2771.974,166724.549,,,5156,4234070,4893,4210318,130,14,,,,,,,false,
starexec,SWV474+1.p,e1b,weight-greedy,TIMEOUT,66,2116.648,167074.684,,,10345,7609179,9461,7299371,132,14,,,,,,,false,
starexec,SWV479+1.p,e1b,age-fair,TIMEOUT,66,3362.787,166663.803,,,11327,8503589,10695,8476851,140,15,,,,,,,false,
starexec,SWV479+1.p,e1b,balanced,TIMEOUT,66,1379.821,166839.182,,,15664,15725113,14071,15648703,142,15,,,,,,,false,
starexec,SWV479+1.p,e1b,equational,TIMEOUT,66,2441.948,166694.241,,,13472,7592646,12194,7530980,142,15,,,,,,,false,
starexec,SWV479+1.p,e1b,first-negative,TIMEOUT,66,3684.654,166730.536,,,13745,5137329,11891,5052617,140,15,,,,,,,false,
starexec,SWV479+1.p,e1b,occurrence,TIMEOUT,66,3366.570,166682.065,,,7464,10307061,6883,10207884,140,15,,,,,,,false,
starexec,SWV479+1.p,e1b,subsumption-light,TIMEOUT,66,2369.265,166746.278,,,7913,3953279,7225,3916985,142,15,,,,,,,false,
starexec,SWV479+1.p,e1b,unary-redundancy,TIMEOUT,66,3295.443,166819.549,,,6882,4233648,6460,4204356,140,15,,,,,,,false,
starexec,SWV479+1.p,e1b,weight-greedy,TIMEOUT,66,2239.535,167147.953,,,10963,6959110,10045,6667388,142,15,,,,,,,false,
starexec,SWV487+3.p,e1b,age-fair,TIMEOUT,12,1167.803,166426.814,,,9561,6973301,9376,6957537,23,3,,,,,,,false,
starexec,SWV487+3.p,e1b,balanced,TIMEOUT,12,500.786,166208.963,,,13700,14784510,13045,14747846,23,3,,,,,,,false,
starexec,SWV487+3.p,e1b,equational,TIMEOUT,12,1018.738,167787.222,,,10197,8291574,9782,8264172,23,3,,,,,,,false,
starexec,SWV487+3.p,e1b,first-negative,REFUTED,12,1551.943,20595.083,159.013,1180.700,2995,517278,2737,510364,23,3,289,44917,950,401,13,false,false,
starexec,SWV487+3.p,e1b,occurrence,TIMEOUT,12,1156.969,166826.223,,,11812,9534693,10746,9470423,23,3,,,,,,,false,
starexec,SWV487+3.p,e1b,subsumption-light,TIMEOUT,12,962.336,166466.252,,,7213,4140507,6951,4115339,23,3,,,,,,,false,
starexec,SWV487+3.p,e1b,unary-redundancy,TIMEOUT,12,1130.290,166485.205,,,8336,4627678,7380,4605386,23,3,,,,,,,false,
starexec,SWV487+3.p,e1b,weight-greedy,TIMEOUT,12,971.702,166316.521,,,10432,8016602,8941,7842877,23,3,,,,,,,false,
starexec,SWV488+3.p,e1b,age-fair,REFUTED,12,1009.318,3436.800,96.704,814.419,713,42261,618,40875,24,3,277,46968,924,553,13,false,false,
starexec,SWV488+3.p,e1b,balanced,REFUTED,12,449.879,690.395,75.182,444.802,220,3028,203,2478,24,3,280,47076,981,553,13,false,false,
starexec,SWV488+3.p,e1b,equational,REFUTED,12,1296.503,1682.591,184.089,1295.756,178,1966,168,1531,24,3,266,45136,980,553,13,false,false,
starexec,SWV488+3.p,e1b,first-negative,REFUTED,12,1609.427,817.884,111.082,1070.516,40,115,34,69,24,3,253,42184,896,553,13,false,false,
starexec,SWV488+3.p,e1b,occurrence,REFUTED,12,1547.096,1517.618,155.590,1197.304,161,1418,150,943,24,3,273,46150,921,553,13,false,false,
starexec,SWV488+3.p,e1b,subsumption-light,REFUTED,12,853.702,965.256,110.173,999.744,100,612,92,392,24,3,253,42549,969,553,13,false,false,
starexec,SWV488+3.p,e1b,unary-redundancy,REFUTED,12,1539.070,1206.173,125.706,1198.265,61,247,57,157,24,3,249,41210,906,553,13,false,false,
starexec,SWV488+3.p,e1b,weight-greedy,REFUTED,12,1320.103,1529.303,165.209,1350.014,208,1474,183,697,24,3,268,45443,974,553,13,false,false,
starexec,SWW102+1.p,e1b,age-fair,REFUTED,44,1483.148,137733.998,108.523,1654.038,3734,6491309,3566,6483946,83,10,899,278287,2256,674,45,false,false,
starexec,SWW102+1.p,e1b,balanced,REFUTED,44,701.641,2644.952,97.418,1497.356,705,57232,625,55732,89,12,894,336143,2518,752,45,false,false,
starexec,SWW102+1.p,e1b,equational,REFUTED,44,2332.077,6784.223,208.700,5356.215,623,44916,564,43587,89,12,892,334989,2515,752,45,false,false,
starexec,SWW102+1.p,e1b,first-negative,REFUTED,44,2522.947,58703.633,198.267,2860.441,5563,2039541,4707,2027217,83,10,975,311103,2304,674,45,false,false,
starexec,SWW102+1.p,e1b,occurrence,REFUTED,44,2980.794,3637.536,205.520,3110.421,563,9976,495,8389,83,10,912,283792,2267,674,45,false,false,
starexec,SWW102+1.p,e1b,subsumption-light,REFUTED,44,1482.750,5015.447,153.215,3237.630,659,48857,617,47496,89,12,890,333818,2513,752,45,false,false,
starexec,SWW102+1.p,e1b,unary-redundancy,REFUTED,44,2729.630,8344.408,196.619,3250.818,652,48699,614,47401,83,10,907,282247,2265,674,45,false,false,
starexec,SWW102+1.p,e1b,weight-greedy,REFUTED,44,1989.724,1610.838,207.026,4784.222,259,1234,186,606,89,12,923,347106,2492,752,45,false,false,
starexec,SWW186+1.p,e1b,age-fair,KILLED,,0.000,,,,,,,,,,,,,,,,false,killed before finishing
starexec,SWW186+1.p,e1b,balanced,TIMEOUT,1181,2149.602,166696.662,,,23266,10540329,21430,10448400,1568,29,,,,,,,false,
starexec,SWW186+1.p,e1b,equational,KILLED,,0.000,,,,,,,,,,,,,,,,false,killed before finishing
starexec,SWW186+1.p,e1b,first-negative,SATURATED,1181,1990.305,2740.957,,,118,2644,114,1345,40,0,,,,,,,false,
starexec,SWW186+1.p,e1b,occurrence,KILLED,,0.000,,,,,,,,,,,,,,,,false,killed before finishing
starexec,SWW186+1.p,e1b,subsumption-light,KILLED,,0.000,,,,,,,,,,,,,,,,false,killed before finishing
starexec,SWW186+1.p,e1b,unary-redundancy,KILLED,,0.000,,,,,,,,,,,,,,,,false,killed before finishing
starexec,SWW186+1.p,e1b,weight-greedy,TIMEOUT,1181,2204.740,166652.436,,,6713,7509606,6512,7358389,189,4,,,,,,,false,
starexec,SWW278+1.p,e1b,age-fair,KILLED,,0.000,,,,,,,,,,,,,,,,false,killed before finishing
starexec,SWW278+1.p,e1b,balanced,TIMEOUT,1199,2288.517,166696.238,,,24553,9494720,22735,9407870,1586,36,,,,,,,false,
starexec,SWW278+1.p,e1b,equational,KILLED,,0.000,,,,,,,,,,,,,,,,false,killed before finishing
starexec,SWW278+1.p,e1b,first-negative,KILLED,,0.000,,,,,,,,,,,,,,,,false,killed before finishing
starexec,SWW278+1.p,e1b,occurrence,KILLED,,0.000,,,,,,,,,,,,,,,,false,killed before finishing
starexec,SWW278+1.p,e1b,subsumption-light,KILLED,,0.000,,,,,,,,,,,,,,,,false,killed before finishing
starexec,SWW278+1.p,e1b,unary-redundancy,KILLED,,0.000,,,,,,,,,,,,,,,,false,killed before finishing
starexec,SWW278+1.p,e1b,weight-greedy,KILLED,,0.000,,,,,,,,,,,,,,,,false,killed before finishing
starexec,SWW279+1.p,e1b,age-fair,KILLED,,0.000,,,,,,,,,,,,,,,,false,killed before finishing
starexec,SWW279+1.p,e1b,balanced,TIMEOUT,1213,2251.469,166732.893,,,24177,9012208,21855,8930434,1647,38,,,,,,,false,
starexec,SWW279+1.p,e1b,equational,KILLED,,0.000,,,,,,,,,,,,,,,,false,killed before finishing
starexec,SWW279+1.p,e1b,subsumption-light,KILLED,,0.000,,,,,,,,,,,,,,,,false,killed before finishing
starexec,SWW279+1.p,e1b,weight-greedy,KILLED,,0.000,,,,,,,,,,,,,,,,false,killed before finishing
starexec,SWW298+1.p,e1b,equational,KILLED,,0.000,,,,,,,,,,,,,,,,false,killed before finishing
starexec,SWW298+1.p,e1b,first-negative,REFUTED,5224,3597.552,722.338,62.585,879.914,19,38,18,20,22,2,237,26463,1169,233,5225,false,false,
starexec,SWW298+1.p,e1b,occurrence,KILLED,,0.000,,,,,,,,,,,,,,,,false,killed before finishing
starexec,SWW298+1.p,e1b,subsumption-light,KILLED,,0.000,,,,,,,,,,,,,,,,false,killed before finishing
starexec,SWW298+1.p,e1b,unary-redundancy,KILLED,,0.000,,,,,,,,,,,,,,,,false,killed before finishing
starexec,SWW298+1.p,e1b,weight-greedy,REFUTED,5224,4749.434,2658.781,105.975,6381.594,438,5999,416,4483,274,10,2226,689038,10664,779,5225,false,false,
starexec,SWW350+1.p,e1b,equational,KILLED,,0.000,,,,,,,,,,,,,,,,false,killed before finishing
starexec,SWW350+1.p,e1b,occurrence,KILLED,,0.000,,,,,,,,,,,,,,,,false,killed before finishing
starexec,SWW350+1.p,e1b,subsumption-light,KILLED,,0.000,,,,,,,,,,,,,,,,false,killed before finishing
starexec,SWW350+1.p,e1b,unary-redundancy,KILLED,,0.000,,,,,,,,,,,,,,,,false,killed before finishing
starexec,SWW350+1.p,e1b,weight-greedy,REFUTED,5228,3635.674,849.614,94.143,9361.838,108,303,106,186,192,23,2011,1586256,12880,2050,5229,false,false,
starexec,SWW374+1.p,e1b,age-fair,KILLED,,0.000,,,,,,,,,,,,,,,,false,killed before finishing
starexec,SWW374+1.p,e1b,balanced,KILLED,,0.000,,,,,,,,,,,,,,,,false,killed before finishing
starexec,SWW374+1.p,e1b,first-negative,KILLED,,0.000,,,,,,,,,,,,,,,,false,killed before finishing
starexec,SWW374+1.p,e1b,occurrence,KILLED,,0.000,,,,,,,,,,,,,,,,false,killed before finishing
starexec,SWW374+1.p,e1b,subsumption-light,KILLED,,0.000,,,,,,,,,,,,,,,,false,killed before finishing
starexec,SWW374+1.p,e1b,unary-redundancy,KILLED,,0.000,,,,,,,,,,,,,,,,false,killed before finishing
starexec,SWW374+1.p,e1b,weight-greedy,KILLED,,0.000,,,,,,,,,,,,,,,,false,killed before finishing
starexec,SWW394+1.p,e1b,age-fair,KILLED,,0.000,,,,,,,,,,,,,,,,false,killed before finishing
starexec,SWW394+1.p,e1b,balanced,KILLED,,0.000,,,,,,,,,,,,,,,,false,killed before finishing
starexec,SWW394+1.p,e1b,equational,KILLED,,0.000,,,,,,,,,,,,,,,,false,killed before finishing
starexec,SWW394+1.p,e1b,first-negative,REFUTED,5223,3922.268,1776.544,107.105,4558.193,259,3972,246,3552,135,13,1364,786298,7832,1699,5224,false,false,
starexec,SWW394+1.p,e1b,occurrence,KILLED,,0.000,,,,,,,,,,,,,,,,false,killed before finishing
starexec,SWW394+1.p,e1b,subsumption-light,KILLED,,0.000,,,,,,,,,,,,,,,,false,killed before finishing
starexec,SWW394+1.p,e1b,unary-redundancy,KILLED,,0.000,,,,,,,,,,,,,,,,false,killed before finishing
starexec,SWW394+1.p,e1b,weight-greedy,REFUTED,5223,9905.635,7034.786,157.895,41465.494,1303,27414,1200,20670,571,41,5444,7004211,35546,3507,5224,false,false,
starexec,SWW470+5.p,e1b,age-fair,KILLED,,0.000,,,,,,,,,,,,,,,,false,killed before finishing
starexec,SWW470+5.p,e1b,balanced,REFUTED,162,3670.585,18056.220,117.606,19685.281,2725,272553,2057,266775,240,52,3102,12976319,21717,10205,163,false,false,
starexec,SWW470+5.p,e1b,equational,TIMEOUT,162,3493.974,166830.766,,,5138,1254206,4384,1243754,240,52,,,,,,,false,
starexec,SWW470+5.p,e1b,first-negative,KILLED,,0.000,,,,,,,,,,,,,,,,false,killed before finishing
starexec,SWW470+5.p,e1b,occurrence,REFUTED,162,9054.708,49852.145,217.343,35107.244,3249,608897,3057,588083,235,50,3263,12784552,20686,9883,163,false,false,
starexec,SWW470+5.p,e1b,subsumption-light,REFUTED,162,8648.929,35127.336,819.184,40404.429,2670,268647,2009,262869,240,52,3102,12976319,21717,10205,163,false,false,
starexec,SWW470+5.p,e1b,unary-redundancy,KILLED,,0.000,,,,,,,,,,,,,,,,false,killed before finishing
starexec,SWW470+5.p,e1b,weight-greedy,REFUTED,162,8597.304,118398.377,264.946,41012.250,8505,2208610,6480,2071606,240,52,3165,13416594,21860,10205,163,false,false,
starexec,SWW473+2.p,e1b,age-fair,KILLED,,0.000,,,,,,,,,,,,,,,,false,killed before finishing
starexec,SWW473+2.p,e1b,balanced,KILLED,,0.000,,,,,,,,,,,,,,,,false,killed before finishing
starexec,SWW473+2.p,e1b,equational,KILLED,,0.000,,,,,,,,,,,,,,,,false,killed before finishing
starexec,SWW473+2.p,e1b,first-negative,REFUTED,916,2613.317,2238.694,57.568,2840.470,454,7701,444,6773,117,9,1095,455779,5032,1421,917,false,false,
starexec,SWW473+2.p,e1b,occurrence,KILLED,,0.000,,,,,,,,,,,,,,,,false,killed before finishing
starexec,SWW473+2.p,e1b,subsumption-light,REFUTED,916,5498.899,5237.208,136.731,18526.634,925,13033,879,11229,369,28,3042,2332020,13919,2184,917,false,false,
starexec,SWW473+2.p,e1b,unary-redundancy,KILLED,,0.000,,,,,,,,,,,,,,,,false,killed before finishing
starexec,SWW473+2.p,e1b,weight-greedy,REFUTED,916,3004.404,12264.379,113.133,7164.294,2106,316733,1880,291843,246,19,2114,1367086,10218,1898,917,false,false,
starexec,SWW473+6.p,e1b,age-fair,KILLED,,0.000,,,,,,,,,,,,,,,,false,killed before finishing
starexec,SWW473+6.p,e1b,balanced,TIMEOUT,608,2657.054,166989.256,,,14044,4479490,12546,4442570,845,87,,,,,,,false,
starexec,SWW473+6.p,e1b,equational,KILLED,,0.000,,,,,,,,,,,,,,,,false,killed before finishing
starexec,SWW473+6.p,e1b,first-negative,KILLED,,0.000,,,,,,,,,,,,,,,,false,killed before finishing
starexec,SWW473+6.p,e1b,occurrence,KILLED,,0.000,,,,,,,,,,,,,,,,false,killed before finishing
starexec,SWW473+6.p,e1b,subsumption-light,KILLED,,0.000,,,,,,,,,,,,,,,,false,killed before finishing
starexec,SWW473+6.p,e1b,unary-redundancy,KILLED,,0.000,,,,,,,,,,,,,,,,false,killed before finishing
starexec,SWW473+6.p,e1b,weight-greedy,KILLED,,0.000,,,,,,,,,,,,,,,,false,killed before finishing
starexec,SWW474+3.p,e1b,age-fair,KILLED,,0.000,,,,,,,,,,,,,,,,false,killed before finishing
starexec,SWW474+3.p,e1b,balanced,TIMEOUT,1440,3700.870,166970.731,,,23323,5544444,20816,5492800,2284,309,,,,,,,false,
starexec,SWW474+3.p,e1b,equational,KILLED,,0.000,,,,,,,,,,,,,,,,false,killed before finishing
starexec,SWW474+3.p,e1b,first-negative,KILLED,,0.000,,,,,,,,,,,,,,,,false,killed before finishing
starexec,SWW474+3.p,e1b,occurrence,KILLED,,0.000,,,,,,,,,,,,,,,,false,killed before finishing
starexec,SWW474+3.p,e1b,subsumption-light,KILLED,,0.000,,,,,,,,,,,,,,,,false,killed before finishing
starexec,SWW474+3.p,e1b,unary-redundancy,KILLED,,0.000,,,,,,,,,,,,,,,,false,killed before finishing
starexec,SWW474+3.p,e1b,weight-greedy,TIMEOUT,1440,2999.312,166674.241,,,13193,4866026,11542,4606587,754,99,,,,,,,false,
starexec,SWW937+1.p,e1b,age-fair,TIMEOUT,28,2589.123,166661.636,,,6302,6151570,6248,6140806,95,19,,,,,,,false,
starexec,SWW937+1.p,e1b,balanced,TIMEOUT,28,1115.714,166392.997,,,11896,15626013,11756,15590083,181,24,,,,,,,false,
starexec,SWW937+1.p,e1b,equational,TIMEOUT,28,2043.791,166713.041,,,9634,9100736,9555,9069790,181,24,,,,,,,false,
starexec,SWW937+1.p,e1b,occurrence,TIMEOUT,28,2581.253,167200.444,,,9812,6978178,9513,6924929,95,19,,,,,,,false,
starexec,SWW937+1.p,e1b,subsumption-light,TIMEOUT,28,2022.661,166857.800,,,4982,2691713,4973,2678847,181,24,,,,,,,false,
starexec,SWW937+1.p,e1b,unary-redundancy,KILLED,,0.000,,,,,,,,,,,,,,,,false,killed before finishing
starexec,SWW937+1.p,e1b,weight-greedy,TIMEOUT,28,2021.589,166794.841,,,19480,6318700,19442,6204388,181,24,,,,,,,false,
starexec,SWW961+1.p,e1b,age-fair,REFUTED,176,2160.235,1276.513,197.202,829.340,197,273,186,177,177,0,1127,25643,2585,207,177,false,false,
starexec,SWW961+1.p,e1b,balanced,REFUTED,176,811.149,637.836,105.170,727.047,193,242,185,177,177,0,947,22877,2965,207,177,false,false,
starexec,SWW961+1.p,e1b,equational,REFUTED,176,1513.531,1224.213,209.994,1299.954,198,272,190,177,177,0,943,22813,2958,207,177,false,false,
starexec,SWW961+1.p,e1b,first-negative,REFUTED,176,2181.888,4180.997,185.808,988.796,550,38435,508,37755,177,0,1133,25827,2594,207,177,false,false,
starexec,SWW961+1.p,e1b,occurrence,REFUTED,176,2035.902,1145.331,143.430,835.259,185,219,181,177,177,0,1119,25525,2587,207,177,false,false,
starexec,SWW961+1.p,e1b,subsumption-light,REFUTED,176,1526.842,1352.509,199.947,1401.105,192,257,185,177,177,0,943,22813,2958,207,177,false,false,
starexec,SWW961+1.p,e1b,unary-redundancy,REFUTED,176,1991.225,1414.008,179.017,866.754,193,239,185,177,177,0,1119,25525,2587,207,177,false,false,
starexec,SWW961+1.p,e1b,weight-greedy,REFUTED,176,1066.578,764.868,131.590,828.577,184,219,181,177,177,0,947,22877,2965,207,177,false,false,
starexec,SWX051+1.p,e1b,balanced,TIMEOUT,292,2268.866,166518.151,,,35430,9354929,33797,9271357,579,168,,,,,,,false,
starexec,SWX051+1.p,e1b,equational,KILLED,,0.000,,,,,,,,,,,,,,,,false,killed before finishing
starexec,SWX051+1.p,e1b,first-negative,TIMEOUT,292,3617.527,166649.999,,,33880,9819190,30347,9741384,527,151,,,,,,,false,
starexec,SWX051+1.p,e1b,occurrence,KILLED,,0.000,,,,,,,,,,,,,,,,false,killed before finishing
starexec,SWX051+1.p,e1b,subsumption-light,KILLED,,0.000,,,,,,,,,,,,,,,,false,killed before finishing
starexec,SWX051+1.p,e1b,unary-redundancy,KILLED,,0.000,,,,,,,,,,,,,,,,false,killed before finishing
starexec,SWX051+1.p,e1b,weight-greedy,KILLED,,0.000,,,,,,,,,,,,,,,,false,killed before finishing
starexec,SWX185+1.p,e1b,age-fair,TIMEOUT,40,1025.597,166455.262,,,1389,2710438,1340,2708017,41,0,,,,,,,false,
starexec,SWX185+1.p,e1b,balanced,TIMEOUT,40,419.812,166294.981,,,1969,5241584,1776,5235850,41,0,,,,,,,false,
starexec,SWX185+1.p,e1b,equational,TIMEOUT,40,856.289,166381.334,,,1824,3881404,1679,3876672,41,0,,,,,,,false,
starexec,SWX185+1.p,e1b,first-negative,TIMEOUT,40,1146.188,166512.381,,,2303,2981037,2174,2971973,41,0,,,,,,,false,
starexec,SWX185+1.p,e1b,occurrence,TIMEOUT,40,1013.851,166389.217,,,3429,3457790,2666,3435123,41,0,,,,,,,false,
starexec,SWX185+1.p,e1b,subsumption-light,TIMEOUT,40,883.779,166517.622,,,1525,2811881,1371,2807645,41,0,,,,,,,false,
starexec,SWX185+1.p,e1b,unary-redundancy,TIMEOUT,40,1041.016,168719.816,,,1617,2293141,1508,2288249,41,0,,,,,,,false,
starexec,SWX185+1.p,e1b,weight-greedy,REFUTED,40,1079.593,124284.690,289.393,848.149,6452,2226733,3813,2065052,41,0,407,18871,1026,91,41,false,false,
starexec,SWX187+1.p,e1b,age-fair,REFUTED,16,1246.553,12978.830,394.200,977.305,1247,34853,1200,31006,18,0,420,49740,1260,279,17,false,false,
starexec,SWX187+1.p,e1b,balanced,REFUTED,16,579.522,8262.218,291.483,807.047,1419,56153,1394,51863,18,0,569,70985,1530,293,17,false,false,
starexec,SWX187+1.p,e1b,equational,REFUTED,16,1082.617,14462.301,564.271,1222.307,1391,50269,1365,46251,18,0,569,70985,1530,293,17,false,false,
starexec,SWX187+1.p,e1b,first-negative,REFUTED,16,1341.139,5329.570,383.150,914.188,284,5295,271,4140,18,0,347,36427,957,249,17,false,false,
starexec,SWX187+1.p,e1b,occurrence,REFUTED,16,1175.363,11585.837,316.701,765.405,1023,35391,993,31998,18,0,354,38191,1018,257,17,false,false,
starexec,SWX187+1.p,e1b,subsumption-light,REFUTED,16,984.371,15594.371,315.375,868.735,1418,56115,1394,51832,18,0,602,75220,1604,293,17,false,false,
starexec,SWX187+1.p,e1b,unary-redundancy,REFUTED,16,1126.073,15489.776,248.828,565.964,1315,50770,1285,46598,18,0,421,50054,1266,279,17,false,false,
starexec,SWX187+1.p,e1b,weight-greedy,REFUTED,16,983.520,19991.973,339.899,841.679,1920,103884,1670,87891,18,0,340,37246,1025,257,17,false,false,
starexec,SWX189+1.p,e1b,age-fair,TIMEOUT,53,1237.699,166393.892,,,3183,2792426,3032,2786226,54,0,,,,,,,false,
starexec,SWX189+1.p,e1b,balanced,TIMEOUT,53,509.377,166368.913,,,7075,7125614,6636,7104432,54,0,,,,,,,false,
starexec,SWX189+1.p,e1b,equational,TIMEOUT,53,945.822,166469.107,,,6370,4716311,5980,4697017,54,0,,,,,,,false,
starexec,SWX189+1.p,e1b,first-negative,TIMEOUT,53,1325.225,169626.756,,,10030,7012764,9611,6986126,54,0,,,,,,,false,
starexec,SWX189+1.p,e1b,occurrence,TIMEOUT,53,1259.729,166417.398,,,13639,5100082,11838,5027890,54,0,,,,,,,false,
starexec,SWX189+1.p,e1b,subsumption-light,TIMEOUT,53,903.723,166667.274,,,5184,2509027,4834,2493141,54,0,,,,,,,false,
starexec,SWX189+1.p,e1b,unary-redundancy,TIMEOUT,53,1235.336,166532.652,,,7522,4424357,6745,4406111,54,0,,,,,,,false,
starexec,SWX189+1.p,e1b,weight-greedy,TIMEOUT,53,934.059,169439.849,,,11588,3934677,9473,3672331,54,0,,,,,,,false,
starexec,SWX194+1.p,e1b,age-fair,TIMEOUT,71,1447.010,166540.762,,,2180,3541082,2070,3538007,71,0,,,,,,,false,
starexec,SWX194+1.p,e1b,balanced,TIMEOUT,71,551.705,166425.894,,,3955,6392278,3767,6383394,72,0,,,,,,,false,
starexec,SWX194+1.p,e1b,equational,TIMEOUT,71,1045.586,166525.736,,,3261,3918552,2994,3910580,72,0,,,,,,,false,
starexec,SWX194+1.p,e1b,first-negative,TIMEOUT,71,1515.915,166509.841,,,4835,9266868,4705,9254008,71,0,,,,,,,false,
starexec,SWX194+1.p,e1b,occurrence,TIMEOUT,71,1395.006,166453.697,,,6814,4805330,5669,4760343,71,0,,,,,,,false,
starexec,SWX194+1.p,e1b,subsumption-light,TIMEOUT,71,1035.320,166563.445,,,3466,3680388,3256,3672560,72,0,,,,,,,false,
starexec,SWX194+1.p,e1b,unary-redundancy,TIMEOUT,71,1432.136,166614.031,,,4856,3575435,4639,3562269,71,0,,,,,,,false,
starexec,SWX194+1.p,e1b,weight-greedy,TIMEOUT,71,1021.749,166510.066,,,5715,4855162,5302,4806047,72,0,,,,,,,false,
starexec,SWX197+1.p,e1b,age-fair,TIMEOUT,73,802.764,166255.457,,,3750,5069843,3430,5062903,74,0,,,,,,,false,
starexec,SWX197+1.p,e1b,balanced,TIMEOUT,73,590.273,166299.819,,,4271,5748672,4049,5738006,74,0,,,,,,,false,
starexec,SWX197+1.p,e1b,equational,TIMEOUT,73,619.709,166279.609,,,4334,5686922,4044,5676028,74,0,,,,,,,false,
starexec,SWX197+1.p,e1b,first-negative,TIMEOUT,73,884.013,166265.090,,,4405,8092920,4308,8080806,74,0,,,,,,,false,
starexec,SWX197+1.p,e1b,occurrence,TIMEOUT,73,831.588,166271.307,,,5985,5788503,5629,5758855,74,0,,,,,,,false,
starexec,SWX197+1.p,e1b,subsumption-light,TIMEOUT,73,661.650,166337.452,,,4156,5484191,3916,5473835,74,0,,,,,,,false,
starexec,SWX197+1.p,e1b,unary-redundancy,TIMEOUT,73,830.403,166307.673,,,4243,5263248,4092,5252994,74,0,,,,,,,false,
starexec,SWX197+1.p,e1b,weight-greedy,TIMEOUT,73,616.531,166285.733,,,7760,5931367,7148,5864674,74,0,,,,,,,false,
starexec,SWX199+1.p,e1b,age-fair,REFUTED,12,1104.214,39891.437,250.089,581.794,1078,575457,586,572108,14,0,267,20138,722,132,13,false,false,
starexec,SWX199+1.p,e1b,balanced,REFUTED,12,513.916,4986.103,151.045,453.490,194,51442,124,50723,14,0,267,20579,738,132,13,false,false,
starexec,SWX199+1.p,e1b,equational,REFUTED,12,1018.577,9527.131,284.155,801.847,194,51214,124,50495,14,0,267,20559,740,132,13,false,false,
starexec,SWX199+1.p,e1b,first-negative,REFUTED,12,1321.747,3943.946,252.035,656.687,159,8847,121,7900,14,0,263,19715,708,132,13,false,false,
starexec,SWX199+1.p,e1b,occurrence,REFUTED,12,1073.291,36108.318,191.878,587.443,828,721470,582,717988,14,0,254,18821,682,128,13,false,false,
starexec,SWX199+1.p,e1b,subsumption-light,REFUTED,12,939.140,12260.101,194.915,474.052,199,52450,124,51724,14,0,261,20291,728,132,13,false,false,
starexec,SWX199+1.p,e1b,unary-redundancy,TIMEOUT,12,873.394,166982.591,,,733,2419196,708,2417652,14,0,,,,,,,false,
starexec,SWX199+1.p,e1b,weight-greedy,REFUTED,12,1000.650,2449.019,235.642,698.716,176,5149,101,4405,14,0,220,16209,645,121,13,false,false,
starexec,SWX200+1.p,e1b,age-fair,REFUTED,15,1110.744,662.285,76.357,416.680,26,41,19,19,19,0,175,8160,525,143,16,false,false,
starexec,SWX200+1.p,e1b,balanced,REFUTED,15,503.137,355.737,68.974,317.606,23,33,20,19,19,0,161,7737,550,143,16,false,false,
starexec,SWX200+1.p,e1b,equational,REFUTED,15,942.000,522.174,125.594,592.077,18,24,16,19,19,0,161,7737,550,143,16,false,false,
starexec,SWX200+1.p,e1b,first-negative,REFUTED,15,1263.139,645.254,79.560,444.862,25,35,22,19,19,0,175,8165,525,143,16,false,false,
starexec,SWX200+1.p,e1b,occurrence,REFUTED,15,1134.889,558.259,77.164,446.990,18,25,15,19,19,0,175,8160,525,143,16,false,false,
starexec,SWX200+1.p,e1b,subsumption-light,REFUTED,15,963.973,624.839,109.248,607.766,23,33,20,19,19,0,161,7737,550,143,16,false,false,
starexec,SWX200+1.p,e1b,unary-redundancy,REFUTED,15,1119.468,632.319,77.643,419.043,23,33,20,19,19,0,175,8160,525,143,16,false,false,
starexec,SWX200+1.p,e1b,weight-greedy,REFUTED,15,975.580,475.411,133.916,570.570,16,20,13,19,19,0,161,7737,550,143,16,false,false,
starexec,SWX201+1.p,e1b,age-fair,TIMEOUT,28,1042.996,168283.221,,,2779,2648705,2662,2642324,30,0,,,,,,,false,
starexec,SWX201+1.p,e1b,balanced,TIMEOUT,28,467.034,166875.192,,,4695,5372436,4518,5359422,30,0,,,,,,,false,
starexec,SWX201+1.p,e1b,equational,TIMEOUT,28,850.716,168900.347,,,3849,3074877,3594,3064355,30,0,,,,,,,false,
starexec,SWX201+1.p,e1b,first-negative,TIMEOUT,28,1171.419,166386.815,,,6390,1759942,5966,1729404,30,0,,,,,,,false,
starexec,SWX201+1.p,e1b,occurrence,TIMEOUT,28,1055.428,166437.389,,,3441,3052285,3007,3034698,30,0,,,,,,,false,
starexec,SWX201+1.p,e1b,subsumption-light,TIMEOUT,28,862.777,166351.507,,,2485,1468555,2351,1462599,30,0,,,,,,,false,
starexec,SWX201+1.p,e1b,unary-redundancy,TIMEOUT,28,1015.847,166414.389,,,2574,1457199,2422,1451227,30,0,,,,,,,false,
starexec,SWX201+1.p,e1b,weight-greedy,TIMEOUT,28,860.807,166490.622,,,6904,2980487,6342,2920441,30,0,,,,,,,false,
starexec,SWX202+1.p,e1b,age-fair,TIMEOUT,28,1090.209,166772.718,,,3227,4925401,3046,4919222,30,0,,,,,,,false,
starexec,SWX202+1.p,e1b,balanced,TIMEOUT,28,484.167,166981.393,,,4960,9261949,4770,9247315,30,0,,,,,,,false,
starexec,SWX202+1.p,e1b,equational,TIMEOUT,28,844.762,166632.592,,,4200,5125927,3908,5114219,30,0,,,,,,,false,
starexec,SWX202+1.p,e1b,first-negative,TIMEOUT,28,1164.757,166378.808,,,3898,1866097,3446,1850925,30,0,,,,,,,false,
starexec,SWX202+1.p,e1b,occurrence,TIMEOUT,28,1101.224,166373.178,,,2652,3417433,2304,3399238,30,0,,,,,,,false,
starexec,SWX202+1.p,e1b,subsumption-light,TIMEOUT,28,871.762,166388.627,,,3076,2407750,2898,2400217,30,0,,,,,,,false,
starexec,SWX202+1.p,e1b,unary-redundancy,TIMEOUT,28,1065.715,166316.129,,,3000,2290818,2822,2283564,30,0,,,,,,,false,
starexec,SWX202+1.p,e1b,weight-greedy,TIMEOUT,28,846.130,166430.889,,,8060,2945874,7391,2876784,30,0,,,,,,,false,
starexec,SWX203+1.p,e1b,age-fair,REFUTED,21,1272.038,31099.637,380.544,917.960,6752,93956,5013,74433,29,0,538,35218,1015,143,22,false,false,
starexec,SWX203+1.p,e1b,balanced,REFUTED,21,541.693,4498.790,218.935,613.438,1430,19400,981,14098,29,0,517,31883,1041,143,22,false,false,
starexec,SWX203+1.p,e1b,equational,REFUTED,21,1060.048,10617.299,406.589,1183.672,1504,24666,1007,16018,29,0,546,34130,1094,154,22,false,false,
starexec,SWX203+1.p,e1b,first-negative,REFUTED,21,1433.332,11696.120,320.502,751.943,1572,58154,1441,53063,29,0,452,26776,916,160,22,false,false,
starexec,SWX203+1.p,e1b,occurrence,REFUTED,21,1267.729,7610.076,435.243,949.950,1189,22475,1021,18761,29,0,586,39026,1015,143,22,false,false,
starexec,SWX203+1.p,e1b,subsumption-light,REFUTED,21,1059.124,9555.984,410.257,946.694,1109,15047,836,10643,29,0,509,31623,1037,143,22,false,false,
starexec,SWX203+1.p,e1b,unary-redundancy,REFUTED,21,1284.104,11843.896,406.186,824.736,1288,21833,1137,17176,29,0,570,36672,1011,143,22,false,false,
starexec,SWX203+1.p,e1b,weight-greedy,REFUTED,21,1075.389,2413.496,443.377,1121.748,153,2806,121,2068,29,0,493,29437,1014,143,22,false,false,
starexec,SWX209+1.p,e1b,age-fair,TIMEOUT,49,1324.895,166348.833,,,3209,2958320,3091,2952372,56,0,,,,,,,false,
starexec,SWX209+1.p,e1b,balanced,TIMEOUT,49,508.517,166363.260,,,4923,5392258,4730,5376154,56,0,,,,,,,false,
starexec,SWX209+1.p,e1b,equational,TIMEOUT,49,943.888,166609.967,,,4360,2825205,4306,2813863,56,0,,,,,,,false,
starexec,SWX209+1.p,e1b,first-negative,TIMEOUT,49,1416.152,166395.858,,,6285,4841842,5667,4828692,56,0,,,,,,,false,
starexec,SWX209+1.p,e1b,occurrence,TIMEOUT,49,1277.173,166919.105,,,5370,3527850,4870,3491198,56,0,,,,,,,false,
starexec,SWX209+1.p,e1b,subsumption-light,TIMEOUT,49,977.834,166728.730,,,2738,1255529,2599,1247535,56,0,,,,,,,false,
starexec,SWX209+1.p,e1b,unary-redundancy,TIMEOUT,49,1299.506,166935.659,,,2356,1248605,2184,1241609,56,0,,,,,,,false,
starexec,SWX209+1.p,e1b,weight-greedy,REFUTED,49,1127.643,30332.367,163.503,701.311,4997,465221,4060,426878,56,0,614,28119,1794,136,50,false,false,
starexec,SWX210+1.p,e1b,age-fair,TIMEOUT,49,1351.021,166485.083,,,2911,2894954,2846,2889611,56,0,,,,,,,false,
starexec,SWX210+1.p,e1b,balanced,TIMEOUT,49,514.451,166217.386,,,4429,5047844,4070,5034943,56,0,,,,,,,false,
starexec,SWX210+1.p,e1b,equational,TIMEOUT,49,966.205,166435.456,,,4300,3185347,4230,3175413,56,0,,,,,,,false,
starexec,SWX210+1.p,e1b,first-negative,TIMEOUT,49,1451.798,166362.254,,,7668,6902890,6948,6886122,56,0,,,,,,,false,
starexec,SWX210+1.p,e1b,occurrence,TIMEOUT,49,1281.820,166647.090,,,6194,3431990,5509,3400108,56,0,,,,,,,false,
starexec,SWX210+1.p,e1b,subsumption-light,TIMEOUT,49,934.342,166599.947,,,3235,1692753,2858,1683781,56,0,,,,,,,false,
starexec,SWX210+1.p,e1b,unary-redundancy,TIMEOUT,49,1312.081,166458.786,,,3022,1657002,2878,1647976,56,0,,,,,,,false,
starexec,SWX210+1.p,e1b,weight-greedy,REFUTED,49,1216.591,24823.786,308.019,1092.365,4185,341097,3657,311050,56,0,741,35005,1925,136,50,false,false,
starexec,SWX211+1.p,e1b,age-fair,TIMEOUT,49,1292.668,166942.679,,,3374,4327131,3286,4320936,56,0,,,,,,,false,
starexec,SWX211+1.p,e1b,balanced,TIMEOUT,49,501.807,166293.465,,,5331,7925035,5208,7909289,56,0,,,,,,,false,
starexec,SWX211+1.p,e1b,equational,TIMEOUT,49,993.804,166701.797,,,4994,4683003,4941,4670361,56,0,,,,,,,false,
starexec,SWX211+1.p,e1b,first-negative,TIMEOUT,49,1395.526,166433.473,,,8906,5100245,8118,5084914,56,0,,,,,,,false,
starexec,SWX211+1.p,e1b,occurrence,TIMEOUT,49,1265.662,166731.274,,,6080,4123295,5625,4087318,56,0,,,,,,,false,
starexec,SWX211+1.p,e1b,subsumption-light,TIMEOUT,49,996.328,166419.156,,,3329,1851319,3192,1841171,56,0,,,,,,,false,
starexec,SWX211+1.p,e1b,unary-redundancy,TIMEOUT,49,1265.167,166457.063,,,3060,1854659,2920,1844723,56,0,,,,,,,false,
starexec,SWX211+1.p,e1b,weight-greedy,REFUTED,49,1259.691,85021.106,255.431,1146.862,9481,2785623,8233,2682166,56,0,621,31839,1870,136,50,false,false,
starexec,SWX212+1.p,e1b,age-fair,TIMEOUT,49,1329.634,166533.078,,,3365,3125788,3315,3120846,57,0,,,,,,,false,
starexec,SWX212+1.p,e1b,balanced,TIMEOUT,49,497.506,166553.679,,,6002,6352281,5901,6337587,57,0,,,,,,,false,
starexec,SWX212+1.p,e1b,equational,TIMEOUT,49,956.799,166698.578,,,4882,3624750,4826,3614390,57,0,,,,,,,false,
starexec,SWX212+1.p,e1b,first-negative,TIMEOUT,49,1428.011,166503.827,,,4622,4714118,4510,4704872,57,0,,,,,,,false,
starexec,SWX212+1.p,e1b,occurrence,TIMEOUT,49,1338.143,166444.794,,,7166,3921564,6795,3884687,57,0,,,,,,,false,
starexec,SWX212+1.p,e1b,subsumption-light,TIMEOUT,49,977.720,166474.250,,,2189,838019,2130,832589,57,0,,,,,,,false,
starexec,SWX212+1.p,e1b,unary-redundancy,TIMEOUT,49,1304.914,166377.510,,,2502,920262,2254,913758,57,0,,,,,,,false,
starexec,SWX212+1.p,e1b,weight-greedy,REFUTED,49,1288.486,16703.942,352.446,1246.481,3533,142962,3141,125327,57,0,757,39731,1973,136,50,false,false,
starexec,SWX217+1.p,e1b,age-fair,TIMEOUT,23,913.824,166294.287,,,3112,3135643,2642,3128745,25,0,,,,,,,false,
starexec,SWX217+1.p,e1b,balanced,TIMEOUT,23,417.119,166190.145,,,7040,5381173,6323,5359011,25,0,,,,,,,false,
starexec,SWX217+1.p,e1b,equational,TIMEOUT,23,774.257,166399.066,,,5022,3653584,4213,3636076,25,0,,,,,,,false,
starexec,SWX217+1.p,e1b,first-negative,REFUTED,23,1186.518,97814.203,179.906,410.563,3836,2507185,3180,2496117,25,0,454,18194,833,81,24,false,false,
starexec,SWX217+1.p,e1b,occurrence,TIMEOUT,23,895.200,169801.267,,,8392,3937325,7170,3894169,25,0,,,,,,,false,
starexec,SWX217+1.p,e1b,subsumption-light,TIMEOUT,23,770.250,166423.851,,,4681,3161599,4054,3147129,25,0,,,,,,,false,
starexec,SWX217+1.p,e1b,unary-redundancy,TIMEOUT,23,918.779,166386.411,,,6667,3385216,5799,3367764,25,0,,,,,,,false,
starexec,SWX217+1.p,e1b,weight-greedy,TIMEOUT,23,754.839,166340.731,,,11438,2735153,10638,2652138,25,0,,,,,,,false,
starexec,SWX219+1.p,e1b,age-fair,REFUTED,31,1404.454,1864.431,222.678,716.725,353,872,341,439,36,0,373,18880,1209,181,32,false,false,
starexec,SWX219+1.p,e1b,balanced,REFUTED,31,580.141,574.309,115.728,491.816,133,236,129,78,36,0,343,18031,1249,181,32,false,false,
starexec,SWX219+1.p,e1b,equational,REFUTED,31,1100.624,1124.550,186.621,845.492,128,224,124,70,36,0,343,18031,1249,181,32,false,false,
starexec,SWX219+1.p,e1b,first-negative,TIMEOUT,31,1225.066,166634.988,,,15012,5416413,15006,5388003,36,0,,,,,,,false,
starexec,SWX219+1.p,e1b,occurrence,REFUTED,31,1377.604,1463.226,203.305,669.671,263,564,258,197,36,0,373,18880,1209,181,32,false,false,
starexec,SWX219+1.p,e1b,subsumption-light,REFUTED,31,1094.388,1228.994,270.788,857.219,132,233,128,75,36,0,343,18031,1249,181,32,false,false,
starexec,SWX219+1.p,e1b,unary-redundancy,REFUTED,31,1358.231,1173.090,224.318,712.368,133,233,129,75,36,0,373,18880,1209,181,32,false,false,
starexec,SWX219+1.p,e1b,weight-greedy,REFUTED,31,1051.703,2811.965,180.008,639.123,660,4455,636,2859,36,0,343,18031,1249,181,32,false,false,
starexec,SWX220+1.p,e1b,age-fair,REFUTED,31,1312.674,1668.624,225.718,729.811,300,717,293,352,36,0,376,19058,1214,181,32,false,false,
starexec,SWX220+1.p,e1b,balanced,REFUTED,31,567.846,628.577,115.040,417.657,175,318,169,108,36,0,340,18101,1250,181,32,false,false,
starexec,SWX220+1.p,e1b,equational,REFUTED,31,1091.128,1292.938,218.577,799.362,204,404,198,150,36,0,340,18101,1250,181,32,false,false,
starexec,SWX220+1.p,e1b,first-negative,TIMEOUT,31,1135.407,166405.222,,,15654,5313275,15648,5283915,36,0,,,,,,,false,
starexec,SWX220+1.p,e1b,occurrence,REFUTED,31,1191.624,1348.222,162.940,660.248,258,556,252,194,36,0,376,19058,1214,181,32,false,false,
starexec,SWX220+1.p,e1b,subsumption-light,REFUTED,31,1091.616,1329.626,207.433,964.513,177,324,171,110,36,0,340,18101,1250,181,32,false,false,
starexec,SWX220+1.p,e1b,unary-redundancy,REFUTED,31,1269.932,1454.804,195.729,649.499,195,384,189,138,36,0,376,19058,1214,181,32,false,false,
starexec,SWX220+1.p,e1b,weight-greedy,REFUTED,31,1163.071,5244.666,225.701,989.037,1600,13479,1518,8834,36,0,340,18101,1250,181,32,false,false,
starexec,SWX221+1.p,e1b,age-fair,REFUTED,35,1294.726,2540.620,241.027,808.027,604,1352,594,668,43,0,457,25954,1470,181,36,false,false,
starexec,SWX221+1.p,e1b,balanced,REFUTED,35,589.666,838.397,116.822,478.912,293,506,281,182,43,0,408,24485,1516,181,36,false,false,
starexec,SWX221+1.p,e1b,equational,REFUTED,35,1101.865,1603.245,237.099,928.451,297,513,285,185,43,0,408,24485,1516,181,36,false,false,
starexec,SWX221+1.p,e1b,first-negative,TIMEOUT,35,764.682,166248.732,,,20783,6452577,19513,6420619,43,0,,,,,,,false,
starexec,SWX221+1.p,e1b,occurrence,REFUTED,35,1234.688,1284.404,216.351,734.174,208,319,196,74,43,0,457,25954,1470,181,36,false,false,
starexec,SWX221+1.p,e1b,subsumption-light,REFUTED,35,1094.489,1924.232,227.044,1071.562,293,506,281,182,43,0,408,24485,1516,181,36,false,false,
starexec,SWX221+1.p,e1b,unary-redundancy,REFUTED,35,1311.944,1859.789,225.928,810.829,282,506,270,182,43,0,457,25954,1470,181,36,false,false,
starexec,SWX221+1.p,e1b,weight-greedy,REFUTED,35,1059.100,7917.583,234.043,1038.683,1570,22662,1532,19174,43,0,409,24543,1516,181,36,false,false,
starexec,SWX222+1.p,e1b,age-fair,REFUTED,35,1327.029,927.520,136.844,672.199,92,128,86,43,43,0,373,16776,1271,181,36,false,false,
starexec,SWX222+1.p,e1b,balanced,REFUTED,35,582.632,457.574,86.479,424.345,66,86,64,43,43,0,339,15785,1318,181,36,false,false,
starexec,SWX222+1.p,e1b,equational,REFUTED,35,1064.074,769.447,130.112,897.145,63,83,61,43,43,0,339,15785,1318,181,36,false,false,
starexec,SWX222+1.p,e1b,first-negative,REFUTED,35,1463.935,1084.822,167.500,702.724,96,297,94,157,43,0,375,16829,1266,181,36,false,false,
starexec,SWX222+1.p,e1b,occurrence,REFUTED,35,1384.115,765.002,131.246,626.317,58,75,56,43,43,0,373,16776,1271,181,36,false,false,
starexec,SWX222+1.p,e1b,subsumption-light,REFUTED,35,1032.723,818.674,133.517,892.891,61,81,60,43,43,0,339,15785,1318,181,36,false,false,
starexec,SWX222+1.p,e1b,unary-redundancy,REFUTED,35,1335.905,805.059,123.526,659.065,60,81,59,43,43,0,373,16776,1271,181,36,false,false,
starexec,SWX222+1.p,e1b,weight-greedy,REFUTED,35,1061.577,793.836,128.530,848.461,66,79,64,43,43,0,339,15785,1318,181,36,false,false,
starexec,SWX223+1.p,e1b,age-fair,REFUTED,35,1370.586,2525.481,225.717,766.212,544,1120,523,507,43,0,433,23027,1408,181,36,false,false,
starexec,SWX223+1.p,e1b,balanced,REFUTED,35,584.906,684.371,111.913,555.137,211,353,199,113,43,0,390,21822,1444,181,36,false,false,
starexec,SWX223+1.p,e1b,equational,REFUTED,35,1111.136,1324.356,235.988,914.346,209,346,197,108,43,0,390,21822,1444,181,36,false,false,
starexec,SWX223+1.p,e1b,first-negative,TIMEOUT,35,1246.051,166400.226,,,15149,575220,13346,550508,43,0,,,,,,,false,
starexec,SWX223+1.p,e1b,occurrence,REFUTED,35,1333.297,1173.180,241.470,687.711,173,256,161,53,43,0,433,23027,1408,181,36,false,false,
starexec,SWX223+1.p,e1b,subsumption-light,REFUTED,35,1171.404,1603.822,245.537,1085.767,211,353,199,113,43,0,390,21822,1444,181,36,false,false,
starexec,SWX223+1.p,e1b,unary-redundancy,REFUTED,35,1386.064,1571.199,226.326,804.853,209,346,197,108,43,0,433,23027,1408,181,36,false,false,
starexec,SWX223+1.p,e1b,weight-greedy,REFUTED,35,786.217,1617.691,150.893,708.983,490,2584,478,1771,43,0,390,21750,1444,181,36,false,false,
starexec,SWX224+1.p,e1b,age-fair,REFUTED,31,1388.306,1285.200,183.001,669.646,176,349,170,138,36,0,358,16848,1171,181,32,false,false,
starexec,SWX224+1.p,e1b,balanced,REFUTED,31,511.137,547.660,113.487,422.706,137,234,131,74,36,0,322,15887,1209,181,32,false,false,
starexec,SWX224+1.p,e1b,equational,REFUTED,31,1103.857,1090.429,210.065,865.081,137,234,131,74,36,0,322,15887,1209,181,32,false,false,
starexec,SWX224+1.p,e1b,first-negative,REFUTED,31,947.071,29153.994,100.995,403.229,6902,1298245,6896,1285172,36,0,353,16564,1178,181,32,false,false,
starexec,SWX224+1.p,e1b,occurrence,REFUTED,31,1324.864,1307.241,159.624,686.410,197,402,191,130,36,0,358,16848,1171,181,32,false,false,
starexec,SWX224+1.p,e1b,subsumption-light,REFUTED,31,1102.076,1016.062,220.576,819.465,98,145,95,39,36,0,320,15758,1209,181,32,false,false,
starexec,SWX224+1.p,e1b,unary-redundancy,REFUTED,31,1266.292,980.113,213.140,676.583,95,148,92,39,36,0,356,16719,1171,181,32,false,false,
starexec,SWX224+1.p,e1b,weight-greedy,REFUTED,31,757.408,1285.435,131.177,640.968,464,1770,443,788,36,0,322,15887,1209,181,32,false,false,
starexec,SWX240_1.p,e1b,age-fair,TIMEOUT,56,874.235,166408.969,,,3930,6258855,3820,6251888,70,0,,,,,,,false,
starexec,SWX240_1.p,e1b,balanced,TIMEOUT,56,346.129,166542.718,,,12351,11652001,12041,11609201,70,0,,,,,,,false,
starexec,SWX240_1.p,e1b,equational,TIMEOUT,56,652.970,166325.461,,,10291,7073042,10086,7044714,70,0,,,,,,,false,
starexec,SWX240_1.p,e1b,first-negative,TIMEOUT,56,1344.367,166803.908,,,12440,5209041,12417,5178853,70,0,,,,,,,false,
starexec,SWX240_1.p,e1b,occurrence,TIMEOUT,56,867.671,166286.799,,,8295,7240771,7938,7173434,70,0,,,,,,,false,
starexec,SWX240_1.p,e1b,subsumption-light,TIMEOUT,56,623.141,166284.557,,,9025,5436100,8892,5401872,70,0,,,,,,,false,
starexec,SWX240_1.p,e1b,unary-redundancy,TIMEOUT,56,845.947,166282.668,,,7022,4687995,6940,4667441,70,0,,,,,,,false,
starexec,SWX240_1.p,e1b,weight-greedy,REFUTED,56,825.615,6962.487,220.706,778.605,1758,91990,1529,81047,70,0,749,42513,2219,136,57,false,false,
starexec,SWX241_1.p,e1b,age-fair,TIMEOUT,64,1417.321,166460.944,,,4800,4173274,4667,4163053,79,0,,,,,,,false,
starexec,SWX241_1.p,e1b,balanced,TIMEOUT,64,559.527,166242.899,,,14518,7776495,14132,7732697,79,0,,,,,,,false,
starexec,SWX241_1.p,e1b,equational,TIMEOUT,64,1021.999,166583.208,,,4958,4224462,4766,4208556,79,0,,,,,,,false,
starexec,SWX241_1.p,e1b,first-negative,TIMEOUT,64,1512.554,168801.991,,,13609,6944224,13596,6914650,79,0,,,,,,,false,
starexec,SWX241_1.p,e1b,occurrence,TIMEOUT,64,1430.246,166405.051,,,6852,4190800,6477,4126829,79,0,,,,,,,false,
starexec,SWX241_1.p,e1b,subsumption-light,TIMEOUT,64,1041.969,166476.303,,,4262,3211758,4141,3197766,79,0,,,,,,,false,
starexec,SWX241_1.p,e1b,unary-redundancy,TIMEOUT,64,1448.562,166508.491,,,4025,3113526,3909,3095630,79,0,,,,,,,false,
starexec,SWX241_1.p,e1b,weight-greedy,REFUTED,64,1346.211,24675.332,381.454,1369.724,2943,459234,2667,430992,79,0,1033,60403,2875,136,65,false,false,
starexec,SYN076+1.p,e1b,age-fair,TIMEOUT,1,1547.610,166604.585,,,1486,3360597,1286,3357210,31,18,,,,,,,false,
starexec,SYN076+1.p,e1b,balanced,TIMEOUT,1,730.492,166491.283,,,2153,6182177,2030,6174679,48,16,,,,,,,false,
starexec,SYN076+1.p,e1b,equational,TIMEOUT,1,1398.843,166460.776,,,1577,3375698,1472,3370286,48,16,,,,,,,false,
starexec,SYN076+1.p,e1b,first-negative,SATURATED,1,1601.888,730.698,,,35,35,35,23,31,18,,,,,,,false,
starexec,SYN076+1.p,e1b,occurrence,TIMEOUT,1,1618.673,166501.050,,,1917,3152364,1554,3139587,31,18,,,,,,,false,
starexec,SYN076+1.p,e1b,subsumption-light,TIMEOUT,1,1396.027,168677.902,,,103,10582,99,10370,48,16,,,,,,,false,
starexec,SYN076+1.p,e1b,unary-redundancy,KILLED,,0.000,,,,,,,,,,,,,,,,false,killed before finishing
starexec,SYN076+1.p,e1b,weight-greedy,TIMEOUT,1,1404.110,166541.564,,,3367,416642,2872,396061,48,16,,,,,,,false,
starexec,SYN077+1.p,e1b,age-fair,REFUTED,1,1428.870,974.910,93.089,1500.728,86,203,48,71,7,5,208,71516,624,881,2,false,false,
starexec,SYN077+1.p,e1b,balanced,REFUTED,1,706.031,408.015,78.656,893.786,52,87,34,17,9,6,241,63879,670,637,2,false,false,
starexec,SYN077+1.p,e1b,equational,REFUTED,1,1378.735,705.505,119.319,1627.636,51,86,34,18,9,6,241,63879,670,637,2,false,false,
starexec,SYN077+1.p,e1b,first-negative,REFUTED,1,1671.179,1828.496,219.762,1689.054,269,1580,155,1008,7,5,257,91975,615,881,2,false,false,
starexec,SYN077+1.p,e1b,occurrence,REFUTED,1,1422.493,751.971,98.896,1531.148,48,86,32,25,7,5,208,71516,628,881,2,false,false,
starexec,SYN077+1.p,e1b,subsumption-light,REFUTED,1,1353.842,732.634,120.863,1591.250,41,64,33,14,9,6,240,63538,670,637,2,false,false,
starexec,SYN077+1.p,e1b,unary-redundancy,REFUTED,1,1455.655,687.569,92.415,1522.144,38,69,31,24,7,5,204,69863,628,881,2,false,false,
starexec,SYN077+1.p,e1b,weight-greedy,REFUTED,1,1332.991,683.253,141.485,1630.840,50,97,43,31,9,6,248,66256,675,637,2,false,false,
starexec,SYN353+1.p,e1b,age-fair,REFUTED,0,2157.047,886.960,137.140,5632.436,96,365,43,81,19,3,242,314165,1079,9570,1,false,false,
starexec,SYN353+1.p,e1b,balanced,REFUTED,0,912.839,468.470,100.056,3159.538,74,282,32,81,21,2,219,277626,801,11878,1,false,false,
starexec,SYN353+1.p,e1b,equational,REFUTED,0,1636.129,848.157,162.318,6032.300,74,282,32,81,21,2,219,277626,801,11878,1,false,false,
starexec,SYN353+1.p,e1b,first-negative,REFUTED,0,2421.553,46770.508,260.644,5613.222,4991,1612587,3560,1593697,19,3,502,647880,1196,9570,1,false,false,
starexec,SYN353+1.p,e1b,occurrence,REFUTED,0,2076.429,865.441,141.755,5576.615,70,236,37,60,19,3,245,317887,1076,9570,1,false,false,
starexec,SYN353+1.p,e1b,subsumption-light,REFUTED,0,1699.805,931.750,173.965,6042.230,62,177,26,32,21,2,231,290440,796,11878,1,false,false,
starexec,SYN353+1.p,e1b,unary-redundancy,REFUTED,0,2382.951,948.018,160.931,5871.999,66,176,32,28,19,3,261,338341,1075,9570,1,false,false,
starexec,SYN353+1.p,e1b,weight-greedy,REFUTED,0,1554.903,778.641,170.583,5681.549,66,211,30,57,21,2,216,274289,801,11878,1,false,false,
starexec,SYN986+1.004.p,e1b,age-fair,EXHAUSTED,2,860.285,957.840,,,0,0,0,0,3,0,,,,,,,false,StackOverflowError:  at Core$Trail$Applier.apply:975
starexec,SYN986+1.004.p,e1b,balanced,EXHAUSTED,2,398.023,548.816,,,0,0,0,0,3,0,,,,,,,false,StackOverflowError:  at Core$Trail$Applier.apply:975
starexec,SYN986+1.004.p,e1b,equational,EXHAUSTED,2,752.264,963.612,,,0,0,0,0,3,0,,,,,,,false,StackOverflowError:  at Core$Trail$Applier.apply:975
starexec,SYN986+1.004.p,e1b,first-negative,EXHAUSTED,2,967.486,767.025,,,0,0,0,0,3,0,,,,,,,false,StackOverflowError:  at Core$Trail$Applier.apply:975
starexec,SYN986+1.004.p,e1b,occurrence,EXHAUSTED,2,863.544,1005.620,,,0,0,0,0,3,0,,,,,,,false,StackOverflowError:  at Core$Trail$Applier.apply:975
starexec,SYN986+1.004.p,e1b,subsumption-light,EXHAUSTED,2,763.278,1284.959,,,0,0,0,0,3,0,,,,,,,false,StackOverflowError:  at Core$Trail$Applier.apply:975
starexec,SYN986+1.004.p,e1b,unary-redundancy,EXHAUSTED,2,879.054,1244.068,,,0,0,0,0,3,0,,,,,,,false,StackOverflowError:  at Core$Trail$Applier.apply:975
starexec,SYN986+1.004.p,e1b,weight-greedy,KILLED,,0.000,,,,,,,,,,,,,,,,false,killed before finishing
starexec,SYO525+1.018.p,e1b,age-fair,TIMEOUT,29,1390.912,166297.218,,,39662,39667,39657,30,30,0,,,,,,,false,
starexec,SYO525+1.018.p,e1b,balanced,TIMEOUT,29,504.149,166184.254,,,48807,48817,48807,30,30,0,,,,,,,false,
starexec,SYO525+1.018.p,e1b,equational,TIMEOUT,29,1010.242,166395.859,,,38758,38768,38758,30,30,0,,,,,,,false,
starexec,SYO525+1.018.p,e1b,first-negative,TIMEOUT,29,2294.379,166481.462,,,39233,39243,39233,30,30,0,,,,,,,false,
starexec,SYO525+1.018.p,e1b,occurrence,TIMEOUT,29,1362.690,166294.576,,,39645,39655,39645,30,30,0,,,,,,,false,
starexec,SYO525+1.018.p,e1b,subsumption-light,TIMEOUT,29,967.256,166332.351,,,38874,38884,38874,30,30,0,,,,,,,false,
starexec,SYO525+1.018.p,e1b,unary-redundancy,TIMEOUT,29,1495.351,166409.770,,,38790,38800,38790,30,30,0,,,,,,,false,
starexec,SYO525+1.018.p,e1b,weight-greedy,TIMEOUT,29,1011.291,166351.653,,,34294,34304,34294,30,30,0,,,,,,,false,
starexec,SYO525+1.021.p,e1b,age-fair,TIMEOUT,29,1402.651,166296.874,,,34126,34127,34120,30,30,0,,,,,,,false,
starexec,SYO525+1.021.p,e1b,balanced,TIMEOUT,29,537.764,166193.182,,,49981,49988,49981,30,30,0,,,,,,,false,
starexec,SYO525+1.021.p,e1b,equational,TIMEOUT,29,957.936,166333.643,,,39811,39818,39811,30,30,0,,,,,,,false,
starexec,SYO525+1.021.p,e1b,first-negative,TIMEOUT,29,2231.127,166459.167,,,39478,39485,39478,30,30,0,,,,,,,false,
starexec,SYO525+1.021.p,e1b,occurrence,TIMEOUT,29,1378.916,166329.437,,,34083,34090,34083,30,30,0,,,,,,,false,
starexec,SYO525+1.021.p,e1b,subsumption-light,TIMEOUT,29,996.595,166338.006,,,39530,39537,39530,30,30,0,,,,,,,false,
starexec,SYO525+1.021.p,e1b,unary-redundancy,TIMEOUT,29,1333.271,166332.369,,,39657,39664,39657,30,30,0,,,,,,,false,
starexec,SYO525+1.021.p,e1b,weight-greedy,TIMEOUT,29,1001.796,166327.084,,,39578,39585,39578,30,30,0,,,,,,,false,
starexec,SYO525+1.024.p,e1b,age-fair,TIMEOUT,29,2217.114,166488.404,,,30370,30374,30370,30,30,0,,,,,,,false,
starexec,SYO525+1.024.p,e1b,balanced,TIMEOUT,29,745.692,166251.816,,,45122,45126,45122,30,30,0,,,,,,,false,
starexec,SYO525+1.024.p,e1b,equational,TIMEOUT,29,1503.162,166502.799,,,30396,30400,30396,30,30,0,,,,,,,false,
starexec,SYO525+1.024.p,e1b,first-negative,TIMEOUT,29,2395.521,166514.850,,,34783,34787,34783,30,30,0,,,,,,,false,
starexec,SYO525+1.024.p,e1b,occurrence,TIMEOUT,29,2134.959,166534.351,,,36256,36260,36256,30,30,0,,,,,,,false,
starexec,SYO525+1.024.p,e1b,subsumption-light,TIMEOUT,29,1490.046,166523.672,,,36221,36225,36221,30,30,0,,,,,,,false,
starexec,SYO525+1.024.p,e1b,unary-redundancy,TIMEOUT,29,2166.635,166507.512,,,36422,36426,36422,30,30,0,,,,,,,false,
starexec,SYO525+1.024.p,e1b,weight-greedy,TIMEOUT,29,990.910,166321.495,,,37556,37560,37556,30,30,0,,,,,,,false,
starexec,SYO525+1.027.p,e1b,age-fair,TIMEOUT,29,2419.685,166616.735,,,30563,30564,30563,30,30,0,,,,,,,false,
starexec,SYO525+1.027.p,e1b,balanced,TIMEOUT,29,849.287,166301.805,,,45201,45202,45201,30,30,0,,,,,,,false,
starexec,SYO525+1.027.p,e1b,equational,TIMEOUT,29,1587.107,166567.259,,,35840,35841,35840,30,30,0,,,,,,,false,
starexec,SYO525+1.027.p,e1b,first-negative,TIMEOUT,29,2619.280,166702.383,,,29704,29705,29704,30,30,0,,,,,,,false,
starexec,SYO525+1.027.p,e1b,occurrence,TIMEOUT,29,2397.041,166663.835,,,35611,35612,35611,30,30,0,,,,,,,false,
starexec,SYO525+1.027.p,e1b,subsumption-light,TIMEOUT,29,1596.050,166607.715,,,31082,31083,31082,30,30,0,,,,,,,false,
starexec,SYO525+1.027.p,e1b,unary-redundancy,TIMEOUT,29,2209.836,166519.678,,,36130,36131,36130,30,30,0,,,,,,,false,
starexec,SYO525+1.027.p,e1b,weight-greedy,TIMEOUT,29,1602.807,166457.373,,,36102,36103,36102,30,30,0,,,,,,,false,
starexec,SYO525+1.030.p,e1b,age-fair,TIMEOUT,32,1669.848,166401.242,,,33495,33496,33495,33,33,0,,,,,,,false,
starexec,SYO525+1.030.p,e1b,balanced,TIMEOUT,32,608.458,166193.468,,,48328,48329,48328,33,33,0,,,,,,,false,
starexec,SYO525+1.030.p,e1b,equational,TIMEOUT,32,1078.737,166310.769,,,33621,33622,33621,33,33,0,,,,,,,false,
starexec,SYO525+1.030.p,e1b,first-negative,TIMEOUT,32,2657.584,166705.219,,,38499,38500,38499,33,33,0,,,,,,,false,
starexec,SYO525+1.030.p,e1b,occurrence,TIMEOUT,32,2424.343,166638.456,,,36071,36072,36071,33,33,0,,,,,,,false,
starexec,SYO525+1.030.p,e1b,subsumption-light,TIMEOUT,32,1046.588,166371.179,,,33272,33273,33272,33,33,0,,,,,,,false,
starexec,SYO525+1.030.p,e1b,unary-redundancy,TIMEOUT,32,1500.115,166321.073,,,38436,38437,38436,33,33,0,,,,,,,false,
starexec,SYO525+1.030.p,e1b,weight-greedy,TIMEOUT,32,1611.459,166443.620,,,35058,35059,35058,33,33,0,,,,,,,false,
starexec,SYO605+1.p,e1b,age-fair,REFUTED,4,2280.492,38845.675,302.595,4565.195,11749,630555,6398,495116,48,14,983,1282514,2168,2275,5,false,false,
starexec,SYO605+1.p,e1b,balanced,REFUTED,4,1258.755,2969.119,184.926,2854.858,2294,20641,1320,12194,48,14,901,1041628,1959,2212,5,false,false,
starexec,SYO605+1.p,e1b,equational,TIMEOUT,4,1378.364,166450.246,,,12673,3570072,7531,3517198,48,14,,,,,,,false,
starexec,SYO605+1.p,e1b,first-negative,TIMEOUT,4,1859.773,166448.084,,,16054,7034622,13264,6964198,48,14,,,,,,,false,
starexec,SYO605+1.p,e1b,occurrence,TIMEOUT,4,1612.311,166544.358,,,36024,4038917,26372,3859537,48,14,,,,,,,false,
starexec,SYO605+1.p,e1b,subsumption-light,REFUTED,4,1952.284,10153.295,243.050,5351.426,2760,31029,1519,22297,48,14,853,974922,1918,2212,5,false,false,
starexec,SYO605+1.p,e1b,unary-redundancy,HARD_TIMEOUT,4,0.000,,,,,,,,,,,,,,,,false,
starexec,SYO605+1.p,e1b,weight-greedy,TIMEOUT,4,1326.029,166442.083,,,39096,787487,28553,631329,48,14,,,,,,,false,
starexec,TOP020+1.p,e1b,age-fair,TIMEOUT,8,1542.110,166392.529,,,39872,254011,39442,212365,27,11,,,,,,,false,
starexec,TOP020+1.p,e1b,balanced,TIMEOUT,8,695.460,166179.927,,,34845,203376,34578,161748,27,11,,,,,,,false,
starexec,TOP020+1.p,e1b,equational,TIMEOUT,8,1330.346,166339.681,,,28105,162345,27834,128423,27,11,,,,,,,false,
starexec,TOP020+1.p,e1b,first-negative,TIMEOUT,8,1651.586,167560.580,,,18984,5766601,18966,5736803,27,11,,,,,,,false,
starexec,TOP020+1.p,e1b,occurrence,TIMEOUT,8,1516.055,166433.645,,,24431,115726,24282,84767,27,11,,,,,,,false,
starexec,TOP020+1.p,e1b,subsumption-light,TIMEOUT,8,1342.594,166459.328,,,19005,120720,18929,95092,27,11,,,,,,,false,
starexec,TOP020+1.p,e1b,unary-redundancy,TIMEOUT,8,1490.589,166462.798,,,19627,124991,19547,98512,27,11,,,,,,,false,
starexec,TOP020+1.p,e1b,weight-greedy,TIMEOUT,8,1350.071,166315.967,,,11366,8487728,10848,8436231,27,11,,,,,,,false,
starexec,TOP029+1.p,e1b,age-fair,TIMEOUT,108,2912.281,166682.609,,,29606,450968,27332,380839,306,48,,,,,,,false,
starexec,TOP029+1.p,e1b,balanced,TIMEOUT,108,1151.292,166364.223,,,26096,1013091,24783,866325,306,48,,,,,,,false,
starexec,TOP029+1.p,e1b,equational,TIMEOUT,108,2066.141,166648.596,,,21772,709390,20670,600084,306,48,,,,,,,false,
starexec,TOP029+1.p,e1b,first-negative,TIMEOUT,108,3325.626,166743.176,,,28694,262481,25637,214653,306,48,,,,,,,false,
starexec,TOP029+1.p,e1b,occurrence,TIMEOUT,108,2961.656,166698.940,,,16877,571203,16662,464073,306,48,,,,,,,false,
starexec,TOP029+1.p,e1b,subsumption-light,TIMEOUT,108,2154.585,166742.402,,,19000,558620,18469,488453,306,48,,,,,,,false,
starexec,TOP029+1.p,e1b,unary-redundancy,TIMEOUT,108,2994.755,166768.125,,,18717,549423,18020,481256,306,48,,,,,,,false,
starexec,TOP029+1.p,e1b,weight-greedy,TIMEOUT,108,2189.280,166735.802,,,37999,4934011,33591,4802340,306,48,,,,,,,false,
starexec,TOP046+3.p,e1b,age-fair,KILLED,,0.000,,,,,,,,,,,,,,,,false,killed before finishing
starexec,TOP046+3.p,e1b,balanced,KILLED,,0.000,,,,,,,,,,,,,,,,false,killed before finishing
starexec,TOP046+3.p,e1b,equational,KILLED,,0.000,,,,,,,,,,,,,,,,false,killed before finishing
starexec,TOP046+3.p,e1b,first-negative,KILLED,,0.000,,,,,,,,,,,,,,,,false,killed before finishing
starexec,TOP046+3.p,e1b,occurrence,KILLED,,0.000,,,,,,,,,,,,,,,,false,killed before finishing
starexec,TOP046+3.p,e1b,subsumption-light,KILLED,,0.000,,,,,,,,,,,,,,,,false,killed before finishing
starexec,TOP046+3.p,e1b,unary-redundancy,KILLED,,0.000,,,,,,,,,,,,,,,,false,killed before finishing
starexec,TOP046+3.p,e1b,weight-greedy,KILLED,,0.000,,,,,,,,,,,,,,,,false,killed before finishing
