dataset,problem,config,strategy,verdict,hypotheses,clausify_ms,search_ms,reconstruct_ms,check_ms,given,derived,peak_active,peak_passive,clauses,fresh_symbols,proof_steps,raw_size,shared_size,max_sequent,imports,uses_sorry,contaminated,detail
starexec,AGT007+2.p,e1a,age-fair,REFUTED,922,1370.311,12355.551,,,4657,234191,3265,219846,728,,,,,,,,false,
starexec,AGT007+2.p,e1a,balanced,TIMEOUT,922,430.612,164586.945,,,36960,3530596,36050,3477822,,,,,,,,,false,
starexec,AGT007+2.p,e1a,equational,SATURATED,922,1181.027,1724.767,,,656,1186,654,656,,,,,,,,,false,
starexec,AGT007+2.p,e1a,first-negative,SATURATED,922,838.411,461.851,,,96,109,96,109,,,,,,,,,false,
starexec,AGT007+2.p,e1a,occurrence,TIMEOUT,922,1335.184,163839.893,,,30271,7175057,29937,7092462,,,,,,,,,false,
starexec,AGT007+2.p,e1a,subsumption-light,SATURATED,922,827.455,1100.502,,,564,1071,564,598,,,,,,,,,false,
starexec,AGT007+2.p,e1a,unary-redundancy,SATURATED,922,1733.156,1728.257,,,566,1073,564,604,,,,,,,,,false,
starexec,AGT007+2.p,e1a,weight-greedy,SATURATED,922,1156.933,1354.908,,,447,790,446,460,,,,,,,,,false,
starexec,AGT022+1.p,e1a,age-fair,TIMEOUT,555,1844.627,163149.394,,,17090,10277315,12908,10191249,,,,,,,,,false,
starexec,AGT022+1.p,e1a,balanced,REFUTED,555,293.912,155305.517,,,40249,3048503,33729,2994836,655,,,,,,,,false,
starexec,AGT022+1.p,e1a,equational,SATURATED,555,608.981,3782.195,,,916,39671,878,19927,,,,,,,,,false,
starexec,AGT022+1.p,e1a,first-negative,SATURATED,555,608.053,271.469,,,1,1,1,1,,,,,,,,,false,
starexec,AGT022+1.p,e1a,occurrence,SATURATED,555,897.521,3890.544,,,1088,37336,1087,18614,,,,,,,,,false,
starexec,AGT022+1.p,e1a,subsumption-light,SATURATED,555,587.233,3151.539,,,679,24032,645,7894,,,,,,,,,false,
starexec,AGT022+1.p,e1a,unary-redundancy,SATURATED,555,998.683,4059.791,,,1104,34703,1005,19285,,,,,,,,,false,
starexec,AGT022+1.p,e1a,weight-greedy,SATURATED,555,520.182,298.276,,,1,1,1,1,,,,,,,,,false,
starexec,ALG040+1.p,e1a,age-fair,REFUTED,4,363.859,4741.929,,,2987,16446,2941,13035,12,,,,,,,,false,
starexec,ALG040+1.p,e1a,balanced,REFUTED,4,89.950,1081.938,,,928,7216,919,6132,12,,,,,,,,false,
starexec,ALG040+1.p,e1a,equational,REFUTED,4,216.093,2009.635,,,928,7216,919,6132,12,,,,,,,,false,
starexec,ALG040+1.p,e1a,first-negative,REFUTED,4,585.095,1410.593,,,158,1593,128,1380,12,,,,,,,,false,
starexec,ALG040+1.p,e1a,occurrence,REFUTED,4,357.717,2115.438,,,1042,8090,1026,6788,12,,,,,,,,false,
starexec,ALG040+1.p,e1a,subsumption-light,REFUTED,4,332.136,4394.878,,,941,8383,930,7274,12,,,,,,,,false,
starexec,ALG040+1.p,e1a,unary-redundancy,REFUTED,4,545.703,4407.854,,,980,8773,970,7615,12,,,,,,,,false,
starexec,ALG040+1.p,e1a,weight-greedy,REFUTED,4,212.418,673.602,,,50,407,43,331,12,,,,,,,,false,
starexec,ALG213+1.p,e1a,age-fair,TIMEOUT,4,370.387,164271.157,,,698,4159841,668,4157632,,,,,,,,,false,
starexec,ALG213+1.p,e1a,balanced,TIMEOUT,4,158.456,165179.294,,,973,7597325,906,7592337,,,,,,,,,false,
starexec,ALG213+1.p,e1a,equational,TIMEOUT,4,312.941,164315.895,,,740,4403621,686,4399745,,,,,,,,,false,
starexec,ALG213+1.p,e1a,first-negative,TIMEOUT,4,421.445,164219.116,,,703,3978299,661,3974551,,,,,,,,,false,
starexec,ALG213+1.p,e1a,occurrence,TIMEOUT,4,389.349,164333.661,,,806,4473991,747,4463309,,,,,,,,,false,
starexec,ALG213+1.p,e1a,subsumption-light,TIMEOUT,4,334.687,164427.306,,,739,4254647,665,4251003,,,,,,,,,false,
starexec,ALG213+1.p,e1a,unary-redundancy,TIMEOUT,4,387.060,164463.304,,,707,4118031,676,4114377,,,,,,,,,false,
starexec,ALG213+1.p,e1a,weight-greedy,TIMEOUT,4,317.484,164304.451,,,780,4025807,721,3994646,,,,,,,,,false,
starexec,BIO006+1.p,e1a,age-fair,PARSE_ERR,,0.000,,,,,,,,,,,,,,,,false,Exception
starexec,BIO006+1.p,e1a,balanced,PARSE_ERR,,0.000,,,,,,,,,,,,,,,,false,Exception
starexec,BIO006+1.p,e1a,equational,PARSE_ERR,,0.000,,,,,,,,,,,,,,,,false,Exception
starexec,BIO006+1.p,e1a,first-negative,PARSE_ERR,,0.000,,,,,,,,,,,,,,,,false,Exception
starexec,BIO006+1.p,e1a,occurrence,PARSE_ERR,,0.000,,,,,,,,,,,,,,,,false,Exception
starexec,BIO006+1.p,e1a,subsumption-light,PARSE_ERR,,0.000,,,,,,,,,,,,,,,,false,Exception
starexec,BIO006+1.p,e1a,unary-redundancy,PARSE_ERR,,0.000,,,,,,,,,,,,,,,,false,Exception
starexec,BIO006+1.p,e1a,weight-greedy,PARSE_ERR,,0.000,,,,,,,,,,,,,,,,false,Exception
starexec,COM008+1.p,e1a,age-fair,TIMEOUT,10,347.941,164162.450,,,9774,3350158,9753,3339349,,,,,,,,,false,
starexec,COM008+1.p,e1a,balanced,TIMEOUT,10,99.607,164972.457,,,13248,7221340,13026,7201706,,,,,,,,,false,
starexec,COM008+1.p,e1a,equational,TIMEOUT,10,220.127,164228.795,,,8605,4048756,8447,4035902,,,,,,,,,false,
starexec,COM008+1.p,e1a,first-negative,TIMEOUT,10,317.354,163803.396,,,50032,2405060,45981,2332212,,,,,,,,,false,
starexec,COM008+1.p,e1a,occurrence,TIMEOUT,10,340.822,164134.035,,,12753,5748504,11695,5706437,,,,,,,,,false,
starexec,COM008+1.p,e1a,subsumption-light,TIMEOUT,10,203.511,164233.826,,,3599,591600,3572,586315,,,,,,,,,false,
starexec,COM008+1.p,e1a,unary-redundancy,TIMEOUT,10,331.089,164282.992,,,3679,617698,3653,612287,,,,,,,,,false,
starexec,COM008+1.p,e1a,weight-greedy,TIMEOUT,10,216.215,164190.920,,,18769,3327430,11945,3240416,,,,,,,,,false,
starexec,COM008+2.p,e1a,age-fair,TIMEOUT,8,512.811,164159.152,,,8635,2559796,8568,2550157,,,,,,,,,false,
starexec,COM008+2.p,e1a,balanced,TIMEOUT,8,167.223,165033.297,,,13198,4601722,12049,4576560,,,,,,,,,false,
starexec,COM008+2.p,e1a,equational,TIMEOUT,8,320.671,164164.395,,,10293,2617678,9259,2598216,,,,,,,,,false,
starexec,COM008+2.p,e1a,first-negative,TIMEOUT,8,560.942,163815.650,,,28527,8098266,25193,8002969,,,,,,,,,false,
starexec,COM008+2.p,e1a,occurrence,TIMEOUT,8,536.269,164203.665,,,16174,3391165,14433,3331168,,,,,,,,,false,
starexec,COM008+2.p,e1a,subsumption-light,TIMEOUT,8,314.969,164229.428,,,3183,250789,3150,245433,,,,,,,,,false,
starexec,COM008+2.p,e1a,unary-redundancy,TIMEOUT,8,484.147,164210.237,,,3178,269641,3087,264479,,,,,,,,,false,
starexec,COM008+2.p,e1a,weight-greedy,TIMEOUT,8,321.722,164188.216,,,11344,4584917,9794,4527126,,,,,,,,,false,
starexec,COM131+1.p,e1a,age-fair,TIMEOUT,59,1307.649,164553.934,,,4862,5447357,4677,5442035,,,,,,,,,false,
starexec,COM131+1.p,e1a,balanced,TIMEOUT,59,383.156,165460.829,,,19721,9919521,18977,9886941,,,,,,,,,false,
starexec,COM131+1.p,e1a,equational,TIMEOUT,59,796.602,164604.471,,,12306,5583280,12057,5562408,,,,,,,,,false,
starexec,COM131+1.p,e1a,first-negative,TIMEOUT,59,1365.551,165451.077,,,18126,8572758,17114,8549333,,,,,,,,,false,
starexec,COM131+1.p,e1a,occurrence,TIMEOUT,59,1298.573,165027.523,,,18304,7839459,17714,7812249,,,,,,,,,false,
starexec,COM131+1.p,e1a,subsumption-light,TIMEOUT,59,1194.845,163964.274,,,8159,2934521,7985,2921863,,,,,,,,,false,
starexec,COM131+1.p,e1a,unary-redundancy,TIMEOUT,59,1916.592,163457.521,,,9488,3597051,9039,3583379,,,,,,,,,false,
starexec,COM131+1.p,e1a,weight-greedy,TIMEOUT,59,791.774,164527.126,,,24937,7710412,22883,7628530,,,,,,,,,false,
starexec,COM136+1.p,e1a,age-fair,TIMEOUT,56,1950.416,163978.075,,,2748,3996183,2659,3993155,,,,,,,,,false,
starexec,COM136+1.p,e1a,balanced,REFUTED,56,540.248,1476.033,,,605,2642,502,1852,152,,,,,,,,false,
starexec,COM136+1.p,e1a,equational,REFUTED,56,776.846,2009.616,,,599,2725,489,1936,152,,,,,,,,false,
starexec,COM136+1.p,e1a,first-negative,TIMEOUT,56,1326.291,165048.264,,,13723,7417497,13162,7392295,,,,,,,,,false,
starexec,COM136+1.p,e1a,occurrence,TIMEOUT,56,1302.412,164625.859,,,23387,4516426,20744,4435529,,,,,,,,,false,
starexec,COM136+1.p,e1a,subsumption-light,REFUTED,56,756.891,8456.880,,,1492,69001,1243,67199,152,,,,,,,,false,
starexec,COM136+1.p,e1a,unary-redundancy,TIMEOUT,56,1292.949,164651.044,,,3855,2964228,3775,2959112,,,,,,,,,false,
starexec,COM136+1.p,e1a,weight-greedy,TIMEOUT,56,1222.535,163797.363,,,32358,5023089,31380,4915323,,,,,,,,,false,
starexec,COM139+1.p,e1a,age-fair,TIMEOUT,55,2008.063,163981.149,,,2595,3196173,2489,3193153,,,,,,,,,false,
starexec,COM139+1.p,e1a,balanced,TIMEOUT,55,598.983,165432.401,,,7385,8430436,6725,8408875,,,,,,,,,false,
starexec,COM139+1.p,e1a,equational,TIMEOUT,55,1212.148,163830.562,,,6820,4736257,5723,4716091,,,,,,,,,false,
starexec,COM139+1.p,e1a,first-negative,TIMEOUT,55,2170.350,163361.139,,,12015,3395347,11601,3372165,,,,,,,,,false,
starexec,COM139+1.p,e1a,occurrence,TIMEOUT,55,1998.541,163872.089,,,6251,4771907,5583,4726767,,,,,,,,,false,
starexec,COM139+1.p,e1a,subsumption-light,TIMEOUT,55,1207.557,164060.489,,,6382,3282693,5063,3267539,,,,,,,,,false,
starexec,COM139+1.p,e1a,unary-redundancy,TIMEOUT,55,1934.162,163929.702,,,2896,3073790,2658,3068002,,,,,,,,,false,
starexec,COM139+1.p,e1a,weight-greedy,TIMEOUT,55,1189.719,163978.256,,,31216,2982315,27851,2848554,,,,,,,,,false,
starexec,CSR005+2.p,e1a,age-fair,TIMEOUT,55,1067.806,164005.438,,,18529,4170052,13911,4120758,,,,,,,,,false,
starexec,CSR005+2.p,e1a,balanced,TIMEOUT,55,296.444,164923.193,,,36658,5862691,35160,5767003,,,,,,,,,false,
starexec,CSR005+2.p,e1a,equational,TIMEOUT,55,619.355,164003.515,,,23709,3490451,22029,3420681,,,,,,,,,false,
starexec,CSR005+2.p,e1a,first-negative,TIMEOUT,55,770.118,164550.309,,,18006,4503342,16472,4390602,,,,,,,,,false,
starexec,CSR005+2.p,e1a,occurrence,TIMEOUT,55,1100.221,164009.957,,,33019,3005904,27579,2864607,,,,,,,,,false,
starexec,CSR005+2.p,e1a,subsumption-light,TIMEOUT,55,586.111,164019.982,,,8898,1039744,6910,1006382,,,,,,,,,false,
starexec,CSR005+2.p,e1a,unary-redundancy,TIMEOUT,55,1121.387,164011.424,,,12030,978833,10624,942867,,,,,,,,,false,
starexec,CSR005+2.p,e1a,weight-greedy,TIMEOUT,55,628.421,164006.208,,,18051,3275013,15636,3075958,,,,,,,,,false,
starexec,CSR021+1.p,e1a,age-fair,REFUTED,47,1257.003,7577.531,,,2011,43741,1732,36801,120,,,,,,,,false,
starexec,CSR021+1.p,e1a,balanced,REFUTED,47,309.618,2012.864,,,945,14946,938,12552,137,,,,,,,,false,
starexec,CSR021+1.p,e1a,equational,REFUTED,47,432.086,1591.869,,,643,3133,637,1411,137,,,,,,,,false,
starexec,CSR021+1.p,e1a,first-negative,REFUTED,47,804.568,84433.777,,,29518,4701936,15560,4527582,120,,,,,,,,false,
starexec,CSR021+1.p,e1a,occurrence,REFUTED,47,815.211,3965.849,,,1379,27809,1350,19644,120,,,,,,,,false,
starexec,CSR021+1.p,e1a,subsumption-light,TIMEOUT,47,426.023,164687.796,,,9159,2201268,8994,2165438,,,,,,,,,false,
starexec,CSR021+1.p,e1a,unary-redundancy,TIMEOUT,47,775.454,164699.697,,,8990,3209429,8038,3177781,,,,,,,,,false,
starexec,CSR021+1.p,e1a,weight-greedy,REFUTED,47,626.933,2334.821,,,758,2661,757,871,137,,,,,,,,false,
starexec,CSR022+1.p,e1a,age-fair,REFUTED,47,1126.189,7787.975,,,1996,43657,1699,36778,120,,,,,,,,false,
starexec,CSR022+1.p,e1a,balanced,REFUTED,47,214.180,1311.476,,,953,14947,946,12576,137,,,,,,,,false,
starexec,CSR022+1.p,e1a,equational,REFUTED,47,428.888,2512.925,,,960,14888,950,12474,137,,,,,,,,false,
starexec,CSR022+1.p,e1a,first-negative,REFUTED,47,859.636,6327.669,,,3037,95539,2132,89446,120,,,,,,,,false,
starexec,CSR022+1.p,e1a,occurrence,REFUTED,47,781.877,1577.555,,,534,3612,519,2235,120,,,,,,,,false,
starexec,CSR022+1.p,e1a,subsumption-light,REFUTED,47,413.355,7492.252,,,1734,60085,1632,54603,137,,,,,,,,false,
starexec,CSR022+1.p,e1a,unary-redundancy,TIMEOUT,47,782.030,164686.958,,,11331,2651546,9419,2601062,,,,,,,,,false,
starexec,CSR022+1.p,e1a,weight-greedy,REFUTED,47,665.891,2296.496,,,721,2132,720,740,137,,,,,,,,false,
starexec,CSR025+5.p,e1a,age-fair,PARSE_ERR,,0.000,,,,,,,,,,,,,,,,false,Exception
starexec,CSR025+5.p,e1a,balanced,PARSE_ERR,,0.000,,,,,,,,,,,,,,,,false,Exception
starexec,CSR025+5.p,e1a,equational,PARSE_ERR,,0.000,,,,,,,,,,,,,,,,false,Exception
starexec,CSR025+5.p,e1a,first-negative,PARSE_ERR,,0.000,,,,,,,,,,,,,,,,false,Exception
starexec,CSR025+5.p,e1a,occurrence,PARSE_ERR,,0.000,,,,,,,,,,,,,,,,false,Exception
starexec,CSR025+5.p,e1a,subsumption-light,PARSE_ERR,,0.000,,,,,,,,,,,,,,,,false,Exception
starexec,CSR025+5.p,e1a,unary-redundancy,PARSE_ERR,,0.000,,,,,,,,,,,,,,,,false,Exception
starexec,CSR025+5.p,e1a,weight-greedy,PARSE_ERR,,0.000,,,,,,,,,,,,,,,,false,Exception
starexec,CSR030+3.p,e1a,age-fair,REFUTED,8005,5530.705,18279.981,,,8144,24193,8062,14138,3296,,,,,,,,false,
starexec,CSR030+3.p,e1a,balanced,REFUTED,8005,1684.381,56851.211,,,30318,85111,29204,44547,8007,,,,,,,,false,
starexec,CSR030+3.p,e1a,equational,REFUTED,8005,1243.367,505.210,,,81,142,77,70,70,,,,,,,,false,
starexec,CSR030+3.p,e1a,first-negative,SATURATED,8005,1335.907,440.490,,,10,12,10,10,,,,,,,,,false,
starexec,CSR030+3.p,e1a,occurrence,REFUTED,8005,5021.545,31560.177,,,12773,39718,12665,13863,2280,,,,,,,,false,
starexec,CSR030+3.p,e1a,subsumption-light,REFUTED,8005,1207.753,472.526,,,40,66,39,42,42,,,,,,,,false,
starexec,CSR030+3.p,e1a,unary-redundancy,REFUTED,8005,2084.613,1780.710,,,1298,4006,1292,2108,556,,,,,,,,false,
starexec,CSR030+3.p,e1a,weight-greedy,SATURATED,8005,1154.566,447.020,,,27,37,26,22,,,,,,,,,false,
starexec,CSR033+3.p,e1a,age-fair,HARD_TIMEOUT,8005,0.000,,,,,,,,,,,,,,,,false,
starexec,CSR033+3.p,e1a,balanced,REFUTED,8005,1646.580,104260.122,,,34490,183086,33842,135056,8007,,,,,,,,false,
starexec,CSR033+3.p,e1a,equational,REFUTED,8005,2101.182,1324.269,,,363,664,316,159,151,,,,,,,,false,
starexec,CSR033+3.p,e1a,first-negative,SATURATED,8005,1426.177,507.314,,,27,37,26,21,,,,,,,,,false,
starexec,CSR033+3.p,e1a,occurrence,REFUTED,8005,4950.866,36830.480,,,12850,39278,12779,13680,2251,,,,,,,,false,
starexec,CSR033+3.p,e1a,subsumption-light,REFUTED,8005,2017.199,1103.525,,,157,301,135,76,76,,,,,,,,false,
starexec,CSR033+3.p,e1a,unary-redundancy,REFUTED,8005,3315.944,2675.181,,,1183,3416,1158,1546,416,,,,,,,,false,
starexec,CSR033+3.p,e1a,weight-greedy,SATURATED,8005,1844.626,736.793,,,71,109,63,40,,,,,,,,,false,
starexec,CSR036+5.p,e1a,age-fair,PARSE_ERR,,0.000,,,,,,,,,,,,,,,,false,Exception
starexec,CSR036+5.p,e1a,balanced,PARSE_ERR,,0.000,,,,,,,,,,,,,,,,false,Exception
starexec,CSR036+5.p,e1a,equational,PARSE_ERR,,0.000,,,,,,,,,,,,,,,,false,Exception
starexec,CSR036+5.p,e1a,first-negative,PARSE_ERR,,0.000,,,,,,,,,,,,,,,,false,Exception
starexec,CSR036+5.p,e1a,occurrence,PARSE_ERR,,0.000,,,,,,,,,,,,,,,,false,Exception
starexec,CSR036+5.p,e1a,subsumption-light,PARSE_ERR,,0.000,,,,,,,,,,,,,,,,false,Exception
starexec,CSR036+5.p,e1a,unary-redundancy,PARSE_ERR,,0.000,,,,,,,,,,,,,,,,false,Exception
starexec,CSR036+5.p,e1a,weight-greedy,PARSE_ERR,,0.000,,,,,,,,,,,,,,,,false,Exception
starexec,CSR038+4.p,e1a,age-fair,HARD_TIMEOUT,44216,0.000,,,,,,,,,,,,,,,,false,
starexec,CSR038+4.p,e1a,balanced,HARD_TIMEOUT,44216,0.000,,,,,,,,,,,,,,,,false,
starexec,CSR038+4.p,e1a,equational,REFUTED,44216,5012.204,1095.296,,,109,157,103,115,116,,,,,,,,false,
starexec,CSR038+4.p,e1a,first-negative,SATURATED,44216,3842.530,494.652,,,12,16,12,14,,,,,,,,,false,
starexec,CSR038+4.p,e1a,occurrence,REFUTED,44216,11838.212,21640.219,,,12956,31224,12314,11840,6404,,,,,,,,false,
starexec,CSR038+4.p,e1a,subsumption-light,REFUTED,44216,3223.184,735.922,,,75,118,73,73,73,,,,,,,,false,
starexec,CSR038+4.p,e1a,unary-redundancy,REFUTED,44216,7116.945,3124.431,,,1305,2951,1277,1304,850,,,,,,,,false,
starexec,CSR038+4.p,e1a,weight-greedy,SATURATED,44216,4885.538,771.859,,,32,44,31,28,,,,,,,,,false,
starexec,CSR042+3.p,e1a,age-fair,REFUTED,8005,5648.813,8254.263,,,4683,13743,4664,8708,3302,,,,,,,,false,
starexec,CSR042+3.p,e1a,balanced,REFUTED,8005,1656.752,12539.614,,,11322,20411,11258,8007,8007,,,,,,,,false,
starexec,CSR042+3.p,e1a,equational,REFUTED,8005,1199.328,451.031,,,47,80,47,69,69,,,,,,,,false,
starexec,CSR042+3.p,e1a,first-negative,SATURATED,8005,1341.244,404.968,,,9,9,9,8,,,,,,,,,false,
starexec,CSR042+3.p,e1a,occurrence,REFUTED,8005,3063.459,6399.281,,,4934,9096,4930,2371,2254,,,,,,,,false,
starexec,CSR042+3.p,e1a,subsumption-light,REFUTED,8005,1210.308,471.147,,,21,32,21,27,27,,,,,,,,false,
starexec,CSR042+3.p,e1a,unary-redundancy,REFUTED,8005,2049.639,1028.629,,,335,785,334,387,387,,,,,,,,false,
starexec,CSR042+3.p,e1a,weight-greedy,SATURATED,8005,1865.407,558.804,,,19,22,19,18,,,,,,,,,false,
starexec,CSR044+3.p,e1a,age-fair,TIMEOUT,8005,3668.095,162331.688,,,32358,216825,31187,176029,,,,,,,,,false,
starexec,CSR044+3.p,e1a,balanced,REFUTED,8005,1256.805,58377.500,,,28869,83415,28433,44500,8007,,,,,,,,false,
starexec,CSR044+3.p,e1a,equational,REFUTED,8005,1286.910,686.198,,,132,197,125,117,117,,,,,,,,false,
starexec,CSR044+3.p,e1a,first-negative,SATURATED,8005,1215.214,346.935,,,12,15,12,12,,,,,,,,,false,
starexec,CSR044+3.p,e1a,occurrence,REFUTED,8005,3060.540,36083.168,,,12595,38962,12547,13577,2221,,,,,,,,false,
starexec,CSR044+3.p,e1a,subsumption-light,REFUTED,8005,1254.652,408.594,,,34,53,33,32,32,,,,,,,,false,
starexec,CSR044+3.p,e1a,unary-redundancy,REFUTED,8005,2061.311,1508.202,,,1025,3155,1018,1517,403,,,,,,,,false,
starexec,CSR044+3.p,e1a,weight-greedy,SATURATED,8005,1194.957,461.150,,,39,56,36,24,,,,,,,,,false,
starexec,CSR045+3.p,e1a,age-fair,TIMEOUT,8005,3435.444,160388.589,,,29737,206554,28988,168820,,,,,,,,,false,
starexec,CSR045+3.p,e1a,balanced,REFUTED,8005,1120.933,3286.142,,,5306,11024,5302,8006,8006,,,,,,,,false,
starexec,CSR045+3.p,e1a,equational,SATURATED,8005,1170.653,346.113,,,22,30,22,24,,,,,,,,,false,
starexec,CSR045+3.p,e1a,first-negative,SATURATED,8005,1277.382,370.355,,,6,9,6,8,,,,,,,,,false,
starexec,CSR045+3.p,e1a,occurrence,REFUTED,8005,3046.983,3082.090,,,2554,4774,2553,2219,2219,,,,,,,,false,
starexec,CSR045+3.p,e1a,subsumption-light,SATURATED,8005,1229.007,438.070,,,22,30,22,24,,,,,,,,,false,
starexec,CSR045+3.p,e1a,unary-redundancy,SATURATED,8005,1967.449,34333.801,,,13262,45152,12901,13829,,,,,,,,,false,
starexec,CSR045+3.p,e1a,weight-greedy,SATURATED,8005,1155.316,409.891,,,11,15,11,12,,,,,,,,,false,
starexec,CSR048+3.p,e1a,age-fair,REFUTED,8005,5813.965,12530.804,,,6599,18012,6484,9928,3303,,,,,,,,false,
starexec,CSR048+3.p,e1a,balanced,REFUTED,8005,1727.100,64477.699,,,29094,83500,28899,44435,8007,,,,,,,,false,
starexec,CSR048+3.p,e1a,equational,REFUTED,8005,1973.621,890.700,,,70,158,70,73,73,,,,,,,,false,
starexec,CSR048+3.p,e1a,first-negative,REFUTED,8005,1334.461,442.326,,,17,21,17,16,16,,,,,,,,false,
starexec,CSR048+3.p,e1a,occurrence,REFUTED,8005,5126.755,26543.653,,,12746,39261,12699,13665,2255,,,,,,,,false,
starexec,CSR048+3.p,e1a,subsumption-light,REFUTED,8005,1206.458,477.834,,,40,79,39,46,46,,,,,,,,false,
starexec,CSR048+3.p,e1a,unary-redundancy,REFUTED,8005,1996.093,1599.464,,,1033,3095,1029,1480,407,,,,,,,,false,
starexec,CSR048+3.p,e1a,weight-greedy,REFUTED,8005,1186.009,436.928,,,30,52,29,31,31,,,,,,,,false,
starexec,CSR050+5.p,e1a,age-fair,PARSE_ERR,,0.000,,,,,,,,,,,,,,,,false,Exception
starexec,CSR050+5.p,e1a,balanced,PARSE_ERR,,0.000,,,,,,,,,,,,,,,,false,Exception
starexec,CSR050+5.p,e1a,equational,PARSE_ERR,,0.000,,,,,,,,,,,,,,,,false,Exception
starexec,CSR050+5.p,e1a,first-negative,PARSE_ERR,,0.000,,,,,,,,,,,,,,,,false,Exception
starexec,CSR050+5.p,e1a,occurrence,PARSE_ERR,,0.000,,,,,,,,,,,,,,,,false,Exception
starexec,CSR050+5.p,e1a,subsumption-light,PARSE_ERR,,0.000,,,,,,,,,,,,,,,,false,Exception
starexec,CSR050+5.p,e1a,unary-redundancy,PARSE_ERR,,0.000,,,,,,,,,,,,,,,,false,Exception
starexec,CSR050+5.p,e1a,weight-greedy,PARSE_ERR,,0.000,,,,,,,,,,,,,,,,false,Exception
starexec,CSR052+3.p,e1a,age-fair,TIMEOUT,8005,3697.589,159879.295,,,35895,260936,34923,215995,,,,,,,,,false,
starexec,CSR052+3.p,e1a,balanced,TIMEOUT,8005,1731.204,163665.820,,,46670,252503,43842,181631,,,,,,,,,false,
starexec,CSR052+3.p,e1a,equational,SATURATED,8005,2053.530,1150.364,,,218,269,218,92,,,,,,,,,false,
starexec,CSR052+3.p,e1a,first-negative,SATURATED,8005,1348.479,395.887,,,19,24,19,18,,,,,,,,,false,
starexec,CSR052+3.p,e1a,occurrence,TIMEOUT,8005,3176.905,161658.411,,,36721,217061,32365,131047,,,,,,,,,false,
starexec,CSR052+3.p,e1a,subsumption-light,SATURATED,8005,1207.828,538.382,,,92,121,92,49,,,,,,,,,false,
starexec,CSR052+3.p,e1a,unary-redundancy,REFUTED,8005,2072.253,870.177,,,122,243,122,95,67,,,,,,,,false,
starexec,CSR052+3.p,e1a,weight-greedy,SATURATED,8005,1780.448,664.250,,,48,63,48,33,,,,,,,,,false,
starexec,CSR054+3.p,e1a,age-fair,REFUTED,8005,5532.556,5254.937,,,3072,8440,3051,4879,3229,,,,,,,,false,
starexec,CSR054+3.p,e1a,balanced,REFUTED,8005,1762.651,5645.641,,,5183,10962,5179,8007,8007,,,,,,,,false,
starexec,CSR054+3.p,e1a,equational,REFUTED,8005,2092.267,909.960,,,76,229,76,227,227,,,,,,,,false,
starexec,CSR054+3.p,e1a,first-negative,SATURATED,8005,1365.525,426.012,,,9,10,9,9,,,,,,,,,false,
starexec,CSR054+3.p,e1a,occurrence,REFUTED,8005,4642.051,4276.467,,,2262,4339,2261,2261,2261,,,,,,,,false,
starexec,CSR054+3.p,e1a,subsumption-light,REFUTED,8005,2075.787,789.485,,,33,128,33,126,126,,,,,,,,false,
starexec,CSR054+3.p,e1a,unary-redundancy,REFUTED,8005,3233.907,1298.793,,,217,622,217,527,527,,,,,,,,false,
starexec,CSR054+3.p,e1a,weight-greedy,SATURATED,8005,1939.396,732.326,,,57,61,57,43,,,,,,,,,false,
starexec,CSR056+3.p,e1a,age-fair,HARD_TIMEOUT,8005,0.000,,,,,,,,,,,,,,,,false,
starexec,CSR056+3.p,e1a,balanced,REFUTED,8005,1728.903,71798.913,,,29063,83615,28552,44412,8007,,,,,,,,false,
starexec,CSR056+3.p,e1a,equational,REFUTED,8005,1957.188,1216.832,,,234,366,225,164,164,,,,,,,,false,
starexec,CSR056+3.p,e1a,first-negative,SATURATED,8005,1970.913,503.682,,,10,12,10,10,,,,,,,,,false,
starexec,CSR056+3.p,e1a,occurrence,REFUTED,8005,4734.594,36703.437,,,12565,38783,12513,13507,2260,,,,,,,,false,
starexec,CSR056+3.p,e1a,subsumption-light,SATURATED,8005,1849.333,650.520,,,48,63,47,43,,,,,,,,,false,
starexec,CSR056+3.p,e1a,unary-redundancy,TIMEOUT,8005,3204.083,159546.976,,,28486,209279,27972,129986,,,,,,,,,false,
starexec,CSR056+3.p,e1a,weight-greedy,SATURATED,8005,1865.656,675.822,,,32,44,31,24,,,,,,,,,false,
starexec,CSR058+3.p,e1a,age-fair,HARD_TIMEOUT,8005,0.000,,,,,,,,,,,,,,,,false,
starexec,CSR058+3.p,e1a,balanced,REFUTED,8005,1631.357,2176.767,,,689,8015,689,8007,8007,,,,,,,,false,
starexec,CSR058+3.p,e1a,equational,SATURATED,8005,2013.875,1401.823,,,385,696,382,154,,,,,,,,,false,
starexec,CSR058+3.p,e1a,first-negative,SATURATED,8005,2131.740,698.780,,,8,8,8,7,,,,,,,,,false,
starexec,CSR058+3.p,e1a,occurrence,HARD_TIMEOUT,8005,0.000,,,,,,,,,,,,,,,,false,
starexec,CSR058+3.p,e1a,subsumption-light,SATURATED,8005,1872.592,1004.403,,,152,230,150,76,,,,,,,,,false,
starexec,CSR058+3.p,e1a,unary-redundancy,SATURATED,8005,3046.027,64343.551,,,15988,62413,15714,13570,,,,,,,,,false,
starexec,CSR058+3.p,e1a,weight-greedy,SATURATED,8005,1880.201,608.770,,,47,67,47,39,,,,,,,,,false,
starexec,CSR066+5.p,e1a,age-fair,PARSE_ERR,,0.000,,,,,,,,,,,,,,,,false,Exception
starexec,CSR066+5.p,e1a,balanced,PARSE_ERR,,0.000,,,,,,,,,,,,,,,,false,Exception
starexec,CSR066+5.p,e1a,equational,PARSE_ERR,,0.000,,,,,,,,,,,,,,,,false,Exception
starexec,CSR066+5.p,e1a,first-negative,PARSE_ERR,,0.000,,,,,,,,,,,,,,,,false,Exception
starexec,CSR066+5.p,e1a,occurrence,PARSE_ERR,,0.000,,,,,,,,,,,,,,,,false,Exception
starexec,CSR066+5.p,e1a,subsumption-light,PARSE_ERR,,0.000,,,,,,,,,,,,,,,,false,Exception
starexec,CSR066+5.p,e1a,unary-redundancy,PARSE_ERR,,0.000,,,,,,,,,,,,,,,,false,Exception
starexec,CSR066+5.p,e1a,weight-greedy,PARSE_ERR,,0.000,,,,,,,,,,,,,,,,false,Exception
starexec,CSR067+3.p,e1a,age-fair,REFUTED,8005,4158.832,6967.680,,,4692,13767,4671,8711,3303,,,,,,,,false,
starexec,CSR067+3.p,e1a,balanced,REFUTED,8005,1203.579,8611.502,,,11314,20399,11250,8007,8007,,,,,,,,false,
starexec,CSR067+3.p,e1a,equational,REFUTED,8005,1230.484,437.406,,,54,85,54,70,70,,,,,,,,false,
starexec,CSR067+3.p,e1a,first-negative,REFUTED,8005,1560.848,374.457,,,11,14,11,10,10,,,,,,,,false,
starexec,CSR067+3.p,e1a,occurrence,REFUTED,8005,3238.088,6482.585,,,4950,9122,4946,2371,2255,,,,,,,,false,
starexec,CSR067+3.p,e1a,subsumption-light,REFUTED,8005,1231.862,474.941,,,19,32,19,27,27,,,,,,,,false,
starexec,CSR067+3.p,e1a,unary-redundancy,REFUTED,8005,1995.955,1004.623,,,335,785,334,387,387,,,,,,,,false,
starexec,CSR067+3.p,e1a,weight-greedy,REFUTED,8005,1192.623,321.534,,,17,25,17,20,20,,,,,,,,false,
starexec,CSR113+13.p,e1a,age-fair,REFUTED,10188,6734.297,22209.508,,,8006,136249,7948,127887,650,,,,,,,,false,
starexec,CSR113+13.p,e1a,balanced,TIMEOUT,10188,1177.190,164046.729,,,57386,295029,57334,237544,,,,,,,,,false,
starexec,CSR113+13.p,e1a,equational,TIMEOUT,10188,1473.068,161995.486,,,32966,4646744,32914,4603180,,,,,,,,,false,
starexec,CSR113+13.p,e1a,first-negative,SATURATED,10188,1283.870,337.944,,,5,5,5,5,,,,,,,,,false,
starexec,CSR113+13.p,e1a,occurrence,REFUTED,10188,6507.119,10011.647,,,5392,25017,5340,19255,535,,,,,,,,false,
starexec,CSR113+13.p,e1a,subsumption-light,TIMEOUT,10188,1429.012,161840.026,,,12394,596683,12230,582257,,,,,,,,,false,
starexec,CSR113+13.p,e1a,unary-redundancy,HARD_TIMEOUT,10188,0.000,,,,,,,,,,,,,,,,false,
starexec,CSR113+13.p,e1a,weight-greedy,TIMEOUT,10188,1160.373,163379.200,,,270,272,270,18,,,,,,,,,false,
starexec,CSR113+30.p,e1a,age-fair,REFUTED,10188,3720.308,13625.970,,,7956,101814,7698,93320,616,,,,,,,,false,
starexec,CSR113+30.p,e1a,balanced,TIMEOUT,10188,764.821,164672.658,,,44944,359484,44920,314477,,,,,,,,,false,
starexec,CSR113+30.p,e1a,equational,TIMEOUT,10188,1447.114,162148.174,,,54723,1455729,47219,1382808,,,,,,,,,false,
starexec,CSR113+30.p,e1a,first-negative,SATURATED,10188,1270.417,456.393,,,12,12,12,11,,,,,,,,,false,
starexec,CSR113+30.p,e1a,occurrence,REFUTED,10188,3622.997,7011.201,,,5237,33149,4774,23452,509,,,,,,,,false,
starexec,CSR113+30.p,e1a,subsumption-light,SATURATED,10188,1191.910,485.484,,,43,43,42,27,,,,,,,,,false,
starexec,CSR113+30.p,e1a,unary-redundancy,HARD_TIMEOUT,10188,0.000,,,,,,,,,,,,,,,,false,
starexec,CSR113+30.p,e1a,weight-greedy,TIMEOUT,10188,1095.827,162610.090,,,290,2394,203,973,,,,,,,,,false,
starexec,CSR113+4.p,e1a,age-fair,REFUTED,10188,2048.466,5597.746,,,8135,113351,7886,104629,631,,,,,,,,false,
starexec,CSR113+4.p,e1a,balanced,TIMEOUT,10188,762.752,164534.489,,,43799,329863,43775,286009,,,,,,,,,false,
starexec,CSR113+4.p,e1a,equational,TIMEOUT,10188,789.162,164049.821,,,57811,4633362,54517,4552174,,,,,,,,,false,
starexec,CSR113+4.p,e1a,first-negative,SATURATED,10188,732.708,263.258,,,12,12,12,11,,,,,,,,,false,
starexec,CSR113+4.p,e1a,occurrence,REFUTED,10188,2052.636,3297.916,,,5505,30441,4535,20758,522,,,,,,,,false,
starexec,CSR113+4.p,e1a,subsumption-light,SATURATED,10188,657.462,308.201,,,43,43,42,27,,,,,,,,,false,
starexec,CSR113+4.p,e1a,unary-redundancy,TIMEOUT,10188,837.408,163883.294,,,238,7583,238,4403,,,,,,,,,false,
starexec,CSR113+4.p,e1a,weight-greedy,TIMEOUT,10188,642.703,163019.161,,,321,2904,223,1206,,,,,,,,,false,
starexec,CSR114+8.p,e1a,age-fair,TIMEOUT,10188,2906.482,162180.340,,,40233,3532861,39559,3487478,,,,,,,,,false,
starexec,CSR114+8.p,e1a,balanced,TIMEOUT,10188,783.011,164673.281,,,47578,358603,47554,310965,,,,,,,,,false,
starexec,CSR114+8.p,e1a,equational,TIMEOUT,10188,2174.027,160875.803,,,29865,3752385,28744,3713724,,,,,,,,,false,
starexec,CSR114+8.p,e1a,first-negative,SATURATED,10188,1785.582,521.934,,,2,2,2,2,,,,,,,,,false,
starexec,CSR114+8.p,e1a,occurrence,REFUTED,10188,4408.832,32910.666,,,13161,81952,12275,47588,428,,,,,,,,false,
starexec,CSR114+8.p,e1a,subsumption-light,SATURATED,10188,1933.868,1490.740,,,463,482,463,191,,,,,,,,,false,
starexec,CSR114+8.p,e1a,unary-redundancy,REFUTED,10188,3997.610,2397.407,,,890,1425,852,457,277,,,,,,,,false,
starexec,CSR114+8.p,e1a,weight-greedy,SATURATED,10188,1068.848,341.598,,,2,2,2,2,,,,,,,,,false,
starexec,CSR115+8.p,e1a,age-fair,HARD_TIMEOUT,10188,0.000,,,,,,,,,,,,,,,,false,
starexec,CSR115+8.p,e1a,balanced,TIMEOUT,10188,1129.414,163729.563,,,57900,317158,57893,259240,,,,,,,,,false,
starexec,CSR115+8.p,e1a,equational,REFUTED,10188,2081.836,2331.179,,,1146,1619,1131,443,440,,,,,,,,false,
starexec,CSR115+8.p,e1a,first-negative,SATURATED,10188,2008.906,570.559,,,19,19,19,15,,,,,,,,,false,
starexec,CSR115+8.p,e1a,occurrence,REFUTED,10188,7053.438,4045.398,,,2225,4172,2213,1808,583,,,,,,,,false,
starexec,CSR115+8.p,e1a,subsumption-light,REFUTED,10188,2045.869,2479.055,,,1123,1537,1120,375,365,,,,,,,,false,
starexec,CSR115+8.p,e1a,unary-redundancy,REFUTED,10188,7099.115,2820.512,,,1086,1396,1083,435,435,,,,,,,,false,
starexec,CSR115+8.p,e1a,weight-greedy,TIMEOUT,10188,1858.436,160057.522,,,4336,2589302,4336,2577830,,,,,,,,,false,
starexec,CSR116+10.p,e1a,age-fair,HARD_TIMEOUT,10188,0.000,,,,,,,,,,,,,,,,false,
starexec,CSR116+10.p,e1a,balanced,TIMEOUT,10188,1224.729,163574.396,,,51131,403980,51112,352839,,,,,,,,,false,
starexec,CSR116+10.p,e1a,equational,REFUTED,10188,2376.116,3603.400,,,1671,2515,1629,823,607,,,,,,,,false,
starexec,CSR116+10.p,e1a,first-negative,SATURATED,10188,2188.050,643.043,,,14,14,14,13,,,,,,,,,false,
starexec,CSR116+10.p,e1a,occurrence,REFUTED,10188,12217.801,3400.251,,,1726,2444,1670,761,721,,,,,,,,false,
starexec,CSR116+10.p,e1a,subsumption-light,REFUTED,10188,2299.662,7322.284,,,2234,4181,2142,1677,526,,,,,,,,false,
starexec,CSR116+10.p,e1a,unary-redundancy,REFUTED,10188,11672.137,3644.757,,,1454,1934,1428,568,562,,,,,,,,false,
starexec,CSR116+10.p,e1a,weight-greedy,TIMEOUT,10188,1873.710,159056.018,,,281,2283,197,930,,,,,,,,,false,
starexec,CSR116+13.p,e1a,age-fair,HARD_TIMEOUT,10188,0.000,,,,,,,,,,,,,,,,false,
starexec,CSR116+13.p,e1a,balanced,REFUTED,10188,884.697,16693.105,,,13633,107237,13504,93595,10594,,,,,,,,false,
starexec,CSR116+13.p,e1a,equational,REFUTED,10188,1539.373,1696.281,,,1226,1878,1171,638,463,,,,,,,,false,
starexec,CSR116+13.p,e1a,first-negative,SATURATED,10188,1701.768,429.045,,,14,14,14,13,,,,,,,,,false,
starexec,CSR116+13.p,e1a,occurrence,REFUTED,10188,4567.483,2641.693,,,1868,2966,1826,1044,573,,,,,,,,false,
starexec,CSR116+13.p,e1a,subsumption-light,REFUTED,10188,1747.560,2485.446,,,1307,2123,1292,752,366,,,,,,,,false,
starexec,CSR116+13.p,e1a,unary-redundancy,REFUTED,10188,4535.941,2741.856,,,1398,2262,1371,825,396,,,,,,,,false,
starexec,CSR116+13.p,e1a,weight-greedy,TIMEOUT,10188,1187.538,159143.896,,,263,2007,185,806,,,,,,,,,false,
starexec,CSR116+19.p,e1a,balanced,REFUTED,10188,791.844,21525.346,,,17848,144756,16345,126880,10671,,,,,,,,false,
starexec,CSR116+19.p,e1a,equational,REFUTED,10188,1543.662,2034.867,,,1687,2432,1619,709,549,,,,,,,,false,
starexec,CSR116+19.p,e1a,first-negative,SATURATED,10188,1466.948,427.357,,,14,14,14,13,,,,,,,,,false,
starexec,CSR116+19.p,e1a,occurrence,REFUTED,10188,5292.653,1947.775,,,1421,2042,1398,770,632,,,,,,,,false,
starexec,CSR116+19.p,e1a,subsumption-light,REFUTED,10188,1383.328,2581.266,,,1565,3111,1550,1459,441,,,,,,,,false,
starexec,CSR116+19.p,e1a,unary-redundancy,REFUTED,10188,5152.645,3510.761,,,1674,2925,1651,1169,462,,,,,,,,false,
starexec,CSR116+19.p,e1a,weight-greedy,TIMEOUT,10188,1125.518,159925.341,,,284,2287,200,930,,,,,,,,,false,
starexec,CSR116+3.p,e1a,balanced,TIMEOUT,10188,1223.986,163723.919,,,50929,287680,50790,236656,,,,,,,,,false,
starexec,CSR116+3.p,e1a,equational,REFUTED,10188,2384.050,4363.545,,,2021,3286,1988,1200,553,,,,,,,,false,
starexec,CSR116+3.p,e1a,first-negative,SATURATED,10188,2295.868,706.671,,,17,17,17,17,,,,,,,,,false,
starexec,CSR116+3.p,e1a,occurrence,REFUTED,10188,9531.576,3929.891,,,1988,3115,1962,967,630,,,,,,,,false,
starexec,CSR116+3.p,e1a,subsumption-light,REFUTED,10188,2339.365,5700.012,,,1784,3740,1772,1869,480,,,,,,,,false,
starexec,CSR116+3.p,e1a,unary-redundancy,REFUTED,10188,9213.190,3612.727,,,1380,1771,1370,492,492,,,,,,,,false,
starexec,CSR116+3.p,e1a,weight-greedy,TIMEOUT,10188,1882.117,161247.614,,,384,399,381,29,,,,,,,,,false,
starexec,CSR116+38.p,e1a,balanced,TIMEOUT,10188,764.017,164458.353,,,61571,487091,61568,425498,,,,,,,,,false,
starexec,CSR116+38.p,e1a,equational,REFUTED,10188,1505.763,2211.854,,,1772,3057,1754,1227,525,,,,,,,,false,
starexec,CSR116+38.p,e1a,first-negative,SATURATED,10188,1435.911,375.580,,,16,16,16,16,,,,,,,,,false,
starexec,CSR116+38.p,e1a,occurrence,REFUTED,10188,5160.082,2447.715,,,1930,3461,1861,1303,595,,,,,,,,false,
starexec,CSR116+38.p,e1a,subsumption-light,REFUTED,10188,1422.813,2672.691,,,1537,2973,1531,1345,433,,,,,,,,false,
starexec,CSR116+38.p,e1a,unary-redundancy,REFUTED,10188,4788.798,1995.737,,,1296,1763,1288,450,446,,,,,,,,false,
starexec,CSR116+38.p,e1a,weight-greedy,TIMEOUT,10188,1861.697,159900.598,,,378,381,377,28,,,,,,,,,false,
starexec,CSR116+8.p,e1a,age-fair,HARD_TIMEOUT,10188,0.000,,,,,,,,,,,,,,,,false,
starexec,CSR116+8.p,e1a,balanced,TIMEOUT,10188,1107.385,163785.596,,,45944,282588,45922,236625,,,,,,,,,false,
starexec,CSR116+8.p,e1a,equational,REFUTED,10188,2271.899,3304.636,,,1658,2443,1633,763,623,,,,,,,,false,
starexec,CSR116+8.p,e1a,first-negative,SATURATED,10188,2123.430,596.766,,,14,14,14,13,,,,,,,,,false,
starexec,CSR116+8.p,e1a,occurrence,REFUTED,10188,11696.610,3171.805,,,1701,2436,1679,799,694,,,,,,,,false,
starexec,CSR116+8.p,e1a,subsumption-light,REFUTED,10188,2266.581,44947.515,,,7946,255884,7868,245110,545,,,,,,,,false,
starexec,CSR116+8.p,e1a,unary-redundancy,REFUTED,10188,11849.216,3392.092,,,1460,2020,1448,569,554,,,,,,,,false,
starexec,CSR116+8.p,e1a,weight-greedy,TIMEOUT,10188,1881.220,159511.460,,,263,2007,185,806,,,,,,,,,false,
starexec,CSR117+1.p,e1a,age-fair,REFUTED,268,1207.071,4890.039,,,1027,1364,991,624,270,,,,,,,,false,
starexec,CSR117+1.p,e1a,balanced,REFUTED,268,323.224,1895.916,,,856,1354,843,624,270,,,,,,,,false,
starexec,CSR117+1.p,e1a,equational,REFUTED,268,665.365,3520.569,,,856,1354,843,624,270,,,,,,,,false,
starexec,CSR117+1.p,e1a,first-negative,REFUTED,268,1295.451,6675.580,,,1875,2182,1824,807,270,,,,,,,,false,
starexec,CSR117+1.p,e1a,occurrence,REFUTED,268,1254.697,4358.252,,,941,1362,924,481,270,,,,,,,,false,
starexec,CSR117+1.p,e1a,subsumption-light,REFUTED,268,704.163,5110.322,,,856,1354,843,624,270,,,,,,,,false,
starexec,CSR117+1.p,e1a,unary-redundancy,REFUTED,268,1229.669,6152.988,,,956,1363,924,624,270,,,,,,,,false,
starexec,CSR117+1.p,e1a,weight-greedy,REFUTED,268,696.705,2760.952,,,803,921,796,270,270,,,,,,,,false,
starexec,CSR208+1.p,e1a,age-fair,HARD_TIMEOUT,7432,0.000,,,,,,,,,,,,,,,,false,
starexec,CSR208+1.p,e1a,balanced,HARD_TIMEOUT,7432,0.000,,,,,,,,,,,,,,,,false,
starexec,CSR208+1.p,e1a,equational,TIMEOUT,7432,2837.894,160219.364,,,33488,1574379,30781,1529312,,,,,,,,,false,
starexec,CSR208+1.p,e1a,first-negative,SATURATED,7432,2446.058,656.763,,,24,24,24,24,,,,,,,,,false,
starexec,CSR208+1.p,e1a,occurrence,HARD_TIMEOUT,7432,0.000,,,,,,,,,,,,,,,,false,
starexec,CSR208+1.p,e1a,subsumption-light,TIMEOUT,7432,2452.837,158970.344,,,24094,1911514,20468,1877205,,,,,,,,,false,
starexec,CSR208+1.p,e1a,unary-redundancy,HARD_TIMEOUT,7432,0.000,,,,,,,,,,,,,,,,false,
starexec,CSR208+1.p,e1a,weight-greedy,TIMEOUT,7432,2376.570,158692.232,,,6824,488568,6608,468537,,,,,,,,,false,
starexec,GEO085+1.p,e1a,age-fair,REFUTED,16,949.882,5209.219,,,595,31219,587,30534,50,,,,,,,,false,
starexec,GEO085+1.p,e1a,balanced,REFUTED,16,270.858,504.139,,,70,129,66,51,56,,,,,,,,false,
starexec,GEO085+1.p,e1a,equational,REFUTED,16,544.476,945.310,,,69,128,65,52,56,,,,,,,,false,
starexec,GEO085+1.p,e1a,first-negative,REFUTED,16,986.663,1105.005,,,120,368,110,210,50,,,,,,,,false,
starexec,GEO085+1.p,e1a,occurrence,REFUTED,16,864.129,1022.785,,,86,215,82,63,50,,,,,,,,false,
starexec,GEO085+1.p,e1a,subsumption-light,REFUTED,16,540.438,1094.964,,,70,129,66,51,56,,,,,,,,false,
starexec,GEO085+1.p,e1a,unary-redundancy,REFUTED,16,916.278,1087.530,,,65,134,61,60,50,,,,,,,,false,
starexec,GEO085+1.p,e1a,weight-greedy,REFUTED,16,523.181,766.251,,,39,84,37,51,56,,,,,,,,false,
starexec,GEO087+1.p,e1a,age-fair,REFUTED,16,949.708,2763.794,,,310,7726,303,7388,50,,,,,,,,false,
starexec,GEO087+1.p,e1a,balanced,REFUTED,16,268.757,696.664,,,109,478,99,318,56,,,,,,,,false,
starexec,GEO087+1.p,e1a,equational,REFUTED,16,548.822,1298.390,,,109,478,99,318,56,,,,,,,,false,
starexec,GEO087+1.p,e1a,first-negative,REFUTED,16,1037.639,2032.864,,,327,2701,277,2264,50,,,,,,,,false,
starexec,GEO087+1.p,e1a,occurrence,REFUTED,16,940.974,884.697,,,75,154,68,70,50,,,,,,,,false,
starexec,GEO087+1.p,e1a,subsumption-light,REFUTED,16,536.263,1111.538,,,72,149,69,70,56,,,,,,,,false,
starexec,GEO087+1.p,e1a,unary-redundancy,REFUTED,16,960.683,1017.317,,,68,148,65,74,50,,,,,,,,false,
starexec,GEO087+1.p,e1a,weight-greedy,REFUTED,16,546.484,1114.866,,,122,323,111,128,56,,,,,,,,false,
starexec,GEO089+1.p,e1a,age-fair,TIMEOUT,16,564.943,164757.861,,,11295,6248614,10875,6232831,,,,,,,,,false,
starexec,GEO089+1.p,e1a,equational,TIMEOUT,16,340.101,164794.602,,,11557,6115769,10952,6080702,,,,,,,,,false,
starexec,GEO089+1.p,e1a,first-negative,TIMEOUT,16,671.019,164692.261,,,37907,4460994,37356,4405102,,,,,,,,,false,
starexec,GEO089+1.p,e1a,occurrence,TIMEOUT,16,915.476,163977.905,,,12802,7182682,11833,7131560,,,,,,,,,false,
starexec,GEO089+1.p,e1a,subsumption-light,TIMEOUT,16,350.780,164811.819,,,7157,2812168,6889,2785928,,,,,,,,,false,
starexec,GEO089+1.p,e1a,unary-redundancy,TIMEOUT,16,571.160,164965.310,,,5629,2421218,5195,2409662,,,,,,,,,false,
starexec,GEO089+1.p,e1a,weight-greedy,TIMEOUT,16,344.668,164742.454,,,16825,7463241,10992,6782921,,,,,,,,,false,
starexec,GEO093+1.p,e1a,age-fair,TIMEOUT,16,967.244,164103.626,,,10535,5359916,10329,5345238,,,,,,,,,false,
starexec,GEO093+1.p,e1a,balanced,REFUTED,16,277.317,3768.290,,,1533,129703,1456,126765,59,,,,,,,,false,
starexec,GEO093+1.p,e1a,equational,REFUTED,16,572.020,6981.712,,,1543,128936,1472,125967,59,,,,,,,,false,
starexec,GEO093+1.p,e1a,first-negative,TIMEOUT,16,1010.089,163692.816,,,24551,5023664,23865,4982586,,,,,,,,,false,
starexec,GEO093+1.p,e1a,occurrence,REFUTED,16,924.897,3587.805,,,1081,30157,907,28055,53,,,,,,,,false,
starexec,GEO093+1.p,e1a,subsumption-light,REFUTED,16,560.127,8915.743,,,1393,103776,1351,101342,59,,,,,,,,false,
starexec,GEO093+1.p,e1a,unary-redundancy,REFUTED,16,982.010,9829.034,,,1499,95468,1430,93264,53,,,,,,,,false,
starexec,GEO093+1.p,e1a,weight-greedy,REFUTED,16,567.695,3213.542,,,1265,13058,737,9371,59,,,,,,,,false,
starexec,GEO095+1.p,e1a,age-fair,TIMEOUT,16,989.891,163984.182,,,12759,7127088,12534,7108382,,,,,,,,,false,
starexec,GEO095+1.p,e1a,balanced,TIMEOUT,16,187.558,167168.693,,,17910,16115880,15446,16045206,,,,,,,,,false,
starexec,GEO095+1.p,e1a,equational,TIMEOUT,16,545.422,164054.372,,,12305,8508371,11294,8464097,,,,,,,,,false,
starexec,GEO095+1.p,e1a,first-negative,TIMEOUT,16,1086.886,163702.458,,,25471,4559751,23898,4511015,,,,,,,,,false,
starexec,GEO095+1.p,e1a,occurrence,TIMEOUT,16,625.660,164680.062,,,22729,8523839,19054,8430751,,,,,,,,,false,
starexec,GEO095+1.p,e1a,subsumption-light,TIMEOUT,16,568.914,164055.263,,,6953,2710257,6603,2685853,,,,,,,,,false,
starexec,GEO095+1.p,e1a,unary-redundancy,TIMEOUT,16,945.058,164140.338,,,8770,2980661,8408,2960757,,,,,,,,,false,
starexec,GEO095+1.p,e1a,weight-greedy,TIMEOUT,16,538.035,164907.586,,,32848,7837250,22584,7663877,,,,,,,,,false,
starexec,GEO111+1.p,e1a,age-fair,REFUTED,17,621.196,9170.512,,,1545,295985,1523,294049,57,,,,,,,,false,
starexec,GEO111+1.p,e1a,balanced,REFUTED,17,183.408,2585.989,,,888,61415,868,59970,64,,,,,,,,false,
starexec,GEO111+1.p,e1a,equational,REFUTED,17,365.411,4484.721,,,875,59731,854,58289,64,,,,,,,,false,
starexec,GEO111+1.p,e1a,first-negative,REFUTED,17,653.775,8235.333,,,3616,135157,3506,130115,57,,,,,,,,false,
starexec,GEO111+1.p,e1a,occurrence,REFUTED,17,628.023,15519.777,,,4755,547666,4668,530992,57,,,,,,,,false,
starexec,GEO111+1.p,e1a,subsumption-light,REFUTED,17,371.737,5988.629,,,860,41141,843,39735,64,,,,,,,,false,
starexec,GEO111+1.p,e1a,unary-redundancy,REFUTED,17,606.695,4656.100,,,965,33124,921,31668,57,,,,,,,,false,
starexec,GEO111+1.p,e1a,weight-greedy,REFUTED,17,490.501,1449.609,,,463,2616,364,1080,64,,,,,,,,false,
starexec,GEO117+1.p,e1a,age-fair,REFUTED,27,1197.055,3437.801,,,386,9431,385,9025,98,,,,,,,,false,
starexec,GEO117+1.p,e1a,balanced,REFUTED,27,343.214,1742.076,,,539,7036,439,6240,113,,,,,,,,false,
starexec,GEO117+1.p,e1a,equational,REFUTED,27,669.452,2994.612,,,491,5540,428,4800,113,,,,,,,,false,
starexec,GEO117+1.p,e1a,first-negative,REFUTED,27,1275.108,1730.702,,,235,1069,234,787,98,,,,,,,,false,
starexec,GEO117+1.p,e1a,occurrence,REFUTED,27,1111.692,2043.488,,,349,2038,342,1558,98,,,,,,,,false,
starexec,GEO117+1.p,e1a,subsumption-light,REFUTED,27,690.041,12168.438,,,1414,75253,1296,72511,113,,,,,,,,false,
starexec,GEO117+1.p,e1a,unary-redundancy,REFUTED,27,1173.779,2275.007,,,285,1496,283,1152,98,,,,,,,,false,
starexec,GEO117+1.p,e1a,weight-greedy,TIMEOUT,27,640.188,164107.444,,,26521,2586785,21711,2208863,,,,,,,,,false,
starexec,GEO138+1.p,e1a,age-fair,TIMEOUT,27,1128.702,164094.273,,,10312,5572443,9903,5559259,,,,,,,,,false,
starexec,GEO138+1.p,e1a,balanced,TIMEOUT,27,320.124,168641.254,,,15289,10185474,14787,10148420,,,,,,,,,false,
starexec,GEO138+1.p,e1a,equational,TIMEOUT,27,656.895,164140.583,,,11539,5777179,11155,5750886,,,,,,,,,false,
starexec,GEO138+1.p,e1a,first-negative,TIMEOUT,27,1205.761,163956.075,,,19249,6515747,18350,6487365,,,,,,,,,false,
starexec,GEO138+1.p,e1a,occurrence,TIMEOUT,27,1182.702,164220.985,,,14757,6776349,13531,6718322,,,,,,,,,false,
starexec,GEO138+1.p,e1a,subsumption-light,TIMEOUT,27,695.915,164187.526,,,8404,2425162,7980,2391126,,,,,,,,,false,
starexec,GEO138+1.p,e1a,unary-redundancy,TIMEOUT,27,1169.630,164102.651,,,7411,2025459,6604,2004677,,,,,,,,,false,
starexec,GEO138+1.p,e1a,weight-greedy,TIMEOUT,27,711.221,164037.123,,,18937,5329225,15540,5003553,,,,,,,,,false,
starexec,GEO260+1.p,e1a,age-fair,REFUTED,31,495.306,88619.154,,,9317,5335849,8083,5320377,65,,,,,,,,false,
starexec,GEO260+1.p,e1a,balanced,REFUTED,31,261.478,27041.786,,,5042,1761522,3325,1750448,70,,,,,,,,false,
starexec,GEO260+1.p,e1a,equational,REFUTED,31,297.953,20866.263,,,4612,1392447,2763,1382745,70,,,,,,,,false,
starexec,GEO260+1.p,e1a,first-negative,TIMEOUT,31,527.811,164711.140,,,38830,8556266,23578,8393457,,,,,,,,,false,
starexec,GEO260+1.p,e1a,occurrence,REFUTED,31,493.564,21362.583,,,5314,1459635,4494,1438311,65,,,,,,,,false,
starexec,GEO260+1.p,e1a,subsumption-light,REFUTED,31,283.197,98475.127,,,3239,1012320,3013,1004248,70,,,,,,,,false,
starexec,GEO260+1.p,e1a,unary-redundancy,REFUTED,31,529.952,144390.789,,,4484,1226573,3203,1217068,65,,,,,,,,false,
starexec,GEO260+1.p,e1a,weight-greedy,TIMEOUT,31,318.590,164880.976,,,12694,314063,12139,279432,,,,,,,,,false,
starexec,GEO274+1.p,e1a,age-fair,TIMEOUT,116,3077.197,163122.526,,,25724,1670697,25569,1643114,,,,,,,,,false,
starexec,GEO274+1.p,e1a,balanced,TIMEOUT,116,873.987,164481.999,,,25086,1322153,25006,1291470,,,,,,,,,false,
starexec,GEO274+1.p,e1a,equational,TIMEOUT,116,1746.181,163140.813,,,25804,1336141,25280,1307491,,,,,,,,,false,
starexec,GEO274+1.p,e1a,first-negative,TIMEOUT,116,3417.022,162604.891,,,17514,1932197,16198,1912790,,,,,,,,,false,
starexec,GEO274+1.p,e1a,occurrence,TIMEOUT,116,3062.439,163186.437,,,18380,116316,18358,92136,,,,,,,,,false,
starexec,GEO274+1.p,e1a,subsumption-light,TIMEOUT,116,1735.857,164556.842,,,14196,264697,14124,250461,,,,,,,,,false,
starexec,GEO274+1.p,e1a,unary-redundancy,HARD_TIMEOUT,116,0.000,,,,,,,,,,,,,,,,false,
starexec,GEO274+1.p,e1a,weight-greedy,TIMEOUT,116,1888.512,163134.675,,,10073,4820214,7823,4633178,,,,,,,,,false,
starexec,GEO277+1.p,e1a,age-fair,TIMEOUT,126,3055.393,162977.256,,,23835,2082548,23378,2057137,,,,,,,,,false,
starexec,GEO277+1.p,e1a,balanced,TIMEOUT,126,857.613,164502.178,,,23274,1382439,23226,1351976,,,,,,,,,false,
starexec,GEO277+1.p,e1a,equational,TIMEOUT,126,1699.598,163152.425,,,17622,122297,17612,104574,,,,,,,,,false,
starexec,GEO277+1.p,e1a,first-negative,TIMEOUT,126,3468.276,162672.709,,,17621,4216942,17482,4199076,,,,,,,,,false,
starexec,GEO277+1.p,e1a,occurrence,TIMEOUT,126,3165.038,162988.683,,,15691,3091541,15366,3075408,,,,,,,,,false,
starexec,GEO277+1.p,e1a,subsumption-light,TIMEOUT,126,1922.836,164659.642,,,14383,144184,14126,127568,,,,,,,,,false,
starexec,GEO277+1.p,e1a,unary-redundancy,HARD_TIMEOUT,126,0.000,,,,,,,,,,,,,,,,false,
starexec,GEO277+1.p,e1a,weight-greedy,TIMEOUT,126,1851.720,163048.355,,,13490,5079104,10076,4897436,,,,,,,,,false,
starexec,GEO282+1.p,e1a,age-fair,REFUTED,123,3499.389,31603.238,,,9034,298748,8931,289118,282,,,,,,,,false,
starexec,GEO282+1.p,e1a,balanced,REFUTED,123,876.065,2533.780,,,1162,2908,1140,1676,284,,,,,,,,false,
starexec,GEO282+1.p,e1a,equational,REFUTED,123,1804.371,4574.199,,,1103,2908,1085,1758,284,,,,,,,,false,
starexec,GEO282+1.p,e1a,first-negative,HARD_TIMEOUT,123,0.000,,,,,,,,,,,,,,,,false,
starexec,GEO282+1.p,e1a,occurrence,REFUTED,123,3190.658,22569.277,,,5274,17678,5199,11972,282,,,,,,,,false,
starexec,GEO282+1.p,e1a,subsumption-light,REFUTED,123,1765.051,14127.391,,,1231,2852,1219,1544,284,,,,,,,,false,
starexec,GEO282+1.p,e1a,unary-redundancy,REFUTED,123,3455.032,13899.783,,,1195,2748,1182,1488,282,,,,,,,,false,
starexec,GEO282+1.p,e1a,weight-greedy,REFUTED,123,1897.105,2418.528,,,445,788,412,284,284,,,,,,,,false,
starexec,GEO285+1.p,e1a,age-fair,REFUTED,132,2779.294,15033.249,,,5441,162566,5353,156814,296,,,,,,,,false,
starexec,GEO285+1.p,e1a,balanced,REFUTED,132,964.735,2910.960,,,2216,15733,1984,13245,298,,,,,,,,false,
starexec,GEO285+1.p,e1a,equational,REFUTED,132,1451.200,5019.974,,,2216,11138,2082,8684,298,,,,,,,,false,
starexec,GEO285+1.p,e1a,first-negative,TIMEOUT,132,2837.006,162007.762,,,21040,2135595,21018,2114520,,,,,,,,,false,
starexec,GEO285+1.p,e1a,occurrence,TIMEOUT,132,2751.806,162749.518,,,23051,108415,21695,84220,,,,,,,,,false,
starexec,GEO285+1.p,e1a,subsumption-light,REFUTED,132,1388.897,13922.434,,,2188,14823,2065,12427,298,,,,,,,,false,
starexec,GEO285+1.p,e1a,unary-redundancy,REFUTED,132,2747.321,19492.690,,,3160,16762,2954,13113,296,,,,,,,,false,
starexec,GEO285+1.p,e1a,weight-greedy,REFUTED,132,1271.747,2607.605,,,737,4772,703,2513,298,,,,,,,,false,
starexec,GEO298+1.p,e1a,age-fair,TIMEOUT,157,3526.765,162798.438,,,21303,1394553,21150,1371895,,,,,,,,,false,
starexec,GEO298+1.p,e1a,balanced,TIMEOUT,157,985.750,164326.191,,,25624,1199524,25177,1164859,,,,,,,,,false,
starexec,GEO298+1.p,e1a,equational,TIMEOUT,157,1913.337,163050.104,,,19908,702474,19746,675281,,,,,,,,,false,
starexec,GEO298+1.p,e1a,first-negative,HARD_TIMEOUT,157,0.000,,,,,,,,,,,,,,,,false,
starexec,GEO298+1.p,e1a,occurrence,TIMEOUT,157,3738.557,162982.810,,,16885,163255,16769,137078,,,,,,,,,false,
starexec,GEO298+1.p,e1a,subsumption-light,TIMEOUT,157,1954.516,164298.221,,,13802,343222,13662,324527,,,,,,,,,false,
starexec,GEO298+1.p,e1a,unary-redundancy,HARD_TIMEOUT,157,0.000,,,,,,,,,,,,,,,,false,
starexec,GEO298+1.p,e1a,weight-greedy,TIMEOUT,157,1972.029,163066.508,,,14537,5345934,10412,5130528,,,,,,,,,false,
starexec,GEO306+1.p,e1a,age-fair,TIMEOUT,126,3060.008,162518.600,,,24745,1420776,24429,1394807,,,,,,,,,false,
starexec,GEO306+1.p,e1a,balanced,TIMEOUT,126,980.361,164068.224,,,26900,801084,26304,760936,,,,,,,,,false,
starexec,GEO306+1.p,e1a,equational,TIMEOUT,126,1508.828,162782.876,,,19928,405063,19806,379290,,,,,,,,,false,
starexec,GEO306+1.p,e1a,first-negative,TIMEOUT,126,3331.679,162238.873,,,17854,5054551,17846,5036681,,,,,,,,,false,
starexec,GEO306+1.p,e1a,occurrence,TIMEOUT,126,2974.408,162633.993,,,16948,173150,16070,153234,,,,,,,,,false,
starexec,GEO306+1.p,e1a,subsumption-light,TIMEOUT,126,1457.035,163359.463,,,14594,218456,14485,198072,,,,,,,,,false,
starexec,GEO306+1.p,e1a,unary-redundancy,TIMEOUT,126,3146.661,163383.169,,,15142,190119,14834,168677,,,,,,,,,false,
starexec,GEO306+1.p,e1a,weight-greedy,TIMEOUT,126,1439.368,162858.419,,,25869,249179,22917,199469,,,,,,,,,false,
starexec,GEO307+1.p,e1a,age-fair,HARD_TIMEOUT,145,0.000,,,,,,,,,,,,,,,,false,
starexec,GEO307+1.p,e1a,balanced,TIMEOUT,145,1017.207,164387.509,,,25411,746788,25279,712935,,,,,,,,,false,
starexec,GEO307+1.p,e1a,equational,TIMEOUT,145,2014.803,163004.248,,,20176,550436,20038,524077,,,,,,,,,false,
starexec,GEO307+1.p,e1a,first-negative,HARD_TIMEOUT,145,0.000,,,,,,,,,,,,,,,,false,
starexec,GEO307+1.p,e1a,occurrence,TIMEOUT,145,3387.877,163037.288,,,17189,83856,16862,58088,,,,,,,,,false,
starexec,GEO307+1.p,e1a,subsumption-light,HARD_TIMEOUT,145,0.000,,,,,,,,,,,,,,,,false,
starexec,GEO307+1.p,e1a,unary-redundancy,HARD_TIMEOUT,145,0.000,,,,,,,,,,,,,,,,false,
starexec,GEO307+1.p,e1a,weight-greedy,TIMEOUT,145,1924.333,162995.695,,,11891,4889324,9470,4732251,,,,,,,,,false,
starexec,GEO308+1.p,e1a,age-fair,TIMEOUT,146,3440.416,163225.632,,,24546,1560335,24504,1532675,,,,,,,,,false,
starexec,GEO308+1.p,e1a,balanced,TIMEOUT,146,964.340,164394.649,,,27302,673382,26885,638258,,,,,,,,,false,
starexec,GEO308+1.p,e1a,equational,TIMEOUT,146,1859.020,163166.237,,,21479,479788,21147,452162,,,,,,,,,false,
starexec,GEO308+1.p,e1a,first-negative,HARD_TIMEOUT,146,0.000,,,,,,,,,,,,,,,,false,
starexec,GEO308+1.p,e1a,occurrence,TIMEOUT,146,3409.468,163079.268,,,18582,139732,17971,112092,,,,,,,,,false,
starexec,GEO308+1.p,e1a,subsumption-light,TIMEOUT,146,1985.416,164673.993,,,13881,270149,13476,252261,,,,,,,,,false,
starexec,GEO308+1.p,e1a,unary-redundancy,HARD_TIMEOUT,146,0.000,,,,,,,,,,,,,,,,false,
starexec,GEO308+1.p,e1a,weight-greedy,TIMEOUT,146,1929.789,164104.971,,,11580,5014014,9460,4853126,,,,,,,,,false,
starexec,GEO310+1.p,e1a,age-fair,TIMEOUT,148,3402.364,163122.514,,,24085,1170200,23923,1141447,,,,,,,,,false,
starexec,GEO310+1.p,e1a,balanced,TIMEOUT,148,947.793,164386.998,,,25637,1101028,24810,1064424,,,,,,,,,false,
starexec,GEO310+1.p,e1a,equational,TIMEOUT,148,1904.798,163026.440,,,20612,533167,20308,506510,,,,,,,,,false,
starexec,GEO310+1.p,e1a,first-negative,TIMEOUT,148,3447.346,162741.826,,,17218,4747251,17209,4730012,,,,,,,,,false,
starexec,GEO310+1.p,e1a,occurrence,TIMEOUT,148,3293.293,162991.903,,,17950,89208,17438,69520,,,,,,,,,false,
starexec,GEO310+1.p,e1a,subsumption-light,TIMEOUT,148,1904.213,164618.158,,,13479,410688,13091,392676,,,,,,,,,false,
starexec,GEO310+1.p,e1a,unary-redundancy,HARD_TIMEOUT,148,0.000,,,,,,,,,,,,,,,,false,
starexec,GEO310+1.p,e1a,weight-greedy,TIMEOUT,148,1879.080,163179.615,,,11969,5516456,10299,5353759,,,,,,,,,false,
starexec,GEO321+1.p,e1a,age-fair,TIMEOUT,177,3142.239,162494.591,,,32844,1577382,32762,1541070,,,,,,,,,false,
starexec,GEO321+1.p,e1a,balanced,TIMEOUT,177,936.930,164285.895,,,33528,2102188,32553,2054996,,,,,,,,,false,
starexec,GEO321+1.p,e1a,equational,TIMEOUT,177,1551.799,162553.013,,,27291,773753,26955,737911,,,,,,,,,false,
starexec,GEO321+1.p,e1a,first-negative,TIMEOUT,177,3261.489,162281.934,,,15691,4739128,15679,4723392,,,,,,,,,false,
starexec,GEO321+1.p,e1a,occurrence,TIMEOUT,177,3477.021,162540.339,,,22243,102963,21634,78767,,,,,,,,,false,
starexec,GEO321+1.p,e1a,subsumption-light,TIMEOUT,177,1536.941,163358.873,,,19804,587633,19276,560053,,,,,,,,,false,
starexec,GEO321+1.p,e1a,unary-redundancy,TIMEOUT,177,3135.625,163407.893,,,19611,525763,19096,497555,,,,,,,,,false,
starexec,GEO321+1.p,e1a,weight-greedy,TIMEOUT,177,1252.199,164146.922,,,13802,7903807,11634,7704599,,,,,,,,,false,
starexec,GEO323+1.p,e1a,age-fair,TIMEOUT,179,3299.234,162996.057,,,29367,2120086,29108,2088061,,,,,,,,,false,
starexec,GEO323+1.p,e1a,balanced,TIMEOUT,179,620.712,165012.710,,,32822,1507793,31707,1463660,,,,,,,,,false,
starexec,GEO323+1.p,e1a,equational,TIMEOUT,179,1268.366,164021.308,,,24809,991684,24541,957057,,,,,,,,,false,
starexec,GEO323+1.p,e1a,first-negative,HARD_TIMEOUT,179,0.000,,,,,,,,,,,,,,,,false,
starexec,GEO323+1.p,e1a,occurrence,TIMEOUT,179,2389.526,164009.784,,,21388,83693,20737,61705,,,,,,,,,false,
starexec,GEO323+1.p,e1a,subsumption-light,TIMEOUT,179,1186.060,165014.894,,,21119,597544,21056,568296,,,,,,,,,false,
starexec,GEO323+1.p,e1a,unary-redundancy,TIMEOUT,179,2215.726,164859.723,,,20391,567350,20285,538935,,,,,,,,,false,
starexec,GEO323+1.p,e1a,weight-greedy,TIMEOUT,179,1178.814,164060.841,,,13188,7853063,11588,7683721,,,,,,,,,false,
starexec,GEO328+1.p,e1a,age-fair,TIMEOUT,185,3352.838,163232.506,,,22093,632073,21241,603137,,,,,,,,,false,
starexec,GEO328+1.p,e1a,balanced,TIMEOUT,185,919.918,164557.212,,,39405,493494,38631,441736,,,,,,,,,false,
starexec,GEO328+1.p,e1a,equational,TIMEOUT,185,1829.686,163210.551,,,30628,360575,30010,328044,,,,,,,,,false,
starexec,GEO328+1.p,e1a,first-negative,HARD_TIMEOUT,185,0.000,,,,,,,,,,,,,,,,false,
starexec,GEO328+1.p,e1a,occurrence,TIMEOUT,185,3366.790,163282.078,,,19642,113733,19354,92987,,,,,,,,,false,
starexec,GEO328+1.p,e1a,subsumption-light,TIMEOUT,185,1792.470,164764.096,,,17521,376409,16726,351962,,,,,,,,,false,
starexec,GEO328+1.p,e1a,unary-redundancy,HARD_TIMEOUT,185,0.000,,,,,,,,,,,,,,,,false,
starexec,GEO328+1.p,e1a,weight-greedy,HARD_TIMEOUT,185,0.000,,,,,,,,,,,,,,,,false,
starexec,GEO330+1.p,e1a,age-fair,TIMEOUT,187,3463.131,162915.175,,,25571,819361,24567,784727,,,,,,,,,false,
starexec,GEO330+1.p,e1a,balanced,TIMEOUT,187,933.600,164413.587,,,29014,1010416,28435,972250,,,,,,,,,false,
starexec,GEO330+1.p,e1a,equational,TIMEOUT,187,1821.772,163016.909,,,23881,439860,23341,408735,,,,,,,,,false,
starexec,GEO330+1.p,e1a,first-negative,HARD_TIMEOUT,187,0.000,,,,,,,,,,,,,,,,false,
starexec,GEO330+1.p,e1a,occurrence,TIMEOUT,187,3463.136,163144.032,,,21439,211380,20966,178537,,,,,,,,,false,
starexec,GEO330+1.p,e1a,subsumption-light,TIMEOUT,187,1897.269,164486.801,,,13166,251302,12781,233593,,,,,,,,,false,
starexec,GEO330+1.p,e1a,unary-redundancy,HARD_TIMEOUT,187,0.000,,,,,,,,,,,,,,,,false,
starexec,GEO330+1.p,e1a,weight-greedy,TIMEOUT,187,1905.758,163077.593,,,16059,5679849,13747,5486434,,,,,,,,,false,
starexec,GEO331+1.p,e1a,age-fair,REFUTED,125,3547.365,92404.050,,,21149,677503,20684,654463,277,,,,,,,,false,
starexec,GEO331+1.p,e1a,balanced,REFUTED,125,1014.197,3146.457,,,1185,4372,1146,3157,279,,,,,,,,false,
starexec,GEO331+1.p,e1a,equational,REFUTED,125,1866.299,5600.313,,,1174,4814,1135,3599,279,,,,,,,,false,
starexec,GEO331+1.p,e1a,first-negative,HARD_TIMEOUT,125,0.000,,,,,,,,,,,,,,,,false,
starexec,GEO331+1.p,e1a,occurrence,REFUTED,125,3492.195,32524.936,,,6330,36555,6213,29942,277,,,,,,,,false,
starexec,GEO331+1.p,e1a,subsumption-light,REFUTED,125,1923.946,12563.901,,,1034,3958,996,2847,279,,,,,,,,false,
starexec,GEO331+1.p,e1a,unary-redundancy,REFUTED,125,3749.437,12547.331,,,1013,3506,978,2419,277,,,,,,,,false,
starexec,GEO331+1.p,e1a,weight-greedy,REFUTED,125,1910.779,30523.232,,,5809,367687,4972,340626,279,,,,,,,,false,
starexec,GEO337+1.p,e1a,age-fair,TIMEOUT,129,3575.631,163101.703,,,28960,1197994,28019,1166195,,,,,,,,,false,
starexec,GEO337+1.p,e1a,balanced,TIMEOUT,129,977.662,164345.640,,,28045,547718,27392,508318,,,,,,,,,false,
starexec,GEO337+1.p,e1a,equational,TIMEOUT,129,1933.555,163181.504,,,22257,506859,21814,477469,,,,,,,,,false,
starexec,GEO337+1.p,e1a,first-negative,HARD_TIMEOUT,129,0.000,,,,,,,,,,,,,,,,false,
starexec,GEO337+1.p,e1a,occurrence,TIMEOUT,129,3507.341,163158.787,,,17756,98260,17469,78674,,,,,,,,,false,
starexec,GEO337+1.p,e1a,subsumption-light,HARD_TIMEOUT,129,0.000,,,,,,,,,,,,,,,,false,
starexec,GEO337+1.p,e1a,unary-redundancy,HARD_TIMEOUT,129,0.000,,,,,,,,,,,,,,,,false,
starexec,GEO337+1.p,e1a,weight-greedy,TIMEOUT,129,1851.133,163337.203,,,10094,5273679,8197,5120947,,,,,,,,,false,
starexec,GEO343+1.p,e1a,age-fair,HARD_TIMEOUT,124,0.000,,,,,,,,,,,,,,,,false,
starexec,GEO343+1.p,e1a,balanced,TIMEOUT,124,945.121,164382.288,,,26435,440158,26267,409696,,,,,,,,,false,
starexec,GEO343+1.p,e1a,equational,TIMEOUT,124,1892.670,163101.285,,,19721,293365,19595,272283,,,,,,,,,false,
starexec,GEO343+1.p,e1a,first-negative,HARD_TIMEOUT,124,0.000,,,,,,,,,,,,,,,,false,
starexec,GEO343+1.p,e1a,occurrence,TIMEOUT,124,3456.845,163153.900,,,19318,118127,19201,98309,,,,,,,,,false,
starexec,GEO343+1.p,e1a,subsumption-light,HARD_TIMEOUT,124,0.000,,,,,,,,,,,,,,,,false,
starexec,GEO343+1.p,e1a,unary-redundancy,HARD_TIMEOUT,124,0.000,,,,,,,,,,,,,,,,false,
starexec,GEO343+1.p,e1a,weight-greedy,TIMEOUT,124,1906.936,163318.979,,,11070,4799441,8930,4621232,,,,,,,,,false,
starexec,GEO349+1.p,e1a,age-fair,TIMEOUT,130,3692.528,163227.147,,,25899,1397821,25465,1370072,,,,,,,,,false,
starexec,GEO349+1.p,e1a,balanced,TIMEOUT,130,919.711,164388.719,,,27943,420085,27421,380152,,,,,,,,,false,
starexec,GEO349+1.p,e1a,equational,TIMEOUT,130,1852.246,163187.238,,,21295,372213,20685,344271,,,,,,,,,false,
starexec,GEO349+1.p,e1a,first-negative,HARD_TIMEOUT,130,0.000,,,,,,,,,,,,,,,,false,
starexec,GEO349+1.p,e1a,occurrence,TIMEOUT,130,3610.240,163075.161,,,18925,267643,18042,238727,,,,,,,,,false,
starexec,GEO349+1.p,e1a,subsumption-light,TIMEOUT,130,1879.899,164685.722,,,13001,208031,12496,190581,,,,,,,,,false,
starexec,GEO349+1.p,e1a,unary-redundancy,HARD_TIMEOUT,130,0.000,,,,,,,,,,,,,,,,false,
starexec,GEO349+1.p,e1a,weight-greedy,TIMEOUT,130,1997.011,163120.732,,,11834,4895753,8260,4809512,,,,,,,,,false,
starexec,GEO351+1.p,e1a,age-fair,TIMEOUT,136,3384.389,163256.372,,,22787,937583,22525,912972,,,,,,,,,false,
starexec,GEO351+1.p,e1a,balanced,TIMEOUT,136,960.802,164478.536,,,27042,594264,26405,558844,,,,,,,,,false,
starexec,GEO351+1.p,e1a,equational,TIMEOUT,136,1841.888,163140.698,,,21134,382563,20697,355022,,,,,,,,,false,
starexec,GEO351+1.p,e1a,first-negative,HARD_TIMEOUT,136,0.000,,,,,,,,,,,,,,,,false,
starexec,GEO351+1.p,e1a,occurrence,TIMEOUT,136,3368.118,163157.591,,,18321,174865,17755,147988,,,,,,,,,false,
starexec,GEO351+1.p,e1a,subsumption-light,TIMEOUT,136,1840.660,164598.803,,,12532,265685,11949,248666,,,,,,,,,false,
starexec,GEO351+1.p,e1a,unary-redundancy,HARD_TIMEOUT,136,0.000,,,,,,,,,,,,,,,,false,
starexec,GEO351+1.p,e1a,weight-greedy,TIMEOUT,136,1921.017,163169.440,,,10004,3868781,7402,3613609,,,,,,,,,false,
starexec,GEO480+1.p,e1a,age-fair,HARD_TIMEOUT,3634,0.000,,,,,,,,,,,,,,,,false,
starexec,GEO480+1.p,e1a,balanced,HARD_TIMEOUT,3634,0.000,,,,,,,,,,,,,,,,false,
starexec,GEO480+1.p,e1a,equational,HARD_TIMEOUT,3634,0.000,,,,,,,,,,,,,,,,false,
starexec,GEO480+1.p,e1a,first-negative,HARD_TIMEOUT,3634,0.000,,,,,,,,,,,,,,,,false,
starexec,GEO480+1.p,e1a,occurrence,KILLED,,0.000,,,,,,,,,,,,,,,,false,killed before finishing
starexec,GEO480+1.p,e1a,subsumption-light,HARD_TIMEOUT,3634,0.000,,,,,,,,,,,,,,,,false,
starexec,GEO480+1.p,e1a,unary-redundancy,HARD_TIMEOUT,3634,0.000,,,,,,,,,,,,,,,,false,
starexec,GEO480+1.p,e1a,weight-greedy,HARD_TIMEOUT,3634,0.000,,,,,,,,,,,,,,,,false,
starexec,GEO491+1.p,e1a,age-fair,TIMEOUT,44,1556.165,163440.641,,,7044,3802302,6877,3792641,,,,,,,,,false,
starexec,GEO491+1.p,e1a,balanced,TIMEOUT,44,374.978,164722.101,,,20314,6093325,19356,6052673,,,,,,,,,false,
starexec,GEO491+1.p,e1a,equational,TIMEOUT,44,777.409,165741.514,,,15117,3723770,14378,3693982,,,,,,,,,false,
starexec,GEO491+1.p,e1a,first-negative,TIMEOUT,44,1548.477,163534.259,,,20020,6613705,13669,6541948,,,,,,,,,false,
starexec,GEO491+1.p,e1a,occurrence,TIMEOUT,44,1573.766,163504.463,,,20795,3373524,18635,3285591,,,,,,,,,false,
starexec,GEO491+1.p,e1a,subsumption-light,TIMEOUT,44,771.847,163696.808,,,6818,799968,6433,786242,,,,,,,,,false,
starexec,GEO491+1.p,e1a,unary-redundancy,TIMEOUT,44,1542.719,163426.079,,,6377,759138,5999,745610,,,,,,,,,false,
starexec,GEO491+1.p,e1a,weight-greedy,HARD_TIMEOUT,44,0.000,,,,,,,,,,,,,,,,false,
starexec,GEO494+1.p,e1a,age-fair,TIMEOUT,66,1805.584,163402.812,,,6988,3670007,6467,3660508,,,,,,,,,false,
starexec,GEO494+1.p,e1a,balanced,REFUTED,66,451.516,57022.139,,,10342,2779074,9691,2758188,101,,,,,,,,false,
starexec,GEO494+1.p,e1a,equational,TIMEOUT,66,877.309,163429.699,,,12236,4495881,11527,4471389,,,,,,,,,false,
starexec,GEO494+1.p,e1a,first-negative,TIMEOUT,66,1939.082,163071.983,,,22749,6224690,19700,6165364,,,,,,,,,false,
starexec,GEO494+1.p,e1a,occurrence,REFUTED,66,1748.797,82918.246,,,11279,2280438,8848,2234880,101,,,,,,,,false,
starexec,GEO494+1.p,e1a,subsumption-light,TIMEOUT,66,905.579,163561.858,,,5655,1063507,5130,1052125,,,,,,,,,false,
starexec,GEO494+1.p,e1a,unary-redundancy,TIMEOUT,66,1858.629,163409.782,,,5511,1044643,5000,1033449,,,,,,,,,false,
starexec,GEO494+1.p,e1a,weight-greedy,TIMEOUT,66,913.235,163330.393,,,12422,6050051,10826,5880321,,,,,,,,,false,
starexec,GEO498+1.p,e1a,age-fair,REFUTED,109,2120.992,3667.785,,,611,11656,581,10926,162,,,,,,,,false,
starexec,GEO498+1.p,e1a,balanced,REFUTED,109,548.226,691.261,,,75,267,72,182,162,,,,,,,,false,
starexec,GEO498+1.p,e1a,equational,REFUTED,109,1137.894,1311.019,,,100,288,97,175,162,,,,,,,,false,
starexec,GEO498+1.p,e1a,first-negative,REFUTED,109,2335.203,1316.361,,,65,217,61,162,162,,,,,,,,false,
starexec,GEO498+1.p,e1a,occurrence,REFUTED,109,2103.962,1161.744,,,38,183,35,162,162,,,,,,,,false,
starexec,GEO498+1.p,e1a,subsumption-light,REFUTED,109,1103.609,1488.867,,,75,267,72,182,162,,,,,,,,false,
starexec,GEO498+1.p,e1a,unary-redundancy,REFUTED,109,2069.003,1405.547,,,66,240,62,170,162,,,,,,,,false,
starexec,GEO498+1.p,e1a,weight-greedy,REFUTED,109,1178.394,1056.415,,,32,173,30,162,162,,,,,,,,false,
starexec,GEO501+1.p,e1a,balanced,TIMEOUT,122,371.176,165121.963,,,29250,13871845,27271,13808039,,,,,,,,,false,
starexec,GEO501+1.p,e1a,equational,HARD_TIMEOUT,122,0.000,,,,,,,,,,,,,,,,false,
starexec,GEO501+1.p,e1a,first-negative,TIMEOUT,122,1433.114,164009.772,,,27877,9127470,23056,9056032,,,,,,,,,false,
starexec,GEO501+1.p,e1a,occurrence,TIMEOUT,122,1349.753,164229.257,,,30946,7967973,28032,7845336,,,,,,,,,false,
starexec,GEO501+1.p,e1a,subsumption-light,TIMEOUT,122,763.972,164289.302,,,10942,2132366,10623,2110894,,,,,,,,,false,
starexec,GEO501+1.p,e1a,unary-redundancy,TIMEOUT,122,1409.314,164221.079,,,10890,2132821,10613,2111417,,,,,,,,,false,
starexec,GEO501+1.p,e1a,weight-greedy,TIMEOUT,122,1118.326,163222.738,,,24088,4388043,20750,4226826,,,,,,,,,false,
starexec,GEO504+1.p,e1a,age-fair,REFUTED,130,2260.136,42099.610,,,5877,982569,5769,974180,191,,,,,,,,false,
starexec,GEO504+1.p,e1a,balanced,REFUTED,130,551.897,2146.582,,,716,12977,677,11709,191,,,,,,,,false,
starexec,GEO504+1.p,e1a,equational,REFUTED,130,1220.343,7250.886,,,1559,66248,1494,63182,191,,,,,,,,false,
starexec,GEO504+1.p,e1a,first-negative,REFUTED,130,2412.988,3347.946,,,642,9932,609,8727,191,,,,,,,,false,
starexec,GEO504+1.p,e1a,occurrence,REFUTED,130,2279.441,4801.789,,,1072,27919,1027,24212,191,,,,,,,,false,
starexec,GEO504+1.p,e1a,subsumption-light,REFUTED,130,1193.981,5512.974,,,709,12725,672,11457,191,,,,,,,,false,
starexec,GEO504+1.p,e1a,unary-redundancy,REFUTED,130,2316.375,5036.225,,,708,12673,670,11449,191,,,,,,,,false,
starexec,GEO504+1.p,e1a,weight-greedy,REFUTED,130,1126.668,138174.515,,,12802,4692297,12282,4493999,191,,,,,,,,false,
starexec,GEO513+1.p,e1a,age-fair,TIMEOUT,172,2772.562,163102.108,,,14252,3755621,14065,3737226,,,,,,,,,false,
starexec,GEO513+1.p,e1a,balanced,TIMEOUT,172,736.291,164505.741,,,25363,7212012,22548,7159490,,,,,,,,,false,
starexec,GEO513+1.p,e1a,equational,TIMEOUT,172,1492.131,163501.155,,,17715,3957051,16984,3921239,,,,,,,,,false,
starexec,GEO513+1.p,e1a,first-negative,TIMEOUT,172,1954.503,163902.856,,,18059,6794426,16171,6756171,,,,,,,,,false,
starexec,GEO513+1.p,e1a,occurrence,TIMEOUT,172,2655.345,163476.806,,,23014,3580372,21051,3486165,,,,,,,,,false,
starexec,GEO513+1.p,e1a,subsumption-light,TIMEOUT,172,1469.372,163416.156,,,8626,916855,8413,900083,,,,,,,,,false,
starexec,GEO513+1.p,e1a,unary-redundancy,TIMEOUT,172,2667.635,163279.093,,,8681,850519,8432,833465,,,,,,,,,false,
starexec,GEO513+1.p,e1a,weight-greedy,TIMEOUT,172,1424.185,163132.036,,,26060,3362967,21895,3212158,,,,,,,,,false,
starexec,GEO514+1.p,e1a,age-fair,TIMEOUT,173,2879.082,162893.226,,,13651,3813868,13317,3795755,,,,,,,,,false,
starexec,GEO514+1.p,e1a,balanced,TIMEOUT,173,705.235,164508.035,,,21066,7110543,19796,7063493,,,,,,,,,false,
starexec,GEO514+1.p,e1a,equational,TIMEOUT,173,1479.746,163002.553,,,16724,3842850,16304,3807706,,,,,,,,,false,
starexec,GEO514+1.p,e1a,first-negative,TIMEOUT,173,3068.216,162636.171,,,17206,6951243,14661,6911131,,,,,,,,,false,
starexec,GEO514+1.p,e1a,occurrence,TIMEOUT,173,2823.972,163099.534,,,17294,3992966,13740,3919899,,,,,,,,,false,
starexec,GEO514+1.p,e1a,subsumption-light,TIMEOUT,173,1500.767,163223.175,,,7837,924373,7385,907515,,,,,,,,,false,
starexec,GEO514+1.p,e1a,unary-redundancy,TIMEOUT,173,2894.735,163295.911,,,7493,809061,7230,794502,,,,,,,,,false,
starexec,GEO514+1.p,e1a,weight-greedy,TIMEOUT,173,1458.741,163155.417,,,20721,2209695,19853,2041227,,,,,,,,,false,
starexec,GEO517+1.p,e1a,age-fair,TIMEOUT,180,2737.496,163107.592,,,16804,3977775,16533,3956603,,,,,,,,,false,
starexec,GEO517+1.p,e1a,balanced,TIMEOUT,180,720.884,164854.534,,,30236,6617759,29302,6554401,,,,,,,,,false,
starexec,GEO517+1.p,e1a,equational,TIMEOUT,180,1458.880,163082.450,,,20802,3629549,19974,3586709,,,,,,,,,false,
starexec,GEO517+1.p,e1a,first-negative,TIMEOUT,180,3000.227,162701.686,,,13950,10359927,13430,10330616,,,,,,,,,false,
starexec,GEO517+1.p,e1a,occurrence,TIMEOUT,180,2839.011,163015.155,,,23248,5108612,21269,4994670,,,,,,,,,false,
starexec,GEO517+1.p,e1a,subsumption-light,TIMEOUT,180,1534.098,163500.515,,,7655,650977,7425,635591,,,,,,,,,false,
starexec,GEO517+1.p,e1a,unary-redundancy,TIMEOUT,180,2796.496,163471.990,,,7739,656203,7480,640703,,,,,,,,,false,
starexec,GEO517+1.p,e1a,weight-greedy,TIMEOUT,180,1512.062,162993.689,,,25011,5290010,21592,5032064,,,,,,,,,false,
starexec,GEO520+1.p,e1a,age-fair,TIMEOUT,193,1713.830,164373.296,,,16217,6231168,16069,6209925,,,,,,,,,false,
starexec,GEO520+1.p,e1a,balanced,TIMEOUT,193,733.922,164402.992,,,23831,6369393,23264,6323903,,,,,,,,,false,
starexec,GEO520+1.p,e1a,equational,TIMEOUT,193,903.909,164457.691,,,23609,6205520,23043,6160522,,,,,,,,,false,
starexec,GEO520+1.p,e1a,first-negative,TIMEOUT,193,1717.140,164089.760,,,23770,8337889,22060,8297900,,,,,,,,,false,
starexec,GEO520+1.p,e1a,occurrence,TIMEOUT,193,1722.162,164400.040,,,31378,5133785,28112,5007098,,,,,,,,,false,
starexec,GEO520+1.p,e1a,subsumption-light,TIMEOUT,193,895.875,164453.728,,,10074,1409068,9729,1390316,,,,,,,,,false,
starexec,GEO520+1.p,e1a,unary-redundancy,TIMEOUT,193,1677.087,164701.597,,,10846,1368501,10442,1348815,,,,,,,,,false,
starexec,GEO520+1.p,e1a,weight-greedy,TIMEOUT,193,827.406,164337.614,,,37036,3527611,34398,3250251,,,,,,,,,false,
starexec,GEO523+1.p,e1a,age-fair,TIMEOUT,200,2965.161,163115.009,,,13400,3807010,13147,3789829,,,,,,,,,false,
starexec,GEO523+1.p,e1a,balanced,TIMEOUT,200,796.758,164489.682,,,20620,8340345,19220,8301175,,,,,,,,,false,
starexec,GEO523+1.p,e1a,equational,TIMEOUT,200,1603.426,162879.211,,,13878,4486647,13785,4460086,,,,,,,,,false,
starexec,GEO523+1.p,e1a,first-negative,TIMEOUT,200,3384.212,162412.791,,,13485,5661992,12934,5630670,,,,,,,,,false,
starexec,GEO523+1.p,e1a,occurrence,REFUTED,200,2945.984,2605.237,,,387,2862,369,1877,294,,,,,,,,false,
starexec,GEO523+1.p,e1a,subsumption-light,TIMEOUT,200,1597.484,163213.049,,,6959,940526,6895,926977,,,,,,,,,false,
starexec,GEO523+1.p,e1a,unary-redundancy,TIMEOUT,200,3058.588,163228.796,,,7081,955752,6998,942094,,,,,,,,,false,
starexec,GEO523+1.p,e1a,weight-greedy,REFUTED,200,1036.401,2086.619,,,500,6210,481,3555,294,,,,,,,,false,
starexec,GEO526+1.p,e1a,age-fair,TIMEOUT,209,2919.641,163086.069,,,12243,3508824,12038,3493289,,,,,,,,,false,
starexec,GEO526+1.p,e1a,balanced,TIMEOUT,209,835.813,164351.010,,,25981,6935333,24855,6878121,,,,,,,,,false,
starexec,GEO526+1.p,e1a,equational,TIMEOUT,209,1526.115,163027.177,,,20736,4044270,19629,3997258,,,,,,,,,false,
starexec,GEO526+1.p,e1a,first-negative,TIMEOUT,209,3089.177,162574.684,,,18268,6491135,17508,6452809,,,,,,,,,false,
starexec,GEO526+1.p,e1a,occurrence,TIMEOUT,209,1898.196,164058.884,,,31165,4948819,28610,4821637,,,,,,,,,false,
starexec,GEO526+1.p,e1a,subsumption-light,TIMEOUT,209,1603.239,163313.830,,,10245,1244850,9800,1224134,,,,,,,,,false,
starexec,GEO526+1.p,e1a,unary-redundancy,TIMEOUT,209,1949.335,164311.823,,,9322,1082316,8640,1063386,,,,,,,,,false,
starexec,GEO526+1.p,e1a,weight-greedy,TIMEOUT,209,1017.413,163981.448,,,35386,5702939,30725,5428285,,,,,,,,,false,
starexec,GEO528+1.p,e1a,age-fair,TIMEOUT,212,3098.066,163043.329,,,12830,3768201,12492,3751673,,,,,,,,,false,
starexec,GEO528+1.p,e1a,balanced,REFUTED,212,791.090,63460.732,,,12805,2694880,12042,2660253,307,,,,,,,,false,
starexec,GEO528+1.p,e1a,equational,REFUTED,212,1591.031,110683.881,,,12487,2638800,11896,2604723,307,,,,,,,,false,
starexec,GEO528+1.p,e1a,first-negative,TIMEOUT,212,3299.540,162706.043,,,15969,6653391,13917,6628186,,,,,,,,,false,
starexec,GEO528+1.p,e1a,occurrence,TIMEOUT,212,2855.569,163085.650,,,20427,4251123,18005,4153256,,,,,,,,,false,
starexec,GEO528+1.p,e1a,subsumption-light,TIMEOUT,212,1556.700,163221.936,,,6594,841587,6101,827387,,,,,,,,,false,
starexec,GEO528+1.p,e1a,unary-redundancy,TIMEOUT,212,3000.868,163188.659,,,6595,817443,6087,803427,,,,,,,,,false,
starexec,GEO528+1.p,e1a,weight-greedy,REFUTED,212,1496.664,28963.797,,,7307,563423,6332,502958,307,,,,,,,,false,
starexec,GEO535+1.p,e1a,age-fair,TIMEOUT,227,3380.602,162967.544,,,13710,3906041,13466,3888085,,,,,,,,,false,
starexec,GEO535+1.p,e1a,balanced,TIMEOUT,227,937.257,164245.432,,,26404,8747691,25126,8693427,,,,,,,,,false,
starexec,GEO535+1.p,e1a,equational,TIMEOUT,227,1774.453,163084.439,,,19477,5899770,18764,5857050,,,,,,,,,false,
starexec,GEO535+1.p,e1a,first-negative,TIMEOUT,227,3729.468,162540.130,,,24285,6943996,21603,6882388,,,,,,,,,false,
starexec,GEO535+1.p,e1a,occurrence,TIMEOUT,227,3330.321,163022.566,,,26558,4538471,24710,4438774,,,,,,,,,false,
starexec,GEO535+1.p,e1a,subsumption-light,TIMEOUT,227,1785.467,163266.028,,,12632,2070934,11820,2045912,,,,,,,,,false,
starexec,GEO535+1.p,e1a,unary-redundancy,HARD_TIMEOUT,227,0.000,,,,,,,,,,,,,,,,false,
starexec,GEO535+1.p,e1a,weight-greedy,TIMEOUT,227,1829.472,162958.764,,,18915,3384020,17787,3263454,,,,,,,,,false,
starexec,GRA005+1.p,e1a,age-fair,REFUTED,17,1046.755,2891.075,,,678,4276,665,3512,70,,,,,,,,false,
starexec,GRA005+1.p,e1a,balanced,REFUTED,17,293.170,943.426,,,265,842,255,544,83,,,,,,,,false,
starexec,GRA005+1.p,e1a,equational,REFUTED,17,606.131,1515.000,,,200,395,198,172,83,,,,,,,,false,
starexec,GRA005+1.p,e1a,first-negative,REFUTED,17,1116.097,2682.458,,,745,4488,731,3615,70,,,,,,,,false,
starexec,GRA005+1.p,e1a,occurrence,REFUTED,17,1032.405,1429.044,,,208,428,196,176,70,,,,,,,,false,
starexec,GRA005+1.p,e1a,subsumption-light,REFUTED,17,635.228,1996.050,,,264,829,254,531,83,,,,,,,,false,
starexec,GRA005+1.p,e1a,unary-redundancy,REFUTED,17,1118.614,1722.353,,,210,552,205,318,70,,,,,,,,false,
starexec,GRA005+1.p,e1a,weight-greedy,REFUTED,17,634.158,6521.454,,,673,43952,602,39230,83,,,,,,,,false,
starexec,GRA008+1.p,e1a,age-fair,TIMEOUT,17,964.573,163939.959,,,31399,2180191,30067,2142598,,,,,,,,,false,
starexec,GRA008+1.p,e1a,balanced,TIMEOUT,17,286.492,165011.065,,,45219,4760373,43614,4678137,,,,,,,,,false,
starexec,GRA008+1.p,e1a,equational,TIMEOUT,17,585.221,164212.215,,,35300,2904531,33911,2842569,,,,,,,,,false,
starexec,GRA008+1.p,e1a,first-negative,TIMEOUT,17,1085.715,166192.615,,,18939,10800932,18716,10771340,,,,,,,,,false,
starexec,GRA008+1.p,e1a,occurrence,TIMEOUT,17,941.124,164037.480,,,34107,4547516,30002,4456729,,,,,,,,,false,
starexec,GRA008+1.p,e1a,subsumption-light,TIMEOUT,17,608.487,164040.345,,,16969,1011148,16357,982196,,,,,,,,,false,
starexec,GRA008+1.p,e1a,unary-redundancy,TIMEOUT,17,1007.220,164043.080,,,18468,1387710,17311,1358339,,,,,,,,,false,
starexec,GRA008+1.p,e1a,weight-greedy,TIMEOUT,17,588.497,164126.700,,,7257,4658729,7046,4641924,,,,,,,,,false,
starexec,GRP652+2.p,e1a,age-fair,HARD_TIMEOUT,5675,0.000,,,,,,,,,,,,,,,,false,
starexec,GRP652+2.p,e1a,balanced,TIMEOUT,5675,2920.540,164455.734,,,23642,6597613,22390,6553953,,,,,,,,,false,
starexec,GRP652+2.p,e1a,equational,HARD_TIMEOUT,5675,0.000,,,,,,,,,,,,,,,,false,
starexec,GRP652+2.p,e1a,first-negative,TIMEOUT,5675,2663.304,157376.911,,,25255,3861716,24540,3788717,,,,,,,,,false,
starexec,GRP652+2.p,e1a,occurrence,HARD_TIMEOUT,5675,0.000,,,,,,,,,,,,,,,,false,
starexec,GRP652+2.p,e1a,subsumption-light,HARD_TIMEOUT,5675,0.000,,,,,,,,,,,,,,,,false,
starexec,GRP652+2.p,e1a,unary-redundancy,HARD_TIMEOUT,5675,0.000,,,,,,,,,,,,,,,,false,
starexec,GRP652+2.p,e1a,weight-greedy,TIMEOUT,5675,2622.552,160678.120,,,24728,4790915,23365,4431108,,,,,,,,,false,
starexec,GRP654+1.p,e1a,age-fair,TIMEOUT,5,419.097,167620.534,,,270,757861,214,756942,,,,,,,,,false,
starexec,GRP654+1.p,e1a,balanced,TIMEOUT,5,123.026,165886.009,,,420,1399110,332,1396272,,,,,,,,,false,
starexec,GRP654+1.p,e1a,equational,HARD_TIMEOUT,5,0.000,,,,,,,,,,,,,,,,false,
starexec,GRP654+1.p,e1a,first-negative,TIMEOUT,5,406.897,166775.671,,,528,797756,472,795834,,,,,,,,,false,
starexec,GRP654+1.p,e1a,occurrence,TIMEOUT,5,389.957,165079.830,,,552,914729,412,909282,,,,,,,,,false,
starexec,GRP654+1.p,e1a,subsumption-light,TIMEOUT,5,289.367,165329.527,,,295,743822,251,742038,,,,,,,,,false,
starexec,GRP654+1.p,e1a,unary-redundancy,TIMEOUT,5,394.065,164577.079,,,335,802193,271,800393,,,,,,,,,false,
starexec,GRP654+1.p,e1a,weight-greedy,TIMEOUT,5,274.944,164382.637,,,2320,3096217,1739,3055467,,,,,,,,,false,
starexec,GRP655+3.p,e1a,age-fair,TIMEOUT,5,398.229,164788.971,,,657,1327582,403,1326295,,,,,,,,,false,
starexec,GRP655+3.p,e1a,balanced,TIMEOUT,5,135.561,165360.170,,,1024,2738971,691,2735607,,,,,,,,,false,
starexec,GRP655+3.p,e1a,equational,TIMEOUT,5,272.677,164449.212,,,765,1592983,526,1590571,,,,,,,,,false,
starexec,GRP655+3.p,e1a,first-negative,TIMEOUT,5,404.339,165313.560,,,748,1426309,473,1423917,,,,,,,,,false,
starexec,GRP655+3.p,e1a,occurrence,TIMEOUT,5,392.784,164520.289,,,1125,2061558,772,2054121,,,,,,,,,false,
starexec,GRP655+3.p,e1a,subsumption-light,TIMEOUT,5,258.822,164947.163,,,791,1599057,515,1596471,,,,,,,,,false,
starexec,GRP655+3.p,e1a,unary-redundancy,TIMEOUT,5,394.873,164633.911,,,765,1576677,503,1574309,,,,,,,,,false,
starexec,GRP655+3.p,e1a,weight-greedy,TIMEOUT,5,283.201,168276.185,,,1868,3500084,1345,3458415,,,,,,,,,false,
starexec,GRP748+1.p,e1a,age-fair,TIMEOUT,11,538.015,164885.369,,,1027,2397903,837,2395470,,,,,,,,,false,
starexec,GRP748+1.p,e1a,balanced,TIMEOUT,11,109.046,165608.688,,,1476,4329045,1125,4324123,,,,,,,,,false,
starexec,GRP748+1.p,e1a,equational,TIMEOUT,11,333.990,164985.208,,,1164,2446247,963,2442201,,,,,,,,,false,
starexec,GRP748+1.p,e1a,first-negative,TIMEOUT,11,565.440,164506.440,,,1286,3123701,1243,3119995,,,,,,,,,false,
starexec,GRP748+1.p,e1a,occurrence,TIMEOUT,11,530.921,164949.264,,,1614,3610954,1295,3600497,,,,,,,,,false,
starexec,GRP748+1.p,e1a,subsumption-light,TIMEOUT,11,245.224,165566.466,,,1183,2522714,963,2518608,,,,,,,,,false,
starexec,GRP748+1.p,e1a,unary-redundancy,TIMEOUT,11,380.464,165118.547,,,1195,2508993,948,2504859,,,,,,,,,false,
starexec,GRP748+1.p,e1a,weight-greedy,REFUTED,11,233.268,23778.603,,,1733,688365,1183,669986,15,,,,,,,,false,
starexec,HWV051+1.p,e1a,age-fair,HARD_TIMEOUT,724,0.000,,,,,,,,,,,,,,,,false,
starexec,HWV051+1.p,e1a,balanced,TIMEOUT,724,778.217,164386.694,,,51042,224875,49121,143293,,,,,,,,,false,
starexec,HWV051+1.p,e1a,equational,TIMEOUT,724,1795.136,162814.135,,,41710,171919,38767,105776,,,,,,,,,false,
starexec,HWV051+1.p,e1a,first-negative,HARD_TIMEOUT,724,0.000,,,,,,,,,,,,,,,,false,
starexec,HWV051+1.p,e1a,occurrence,HARD_TIMEOUT,724,0.000,,,,,,,,,,,,,,,,false,
starexec,HWV051+1.p,e1a,subsumption-light,TIMEOUT,724,1840.279,162976.375,,,25168,90439,23629,56753,,,,,,,,,false,
starexec,HWV051+1.p,e1a,unary-redundancy,HARD_TIMEOUT,724,0.000,,,,,,,,,,,,,,,,false,
starexec,HWV051+1.p,e1a,weight-greedy,TIMEOUT,724,1920.294,162847.258,,,29294,86041,26869,39365,,,,,,,,,false,
starexec,ITP002+2.p,e1a,age-fair,TIMEOUT,33,985.777,163681.692,,,15270,1335368,15087,1319386,,,,,,,,,false,
starexec,ITP002+2.p,e1a,balanced,TIMEOUT,33,269.579,164873.193,,,19321,834171,19253,814651,,,,,,,,,false,
starexec,ITP002+2.p,e1a,equational,TIMEOUT,33,588.650,163812.153,,,15431,434055,15363,418403,,,,,,,,,false,
starexec,ITP002+2.p,e1a,first-negative,TIMEOUT,33,669.231,164399.962,,,9044,9811733,8989,9802682,,,,,,,,,false,
starexec,ITP002+2.p,e1a,occurrence,TIMEOUT,33,997.835,163674.651,,,13848,77786,13808,63904,,,,,,,,,false,
starexec,ITP002+2.p,e1a,subsumption-light,TIMEOUT,33,600.558,163811.973,,,12383,389968,12212,377192,,,,,,,,,false,
starexec,ITP002+2.p,e1a,unary-redundancy,TIMEOUT,33,974.743,163850.612,,,12775,405466,12611,392360,,,,,,,,,false,
starexec,ITP002+2.p,e1a,weight-greedy,TIMEOUT,33,427.760,164605.846,,,3900,2201276,3732,2161715,,,,,,,,,false,
starexec,ITP004+1.p,e1a,age-fair,TIMEOUT,30,981.403,163739.222,,,1018,1585084,960,1582159,,,,,,,,,false,
starexec,ITP004+1.p,e1a,balanced,KILLED,,0.000,,,,,,,,,,,,,,,,false,killed before finishing
starexec,ITP004+1.p,e1a,equational,TIMEOUT,30,521.397,163871.331,,,2141,4059557,2049,4048749,,,,,,,,,false,
starexec,ITP004+1.p,e1a,first-negative,REFUTED,30,712.936,47903.389,,,1048,906213,913,898527,56,,,,,,,,false,
starexec,ITP004+1.p,e1a,occurrence,TIMEOUT,30,1003.336,163707.218,,,2384,4445789,2217,4412647,,,,,,,,,false,
starexec,ITP004+1.p,e1a,subsumption-light,TIMEOUT,30,423.601,163474.855,,,1468,1881939,1361,1874285,,,,,,,,,false,
starexec,ITP004+1.p,e1a,unary-redundancy,TIMEOUT,30,948.918,163622.644,,,1450,1825702,1354,1817422,,,,,,,,,false,
starexec,ITP004+1.p,e1a,weight-greedy,TIMEOUT,30,362.935,164571.595,,,2733,5021377,2439,4933255,,,,,,,,,false,
starexec,ITP004+4.p,e1a,age-fair,KILLED,,0.000,,,,,,,,,,,,,,,,false,killed before finishing
starexec,ITP004+4.p,e1a,balanced,TIMEOUT,3173,2202.201,164289.248,,,8632,8893710,7600,8867198,,,,,,,,,false,
starexec,ITP004+4.p,e1a,equational,HARD_TIMEOUT,3173,0.000,,,,,,,,,,,,,,,,false,
starexec,ITP004+4.p,e1a,first-negative,REFUTED,3173,3507.211,1170.392,,,40,560,40,520,524,,,,,,,,false,
starexec,ITP004+4.p,e1a,subsumption-light,HARD_TIMEOUT,3173,0.000,,,,,,,,,,,,,,,,false,
starexec,ITP004+4.p,e1a,unary-redundancy,HARD_TIMEOUT,3173,0.000,,,,,,,,,,,,,,,,false,
starexec,ITP004+4.p,e1a,weight-greedy,TIMEOUT,3173,2025.383,156255.622,,,24047,8129019,22926,8034072,,,,,,,,,false,
starexec,ITP006+2.p,e1a,age-fair,TIMEOUT,51,1714.137,163554.729,,,19677,1961171,19352,1937816,,,,,,,,,false,
starexec,ITP006+2.p,e1a,first-negative,TIMEOUT,51,1929.714,163260.619,,,16442,9689139,16426,9672581,,,,,,,,,false,
starexec,ITP006+2.p,e1a,occurrence,REFUTED,51,1762.965,20356.070,,,5774,190681,3220,172196,136,,,,,,,,false,
starexec,ITP006+2.p,e1a,subsumption-light,TIMEOUT,51,990.294,166311.261,,,14424,2541628,12133,2517310,,,,,,,,,false,
starexec,ITP006+2.p,e1a,unary-redundancy,REFUTED,51,1812.768,19439.901,,,3031,55073,2623,49396,136,,,,,,,,false,
starexec,ITP006+2.p,e1a,weight-greedy,REFUTED,51,1002.828,3125.438,,,860,2799,842,1372,243,,,,,,,,false,
starexec,ITP006+4.p,e1a,age-fair,HARD_TIMEOUT,5652,0.000,,,,,,,,,,,,,,,,false,
starexec,ITP006+4.p,e1a,balanced,REFUTED,5652,4584.637,3486.402,,,18,10399,18,10382,11553,,,,,,,,false,
starexec,ITP006+4.p,e1a,equational,REFUTED,5652,8232.146,8021.423,,,104,3938,100,3776,4470,,,,,,,,false,
starexec,ITP006+4.p,e1a,first-negative,REFUTED,5652,10165.555,4299.159,,,18,752,18,743,980,,,,,,,,false,
starexec,ITP006+4.p,e1a,occurrence,REFUTED,5652,18780.356,8962.567,,,16,7258,16,7250,7695,,,,,,,,false,
starexec,ITP006+4.p,e1a,subsumption-light,HARD_TIMEOUT,5652,0.000,,,,,,,,,,,,,,,,false,
starexec,ITP006+4.p,e1a,unary-redundancy,REFUTED,5652,17054.463,8588.584,,,18,5967,18,5955,6369,,,,,,,,false,
starexec,ITP006+4.p,e1a,weight-greedy,REFUTED,5652,5631.897,5739.033,,,16,1528,16,1520,2165,,,,,,,,false,
starexec,ITP009+2.p,e1a,age-fair,TIMEOUT,36,1318.970,163679.062,,,12258,2531865,11980,2517608,,,,,,,,,false,
starexec,ITP009+2.p,e1a,balanced,TIMEOUT,36,455.610,164855.870,,,20944,1693110,20723,1667011,,,,,,,,,false,
starexec,ITP009+2.p,e1a,equational,TIMEOUT,36,915.308,163946.143,,,16251,1361694,16180,1342142,,,,,,,,,false,
starexec,ITP009+2.p,e1a,first-negative,TIMEOUT,36,1461.111,163286.673,,,10249,8458193,10226,8447928,,,,,,,,,false,
starexec,ITP009+2.p,e1a,occurrence,TIMEOUT,36,1346.041,163721.829,,,21643,147492,21629,122169,,,,,,,,,false,
starexec,ITP009+2.p,e1a,subsumption-light,TIMEOUT,36,899.365,163853.646,,,9915,532699,9875,520972,,,,,,,,,false,
starexec,ITP009+2.p,e1a,unary-redundancy,TIMEOUT,36,1391.685,163909.135,,,11001,643429,10981,630451,,,,,,,,,false,
starexec,ITP009+2.p,e1a,weight-greedy,TIMEOUT,36,632.051,164564.552,,,10195,3023246,9930,2946030,,,,,,,,,false,
starexec,ITP012+4.p,e1a,age-fair,HARD_TIMEOUT,14071,0.000,,,,,,,,,,,,,,,,false,
starexec,ITP012+4.p,e1a,balanced,HARD_TIMEOUT,14071,0.000,,,,,,,,,,,,,,,,false,
starexec,ITP012+4.p,e1a,equational,HARD_TIMEOUT,14071,0.000,,,,,,,,,,,,,,,,false,
starexec,ITP012+4.p,e1a,first-negative,REFUTED,14071,8543.418,17924.213,,,1260,199726,1140,196712,856,,,,,,,,false,
starexec,ITP012+4.p,e1a,occurrence,HARD_TIMEOUT,14071,0.000,,,,,,,,,,,,,,,,false,
starexec,ITP012+4.p,e1a,subsumption-light,HARD_TIMEOUT,14071,0.000,,,,,,,,,,,,,,,,false,
starexec,ITP012+4.p,e1a,unary-redundancy,HARD_TIMEOUT,14071,0.000,,,,,,,,,,,,,,,,false,
starexec,ITP012+4.p,e1a,weight-greedy,HARD_TIMEOUT,14071,0.000,,,,,,,,,,,,,,,,false,
starexec,ITP012+5.p,e1a,age-fair,HARD_TIMEOUT,10256,0.000,,,,,,,,,,,,,,,,false,
starexec,ITP012+5.p,e1a,balanced,HARD_TIMEOUT,10256,0.000,,,,,,,,,,,,,,,,false,
starexec,ITP012+5.p,e1a,equational,HARD_TIMEOUT,10256,0.000,,,,,,,,,,,,,,,,false,
starexec,ITP012+5.p,e1a,first-negative,HARD_TIMEOUT,10256,0.000,,,,,,,,,,,,,,,,false,
starexec,ITP012+5.p,e1a,occurrence,HARD_TIMEOUT,10256,0.000,,,,,,,,,,,,,,,,false,
starexec,ITP012+5.p,e1a,subsumption-light,HARD_TIMEOUT,10256,0.000,,,,,,,,,,,,,,,,false,
starexec,ITP012+5.p,e1a,unary-redundancy,HARD_TIMEOUT,10256,0.000,,,,,,,,,,,,,,,,false,
starexec,ITP012+5.p,e1a,weight-greedy,HARD_TIMEOUT,10256,0.000,,,,,,,,,,,,,,,,false,
starexec,ITP013+1.p,e1a,age-fair,TIMEOUT,45,804.107,165101.181,,,841,1466540,813,1463959,,,,,,,,,false,
starexec,ITP013+1.p,e1a,balanced,TIMEOUT,45,197.683,166509.668,,,1194,2672073,1157,2666941,,,,,,,,,false,
starexec,ITP013+1.p,e1a,equational,TIMEOUT,45,447.235,165757.586,,,1052,1508320,999,1503574,,,,,,,,,false,
starexec,ITP013+1.p,e1a,first-negative,TIMEOUT,45,831.266,165535.550,,,1330,1862832,1234,1856130,,,,,,,,,false,
starexec,ITP013+1.p,e1a,occurrence,TIMEOUT,45,870.439,165218.071,,,2330,2041319,2118,2026477,,,,,,,,,false,
starexec,ITP013+1.p,e1a,subsumption-light,TIMEOUT,45,441.502,165269.893,,,1019,1394985,984,1390285,,,,,,,,,false,
starexec,ITP013+1.p,e1a,unary-redundancy,TIMEOUT,45,802.667,164513.508,,,987,1367799,941,1363217,,,,,,,,,false,
starexec,ITP013+1.p,e1a,weight-greedy,TIMEOUT,45,495.582,164848.213,,,4701,5115142,4443,5036416,,,,,,,,,false,
starexec,ITP018+5.p,e1a,age-fair,HARD_TIMEOUT,16278,0.000,,,,,,,,,,,,,,,,false,
starexec,ITP018+5.p,e1a,equational,HARD_TIMEOUT,16278,0.000,,,,,,,,,,,,,,,,false,
starexec,ITP018+5.p,e1a,first-negative,HARD_TIMEOUT,16278,0.000,,,,,,,,,,,,,,,,false,
starexec,ITP018+5.p,e1a,occurrence,HARD_TIMEOUT,16278,0.000,,,,,,,,,,,,,,,,false,
starexec,ITP018+5.p,e1a,subsumption-light,HARD_TIMEOUT,16278,0.000,,,,,,,,,,,,,,,,false,
starexec,ITP018+5.p,e1a,unary-redundancy,HARD_TIMEOUT,16278,0.000,,,,,,,,,,,,,,,,false,
starexec,ITP018+5.p,e1a,weight-greedy,HARD_TIMEOUT,16278,0.000,,,,,,,,,,,,,,,,false,
starexec,ITP020+2.p,e1a,age-fair,TIMEOUT,62,1884.791,163693.428,,,17718,3206407,16812,3184150,,,,,,,,,false,
starexec,ITP020+2.p,e1a,balanced,REFUTED,62,555.404,36412.542,,,12548,1446868,11135,1422563,293,,,,,,,,false,
starexec,ITP020+2.p,e1a,equational,REFUTED,62,1029.501,52760.988,,,10681,1164765,9558,1144163,293,,,,,,,,false,
starexec,ITP020+2.p,e1a,first-negative,TIMEOUT,62,2047.191,163209.125,,,20380,13632974,20060,13612023,,,,,,,,,false,
starexec,ITP020+2.p,e1a,occurrence,TIMEOUT,62,1785.347,163778.649,,,21763,2971677,15573,2908847,,,,,,,,,false,
starexec,ITP020+2.p,e1a,subsumption-light,TIMEOUT,62,1051.069,163968.666,,,8802,829944,8322,813094,,,,,,,,,false,
starexec,ITP020+2.p,e1a,unary-redundancy,REFUTED,62,1898.968,80449.158,,,6930,800786,6217,788050,175,,,,,,,,false,
starexec,ITP020+2.p,e1a,weight-greedy,REFUTED,62,694.700,17157.956,,,9240,244955,8710,210765,293,,,,,,,,false,
starexec,ITP020+4.p,e1a,age-fair,HARD_TIMEOUT,25152,0.000,,,,,,,,,,,,,,,,false,
starexec,ITP020+4.p,e1a,balanced,HARD_TIMEOUT,25152,0.000,,,,,,,,,,,,,,,,false,
starexec,ITP020+4.p,e1a,equational,HARD_TIMEOUT,25152,0.000,,,,,,,,,,,,,,,,false,
starexec,ITP020+4.p,e1a,occurrence,HARD_TIMEOUT,25152,0.000,,,,,,,,,,,,,,,,false,
starexec,ITP020+4.p,e1a,subsumption-light,HARD_TIMEOUT,25152,0.000,,,,,,,,,,,,,,,,false,
starexec,ITP020+4.p,e1a,weight-greedy,REFUTED,25152,10017.155,25759.057,,,4832,272562,4752,251429,4612,,,,,,,,false,
starexec,ITP023+2.p,e1a,age-fair,TIMEOUT,58,1489.179,163488.760,,,15301,2209429,15087,2192871,,,,,,,,,false,
starexec,ITP023+2.p,e1a,balanced,REFUTED,58,452.606,142561.366,,,33215,6694412,30662,6636704,239,,,,,,,,false,
starexec,ITP023+2.p,e1a,equational,TIMEOUT,58,865.497,163844.025,,,23128,3633648,21702,3594472,,,,,,,,,false,
starexec,ITP023+2.p,e1a,first-negative,TIMEOUT,58,1543.944,163355.414,,,36733,10429580,31034,10328586,,,,,,,,,false,
starexec,ITP023+2.p,e1a,occurrence,TIMEOUT,58,1429.684,163702.009,,,28421,2178961,26607,2051641,,,,,,,,,false,
starexec,ITP023+2.p,e1a,subsumption-light,REFUTED,58,905.771,3932.424,,,751,5853,661,4791,239,,,,,,,,false,
starexec,ITP023+2.p,e1a,unary-redundancy,REFUTED,58,1428.275,2523.062,,,394,1830,383,1362,103,,,,,,,,false,
starexec,ITP023+2.p,e1a,weight-greedy,REFUTED,58,899.995,5509.094,,,1830,14078,1769,8942,239,,,,,,,,false,
starexec,KLE100+1.p,e1a,age-fair,TIMEOUT,26,607.320,164156.518,,,2089,4710920,1950,4703297,,,,,,,,,false,
starexec,KLE100+1.p,e1a,balanced,TIMEOUT,26,199.819,164908.329,,,3308,9209800,2686,9188988,,,,,,,,,false,
starexec,KLE100+1.p,e1a,equational,TIMEOUT,26,364.686,164098.834,,,2731,4350812,2125,4336978,,,,,,,,,false,
starexec,KLE100+1.p,e1a,first-negative,TIMEOUT,26,669.105,163818.407,,,2966,4561361,2482,4545975,,,,,,,,,false,
starexec,KLE100+1.p,e1a,occurrence,TIMEOUT,26,616.699,164039.376,,,4234,3740001,3060,3697554,,,,,,,,,false,
starexec,KLE100+1.p,e1a,subsumption-light,TIMEOUT,26,408.627,164890.915,,,2645,4418569,2353,4404379,,,,,,,,,false,
starexec,KLE100+1.p,e1a,unary-redundancy,TIMEOUT,26,612.359,163893.572,,,2977,4170716,2506,4155885,,,,,,,,,false,
starexec,KLE100+1.p,e1a,weight-greedy,TIMEOUT,26,411.782,164088.326,,,6926,6631811,5153,6412815,,,,,,,,,false,
starexec,KLE169+1.p,e1a,age-fair,TIMEOUT,17,528.820,164471.429,,,1624,5036180,1539,5028477,,,,,,,,,false,
starexec,KLE169+1.p,e1a,balanced,TIMEOUT,17,148.846,165059.080,,,2418,8819597,2301,8792337,,,,,,,,,false,
starexec,KLE169+1.p,e1a,equational,TIMEOUT,17,319.908,164377.517,,,1854,5131295,1742,5118633,,,,,,,,,false,
starexec,KLE169+1.p,e1a,first-negative,TIMEOUT,17,409.055,164500.672,,,1957,5673161,1885,5658591,,,,,,,,,false,
starexec,KLE169+1.p,e1a,occurrence,TIMEOUT,17,511.962,164220.153,,,2336,5246891,2244,5214441,,,,,,,,,false,
starexec,KLE169+1.p,e1a,subsumption-light,TIMEOUT,17,324.669,164245.560,,,1840,5103362,1746,5090034,,,,,,,,,false,
starexec,KLE169+1.p,e1a,unary-redundancy,TIMEOUT,17,504.812,164582.103,,,1869,5153356,1769,5141064,,,,,,,,,false,
starexec,KLE169+1.p,e1a,weight-greedy,REFUTED,17,364.987,57294.083,,,3552,2556541,3146,2485639,19,,,,,,,,false,
starexec,KLE170+1.002.p,e1a,age-fair,TIMEOUT,16,300.165,164996.494,,,1902,8959877,1805,8947984,,,,,,,,,false,
starexec,KLE170+1.002.p,e1a,balanced,TIMEOUT,16,152.634,165278.994,,,2104,9349847,1988,9328917,,,,,,,,,false,
starexec,KLE170+1.002.p,e1a,equational,TIMEOUT,16,195.640,165024.589,,,2238,9074772,2124,9054104,,,,,,,,,false,
starexec,KLE170+1.002.p,e1a,first-negative,TIMEOUT,16,318.493,165505.602,,,2146,8585387,2041,8563969,,,,,,,,,false,
starexec,KLE170+1.002.p,e1a,occurrence,REFUTED,16,318.576,137502.645,,,2622,7360353,2496,7320175,18,,,,,,,,false,
starexec,KLE170+1.002.p,e1a,subsumption-light,TIMEOUT,16,218.303,164945.470,,,2084,8970470,1968,8949716,,,,,,,,,false,
starexec,KLE170+1.002.p,e1a,unary-redundancy,TIMEOUT,16,302.505,165115.948,,,2210,8925493,2080,8905569,,,,,,,,,false,
starexec,KLE170+1.002.p,e1a,weight-greedy,TIMEOUT,16,186.731,164919.508,,,7817,17649291,7389,17457308,,,,,,,,,false,
starexec,KRS187+1.p,e1a,age-fair,TIMEOUT,32,886.195,163944.957,,,6802,7265427,6368,7256048,,,,,,,,,false,
starexec,KRS187+1.p,e1a,balanced,TIMEOUT,32,319.386,168681.629,,,13543,21100460,12421,21064550,,,,,,,,,false,
starexec,KRS187+1.p,e1a,equational,TIMEOUT,32,446.423,163943.869,,,9767,11552723,8861,11524641,,,,,,,,,false,
starexec,KRS187+1.p,e1a,first-negative,REFUTED,32,893.413,44886.160,,,6245,1797663,5897,1776621,120,,,,,,,,false,
starexec,KRS187+1.p,e1a,occurrence,HARD_TIMEOUT,32,0.000,,,,,,,,,,,,,,,,false,
starexec,KRS187+1.p,e1a,subsumption-light,TIMEOUT,32,441.918,164046.930,,,5846,3374596,5357,3357496,,,,,,,,,false,
starexec,KRS187+1.p,e1a,unary-redundancy,TIMEOUT,32,856.189,164241.760,,,6074,3891263,5688,3874703,,,,,,,,,false,
starexec,KRS187+1.p,e1a,weight-greedy,REFUTED,32,423.374,6574.242,,,4171,95989,3817,74575,129,,,,,,,,false,
starexec,KRS190+1.p,e1a,age-fair,TIMEOUT,32,1211.644,164074.854,,,6801,7262903,6367,7253525,,,,,,,,,false,
starexec,KRS190+1.p,e1a,balanced,TIMEOUT,32,204.759,165325.297,,,13656,21568085,12533,21531845,,,,,,,,,false,
starexec,KRS190+1.p,e1a,first-negative,REFUTED,32,819.396,31517.489,,,6419,1887702,6046,1865904,120,,,,,,,,false,
starexec,KRS190+1.p,e1a,occurrence,TIMEOUT,32,801.228,164673.939,,,11123,12834161,10194,12763749,,,,,,,,,false,
starexec,KRS190+1.p,e1a,subsumption-light,TIMEOUT,32,423.294,164812.554,,,6603,4263553,6091,4245169,,,,,,,,,false,
starexec,KRS190+1.p,e1a,unary-redundancy,TIMEOUT,32,1215.682,164333.697,,,5435,3265707,5068,3251353,,,,,,,,,false,
starexec,KRS190+1.p,e1a,weight-greedy,REFUTED,32,423.403,6049.647,,,4013,90923,3677,70367,129,,,,,,,,false,
starexec,KRS192+1.p,e1a,age-fair,TIMEOUT,32,1081.546,163969.244,,,6773,7199353,6340,7190010,,,,,,,,,false,
starexec,KRS192+1.p,e1a,balanced,TIMEOUT,32,300.525,165079.754,,,11012,14166547,9982,14135525,,,,,,,,,false,
starexec,KRS192+1.p,e1a,equational,TIMEOUT,32,589.752,165749.461,,,8461,8186625,7669,8162125,,,,,,,,,false,
starexec,KRS192+1.p,e1a,first-negative,TIMEOUT,32,965.050,163625.134,,,12942,7028264,12245,6988810,,,,,,,,,false,
starexec,KRS192+1.p,e1a,occurrence,TIMEOUT,32,1117.339,163829.500,,,9035,8551030,8249,8494403,,,,,,,,,false,
starexec,KRS192+1.p,e1a,subsumption-light,TIMEOUT,32,565.273,164418.452,,,5853,3394068,5364,3376954,,,,,,,,,false,
starexec,KRS192+1.p,e1a,unary-redundancy,TIMEOUT,32,1050.489,163839.105,,,5432,3257187,5065,3242839,,,,,,,,,false,
starexec,KRS192+1.p,e1a,weight-greedy,TIMEOUT,32,599.297,163887.490,,,26806,4570224,24342,4138286,,,,,,,,,false,
starexec,KRS195+1.p,e1a,age-fair,TIMEOUT,32,1271.842,164310.000,,,6883,7502116,6449,7492636,,,,,,,,,false,
starexec,KRS195+1.p,e1a,balanced,TIMEOUT,32,332.614,165048.487,,,11373,15184030,10341,15152310,,,,,,,,,false,
starexec,KRS195+1.p,e1a,equational,TIMEOUT,32,651.529,164353.093,,,8461,8188208,7670,8163706,,,,,,,,,false,
starexec,KRS195+1.p,e1a,first-negative,REFUTED,32,1396.400,48807.165,,,6247,1801030,5897,1779873,120,,,,,,,,false,
starexec,KRS195+1.p,e1a,occurrence,TIMEOUT,32,1283.553,166905.120,,,9048,8588083,8262,8531261,,,,,,,,,false,
starexec,KRS195+1.p,e1a,subsumption-light,TIMEOUT,32,658.159,164353.401,,,5849,3382670,5360,3365564,,,,,,,,,false,
starexec,KRS195+1.p,e1a,unary-redundancy,TIMEOUT,32,1217.559,164236.483,,,5440,3273253,5073,3258889,,,,,,,,,false,
starexec,KRS195+1.p,e1a,weight-greedy,REFUTED,32,692.653,10556.654,,,4119,93852,3777,72785,129,,,,,,,,false,
starexec,KRS196+1.p,e1a,age-fair,TIMEOUT,32,1275.915,164098.626,,,6922,7607473,6487,7597907,,,,,,,,,false,
starexec,KRS196+1.p,e1a,balanced,TIMEOUT,32,343.102,165020.693,,,11264,14939441,10231,14907921,,,,,,,,,false,
starexec,KRS196+1.p,e1a,equational,TIMEOUT,32,675.648,164153.371,,,8464,8193233,7673,8168727,,,,,,,,,false,
starexec,KRS196+1.p,e1a,first-negative,REFUTED,32,1487.507,50053.291,,,6244,1800014,5894,1778863,120,,,,,,,,false,
starexec,KRS196+1.p,e1a,occurrence,TIMEOUT,32,1306.292,164131.461,,,8979,8435578,8200,8379236,,,,,,,,,false,
starexec,KRS196+1.p,e1a,subsumption-light,TIMEOUT,32,703.290,164048.740,,,5856,3399652,5367,3382532,,,,,,,,,false,
starexec,KRS196+1.p,e1a,unary-redundancy,TIMEOUT,32,1254.924,164002.968,,,5423,3244060,5056,3229732,,,,,,,,,false,
starexec,KRS196+1.p,e1a,weight-greedy,REFUTED,32,666.239,10321.623,,,4121,94706,3762,73644,129,,,,,,,,false,
starexec,KRS216+1.p,e1a,age-fair,TIMEOUT,32,1182.137,164224.677,,,6889,7517065,6455,7507557,,,,,,,,,false,
starexec,KRS216+1.p,e1a,balanced,TIMEOUT,32,317.874,165026.133,,,11276,15003336,10253,14971774,,,,,,,,,false,
starexec,KRS216+1.p,e1a,equational,TIMEOUT,32,669.954,164199.921,,,8461,8188184,7670,8163682,,,,,,,,,false,
starexec,KRS216+1.p,e1a,first-negative,TIMEOUT,32,1368.758,163854.733,,,13080,7220285,12494,7180347,,,,,,,,,false,
starexec,KRS216+1.p,e1a,occurrence,TIMEOUT,32,1240.313,164733.888,,,9047,8588062,8261,8531240,,,,,,,,,false,
starexec,KRS216+1.p,e1a,subsumption-light,TIMEOUT,32,651.590,164282.792,,,5867,3416980,5378,3399840,,,,,,,,,false,
starexec,KRS216+1.p,e1a,unary-redundancy,TIMEOUT,32,1274.195,164297.052,,,5454,3291257,5087,3276863,,,,,,,,,false,
starexec,KRS216+1.p,e1a,weight-greedy,REFUTED,32,650.449,7729.750,,,2845,59761,2629,46701,129,,,,,,,,false,
starexec,KRS233+1.p,e1a,age-fair,TIMEOUT,32,887.536,163779.396,,,6859,7424559,6425,7415115,,,,,,,,,false,
starexec,KRS233+1.p,e1a,balanced,TIMEOUT,32,308.688,164921.283,,,11231,14810237,10199,14778795,,,,,,,,,false,
starexec,KRS233+1.p,e1a,equational,TIMEOUT,32,661.650,164454.560,,,8460,8186547,7669,8162047,,,,,,,,,false,
starexec,KRS233+1.p,e1a,first-negative,TIMEOUT,32,925.363,163602.905,,,15768,9736443,15126,9686457,,,,,,,,,false,
starexec,KRS233+1.p,e1a,occurrence,HARD_TIMEOUT,32,0.000,,,,,,,,,,,,,,,,false,
starexec,KRS233+1.p,e1a,subsumption-light,TIMEOUT,32,440.711,164173.109,,,5847,3377290,5358,3360188,,,,,,,,,false,
starexec,KRS233+1.p,e1a,unary-redundancy,TIMEOUT,32,882.069,163938.080,,,5335,3154904,4968,3140870,,,,,,,,,false,
starexec,KRS233+1.p,e1a,weight-greedy,TIMEOUT,32,466.698,167331.367,,,32863,8251382,29775,7681608,,,,,,,,,false,
starexec,KRS234+1.p,e1a,age-fair,TIMEOUT,32,1229.422,164203.610,,,6801,7262903,6367,7253525,,,,,,,,,false,
starexec,KRS234+1.p,e1a,balanced,TIMEOUT,32,330.710,164934.514,,,11571,15562929,10530,15530721,,,,,,,,,false,
starexec,KRS234+1.p,e1a,equational,TIMEOUT,32,648.236,164131.091,,,8522,8338475,7728,8313703,,,,,,,,,false,
starexec,KRS234+1.p,e1a,occurrence,TIMEOUT,32,1223.961,166486.665,,,9061,8596485,8275,8539608,,,,,,,,,false,
starexec,KRS234+1.p,e1a,subsumption-light,TIMEOUT,32,639.863,164189.388,,,6096,3793443,5607,3775839,,,,,,,,,false,
starexec,KRS234+1.p,e1a,unary-redundancy,TIMEOUT,32,1257.953,165439.605,,,6269,4205188,5883,4188252,,,,,,,,,false,
starexec,KRS234+1.p,e1a,weight-greedy,REFUTED,32,624.020,7961.807,,,2842,59749,2625,46702,129,,,,,,,,false,
starexec,KRS251+1.p,e1a,age-fair,TIMEOUT,32,1299.498,164426.561,,,6742,7101860,6309,7092599,,,,,,,,,false,
starexec,KRS251+1.p,e1a,balanced,TIMEOUT,32,336.893,164952.754,,,10878,13833648,9850,13802888,,,,,,,,,false,
starexec,KRS251+1.p,e1a,equational,TIMEOUT,32,714.044,164035.288,,,8432,8124001,7641,8099561,,,,,,,,,false,
starexec,KRS251+1.p,e1a,first-negative,TIMEOUT,32,1480.858,163601.737,,,12350,6489851,11770,6451447,,,,,,,,,false,
starexec,KRS251+1.p,e1a,subsumption-light,TIMEOUT,32,778.188,164257.718,,,5818,3314691,5329,3297647,,,,,,,,,false,
starexec,KRS251+1.p,e1a,unary-redundancy,TIMEOUT,32,1332.427,164049.475,,,5288,3071824,4923,3057952,,,,,,,,,false,
starexec,KRS251+1.p,e1a,weight-greedy,TIMEOUT,32,703.694,163997.833,,,26035,3874898,23575,3479646,,,,,,,,,false,
starexec,KRS261+1.p,e1a,age-fair,TIMEOUT,32,1290.908,164028.569,,,6838,7355010,6404,7345590,,,,,,,,,false,
starexec,KRS261+1.p,e1a,balanced,TIMEOUT,32,314.484,165049.519,,,10600,14849546,9832,14818102,,,,,,,,,false,
starexec,KRS261+1.p,e1a,equational,TIMEOUT,32,670.899,164062.701,,,8291,8220786,7669,8196224,,,,,,,,,false,
starexec,KRS261+1.p,e1a,first-negative,TIMEOUT,32,1434.093,163885.012,,,13014,7230369,12428,7190411,,,,,,,,,false,
starexec,KRS261+1.p,e1a,occurrence,TIMEOUT,32,1339.475,163925.929,,,8898,8255460,8160,8199873,,,,,,,,,false,
starexec,KRS261+1.p,e1a,subsumption-light,TIMEOUT,32,676.394,164476.646,,,5849,3382670,5360,3365564,,,,,,,,,false,
starexec,KRS261+1.p,e1a,unary-redundancy,TIMEOUT,32,1342.566,164181.098,,,5369,3185056,5002,3170938,,,,,,,,,false,
starexec,KRS261+1.p,e1a,weight-greedy,TIMEOUT,32,636.072,164134.557,,,27952,4907377,23820,4471937,,,,,,,,,false,
starexec,KRS262+1.p,e1a,age-fair,TIMEOUT,32,1262.428,164285.223,,,6975,7757011,6540,7747384,,,,,,,,,false,
starexec,KRS262+1.p,e1a,balanced,REFUTED,32,318.557,2489.455,,,700,30564,685,29454,129,,,,,,,,false,
starexec,KRS262+1.p,e1a,equational,REFUTED,32,636.659,4480.705,,,700,30564,685,29454,129,,,,,,,,false,
starexec,KRS262+1.p,e1a,first-negative,REFUTED,32,1380.693,17082.259,,,2820,348932,2783,341558,120,,,,,,,,false,
starexec,KRS262+1.p,e1a,occurrence,REFUTED,32,1266.826,5847.739,,,1077,41354,1054,37606,120,,,,,,,,false,
starexec,KRS262+1.p,e1a,subsumption-light,REFUTED,32,664.848,6305.462,,,703,28706,688,27588,129,,,,,,,,false,
starexec,KRS262+1.p,e1a,unary-redundancy,TIMEOUT,32,1266.056,164170.275,,,5432,3257187,5065,3242839,,,,,,,,,false,
starexec,KRS262+1.p,e1a,weight-greedy,REFUTED,32,681.868,1373.487,,,301,597,301,236,129,,,,,,,,false,
starexec,LAT258+1.p,e1a,age-fair,TIMEOUT,17,663.690,164070.934,,,14987,7899710,14449,7880408,,,,,,,,,false,
starexec,LAT258+1.p,e1a,balanced,TIMEOUT,17,206.876,166986.059,,,24390,13889600,22984,13828206,,,,,,,,,false,
starexec,LAT258+1.p,e1a,equational,HARD_TIMEOUT,17,0.000,,,,,,,,,,,,,,,,false,
starexec,LAT258+1.p,e1a,first-negative,TIMEOUT,17,696.943,165671.000,,,30057,6621131,29749,6532211,,,,,,,,,false,
starexec,LAT258+1.p,e1a,occurrence,TIMEOUT,17,662.886,164159.661,,,30080,8200069,24537,7958572,,,,,,,,,false,
starexec,LAT258+1.p,e1a,subsumption-light,TIMEOUT,17,390.929,164093.353,,,10322,3235871,10106,3210899,,,,,,,,,false,
starexec,LAT258+1.p,e1a,unary-redundancy,TIMEOUT,17,653.741,164052.937,,,10268,3178899,10052,3154081,,,,,,,,,false,
starexec,LAT258+1.p,e1a,weight-greedy,TIMEOUT,17,398.266,164297.707,,,36038,3832864,24351,3413757,,,,,,,,,false,
starexec,LAT287+3.p,e1a,age-fair,HARD_TIMEOUT,12371,0.000,,,,,,,,,,,,,,,,false,
starexec,LAT287+3.p,e1a,balanced,HARD_TIMEOUT,12371,0.000,,,,,,,,,,,,,,,,false,
starexec,LAT287+3.p,e1a,equational,HARD_TIMEOUT,12371,0.000,,,,,,,,,,,,,,,,false,
starexec,LAT287+3.p,e1a,first-negative,SATURATED,12371,3096.682,1321.126,,,177,192,164,74,,,,,,,,,false,
starexec,LAT287+3.p,e1a,occurrence,HARD_TIMEOUT,12371,0.000,,,,,,,,,,,,,,,,false,
starexec,LAT287+3.p,e1a,subsumption-light,HARD_TIMEOUT,12371,0.000,,,,,,,,,,,,,,,,false,
starexec,LAT287+3.p,e1a,unary-redundancy,HARD_TIMEOUT,12371,0.000,,,,,,,,,,,,,,,,false,
starexec,LAT287+3.p,e1a,weight-greedy,TIMEOUT,12371,3467.926,157048.351,,,18241,4389955,16600,4168679,,,,,,,,,false,
starexec,LAT303+4.p,e1a,age-fair,HARD_TIMEOUT,34684,0.000,,,,,,,,,,,,,,,,false,
starexec,LAT303+4.p,e1a,balanced,HARD_TIMEOUT,34684,0.000,,,,,,,,,,,,,,,,false,
starexec,LAT303+4.p,e1a,first-negative,HARD_TIMEOUT,34684,0.000,,,,,,,,,,,,,,,,false,
starexec,LAT303+4.p,e1a,occurrence,HARD_TIMEOUT,34684,0.000,,,,,,,,,,,,,,,,false,
starexec,LAT303+4.p,e1a,subsumption-light,HARD_TIMEOUT,34684,0.000,,,,,,,,,,,,,,,,false,
starexec,LAT303+4.p,e1a,unary-redundancy,HARD_TIMEOUT,34684,0.000,,,,,,,,,,,,,,,,false,
starexec,LAT303+4.p,e1a,weight-greedy,HARD_TIMEOUT,34684,0.000,,,,,,,,,,,,,,,,false,
starexec,LAT305+3.p,e1a,age-fair,HARD_TIMEOUT,13616,0.000,,,,,,,,,,,,,,,,false,
starexec,LAT305+3.p,e1a,balanced,HARD_TIMEOUT,13616,0.000,,,,,,,,,,,,,,,,false,
starexec,LAT305+3.p,e1a,first-negative,HARD_TIMEOUT,13616,0.000,,,,,,,,,,,,,,,,false,
starexec,LAT305+3.p,e1a,occurrence,HARD_TIMEOUT,13616,0.000,,,,,,,,,,,,,,,,false,
starexec,LAT305+3.p,e1a,subsumption-light,HARD_TIMEOUT,13616,0.000,,,,,,,,,,,,,,,,false,
starexec,LAT305+3.p,e1a,unary-redundancy,HARD_TIMEOUT,13616,0.000,,,,,,,,,,,,,,,,false,
starexec,LAT305+3.p,e1a,weight-greedy,HARD_TIMEOUT,13616,0.000,,,,,,,,,,,,,,,,false,
starexec,LAT351+3.p,e1a,balanced,HARD_TIMEOUT,17808,0.000,,,,,,,,,,,,,,,,false,
starexec,LAT351+3.p,e1a,equational,HARD_TIMEOUT,17808,0.000,,,,,,,,,,,,,,,,false,
starexec,LAT351+3.p,e1a,first-negative,HARD_TIMEOUT,17808,0.000,,,,,,,,,,,,,,,,false,
starexec,LAT351+3.p,e1a,occurrence,HARD_TIMEOUT,17808,0.000,,,,,,,,,,,,,,,,false,
starexec,LAT351+3.p,e1a,subsumption-light,HARD_TIMEOUT,17808,0.000,,,,,,,,,,,,,,,,false,
starexec,LAT351+3.p,e1a,unary-redundancy,HARD_TIMEOUT,17808,0.000,,,,,,,,,,,,,,,,false,
starexec,LAT351+3.p,e1a,weight-greedy,HARD_TIMEOUT,17808,0.000,,,,,,,,,,,,,,,,false,
starexec,LCL062+2.p,e1a,age-fair,TIMEOUT,2,456.097,164298.057,,,7314,4685144,6702,4659279,,,,,,,,,false,
starexec,LCL062+2.p,e1a,balanced,TIMEOUT,2,146.658,165156.320,,,9406,8435960,8664,8369040,,,,,,,,,false,
starexec,LCL062+2.p,e1a,equational,TIMEOUT,2,273.840,164424.526,,,6948,5093420,6418,5044294,,,,,,,,,false,
starexec,LCL062+2.p,e1a,first-negative,TIMEOUT,2,505.118,164009.246,,,9018,2308352,8723,2149288,,,,,,,,,false,
starexec,LCL062+2.p,e1a,occurrence,TIMEOUT,2,481.899,164320.384,,,7554,4931022,7280,4797260,,,,,,,,,false,
starexec,LCL062+2.p,e1a,subsumption-light,TIMEOUT,2,270.275,164370.550,,,7161,4563803,6680,4517733,,,,,,,,,false,
starexec,LCL062+2.p,e1a,unary-redundancy,TIMEOUT,2,442.990,164293.824,,,7157,4558201,6676,4512165,,,,,,,,,false,
starexec,LCL062+2.p,e1a,weight-greedy,TIMEOUT,2,301.765,164423.382,,,15612,5129058,15101,4594678,,,,,,,,,false,
starexec,LCL073+1.p,e1a,age-fair,TIMEOUT,2,449.451,164243.699,,,6568,6009541,6108,5914928,,,,,,,,,false,
starexec,LCL073+1.p,e1a,balanced,TIMEOUT,2,139.632,165069.405,,,7427,10960441,6780,10747117,,,,,,,,,false,
starexec,LCL073+1.p,e1a,equational,TIMEOUT,2,274.651,164395.568,,,6159,7095170,5751,6998854,,,,,,,,,false,
starexec,LCL073+1.p,e1a,first-negative,TIMEOUT,2,416.018,164087.612,,,6191,3589119,5199,3219723,,,,,,,,,false,
starexec,LCL073+1.p,e1a,occurrence,TIMEOUT,2,436.682,164302.968,,,6515,7954003,6113,7841001,,,,,,,,,false,
starexec,LCL073+1.p,e1a,subsumption-light,TIMEOUT,2,271.747,164430.437,,,7512,2857465,6832,2664465,,,,,,,,,false,
starexec,LCL073+1.p,e1a,unary-redundancy,TIMEOUT,2,430.718,164243.315,,,7591,3186457,6909,2992811,,,,,,,,,false,
starexec,LCL073+1.p,e1a,weight-greedy,TIMEOUT,2,268.392,164471.380,,,13326,512030,11984,352471,,,,,,,,,false,
starexec,LCL109+1.p,e1a,age-fair,TIMEOUT,5,398.586,164219.952,,,6892,6739304,6557,6725993,,,,,,,,,false,
starexec,LCL109+1.p,e1a,balanced,TIMEOUT,5,124.046,165062.148,,,9082,11420342,8636,11387252,,,,,,,,,false,
starexec,LCL109+1.p,e1a,equational,TIMEOUT,5,278.725,164341.600,,,7141,6898241,6737,6871651,,,,,,,,,false,
starexec,LCL109+1.p,e1a,first-negative,TIMEOUT,5,423.845,163935.187,,,10447,5243410,10308,5115800,,,,,,,,,false,
starexec,LCL109+1.p,e1a,occurrence,HARD_TIMEOUT,5,0.000,,,,,,,,,,,,,,,,false,
starexec,LCL109+1.p,e1a,subsumption-light,TIMEOUT,5,276.900,164266.670,,,3758,2149118,3568,2135618,,,,,,,,,false,
starexec,LCL109+1.p,e1a,unary-redundancy,TIMEOUT,5,418.622,164370.765,,,3768,2160936,3581,2147392,,,,,,,,,false,
starexec,LCL109+1.p,e1a,weight-greedy,TIMEOUT,5,272.351,164287.523,,,13720,7451789,12567,7069321,,,,,,,,,false,
starexec,LCL368+1.p,e1a,age-fair,TIMEOUT,4,429.929,164266.038,,,7715,5118186,7372,5103695,,,,,,,,,false,
starexec,LCL368+1.p,e1a,balanced,REFUTED,4,115.082,27562.037,,,3993,1560678,3726,1549562,5,,,,,,,,false,
starexec,LCL368+1.p,e1a,equational,REFUTED,4,263.875,69794.988,,,4756,2238247,4457,2224649,5,,,,,,,,false,
starexec,LCL368+1.p,e1a,first-negative,TIMEOUT,4,413.594,164115.914,,,13276,3226137,11806,3104243,,,,,,,,,false,
starexec,LCL368+1.p,e1a,occurrence,REFUTED,4,268.095,8266.916,,,1721,234634,1606,225447,5,,,,,,,,false,
starexec,LCL368+1.p,e1a,subsumption-light,REFUTED,4,258.476,78728.196,,,3964,1556224,3706,1545088,5,,,,,,,,false,
starexec,LCL368+1.p,e1a,unary-redundancy,REFUTED,4,440.383,80814.277,,,3965,1558637,3705,1547505,5,,,,,,,,false,
starexec,LCL368+1.p,e1a,weight-greedy,REFUTED,4,246.294,40136.861,,,10065,1272427,9726,1161282,5,,,,,,,,false,
starexec,LCL368+2.p,e1a,age-fair,TIMEOUT,2,446.899,164364.726,,,7306,4726351,6746,4700232,,,,,,,,,false,
starexec,LCL368+2.p,e1a,balanced,REFUTED,2,129.270,102926.574,,,8841,7431462,8103,7370188,3,,,,,,,,false,
starexec,LCL368+2.p,e1a,equational,TIMEOUT,2,293.733,164501.509,,,7296,4779396,6731,4732322,,,,,,,,,false,
starexec,LCL368+2.p,e1a,first-negative,TIMEOUT,2,467.158,164015.418,,,9235,2365710,8895,2198830,,,,,,,,,false,
starexec,LCL368+2.p,e1a,occurrence,REFUTED,2,455.271,45026.199,,,4146,1753670,4032,1691998,3,,,,,,,,false,
starexec,LCL368+2.p,e1a,subsumption-light,REFUTED,2,290.067,132920.075,,,7321,4803806,6839,4757776,3,,,,,,,,false,
starexec,LCL368+2.p,e1a,unary-redundancy,REFUTED,2,455.411,134377.094,,,7321,4803806,6839,4757776,3,,,,,,,,false,
starexec,LCL368+2.p,e1a,weight-greedy,TIMEOUT,2,291.519,164426.213,,,17037,6745452,16756,6164764,,,,,,,,,false,
starexec,LCL369+1.p,e1a,age-fair,TIMEOUT,4,369.638,164278.059,,,7913,5300139,7600,5285501,,,,,,,,,false,
starexec,LCL369+1.p,e1a,balanced,TIMEOUT,4,119.772,165144.202,,,10667,9431095,10152,9397903,,,,,,,,,false,
starexec,LCL369+1.p,e1a,equational,TIMEOUT,4,233.034,164302.716,,,8133,5512051,7656,5485899,,,,,,,,,false,
starexec,LCL369+1.p,e1a,first-negative,TIMEOUT,4,435.130,164001.097,,,13207,3090825,11740,2975279,,,,,,,,,false,
starexec,LCL369+1.p,e1a,occurrence,TIMEOUT,4,375.952,164264.699,,,7934,5960576,7477,5904844,,,,,,,,,false,
starexec,LCL369+1.p,e1a,subsumption-light,TIMEOUT,4,270.879,164335.717,,,6458,3766595,6089,3745055,,,,,,,,,false,
starexec,LCL369+1.p,e1a,unary-redundancy,TIMEOUT,4,401.560,164318.756,,,6300,3587824,5930,3567058,,,,,,,,,false,
starexec,LCL369+1.p,e1a,weight-greedy,TIMEOUT,4,264.100,164290.063,,,25085,5483464,22966,5200921,,,,,,,,,false,
starexec,LCL369+2.p,e1a,age-fair,TIMEOUT,2,476.429,164226.993,,,6990,4960656,6483,4933972,,,,,,,,,false,
starexec,LCL369+2.p,e1a,balanced,TIMEOUT,2,151.446,165075.006,,,9591,8560421,8672,8492025,,,,,,,,,false,
starexec,LCL369+2.p,e1a,equational,TIMEOUT,2,309.007,164370.736,,,7179,5403147,6624,5352135,,,,,,,,,false,
starexec,LCL369+2.p,e1a,first-negative,TIMEOUT,2,477.597,164005.299,,,9247,2367846,8904,2200630,,,,,,,,,false,
starexec,LCL369+2.p,e1a,occurrence,TIMEOUT,2,322.742,164793.482,,,9053,7220189,8799,7044992,,,,,,,,,false,
starexec,LCL369+2.p,e1a,subsumption-light,TIMEOUT,2,302.484,164352.107,,,6821,4802209,6569,4754599,,,,,,,,,false,
starexec,LCL369+2.p,e1a,unary-redundancy,TIMEOUT,2,432.408,164307.731,,,6813,4789390,6561,4741812,,,,,,,,,false,
starexec,LCL369+2.p,e1a,weight-greedy,TIMEOUT,2,305.247,164178.195,,,16476,5051551,16106,4501344,,,,,,,,,false,
starexec,LCL370+1.p,e1a,age-fair,TIMEOUT,4,381.317,164257.245,,,7811,5226723,7532,5212091,,,,,,,,,false,
starexec,LCL370+1.p,e1a,balanced,TIMEOUT,4,128.048,167393.059,,,10648,9267742,10270,9234498,,,,,,,,,false,
starexec,LCL370+1.p,e1a,equational,TIMEOUT,4,244.594,164307.219,,,8124,5318282,7822,5291548,,,,,,,,,false,
starexec,LCL370+1.p,e1a,first-negative,TIMEOUT,4,375.998,163936.494,,,11682,3608530,10397,3502194,,,,,,,,,false,
starexec,LCL370+1.p,e1a,occurrence,REFUTED,4,400.477,7967.002,,,1584,235108,1464,226246,5,,,,,,,,false,
starexec,LCL370+1.p,e1a,subsumption-light,TIMEOUT,4,235.645,164378.868,,,6221,3614310,5921,3594914,,,,,,,,,false,
starexec,LCL370+1.p,e1a,unary-redundancy,TIMEOUT,4,353.003,164413.101,,,6110,3506381,5811,3487467,,,,,,,,,false,
starexec,LCL370+1.p,e1a,weight-greedy,TIMEOUT,4,230.857,164372.818,,,22520,5277168,19602,4999947,,,,,,,,,false,
starexec,LCL372+2.p,e1a,age-fair,TIMEOUT,2,487.971,164252.130,,,7348,4774765,6790,4748452,,,,,,,,,false,
starexec,LCL372+2.p,e1a,balanced,TIMEOUT,2,146.869,165069.969,,,9513,8569871,8661,8500263,,,,,,,,,false,
starexec,LCL372+2.p,e1a,equational,HARD_TIMEOUT,2,0.000,,,,,,,,,,,,,,,,false,
starexec,LCL372+2.p,e1a,first-negative,TIMEOUT,2,487.340,164043.278,,,9231,2364924,8891,2198214,,,,,,,,,false,
starexec,LCL372+2.p,e1a,occurrence,TIMEOUT,2,482.545,164250.772,,,7499,4917951,7275,4792414,,,,,,,,,false,
starexec,LCL372+2.p,e1a,subsumption-light,TIMEOUT,2,298.578,164314.727,,,7213,4696708,6757,4651704,,,,,,,,,false,
starexec,LCL372+2.p,e1a,unary-redundancy,TIMEOUT,2,489.011,164248.016,,,7319,4812250,6854,4766322,,,,,,,,,false,
starexec,LCL372+2.p,e1a,weight-greedy,TIMEOUT,2,294.470,164322.883,,,16937,4447322,16609,3936623,,,,,,,,,false,
starexec,LCL373+2.p,e1a,age-fair,TIMEOUT,2,469.717,164304.769,,,7339,4768154,6779,4741853,,,,,,,,,false,
starexec,LCL373+2.p,e1a,balanced,TIMEOUT,2,135.025,165092.846,,,9565,8729662,8749,8658952,,,,,,,,,false,
starexec,LCL373+2.p,e1a,equational,TIMEOUT,2,308.410,164305.356,,,7249,4928615,6792,4880947,,,,,,,,,false,
starexec,LCL373+2.p,e1a,first-negative,TIMEOUT,2,500.489,164017.240,,,9262,2371545,8916,2203825,,,,,,,,,false,
starexec,LCL373+2.p,e1a,occurrence,TIMEOUT,2,477.031,164316.993,,,7440,4895927,7250,4770865,,,,,,,,,false,
starexec,LCL373+2.p,e1a,subsumption-light,TIMEOUT,2,306.009,164312.816,,,7173,4704397,6716,4659357,,,,,,,,,false,
starexec,LCL373+2.p,e1a,unary-redundancy,TIMEOUT,2,466.890,164297.736,,,7146,4671370,6697,4626646,,,,,,,,,false,
starexec,LCL373+2.p,e1a,weight-greedy,TIMEOUT,2,309.231,164301.470,,,15880,4549439,15401,4039522,,,,,,,,,false,
starexec,LCL374+1.p,e1a,age-fair,TIMEOUT,4,416.820,164256.595,,,7849,5187597,7528,5173038,,,,,,,,,false,
starexec,LCL374+1.p,e1a,balanced,HARD_TIMEOUT,4,0.000,,,,,,,,,,,,,,,,false,
starexec,LCL374+1.p,e1a,equational,TIMEOUT,4,256.957,164336.819,,,7959,5344573,7539,5318863,,,,,,,,,false,
starexec,LCL374+1.p,e1a,first-negative,TIMEOUT,4,419.279,164067.622,,,12433,3055792,11237,2938910,,,,,,,,,false,
starexec,LCL374+1.p,e1a,occurrence,TIMEOUT,4,384.312,164795.231,,,7718,5731645,7383,5678233,,,,,,,,,false,
starexec,LCL374+1.p,e1a,subsumption-light,TIMEOUT,4,302.953,164308.787,,,6298,3653474,5959,3632370,,,,,,,,,false,
starexec,LCL374+1.p,e1a,unary-redundancy,TIMEOUT,4,410.504,164294.515,,,6288,3650822,5949,3629738,,,,,,,,,false,
starexec,LCL374+1.p,e1a,weight-greedy,TIMEOUT,4,277.777,164505.349,,,25980,5709714,25397,5384944,,,,,,,,,false,
starexec,LCL375+1.p,e1a,age-fair,TIMEOUT,4,404.121,164355.880,,,7696,5095704,7421,5081205,,,,,,,,,false,
starexec,LCL375+1.p,e1a,balanced,TIMEOUT,4,112.151,165141.476,,,10258,9089843,9839,9057845,,,,,,,,,false,
starexec,LCL375+1.p,e1a,equational,TIMEOUT,4,241.835,164422.676,,,7745,5180140,7384,5154496,,,,,,,,,false,
starexec,LCL375+1.p,e1a,first-negative,TIMEOUT,4,420.391,163956.988,,,11404,3446000,10147,3344436,,,,,,,,,false,
starexec,LCL375+1.p,e1a,occurrence,TIMEOUT,4,377.626,164476.444,,,7647,5679822,7230,5625635,,,,,,,,,false,
starexec,LCL375+1.p,e1a,subsumption-light,TIMEOUT,4,248.660,164359.180,,,6201,3611976,5895,3592170,,,,,,,,,false,
starexec,LCL375+1.p,e1a,unary-redundancy,TIMEOUT,4,386.033,164240.026,,,6050,3451900,5770,3433106,,,,,,,,,false,
starexec,LCL375+1.p,e1a,weight-greedy,TIMEOUT,4,247.613,164415.567,,,22994,5562325,21834,5290459,,,,,,,,,false,
starexec,LCL382+1.p,e1a,age-fair,TIMEOUT,4,414.831,164312.052,,,7851,5228204,7529,5213625,,,,,,,,,false,
starexec,LCL382+1.p,e1a,balanced,HARD_TIMEOUT,4,0.000,,,,,,,,,,,,,,,,false,
starexec,LCL382+1.p,e1a,equational,REFUTED,4,265.727,141507.854,,,7455,4650226,7175,4625492,5,,,,,,,,false,
starexec,LCL382+1.p,e1a,first-negative,TIMEOUT,4,403.082,164044.239,,,13164,3100421,11757,2983729,,,,,,,,,false,
starexec,LCL382+1.p,e1a,occurrence,REFUTED,4,368.341,12961.811,,,1528,227446,1426,218744,5,,,,,,,,false,
starexec,LCL382+1.p,e1a,subsumption-light,TIMEOUT,4,252.291,164311.747,,,6329,3718953,6057,3699287,,,,,,,,,false,
starexec,LCL382+1.p,e1a,unary-redundancy,TIMEOUT,4,396.874,164261.284,,,6279,3650957,6008,3631479,,,,,,,,,false,
starexec,LCL382+1.p,e1a,weight-greedy,TIMEOUT,4,257.146,164291.129,,,20305,4822646,19612,4544287,,,,,,,,,false,
starexec,LCL382+2.p,e1a,age-fair,TIMEOUT,2,475.950,164262.384,,,7285,4829131,6796,4802764,,,,,,,,,false,
starexec,LCL382+2.p,e1a,balanced,TIMEOUT,2,145.718,165065.040,,,9348,8490551,8638,8421521,,,,,,,,,false,
starexec,LCL382+2.p,e1a,equational,TIMEOUT,2,294.207,167579.139,,,7294,4960086,6847,4912306,,,,,,,,,false,
starexec,LCL382+2.p,e1a,first-negative,TIMEOUT,2,482.895,163970.206,,,9371,2398520,9003,2227023,,,,,,,,,false,
starexec,LCL382+2.p,e1a,occurrence,TIMEOUT,2,478.231,164230.782,,,7432,4894238,7222,4769276,,,,,,,,,false,
starexec,LCL382+2.p,e1a,subsumption-light,TIMEOUT,2,300.327,164295.296,,,7202,4743360,6749,4697932,,,,,,,,,false,
starexec,LCL382+2.p,e1a,unary-redundancy,TIMEOUT,2,465.067,164249.500,,,7215,4759067,6762,4713587,,,,,,,,,false,
starexec,LCL382+2.p,e1a,weight-greedy,TIMEOUT,2,309.671,164455.514,,,14434,4160371,14033,3657067,,,,,,,,,false,
starexec,LCL383+1.p,e1a,age-fair,TIMEOUT,4,397.460,164407.034,,,7866,5090778,7499,5075834,,,,,,,,,false,
starexec,LCL383+1.p,e1a,balanced,TIMEOUT,4,114.954,169504.626,,,10666,9352261,10211,9318203,,,,,,,,,false,
starexec,LCL383+1.p,e1a,equational,TIMEOUT,4,229.306,164463.264,,,8014,5315150,7537,5288102,,,,,,,,,false,
starexec,LCL383+1.p,e1a,first-negative,TIMEOUT,4,432.830,164071.117,,,14801,2898670,13713,2806978,,,,,,,,,false,
starexec,LCL383+1.p,e1a,occurrence,REFUTED,4,389.047,13753.347,,,1900,321693,1760,310686,5,,,,,,,,false,
starexec,LCL383+1.p,e1a,subsumption-light,TIMEOUT,4,231.457,164447.337,,,6432,3767979,6011,3746237,,,,,,,,,false,
starexec,LCL383+1.p,e1a,unary-redundancy,TIMEOUT,4,386.744,164418.616,,,6324,3653462,5919,3632646,,,,,,,,,false,
starexec,LCL383+1.p,e1a,weight-greedy,TIMEOUT,4,249.727,164581.309,,,22857,5332752,21887,5026495,,,,,,,,,false,
starexec,LCL390+2.p,e1a,age-fair,TIMEOUT,2,479.479,164299.722,,,7290,4709973,6735,4684009,,,,,,,,,false,
starexec,LCL390+2.p,e1a,balanced,TIMEOUT,2,154.038,165127.280,,,9483,8593722,8625,8524606,,,,,,,,,false,
starexec,LCL390+2.p,e1a,equational,TIMEOUT,2,285.371,164323.203,,,7187,4831290,6731,4784060,,,,,,,,,false,
starexec,LCL390+2.p,e1a,first-negative,TIMEOUT,2,466.663,163936.851,,,8956,2298610,8669,2140508,,,,,,,,,false,
starexec,LCL390+2.p,e1a,occurrence,TIMEOUT,2,443.603,164309.683,,,7332,4742382,7109,4620085,,,,,,,,,false,
starexec,LCL390+2.p,e1a,subsumption-light,TIMEOUT,2,305.004,164360.763,,,7057,4583038,6649,4538720,,,,,,,,,false,
starexec,LCL390+2.p,e1a,unary-redundancy,TIMEOUT,2,477.716,164278.363,,,7035,4564048,6628,4519794,,,,,,,,,false,
starexec,LCL390+2.p,e1a,weight-greedy,TIMEOUT,2,308.542,164356.421,,,14868,4310870,14479,3810592,,,,,,,,,false,
starexec,LCL391+2.p,e1a,age-fair,TIMEOUT,2,479.562,164381.507,,,7322,4889531,6833,4862906,,,,,,,,,false,
starexec,LCL391+2.p,e1a,balanced,TIMEOUT,2,141.757,165146.037,,,9699,9030176,8990,8955300,,,,,,,,,false,
starexec,LCL391+2.p,e1a,equational,TIMEOUT,2,327.181,165163.398,,,7305,4960100,6850,4912328,,,,,,,,,false,
starexec,LCL391+2.p,e1a,first-negative,TIMEOUT,2,426.343,164124.284,,,9667,2418937,9282,2244195,,,,,,,,,false,
starexec,LCL391+2.p,e1a,occurrence,TIMEOUT,2,479.156,164351.067,,,7571,5114429,7363,4988417,,,,,,,,,false,
starexec,LCL391+2.p,e1a,subsumption-light,TIMEOUT,2,269.434,164367.735,,,7372,4942357,6882,4895171,,,,,,,,,false,
starexec,LCL391+2.p,e1a,unary-redundancy,TIMEOUT,2,471.188,164329.479,,,7344,4904068,6867,4857324,,,,,,,,,false,
starexec,LCL391+2.p,e1a,weight-greedy,TIMEOUT,2,299.692,164430.513,,,13440,3774982,13077,3293200,,,,,,,,,false,
starexec,LCL392+2.p,e1a,age-fair,TIMEOUT,2,491.714,164234.643,,,7217,4730306,6735,4704388,,,,,,,,,false,
starexec,LCL392+2.p,e1a,balanced,TIMEOUT,2,147.385,165082.126,,,9502,8521206,8636,8451716,,,,,,,,,false,
starexec,LCL392+2.p,e1a,equational,TIMEOUT,2,325.356,167821.909,,,7255,4929920,6795,4882256,,,,,,,,,false,
starexec,LCL392+2.p,e1a,first-negative,TIMEOUT,2,523.997,163923.667,,,9104,2333323,8785,2171256,,,,,,,,,false,
starexec,LCL392+2.p,e1a,occurrence,TIMEOUT,2,472.502,164383.266,,,7427,4845911,7205,4722069,,,,,,,,,false,
starexec,LCL392+2.p,e1a,subsumption-light,TIMEOUT,2,306.860,164302.458,,,7153,4640590,6697,4596132,,,,,,,,,false,
starexec,LCL392+2.p,e1a,unary-redundancy,TIMEOUT,2,467.567,164251.659,,,7219,4702698,6758,4657882,,,,,,,,,false,
starexec,LCL392+2.p,e1a,weight-greedy,TIMEOUT,2,310.561,164326.224,,,15851,4448682,15547,3942879,,,,,,,,,false,
starexec,LCL393+1.p,e1a,age-fair,TIMEOUT,4,424.798,164324.234,,,7874,5243886,7549,5229297,,,,,,,,,false,
starexec,LCL393+1.p,e1a,balanced,TIMEOUT,4,101.157,165078.432,,,10597,9406677,10170,9373607,,,,,,,,,false,
starexec,LCL393+1.p,e1a,equational,TIMEOUT,4,261.115,164305.173,,,7982,5296823,7605,5271073,,,,,,,,,false,
starexec,LCL393+1.p,e1a,first-negative,TIMEOUT,4,405.000,164068.738,,,12756,3033474,11300,2920490,,,,,,,,,false,
starexec,LCL393+1.p,e1a,occurrence,TIMEOUT,4,404.327,165275.414,,,9066,8443393,8577,8377436,,,,,,,,,false,
starexec,LCL393+1.p,e1a,subsumption-light,TIMEOUT,4,266.162,164297.616,,,6312,3718140,6020,3696962,,,,,,,,,false,
starexec,LCL393+1.p,e1a,unary-redundancy,TIMEOUT,4,401.595,164235.962,,,6251,3653812,5964,3633394,,,,,,,,,false,
starexec,LCL393+1.p,e1a,weight-greedy,TIMEOUT,4,251.079,164345.451,,,22174,5555907,21425,5284602,,,,,,,,,false,
starexec,LCL393+2.p,e1a,age-fair,TIMEOUT,2,485.357,164263.646,,,6812,4757764,6305,4731594,,,,,,,,,false,
starexec,LCL393+2.p,e1a,balanced,TIMEOUT,2,138.473,165051.167,,,9314,8130402,8401,8065188,,,,,,,,,false,
starexec,LCL393+2.p,e1a,equational,TIMEOUT,2,318.504,164270.755,,,6780,4954916,6276,4906200,,,,,,,,,false,
starexec,LCL393+2.p,e1a,first-negative,TIMEOUT,2,487.278,163932.473,,,8987,2303876,8696,2145288,,,,,,,,,false,
starexec,LCL393+2.p,e1a,occurrence,TIMEOUT,2,477.581,164219.263,,,7184,4609941,7016,4490079,,,,,,,,,false,
starexec,LCL393+2.p,e1a,subsumption-light,TIMEOUT,2,306.758,166308.730,,,6574,4591935,6334,4545567,,,,,,,,,false,
starexec,LCL393+2.p,e1a,unary-redundancy,TIMEOUT,2,466.968,164287.456,,,6588,4608630,6348,4562220,,,,,,,,,false,
starexec,LCL393+2.p,e1a,weight-greedy,TIMEOUT,2,315.506,164332.865,,,15385,4427511,15083,3928661,,,,,,,,,false,
starexec,LCL395+1.p,e1a,age-fair,TIMEOUT,4,264.167,164879.630,,,8455,6104852,8132,6089320,,,,,,,,,false,
starexec,LCL395+1.p,e1a,balanced,TIMEOUT,4,83.204,165416.511,,,11337,10607520,10901,10571370,,,,,,,,,false,
starexec,LCL395+1.p,e1a,equational,TIMEOUT,4,161.709,164929.241,,,8772,6360605,8306,6331421,,,,,,,,,false,
starexec,LCL395+1.p,e1a,first-negative,TIMEOUT,4,286.119,164692.724,,,13775,3601491,12469,3473675,,,,,,,,,false,
starexec,LCL395+1.p,e1a,occurrence,TIMEOUT,4,269.186,164939.457,,,8331,6891507,7816,6832900,,,,,,,,,false,
starexec,LCL395+1.p,e1a,subsumption-light,TIMEOUT,4,243.793,164360.768,,,6251,3580579,5849,3559963,,,,,,,,,false,
starexec,LCL395+1.p,e1a,unary-redundancy,TIMEOUT,4,257.903,164875.727,,,6977,4305229,6492,4281713,,,,,,,,,false,
starexec,LCL395+1.p,e1a,weight-greedy,TIMEOUT,4,235.669,164367.535,,,25016,6006369,24244,5681973,,,,,,,,,false,
starexec,LCL395+2.p,e1a,age-fair,TIMEOUT,2,305.099,165300.946,,,7505,5510103,6903,5482319,,,,,,,,,false,
starexec,LCL395+2.p,e1a,balanced,TIMEOUT,2,118.269,165135.859,,,9495,8559808,8655,8491176,,,,,,,,,false,
starexec,LCL395+2.p,e1a,equational,TIMEOUT,2,305.115,165085.063,,,6830,5027450,6347,4978426,,,,,,,,,false,
starexec,LCL395+2.p,e1a,first-negative,TIMEOUT,2,335.269,164649.628,,,10830,2617298,10445,2432262,,,,,,,,,false,
starexec,LCL395+2.p,e1a,occurrence,TIMEOUT,2,307.885,164917.680,,,8192,5998010,7989,5853968,,,,,,,,,false,
starexec,LCL395+2.p,e1a,subsumption-light,TIMEOUT,2,282.579,165435.647,,,6849,4822646,6595,4775080,,,,,,,,,false,
starexec,LCL395+2.p,e1a,unary-redundancy,TIMEOUT,2,290.627,164890.415,,,7612,5781752,7283,5726448,,,,,,,,,false,
starexec,LCL395+2.p,e1a,weight-greedy,TIMEOUT,2,271.726,164392.807,,,15463,4839795,14944,4317553,,,,,,,,,false,
starexec,LCL484+1.p,e1a,age-fair,REFUTED,44,602.130,1023.556,,,123,793,90,666,74,,,,,,,,false,
starexec,LCL484+1.p,e1a,balanced,REFUTED,44,148.883,444.504,,,119,264,108,138,74,,,,,,,,false,
starexec,LCL484+1.p,e1a,equational,REFUTED,44,330.117,859.142,,,129,323,117,185,74,,,,,,,,false,
starexec,LCL484+1.p,e1a,first-negative,REFUTED,44,638.365,665.793,,,65,91,56,74,74,,,,,,,,false,
starexec,LCL484+1.p,e1a,occurrence,REFUTED,44,607.040,676.739,,,68,110,63,74,74,,,,,,,,false,
starexec,LCL484+1.p,e1a,subsumption-light,REFUTED,44,517.890,1064.688,,,81,152,70,74,74,,,,,,,,false,
starexec,LCL484+1.p,e1a,unary-redundancy,REFUTED,44,605.266,742.454,,,81,152,70,74,74,,,,,,,,false,
starexec,LCL484+1.p,e1a,weight-greedy,REFUTED,44,530.170,966.633,,,60,105,56,74,74,,,,,,,,false,
starexec,LCL556+1.p,e1a,age-fair,TIMEOUT,76,1164.885,164055.757,,,14336,4389609,11635,4360247,,,,,,,,,false,
starexec,LCL556+1.p,e1a,balanced,TIMEOUT,76,264.446,165042.951,,,23152,9600432,18005,9533232,,,,,,,,,false,
starexec,LCL556+1.p,e1a,equational,TIMEOUT,76,587.172,164136.169,,,20682,6129427,17964,6063521,,,,,,,,,false,
starexec,LCL556+1.p,e1a,first-negative,TIMEOUT,76,1243.106,163779.492,,,7052,4740233,6247,4714419,,,,,,,,,false,
starexec,LCL556+1.p,e1a,occurrence,TIMEOUT,76,1120.944,164101.928,,,14915,5338560,11451,5266178,,,,,,,,,false,
starexec,LCL556+1.p,e1a,subsumption-light,TIMEOUT,76,567.179,164097.917,,,15675,4716001,11210,4670305,,,,,,,,,false,
starexec,LCL556+1.p,e1a,unary-redundancy,TIMEOUT,76,1152.600,164061.501,,,11424,4142896,7892,4113390,,,,,,,,,false,
starexec,LCL556+1.p,e1a,weight-greedy,TIMEOUT,76,437.324,164048.066,,,11549,4928930,10329,4826231,,,,,,,,,false,
starexec,LCL638+1.020.p,e1a,age-fair,HARD_TIMEOUT,0,0.000,,,,,,,,,,,,,,,,false,
starexec,LCL638+1.020.p,e1a,balanced,HARD_TIMEOUT,0,0.000,,,,,,,,,,,,,,,,false,
starexec,LCL638+1.020.p,e1a,equational,HARD_TIMEOUT,0,0.000,,,,,,,,,,,,,,,,false,
starexec,LCL638+1.020.p,e1a,first-negative,HARD_TIMEOUT,0,0.000,,,,,,,,,,,,,,,,false,
starexec,LCL638+1.020.p,e1a,occurrence,HARD_TIMEOUT,0,0.000,,,,,,,,,,,,,,,,false,
starexec,LCL638+1.020.p,e1a,subsumption-light,HARD_TIMEOUT,0,0.000,,,,,,,,,,,,,,,,false,
starexec,LCL638+1.020.p,e1a,unary-redundancy,HARD_TIMEOUT,0,0.000,,,,,,,,,,,,,,,,false,
starexec,LCL638+1.020.p,e1a,weight-greedy,HARD_TIMEOUT,0,0.000,,,,,,,,,,,,,,,,false,
starexec,LCL646+1.010.p,e1a,age-fair,HARD_TIMEOUT,0,0.000,,,,,,,,,,,,,,,,false,
starexec,LCL646+1.010.p,e1a,balanced,TIMEOUT,0,529.448,165046.709,,,76312,5422994,76312,5346682,,,,,,,,,false,
starexec,LCL646+1.010.p,e1a,equational,HARD_TIMEOUT,0,0.000,,,,,,,,,,,,,,,,false,
starexec,LCL646+1.010.p,e1a,first-negative,HARD_TIMEOUT,0,0.000,,,,,,,,,,,,,,,,false,
starexec,LCL646+1.010.p,e1a,occurrence,HARD_TIMEOUT,0,0.000,,,,,,,,,,,,,,,,false,
starexec,LCL646+1.010.p,e1a,subsumption-light,TIMEOUT,0,1016.123,165093.780,,,10892,949028,10892,938136,,,,,,,,,false,
starexec,LCL646+1.010.p,e1a,unary-redundancy,HARD_TIMEOUT,0,0.000,,,,,,,,,,,,,,,,false,
starexec,LCL646+1.010.p,e1a,weight-greedy,TIMEOUT,0,1039.500,164246.974,,,19422,2697922,19422,2678500,,,,,,,,,false,
starexec,LCL646+1.015.p,e1a,age-fair,HARD_TIMEOUT,0,0.000,,,,,,,,,,,,,,,,false,
starexec,LCL646+1.015.p,e1a,balanced,TIMEOUT,0,1217.178,164273.268,,,53519,3794133,53519,3740613,,,,,,,,,false,
starexec,LCL646+1.015.p,e1a,equational,TIMEOUT,0,2256.733,162708.510,,,16974,1483433,16974,1466458,,,,,,,,,false,
starexec,LCL646+1.015.p,e1a,first-negative,HARD_TIMEOUT,0,0.000,,,,,,,,,,,,,,,,false,
starexec,LCL646+1.015.p,e1a,occurrence,HARD_TIMEOUT,0,0.000,,,,,,,,,,,,,,,,false,
starexec,LCL646+1.015.p,e1a,subsumption-light,HARD_TIMEOUT,0,0.000,,,,,,,,,,,,,,,,false,
starexec,LCL646+1.015.p,e1a,unary-redundancy,HARD_TIMEOUT,0,0.000,,,,,,,,,,,,,,,,false,
starexec,LCL646+1.015.p,e1a,weight-greedy,TIMEOUT,0,2200.294,162865.202,,,2859,538744,2859,535884,,,,,,,,,false,
starexec,LCL648+1.010.p,e1a,age-fair,HARD_TIMEOUT,0,0.000,,,,,,,,,,,,,,,,false,
starexec,LCL648+1.010.p,e1a,balanced,TIMEOUT,0,871.872,165386.415,,,4638,572223,4514,567537,,,,,,,,,false,
starexec,LCL648+1.010.p,e1a,equational,TIMEOUT,0,1557.898,163862.717,,,3597,302834,3566,299191,,,,,,,,,false,
starexec,LCL648+1.010.p,e1a,first-negative,HARD_TIMEOUT,0,0.000,,,,,,,,,,,,,,,,false,
starexec,LCL648+1.010.p,e1a,occurrence,HARD_TIMEOUT,0,0.000,,,,,,,,,,,,,,,,false,
starexec,LCL648+1.010.p,e1a,subsumption-light,HARD_TIMEOUT,0,0.000,,,,,,,,,,,,,,,,false,
starexec,LCL648+1.010.p,e1a,unary-redundancy,HARD_TIMEOUT,0,0.000,,,,,,,,,,,,,,,,false,
starexec,LCL648+1.010.p,e1a,weight-greedy,TIMEOUT,0,1566.252,164196.506,,,10853,491210,10574,477880,,,,,,,,,false,
starexec,LCL650+1.010.p,e1a,age-fair,HARD_TIMEOUT,0,0.000,,,,,,,,,,,,,,,,false,
starexec,LCL650+1.010.p,e1a,balanced,TIMEOUT,0,881.170,166091.233,,,5139,100143,5056,94997,,,,,,,,,false,
starexec,LCL650+1.010.p,e1a,equational,HARD_TIMEOUT,0,0.000,,,,,,,,,,,,,,,,false,
starexec,LCL650+1.010.p,e1a,first-negative,HARD_TIMEOUT,0,0.000,,,,,,,,,,,,,,,,false,
starexec,LCL650+1.010.p,e1a,occurrence,HARD_TIMEOUT,0,0.000,,,,,,,,,,,,,,,,false,
starexec,LCL650+1.010.p,e1a,subsumption-light,HARD_TIMEOUT,0,0.000,,,,,,,,,,,,,,,,false,
starexec,LCL650+1.010.p,e1a,unary-redundancy,HARD_TIMEOUT,0,0.000,,,,,,,,,,,,,,,,false,
starexec,LCL650+1.010.p,e1a,weight-greedy,TIMEOUT,0,1607.930,163800.141,,,41890,403514,41326,360978,,,,,,,,,false,
starexec,LCL652+1.010.p,e1a,age-fair,TIMEOUT,0,2393.576,163676.498,,,32919,7684922,30648,7645957,,,,,,,,,false,
starexec,LCL652+1.010.p,e1a,balanced,TIMEOUT,0,450.391,164850.201,,,56790,9119944,53444,9049638,,,,,,,,,false,
starexec,LCL652+1.010.p,e1a,equational,TIMEOUT,0,896.772,163703.758,,,44244,4413577,41749,4359808,,,,,,,,,false,
starexec,LCL652+1.010.p,e1a,first-negative,TIMEOUT,0,2688.982,163243.413,,,30127,6387441,27642,6355113,,,,,,,,,false,
starexec,LCL652+1.010.p,e1a,occurrence,TIMEOUT,0,2410.594,163661.122,,,49676,5801659,47765,5745644,,,,,,,,,false,
starexec,LCL652+1.010.p,e1a,subsumption-light,TIMEOUT,0,905.692,163958.130,,,21408,1532620,19838,1508386,,,,,,,,,false,
starexec,LCL652+1.010.p,e1a,unary-redundancy,TIMEOUT,0,2279.677,163944.604,,,20136,1865667,18646,1842753,,,,,,,,,false,
starexec,LCL652+1.010.p,e1a,weight-greedy,TIMEOUT,0,906.380,163588.532,,,56579,1511076,48071,1430875,,,,,,,,,false,
starexec,LCL662+1.020.p,e1a,age-fair,EXHAUSTED,1,179.757,0.000,,,0,0,0,0,,,,,,,,,false,StackOverflowError:  at Syntax$Lambda.v:363
starexec,LCL662+1.020.p,e1a,balanced,HARD_TIMEOUT,1,0.000,,,,,,,,,,,,,,,,false,
starexec,LCL662+1.020.p,e1a,equational,HARD_TIMEOUT,1,0.000,,,,,,,,,,,,,,,,false,
starexec,LCL662+1.020.p,e1a,first-negative,EXHAUSTED,1,205.455,0.000,,,0,0,0,0,,,,,,,,,false,StackOverflowError:  at Syntax$Lambda.v:363
starexec,LCL662+1.020.p,e1a,occurrence,EXHAUSTED,1,179.265,0.000,,,0,0,0,0,,,,,,,,,false,StackOverflowError:  at Syntax$Expression.lisa$kernel$fol$Syntax$Expression$$x$1:269
starexec,LCL662+1.020.p,e1a,subsumption-light,HARD_TIMEOUT,1,0.000,,,,,,,,,,,,,,,,false,
starexec,LCL662+1.020.p,e1a,unary-redundancy,EXHAUSTED,1,197.324,0.000,,,0,0,0,0,,,,,,,,,false,StackOverflowError:  at Syntax$Expression.lisa$kernel$fol$Syntax$Expression$$x$1:269
starexec,LCL662+1.020.p,e1a,weight-greedy,HARD_TIMEOUT,1,0.000,,,,,,,,,,,,,,,,false,
starexec,LCL664+1.010.p,e1a,age-fair,HARD_TIMEOUT,1,0.000,,,,,,,,,,,,,,,,false,
starexec,LCL664+1.010.p,e1a,balanced,TIMEOUT,1,834.448,164497.631,,,45183,10169896,21679,10108140,,,,,,,,,false,
starexec,LCL664+1.010.p,e1a,equational,TIMEOUT,1,889.608,164456.013,,,44717,10064608,21264,10003436,,,,,,,,,false,
starexec,LCL664+1.010.p,e1a,first-negative,HARD_TIMEOUT,1,0.000,,,,,,,,,,,,,,,,false,
starexec,LCL664+1.010.p,e1a,occurrence,HARD_TIMEOUT,1,0.000,,,,,,,,,,,,,,,,false,
starexec,LCL664+1.010.p,e1a,subsumption-light,TIMEOUT,1,893.891,165282.825,,,12219,2584632,5755,2570750,,,,,,,,,false,
starexec,LCL664+1.010.p,e1a,unary-redundancy,HARD_TIMEOUT,1,0.000,,,,,,,,,,,,,,,,false,
starexec,LCL664+1.010.p,e1a,weight-greedy,TIMEOUT,1,963.176,164508.638,,,54989,1922638,32963,1784953,,,,,,,,,false,
starexec,LCL666+1.010.p,e1a,age-fair,HARD_TIMEOUT,1,0.000,,,,,,,,,,,,,,,,false,
starexec,LCL666+1.010.p,e1a,balanced,TIMEOUT,1,909.334,166026.907,,,5236,681408,5168,676168,,,,,,,,,false,
starexec,LCL666+1.010.p,e1a,equational,HARD_TIMEOUT,1,0.000,,,,,,,,,,,,,,,,false,
starexec,LCL666+1.010.p,e1a,first-negative,HARD_TIMEOUT,1,0.000,,,,,,,,,,,,,,,,false,
starexec,LCL666+1.010.p,e1a,occurrence,HARD_TIMEOUT,1,0.000,,,,,,,,,,,,,,,,false,
starexec,LCL666+1.010.p,e1a,subsumption-light,HARD_TIMEOUT,1,0.000,,,,,,,,,,,,,,,,false,
starexec,LCL666+1.010.p,e1a,unary-redundancy,HARD_TIMEOUT,1,0.000,,,,,,,,,,,,,,,,false,
starexec,LCL666+1.010.p,e1a,weight-greedy,TIMEOUT,1,996.628,164039.713,,,13199,1276948,12715,1261213,,,,,,,,,false,
starexec,LCL688+1.001.p,e1a,age-fair,REFUTED,2,708.500,154216.850,,,22750,4173323,21089,4126270,28,,,,,,,,false,
starexec,LCL688+1.001.p,e1a,balanced,REFUTED,2,208.916,17841.853,,,12405,682043,11595,656163,28,,,,,,,,false,
starexec,LCL688+1.001.p,e1a,equational,REFUTED,2,450.694,16789.409,,,7848,368716,7196,352502,28,,,,,,,,false,
starexec,LCL688+1.001.p,e1a,first-negative,REFUTED,2,774.329,4436.006,,,1847,19883,1747,16650,28,,,,,,,,false,
starexec,LCL688+1.001.p,e1a,occurrence,REFUTED,2,652.053,8149.864,,,4155,70906,3883,61207,28,,,,,,,,false,
starexec,LCL688+1.001.p,e1a,subsumption-light,REFUTED,2,465.782,13656.635,,,4679,135043,3910,124656,28,,,,,,,,false,
starexec,LCL688+1.001.p,e1a,unary-redundancy,REFUTED,2,717.000,6557.405,,,1653,28795,1487,25735,28,,,,,,,,false,
starexec,LCL688+1.001.p,e1a,weight-greedy,REFUTED,2,435.160,5455.150,,,2780,49115,2263,43220,28,,,,,,,,false,
starexec,LCL688+1.015.p,e1a,age-fair,HARD_TIMEOUT,2,0.000,,,,,,,,,,,,,,,,false,
starexec,LCL688+1.015.p,e1a,balanced,TIMEOUT,2,395.686,165000.785,,,43134,19091372,32213,19009798,,,,,,,,,false,
starexec,LCL688+1.015.p,e1a,first-negative,HARD_TIMEOUT,2,0.000,,,,,,,,,,,,,,,,false,
starexec,LCL688+1.015.p,e1a,occurrence,HARD_TIMEOUT,2,0.000,,,,,,,,,,,,,,,,false,
starexec,LCL688+1.015.p,e1a,subsumption-light,TIMEOUT,2,1176.181,163365.490,,,17957,4864746,17275,4839274,,,,,,,,,false,
starexec,LCL688+1.015.p,e1a,unary-redundancy,HARD_TIMEOUT,2,0.000,,,,,,,,,,,,,,,,false,
starexec,LCL688+1.015.p,e1a,weight-greedy,TIMEOUT,2,748.374,164195.401,,,41904,7098829,33436,6951681,,,,,,,,,false,
starexec,LCL891+1.p,e1a,age-fair,TIMEOUT,12,529.284,164416.782,,,1374,4419362,1348,4415171,,,,,,,,,false,
starexec,LCL891+1.p,e1a,balanced,TIMEOUT,12,169.480,165319.612,,,2093,7167770,1922,7159540,,,,,,,,,false,
starexec,LCL891+1.p,e1a,equational,TIMEOUT,12,346.881,164313.898,,,1795,4539149,1634,4531851,,,,,,,,,false,
starexec,LCL891+1.p,e1a,first-negative,TIMEOUT,12,607.092,163859.190,,,1621,4077578,1395,4070710,,,,,,,,,false,
starexec,LCL891+1.p,e1a,occurrence,TIMEOUT,12,499.694,164722.962,,,3126,6003221,2651,5963784,,,,,,,,,false,
starexec,LCL891+1.p,e1a,subsumption-light,TIMEOUT,12,333.397,165088.203,,,1897,4563200,1729,4555522,,,,,,,,,false,
starexec,LCL891+1.p,e1a,unary-redundancy,TIMEOUT,12,525.632,164307.098,,,1955,4532803,1645,4524961,,,,,,,,,false,
starexec,LCL891+1.p,e1a,weight-greedy,TIMEOUT,12,333.436,164300.511,,,5068,6607050,4514,6456632,,,,,,,,,false,
starexec,LCL898+1.p,e1a,age-fair,TIMEOUT,14,550.976,166988.522,,,4810,6474211,4558,6460661,,,,,,,,,false,
starexec,LCL898+1.p,e1a,balanced,TIMEOUT,14,101.997,165780.278,,,6420,12745229,6176,12716189,,,,,,,,,false,
starexec,LCL898+1.p,e1a,equational,TIMEOUT,14,222.351,164803.695,,,5310,6772428,5072,6748766,,,,,,,,,false,
starexec,LCL898+1.p,e1a,first-negative,TIMEOUT,14,562.309,164009.354,,,1715,5715305,1661,5702643,,,,,,,,,false,
starexec,LCL898+1.p,e1a,occurrence,TIMEOUT,14,384.491,165159.256,,,7036,7541664,6665,7467072,,,,,,,,,false,
starexec,LCL898+1.p,e1a,subsumption-light,TIMEOUT,14,336.135,164266.812,,,4937,5384998,4667,5363318,,,,,,,,,false,
starexec,LCL898+1.p,e1a,unary-redundancy,TIMEOUT,14,562.119,164302.259,,,4947,5303111,4706,5281247,,,,,,,,,false,
starexec,LCL898+1.p,e1a,weight-greedy,TIMEOUT,14,224.971,166058.955,,,6135,7462473,5377,7238921,,,,,,,,,false,
starexec,LCL901+1.p,e1a,age-fair,TIMEOUT,14,494.960,164206.538,,,4332,9783489,4151,9766857,,,,,,,,,false,
starexec,LCL901+1.p,e1a,balanced,REFUTED,14,151.437,161155.343,,,2349,10470272,2227,10444321,16,,,,,,,,false,
starexec,LCL901+1.p,e1a,equational,TIMEOUT,14,323.480,164942.493,,,1950,6209339,1835,6192429,,,,,,,,,false,
starexec,LCL901+1.p,e1a,first-negative,TIMEOUT,14,430.149,164622.957,,,1758,7919249,1654,7893765,,,,,,,,,false,
starexec,LCL901+1.p,e1a,occurrence,REFUTED,14,525.255,13651.272,,,787,196412,725,185854,16,,,,,,,,false,
starexec,LCL901+1.p,e1a,subsumption-light,TIMEOUT,14,329.887,164333.221,,,2066,7190729,1951,7171297,,,,,,,,,false,
starexec,LCL901+1.p,e1a,unary-redundancy,TIMEOUT,14,498.713,164591.823,,,2110,7059857,1984,7039791,,,,,,,,,false,
starexec,LCL901+1.p,e1a,weight-greedy,REFUTED,14,332.659,86300.051,,,4169,3817887,3801,3624456,16,,,,,,,,false,
starexec,LCL978+1.p,e1a,age-fair,TIMEOUT,2,252.189,165107.164,,,6802,9709141,6089,9650970,,,,,,,,,false,
starexec,LCL978+1.p,e1a,balanced,TIMEOUT,2,128.921,165062.618,,,7496,11554903,6991,11484995,,,,,,,,,false,
starexec,LCL978+1.p,e1a,equational,TIMEOUT,2,135.975,169446.364,,,7437,10964828,6636,10899726,,,,,,,,,false,
starexec,LCL978+1.p,e1a,first-negative,TIMEOUT,2,240.484,164931.350,,,10955,5451929,9036,5202391,,,,,,,,,false,
starexec,LCL978+1.p,e1a,occurrence,TIMEOUT,2,236.063,165076.418,,,8081,11613041,7435,11386279,,,,,,,,,false,
starexec,LCL978+1.p,e1a,subsumption-light,TIMEOUT,2,137.277,165111.890,,,10547,6897262,9473,6820860,,,,,,,,,false,
starexec,LCL978+1.p,e1a,unary-redundancy,TIMEOUT,2,239.971,165068.633,,,10399,6727074,9339,6653436,,,,,,,,,false,
starexec,LCL978+1.p,e1a,weight-greedy,HARD_TIMEOUT,2,0.000,,,,,,,,,,,,,,,,false,
starexec,LCL979+1.p,e1a,age-fair,TIMEOUT,2,446.442,164353.735,,,4176,1451444,3480,1440538,,,,,,,,,false,
starexec,LCL979+1.p,e1a,balanced,TIMEOUT,2,138.697,165100.287,,,5331,3405872,4070,3370238,,,,,,,,,false,
starexec,LCL979+1.p,e1a,equational,TIMEOUT,2,315.063,164503.475,,,3815,1882584,3119,1855380,,,,,,,,,false,
starexec,LCL979+1.p,e1a,first-negative,TIMEOUT,2,452.348,163979.040,,,7934,856068,7835,828082,,,,,,,,,false,
starexec,LCL979+1.p,e1a,occurrence,TIMEOUT,2,408.865,164183.798,,,4710,3402398,3974,3353146,,,,,,,,,false,
starexec,LCL979+1.p,e1a,subsumption-light,TIMEOUT,2,299.660,164393.455,,,1650,346200,1406,337298,,,,,,,,,false,
starexec,LCL979+1.p,e1a,unary-redundancy,TIMEOUT,2,421.214,164313.287,,,1661,350800,1413,341846,,,,,,,,,false,
starexec,LCL979+1.p,e1a,weight-greedy,TIMEOUT,2,260.159,164553.963,,,37,120,34,64,,,,,,,,,false,
starexec,LCL982+1.p,e1a,age-fair,REFUTED,2,459.023,623.694,,,27,96,26,68,3,,,,,,,,false,
starexec,LCL982+1.p,e1a,balanced,REFUTED,2,144.944,351.985,,,24,67,23,41,3,,,,,,,,false,
starexec,LCL982+1.p,e1a,equational,REFUTED,2,303.498,660.982,,,24,67,23,41,3,,,,,,,,false,
starexec,LCL982+1.p,e1a,first-negative,REFUTED,2,458.493,599.705,,,17,39,16,21,3,,,,,,,,false,
starexec,LCL982+1.p,e1a,occurrence,REFUTED,2,460.565,644.155,,,35,103,34,66,3,,,,,,,,false,
starexec,LCL982+1.p,e1a,subsumption-light,REFUTED,2,288.070,726.846,,,24,67,23,41,3,,,,,,,,false,
starexec,LCL982+1.p,e1a,unary-redundancy,REFUTED,2,415.115,718.380,,,24,67,23,41,3,,,,,,,,false,
starexec,LCL982+1.p,e1a,weight-greedy,REFUTED,2,289.471,773.828,,,34,173,33,122,3,,,,,,,,false,
starexec,LCL983+1.p,e1a,age-fair,TIMEOUT,2,428.837,164314.547,,,5328,5660349,5010,5609986,,,,,,,,,false,
starexec,LCL983+1.p,e1a,balanced,TIMEOUT,2,137.878,165121.616,,,7670,10551598,7201,10360544,,,,,,,,,false,
starexec,LCL983+1.p,e1a,equational,TIMEOUT,2,276.105,168372.149,,,6064,6408641,5687,6291921,,,,,,,,,false,
starexec,LCL983+1.p,e1a,first-negative,TIMEOUT,2,418.450,164117.195,,,9257,2925476,7848,2641472,,,,,,,,,false,
starexec,LCL983+1.p,e1a,occurrence,TIMEOUT,2,448.558,164359.387,,,7406,5834822,7164,5591365,,,,,,,,,false,
starexec,LCL983+1.p,e1a,subsumption-light,TIMEOUT,2,273.304,164364.311,,,10273,3281881,10017,3186459,,,,,,,,,false,
starexec,LCL983+1.p,e1a,unary-redundancy,TIMEOUT,2,418.830,164307.704,,,10218,3265941,9962,3171403,,,,,,,,,false,
starexec,LCL983+1.p,e1a,weight-greedy,TIMEOUT,2,269.454,164446.102,,,19550,3508177,16524,3104646,,,,,,,,,false,
starexec,MGT005+1.p,e1a,age-fair,REFUTED,10,1028.317,10940.530,,,1728,20783,1585,18092,29,,,,,,,,false,
starexec,MGT005+1.p,e1a,balanced,REFUTED,10,281.228,2314.251,,,838,7143,749,5819,29,,,,,,,,false,
starexec,MGT005+1.p,e1a,equational,REFUTED,10,593.540,5232.639,,,1016,8821,910,7175,29,,,,,,,,false,
starexec,MGT005+1.p,e1a,first-negative,REFUTED,10,1159.127,5321.952,,,2203,3770,1104,911,29,,,,,,,,false,
starexec,MGT005+1.p,e1a,occurrence,REFUTED,10,1025.447,3440.348,,,744,6129,627,4619,29,,,,,,,,false,
starexec,MGT005+1.p,e1a,subsumption-light,REFUTED,10,571.272,153656.863,,,2975,69974,2714,62596,29,,,,,,,,false,
starexec,MGT005+1.p,e1a,unary-redundancy,REFUTED,10,1057.591,24203.695,,,1106,13136,978,11230,29,,,,,,,,false,
starexec,MGT005+1.p,e1a,weight-greedy,REFUTED,10,580.304,106635.603,,,6903,1692907,6847,1672329,29,,,,,,,,false,
starexec,MGT035+2.p,e1a,age-fair,TIMEOUT,19,800.268,164184.907,,,9609,4923720,9224,4909632,,,,,,,,,false,
starexec,MGT035+2.p,e1a,balanced,TIMEOUT,19,231.009,165015.932,,,16748,11565661,16246,11535827,,,,,,,,,false,
starexec,MGT035+2.p,e1a,equational,HARD_TIMEOUT,19,0.000,,,,,,,,,,,,,,,,false,
starexec,MGT035+2.p,e1a,first-negative,TIMEOUT,19,895.223,163831.400,,,21630,7096266,16715,7006172,,,,,,,,,false,
starexec,MGT035+2.p,e1a,occurrence,TIMEOUT,19,760.810,164127.413,,,12132,6230301,11703,6208244,,,,,,,,,false,
starexec,MGT035+2.p,e1a,subsumption-light,TIMEOUT,19,433.395,164437.022,,,5207,1199178,4966,1190896,,,,,,,,,false,
starexec,MGT035+2.p,e1a,unary-redundancy,TIMEOUT,19,780.926,164114.382,,,6359,1418659,6158,1408128,,,,,,,,,false,
starexec,MGT035+2.p,e1a,weight-greedy,TIMEOUT,19,437.030,164135.920,,,8034,4638208,7749,4613868,,,,,,,,,false,
starexec,MGT067+1.p,e1a,age-fair,REFUTED,157,2053.539,9625.911,,,1338,15643,1285,14184,177,,,,,,,,false,
starexec,MGT067+1.p,e1a,balanced,REFUTED,157,518.745,1356.679,,,804,1238,762,418,177,,,,,,,,false,
starexec,MGT067+1.p,e1a,equational,REFUTED,157,1066.398,2462.185,,,804,1238,762,418,177,,,,,,,,false,
starexec,MGT067+1.p,e1a,first-negative,REFUTED,157,2175.534,2247.540,,,698,751,653,177,177,,,,,,,,false,
starexec,MGT067+1.p,e1a,occurrence,REFUTED,157,2070.361,2174.842,,,718,816,684,239,177,,,,,,,,false,
starexec,MGT067+1.p,e1a,subsumption-light,REFUTED,157,1115.045,3326.828,,,788,1162,743,367,177,,,,,,,,false,
starexec,MGT067+1.p,e1a,unary-redundancy,REFUTED,157,2051.575,3030.890,,,769,964,728,238,177,,,,,,,,false,
starexec,MGT067+1.p,e1a,weight-greedy,REFUTED,157,1132.885,2003.338,,,651,757,614,180,177,,,,,,,,false,
starexec,MGT068+1.p,e1a,age-fair,TIMEOUT,59,1052.698,163793.556,,,6473,7812450,6384,7798707,,,,,,,,,false,
starexec,MGT068+1.p,e1a,balanced,REFUTED,59,296.758,7847.000,,,1658,411435,1628,405807,85,,,,,,,,false,
starexec,MGT068+1.p,e1a,equational,REFUTED,59,596.692,10734.541,,,1271,219771,1244,214934,85,,,,,,,,false,
starexec,MGT068+1.p,e1a,first-negative,REFUTED,59,1200.811,124477.456,,,24314,2492086,22823,2442909,85,,,,,,,,false,
starexec,MGT068+1.p,e1a,occurrence,REFUTED,59,1091.021,6188.260,,,778,60909,766,57734,85,,,,,,,,false,
starexec,MGT068+1.p,e1a,subsumption-light,TIMEOUT,59,548.821,163981.029,,,2384,1293158,2310,1283790,,,,,,,,,false,
starexec,MGT068+1.p,e1a,unary-redundancy,REFUTED,59,1027.045,74251.994,,,1948,534948,1496,526777,85,,,,,,,,false,
starexec,MGT068+1.p,e1a,weight-greedy,REFUTED,59,598.668,7922.175,,,1334,70801,1263,54190,85,,,,,,,,false,
starexec,MGT076+1.p,e1a,age-fair,REFUTED,34,853.408,975.044,,,103,340,103,231,54,,,,,,,,false,
starexec,MGT076+1.p,e1a,balanced,REFUTED,34,245.193,475.481,,,54,110,46,54,54,,,,,,,,false,
starexec,MGT076+1.p,e1a,equational,REFUTED,34,511.240,925.357,,,54,110,46,54,54,,,,,,,,false,
starexec,MGT076+1.p,e1a,first-negative,REFUTED,34,878.504,953.580,,,92,229,82,121,54,,,,,,,,false,
starexec,MGT076+1.p,e1a,occurrence,REFUTED,34,837.642,784.692,,,35,92,33,55,54,,,,,,,,false,
starexec,MGT076+1.p,e1a,subsumption-light,REFUTED,34,477.956,819.373,,,42,100,38,57,54,,,,,,,,false,
starexec,MGT076+1.p,e1a,unary-redundancy,REFUTED,34,848.563,870.786,,,54,110,46,54,54,,,,,,,,false,
starexec,MGT076+1.p,e1a,weight-greedy,REFUTED,34,495.967,792.132,,,42,83,41,54,54,,,,,,,,false,
starexec,MGT077+1.p,e1a,age-fair,REFUTED,44,903.951,31709.485,,,3663,1700151,3636,1694030,64,,,,,,,,false,
starexec,MGT077+1.p,e1a,balanced,REFUTED,44,244.733,546.647,,,72,190,70,110,64,,,,,,,,false,
starexec,MGT077+1.p,e1a,equational,REFUTED,44,518.509,934.762,,,72,190,70,110,64,,,,,,,,false,
starexec,MGT077+1.p,e1a,first-negative,REFUTED,44,922.945,2094.133,,,664,2728,640,1792,64,,,,,,,,false,
starexec,MGT077+1.p,e1a,occurrence,REFUTED,44,850.651,948.473,,,93,239,91,116,64,,,,,,,,false,
starexec,MGT077+1.p,e1a,subsumption-light,REFUTED,44,496.769,1059.029,,,105,297,101,164,64,,,,,,,,false,
starexec,MGT077+1.p,e1a,unary-redundancy,REFUTED,44,843.213,913.634,,,72,190,70,110,64,,,,,,,,false,
starexec,MGT077+1.p,e1a,weight-greedy,REFUTED,44,473.032,1074.718,,,134,380,132,170,64,,,,,,,,false,
starexec,MGT078+1.p,e1a,age-fair,REFUTED,56,842.001,4197.404,,,609,29676,583,28525,80,,,,,,,,false,
starexec,MGT078+1.p,e1a,balanced,REFUTED,56,250.507,656.159,,,180,644,180,430,80,,,,,,,,false,
starexec,MGT078+1.p,e1a,equational,REFUTED,56,483.909,1210.532,,,180,644,180,430,80,,,,,,,,false,
starexec,MGT078+1.p,e1a,first-negative,REFUTED,56,901.749,1384.868,,,218,854,195,560,80,,,,,,,,false,
starexec,MGT078+1.p,e1a,occurrence,REFUTED,56,854.938,1183.681,,,178,506,160,272,80,,,,,,,,false,
starexec,MGT078+1.p,e1a,subsumption-light,REFUTED,56,489.448,1471.099,,,197,900,184,652,80,,,,,,,,false,
starexec,MGT078+1.p,e1a,unary-redundancy,REFUTED,56,874.911,1481.181,,,197,900,184,652,80,,,,,,,,false,
starexec,MGT078+1.p,e1a,weight-greedy,REFUTED,56,462.189,1242.312,,,201,605,167,307,80,,,,,,,,false,
starexec,MGT079+1.p,e1a,age-fair,TIMEOUT,56,881.908,163781.164,,,8818,7288131,8792,7257175,,,,,,,,,false,
starexec,MGT079+1.p,e1a,balanced,REFUTED,56,264.957,1502.799,,,382,9521,369,8734,77,,,,,,,,false,
starexec,MGT079+1.p,e1a,equational,REFUTED,56,526.540,2652.361,,,382,9561,369,8774,77,,,,,,,,false,
starexec,MGT079+1.p,e1a,first-negative,REFUTED,56,987.948,1947.015,,,424,1699,412,945,77,,,,,,,,false,
starexec,MGT079+1.p,e1a,occurrence,REFUTED,56,912.374,1259.666,,,136,405,121,205,77,,,,,,,,false,
starexec,MGT079+1.p,e1a,subsumption-light,REFUTED,56,491.332,17386.476,,,1124,153296,1024,147238,77,,,,,,,,false,
starexec,MGT079+1.p,e1a,unary-redundancy,REFUTED,56,898.315,3629.545,,,376,9517,347,8610,77,,,,,,,,false,
starexec,MGT079+1.p,e1a,weight-greedy,REFUTED,56,528.343,1314.052,,,160,422,154,132,77,,,,,,,,false,
starexec,MGT080+1.p,e1a,age-fair,REFUTED,73,940.169,6731.337,,,936,82814,836,79880,99,,,,,,,,false,
starexec,MGT080+1.p,e1a,balanced,REFUTED,73,242.005,857.202,,,272,1355,255,1007,99,,,,,,,,false,
starexec,MGT080+1.p,e1a,equational,REFUTED,73,520.095,1611.288,,,272,1355,255,1007,99,,,,,,,,false,
starexec,MGT080+1.p,e1a,first-negative,REFUTED,73,945.922,1419.267,,,157,617,142,439,99,,,,,,,,false,
starexec,MGT080+1.p,e1a,occurrence,REFUTED,73,871.284,1376.684,,,205,583,176,316,99,,,,,,,,false,
starexec,MGT080+1.p,e1a,subsumption-light,REFUTED,73,533.080,1770.620,,,304,1645,255,1216,99,,,,,,,,false,
starexec,MGT080+1.p,e1a,unary-redundancy,REFUTED,73,868.530,1679.569,,,269,1324,255,984,99,,,,,,,,false,
starexec,MGT080+1.p,e1a,weight-greedy,REFUTED,73,510.810,1387.772,,,230,839,185,506,99,,,,,,,,false,
starexec,MGT082+1.p,e1a,age-fair,REFUTED,56,816.420,4151.049,,,615,31619,538,30225,80,,,,,,,,false,
starexec,MGT082+1.p,e1a,balanced,REFUTED,56,227.124,801.401,,,180,776,171,546,80,,,,,,,,false,
starexec,MGT082+1.p,e1a,equational,REFUTED,56,514.616,1385.449,,,180,776,171,546,80,,,,,,,,false,
starexec,MGT082+1.p,e1a,first-negative,REFUTED,56,611.420,760.011,,,116,409,104,279,80,,,,,,,,false,
starexec,MGT082+1.p,e1a,occurrence,REFUTED,56,826.276,1048.032,,,110,299,103,165,80,,,,,,,,false,
starexec,MGT082+1.p,e1a,subsumption-light,REFUTED,56,329.773,920.492,,,191,841,171,579,80,,,,,,,,false,
starexec,MGT082+1.p,e1a,unary-redundancy,REFUTED,56,840.395,1368.398,,,191,841,171,579,80,,,,,,,,false,
starexec,MGT082+1.p,e1a,weight-greedy,REFUTED,56,347.776,896.828,,,162,704,145,456,80,,,,,,,,false,
starexec,MGT085+1.p,e1a,age-fair,TIMEOUT,43,865.533,166928.019,,,9067,8084845,8932,8055702,,,,,,,,,false,
starexec,MGT085+1.p,e1a,balanced,REFUTED,43,229.612,19155.017,,,2785,1559604,2766,1539796,65,,,,,,,,false,
starexec,MGT085+1.p,e1a,equational,REFUTED,43,338.755,21823.653,,,2785,1553434,2766,1533626,65,,,,,,,,false,
starexec,MGT085+1.p,e1a,first-negative,REFUTED,43,586.559,6307.198,,,2936,62347,2757,56154,65,,,,,,,,false,
starexec,MGT085+1.p,e1a,occurrence,REFUTED,43,833.534,11494.084,,,1270,192205,1248,180847,65,,,,,,,,false,
starexec,MGT085+1.p,e1a,subsumption-light,TIMEOUT,43,345.257,164785.983,,,6097,2221793,5172,2188593,,,,,,,,,false,
starexec,MGT085+1.p,e1a,unary-redundancy,TIMEOUT,43,552.989,164688.497,,,6087,2224197,5183,2190957,,,,,,,,,false,
starexec,MGT085+1.p,e1a,weight-greedy,REFUTED,43,345.405,1400.974,,,386,4703,351,2184,65,,,,,,,,false,
starexec,MGT086+1.p,e1a,age-fair,TIMEOUT,43,915.430,164117.275,,,8116,7558804,8083,7534003,,,,,,,,,false,
starexec,MGT086+1.p,e1a,balanced,REFUTED,43,238.388,521.363,,,78,195,67,112,63,,,,,,,,false,
starexec,MGT086+1.p,e1a,equational,REFUTED,43,333.906,671.111,,,78,195,67,112,63,,,,,,,,false,
starexec,MGT086+1.p,e1a,first-negative,REFUTED,43,600.694,1023.009,,,246,918,240,524,63,,,,,,,,false,
starexec,MGT086+1.p,e1a,occurrence,REFUTED,43,821.375,943.476,,,79,208,72,108,63,,,,,,,,false,
starexec,MGT086+1.p,e1a,subsumption-light,REFUTED,43,347.783,635.414,,,72,177,69,101,63,,,,,,,,false,
starexec,MGT086+1.p,e1a,unary-redundancy,REFUTED,43,847.444,899.111,,,72,177,69,101,63,,,,,,,,false,
starexec,MGT086+1.p,e1a,weight-greedy,REFUTED,43,320.588,698.767,,,103,242,100,79,63,,,,,,,,false,
starexec,MGT088+1.p,e1a,age-fair,REFUTED,39,851.538,1907.887,,,275,3403,275,3077,59,,,,,,,,false,
starexec,MGT088+1.p,e1a,balanced,REFUTED,39,227.001,447.952,,,49,128,49,79,59,,,,,,,,false,
starexec,MGT088+1.p,e1a,equational,REFUTED,39,321.621,552.714,,,49,128,49,79,59,,,,,,,,false,
starexec,MGT088+1.p,e1a,first-negative,REFUTED,39,608.473,911.649,,,239,853,239,517,59,,,,,,,,false,
starexec,MGT088+1.p,e1a,occurrence,REFUTED,39,874.691,857.621,,,66,164,66,84,59,,,,,,,,false,
starexec,MGT088+1.p,e1a,subsumption-light,REFUTED,39,315.739,563.491,,,49,128,49,79,59,,,,,,,,false,
starexec,MGT088+1.p,e1a,unary-redundancy,REFUTED,39,536.347,506.469,,,49,128,49,79,59,,,,,,,,false,
starexec,MGT088+1.p,e1a,weight-greedy,REFUTED,39,323.128,676.400,,,94,249,94,115,59,,,,,,,,false,
starexec,MGT090+1.p,e1a,age-fair,REFUTED,59,967.135,1274.988,,,150,519,142,357,90,,,,,,,,false,
starexec,MGT090+1.p,e1a,balanced,REFUTED,59,273.409,538.038,,,106,176,100,90,90,,,,,,,,false,
starexec,MGT090+1.p,e1a,equational,REFUTED,59,373.095,725.081,,,106,176,100,90,90,,,,,,,,false,
starexec,MGT090+1.p,e1a,first-negative,REFUTED,59,689.285,1658.103,,,501,4352,497,3664,90,,,,,,,,false,
starexec,MGT090+1.p,e1a,occurrence,REFUTED,59,993.788,1257.053,,,127,396,126,208,90,,,,,,,,false,
starexec,MGT090+1.p,e1a,subsumption-light,REFUTED,59,378.442,712.930,,,106,176,100,90,90,,,,,,,,false,
starexec,MGT090+1.p,e1a,unary-redundancy,REFUTED,59,1001.957,1162.722,,,106,176,100,90,90,,,,,,,,false,
starexec,MGT090+1.p,e1a,weight-greedy,REFUTED,59,372.348,995.214,,,204,980,203,618,90,,,,,,,,false,
starexec,MGT091+1.p,e1a,balanced,REFUTED,46,284.752,1610.135,,,381,9431,380,8717,83,,,,,,,,false,
starexec,MGT091+1.p,e1a,equational,REFUTED,46,615.741,2898.326,,,381,9431,380,8717,83,,,,,,,,false,
starexec,MGT091+1.p,e1a,first-negative,HARD_TIMEOUT,46,0.000,,,,,,,,,,,,,,,,false,
starexec,MGT091+1.p,e1a,occurrence,REFUTED,46,1109.992,3819.052,,,452,23494,439,21967,83,,,,,,,,false,
starexec,MGT091+1.p,e1a,subsumption-light,REFUTED,46,602.961,3920.591,,,372,7935,335,7029,83,,,,,,,,false,
starexec,MGT091+1.p,e1a,unary-redundancy,REFUTED,46,1034.872,3920.899,,,374,7935,337,7027,83,,,,,,,,false,
starexec,MGT091+1.p,e1a,weight-greedy,REFUTED,46,608.870,1561.373,,,201,1320,200,752,83,,,,,,,,false,
starexec,NLP147+1.p,e1a,age-fair,REFUTED,61,1201.792,1406.729,,,226,255,221,92,92,,,,,,,,false,
starexec,NLP147+1.p,e1a,balanced,REFUTED,61,353.430,702.593,,,229,256,226,94,94,,,,,,,,false,
starexec,NLP147+1.p,e1a,equational,REFUTED,61,689.893,1327.588,,,229,256,226,94,94,,,,,,,,false,
starexec,NLP147+1.p,e1a,first-negative,REFUTED,61,1426.862,1453.475,,,233,253,225,92,92,,,,,,,,false,
starexec,NLP147+1.p,e1a,occurrence,REFUTED,61,1205.741,1347.414,,,210,260,192,92,92,,,,,,,,false,
starexec,NLP147+1.p,e1a,subsumption-light,REFUTED,61,677.059,1339.160,,,229,256,226,94,94,,,,,,,,false,
starexec,NLP147+1.p,e1a,unary-redundancy,REFUTED,61,1206.841,1380.542,,,224,251,221,92,92,,,,,,,,false,
starexec,NLP147+1.p,e1a,weight-greedy,REFUTED,61,734.067,1305.472,,,234,320,232,94,94,,,,,,,,false,
starexec,NLP260+1.p,e1a,age-fair,PARSE_ERR,,0.000,,,,,,,,,,,,,,,,false,Exception
starexec,NLP260+1.p,e1a,balanced,PARSE_ERR,,0.000,,,,,,,,,,,,,,,,false,Exception
starexec,NLP260+1.p,e1a,equational,PARSE_ERR,,0.000,,,,,,,,,,,,,,,,false,Exception
starexec,NLP260+1.p,e1a,first-negative,PARSE_ERR,,0.000,,,,,,,,,,,,,,,,false,Exception
starexec,NLP260+1.p,e1a,occurrence,PARSE_ERR,,0.000,,,,,,,,,,,,,,,,false,Exception
starexec,NLP260+1.p,e1a,subsumption-light,PARSE_ERR,,0.000,,,,,,,,,,,,,,,,false,Exception
starexec,NLP260+1.p,e1a,unary-redundancy,PARSE_ERR,,0.000,,,,,,,,,,,,,,,,false,Exception
starexec,NLP260+1.p,e1a,weight-greedy,PARSE_ERR,,0.000,,,,,,,,,,,,,,,,false,Exception
starexec,NLP261+1.p,e1a,age-fair,PARSE_ERR,,0.000,,,,,,,,,,,,,,,,false,Exception
starexec,NLP261+1.p,e1a,balanced,PARSE_ERR,,0.000,,,,,,,,,,,,,,,,false,Exception
starexec,NLP261+1.p,e1a,equational,PARSE_ERR,,0.000,,,,,,,,,,,,,,,,false,Exception
starexec,NLP261+1.p,e1a,first-negative,PARSE_ERR,,0.000,,,,,,,,,,,,,,,,false,Exception
starexec,NLP261+1.p,e1a,occurrence,PARSE_ERR,,0.000,,,,,,,,,,,,,,,,false,Exception
starexec,NLP261+1.p,e1a,subsumption-light,PARSE_ERR,,0.000,,,,,,,,,,,,,,,,false,Exception
starexec,NLP261+1.p,e1a,unary-redundancy,PARSE_ERR,,0.000,,,,,,,,,,,,,,,,false,Exception
starexec,NLP261+1.p,e1a,weight-greedy,PARSE_ERR,,0.000,,,,,,,,,,,,,,,,false,Exception
starexec,NLP262+1.p,e1a,age-fair,PARSE_ERR,,0.000,,,,,,,,,,,,,,,,false,Exception
starexec,NLP262+1.p,e1a,balanced,PARSE_ERR,,0.000,,,,,,,,,,,,,,,,false,Exception
starexec,NLP262+1.p,e1a,equational,PARSE_ERR,,0.000,,,,,,,,,,,,,,,,false,Exception
starexec,NLP262+1.p,e1a,first-negative,PARSE_ERR,,0.000,,,,,,,,,,,,,,,,false,Exception
starexec,NLP262+1.p,e1a,occurrence,PARSE_ERR,,0.000,,,,,,,,,,,,,,,,false,Exception
starexec,NLP262+1.p,e1a,subsumption-light,PARSE_ERR,,0.000,,,,,,,,,,,,,,,,false,Exception
starexec,NLP262+1.p,e1a,unary-redundancy,PARSE_ERR,,0.000,,,,,,,,,,,,,,,,false,Exception
starexec,NLP262+1.p,e1a,weight-greedy,PARSE_ERR,,0.000,,,,,,,,,,,,,,,,false,Exception
starexec,NUM292+1.p,e1a,age-fair,TIMEOUT,401,1736.388,163325.725,,,18338,80831,18338,62487,,,,,,,,,false,
starexec,NUM292+1.p,e1a,balanced,TIMEOUT,401,367.225,164667.708,,,23721,94251,23721,70146,,,,,,,,,false,
starexec,NUM292+1.p,e1a,equational,TIMEOUT,401,596.961,164181.811,,,19245,82145,19245,62528,,,,,,,,,false,
starexec,NUM292+1.p,e1a,first-negative,TIMEOUT,401,1242.957,163835.751,,,19992,171231,19992,151202,,,,,,,,,false,
starexec,NUM292+1.p,e1a,occurrence,TIMEOUT,401,1657.456,163383.037,,,18486,55416,18486,36660,,,,,,,,,false,
starexec,NUM292+1.p,e1a,subsumption-light,TIMEOUT,401,650.328,164233.953,,,18924,81784,18923,62470,,,,,,,,,false,
starexec,NUM292+1.p,e1a,unary-redundancy,TIMEOUT,401,1736.721,163259.356,,,18388,73495,18387,54719,,,,,,,,,false,
starexec,NUM292+1.p,e1a,weight-greedy,TIMEOUT,401,626.071,164159.446,,,19100,51926,19100,32366,,,,,,,,,false,
starexec,NUM321+1.p,e1a,age-fair,TIMEOUT,401,1743.397,163268.591,,,17540,66446,17540,48906,,,,,,,,,false,
starexec,NUM321+1.p,e1a,balanced,TIMEOUT,401,413.521,164484.614,,,31134,102778,31132,71028,,,,,,,,,false,
starexec,NUM321+1.p,e1a,equational,TIMEOUT,401,929.529,163252.718,,,20604,85804,20604,64814,,,,,,,,,false,
starexec,NUM321+1.p,e1a,first-negative,TIMEOUT,401,1892.389,162816.436,,,23252,178047,23252,154752,,,,,,,,,false,
starexec,NUM321+1.p,e1a,occurrence,TIMEOUT,401,1742.230,163250.384,,,22717,87463,22717,64194,,,,,,,,,false,
starexec,NUM321+1.p,e1a,subsumption-light,TIMEOUT,401,929.521,163293.070,,,17677,66633,17676,48629,,,,,,,,,false,
starexec,NUM321+1.p,e1a,unary-redundancy,TIMEOUT,401,1750.520,163213.030,,,17847,66973,17846,48797,,,,,,,,,false,
starexec,NUM321+1.p,e1a,weight-greedy,TIMEOUT,401,628.391,164117.343,,,22806,58810,22806,35413,,,,,,,,,false,
starexec,NUM335+1.p,e1a,age-fair,TIMEOUT,401,1671.352,163196.569,,,17755,66872,17755,49116,,,,,,,,,false,
starexec,NUM335+1.p,e1a,balanced,TIMEOUT,401,411.187,164542.685,,,25331,96007,25331,70280,,,,,,,,,false,
starexec,NUM335+1.p,e1a,equational,TIMEOUT,401,946.777,163217.598,,,17752,66778,17752,48696,,,,,,,,,false,
starexec,NUM335+1.p,e1a,first-negative,TIMEOUT,401,1908.853,162912.080,,,19019,169545,19019,150490,,,,,,,,,false,
starexec,NUM335+1.p,e1a,occurrence,TIMEOUT,401,1697.857,163322.720,,,18012,54493,18012,36226,,,,,,,,,false,
starexec,NUM335+1.p,e1a,subsumption-light,TIMEOUT,401,971.049,163281.097,,,17719,66712,17718,48668,,,,,,,,,false,
starexec,NUM335+1.p,e1a,unary-redundancy,TIMEOUT,401,1704.640,163368.715,,,17740,66754,17739,48689,,,,,,,,,false,
starexec,NUM335+1.p,e1a,weight-greedy,TIMEOUT,401,978.293,163354.513,,,18357,50563,18357,31756,,,,,,,,,false,
starexec,NUM639+4.p,e1a,age-fair,TIMEOUT,316,2720.691,162825.990,,,9842,3590813,9662,3578876,,,,,,,,,false,
starexec,NUM639+4.p,e1a,balanced,TIMEOUT,316,717.462,164340.088,,,21038,10140070,19653,10101928,,,,,,,,,false,
starexec,NUM639+4.p,e1a,equational,TIMEOUT,316,1003.289,163988.856,,,19119,7037280,15498,7003160,,,,,,,,,false,
starexec,NUM639+4.p,e1a,first-negative,TIMEOUT,316,2063.278,163790.126,,,12378,4616974,10830,4590932,,,,,,,,,false,
starexec,NUM639+4.p,e1a,occurrence,TIMEOUT,316,2543.334,162753.617,,,19296,7308917,15098,7231320,,,,,,,,,false,
starexec,NUM639+4.p,e1a,subsumption-light,TIMEOUT,316,1008.152,164129.040,,,13534,3813442,12515,3791640,,,,,,,,,false,
starexec,NUM639+4.p,e1a,unary-redundancy,TIMEOUT,316,1999.691,162627.477,,,14066,3660827,10970,3637509,,,,,,,,,false,
starexec,NUM639+4.p,e1a,weight-greedy,TIMEOUT,316,1050.455,163965.378,,,30015,5357896,26812,5175382,,,,,,,,,false,
starexec,NUM647+4.p,e1a,age-fair,TIMEOUT,346,2983.006,163026.309,,,12281,3366989,11550,3351298,,,,,,,,,false,
starexec,NUM647+4.p,e1a,balanced,TIMEOUT,346,689.188,164421.846,,,19338,8314331,18072,8276113,,,,,,,,,false,
starexec,NUM647+4.p,e1a,equational,TIMEOUT,346,1057.041,164062.631,,,17168,6937186,16524,6906482,,,,,,,,,false,
starexec,NUM647+4.p,e1a,first-negative,TIMEOUT,346,2127.720,163674.796,,,17862,7487016,15617,7451428,,,,,,,,,false,
starexec,NUM647+4.p,e1a,occurrence,TIMEOUT,346,2843.302,162867.175,,,19321,5198774,16538,5125127,,,,,,,,,false,
starexec,NUM647+4.p,e1a,subsumption-light,TIMEOUT,346,984.795,165719.683,,,15058,4722931,13931,4696421,,,,,,,,,false,
starexec,NUM647+4.p,e1a,unary-redundancy,TIMEOUT,346,1900.975,164040.895,,,15155,3925451,14412,3899551,,,,,,,,,false,
starexec,NUM647+4.p,e1a,weight-greedy,TIMEOUT,346,1051.581,163949.781,,,48992,2337484,43074,2099979,,,,,,,,,false,
starexec,NUM653+4.p,e1a,age-fair,TIMEOUT,393,3287.855,162780.439,,,15292,2554989,14859,2536297,,,,,,,,,false,
starexec,NUM653+4.p,e1a,balanced,TIMEOUT,393,766.102,164317.757,,,24020,7198393,22786,7154885,,,,,,,,,false,
starexec,NUM653+4.p,e1a,equational,TIMEOUT,393,1682.889,162749.972,,,19068,4384548,16372,4350420,,,,,,,,,false,
starexec,NUM653+4.p,e1a,first-negative,TIMEOUT,393,2164.050,163686.581,,,19960,6876681,17143,6837119,,,,,,,,,false,
starexec,NUM653+4.p,e1a,occurrence,TIMEOUT,393,3079.564,162831.553,,,23495,4679607,16591,4566180,,,,,,,,,false,
starexec,NUM653+4.p,e1a,subsumption-light,TIMEOUT,393,1098.668,164030.924,,,18049,4025052,16954,3994826,,,,,,,,,false,
starexec,NUM653+4.p,e1a,unary-redundancy,TIMEOUT,393,3291.574,162937.858,,,15240,2698241,13948,2671839,,,,,,,,,false,
starexec,NUM653+4.p,e1a,weight-greedy,TIMEOUT,393,1114.691,163918.569,,,51791,1794597,45664,1540061,,,,,,,,,false,
starexec,NUM656+4.p,e1a,age-fair,TIMEOUT,402,3099.231,162836.914,,,14417,3706375,14033,3688830,,,,,,,,,false,
starexec,NUM656+4.p,e1a,equational,TIMEOUT,402,1120.120,163966.001,,,21232,7608858,18778,7568810,,,,,,,,,false,
starexec,NUM656+4.p,e1a,first-negative,TIMEOUT,402,2209.172,163857.999,,,17603,7561545,17287,7525005,,,,,,,,,false,
starexec,NUM656+4.p,e1a,subsumption-light,TIMEOUT,402,1150.087,164637.001,,,17868,5502846,17044,5468888,,,,,,,,,false,
starexec,NUM656+4.p,e1a,unary-redundancy,HARD_TIMEOUT,402,0.000,,,,,,,,,,,,,,,,false,
starexec,NUM656+4.p,e1a,weight-greedy,TIMEOUT,402,1102.041,163965.886,,,48620,1127038,42248,963218,,,,,,,,,false,
starexec,NUM657+4.p,e1a,age-fair,TIMEOUT,405,3183.872,162790.242,,,14706,4151810,14433,4134126,,,,,,,,,false,
starexec,NUM657+4.p,e1a,balanced,TIMEOUT,405,752.973,164363.552,,,21999,8256079,20306,8210551,,,,,,,,,false,
starexec,NUM657+4.p,e1a,equational,TIMEOUT,405,1766.480,162709.551,,,17652,5092559,16302,5058711,,,,,,,,,false,
starexec,NUM657+4.p,e1a,first-negative,TIMEOUT,405,2193.298,163758.420,,,16292,5650003,15922,5616239,,,,,,,,,false,
starexec,NUM657+4.p,e1a,occurrence,TIMEOUT,405,3223.011,162884.518,,,20307,4494473,18012,4435142,,,,,,,,,false,
starexec,NUM657+4.p,e1a,subsumption-light,TIMEOUT,405,1120.916,164278.849,,,17798,5150236,16852,5116040,,,,,,,,,false,
starexec,NUM657+4.p,e1a,unary-redundancy,TIMEOUT,405,3163.332,162970.334,,,15577,3603075,12738,3575367,,,,,,,,,false,
starexec,NUM657+4.p,e1a,weight-greedy,TIMEOUT,405,1097.618,164018.274,,,51785,1634785,44471,1458439,,,,,,,,,false,
starexec,NUM658+4.p,e1a,age-fair,TIMEOUT,408,3242.675,162737.418,,,14545,4498531,14227,4479860,,,,,,,,,false,
starexec,NUM658+4.p,e1a,balanced,TIMEOUT,408,785.734,164326.754,,,18941,11029294,18280,10991816,,,,,,,,,false,
starexec,NUM658+4.p,e1a,equational,TIMEOUT,408,1799.395,162737.502,,,14477,6568317,14188,6540753,,,,,,,,,false,
starexec,NUM658+4.p,e1a,first-negative,TIMEOUT,408,2237.283,163729.816,,,16597,6387198,15963,6352014,,,,,,,,,false,
starexec,NUM658+4.p,e1a,occurrence,TIMEOUT,408,3097.381,162690.132,,,21337,4832941,17942,4735949,,,,,,,,,false,
starexec,NUM658+4.p,e1a,subsumption-light,TIMEOUT,408,1734.033,163745.366,,,13120,4899850,12743,4876122,,,,,,,,,false,
starexec,NUM658+4.p,e1a,unary-redundancy,TIMEOUT,408,3118.240,163083.002,,,14999,3310257,14411,3280247,,,,,,,,,false,
starexec,NUM658+4.p,e1a,weight-greedy,TIMEOUT,408,1209.638,163970.966,,,51334,1251581,46040,1068308,,,,,,,,,false,
starexec,NUM663+4.p,e1a,age-fair,TIMEOUT,419,3286.254,162660.658,,,12940,3754503,12241,3739176,,,,,,,,,false,
starexec,NUM663+4.p,e1a,balanced,TIMEOUT,419,790.128,164432.359,,,21606,8377118,21081,8341832,,,,,,,,,false,
starexec,NUM663+4.p,e1a,equational,TIMEOUT,419,1104.447,164038.421,,,20416,7577421,17889,7539945,,,,,,,,,false,
starexec,NUM663+4.p,e1a,first-negative,TIMEOUT,419,2158.556,163864.584,,,19944,7415661,19342,7374765,,,,,,,,,false,
starexec,NUM663+4.p,e1a,occurrence,TIMEOUT,419,3228.800,162933.374,,,21675,5004782,14038,4923003,,,,,,,,,false,
starexec,NUM663+4.p,e1a,subsumption-light,TIMEOUT,419,1140.182,164008.981,,,19215,5618946,18489,5588070,,,,,,,,,false,
starexec,NUM663+4.p,e1a,unary-redundancy,TIMEOUT,419,2039.382,164084.447,,,19216,5181394,17218,5148812,,,,,,,,,false,
starexec,NUM663+4.p,e1a,weight-greedy,TIMEOUT,419,1099.697,163980.733,,,50629,2049691,42222,1764973,,,,,,,,,false,
starexec,NUM664+4.p,e1a,age-fair,KILLED,,0.000,,,,,,,,,,,,,,,,false,killed before finishing
starexec,NUM664+4.p,e1a,balanced,HARD_TIMEOUT,423,0.000,,,,,,,,,,,,,,,,false,
starexec,NUM664+4.p,e1a,equational,TIMEOUT,423,1941.302,162724.580,,,17326,5029283,15664,4999963,,,,,,,,,false,
starexec,NUM664+4.p,e1a,first-negative,HARD_TIMEOUT,423,0.000,,,,,,,,,,,,,,,,false,
starexec,NUM664+4.p,e1a,occurrence,HARD_TIMEOUT,423,0.000,,,,,,,,,,,,,,,,false,
starexec,NUM664+4.p,e1a,subsumption-light,TIMEOUT,423,1841.073,163060.622,,,14390,3734870,13449,3709724,,,,,,,,,false,
starexec,NUM664+4.p,e1a,unary-redundancy,TIMEOUT,423,3381.975,162827.445,,,13688,3628634,13187,3605848,,,,,,,,,false,
starexec,NUM664+4.p,e1a,weight-greedy,TIMEOUT,423,1841.683,162818.936,,,39638,1042078,34122,877808,,,,,,,,,false,
starexec,NUM669+4.p,e1a,age-fair,TIMEOUT,443,2069.872,164063.184,,,15667,4083471,15387,4064780,,,,,,,,,false,
starexec,NUM669+4.p,e1a,balanced,TIMEOUT,443,559.779,164921.285,,,20253,7724826,18948,7685012,,,,,,,,,false,
starexec,NUM669+4.p,e1a,equational,TIMEOUT,443,1205.517,163970.468,,,18232,6058688,15256,6029892,,,,,,,,,false,
starexec,NUM669+4.p,e1a,first-negative,TIMEOUT,443,2297.725,162218.616,,,13427,4219540,12567,4191334,,,,,,,,,false,
starexec,NUM669+4.p,e1a,occurrence,TIMEOUT,443,2150.984,163939.187,,,17402,5187675,15349,5127983,,,,,,,,,false,
starexec,NUM669+4.p,e1a,subsumption-light,TIMEOUT,443,1145.082,164133.870,,,13859,3661355,12963,3637572,,,,,,,,,false,
starexec,NUM669+4.p,e1a,unary-redundancy,TIMEOUT,443,2106.690,164028.419,,,17462,3327179,15909,3298991,,,,,,,,,false,
starexec,NUM669+4.p,e1a,weight-greedy,TIMEOUT,443,1085.098,163923.135,,,42763,799829,35694,668766,,,,,,,,,false,
starexec,NUM671+4.p,e1a,age-fair,TIMEOUT,453,3296.233,162954.711,,,13826,4009537,12481,3991671,,,,,,,,,false,
starexec,NUM671+4.p,e1a,balanced,TIMEOUT,453,763.374,164391.652,,,23596,8817853,21756,8776011,,,,,,,,,false,
starexec,NUM671+4.p,e1a,equational,TIMEOUT,453,1161.876,164016.197,,,18954,5972615,17723,5937621,,,,,,,,,false,
starexec,NUM671+4.p,e1a,first-negative,TIMEOUT,453,2245.181,163524.934,,,16662,5012943,15851,4977765,,,,,,,,,false,
starexec,NUM671+4.p,e1a,occurrence,TIMEOUT,453,3149.759,162845.157,,,20012,4379949,18530,4290567,,,,,,,,,false,
starexec,NUM671+4.p,e1a,subsumption-light,TIMEOUT,453,1108.455,164084.461,,,16487,4505504,15283,4477652,,,,,,,,,false,
starexec,NUM671+4.p,e1a,unary-redundancy,TIMEOUT,453,3260.871,162991.092,,,18587,3521033,15187,3486387,,,,,,,,,false,
starexec,NUM671+4.p,e1a,weight-greedy,TIMEOUT,453,1224.617,163923.223,,,43305,899890,35801,735190,,,,,,,,,false,
starexec,NUM689+4.p,e1a,age-fair,TIMEOUT,554,3393.176,162051.754,,,14114,3940301,13947,3923529,,,,,,,,,false,
starexec,NUM689+4.p,e1a,balanced,TIMEOUT,554,913.413,164119.584,,,24965,8137652,22934,8095214,,,,,,,,,false,
starexec,NUM689+4.p,e1a,equational,SATURATED,554,909.315,515.371,,,7,7,7,7,,,,,,,,,false,
starexec,NUM689+4.p,e1a,first-negative,SATURATED,554,1106.460,485.101,,,3,3,3,3,,,,,,,,,false,
starexec,NUM689+4.p,e1a,occurrence,TIMEOUT,554,3419.739,162068.257,,,22950,5160603,17707,5055061,,,,,,,,,false,
starexec,NUM689+4.p,e1a,subsumption-light,SATURATED,554,956.290,546.917,,,7,7,7,7,,,,,,,,,false,
starexec,NUM689+4.p,e1a,unary-redundancy,SATURATED,554,1166.248,594.320,,,11,11,11,11,,,,,,,,,false,
starexec,NUM689+4.p,e1a,weight-greedy,SATURATED,554,917.740,421.987,,,5,5,5,5,,,,,,,,,false,
starexec,NUM690+4.p,e1a,age-fair,TIMEOUT,559,3097.818,162421.604,,,14246,3205686,14068,3187438,,,,,,,,,false,
starexec,NUM690+4.p,e1a,balanced,TIMEOUT,559,609.857,164990.033,,,31299,9457818,28872,9390402,,,,,,,,,false,
starexec,NUM690+4.p,e1a,equational,SATURATED,559,620.450,328.578,,,7,7,7,7,,,,,,,,,false,
starexec,NUM690+4.p,e1a,first-negative,SATURATED,559,1023.488,401.503,,,3,3,3,3,,,,,,,,,false,
starexec,NUM690+4.p,e1a,occurrence,HARD_TIMEOUT,559,0.000,,,,,,,,,,,,,,,,false,
starexec,NUM690+4.p,e1a,subsumption-light,SATURATED,559,906.717,446.916,,,7,7,7,7,,,,,,,,,false,
starexec,NUM690+4.p,e1a,unary-redundancy,SATURATED,559,1159.247,633.344,,,11,11,11,11,,,,,,,,,false,
starexec,NUM690+4.p,e1a,weight-greedy,SATURATED,559,894.025,526.435,,,5,5,5,5,,,,,,,,,false,
starexec,NUM691+4.p,e1a,age-fair,TIMEOUT,564,3321.373,162498.986,,,13310,4526989,12672,4509696,,,,,,,,,false,
starexec,NUM691+4.p,e1a,balanced,TIMEOUT,564,852.451,164926.604,,,24564,9757213,23476,9712124,,,,,,,,,false,
starexec,NUM691+4.p,e1a,equational,SATURATED,564,600.474,306.738,,,7,7,7,7,,,,,,,,,false,
starexec,NUM691+4.p,e1a,first-negative,SATURATED,564,761.573,273.654,,,3,3,3,3,,,,,,,,,false,
starexec,NUM691+4.p,e1a,occurrence,KILLED,,0.000,,,,,,,,,,,,,,,,false,killed before finishing
starexec,NUM691+4.p,e1a,subsumption-light,SATURATED,564,567.615,339.952,,,7,7,7,7,,,,,,,,,false,
starexec,NUM691+4.p,e1a,unary-redundancy,SATURATED,564,1109.601,594.572,,,11,11,11,11,,,,,,,,,false,
starexec,NUM691+4.p,e1a,weight-greedy,SATURATED,564,533.496,357.361,,,5,5,5,5,,,,,,,,,false,
starexec,NUM694+4.p,e1a,age-fair,TIMEOUT,572,3270.615,162134.535,,,13477,5037340,12975,5020127,,,,,,,,,false,
starexec,NUM694+4.p,e1a,balanced,TIMEOUT,572,951.024,164109.544,,,24804,7144422,23921,7099932,,,,,,,,,false,
starexec,NUM694+4.p,e1a,equational,TIMEOUT,572,1244.754,161636.005,,,9213,5420824,8603,5399296,,,,,,,,,false,
starexec,NUM694+4.p,e1a,first-negative,SATURATED,572,958.790,556.268,,,3,3,3,3,,,,,,,,,false,
starexec,NUM694+4.p,e1a,occurrence,TIMEOUT,572,3085.706,161890.516,,,17724,4754429,14517,4681837,,,,,,,,,false,
starexec,NUM694+4.p,e1a,subsumption-light,TIMEOUT,572,1055.378,162277.573,,,2734,3877169,2611,3866935,,,,,,,,,false,
starexec,NUM694+4.p,e1a,unary-redundancy,TIMEOUT,572,1692.206,161888.578,,,7817,4141996,7422,4124930,,,,,,,,,false,
starexec,NUM694+4.p,e1a,weight-greedy,SATURATED,572,983.332,690.807,,,17,20,17,13,,,,,,,,,false,
starexec,NUM695+4.p,e1a,age-fair,HARD_TIMEOUT,574,0.000,,,,,,,,,,,,,,,,false,
starexec,NUM695+4.p,e1a,balanced,HARD_TIMEOUT,574,0.000,,,,,,,,,,,,,,,,false,
starexec,NUM695+4.p,e1a,equational,TIMEOUT,574,1135.471,161299.203,,,12343,4434871,11007,4394135,,,,,,,,,false,
starexec,NUM695+4.p,e1a,first-negative,SATURATED,574,1174.450,349.519,,,3,3,3,3,,,,,,,,,false,
starexec,NUM695+4.p,e1a,occurrence,TIMEOUT,574,3177.176,162249.456,,,16738,4825567,15489,4744840,,,,,,,,,false,
starexec,NUM695+4.p,e1a,subsumption-light,TIMEOUT,574,1083.927,161224.334,,,7987,393900,6635,365096,,,,,,,,,false,
starexec,NUM695+4.p,e1a,unary-redundancy,TIMEOUT,574,1688.643,161785.405,,,7785,3700735,7527,3683579,,,,,,,,,false,
starexec,NUM695+4.p,e1a,weight-greedy,SATURATED,574,906.772,463.243,,,11,11,11,7,,,,,,,,,false,
starexec,NUM698+4.p,e1a,age-fair,HARD_TIMEOUT,585,0.000,,,,,,,,,,,,,,,,false,
starexec,NUM698+4.p,e1a,balanced,TIMEOUT,585,954.525,164230.439,,,26147,8195338,23333,8141084,,,,,,,,,false,
starexec,NUM698+4.p,e1a,equational,SATURATED,585,599.730,472.948,,,12,12,12,12,,,,,,,,,false,
starexec,NUM698+4.p,e1a,first-negative,SATURATED,585,730.190,291.669,,,3,3,3,3,,,,,,,,,false,
starexec,NUM698+4.p,e1a,occurrence,TIMEOUT,585,3142.305,162112.816,,,18679,4537731,16584,4442849,,,,,,,,,false,
starexec,NUM698+4.p,e1a,subsumption-light,SATURATED,585,569.550,517.672,,,10,10,10,10,,,,,,,,,false,
starexec,NUM698+4.p,e1a,unary-redundancy,TIMEOUT,585,1759.143,161583.549,,,7979,3622051,7468,3603741,,,,,,,,,false,
starexec,NUM698+4.p,e1a,weight-greedy,SATURATED,585,580.360,346.998,,,6,6,6,6,,,,,,,,,false,
starexec,NUM707+4.p,e1a,age-fair,TIMEOUT,634,3381.203,162138.616,,,11824,4014127,11606,3999784,,,,,,,,,false,
starexec,NUM707+4.p,e1a,balanced,TIMEOUT,634,962.616,166656.316,,,25706,8098552,25211,8059231,,,,,,,,,false,
starexec,NUM707+4.p,e1a,equational,SATURATED,634,928.006,642.498,,,15,15,15,10,,,,,,,,,false,
starexec,NUM707+4.p,e1a,first-negative,SATURATED,634,1102.882,383.137,,,3,3,3,3,,,,,,,,,false,
starexec,NUM707+4.p,e1a,occurrence,TIMEOUT,634,2981.088,162022.186,,,14036,4864343,13111,4816091,,,,,,,,,false,
starexec,NUM707+4.p,e1a,subsumption-light,SATURATED,634,950.366,570.119,,,6,6,6,6,,,,,,,,,false,
starexec,NUM707+4.p,e1a,unary-redundancy,TIMEOUT,634,1260.537,161451.469,,,2279,3189570,2153,3180478,,,,,,,,,false,
starexec,NUM707+4.p,e1a,weight-greedy,SATURATED,634,936.811,428.490,,,5,5,5,5,,,,,,,,,false,
starexec,NUM709+4.p,e1a,age-fair,TIMEOUT,639,3371.783,162050.321,,,13017,3009761,12825,2993407,,,,,,,,,false,
starexec,NUM709+4.p,e1a,balanced,TIMEOUT,639,938.375,166678.589,,,27003,8804224,25647,8750532,,,,,,,,,false,
starexec,NUM709+4.p,e1a,equational,SATURATED,639,632.099,415.968,,,15,15,15,10,,,,,,,,,false,
starexec,NUM709+4.p,e1a,first-negative,SATURATED,639,724.090,344.180,,,3,3,3,3,,,,,,,,,false,
starexec,NUM709+4.p,e1a,occurrence,TIMEOUT,639,3083.262,161920.114,,,14928,4941967,12900,4880020,,,,,,,,,false,
starexec,NUM709+4.p,e1a,subsumption-light,SATURATED,639,593.390,397.435,,,6,6,6,6,,,,,,,,,false,
starexec,NUM709+4.p,e1a,unary-redundancy,TIMEOUT,639,1319.113,161422.230,,,3760,3036087,3349,3023607,,,,,,,,,false,
starexec,NUM709+4.p,e1a,weight-greedy,SATURATED,639,616.718,312.685,,,5,5,5,5,,,,,,,,,false,
starexec,NUM743+4.p,e1a,age-fair,HARD_TIMEOUT,907,0.000,,,,,,,,,,,,,,,,false,
starexec,NUM743+4.p,e1a,balanced,TIMEOUT,907,1189.468,163862.536,,,30115,6420586,29929,6373694,,,,,,,,,false,
starexec,NUM743+4.p,e1a,equational,SATURATED,907,1013.777,495.115,,,9,9,9,9,,,,,,,,,false,
starexec,NUM743+4.p,e1a,first-negative,SATURATED,907,1309.820,430.018,,,3,3,3,3,,,,,,,,,false,
starexec,NUM743+4.p,e1a,occurrence,TIMEOUT,907,3694.363,161490.842,,,17077,4776544,16040,4711017,,,,,,,,,false,
starexec,NUM743+4.p,e1a,subsumption-light,SATURATED,907,1036.911,650.530,,,9,9,9,9,,,,,,,,,false,
starexec,NUM743+4.p,e1a,unary-redundancy,TIMEOUT,907,2779.677,161211.935,,,11565,3575815,10146,3550328,,,,,,,,,false,
starexec,NUM743+4.p,e1a,weight-greedy,SATURATED,907,991.350,462.335,,,5,5,5,5,,,,,,,,,false,
starexec,NUM747+4.p,e1a,age-fair,HARD_TIMEOUT,943,0.000,,,,,,,,,,,,,,,,false,
starexec,NUM747+4.p,e1a,balanced,TIMEOUT,943,1183.743,164098.955,,,28036,6912496,25240,6858318,,,,,,,,,false,
starexec,NUM747+4.p,e1a,equational,SATURATED,943,1063.398,592.874,,,7,7,7,7,,,,,,,,,false,
starexec,NUM747+4.p,e1a,first-negative,SATURATED,943,1217.454,540.133,,,3,3,3,3,,,,,,,,,false,
starexec,NUM747+4.p,e1a,occurrence,HARD_TIMEOUT,943,0.000,,,,,,,,,,,,,,,,false,
starexec,NUM747+4.p,e1a,subsumption-light,SATURATED,943,1030.750,632.070,,,7,7,7,7,,,,,,,,,false,
starexec,NUM747+4.p,e1a,unary-redundancy,TIMEOUT,943,2350.112,161173.783,,,8362,4044416,7763,4027596,,,,,,,,,false,
starexec,NUM747+4.p,e1a,weight-greedy,SATURATED,943,1099.313,495.625,,,5,5,5,5,,,,,,,,,false,
starexec,NUM750+4.p,e1a,age-fair,HARD_TIMEOUT,964,0.000,,,,,,,,,,,,,,,,false,
starexec,NUM750+4.p,e1a,balanced,TIMEOUT,964,1154.123,164651.180,,,34563,10195853,33199,10138162,,,,,,,,,false,
starexec,NUM750+4.p,e1a,equational,SATURATED,964,686.318,414.657,,,8,8,8,8,,,,,,,,,false,
starexec,NUM750+4.p,e1a,first-negative,SATURATED,964,823.951,397.510,,,3,3,3,3,,,,,,,,,false,
starexec,NUM750+4.p,e1a,occurrence,TIMEOUT,964,3421.568,161397.679,,,21763,6562645,19751,6472582,,,,,,,,,false,
starexec,NUM750+4.p,e1a,subsumption-light,SATURATED,964,697.574,399.613,,,8,8,8,8,,,,,,,,,false,
starexec,NUM750+4.p,e1a,unary-redundancy,SATURATED,964,1324.544,779.116,,,15,15,15,15,,,,,,,,,false,
starexec,NUM750+4.p,e1a,weight-greedy,SATURATED,964,706.114,388.207,,,5,5,5,5,,,,,,,,,false,
starexec,NUM757+4.p,e1a,age-fair,HARD_TIMEOUT,1012,0.000,,,,,,,,,,,,,,,,false,
starexec,NUM757+4.p,e1a,balanced,TIMEOUT,1012,1105.105,163878.143,,,25114,9157970,24273,9115834,,,,,,,,,false,
starexec,NUM757+4.p,e1a,equational,SATURATED,1012,639.078,413.038,,,8,8,8,8,,,,,,,,,false,
starexec,NUM757+4.p,e1a,first-negative,SATURATED,1012,809.082,370.653,,,3,3,3,3,,,,,,,,,false,
starexec,NUM757+4.p,e1a,occurrence,TIMEOUT,1012,3312.991,161536.891,,,22412,4276546,14407,4210174,,,,,,,,,false,
starexec,NUM757+4.p,e1a,subsumption-light,SATURATED,1012,673.976,441.773,,,8,8,8,8,,,,,,,,,false,
starexec,NUM757+4.p,e1a,unary-redundancy,SATURATED,1012,1288.157,515.328,,,8,8,8,8,,,,,,,,,false,
starexec,NUM757+4.p,e1a,weight-greedy,SATURATED,1012,648.939,311.185,,,5,5,5,5,,,,,,,,,false,
starexec,NUM783+4.p,e1a,age-fair,HARD_TIMEOUT,1257,0.000,,,,,,,,,,,,,,,,false,
starexec,NUM783+4.p,e1a,balanced,TIMEOUT,1257,1252.259,164118.277,,,31151,5073144,30836,5027430,,,,,,,,,false,
starexec,NUM783+4.p,e1a,equational,TIMEOUT,1257,928.090,162352.874,,,10617,3537886,9492,3512974,,,,,,,,,false,
starexec,NUM783+4.p,e1a,first-negative,SATURATED,1257,951.118,359.549,,,5,5,5,5,,,,,,,,,false,
starexec,NUM783+4.p,e1a,occurrence,TIMEOUT,1257,3473.492,161196.729,,,20922,4478326,14725,4398824,,,,,,,,,false,
starexec,NUM783+4.p,e1a,subsumption-light,TIMEOUT,1257,839.875,162332.240,,,14814,409401,12885,368731,,,,,,,,,false,
starexec,NUM783+4.p,e1a,unary-redundancy,TIMEOUT,1257,3083.208,160745.365,,,12470,3500776,11727,3475246,,,,,,,,,false,
starexec,NUM783+4.p,e1a,weight-greedy,SATURATED,1257,741.868,526.966,,,14,15,14,12,,,,,,,,,false,
starexec,NUM785+4.p,e1a,age-fair,TIMEOUT,1274,2465.792,162964.952,,,15187,4921571,14935,4903949,,,,,,,,,false,
starexec,NUM785+4.p,e1a,balanced,TIMEOUT,1274,861.737,164709.032,,,31151,5659389,30652,5599155,,,,,,,,,false,
starexec,NUM785+4.p,e1a,equational,TIMEOUT,1274,880.889,162491.723,,,10637,3257296,9379,3230827,,,,,,,,,false,
starexec,NUM785+4.p,e1a,first-negative,SATURATED,1274,1348.476,522.006,,,3,3,3,3,,,,,,,,,false,
starexec,NUM785+4.p,e1a,occurrence,TIMEOUT,1274,2256.440,162879.621,,,17677,5584630,14332,5513838,,,,,,,,,false,
starexec,NUM785+4.p,e1a,subsumption-light,SATURATED,1274,722.054,416.982,,,8,8,8,8,,,,,,,,,false,
starexec,NUM785+4.p,e1a,unary-redundancy,TIMEOUT,1274,1195.618,165079.436,,,4494,4113017,4392,4100855,,,,,,,,,false,
starexec,NUM785+4.p,e1a,weight-greedy,SATURATED,1274,731.273,354.461,,,6,6,6,6,,,,,,,,,false,
starexec,NUM786+4.p,e1a,age-fair,TIMEOUT,1277,2404.610,161299.792,,,15250,3999193,14722,3978828,,,,,,,,,false,
starexec,NUM786+4.p,e1a,balanced,TIMEOUT,1277,798.880,164645.752,,,34067,5091415,33255,5041153,,,,,,,,,false,
starexec,NUM786+4.p,e1a,equational,TIMEOUT,1277,906.718,162974.108,,,13492,4783963,12786,4753149,,,,,,,,,false,
starexec,NUM786+4.p,e1a,first-negative,SATURATED,1277,891.494,329.868,,,3,3,3,3,,,,,,,,,false,
starexec,NUM786+4.p,e1a,occurrence,TIMEOUT,1277,2110.393,163073.740,,,22227,5131914,15967,5048207,,,,,,,,,false,
starexec,NUM786+4.p,e1a,subsumption-light,SATURATED,1277,755.965,458.058,,,12,12,12,11,,,,,,,,,false,
starexec,NUM786+4.p,e1a,unary-redundancy,TIMEOUT,1277,1211.068,162627.034,,,5793,3170834,4940,3157212,,,,,,,,,false,
starexec,NUM786+4.p,e1a,weight-greedy,SATURATED,1277,714.514,316.094,,,6,6,6,6,,,,,,,,,false,
starexec,NUM787+4.p,e1a,balanced,TIMEOUT,1280,1217.868,163951.117,,,31873,6326442,30298,6263582,,,,,,,,,false,
starexec,NUM787+4.p,e1a,equational,SATURATED,1280,1151.772,558.895,,,17,17,17,16,,,,,,,,,false,
starexec,NUM787+4.p,e1a,first-negative,SATURATED,1280,922.017,291.670,,,3,3,3,3,,,,,,,,,false,
starexec,NUM787+4.p,e1a,occurrence,TIMEOUT,1280,3621.371,160885.230,,,16833,5235562,14504,5173595,,,,,,,,,false,
starexec,NUM787+4.p,e1a,subsumption-light,SATURATED,1280,769.083,490.303,,,12,12,12,11,,,,,,,,,false,
starexec,NUM787+4.p,e1a,unary-redundancy,TIMEOUT,1280,1878.858,160791.893,,,4949,2165732,4522,2154022,,,,,,,,,false,
starexec,NUM787+4.p,e1a,weight-greedy,SATURATED,1280,757.175,320.579,,,6,6,6,6,,,,,,,,,false,
starexec,NUM789+4.p,e1a,age-fair,TIMEOUT,1286,2390.757,162954.958,,,16586,6276367,16296,6256630,,,,,,,,,false,
starexec,NUM789+4.p,e1a,balanced,TIMEOUT,1286,844.091,164692.103,,,37452,10458740,35599,10388970,,,,,,,,,false,
starexec,NUM789+4.p,e1a,equational,SATURATED,1286,768.711,469.537,,,18,18,18,17,,,,,,,,,false,
starexec,NUM789+4.p,e1a,first-negative,SATURATED,1286,1241.973,460.906,,,3,3,3,3,,,,,,,,,false,
starexec,NUM789+4.p,e1a,occurrence,TIMEOUT,1286,2123.254,162844.259,,,21733,7179151,15426,7101530,,,,,,,,,false,
starexec,NUM789+4.p,e1a,subsumption-light,SATURATED,1286,755.234,425.551,,,15,15,15,14,,,,,,,,,false,
starexec,NUM789+4.p,e1a,unary-redundancy,TIMEOUT,1286,1257.173,162521.730,,,6665,6243142,6496,6225684,,,,,,,,,false,
starexec,NUM789+4.p,e1a,weight-greedy,SATURATED,1286,714.857,385.835,,,6,6,6,6,,,,,,,,,false,
starexec,NUM795+4.p,e1a,age-fair,TIMEOUT,1411,2468.766,161616.838,,,13931,3851365,13804,3834390,,,,,,,,,false,
starexec,NUM795+4.p,e1a,balanced,TIMEOUT,1411,878.376,164664.254,,,29654,8011732,28891,7966747,,,,,,,,,false,
starexec,NUM795+4.p,e1a,equational,SATURATED,1411,751.794,368.113,,,7,7,7,7,,,,,,,,,false,
starexec,NUM795+4.p,e1a,first-negative,SATURATED,1411,934.322,359.243,,,3,3,3,3,,,,,,,,,false,
starexec,NUM795+4.p,e1a,occurrence,TIMEOUT,1411,2203.752,162835.833,,,16198,4660488,15174,4614221,,,,,,,,,false,
starexec,NUM795+4.p,e1a,subsumption-light,SATURATED,1411,759.956,441.797,,,7,7,7,7,,,,,,,,,false,
starexec,NUM795+4.p,e1a,unary-redundancy,TIMEOUT,1411,1243.373,162394.916,,,5782,6426552,5635,6411492,,,,,,,,,false,
starexec,NUM795+4.p,e1a,weight-greedy,SATURATED,1411,742.152,417.901,,,5,5,5,5,,,,,,,,,false,
starexec,NUM796+4.p,e1a,age-fair,HARD_TIMEOUT,1416,0.000,,,,,,,,,,,,,,,,false,
starexec,NUM796+4.p,e1a,balanced,TIMEOUT,1416,1333.277,163889.539,,,31832,6108618,31432,6056402,,,,,,,,,false,
starexec,NUM796+4.p,e1a,equational,SATURATED,1416,1127.775,626.507,,,7,7,7,7,,,,,,,,,false,
starexec,NUM796+4.p,e1a,first-negative,SATURATED,1416,1364.862,565.134,,,3,3,3,3,,,,,,,,,false,
starexec,NUM796+4.p,e1a,occurrence,HARD_TIMEOUT,1416,0.000,,,,,,,,,,,,,,,,false,
starexec,NUM796+4.p,e1a,subsumption-light,SATURATED,1416,1222.084,599.939,,,7,7,7,7,,,,,,,,,false,
starexec,NUM796+4.p,e1a,unary-redundancy,TIMEOUT,1416,1961.628,160179.770,,,4806,3085592,4544,3074324,,,,,,,,,false,
starexec,NUM796+4.p,e1a,weight-greedy,SATURATED,1416,1152.445,598.680,,,5,5,5,5,,,,,,,,,false,
starexec,NUM835+1.p,e1a,age-fair,REFUTED,38,441.178,1440.004,,,197,5345,178,4936,49,,,,,,,,false,
starexec,NUM835+1.p,e1a,balanced,REFUTED,38,236.103,1937.523,,,327,11144,316,10168,49,,,,,,,,false,
starexec,NUM835+1.p,e1a,equational,REFUTED,38,267.838,2838.649,,,434,25528,418,24386,49,,,,,,,,false,
starexec,NUM835+1.p,e1a,first-negative,TIMEOUT,38,494.672,164764.442,,,5713,10358783,5323,10292051,,,,,,,,,false,
starexec,NUM835+1.p,e1a,occurrence,REFUTED,38,453.857,1560.357,,,180,4882,175,4042,49,,,,,,,,false,
starexec,NUM835+1.p,e1a,subsumption-light,REFUTED,38,262.324,2229.073,,,325,11036,312,10060,49,,,,,,,,false,
starexec,NUM835+1.p,e1a,unary-redundancy,REFUTED,38,454.741,2038.013,,,227,7960,220,7211,49,,,,,,,,false,
starexec,NUM835+1.p,e1a,weight-greedy,REFUTED,38,268.764,1467.485,,,262,2509,227,1021,49,,,,,,,,false,
starexec,NUM840+1.p,e1a,age-fair,REFUTED,38,859.699,12056.832,,,1077,165743,992,163728,47,,,,,,,,false,
starexec,NUM840+1.p,e1a,balanced,REFUTED,38,214.335,7724.741,,,1654,191175,1630,187146,47,,,,,,,,false,
starexec,NUM840+1.p,e1a,equational,REFUTED,38,478.461,25180.895,,,2322,673576,2310,667203,47,,,,,,,,false,
starexec,NUM840+1.p,e1a,first-negative,TIMEOUT,38,993.923,163576.782,,,4992,5549039,4560,5518351,,,,,,,,,false,
starexec,NUM840+1.p,e1a,occurrence,REFUTED,38,840.101,4712.734,,,744,21600,711,19278,47,,,,,,,,false,
starexec,NUM840+1.p,e1a,subsumption-light,REFUTED,38,463.020,6585.306,,,655,41203,631,39536,47,,,,,,,,false,
starexec,NUM840+1.p,e1a,unary-redundancy,TIMEOUT,38,863.903,163955.792,,,4528,3863602,4135,3849873,,,,,,,,,false,
starexec,NUM840+1.p,e1a,weight-greedy,REFUTED,38,478.355,2532.657,,,349,4733,341,3008,47,,,,,,,,false,
starexec,NUM853+2.p,e1a,age-fair,REFUTED,36,771.597,13901.009,,,1668,192181,1570,189586,41,,,,,,,,false,
starexec,NUM853+2.p,e1a,balanced,REFUTED,36,226.488,3250.576,,,765,33953,741,32471,41,,,,,,,,false,
starexec,NUM853+2.p,e1a,equational,REFUTED,36,459.243,8848.541,,,911,67054,894,65322,41,,,,,,,,false,
starexec,NUM853+2.p,e1a,first-negative,TIMEOUT,36,804.876,163671.125,,,7679,9334388,7277,9308240,,,,,,,,,false,
starexec,NUM853+2.p,e1a,occurrence,REFUTED,36,763.994,4738.178,,,668,21274,664,19331,41,,,,,,,,false,
starexec,NUM853+2.p,e1a,subsumption-light,REFUTED,36,443.444,6610.971,,,675,29373,633,27887,41,,,,,,,,false,
starexec,NUM853+2.p,e1a,unary-redundancy,REFUTED,36,766.193,7135.213,,,701,36673,668,35221,41,,,,,,,,false,
starexec,NUM853+2.p,e1a,weight-greedy,REFUTED,36,452.520,2999.138,,,454,8806,441,6592,41,,,,,,,,false,
starexec,NUM859+1.p,e1a,age-fair,TIMEOUT,13,701.664,164468.133,,,9588,7203981,9455,7188082,,,,,,,,,false,
starexec,NUM859+1.p,e1a,balanced,TIMEOUT,13,132.911,165355.453,,,20591,16418362,19259,16360102,,,,,,,,,false,
starexec,NUM859+1.p,e1a,equational,TIMEOUT,13,387.898,164249.424,,,12140,8321917,10827,8288736,,,,,,,,,false,
starexec,NUM859+1.p,e1a,first-negative,TIMEOUT,13,728.597,163939.231,,,17376,10841744,16761,10787130,,,,,,,,,false,
starexec,NUM859+1.p,e1a,occurrence,TIMEOUT,13,446.818,164779.944,,,15191,10689802,14058,10602802,,,,,,,,,false,
starexec,NUM859+1.p,e1a,subsumption-light,TIMEOUT,13,374.944,164211.215,,,8500,4010792,8418,3989719,,,,,,,,,false,
starexec,NUM859+1.p,e1a,unary-redundancy,TIMEOUT,13,666.926,164197.315,,,8341,3881353,7094,3857413,,,,,,,,,false,
starexec,NUM859+1.p,e1a,weight-greedy,TIMEOUT,13,258.246,164850.268,,,16229,10256530,13675,9956376,,,,,,,,,false,
starexec,NUM860+1.p,e1a,age-fair,TIMEOUT,13,700.726,164149.898,,,11932,11542819,11721,11524660,,,,,,,,,false,
starexec,NUM860+1.p,e1a,balanced,TIMEOUT,13,133.639,165577.331,,,16815,23388255,15903,23346603,,,,,,,,,false,
starexec,NUM860+1.p,e1a,equational,TIMEOUT,13,437.205,164240.532,,,13052,14448277,11508,14415159,,,,,,,,,false,
starexec,NUM860+1.p,e1a,first-negative,TIMEOUT,13,778.403,163752.602,,,15015,8436430,13003,8401384,,,,,,,,,false,
starexec,NUM860+1.p,e1a,occurrence,TIMEOUT,13,724.551,164208.719,,,15433,13991823,14919,13905511,,,,,,,,,false,
starexec,NUM860+1.p,e1a,subsumption-light,TIMEOUT,13,404.626,164346.310,,,10832,7387490,10439,7358830,,,,,,,,,false,
starexec,NUM860+1.p,e1a,unary-redundancy,TIMEOUT,13,729.536,164324.941,,,9620,6708842,9233,6685374,,,,,,,,,false,
starexec,NUM860+1.p,e1a,weight-greedy,REFUTED,13,256.331,147404.489,,,29339,10418099,19054,10137560,30,,,,,,,,false,
starexec,NUN054+1.p,e1a,age-fair,REFUTED,18,840.403,46577.565,,,10226,1504699,9658,1490804,59,,,,,,,,false,
starexec,NUN054+1.p,e1a,balanced,REFUTED,18,229.474,967.816,,,397,2597,386,2071,59,,,,,,,,false,
starexec,NUN054+1.p,e1a,equational,REFUTED,18,504.574,1868.087,,,423,3042,421,2466,59,,,,,,,,false,
starexec,NUN054+1.p,e1a,first-negative,TIMEOUT,18,956.445,163667.106,,,31276,1026203,30148,987315,,,,,,,,,false,
starexec,NUN054+1.p,e1a,occurrence,REFUTED,18,888.908,2767.120,,,698,5867,642,4310,59,,,,,,,,false,
starexec,NUN054+1.p,e1a,subsumption-light,REFUTED,18,494.448,3136.215,,,531,5071,517,4231,59,,,,,,,,false,
starexec,NUN054+1.p,e1a,unary-redundancy,REFUTED,18,860.275,2568.966,,,400,2502,387,1974,59,,,,,,,,false,
starexec,NUN054+1.p,e1a,weight-greedy,REFUTED,18,505.810,17803.043,,,6039,135572,5975,105655,59,,,,,,,,false,
starexec,NUN054+2.p,e1a,age-fair,REFUTED,11,670.003,1918.403,,,192,1763,167,1439,40,,,,,,,,false,
starexec,NUN054+2.p,e1a,balanced,REFUTED,11,222.626,522.450,,,58,94,48,32,40,,,,,,,,false,
starexec,NUN054+2.p,e1a,equational,REFUTED,11,458.263,887.572,,,58,94,48,32,40,,,,,,,,false,
starexec,NUN054+2.p,e1a,first-negative,REFUTED,11,718.900,1354.438,,,147,447,99,213,40,,,,,,,,false,
starexec,NUN054+2.p,e1a,occurrence,REFUTED,11,649.711,812.531,,,47,72,39,32,40,,,,,,,,false,
starexec,NUN054+2.p,e1a,subsumption-light,REFUTED,11,474.455,1050.000,,,73,151,60,59,40,,,,,,,,false,
starexec,NUN054+2.p,e1a,unary-redundancy,REFUTED,11,664.005,928.332,,,57,94,48,32,40,,,,,,,,false,
starexec,NUN054+2.p,e1a,weight-greedy,REFUTED,11,473.076,3642.822,,,454,8967,432,8080,40,,,,,,,,false,
starexec,NUN056+1.p,e1a,age-fair,TIMEOUT,18,888.704,163900.692,,,27322,8169761,24903,8129672,,,,,,,,,false,
starexec,NUN056+1.p,e1a,balanced,TIMEOUT,18,256.711,164946.653,,,40319,10605363,35861,10515095,,,,,,,,,false,
starexec,NUN056+1.p,e1a,equational,TIMEOUT,18,550.681,163968.469,,,29138,5693023,26300,5634005,,,,,,,,,false,
starexec,NUN056+1.p,e1a,first-negative,TIMEOUT,18,1000.637,163569.090,,,24023,1099163,23929,1069497,,,,,,,,,false,
starexec,NUN056+1.p,e1a,occurrence,TIMEOUT,18,856.255,163906.859,,,30750,2080498,29855,1976243,,,,,,,,,false,
starexec,NUN056+1.p,e1a,subsumption-light,TIMEOUT,18,530.444,164097.003,,,9768,1445688,9561,1421634,,,,,,,,,false,
starexec,NUN056+1.p,e1a,unary-redundancy,TIMEOUT,18,910.458,164059.908,,,8781,714993,8317,698753,,,,,,,,,false,
starexec,NUN056+1.p,e1a,weight-greedy,REFUTED,18,522.560,18465.874,,,4929,73469,4771,51422,59,,,,,,,,false,
starexec,NUN057+1.p,e1a,age-fair,TIMEOUT,18,916.790,164043.421,,,20999,5815364,18755,5784931,,,,,,,,,false,
starexec,NUN057+1.p,e1a,balanced,TIMEOUT,18,261.077,164878.828,,,33518,6836317,30402,6768667,,,,,,,,,false,
starexec,NUN057+1.p,e1a,equational,TIMEOUT,18,524.456,163990.244,,,24007,4290159,21196,4243687,,,,,,,,,false,
starexec,NUN057+1.p,e1a,first-negative,TIMEOUT,18,1006.129,163579.812,,,25319,1123076,25227,1092291,,,,,,,,,false,
starexec,NUN057+1.p,e1a,occurrence,TIMEOUT,18,878.310,163957.257,,,30713,2794581,29400,2689328,,,,,,,,,false,
starexec,NUN057+1.p,e1a,subsumption-light,TIMEOUT,18,543.886,164039.541,,,9879,1466838,9637,1442584,,,,,,,,,false,
starexec,NUN057+1.p,e1a,unary-redundancy,TIMEOUT,18,918.421,163993.316,,,8125,530835,7754,516042,,,,,,,,,false,
starexec,NUN057+1.p,e1a,weight-greedy,TIMEOUT,18,493.307,163931.891,,,27385,883955,23263,756236,,,,,,,,,false,
starexec,NUN060+1.p,e1a,age-fair,TIMEOUT,18,921.467,165277.717,,,27689,9152568,25465,9111226,,,,,,,,,false,
starexec,NUN060+1.p,e1a,balanced,REFUTED,18,258.104,451.077,,,47,134,43,84,59,,,,,,,,false,
starexec,NUN060+1.p,e1a,equational,REFUTED,18,504.058,840.317,,,45,124,41,72,59,,,,,,,,false,
starexec,NUN060+1.p,e1a,first-negative,REFUTED,18,936.031,863.637,,,53,208,52,146,59,,,,,,,,false,
starexec,NUN060+1.p,e1a,occurrence,REFUTED,18,870.769,639.574,,,23,59,20,43,59,,,,,,,,false,
starexec,NUN060+1.p,e1a,subsumption-light,REFUTED,18,495.152,1484.023,,,172,1238,167,994,59,,,,,,,,false,
starexec,NUN060+1.p,e1a,unary-redundancy,REFUTED,18,921.066,815.192,,,48,137,44,85,59,,,,,,,,false,
starexec,NUN060+1.p,e1a,weight-greedy,REFUTED,18,511.472,697.248,,,21,56,18,43,59,,,,,,,,false,
starexec,NUN062+1.p,e1a,age-fair,REFUTED,18,885.274,1413.861,,,288,1999,273,1638,60,,,,,,,,false,
starexec,NUN062+1.p,e1a,balanced,REFUTED,18,228.657,505.085,,,79,268,58,163,60,,,,,,,,false,
starexec,NUN062+1.p,e1a,equational,REFUTED,18,505.276,882.908,,,78,257,54,157,60,,,,,,,,false,
starexec,NUN062+1.p,e1a,first-negative,REFUTED,18,643.757,605.757,,,67,281,55,202,60,,,,,,,,false,
starexec,NUN062+1.p,e1a,occurrence,REFUTED,18,871.911,797.425,,,65,190,46,105,60,,,,,,,,false,
starexec,NUN062+1.p,e1a,subsumption-light,REFUTED,18,495.129,978.167,,,79,268,58,163,60,,,,,,,,false,
starexec,NUN062+1.p,e1a,unary-redundancy,REFUTED,18,833.524,898.670,,,79,268,58,163,60,,,,,,,,false,
starexec,NUN062+1.p,e1a,weight-greedy,REFUTED,18,506.767,739.457,,,56,106,40,44,60,,,,,,,,false,
starexec,NUN065+1.p,e1a,age-fair,REFUTED,18,929.299,33370.896,,,8005,1053418,7766,1042752,63,,,,,,,,false,
starexec,NUN065+1.p,e1a,balanced,REFUTED,18,263.710,3225.737,,,2407,121684,2255,115685,63,,,,,,,,false,
starexec,NUN065+1.p,e1a,equational,REFUTED,18,536.492,6207.655,,,2500,129169,2318,122891,63,,,,,,,,false,
starexec,NUN065+1.p,e1a,first-negative,REFUTED,18,1064.962,151449.904,,,13248,16567176,12936,16536108,63,,,,,,,,false,
starexec,NUN065+1.p,e1a,occurrence,REFUTED,18,939.891,4753.165,,,1640,62495,1501,54558,63,,,,,,,,false,
starexec,NUN065+1.p,e1a,subsumption-light,REFUTED,18,505.420,2931.073,,,647,9586,607,8292,63,,,,,,,,false,
starexec,NUN065+1.p,e1a,unary-redundancy,REFUTED,18,920.800,2729.801,,,693,12352,654,10948,63,,,,,,,,false,
starexec,NUN065+1.p,e1a,weight-greedy,REFUTED,18,508.769,3380.842,,,1148,36063,1060,25188,63,,,,,,,,false,
starexec,NUN066+1.p,e1a,age-fair,REFUTED,18,888.725,9339.485,,,2808,97020,2692,93392,64,,,,,,,,false,
starexec,NUN066+1.p,e1a,balanced,REFUTED,18,255.711,2736.041,,,1155,33489,1094,30917,64,,,,,,,,false,
starexec,NUN066+1.p,e1a,equational,REFUTED,18,545.148,9135.811,,,2394,120286,2253,114384,64,,,,,,,,false,
starexec,NUN066+1.p,e1a,first-negative,TIMEOUT,18,999.951,163759.143,,,12953,17318325,12674,17287166,,,,,,,,,false,
starexec,NUN066+1.p,e1a,occurrence,REFUTED,18,943.322,10245.898,,,2570,121922,2364,107174,64,,,,,,,,false,
starexec,NUN066+1.p,e1a,subsumption-light,REFUTED,18,527.213,8066.969,,,1220,40695,1171,37909,64,,,,,,,,false,
starexec,NUN066+1.p,e1a,unary-redundancy,REFUTED,18,885.737,10568.339,,,1757,81078,1664,76749,64,,,,,,,,false,
starexec,NUN066+1.p,e1a,weight-greedy,REFUTED,18,551.439,5248.452,,,1131,35212,1043,24507,64,,,,,,,,false,
starexec,NUN075+1.p,e1a,age-fair,TIMEOUT,18,944.626,163900.827,,,21006,5721612,18761,5691316,,,,,,,,,false,
starexec,NUN075+1.p,e1a,balanced,REFUTED,18,265.178,6575.543,,,3071,147194,2960,141350,59,,,,,,,,false,
starexec,NUN075+1.p,e1a,equational,TIMEOUT,18,539.558,163910.280,,,21301,4201304,20882,4155503,,,,,,,,,false,
starexec,NUN075+1.p,e1a,first-negative,HARD_TIMEOUT,18,0.000,,,,,,,,,,,,,,,,false,
starexec,NUN075+1.p,e1a,occurrence,REFUTED,18,910.357,24049.229,,,6095,208303,5521,193646,59,,,,,,,,false,
starexec,NUN075+1.p,e1a,subsumption-light,HARD_TIMEOUT,18,0.000,,,,,,,,,,,,,,,,false,
starexec,NUN075+1.p,e1a,unary-redundancy,TIMEOUT,18,867.840,165428.206,,,637,7283,633,6224,,,,,,,,,false,
starexec,NUN075+1.p,e1a,weight-greedy,REFUTED,18,498.559,21000.458,,,3975,73890,3786,52604,59,,,,,,,,false,
starexec,NUN076+1.p,e1a,age-fair,REFUTED,18,596.069,23105.057,,,9030,1238732,8339,1226581,59,,,,,,,,false,
starexec,NUN076+1.p,e1a,balanced,REFUTED,18,168.280,408.665,,,150,525,144,355,59,,,,,,,,false,
starexec,NUN076+1.p,e1a,equational,REFUTED,18,323.976,758.446,,,141,493,135,334,59,,,,,,,,false,
starexec,NUN076+1.p,e1a,first-negative,TIMEOUT,18,923.180,163618.167,,,35097,1077317,34859,1035112,,,,,,,,,false,
starexec,NUN076+1.p,e1a,occurrence,REFUTED,18,545.616,771.445,,,192,487,188,250,59,,,,,,,,false,
starexec,NUN076+1.p,e1a,subsumption-light,REFUTED,18,329.212,1028.672,,,211,1393,205,1096,59,,,,,,,,false,
starexec,NUN076+1.p,e1a,unary-redundancy,REFUTED,18,622.327,840.454,,,150,525,144,355,59,,,,,,,,false,
starexec,NUN076+1.p,e1a,weight-greedy,REFUTED,18,334.014,663.467,,,147,251,142,81,59,,,,,,,,false,
starexec,NUN080+1.p,e1a,age-fair,REFUTED,18,1035.913,2990.433,,,657,11533,633,10641,59,,,,,,,,false,
starexec,NUN080+1.p,e1a,balanced,REFUTED,18,232.226,426.556,,,43,122,40,76,59,,,,,,,,false,
starexec,NUN080+1.p,e1a,equational,REFUTED,18,499.343,756.095,,,41,113,38,65,59,,,,,,,,false,
starexec,NUN080+1.p,e1a,first-negative,REFUTED,18,938.553,784.203,,,41,109,36,67,59,,,,,,,,false,
starexec,NUN080+1.p,e1a,occurrence,REFUTED,18,880.350,587.335,,,20,55,17,43,59,,,,,,,,false,
starexec,NUN080+1.p,e1a,subsumption-light,REFUTED,18,457.783,868.820,,,46,129,43,79,59,,,,,,,,false,
starexec,NUN080+1.p,e1a,unary-redundancy,REFUTED,18,828.379,766.345,,,43,123,40,77,59,,,,,,,,false,
starexec,NUN080+1.p,e1a,weight-greedy,REFUTED,18,478.881,571.725,,,18,52,15,43,59,,,,,,,,false,
starexec,NUN082+1.p,e1a,age-fair,TIMEOUT,18,809.511,163975.312,,,23929,6939696,21839,6904111,,,,,,,,,false,
starexec,NUN082+1.p,e1a,balanced,REFUTED,18,234.372,3563.068,,,1967,57833,1684,53969,59,,,,,,,,false,
starexec,NUN082+1.p,e1a,equational,REFUTED,18,488.484,6601.551,,,2008,59558,1688,55540,59,,,,,,,,false,
starexec,NUN082+1.p,e1a,first-negative,REFUTED,18,954.171,49621.335,,,10085,2372862,9564,2358168,59,,,,,,,,false,
starexec,NUN082+1.p,e1a,occurrence,REFUTED,18,855.972,12908.843,,,4763,212718,3367,193196,59,,,,,,,,false,
starexec,NUN082+1.p,e1a,subsumption-light,REFUTED,18,492.201,4269.861,,,777,10686,742,9352,59,,,,,,,,false,
starexec,NUN082+1.p,e1a,unary-redundancy,REFUTED,18,883.108,9943.726,,,1921,52617,1623,48887,59,,,,,,,,false,
starexec,NUN082+1.p,e1a,weight-greedy,REFUTED,18,507.696,25573.060,,,9146,354626,8817,308241,59,,,,,,,,false,
starexec,NUN085+1.p,e1a,age-fair,REFUTED,18,849.610,101597.258,,,18002,4458249,16085,4431400,64,,,,,,,,false,
starexec,NUN085+1.p,e1a,balanced,REFUTED,18,252.706,75001.890,,,22456,6149587,20287,6088180,64,,,,,,,,false,
starexec,NUN085+1.p,e1a,equational,REFUTED,18,495.480,134399.673,,,21762,5975733,19719,5916264,64,,,,,,,,false,
starexec,NUN085+1.p,e1a,first-negative,TIMEOUT,18,1015.745,163625.996,,,13630,13665818,13256,13635314,,,,,,,,,false,
starexec,NUN085+1.p,e1a,occurrence,TIMEOUT,18,912.399,164138.876,,,22033,6478136,20904,6330044,,,,,,,,,false,
starexec,NUN085+1.p,e1a,subsumption-light,REFUTED,18,510.653,10859.098,,,1864,52587,1783,48411,64,,,,,,,,false,
starexec,NUN085+1.p,e1a,unary-redundancy,REFUTED,18,921.997,10132.607,,,1829,51577,1746,47429,64,,,,,,,,false,
starexec,NUN085+1.p,e1a,weight-greedy,TIMEOUT,18,538.499,164110.751,,,21464,3369763,19917,2949963,,,,,,,,,false,
starexec,NUN086+1.p,e1a,age-fair,TIMEOUT,18,878.084,164068.518,,,21650,6260165,19622,6227829,,,,,,,,,false,
starexec,NUN086+1.p,e1a,balanced,REFUTED,18,223.982,3169.252,,,1977,52013,1694,48149,59,,,,,,,,false,
starexec,NUN086+1.p,e1a,equational,REFUTED,18,525.083,6228.584,,,2012,52722,1659,48712,59,,,,,,,,false,
starexec,NUN086+1.p,e1a,first-negative,TIMEOUT,18,613.833,164435.540,,,34380,5641117,33965,5600001,,,,,,,,,false,
starexec,NUN086+1.p,e1a,occurrence,REFUTED,18,836.996,7905.153,,,3133,59461,2484,51653,59,,,,,,,,false,
starexec,NUN086+1.p,e1a,subsumption-light,REFUTED,18,318.450,2262.284,,,699,7259,670,6046,59,,,,,,,,false,
starexec,NUN086+1.p,e1a,unary-redundancy,REFUTED,18,589.372,6868.278,,,1932,55589,1593,51859,59,,,,,,,,false,
starexec,NUN086+1.p,e1a,weight-greedy,REFUTED,18,323.778,15830.670,,,9128,354952,8795,308550,59,,,,,,,,false,
starexec,PRD001+1.p,e1a,age-fair,HARD_TIMEOUT,1614,0.000,,,,,,,,,,,,,,,,false,
starexec,PRD001+1.p,e1a,balanced,TIMEOUT,1614,945.426,164268.329,,,40191,378688,35001,317876,,,,,,,,,false,
starexec,PRD001+1.p,e1a,equational,TIMEOUT,1614,2310.249,162640.949,,,27245,361775,24939,317876,,,,,,,,,false,
starexec,PRD001+1.p,e1a,first-negative,HARD_TIMEOUT,1614,0.000,,,,,,,,,,,,,,,,false,
starexec,PRD001+1.p,e1a,occurrence,HARD_TIMEOUT,1614,0.000,,,,,,,,,,,,,,,,false,
starexec,PRD001+1.p,e1a,subsumption-light,TIMEOUT,1614,2275.088,163034.791,,,19916,362953,18837,327965,,,,,,,,,false,
starexec,PRD001+1.p,e1a,unary-redundancy,HARD_TIMEOUT,1614,0.000,,,,,,,,,,,,,,,,false,
starexec,PRD001+1.p,e1a,weight-greedy,TIMEOUT,1614,2227.517,162689.994,,,31475,180177,24378,130434,,,,,,,,,false,
starexec,PRO011+1.p,e1a,age-fair,REFUTED,48,1188.014,4624.295,,,1193,14052,1111,12302,95,,,,,,,,false,
starexec,PRO011+1.p,e1a,balanced,REFUTED,48,288.564,789.280,,,221,623,201,365,95,,,,,,,,false,
starexec,PRO011+1.p,e1a,equational,REFUTED,48,597.241,1154.351,,,118,262,110,139,95,,,,,,,,false,
starexec,PRO011+1.p,e1a,first-negative,REFUTED,48,1298.679,1592.435,,,245,638,220,272,95,,,,,,,,false,
starexec,PRO011+1.p,e1a,occurrence,REFUTED,48,1164.691,1423.192,,,189,378,181,167,95,,,,,,,,false,
starexec,PRO011+1.p,e1a,subsumption-light,REFUTED,48,615.169,1895.916,,,259,937,231,607,95,,,,,,,,false,
starexec,PRO011+1.p,e1a,unary-redundancy,REFUTED,48,1151.833,1185.198,,,87,207,81,118,95,,,,,,,,false,
starexec,PRO011+1.p,e1a,weight-greedy,REFUTED,48,596.490,1840.768,,,312,1207,222,719,95,,,,,,,,false,
starexec,PUZ129+2.p,e1a,age-fair,REFUTED,0,650.602,680.909,,,36,45,35,18,18,,,,,,,,false,
starexec,PUZ129+2.p,e1a,balanced,REFUTED,0,184.209,401.338,,,35,41,33,18,18,,,,,,,,false,
starexec,PUZ129+2.p,e1a,equational,REFUTED,0,373.167,755.279,,,35,41,33,18,18,,,,,,,,false,
starexec,PUZ129+2.p,e1a,first-negative,REFUTED,0,745.332,679.539,,,35,38,31,18,18,,,,,,,,false,
starexec,PUZ129+2.p,e1a,occurrence,REFUTED,0,658.407,705.937,,,32,40,31,18,18,,,,,,,,false,
starexec,PUZ129+2.p,e1a,subsumption-light,REFUTED,0,377.145,764.937,,,35,41,33,18,18,,,,,,,,false,
starexec,PUZ129+2.p,e1a,unary-redundancy,REFUTED,0,677.323,750.632,,,36,43,34,18,18,,,,,,,,false,
starexec,PUZ129+2.p,e1a,weight-greedy,REFUTED,0,371.839,788.779,,,41,74,38,26,18,,,,,,,,false,
starexec,PUZ133+1.p,e1a,age-fair,TIMEOUT,9,404.406,165030.198,,,33459,9311422,31409,9077546,,,,,,,,,false,
starexec,PUZ133+1.p,e1a,balanced,TIMEOUT,9,209.558,165041.691,,,31124,9925391,29351,9786141,,,,,,,,,false,
starexec,PUZ133+1.p,e1a,equational,TIMEOUT,9,234.658,165018.312,,,31098,10250549,28665,10116921,,,,,,,,,false,
starexec,PUZ133+1.p,e1a,first-negative,TIMEOUT,9,388.978,164933.710,,,17395,695258,11733,458659,,,,,,,,,false,
starexec,PUZ133+1.p,e1a,occurrence,TIMEOUT,9,409.049,164972.582,,,32291,11151760,30186,11012869,,,,,,,,,false,
starexec,PUZ133+1.p,e1a,subsumption-light,TIMEOUT,9,224.676,164992.746,,,23186,5574528,21362,5468318,,,,,,,,,false,
starexec,PUZ133+1.p,e1a,unary-redundancy,TIMEOUT,9,359.343,165121.482,,,23674,5720324,22051,5596580,,,,,,,,,false,
starexec,PUZ133+1.p,e1a,weight-greedy,TIMEOUT,9,149.733,165323.080,,,49650,2039011,42621,1822072,,,,,,,,,false,
starexec,REL020+2.p,e1a,age-fair,TIMEOUT,16,351.047,164729.495,,,1920,5290706,1841,5284025,,,,,,,,,false,
starexec,REL020+2.p,e1a,balanced,TIMEOUT,16,104.904,165274.029,,,3321,7773778,2331,7755888,,,,,,,,,false,
starexec,REL020+2.p,e1a,equational,TIMEOUT,16,231.382,164733.277,,,2636,5464275,2192,5450303,,,,,,,,,false,
starexec,REL020+2.p,e1a,first-negative,TIMEOUT,16,515.025,163769.261,,,2657,5411652,1867,5396870,,,,,,,,,false,
starexec,REL020+2.p,e1a,occurrence,TIMEOUT,16,352.667,165054.863,,,2811,3969163,2199,3916401,,,,,,,,,false,
starexec,REL020+2.p,e1a,subsumption-light,TIMEOUT,16,231.852,164846.286,,,3057,5173619,2091,5157971,,,,,,,,,false,
starexec,REL020+2.p,e1a,unary-redundancy,TIMEOUT,16,354.082,164779.524,,,2546,4180290,1903,4167072,,,,,,,,,false,
starexec,REL020+2.p,e1a,weight-greedy,TIMEOUT,16,236.333,164687.954,,,4376,5737692,3189,5445562,,,,,,,,,false,
starexec,REL021+1.p,e1a,age-fair,TIMEOUT,13,493.518,164156.353,,,1620,7186199,1552,7176651,,,,,,,,,false,
starexec,REL021+1.p,e1a,balanced,TIMEOUT,13,157.261,165130.716,,,2354,12733524,2032,12705934,,,,,,,,,false,
starexec,REL021+1.p,e1a,equational,TIMEOUT,13,367.952,163801.590,,,1934,6905308,1598,6886512,,,,,,,,,false,
starexec,REL021+1.p,e1a,first-negative,TIMEOUT,13,502.006,163763.037,,,1624,4433655,1359,4421627,,,,,,,,,false,
starexec,REL021+1.p,e1a,occurrence,TIMEOUT,13,502.717,163865.828,,,2571,6866273,1761,6796601,,,,,,,,,false,
starexec,REL021+1.p,e1a,subsumption-light,TIMEOUT,13,342.267,164096.756,,,1948,7194755,1638,7174757,,,,,,,,,false,
starexec,REL021+1.p,e1a,unary-redundancy,TIMEOUT,13,540.136,164413.014,,,2045,7360430,1696,7341470,,,,,,,,,false,
starexec,REL021+1.p,e1a,weight-greedy,TIMEOUT,13,346.423,164151.996,,,4124,6602504,2989,6220138,,,,,,,,,false,
starexec,REL040+2.p,e1a,age-fair,TIMEOUT,13,546.185,164315.058,,,1352,4859354,1280,4851929,,,,,,,,,false,
starexec,REL040+2.p,e1a,balanced,TIMEOUT,13,101.564,165370.487,,,2174,9391853,1899,9366013,,,,,,,,,false,
starexec,REL040+2.p,e1a,equational,TIMEOUT,13,218.667,164712.279,,,1920,7017679,1634,7000887,,,,,,,,,false,
starexec,REL040+2.p,e1a,first-negative,TIMEOUT,13,569.205,164021.887,,,1742,5778406,1494,5764512,,,,,,,,,false,
starexec,REL040+2.p,e1a,occurrence,TIMEOUT,13,333.701,165379.510,,,2175,5702541,1454,5656009,,,,,,,,,false,
starexec,REL040+2.p,e1a,subsumption-light,TIMEOUT,13,241.074,164758.198,,,1887,6893984,1620,6877192,,,,,,,,,false,
starexec,REL040+2.p,e1a,unary-redundancy,TIMEOUT,13,365.381,164737.662,,,1710,5268694,1455,5256014,,,,,,,,,false,
starexec,REL040+2.p,e1a,weight-greedy,TIMEOUT,13,223.848,164817.344,,,4045,7047477,3164,6590243,,,,,,,,,false,
starexec,SCT115+1.p,e1a,age-fair,TIMEOUT,527,2528.857,161899.680,,,11255,4452318,10651,4435704,,,,,,,,,false,
starexec,SCT115+1.p,e1a,balanced,TIMEOUT,527,877.006,164028.530,,,25237,11191028,23064,11143621,,,,,,,,,false,
starexec,SCT115+1.p,e1a,equational,TIMEOUT,527,1391.415,161987.805,,,14413,6524046,13126,6495866,,,,,,,,,false,
starexec,SCT115+1.p,e1a,first-negative,TIMEOUT,527,1106.048,161601.697,,,22584,3036453,22023,2982926,,,,,,,,,false,
starexec,SCT115+1.p,e1a,occurrence,TIMEOUT,527,2395.033,161903.970,,,31540,7033708,22855,6924094,,,,,,,,,false,
starexec,SCT115+1.p,e1a,subsumption-light,REFUTED,527,1111.090,57965.348,,,4542,972679,3340,962395,290,,,,,,,,false,
starexec,SCT115+1.p,e1a,unary-redundancy,TIMEOUT,527,2551.560,161896.949,,,15258,4659924,13252,4629988,,,,,,,,,false,
starexec,SCT115+1.p,e1a,weight-greedy,REFUTED,527,811.573,4643.311,,,2244,39919,1436,29880,96,,,,,,,,false,
starexec,SCT117+1.p,e1a,age-fair,HARD_TIMEOUT,527,0.000,,,,,,,,,,,,,,,,false,
starexec,SCT117+1.p,e1a,balanced,TIMEOUT,527,1148.193,164573.337,,,22336,8026269,19734,7986117,,,,,,,,,false,
starexec,SCT117+1.p,e1a,equational,TIMEOUT,527,1764.032,161777.829,,,13756,4983980,12024,4959416,,,,,,,,,false,
starexec,SCT117+1.p,e1a,first-negative,TIMEOUT,527,1179.162,162545.254,,,22322,3233627,20381,3165693,,,,,,,,,false,
starexec,SCT117+1.p,e1a,occurrence,TIMEOUT,527,3634.805,162238.499,,,25938,5866247,20188,5788948,,,,,,,,,false,
starexec,SCT117+1.p,e1a,subsumption-light,TIMEOUT,527,1322.155,161850.191,,,7051,2523576,5879,2507956,,,,,,,,,false,
starexec,SCT117+1.p,e1a,unary-redundancy,HARD_TIMEOUT,527,0.000,,,,,,,,,,,,,,,,false,
starexec,SCT117+1.p,e1a,weight-greedy,REFUTED,527,1124.571,109539.626,,,16630,1725603,10770,1656336,102,,,,,,,,false,
starexec,SCT120+1.p,e1a,age-fair,HARD_TIMEOUT,526,0.000,,,,,,,,,,,,,,,,false,
starexec,SCT120+1.p,e1a,balanced,TIMEOUT,526,1146.927,164009.782,,,14595,7149324,12941,7111786,,,,,,,,,false,
starexec,SCT120+1.p,e1a,equational,TIMEOUT,526,2328.768,161970.870,,,11808,4378225,9994,4350611,,,,,,,,,false,
starexec,SCT120+1.p,e1a,first-negative,SATURATED,526,1210.494,645.106,,,16,20,16,19,,,,,,,,,false,
starexec,SCT120+1.p,e1a,occurrence,HARD_TIMEOUT,526,0.000,,,,,,,,,,,,,,,,false,
starexec,SCT120+1.p,e1a,subsumption-light,TIMEOUT,526,2175.176,162079.406,,,8033,3333310,6826,3314290,,,,,,,,,false,
starexec,SCT120+1.p,e1a,unary-redundancy,TIMEOUT,526,3524.997,162196.468,,,9021,3386174,7732,3365500,,,,,,,,,false,
starexec,SCT120+1.p,e1a,weight-greedy,REFUTED,526,1149.436,988.631,,,76,110,70,60,62,,,,,,,,false,
starexec,SCT123+1.p,e1a,age-fair,HARD_TIMEOUT,528,0.000,,,,,,,,,,,,,,,,false,
starexec,SCT123+1.p,e1a,balanced,TIMEOUT,528,1312.271,163928.550,,,12456,5538035,11759,5514123,,,,,,,,,false,
starexec,SCT123+1.p,e1a,equational,TIMEOUT,528,2764.029,161800.110,,,9643,3479936,8999,3461462,,,,,,,,,false,
starexec,SCT123+1.p,e1a,first-negative,REFUTED,528,1685.037,14113.837,,,1359,69885,1095,66290,33,,,,,,,,false,
starexec,SCT123+1.p,e1a,occurrence,HARD_TIMEOUT,528,0.000,,,,,,,,,,,,,,,,false,
starexec,SCT123+1.p,e1a,subsumption-light,HARD_TIMEOUT,528,0.000,,,,,,,,,,,,,,,,false,
starexec,SCT123+1.p,e1a,unary-redundancy,HARD_TIMEOUT,528,0.000,,,,,,,,,,,,,,,,false,
starexec,SCT123+1.p,e1a,weight-greedy,TIMEOUT,528,1892.545,161235.306,,,7792,3887127,7128,3818555,,,,,,,,,false,
starexec,SCT124+1.p,e1a,age-fair,HARD_TIMEOUT,528,0.000,,,,,,,,,,,,,,,,false,
starexec,SCT124+1.p,e1a,balanced,TIMEOUT,528,1214.840,163944.202,,,12985,6399810,12312,6370676,,,,,,,,,false,
starexec,SCT124+1.p,e1a,equational,TIMEOUT,528,2257.208,161795.794,,,6948,3031648,6633,3013738,,,,,,,,,false,
starexec,SCT124+1.p,e1a,first-negative,SATURATED,528,773.507,507.421,,,14,14,14,9,,,,,,,,,false,
starexec,SCT124+1.p,e1a,occurrence,HARD_TIMEOUT,528,0.000,,,,,,,,,,,,,,,,false,
starexec,SCT124+1.p,e1a,subsumption-light,TIMEOUT,528,2094.467,161484.687,,,4511,1797752,4296,1786330,,,,,,,,,false,
starexec,SCT124+1.p,e1a,unary-redundancy,HARD_TIMEOUT,528,0.000,,,,,,,,,,,,,,,,false,
starexec,SCT124+1.p,e1a,weight-greedy,TIMEOUT,528,894.847,162866.553,,,11794,7029816,10532,6986374,,,,,,,,,false,
starexec,SCT125+1.p,e1a,age-fair,HARD_TIMEOUT,528,0.000,,,,,,,,,,,,,,,,false,
starexec,SCT125+1.p,e1a,balanced,HARD_TIMEOUT,528,0.000,,,,,,,,,,,,,,,,false,
starexec,SCT125+1.p,e1a,equational,TIMEOUT,528,2462.822,161851.567,,,10436,4387740,9616,4365036,,,,,,,,,false,
starexec,SCT125+1.p,e1a,first-negative,TIMEOUT,528,1540.530,160315.567,,,3130,234402,1165,6216,,,,,,,,,false,
starexec,SCT125+1.p,e1a,occurrence,HARD_TIMEOUT,528,0.000,,,,,,,,,,,,,,,,false,
starexec,SCT125+1.p,e1a,subsumption-light,TIMEOUT,528,2147.726,162139.558,,,7931,3241025,7424,3223257,,,,,,,,,false,
starexec,SCT125+1.p,e1a,unary-redundancy,HARD_TIMEOUT,528,0.000,,,,,,,,,,,,,,,,false,
starexec,SCT125+1.p,e1a,weight-greedy,TIMEOUT,528,1369.488,161128.932,,,12451,3568742,9489,3490945,,,,,,,,,false,
starexec,SCT155+1.p,e1a,age-fair,HARD_TIMEOUT,528,0.000,,,,,,,,,,,,,,,,false,
starexec,SCT155+1.p,e1a,balanced,TIMEOUT,528,1223.506,164190.701,,,19619,6387822,17090,6352686,,,,,,,,,false,
starexec,SCT155+1.p,e1a,equational,TIMEOUT,528,2315.345,162285.285,,,13041,3728431,10527,3704019,,,,,,,,,false,
starexec,SCT155+1.p,e1a,first-negative,TIMEOUT,528,1767.399,160948.761,,,7052,4654837,6204,4642971,,,,,,,,,false,
starexec,SCT155+1.p,e1a,occurrence,HARD_TIMEOUT,528,0.000,,,,,,,,,,,,,,,,false,
starexec,SCT155+1.p,e1a,subsumption-light,TIMEOUT,528,1602.488,161972.721,,,2850,2697625,2722,2687477,,,,,,,,,false,
starexec,SCT155+1.p,e1a,unary-redundancy,HARD_TIMEOUT,528,0.000,,,,,,,,,,,,,,,,false,
starexec,SCT155+1.p,e1a,weight-greedy,SATURATED,528,1226.291,1261.530,,,58,76,58,37,,,,,,,,,false,
starexec,SCT158+1.p,e1a,age-fair,HARD_TIMEOUT,528,0.000,,,,,,,,,,,,,,,,false,
starexec,SCT158+1.p,e1a,balanced,TIMEOUT,528,1238.789,164099.917,,,20317,7252617,18266,7213803,,,,,,,,,false,
starexec,SCT158+1.p,e1a,equational,KILLED,,0.000,,,,,,,,,,,,,,,,false,killed before finishing
starexec,SCT158+1.p,e1a,first-negative,REFUTED,528,1810.863,2004.432,,,183,1076,173,820,55,,,,,,,,false,
starexec,SCT158+1.p,e1a,occurrence,HARD_TIMEOUT,528,0.000,,,,,,,,,,,,,,,,false,
starexec,SCT158+1.p,e1a,subsumption-light,TIMEOUT,528,1661.322,161795.128,,,3255,3129037,3077,3117721,,,,,,,,,false,
starexec,SCT158+1.p,e1a,unary-redundancy,HARD_TIMEOUT,528,0.000,,,,,,,,,,,,,,,,false,
starexec,SCT158+1.p,e1a,weight-greedy,SATURATED,528,1196.811,1391.701,,,71,95,64,43,,,,,,,,,false,
starexec,SCT170+3.p,e1a,age-fair,HARD_TIMEOUT,1578,0.000,,,,,,,,,,,,,,,,false,
starexec,SCT170+3.p,e1a,balanced,TIMEOUT,1578,1743.326,164127.332,,,30527,4304460,29387,4239078,,,,,,,,,false,
starexec,SCT170+3.p,e1a,equational,REFUTED,1578,1824.948,23180.203,,,9070,684041,7924,670657,889,,,,,,,,false,
starexec,SCT170+3.p,e1a,first-negative,TIMEOUT,1578,2057.418,160522.485,,,3833,6524093,3804,6501393,,,,,,,,,false,
starexec,SCT170+3.p,e1a,occurrence,HARD_TIMEOUT,1578,0.000,,,,,,,,,,,,,,,,false,
starexec,SCT170+3.p,e1a,subsumption-light,TIMEOUT,1578,1363.010,162211.718,,,9749,3389108,9199,3367786,,,,,,,,,false,
starexec,SCT170+3.p,e1a,unary-redundancy,HARD_TIMEOUT,1578,0.000,,,,,,,,,,,,,,,,false,
starexec,SCT170+3.p,e1a,weight-greedy,TIMEOUT,1578,1708.822,159793.783,,,32717,2996882,25254,2929736,,,,,,,,,false,
starexec,SET017+1.p,e1a,age-fair,REFUTED,43,1101.930,25021.531,,,3981,823717,3885,818598,93,,,,,,,,false,
starexec,SET017+1.p,e1a,balanced,REFUTED,43,265.000,869.487,,,187,816,178,596,93,,,,,,,,false,
starexec,SET017+1.p,e1a,equational,REFUTED,43,559.704,1893.557,,,248,1430,187,1142,93,,,,,,,,false,
starexec,SET017+1.p,e1a,first-negative,REFUTED,43,1203.216,2853.177,,,414,7537,405,7016,93,,,,,,,,false,
starexec,SET017+1.p,e1a,occurrence,REFUTED,43,1083.415,2123.989,,,359,1866,324,1381,93,,,,,,,,false,
starexec,SET017+1.p,e1a,subsumption-light,REFUTED,43,587.364,1664.225,,,176,651,154,445,93,,,,,,,,false,
starexec,SET017+1.p,e1a,unary-redundancy,REFUTED,43,1095.886,1761.390,,,194,860,163,638,93,,,,,,,,false,
starexec,SET017+1.p,e1a,weight-greedy,REFUTED,43,585.905,3364.643,,,598,12809,559,10989,93,,,,,,,,false,
starexec,SET101+1.p,e1a,age-fair,REFUTED,43,924.012,2185.700,,,314,4842,284,4477,90,,,,,,,,false,
starexec,SET101+1.p,e1a,balanced,REFUTED,43,224.355,1202.084,,,354,4654,331,4132,90,,,,,,,,false,
starexec,SET101+1.p,e1a,equational,REFUTED,43,346.006,1505.898,,,357,4667,334,4141,90,,,,,,,,false,
starexec,SET101+1.p,e1a,first-negative,TIMEOUT,43,688.427,164522.677,,,28429,9077721,28282,9024419,,,,,,,,,false,
starexec,SET101+1.p,e1a,occurrence,REFUTED,43,954.508,1948.640,,,354,2589,323,1957,90,,,,,,,,false,
starexec,SET101+1.p,e1a,subsumption-light,REFUTED,43,354.796,1655.154,,,325,3934,304,3454,90,,,,,,,,false,
starexec,SET101+1.p,e1a,unary-redundancy,REFUTED,43,654.587,1628.207,,,323,3958,302,3478,90,,,,,,,,false,
starexec,SET101+1.p,e1a,weight-greedy,REFUTED,43,352.298,950.059,,,189,656,180,329,90,,,,,,,,false,
starexec,SET716+4.p,e1a,age-fair,TIMEOUT,28,1768.078,164187.818,,,15178,4561651,15124,4545049,,,,,,,,,false,
starexec,SET716+4.p,e1a,balanced,TIMEOUT,28,541.804,165064.427,,,25957,13903727,25681,13859645,,,,,,,,,false,
starexec,SET716+4.p,e1a,equational,HARD_TIMEOUT,28,0.000,,,,,,,,,,,,,,,,false,
starexec,SET716+4.p,e1a,first-negative,TIMEOUT,28,2066.589,163824.287,,,7796,6960664,7758,6950702,,,,,,,,,false,
starexec,SET716+4.p,e1a,occurrence,TIMEOUT,28,1731.445,164181.937,,,25655,5459569,25393,5394817,,,,,,,,,false,
starexec,SET716+4.p,e1a,subsumption-light,TIMEOUT,28,1042.082,166824.804,,,15069,4391849,14911,4369915,,,,,,,,,false,
starexec,SET716+4.p,e1a,unary-redundancy,TIMEOUT,28,1744.061,164265.661,,,16200,4278388,16049,4254278,,,,,,,,,false,
starexec,SET716+4.p,e1a,weight-greedy,TIMEOUT,28,1060.681,164162.649,,,24676,403491,24490,355031,,,,,,,,,false,
starexec,SET733+4.p,e1a,age-fair,TIMEOUT,28,1587.604,164226.686,,,15373,4819789,15307,4802931,,,,,,,,,false,
starexec,SET733+4.p,e1a,balanced,TIMEOUT,28,496.626,165113.649,,,22225,7993877,21987,7961334,,,,,,,,,false,
starexec,SET733+4.p,e1a,equational,TIMEOUT,28,935.450,164374.966,,,15970,5139761,15788,5117121,,,,,,,,,false,
starexec,SET733+4.p,e1a,first-negative,TIMEOUT,28,1552.065,164367.748,,,9912,11813933,9770,11800051,,,,,,,,,false,
starexec,SET733+4.p,e1a,occurrence,TIMEOUT,28,1746.247,164264.516,,,20389,3118259,20162,3074502,,,,,,,,,false,
starexec,SET733+4.p,e1a,subsumption-light,TIMEOUT,28,988.954,164291.868,,,12036,3397673,11826,3379959,,,,,,,,,false,
starexec,SET733+4.p,e1a,unary-redundancy,TIMEOUT,28,1708.232,164383.641,,,12378,3474132,12209,3456756,,,,,,,,,false,
starexec,SET733+4.p,e1a,weight-greedy,TIMEOUT,28,979.398,164293.798,,,20276,1928627,20059,1831116,,,,,,,,,false,
starexec,SET817+4.p,e1a,age-fair,TIMEOUT,22,863.510,163999.604,,,11873,5887880,11836,5874418,,,,,,,,,false,
starexec,SET817+4.p,e1a,balanced,TIMEOUT,22,277.931,165030.990,,,19405,10975297,19165,10941350,,,,,,,,,false,
starexec,SET817+4.p,e1a,equational,TIMEOUT,22,561.143,164043.194,,,16715,6792717,16482,6763339,,,,,,,,,false,
starexec,SET817+4.p,e1a,first-negative,TIMEOUT,22,674.656,164442.700,,,19811,8298643,19151,8266609,,,,,,,,,false,
starexec,SET817+4.p,e1a,occurrence,HARD_TIMEOUT,22,0.000,,,,,,,,,,,,,,,,false,
starexec,SET817+4.p,e1a,subsumption-light,TIMEOUT,22,557.559,164032.953,,,13598,4010098,13485,3987428,,,,,,,,,false,
starexec,SET817+4.p,e1a,unary-redundancy,TIMEOUT,22,927.220,164161.023,,,13045,3848786,12885,3826802,,,,,,,,,false,
starexec,SET817+4.p,e1a,weight-greedy,TIMEOUT,22,526.208,164117.711,,,24099,3152851,23425,2890333,,,,,,,,,false,
starexec,SET964+1.p,e1a,age-fair,TIMEOUT,12,700.549,164142.514,,,7793,3288709,7729,3276175,,,,,,,,,false,
starexec,SET964+1.p,e1a,balanced,REFUTED,12,232.685,837.067,,,122,1082,107,932,33,,,,,,,,false,
starexec,SET964+1.p,e1a,equational,REFUTED,12,445.667,1413.010,,,116,798,107,657,33,,,,,,,,false,
starexec,SET964+1.p,e1a,first-negative,TIMEOUT,12,856.725,163837.384,,,15655,7322077,15617,7295327,,,,,,,,,false,
starexec,SET964+1.p,e1a,occurrence,REFUTED,12,731.639,1346.231,,,132,528,114,344,29,,,,,,,,false,
starexec,SET964+1.p,e1a,subsumption-light,REFUTED,12,430.751,1617.880,,,125,986,100,828,33,,,,,,,,false,
starexec,SET964+1.p,e1a,unary-redundancy,REFUTED,12,783.491,1145.889,,,81,335,72,243,29,,,,,,,,false,
starexec,SET964+1.p,e1a,weight-greedy,REFUTED,12,448.844,3670.901,,,581,8241,546,6773,33,,,,,,,,false,
starexec,SEU269+1.p,e1a,age-fair,TIMEOUT,51,972.405,164230.522,,,818,575958,774,574402,,,,,,,,,false,
starexec,SEU269+1.p,e1a,balanced,TIMEOUT,51,264.591,165175.233,,,1395,1207002,1361,1203958,,,,,,,,,false,
starexec,SEU269+1.p,e1a,equational,TIMEOUT,51,549.945,164496.353,,,1130,623151,1092,620803,,,,,,,,,false,
starexec,SEU269+1.p,e1a,first-negative,REFUTED,51,1012.150,116167.061,,,847,411203,803,409113,90,,,,,,,,false,
starexec,SEU269+1.p,e1a,occurrence,TIMEOUT,51,955.281,164763.361,,,4461,788705,4391,779563,,,,,,,,,false,
starexec,SEU269+1.p,e1a,subsumption-light,TIMEOUT,51,536.555,167019.965,,,1200,691714,1171,689058,,,,,,,,,false,
starexec,SEU269+1.p,e1a,unary-redundancy,TIMEOUT,51,930.601,163976.466,,,1338,669041,1297,666223,,,,,,,,,false,
starexec,SEU269+1.p,e1a,weight-greedy,TIMEOUT,51,541.683,164044.204,,,11678,1054296,11575,953735,,,,,,,,,false,
starexec,SEU427+4.p,e1a,balanced,HARD_TIMEOUT,71107,0.000,,,,,,,,,,,,,,,,false,
starexec,SEU427+4.p,e1a,equational,HARD_TIMEOUT,71107,0.000,,,,,,,,,,,,,,,,false,
starexec,SEU427+4.p,e1a,first-negative,HARD_TIMEOUT,71107,0.000,,,,,,,,,,,,,,,,false,
starexec,SEU427+4.p,e1a,subsumption-light,HARD_TIMEOUT,71107,0.000,,,,,,,,,,,,,,,,false,
starexec,SEU427+4.p,e1a,unary-redundancy,HARD_TIMEOUT,71107,0.000,,,,,,,,,,,,,,,,false,
starexec,SEU427+4.p,e1a,weight-greedy,HARD_TIMEOUT,71107,0.000,,,,,,,,,,,,,,,,false,
starexec,SEU440+4.p,e1a,balanced,HARD_TIMEOUT,71133,0.000,,,,,,,,,,,,,,,,false,
starexec,SEU440+4.p,e1a,equational,HARD_TIMEOUT,71133,0.000,,,,,,,,,,,,,,,,false,
starexec,SEU440+4.p,e1a,subsumption-light,HARD_TIMEOUT,71133,0.000,,,,,,,,,,,,,,,,false,
starexec,SEU440+4.p,e1a,weight-greedy,KILLED,,0.000,,,,,,,,,,,,,,,,false,killed before finishing
starexec,SEV522+1.p,e1a,age-fair,TIMEOUT,19,1112.257,164060.896,,,11877,5599265,11712,5585632,,,,,,,,,false,
starexec,SEV522+1.p,e1a,balanced,TIMEOUT,19,290.795,165136.226,,,17565,10948984,15877,10919748,,,,,,,,,false,
starexec,SEV522+1.p,e1a,equational,HARD_TIMEOUT,19,0.000,,,,,,,,,,,,,,,,false,
starexec,SEV522+1.p,e1a,first-negative,TIMEOUT,19,718.915,164503.936,,,14780,5916159,14705,5892638,,,,,,,,,false,
starexec,SEV522+1.p,e1a,occurrence,TIMEOUT,19,1065.208,164075.956,,,22770,5057379,19986,4995862,,,,,,,,,false,
starexec,SEV522+1.p,e1a,subsumption-light,TIMEOUT,19,399.379,164775.342,,,9536,3002066,8741,2986470,,,,,,,,,false,
starexec,SEV522+1.p,e1a,unary-redundancy,TIMEOUT,19,1049.919,167022.539,,,10746,3204301,9592,3184985,,,,,,,,,false,
starexec,SEV522+1.p,e1a,weight-greedy,TIMEOUT,19,411.446,164731.078,,,26825,3449983,17313,3071937,,,,,,,,,false,
starexec,SEV563+1.p,e1a,age-fair,TIMEOUT,25,904.025,163997.042,,,10583,5407031,10099,5388960,,,,,,,,,false,
starexec,SEV563+1.p,e1a,balanced,TIMEOUT,25,282.555,165096.884,,,20608,10919267,19929,10877845,,,,,,,,,false,
starexec,SEV563+1.p,e1a,equational,TIMEOUT,25,350.776,164732.835,,,18912,7932723,17790,7889927,,,,,,,,,false,
starexec,SEV563+1.p,e1a,first-negative,TIMEOUT,25,623.068,164526.429,,,20337,7929320,19553,7881308,,,,,,,,,false,
starexec,SEV563+1.p,e1a,occurrence,TIMEOUT,25,854.135,164171.287,,,23562,4965883,21571,4881241,,,,,,,,,false,
starexec,SEV563+1.p,e1a,subsumption-light,TIMEOUT,25,512.473,166407.380,,,9117,3066071,8211,3039373,,,,,,,,,false,
starexec,SEV563+1.p,e1a,unary-redundancy,TIMEOUT,25,895.696,166021.791,,,7911,2366420,7528,2353650,,,,,,,,,false,
starexec,SEV563+1.p,e1a,weight-greedy,TIMEOUT,25,526.446,164100.170,,,20024,4064134,19091,3824211,,,,,,,,,false,
starexec,SEV569+1.p,e1a,age-fair,TIMEOUT,25,893.272,164000.008,,,10797,5503157,10313,5484825,,,,,,,,,false,
starexec,SEV569+1.p,e1a,balanced,REFUTED,25,244.561,2487.613,,,917,20462,817,19204,80,,,,,,,,false,
starexec,SEV569+1.p,e1a,equational,REFUTED,25,494.138,4435.232,,,977,18768,747,17538,80,,,,,,,,false,
starexec,SEV569+1.p,e1a,first-negative,TIMEOUT,25,644.308,164405.447,,,22106,7669102,21513,7614582,,,,,,,,,false,
starexec,SEV569+1.p,e1a,occurrence,HARD_TIMEOUT,25,0.000,,,,,,,,,,,,,,,,false,
starexec,SEV569+1.p,e1a,subsumption-light,TIMEOUT,25,499.138,164175.623,,,9030,3031162,8124,3004648,,,,,,,,,false,
starexec,SEV569+1.p,e1a,unary-redundancy,REFUTED,25,956.621,5904.662,,,920,16404,841,15126,80,,,,,,,,false,
starexec,SEV569+1.p,e1a,weight-greedy,TIMEOUT,25,497.567,165693.487,,,13645,7322969,10468,7265209,,,,,,,,,false,
starexec,SEV581+1.p,e1a,age-fair,TIMEOUT,25,963.976,164151.947,,,10291,5206896,9807,5189349,,,,,,,,,false,
starexec,SEV581+1.p,e1a,balanced,TIMEOUT,25,247.869,165064.823,,,19269,12215353,18219,12161252,,,,,,,,,false,
starexec,SEV581+1.p,e1a,equational,TIMEOUT,25,522.906,164176.472,,,15055,8758904,14275,8714804,,,,,,,,,false,
starexec,SEV581+1.p,e1a,first-negative,TIMEOUT,25,1023.530,163587.967,,,23393,7985626,22214,7929828,,,,,,,,,false,
starexec,SEV581+1.p,e1a,occurrence,TIMEOUT,25,955.022,164180.136,,,20055,8952028,19080,8846368,,,,,,,,,false,
starexec,SEV581+1.p,e1a,subsumption-light,TIMEOUT,25,533.277,164300.513,,,10237,4414895,9494,4386451,,,,,,,,,false,
starexec,SEV581+1.p,e1a,unary-redundancy,TIMEOUT,25,938.697,164160.600,,,10210,4442642,9528,4414890,,,,,,,,,false,
starexec,SEV581+1.p,e1a,weight-greedy,TIMEOUT,25,526.667,164212.929,,,40367,9681522,39716,9314243,,,,,,,,,false,
starexec,SEV606+1.p,e1a,age-fair,HARD_TIMEOUT,1727,0.000,,,,,,,,,,,,,,,,false,
starexec,SEV606+1.p,e1a,balanced,REFUTED,1727,2233.437,52306.274,,,21511,1678209,20420,1649423,3673,,,,,,,,false,
starexec,SEV606+1.p,e1a,equational,REFUTED,1727,2996.617,6582.189,,,1173,29241,1012,27613,599,,,,,,,,false,
starexec,SEV606+1.p,e1a,first-negative,REFUTED,1727,3069.807,2744.785,,,492,1886,416,932,134,,,,,,,,false,
starexec,SEV606+1.p,e1a,occurrence,REFUTED,1727,8345.899,8242.493,,,2353,25330,1963,22743,2921,,,,,,,,false,
starexec,SEV606+1.p,e1a,subsumption-light,REFUTED,1727,2307.077,5919.895,,,565,9717,527,8735,240,,,,,,,,false,
starexec,SEV606+1.p,e1a,unary-redundancy,REFUTED,1727,3550.940,2505.188,,,129,839,129,680,233,,,,,,,,false,
starexec,SEV606+1.p,e1a,weight-greedy,REFUTED,1727,2078.646,1974.546,,,245,1557,222,892,176,,,,,,,,false,
starexec,SEV607+1.p,e1a,age-fair,HARD_TIMEOUT,2360,0.000,,,,,,,,,,,,,,,,false,
starexec,SEV607+1.p,e1a,balanced,HARD_TIMEOUT,2360,0.000,,,,,,,,,,,,,,,,false,
starexec,SEV607+1.p,e1a,equational,TIMEOUT,2360,1999.837,161737.837,,,34231,6386727,31000,6307139,,,,,,,,,false,
starexec,SEV607+1.p,e1a,first-negative,SATURATED,2360,1548.655,1180.447,,,137,473,98,326,,,,,,,,,false,
starexec,SEV607+1.p,e1a,occurrence,HARD_TIMEOUT,2360,0.000,,,,,,,,,,,,,,,,false,
starexec,SEV607+1.p,e1a,subsumption-light,TIMEOUT,2360,2801.034,159717.442,,,12791,1395088,11000,1364793,,,,,,,,,false,
starexec,SEV607+1.p,e1a,unary-redundancy,HARD_TIMEOUT,2360,0.000,,,,,,,,,,,,,,,,false,
starexec,SEV607+1.p,e1a,weight-greedy,TIMEOUT,2360,2233.642,159488.520,,,4919,3996848,4692,3923440,,,,,,,,,false,
starexec,SEV608+1.p,e1a,age-fair,HARD_TIMEOUT,2867,0.000,,,,,,,,,,,,,,,,false,
starexec,SEV608+1.p,e1a,balanced,HARD_TIMEOUT,2867,0.000,,,,,,,,,,,,,,,,false,
starexec,SEV608+1.p,e1a,equational,REFUTED,2867,3690.365,17462.903,,,6043,113920,5777,102004,973,,,,,,,,false,
starexec,SEV608+1.p,e1a,first-negative,REFUTED,2867,1745.379,841.654,,,108,175,105,69,69,,,,,,,,false,
starexec,SEV608+1.p,e1a,occurrence,HARD_TIMEOUT,2867,0.000,,,,,,,,,,,,,,,,false,
starexec,SEV608+1.p,e1a,subsumption-light,REFUTED,2867,2657.593,8908.241,,,1373,16226,1288,13762,385,,,,,,,,false,
starexec,SEV608+1.p,e1a,unary-redundancy,HARD_TIMEOUT,2867,0.000,,,,,,,,,,,,,,,,false,
starexec,SEV608+1.p,e1a,weight-greedy,REFUTED,2867,2281.739,4174.198,,,588,9773,557,8534,202,,,,,,,,false,
starexec,SEV609+1.p,e1a,age-fair,HARD_TIMEOUT,2900,0.000,,,,,,,,,,,,,,,,false,
starexec,SEV609+1.p,e1a,balanced,HARD_TIMEOUT,2900,0.000,,,,,,,,,,,,,,,,false,
starexec,SEV609+1.p,e1a,equational,TIMEOUT,2900,2862.130,159017.095,,,27199,1489210,27041,1454818,,,,,,,,,false,
starexec,SEV609+1.p,e1a,first-negative,TIMEOUT,2900,1739.136,160497.777,,,50789,883920,46566,803049,,,,,,,,,false,
starexec,SEV609+1.p,e1a,occurrence,HARD_TIMEOUT,2900,0.000,,,,,,,,,,,,,,,,false,
starexec,SEV609+1.p,e1a,subsumption-light,TIMEOUT,2900,2582.885,158603.717,,,13676,805271,13570,788243,,,,,,,,,false,
starexec,SEV609+1.p,e1a,unary-redundancy,HARD_TIMEOUT,2900,0.000,,,,,,,,,,,,,,,,false,
starexec,SEV609+1.p,e1a,weight-greedy,TIMEOUT,2900,2278.304,158235.921,,,26657,848709,23615,762341,,,,,,,,,false,
starexec,SEV610+1.p,e1a,age-fair,HARD_TIMEOUT,2777,0.000,,,,,,,,,,,,,,,,false,
starexec,SEV610+1.p,e1a,balanced,HARD_TIMEOUT,2777,0.000,,,,,,,,,,,,,,,,false,
starexec,SEV610+1.p,e1a,equational,REFUTED,2777,1248.050,1633.288,,,606,1080,559,326,113,,,,,,,,false,
starexec,SEV610+1.p,e1a,first-negative,TIMEOUT,2777,1233.583,158868.274,,,23182,244856,19947,184319,,,,,,,,,false,
starexec,SEV610+1.p,e1a,occurrence,HARD_TIMEOUT,2777,0.000,,,,,,,,,,,,,,,,false,
starexec,SEV610+1.p,e1a,subsumption-light,REFUTED,2777,1158.977,1046.401,,,194,351,194,139,92,,,,,,,,false,
starexec,SEV610+1.p,e1a,unary-redundancy,REFUTED,2777,3616.534,15316.450,,,3338,32246,3226,27796,821,,,,,,,,false,
starexec,SEV610+1.p,e1a,weight-greedy,TIMEOUT,2777,1113.829,157631.213,,,3947,41455,2916,7580,,,,,,,,,false,
starexec,SEV612+1.p,e1a,age-fair,HARD_TIMEOUT,2852,0.000,,,,,,,,,,,,,,,,false,
starexec,SEV612+1.p,e1a,balanced,HARD_TIMEOUT,2852,0.000,,,,,,,,,,,,,,,,false,
starexec,SEV612+1.p,e1a,equational,TIMEOUT,2852,2916.144,156778.372,,,34423,10003761,33046,9953965,,,,,,,,,false,
starexec,SEV612+1.p,e1a,first-negative,SATURATED,2852,1045.438,349.286,,,4,4,4,4,,,,,,,,,false,
starexec,SEV612+1.p,e1a,occurrence,HARD_TIMEOUT,2852,0.000,,,,,,,,,,,,,,,,false,
starexec,SEV612+1.p,e1a,subsumption-light,REFUTED,2852,1120.682,895.763,,,100,140,98,92,103,,,,,,,,false,
starexec,SEV612+1.p,e1a,unary-redundancy,REFUTED,2852,3630.313,6712.126,,,1216,13538,1143,11736,444,,,,,,,,false,
starexec,SEV612+1.p,e1a,weight-greedy,SATURATED,2852,918.010,416.717,,,7,16,7,15,,,,,,,,,false,
starexec,SEV616+1.p,e1a,age-fair,HARD_TIMEOUT,2862,0.000,,,,,,,,,,,,,,,,false,
starexec,SEV616+1.p,e1a,balanced,HARD_TIMEOUT,2862,0.000,,,,,,,,,,,,,,,,false,
starexec,SEV616+1.p,e1a,equational,REFUTED,2862,2436.880,16681.981,,,3922,65078,3707,57828,242,,,,,,,,false,
starexec,SEV616+1.p,e1a,first-negative,SATURATED,2862,1281.070,620.354,,,20,20,20,18,,,,,,,,,false,
starexec,SEV616+1.p,e1a,occurrence,HARD_TIMEOUT,2862,0.000,,,,,,,,,,,,,,,,false,
starexec,SEV616+1.p,e1a,subsumption-light,REFUTED,2862,2148.474,23680.042,,,2047,30473,1970,26814,162,,,,,,,,false,
starexec,SEV616+1.p,e1a,unary-redundancy,HARD_TIMEOUT,2862,0.000,,,,,,,,,,,,,,,,false,
starexec,SEV616+1.p,e1a,weight-greedy,TIMEOUT,2862,1859.137,158345.967,,,17947,2423088,12418,2267738,,,,,,,,,false,
starexec,SEV618+1.p,e1a,age-fair,HARD_TIMEOUT,2435,0.000,,,,,,,,,,,,,,,,false,
starexec,SEV618+1.p,e1a,balanced,HARD_TIMEOUT,2435,0.000,,,,,,,,,,,,,,,,false,
starexec,SEV618+1.p,e1a,equational,TIMEOUT,2435,3034.825,156915.537,,,19782,5268585,19004,5220375,,,,,,,,,false,
starexec,SEV618+1.p,e1a,first-negative,SATURATED,2435,1439.271,728.757,,,88,205,86,44,,,,,,,,,false,
starexec,SEV618+1.p,e1a,occurrence,HARD_TIMEOUT,2435,0.000,,,,,,,,,,,,,,,,false,
starexec,SEV618+1.p,e1a,subsumption-light,TIMEOUT,2435,2661.156,157162.530,,,9858,859384,9054,835535,,,,,,,,,false,
starexec,SEV618+1.p,e1a,unary-redundancy,HARD_TIMEOUT,2435,0.000,,,,,,,,,,,,,,,,false,
starexec,SEV618+1.p,e1a,weight-greedy,TIMEOUT,2435,2015.381,156222.879,,,12716,1026912,11607,930324,,,,,,,,,false,
starexec,SEV620+1.p,e1a,age-fair,HARD_TIMEOUT,2723,0.000,,,,,,,,,,,,,,,,false,
starexec,SEV620+1.p,e1a,balanced,HARD_TIMEOUT,2723,0.000,,,,,,,,,,,,,,,,false,
starexec,SEV620+1.p,e1a,equational,TIMEOUT,2723,2619.552,158512.712,,,38069,1798853,35508,1736667,,,,,,,,,false,
starexec,SEV620+1.p,e1a,first-negative,SATURATED,2723,2247.609,1677.294,,,686,906,682,212,,,,,,,,,false,
starexec,SEV620+1.p,e1a,occurrence,HARD_TIMEOUT,2723,0.000,,,,,,,,,,,,,,,,false,
starexec,SEV620+1.p,e1a,subsumption-light,TIMEOUT,2723,2364.646,158582.885,,,10500,345563,9980,328789,,,,,,,,,false,
starexec,SEV620+1.p,e1a,unary-redundancy,HARD_TIMEOUT,2723,0.000,,,,,,,,,,,,,,,,false,
starexec,SEV620+1.p,e1a,weight-greedy,TIMEOUT,2723,1928.604,158082.782,,,29651,353902,26169,285895,,,,,,,,,false,
starexec,SEV621+1.p,e1a,age-fair,HARD_TIMEOUT,2708,0.000,,,,,,,,,,,,,,,,false,
starexec,SEV621+1.p,e1a,balanced,HARD_TIMEOUT,2708,0.000,,,,,,,,,,,,,,,,false,
starexec,SEV621+1.p,e1a,equational,TIMEOUT,2708,3362.221,159209.271,,,39221,1875021,38068,1813983,,,,,,,,,false,
starexec,SEV621+1.p,e1a,first-negative,SATURATED,2708,2526.007,1165.993,,,286,315,286,65,,,,,,,,,false,
starexec,SEV621+1.p,e1a,occurrence,HARD_TIMEOUT,2708,0.000,,,,,,,,,,,,,,,,false,
starexec,SEV621+1.p,e1a,subsumption-light,TIMEOUT,2708,3127.857,159553.895,,,13164,375525,13026,354391,,,,,,,,,false,
starexec,SEV621+1.p,e1a,unary-redundancy,HARD_TIMEOUT,2708,0.000,,,,,,,,,,,,,,,,false,
starexec,SEV621+1.p,e1a,weight-greedy,TIMEOUT,2708,2599.730,158920.785,,,22943,2935644,17963,2862538,,,,,,,,,false,
starexec,SEV622+1.p,e1a,age-fair,HARD_TIMEOUT,2761,0.000,,,,,,,,,,,,,,,,false,
starexec,SEV622+1.p,e1a,balanced,HARD_TIMEOUT,2761,0.000,,,,,,,,,,,,,,,,false,
starexec,SEV622+1.p,e1a,equational,HARD_TIMEOUT,2761,0.000,,,,,,,,,,,,,,,,false,
starexec,SEV622+1.p,e1a,first-negative,SATURATED,2761,2419.135,876.150,,,95,101,95,44,,,,,,,,,false,
starexec,SEV622+1.p,e1a,occurrence,HARD_TIMEOUT,2761,0.000,,,,,,,,,,,,,,,,false,
starexec,SEV622+1.p,e1a,subsumption-light,HARD_TIMEOUT,2761,0.000,,,,,,,,,,,,,,,,false,
starexec,SEV622+1.p,e1a,unary-redundancy,HARD_TIMEOUT,2761,0.000,,,,,,,,,,,,,,,,false,
starexec,SEV622+1.p,e1a,weight-greedy,TIMEOUT,2761,2467.530,158323.626,,,22748,477869,18860,393581,,,,,,,,,false,
starexec,SEV625+1.p,e1a,age-fair,HARD_TIMEOUT,2847,0.000,,,,,,,,,,,,,,,,false,
starexec,SEV625+1.p,e1a,balanced,HARD_TIMEOUT,2847,0.000,,,,,,,,,,,,,,,,false,
starexec,SEV625+1.p,e1a,equational,REFUTED,2847,1201.364,10156.860,,,5408,91416,5311,84931,206,,,,,,,,false,
starexec,SEV625+1.p,e1a,first-negative,SATURATED,2847,955.577,511.428,,,52,55,52,18,,,,,,,,,false,
starexec,SEV625+1.p,e1a,occurrence,TIMEOUT,2847,3055.647,162634.599,,,55055,1629418,54111,1552041,,,,,,,,,false,
starexec,SEV625+1.p,e1a,subsumption-light,TIMEOUT,2847,1150.521,161974.601,,,15212,495355,14467,469345,,,,,,,,,false,
starexec,SEV625+1.p,e1a,unary-redundancy,TIMEOUT,2847,2620.411,162389.672,,,22102,901368,21725,871987,,,,,,,,,false,
starexec,SEV625+1.p,e1a,weight-greedy,HARD_TIMEOUT,2847,0.000,,,,,,,,,,,,,,,,false,
starexec,SEV626+1.p,e1a,age-fair,HARD_TIMEOUT,2838,0.000,,,,,,,,,,,,,,,,false,
starexec,SEV626+1.p,e1a,balanced,HARD_TIMEOUT,2838,0.000,,,,,,,,,,,,,,,,false,
starexec,SEV626+1.p,e1a,equational,TIMEOUT,2838,2155.123,158331.915,,,32126,1303427,29297,1248467,,,,,,,,,false,
starexec,SEV626+1.p,e1a,first-negative,SATURATED,2838,1950.885,846.899,,,35,37,35,17,,,,,,,,,false,
starexec,SEV626+1.p,e1a,occurrence,HARD_TIMEOUT,2838,0.000,,,,,,,,,,,,,,,,false,
starexec,SEV626+1.p,e1a,subsumption-light,SATURATED,2838,1720.031,3814.116,,,453,872,440,253,,,,,,,,,false,
starexec,SEV626+1.p,e1a,unary-redundancy,SATURATED,2838,1900.356,3479.142,,,356,626,353,150,,,,,,,,,false,
starexec,SEV626+1.p,e1a,weight-greedy,TIMEOUT,2838,1672.570,159731.012,,,1174,7551,1030,4746,,,,,,,,,false,
starexec,SEV627+1.p,e1a,age-fair,HARD_TIMEOUT,2813,0.000,,,,,,,,,,,,,,,,false,
starexec,SEV627+1.p,e1a,balanced,HARD_TIMEOUT,2813,0.000,,,,,,,,,,,,,,,,false,
starexec,SEV627+1.p,e1a,equational,TIMEOUT,2813,1933.856,158442.384,,,42608,420549,36874,310230,,,,,,,,,false,
starexec,SEV627+1.p,e1a,first-negative,TIMEOUT,2813,1161.608,160358.696,,,16518,774950,13731,727350,,,,,,,,,false,
starexec,SEV627+1.p,e1a,occurrence,HARD_TIMEOUT,2813,0.000,,,,,,,,,,,,,,,,false,
starexec,SEV627+1.p,e1a,subsumption-light,TIMEOUT,2813,1744.277,158441.798,,,18370,183228,17906,144046,,,,,,,,,false,
starexec,SEV627+1.p,e1a,unary-redundancy,HARD_TIMEOUT,2813,0.000,,,,,,,,,,,,,,,,false,
starexec,SEV627+1.p,e1a,weight-greedy,HARD_TIMEOUT,2813,0.000,,,,,,,,,,,,,,,,false,
starexec,SEV629+1.p,e1a,age-fair,HARD_TIMEOUT,2962,0.000,,,,,,,,,,,,,,,,false,
starexec,SEV629+1.p,e1a,balanced,HARD_TIMEOUT,2962,0.000,,,,,,,,,,,,,,,,false,
starexec,SEV629+1.p,e1a,equational,REFUTED,2962,1934.350,1683.601,,,207,466,198,221,145,,,,,,,,false,
starexec,SEV629+1.p,e1a,first-negative,TIMEOUT,2962,1154.287,161275.249,,,125,476,116,97,,,,,,,,,false,
starexec,SEV629+1.p,e1a,occurrence,HARD_TIMEOUT,2962,0.000,,,,,,,,,,,,,,,,false,
starexec,SEV629+1.p,e1a,subsumption-light,REFUTED,2962,1749.860,1462.100,,,111,216,110,98,80,,,,,,,,false,
starexec,SEV629+1.p,e1a,unary-redundancy,REFUTED,2962,2405.201,1697.870,,,197,455,192,224,105,,,,,,,,false,
starexec,SEV629+1.p,e1a,weight-greedy,SATURATED,2962,1481.322,756.243,,,23,24,23,14,,,,,,,,,false,
starexec,SEV630+1.p,e1a,age-fair,HARD_TIMEOUT,2559,0.000,,,,,,,,,,,,,,,,false,
starexec,SEV630+1.p,e1a,balanced,TIMEOUT,2559,2197.312,164695.249,,,59785,3213182,59204,3138303,,,,,,,,,false,
starexec,SEV630+1.p,e1a,equational,TIMEOUT,2559,1989.973,161402.687,,,37808,3774790,36180,3686174,,,,,,,,,false,
starexec,SEV630+1.p,e1a,first-negative,TIMEOUT,2559,2140.363,157415.026,,,19995,5055953,15813,4889401,,,,,,,,,false,
starexec,SEV630+1.p,e1a,occurrence,HARD_TIMEOUT,2559,0.000,,,,,,,,,,,,,,,,false,
starexec,SEV630+1.p,e1a,subsumption-light,TIMEOUT,2559,1702.359,161794.757,,,11963,789529,11068,764153,,,,,,,,,false,
starexec,SEV630+1.p,e1a,unary-redundancy,HARD_TIMEOUT,2559,0.000,,,,,,,,,,,,,,,,false,
starexec,SEV630+1.p,e1a,weight-greedy,TIMEOUT,2559,2084.564,157838.340,,,3782,484716,3750,470290,,,,,,,,,false,
starexec,SEV631+1.p,e1a,age-fair,HARD_TIMEOUT,3117,0.000,,,,,,,,,,,,,,,,false,
starexec,SEV631+1.p,e1a,balanced,REFUTED,3117,4105.936,33253.134,,,11136,1186834,10791,1171926,8797,,,,,,,,false,
starexec,SEV631+1.p,e1a,equational,REFUTED,3117,1687.469,1644.527,,,314,1042,271,647,202,,,,,,,,false,
starexec,SEV631+1.p,e1a,first-negative,REFUTED,3117,1432.906,654.103,,,42,74,34,27,27,,,,,,,,false,
starexec,SEV631+1.p,e1a,occurrence,REFUTED,3117,12240.527,29599.384,,,10424,294243,9719,278316,4404,,,,,,,,false,
starexec,SEV631+1.p,e1a,subsumption-light,REFUTED,3117,1367.371,1201.125,,,161,425,132,231,94,,,,,,,,false,
starexec,SEV631+1.p,e1a,unary-redundancy,REFUTED,3117,6977.303,7465.812,,,1453,9760,1325,7797,1158,,,,,,,,false,
starexec,SEV631+1.p,e1a,weight-greedy,REFUTED,3117,1246.025,1033.099,,,117,403,105,194,43,,,,,,,,false,
starexec,SEV634+1.p,e1a,age-fair,HARD_TIMEOUT,2534,0.000,,,,,,,,,,,,,,,,false,
starexec,SEV634+1.p,e1a,equational,TIMEOUT,2534,2768.500,156681.262,,,22672,4504585,20922,4447897,,,,,,,,,false,
starexec,SEV634+1.p,e1a,first-negative,TIMEOUT,2534,1523.636,159326.729,,,23454,6374882,18745,6276166,,,,,,,,,false,
starexec,SEV634+1.p,e1a,occurrence,HARD_TIMEOUT,2534,0.000,,,,,,,,,,,,,,,,false,
starexec,SEV634+1.p,e1a,subsumption-light,TIMEOUT,2534,2719.244,157140.518,,,11615,1474914,10610,1450206,,,,,,,,,false,
starexec,SEV634+1.p,e1a,unary-redundancy,HARD_TIMEOUT,2534,0.000,,,,,,,,,,,,,,,,false,
starexec,SEV634+1.p,e1a,weight-greedy,HARD_TIMEOUT,2534,0.000,,,,,,,,,,,,,,,,false,
starexec,SEV636+1.p,e1a,age-fair,EXHAUSTED,2935,2836.292,0.000,,,0,0,0,0,,,,,,,,,false,StackOverflowError:  at OLEquivalenceChecker.polarize:419
starexec,SEV636+1.p,e1a,balanced,EXHAUSTED,2935,3428.006,1186.394,,,0,0,0,0,,,,,,,,,false,StackOverflowError:  at BoxesRunTime.boxToInteger:63
starexec,SEV636+1.p,e1a,equational,EXHAUSTED,2935,1857.704,549.798,,,0,0,0,0,,,,,,,,,false,StackOverflowError:  at Product4.productElement$:25
starexec,SEV636+1.p,e1a,first-negative,SATURATED,2935,1461.343,19125.767,,,3530,80692,2861,41729,,,,,,,,,false,
starexec,SEV636+1.p,e1a,occurrence,EXHAUSTED,2935,2660.661,0.000,,,0,0,0,0,,,,,,,,,false,StackOverflowError:  at OLEquivalenceChecker.polarize:419
starexec,SEV636+1.p,e1a,subsumption-light,EXHAUSTED,2935,1909.558,556.254,,,0,0,0,0,,,,,,,,,false,StackOverflowError:  at Clausal$.term:173
starexec,SEV636+1.p,e1a,unary-redundancy,EXHAUSTED,2935,1841.103,0.000,,,0,0,0,0,,,,,,,,,false,StackOverflowError:  at Syntax$Identifier.equals:30
starexec,SEV636+1.p,e1a,weight-greedy,TIMEOUT,2935,1601.738,155891.006,,,15434,5362548,13733,5276225,,,,,,,,,false,
starexec,SEV637+1.p,e1a,age-fair,HARD_TIMEOUT,2981,0.000,,,,,,,,,,,,,,,,false,
starexec,SEV637+1.p,e1a,balanced,HARD_TIMEOUT,2981,0.000,,,,,,,,,,,,,,,,false,
starexec,SEV637+1.p,e1a,equational,REFUTED,2981,2520.064,36972.760,,,11309,1412024,10106,1386274,344,,,,,,,,false,
starexec,SEV637+1.p,e1a,first-negative,SATURATED,2981,1320.151,632.086,,,41,57,40,28,,,,,,,,,false,
starexec,SEV637+1.p,e1a,occurrence,HARD_TIMEOUT,2981,0.000,,,,,,,,,,,,,,,,false,
starexec,SEV637+1.p,e1a,subsumption-light,REFUTED,2981,1463.252,40012.660,,,7744,641340,6124,625816,301,,,,,,,,false,
starexec,SEV637+1.p,e1a,unary-redundancy,REFUTED,2981,3717.823,28979.087,,,6867,472475,5451,457482,325,,,,,,,,false,
starexec,SEV637+1.p,e1a,weight-greedy,TIMEOUT,2981,1318.326,156786.987,,,26785,7628577,22612,7494275,,,,,,,,,false,
starexec,SEV640+1.p,e1a,age-fair,HARD_TIMEOUT,2766,0.000,,,,,,,,,,,,,,,,false,
starexec,SEV640+1.p,e1a,balanced,HARD_TIMEOUT,2766,0.000,,,,,,,,,,,,,,,,false,
starexec,SEV640+1.p,e1a,equational,TIMEOUT,2766,2031.368,156092.627,,,24933,6275762,23557,6212586,,,,,,,,,false,
starexec,SEV640+1.p,e1a,first-negative,SATURATED,2766,1374.888,623.228,,,22,25,22,23,,,,,,,,,false,
starexec,SEV640+1.p,e1a,occurrence,TIMEOUT,2766,3014.424,156177.912,,,29769,6141472,25437,5972050,,,,,,,,,false,
starexec,SEV640+1.p,e1a,subsumption-light,SATURATED,2766,1467.530,1037.634,,,35,44,34,31,,,,,,,,,false,
starexec,SEV640+1.p,e1a,unary-redundancy,SATURATED,2766,1692.859,962.682,,,35,39,34,28,,,,,,,,,false,
starexec,SEV640+1.p,e1a,weight-greedy,TIMEOUT,2766,1429.599,155952.053,,,4932,5076623,4834,4964659,,,,,,,,,false,
starexec,SEV641+1.p,e1a,age-fair,HARD_TIMEOUT,3078,0.000,,,,,,,,,,,,,,,,false,
starexec,SEV641+1.p,e1a,balanced,HARD_TIMEOUT,3078,0.000,,,,,,,,,,,,,,,,false,
starexec,SEV641+1.p,e1a,equational,HARD_TIMEOUT,3078,0.000,,,,,,,,,,,,,,,,false,
starexec,SEV641+1.p,e1a,first-negative,TIMEOUT,3078,2641.451,157433.776,,,28738,3804035,24006,3723064,,,,,,,,,false,
starexec,SEV641+1.p,e1a,occurrence,HARD_TIMEOUT,3078,0.000,,,,,,,,,,,,,,,,false,
starexec,SEV641+1.p,e1a,subsumption-light,REFUTED,3078,3378.853,12064.675,,,2005,18706,1981,15798,514,,,,,,,,false,
starexec,SEV641+1.p,e1a,unary-redundancy,HARD_TIMEOUT,3078,0.000,,,,,,,,,,,,,,,,false,
starexec,SEV641+1.p,e1a,weight-greedy,TIMEOUT,3078,2625.071,157298.441,,,22380,1869028,17044,1787833,,,,,,,,,false,
starexec,SEV643+1.p,e1a,age-fair,HARD_TIMEOUT,2960,0.000,,,,,,,,,,,,,,,,false,
starexec,SEV643+1.p,e1a,balanced,HARD_TIMEOUT,2960,0.000,,,,,,,,,,,,,,,,false,
starexec,SEV643+1.p,e1a,equational,HARD_TIMEOUT,2960,0.000,,,,,,,,,,,,,,,,false,
starexec,SEV643+1.p,e1a,first-negative,SATURATED,2960,2331.666,698.063,,,87,142,82,57,,,,,,,,,false,
starexec,SEV643+1.p,e1a,occurrence,HARD_TIMEOUT,2960,0.000,,,,,,,,,,,,,,,,false,
starexec,SEV643+1.p,e1a,subsumption-light,REFUTED,2960,2406.608,10591.518,,,2327,51229,2230,46659,323,,,,,,,,false,
starexec,SEV643+1.p,e1a,unary-redundancy,HARD_TIMEOUT,2960,0.000,,,,,,,,,,,,,,,,false,
starexec,SEV643+1.p,e1a,weight-greedy,TIMEOUT,2960,1907.097,156255.671,,,17839,5941671,14288,5885532,,,,,,,,,false,
starexec,SEV644+1.p,e1a,age-fair,REFUTED,2363,10034.675,3077.863,,,0,4195,0,4195,4254,,,,,,,,false,
starexec,SEV644+1.p,e1a,balanced,REFUTED,2363,3440.960,2792.800,,,4,6477,4,6477,6586,,,,,,,,false,
starexec,SEV644+1.p,e1a,equational,REFUTED,2363,2453.350,915.195,,,4,83,4,83,98,,,,,,,,false,
starexec,SEV644+1.p,e1a,first-negative,REFUTED,2363,1590.071,601.793,,,0,4,0,4,5,,,,,,,,false,
starexec,SEV644+1.p,e1a,occurrence,REFUTED,2363,3553.383,842.214,,,0,80,0,80,81,,,,,,,,false,
starexec,SEV644+1.p,e1a,subsumption-light,REFUTED,2363,2431.146,1640.745,,,4,83,4,83,98,,,,,,,,false,
starexec,SEV644+1.p,e1a,unary-redundancy,REFUTED,2363,3505.974,1467.382,,,0,80,0,80,81,,,,,,,,false,
starexec,SEV644+1.p,e1a,weight-greedy,REFUTED,2363,2446.503,977.526,,,3,76,3,76,91,,,,,,,,false,
starexec,SEV645+1.p,e1a,age-fair,HARD_TIMEOUT,1984,0.000,,,,,,,,,,,,,,,,false,
starexec,SEV645+1.p,e1a,balanced,HARD_TIMEOUT,1984,0.000,,,,,,,,,,,,,,,,false,
starexec,SEV645+1.p,e1a,equational,TIMEOUT,1984,2942.849,157617.724,,,30575,4449389,27804,4373343,,,,,,,,,false,
starexec,SEV645+1.p,e1a,first-negative,TIMEOUT,1984,2087.153,155949.117,,,14136,808173,13887,672036,,,,,,,,,false,
starexec,SEV645+1.p,e1a,occurrence,HARD_TIMEOUT,1984,0.000,,,,,,,,,,,,,,,,false,
starexec,SEV645+1.p,e1a,subsumption-light,TIMEOUT,1984,2359.211,157154.173,,,15206,2098533,13551,2054391,,,,,,,,,false,
starexec,SEV645+1.p,e1a,unary-redundancy,HARD_TIMEOUT,1984,0.000,,,,,,,,,,,,,,,,false,
starexec,SEV645+1.p,e1a,weight-greedy,TIMEOUT,1984,2144.867,157806.274,,,1543,7639,1509,5281,,,,,,,,,false,
starexec,SEV646+1.p,e1a,age-fair,HARD_TIMEOUT,3067,0.000,,,,,,,,,,,,,,,,false,
starexec,SEV646+1.p,e1a,balanced,HARD_TIMEOUT,3067,0.000,,,,,,,,,,,,,,,,false,
starexec,SEV646+1.p,e1a,equational,REFUTED,3067,2328.943,3828.660,,,1289,4767,1282,3248,268,,,,,,,,false,
starexec,SEV646+1.p,e1a,first-negative,SATURATED,3067,1244.441,752.994,,,109,115,109,34,,,,,,,,,false,
starexec,SEV646+1.p,e1a,occurrence,HARD_TIMEOUT,3067,0.000,,,,,,,,,,,,,,,,false,
starexec,SEV646+1.p,e1a,subsumption-light,REFUTED,3067,2096.421,3678.944,,,367,1715,362,1306,128,,,,,,,,false,
starexec,SEV646+1.p,e1a,unary-redundancy,REFUTED,3067,3223.380,4118.230,,,602,3049,599,2422,159,,,,,,,,false,
starexec,SEV646+1.p,e1a,weight-greedy,REFUTED,3067,1719.482,3882.313,,,342,10090,328,6696,52,,,,,,,,false,
starexec,SEV650+1.p,e1a,age-fair,HARD_TIMEOUT,3015,0.000,,,,,,,,,,,,,,,,false,
starexec,SEV650+1.p,e1a,balanced,HARD_TIMEOUT,3015,0.000,,,,,,,,,,,,,,,,false,
starexec,SEV650+1.p,e1a,equational,TIMEOUT,3015,2536.505,158920.532,,,26106,2849493,23439,2795723,,,,,,,,,false,
starexec,SEV650+1.p,e1a,first-negative,SATURATED,3015,1428.179,1444.805,,,516,619,460,225,,,,,,,,,false,
starexec,SEV650+1.p,e1a,occurrence,HARD_TIMEOUT,3015,0.000,,,,,,,,,,,,,,,,false,
starexec,SEV650+1.p,e1a,subsumption-light,TIMEOUT,3015,1412.733,161567.643,,,14419,634926,13129,600604,,,,,,,,,false,
starexec,SEV650+1.p,e1a,unary-redundancy,TIMEOUT,3015,2038.504,161491.815,,,13948,593265,12654,557975,,,,,,,,,false,
starexec,SEV650+1.p,e1a,weight-greedy,TIMEOUT,3015,2146.332,158757.286,,,4969,3976292,4812,3877146,,,,,,,,,false,
starexec,SEV651+1.p,e1a,age-fair,HARD_TIMEOUT,2743,0.000,,,,,,,,,,,,,,,,false,
starexec,SEV651+1.p,e1a,balanced,HARD_TIMEOUT,2743,0.000,,,,,,,,,,,,,,,,false,
starexec,SEV651+1.p,e1a,equational,TIMEOUT,2743,3051.306,158816.421,,,33375,4500144,32323,4437816,,,,,,,,,false,
starexec,SEV651+1.p,e1a,first-negative,TIMEOUT,2743,3123.820,157463.117,,,30047,1153444,25526,975496,,,,,,,,,false,
starexec,SEV651+1.p,e1a,occurrence,HARD_TIMEOUT,2743,0.000,,,,,,,,,,,,,,,,false,
starexec,SEV651+1.p,e1a,subsumption-light,TIMEOUT,2743,2727.837,158586.161,,,15588,1174459,15141,1148679,,,,,,,,,false,
starexec,SEV651+1.p,e1a,unary-redundancy,HARD_TIMEOUT,2743,0.000,,,,,,,,,,,,,,,,false,
starexec,SEV651+1.p,e1a,weight-greedy,TIMEOUT,2743,2419.978,158490.050,,,13695,3732800,13292,3591528,,,,,,,,,false,
starexec,SEV654+1.p,e1a,balanced,EXHAUSTED,3190,2598.233,141394.464,,,0,0,0,0,,,,,,,,,false,OutOfMemoryError: Java heap space at Arrays.copyOf:3623
starexec,SEV654+1.p,e1a,equational,TIMEOUT,3190,2096.560,161408.624,,,41203,2288435,38975,2195817,,,,,,,,,false,
starexec,SEV654+1.p,e1a,first-negative,TIMEOUT,3190,2422.375,156385.423,,,11159,5292724,9773,5168286,,,,,,,,,false,
starexec,SEV654+1.p,e1a,occurrence,HARD_TIMEOUT,3190,0.000,,,,,,,,,,,,,,,,false,
starexec,SEV654+1.p,e1a,subsumption-light,TIMEOUT,3190,1564.709,161111.935,,,21645,1143928,21051,1093598,,,,,,,,,false,
starexec,SEV654+1.p,e1a,unary-redundancy,HARD_TIMEOUT,3190,0.000,,,,,,,,,,,,,,,,false,
starexec,SEV654+1.p,e1a,weight-greedy,TIMEOUT,3190,1251.537,160715.231,,,11664,6800387,10338,6685584,,,,,,,,,false,
starexec,SEV655+1.p,e1a,age-fair,HARD_TIMEOUT,3248,0.000,,,,,,,,,,,,,,,,false,
starexec,SEV655+1.p,e1a,balanced,HARD_TIMEOUT,3248,0.000,,,,,,,,,,,,,,,,false,
starexec,SEV655+1.p,e1a,equational,TIMEOUT,3248,3098.484,158476.983,,,29968,2349421,29091,2284817,,,,,,,,,false,
starexec,SEV655+1.p,e1a,first-negative,TIMEOUT,3248,2578.220,156688.323,,,29149,4191200,25698,4100619,,,,,,,,,false,
starexec,SEV655+1.p,e1a,occurrence,KILLED,,0.000,,,,,,,,,,,,,,,,false,killed before finishing
starexec,SEV655+1.p,e1a,subsumption-light,TIMEOUT,3248,3010.791,158518.550,,,14435,1074168,13504,1040944,,,,,,,,,false,
starexec,SEV655+1.p,e1a,unary-redundancy,HARD_TIMEOUT,3248,0.000,,,,,,,,,,,,,,,,false,
starexec,SEV655+1.p,e1a,weight-greedy,TIMEOUT,3248,2500.139,157478.958,,,15402,4926268,11883,4636369,,,,,,,,,false,
starexec,SEV656+1.p,e1a,age-fair,HARD_TIMEOUT,3041,0.000,,,,,,,,,,,,,,,,false,
starexec,SEV656+1.p,e1a,balanced,HARD_TIMEOUT,3041,0.000,,,,,,,,,,,,,,,,false,
starexec,SEV656+1.p,e1a,equational,TIMEOUT,3041,2633.689,157795.729,,,31096,2278790,29135,2206100,,,,,,,,,false,
starexec,SEV656+1.p,e1a,first-negative,TIMEOUT,3041,2316.754,156314.419,,,14156,3076183,10452,2928996,,,,,,,,,false,
starexec,SEV656+1.p,e1a,subsumption-light,TIMEOUT,3041,2454.621,157943.149,,,10044,753250,9293,729574,,,,,,,,,false,
starexec,SEV656+1.p,e1a,unary-redundancy,HARD_TIMEOUT,3041,0.000,,,,,,,,,,,,,,,,false,
starexec,SEV656+1.p,e1a,weight-greedy,TIMEOUT,3041,2118.648,157387.066,,,19828,3777961,15409,3460610,,,,,,,,,false,
starexec,SEV657+1.p,e1a,age-fair,HARD_TIMEOUT,3067,0.000,,,,,,,,,,,,,,,,false,
starexec,SEV657+1.p,e1a,balanced,HARD_TIMEOUT,3067,0.000,,,,,,,,,,,,,,,,false,
starexec,SEV657+1.p,e1a,equational,TIMEOUT,3067,2411.313,159013.762,,,23583,4151510,23259,4116156,,,,,,,,,false,
starexec,SEV657+1.p,e1a,first-negative,SATURATED,3067,2510.403,1613.363,,,212,227,212,44,,,,,,,,,false,
starexec,SEV657+1.p,e1a,occurrence,HARD_TIMEOUT,3067,0.000,,,,,,,,,,,,,,,,false,
starexec,SEV657+1.p,e1a,subsumption-light,TIMEOUT,3067,2366.096,158061.717,,,13902,977326,13737,952220,,,,,,,,,false,
starexec,SEV657+1.p,e1a,unary-redundancy,REFUTED,3067,3675.030,123147.766,,,11802,1048965,11475,1029953,216,,,,,,,,false,
starexec,SEV657+1.p,e1a,weight-greedy,TIMEOUT,3067,2011.088,157412.346,,,11313,6092419,10590,5934878,,,,,,,,,false,
starexec,SEV658+1.p,e1a,age-fair,HARD_TIMEOUT,3118,0.000,,,,,,,,,,,,,,,,false,
starexec,SEV658+1.p,e1a,balanced,KILLED,,0.000,,,,,,,,,,,,,,,,false,killed before finishing
starexec,SEV658+1.p,e1a,equational,TIMEOUT,3118,2703.861,157973.620,,,27498,2063601,26520,2014473,,,,,,,,,false,
starexec,SEV658+1.p,e1a,first-negative,TIMEOUT,3118,2355.033,156945.586,,,13341,889002,9270,849866,,,,,,,,,false,
starexec,SEV658+1.p,e1a,occurrence,HARD_TIMEOUT,3118,0.000,,,,,,,,,,,,,,,,false,
starexec,SEV658+1.p,e1a,subsumption-light,TIMEOUT,3118,2463.698,158329.518,,,15779,1018524,15487,985038,,,,,,,,,false,
starexec,SEV658+1.p,e1a,unary-redundancy,TIMEOUT,3118,3783.655,158301.465,,,11738,557006,11365,533807,,,,,,,,,false,
starexec,SEV658+1.p,e1a,weight-greedy,TIMEOUT,3118,2150.822,160124.606,,,10790,4418515,8807,4304626,,,,,,,,,false,
starexec,SEV660+1.p,e1a,age-fair,HARD_TIMEOUT,2689,0.000,,,,,,,,,,,,,,,,false,
starexec,SEV660+1.p,e1a,equational,REFUTED,2689,2198.302,10220.514,,,3343,60228,3324,55802,212,,,,,,,,false,
starexec,SEV660+1.p,e1a,first-negative,TIMEOUT,2689,1908.643,157869.556,,,2871,4819805,2859,4811389,,,,,,,,,false,
starexec,SEV660+1.p,e1a,occurrence,HARD_TIMEOUT,2689,0.000,,,,,,,,,,,,,,,,false,
starexec,SEV660+1.p,e1a,subsumption-light,REFUTED,2689,1846.192,2244.773,,,310,1246,307,892,90,,,,,,,,false,
starexec,SEV660+1.p,e1a,unary-redundancy,HARD_TIMEOUT,2689,0.000,,,,,,,,,,,,,,,,false,
starexec,SEV660+1.p,e1a,weight-greedy,REFUTED,2689,1530.743,2872.348,,,187,761,185,400,48,,,,,,,,false,
starexec,SEV661+1.p,e1a,age-fair,HARD_TIMEOUT,2456,0.000,,,,,,,,,,,,,,,,false,
starexec,SEV661+1.p,e1a,balanced,TIMEOUT,2456,2775.309,163756.609,,,45540,3179003,44855,3127399,,,,,,,,,false,
starexec,SEV661+1.p,e1a,equational,REFUTED,2456,1342.309,1210.530,,,290,566,264,178,151,,,,,,,,false,
starexec,SEV661+1.p,e1a,first-negative,SATURATED,2456,1096.595,446.734,,,14,18,14,11,,,,,,,,,false,
starexec,SEV661+1.p,e1a,occurrence,HARD_TIMEOUT,2456,0.000,,,,,,,,,,,,,,,,false,
starexec,SEV661+1.p,e1a,subsumption-light,REFUTED,2456,1089.357,1079.229,,,148,295,126,110,89,,,,,,,,false,
starexec,SEV661+1.p,e1a,unary-redundancy,REFUTED,2456,3648.919,47080.445,,,17608,812027,17149,789867,1158,,,,,,,,false,
starexec,SEV661+1.p,e1a,weight-greedy,SATURATED,2456,1007.595,634.920,,,46,63,34,37,,,,,,,,,false,
starexec,SEV667+1.p,e1a,age-fair,HARD_TIMEOUT,2862,0.000,,,,,,,,,,,,,,,,false,
starexec,SEV667+1.p,e1a,balanced,HARD_TIMEOUT,2862,0.000,,,,,,,,,,,,,,,,false,
starexec,SEV667+1.p,e1a,equational,TIMEOUT,2862,2015.241,158402.444,,,27527,3712825,27289,3671413,,,,,,,,,false,
starexec,SEV667+1.p,e1a,first-negative,SATURATED,2862,1861.175,776.111,,,20,23,20,11,,,,,,,,,false,
starexec,SEV667+1.p,e1a,occurrence,HARD_TIMEOUT,2862,0.000,,,,,,,,,,,,,,,,false,
starexec,SEV667+1.p,e1a,subsumption-light,TIMEOUT,2862,1594.579,158571.845,,,4630,29249,4509,13821,,,,,,,,,false,
starexec,SEV667+1.p,e1a,unary-redundancy,HARD_TIMEOUT,2862,0.000,,,,,,,,,,,,,,,,false,
starexec,SEV667+1.p,e1a,weight-greedy,TIMEOUT,2862,1583.041,158223.464,,,7367,717298,7132,696503,,,,,,,,,false,
starexec,SEV668+1.p,e1a,age-fair,REFUTED,2820,13453.750,24883.767,,,5672,377706,5622,371824,5809,,,,,,,,false,
starexec,SEV668+1.p,e1a,balanced,REFUTED,2820,3729.694,3837.366,,,718,10430,716,9714,7418,,,,,,,,false,
starexec,SEV668+1.p,e1a,equational,REFUTED,2820,3321.164,1622.359,,,14,430,14,426,426,,,,,,,,false,
starexec,SEV668+1.p,e1a,first-negative,REFUTED,2820,1847.953,748.676,,,18,25,17,21,21,,,,,,,,false,
starexec,SEV668+1.p,e1a,occurrence,REFUTED,2820,4826.897,1659.779,,,22,513,21,513,513,,,,,,,,false,
starexec,SEV668+1.p,e1a,subsumption-light,REFUTED,2820,1522.588,759.500,,,16,27,16,21,21,,,,,,,,false,
starexec,SEV668+1.p,e1a,unary-redundancy,REFUTED,2820,1717.711,761.591,,,14,26,14,21,21,,,,,,,,false,
starexec,SEV668+1.p,e1a,weight-greedy,REFUTED,2820,1508.782,692.106,,,6,21,6,21,21,,,,,,,,false,
starexec,SEV671+1.p,e1a,age-fair,HARD_TIMEOUT,2497,0.000,,,,,,,,,,,,,,,,false,
starexec,SEV671+1.p,e1a,balanced,HARD_TIMEOUT,2497,0.000,,,,,,,,,,,,,,,,false,
starexec,SEV671+1.p,e1a,equational,TIMEOUT,2497,2912.562,156453.848,,,36470,4455442,34617,4407064,,,,,,,,,false,
starexec,SEV671+1.p,e1a,occurrence,HARD_TIMEOUT,2497,0.000,,,,,,,,,,,,,,,,false,
starexec,SEV671+1.p,e1a,subsumption-light,TIMEOUT,2497,2622.446,156279.587,,,16610,2155275,14480,2127821,,,,,,,,,false,
starexec,SEV671+1.p,e1a,unary-redundancy,HARD_TIMEOUT,2497,0.000,,,,,,,,,,,,,,,,false,
starexec,SEV671+1.p,e1a,weight-greedy,TIMEOUT,2497,1212.215,161266.982,,,15112,7098124,13949,7030647,,,,,,,,,false,
starexec,SEV673+1.p,e1a,age-fair,HARD_TIMEOUT,2701,0.000,,,,,,,,,,,,,,,,false,
starexec,SEV673+1.p,e1a,balanced,KILLED,,0.000,,,,,,,,,,,,,,,,false,killed before finishing
starexec,SEV673+1.p,e1a,equational,TIMEOUT,2701,3079.579,156316.889,,,26732,4742415,23833,4688425,,,,,,,,,false,
starexec,SEV673+1.p,e1a,first-negative,TIMEOUT,2701,2245.755,154729.276,,,23873,616011,22649,454531,,,,,,,,,false,
starexec,SEV673+1.p,e1a,occurrence,HARD_TIMEOUT,2701,0.000,,,,,,,,,,,,,,,,false,
starexec,SEV673+1.p,e1a,subsumption-light,TIMEOUT,2701,2885.128,156341.709,,,13362,1482762,12232,1455162,,,,,,,,,false,
starexec,SEV673+1.p,e1a,unary-redundancy,HARD_TIMEOUT,2701,0.000,,,,,,,,,,,,,,,,false,
starexec,SEV673+1.p,e1a,weight-greedy,REFUTED,2701,2252.877,80289.082,,,9856,2061503,4934,1941676,279,,,,,,,,false,
starexec,SEV675+1.p,e1a,balanced,KILLED,,0.000,,,,,,,,,,,,,,,,false,killed before finishing
starexec,SEV675+1.p,e1a,equational,HARD_TIMEOUT,3187,0.000,,,,,,,,,,,,,,,,false,
starexec,SEV675+1.p,e1a,first-negative,SATURATED,3187,2208.378,1000.585,,,57,59,55,49,,,,,,,,,false,
starexec,SEV675+1.p,e1a,occurrence,HARD_TIMEOUT,3187,0.000,,,,,,,,,,,,,,,,false,
starexec,SEV675+1.p,e1a,subsumption-light,TIMEOUT,3187,2825.559,158217.353,,,19266,679978,17642,646918,,,,,,,,,false,
starexec,SEV675+1.p,e1a,unary-redundancy,HARD_TIMEOUT,3187,0.000,,,,,,,,,,,,,,,,false,
starexec,SEV675+1.p,e1a,weight-greedy,TIMEOUT,3187,1994.339,157367.746,,,4924,2872581,4274,2833258,,,,,,,,,false,
starexec,SEV676+1.p,e1a,age-fair,HARD_TIMEOUT,3004,0.000,,,,,,,,,,,,,,,,false,
starexec,SEV676+1.p,e1a,balanced,TIMEOUT,3004,2017.143,164557.175,,,38944,3782769,38064,3726801,,,,,,,,,false,
starexec,SEV676+1.p,e1a,equational,TIMEOUT,3004,2123.720,160234.223,,,23559,5036806,20891,4964876,,,,,,,,,false,
starexec,SEV676+1.p,e1a,first-negative,TIMEOUT,3004,1462.386,159165.707,,,1923,23886,1752,13409,,,,,,,,,false,
starexec,SEV676+1.p,e1a,occurrence,HARD_TIMEOUT,3004,0.000,,,,,,,,,,,,,,,,false,
starexec,SEV676+1.p,e1a,subsumption-light,TIMEOUT,3004,1591.928,160038.615,,,10020,1681958,9161,1651334,,,,,,,,,false,
starexec,SEV676+1.p,e1a,unary-redundancy,HARD_TIMEOUT,3004,0.000,,,,,,,,,,,,,,,,false,
starexec,SEV676+1.p,e1a,weight-greedy,TIMEOUT,3004,1287.913,160951.769,,,14188,4658065,10900,4588281,,,,,,,,,false,
starexec,SEV677+1.p,e1a,age-fair,HARD_TIMEOUT,3185,0.000,,,,,,,,,,,,,,,,false,
starexec,SEV677+1.p,e1a,balanced,HARD_TIMEOUT,3185,0.000,,,,,,,,,,,,,,,,false,
starexec,SEV677+1.p,e1a,equational,REFUTED,3185,2480.184,3157.292,,,1529,10736,1470,8504,501,,,,,,,,false,
starexec,SEV677+1.p,e1a,first-negative,SATURATED,3185,1303.882,516.131,,,20,22,20,14,,,,,,,,,false,
starexec,SEV677+1.p,e1a,occurrence,HARD_TIMEOUT,3185,0.000,,,,,,,,,,,,,,,,false,
starexec,SEV677+1.p,e1a,subsumption-light,REFUTED,3185,1597.028,2705.157,,,716,4237,651,3233,243,,,,,,,,false,
starexec,SEV677+1.p,e1a,unary-redundancy,HARD_TIMEOUT,3185,0.000,,,,,,,,,,,,,,,,false,
starexec,SEV677+1.p,e1a,weight-greedy,REFUTED,3185,1123.195,769.729,,,59,140,57,68,38,,,,,,,,false,
starexec,SEV678+1.p,e1a,age-fair,REFUTED,2924,10791.548,16178.397,,,3117,140849,3092,137703,5135,,,,,,,,false,
starexec,SEV678+1.p,e1a,balanced,REFUTED,2924,3496.744,14730.055,,,7676,297359,7558,289428,8011,,,,,,,,false,
starexec,SEV678+1.p,e1a,equational,REFUTED,2924,2106.246,1088.118,,,21,246,21,242,262,,,,,,,,false,
starexec,SEV678+1.p,e1a,first-negative,REFUTED,2924,1702.681,719.769,,,10,18,10,14,14,,,,,,,,false,
starexec,SEV678+1.p,e1a,occurrence,REFUTED,2924,2948.073,1116.094,,,17,242,17,238,247,,,,,,,,false,
starexec,SEV678+1.p,e1a,subsumption-light,REFUTED,2924,2050.058,1305.440,,,25,231,25,226,246,,,,,,,,false,
starexec,SEV678+1.p,e1a,unary-redundancy,REFUTED,2924,2986.167,1288.932,,,24,244,24,238,247,,,,,,,,false,
starexec,SEV678+1.p,e1a,weight-greedy,REFUTED,2924,1096.746,605.784,,,14,89,14,86,97,,,,,,,,false,
starexec,SEV679+1.p,e1a,age-fair,HARD_TIMEOUT,3356,0.000,,,,,,,,,,,,,,,,false,
starexec,SEV679+1.p,e1a,balanced,REFUTED,3356,4392.254,7591.367,,,2755,45713,2723,42801,9747,,,,,,,,false,
starexec,SEV679+1.p,e1a,equational,REFUTED,3356,3614.933,2337.110,,,309,957,309,815,822,,,,,,,,false,
starexec,SEV679+1.p,e1a,first-negative,REFUTED,3356,2868.473,8931.982,,,2875,43514,2708,36225,70,,,,,,,,false,
starexec,SEV679+1.p,e1a,occurrence,REFUTED,3356,12211.585,8156.891,,,2773,15423,2757,12539,4434,,,,,,,,false,
starexec,SEV679+1.p,e1a,subsumption-light,REFUTED,3356,2906.592,4646.476,,,755,2144,747,1326,431,,,,,,,,false,
starexec,SEV679+1.p,e1a,unary-redundancy,REFUTED,3356,4951.655,2590.839,,,292,781,292,655,656,,,,,,,,false,
starexec,SEV679+1.p,e1a,weight-greedy,REFUTED,3356,1666.073,1428.905,,,420,886,417,399,293,,,,,,,,false,
starexec,SWB012+1.p,e1a,age-fair,HARD_TIMEOUT,559,0.000,,,,,,,,,,,,,,,,false,
starexec,SWB012+1.p,e1a,balanced,TIMEOUT,559,1153.509,164626.845,,,32623,9874406,32052,9826926,,,,,,,,,false,
starexec,SWB012+1.p,e1a,equational,TIMEOUT,559,2495.345,163232.546,,,27211,5835065,26771,5792497,,,,,,,,,false,
starexec,SWB012+1.p,e1a,first-negative,SATURATED,559,1125.652,540.651,,,13,14,13,13,,,,,,,,,false,
starexec,SWB012+1.p,e1a,occurrence,HARD_TIMEOUT,559,0.000,,,,,,,,,,,,,,,,false,
starexec,SWB012+1.p,e1a,subsumption-light,TIMEOUT,559,1956.894,163186.036,,,20450,1674589,20320,1636370,,,,,,,,,false,
starexec,SWB012+1.p,e1a,unary-redundancy,HARD_TIMEOUT,559,0.000,,,,,,,,,,,,,,,,false,
starexec,SWB012+1.p,e1a,weight-greedy,SATURATED,559,913.909,1759.080,,,266,1605,216,261,,,,,,,,,false,
starexec,SWB013+2.p,e1a,age-fair,REFUTED,8,1111.014,64473.498,,,14776,438310,14692,411864,56,,,,,,,,false,
starexec,SWB013+2.p,e1a,balanced,TIMEOUT,8,297.144,165033.136,,,23109,8772653,23006,8743413,,,,,,,,,false,
starexec,SWB013+2.p,e1a,equational,TIMEOUT,8,551.033,164226.234,,,14292,5061795,14212,5042603,,,,,,,,,false,
starexec,SWB013+2.p,e1a,first-negative,REFUTED,8,1242.337,6709.717,,,2307,14387,2283,11380,56,,,,,,,,false,
starexec,SWB013+2.p,e1a,occurrence,REFUTED,8,1134.427,44356.481,,,9623,503906,9316,475491,56,,,,,,,,false,
starexec,SWB013+2.p,e1a,subsumption-light,TIMEOUT,8,575.710,164730.373,,,7032,1326086,7030,1317766,,,,,,,,,false,
starexec,SWB013+2.p,e1a,unary-redundancy,REFUTED,8,1146.976,82996.674,,,8175,305928,8005,290734,56,,,,,,,,false,
starexec,SWB013+2.p,e1a,weight-greedy,TIMEOUT,8,569.345,164215.803,,,18600,661429,18284,627919,,,,,,,,,false,
starexec,SWB017+1.p,e1a,age-fair,REFUTED,559,4405.117,25693.088,,,9209,401307,9152,389570,1055,,,,,,,,false,
starexec,SWB017+1.p,e1a,balanced,REFUTED,559,1264.413,40870.598,,,29528,3855429,29442,3818281,1382,,,,,,,,false,
starexec,SWB017+1.p,e1a,equational,REFUTED,559,1053.194,1225.264,,,179,613,177,349,115,,,,,,,,false,
starexec,SWB017+1.p,e1a,first-negative,SATURATED,559,936.058,506.674,,,7,7,7,6,,,,,,,,,false,
starexec,SWB017+1.p,e1a,occurrence,REFUTED,559,4361.820,28858.876,,,17506,236058,17407,192147,993,,,,,,,,false,
starexec,SWB017+1.p,e1a,subsumption-light,REFUTED,559,966.793,1065.465,,,101,288,97,135,73,,,,,,,,false,
starexec,SWB017+1.p,e1a,unary-redundancy,REFUTED,559,2650.136,4051.251,,,694,2170,689,1163,357,,,,,,,,false,
starexec,SWB017+1.p,e1a,weight-greedy,SATURATED,559,778.194,620.659,,,8,20,7,16,,,,,,,,,false,
starexec,SWB020+1.p,e1a,age-fair,HARD_TIMEOUT,559,0.000,,,,,,,,,,,,,,,,false,
starexec,SWB020+1.p,e1a,balanced,TIMEOUT,559,1243.842,164712.978,,,31367,9779869,30827,9732007,,,,,,,,,false,
starexec,SWB020+1.p,e1a,equational,TIMEOUT,559,1513.402,162989.852,,,26516,4148783,26288,4072495,,,,,,,,,false,
starexec,SWB020+1.p,e1a,first-negative,SATURATED,559,694.304,371.716,,,11,14,11,14,,,,,,,,,false,
starexec,SWB020+1.p,e1a,occurrence,HARD_TIMEOUT,559,0.000,,,,,,,,,,,,,,,,false,
starexec,SWB020+1.p,e1a,subsumption-light,TIMEOUT,559,1460.920,163050.051,,,14992,1391717,14959,1358521,,,,,,,,,false,
starexec,SWB020+1.p,e1a,unary-redundancy,TIMEOUT,559,2677.396,163172.519,,,7891,1373170,7755,1356940,,,,,,,,,false,
starexec,SWB020+1.p,e1a,weight-greedy,TIMEOUT,559,597.850,163583.912,,,9773,621814,9757,574449,,,,,,,,,false,
starexec,SWB021+2.p,e1a,age-fair,TIMEOUT,7,1245.334,164205.677,,,15262,839329,12160,766675,,,,,,,,,false,
starexec,SWB021+2.p,e1a,balanced,REFUTED,7,345.919,9700.808,,,2830,184791,2440,173492,78,,,,,,,,false,
starexec,SWB021+2.p,e1a,equational,REFUTED,7,655.554,12154.170,,,2817,184169,2353,172465,78,,,,,,,,false,
starexec,SWB021+2.p,e1a,first-negative,TIMEOUT,7,1318.097,163792.006,,,34281,1159900,28371,1005093,,,,,,,,,false,
starexec,SWB021+2.p,e1a,occurrence,REFUTED,7,1242.677,13374.179,,,2668,121205,2440,114478,69,,,,,,,,false,
starexec,SWB021+2.p,e1a,subsumption-light,REFUTED,7,626.062,8110.092,,,1136,32586,1060,28627,78,,,,,,,,false,
starexec,SWB021+2.p,e1a,unary-redundancy,REFUTED,7,1225.532,13619.661,,,1585,44315,1446,40780,69,,,,,,,,false,
starexec,SWB021+2.p,e1a,weight-greedy,REFUTED,7,613.188,4320.869,,,1799,8683,898,1311,78,,,,,,,,false,
starexec,SWB023+1.p,e1a,age-fair,HARD_TIMEOUT,559,0.000,,,,,,,,,,,,,,,,false,
starexec,SWB023+1.p,e1a,balanced,REFUTED,559,1285.635,18326.570,,,10055,809661,9925,794287,1386,,,,,,,,false,
starexec,SWB023+1.p,e1a,equational,REFUTED,559,1207.648,2341.369,,,641,2265,611,1119,165,,,,,,,,false,
starexec,SWB023+1.p,e1a,first-negative,SATURATED,559,1027.763,569.139,,,15,16,14,13,,,,,,,,,false,
starexec,SWB023+1.p,e1a,occurrence,HARD_TIMEOUT,559,0.000,,,,,,,,,,,,,,,,false,
starexec,SWB023+1.p,e1a,subsumption-light,REFUTED,559,1175.031,1962.886,,,343,851,318,305,135,,,,,,,,false,
starexec,SWB023+1.p,e1a,unary-redundancy,REFUTED,559,2795.966,10233.831,,,2099,9021,2067,5050,363,,,,,,,,false,
starexec,SWB023+1.p,e1a,weight-greedy,REFUTED,559,1157.362,1299.709,,,120,231,97,84,93,,,,,,,,false,
starexec,SWB027+1.p,e1a,age-fair,HARD_TIMEOUT,559,0.000,,,,,,,,,,,,,,,,false,
starexec,SWB027+1.p,e1a,balanced,TIMEOUT,559,1166.566,164711.682,,,31539,9791980,31350,9742765,,,,,,,,,false,
starexec,SWB027+1.p,e1a,equational,TIMEOUT,559,1844.674,162841.360,,,18469,5440748,18088,5406766,,,,,,,,,false,
starexec,SWB027+1.p,e1a,first-negative,SATURATED,559,723.418,1395.903,,,329,2557,213,1086,,,,,,,,,false,
starexec,SWB027+1.p,e1a,occurrence,TIMEOUT,559,3813.637,163131.381,,,36389,1081681,36211,984003,,,,,,,,,false,
starexec,SWB027+1.p,e1a,subsumption-light,TIMEOUT,559,1116.632,162447.450,,,14900,1037558,14348,1013958,,,,,,,,,false,
starexec,SWB027+1.p,e1a,unary-redundancy,TIMEOUT,559,2559.575,163106.670,,,14377,626189,13881,595306,,,,,,,,,false,
starexec,SWB027+1.p,e1a,weight-greedy,TIMEOUT,559,695.779,163664.754,,,22763,1446716,22273,1400365,,,,,,,,,false,
starexec,SWB032+1.p,e1a,age-fair,HARD_TIMEOUT,558,0.000,,,,,,,,,,,,,,,,false,
starexec,SWB032+1.p,e1a,balanced,TIMEOUT,558,1249.694,164598.168,,,36608,10684545,36428,10632261,,,,,,,,,false,
starexec,SWB032+1.p,e1a,equational,TIMEOUT,558,1347.936,162413.336,,,35383,2595760,32757,2496472,,,,,,,,,false,
starexec,SWB032+1.p,e1a,first-negative,SATURATED,558,1181.263,482.743,,,28,33,28,33,,,,,,,,,false,
starexec,SWB032+1.p,e1a,occurrence,HARD_TIMEOUT,558,0.000,,,,,,,,,,,,,,,,false,
starexec,SWB032+1.p,e1a,subsumption-light,REFUTED,558,1227.279,18052.900,,,4787,37181,4718,25117,233,,,,,,,,false,
starexec,SWB032+1.p,e1a,unary-redundancy,REFUTED,558,2759.074,31066.515,,,6582,91193,5695,67336,398,,,,,,,,false,
starexec,SWB032+1.p,e1a,weight-greedy,REFUTED,558,1007.901,1736.031,,,656,2024,648,534,101,,,,,,,,false,
starexec,SWB040+1.p,e1a,age-fair,HARD_TIMEOUT,559,0.000,,,,,,,,,,,,,,,,false,
starexec,SWB040+1.p,e1a,balanced,TIMEOUT,559,1149.338,164574.792,,,32141,10424077,31935,10373477,,,,,,,,,false,
starexec,SWB040+1.p,e1a,equational,TIMEOUT,559,1288.667,162430.692,,,37113,2052269,35274,1967648,,,,,,,,,false,
starexec,SWB040+1.p,e1a,first-negative,SATURATED,559,690.138,366.456,,,11,14,11,14,,,,,,,,,false,
starexec,SWB040+1.p,e1a,occurrence,HARD_TIMEOUT,559,0.000,,,,,,,,,,,,,,,,false,
starexec,SWB040+1.p,e1a,subsumption-light,REFUTED,559,1137.648,12173.023,,,3038,29548,2982,20734,198,,,,,,,,false,
starexec,SWB040+1.p,e1a,unary-redundancy,REFUTED,559,2734.489,107303.869,,,6752,73843,6465,51354,351,,,,,,,,false,
starexec,SWB040+1.p,e1a,weight-greedy,TIMEOUT,559,923.882,162294.743,,,10784,716954,10768,664882,,,,,,,,,false,
starexec,SWB042+1.p,e1a,age-fair,HARD_TIMEOUT,559,0.000,,,,,,,,,,,,,,,,false,
starexec,SWB042+1.p,e1a,balanced,TIMEOUT,559,1242.992,164765.827,,,33971,11392259,33772,11343377,,,,,,,,,false,
starexec,SWB042+1.p,e1a,equational,TIMEOUT,559,1937.784,163069.449,,,24779,5233899,24529,5198815,,,,,,,,,false,
starexec,SWB042+1.p,e1a,first-negative,SATURATED,559,1386.725,657.285,,,49,52,49,32,,,,,,,,,false,
starexec,SWB042+1.p,e1a,occurrence,HARD_TIMEOUT,559,0.000,,,,,,,,,,,,,,,,false,
starexec,SWB042+1.p,e1a,subsumption-light,TIMEOUT,559,1738.543,162825.303,,,17222,240590,16965,218102,,,,,,,,,false,
starexec,SWB042+1.p,e1a,unary-redundancy,TIMEOUT,559,2810.183,163011.441,,,14379,1051368,13438,1006170,,,,,,,,,false,
starexec,SWB042+1.p,e1a,weight-greedy,TIMEOUT,559,1008.347,162788.146,,,1592,3053,1592,773,,,,,,,,,false,
starexec,SWB046+1.p,e1a,age-fair,HARD_TIMEOUT,559,0.000,,,,,,,,,,,,,,,,false,
starexec,SWB046+1.p,e1a,balanced,TIMEOUT,559,1243.041,164714.452,,,31280,11319188,31103,11270092,,,,,,,,,false,
starexec,SWB046+1.p,e1a,equational,REFUTED,559,1867.649,24458.575,,,7254,340662,7211,330584,502,,,,,,,,false,
starexec,SWB046+1.p,e1a,first-negative,SATURATED,559,1110.993,2013.959,,,287,2664,186,887,,,,,,,,,false,
starexec,SWB046+1.p,e1a,occurrence,HARD_TIMEOUT,559,0.000,,,,,,,,,,,,,,,,false,
starexec,SWB046+1.p,e1a,subsumption-light,REFUTED,559,1167.530,2510.239,,,637,2117,619,970,157,,,,,,,,false,
starexec,SWB046+1.p,e1a,unary-redundancy,REFUTED,559,2733.452,8276.187,,,1661,6756,1635,3698,353,,,,,,,,false,
starexec,SWB046+1.p,e1a,weight-greedy,SATURATED,559,928.569,1270.036,,,185,616,122,122,,,,,,,,,false,
starexec,SWB047+1.p,e1a,age-fair,HARD_TIMEOUT,559,0.000,,,,,,,,,,,,,,,,false,
starexec,SWB047+1.p,e1a,balanced,TIMEOUT,559,1197.977,164733.207,,,32722,11102403,32506,11050741,,,,,,,,,false,
starexec,SWB047+1.p,e1a,equational,TIMEOUT,559,1837.639,163069.426,,,19902,6657051,19161,6619453,,,,,,,,,false,
starexec,SWB047+1.p,e1a,first-negative,SATURATED,559,627.701,449.676,,,13,14,13,13,,,,,,,,,false,
starexec,SWB047+1.p,e1a,occurrence,HARD_TIMEOUT,559,0.000,,,,,,,,,,,,,,,,false,
starexec,SWB047+1.p,e1a,subsumption-light,TIMEOUT,559,664.754,163712.417,,,27595,1657163,25903,1608023,,,,,,,,,false,
starexec,SWB047+1.p,e1a,unary-redundancy,REFUTED,559,1673.173,8066.751,,,2296,22049,2275,17655,368,,,,,,,,false,
starexec,SWB047+1.p,e1a,weight-greedy,SATURATED,559,814.516,1032.913,,,151,384,99,89,,,,,,,,,false,
starexec,SWB053+1.p,e1a,age-fair,REFUTED,559,4018.553,20381.438,,,8532,350841,8480,339861,1045,,,,,,,,false,
starexec,SWB053+1.p,e1a,balanced,REFUTED,559,1035.362,29347.599,,,18429,1982787,18291,1954316,1380,,,,,,,,false,
starexec,SWB053+1.p,e1a,equational,REFUTED,559,1245.668,1879.357,,,572,1934,559,865,234,,,,,,,,false,
starexec,SWB053+1.p,e1a,first-negative,SATURATED,559,617.268,338.640,,,25,47,25,17,,,,,,,,,false,
starexec,SWB053+1.p,e1a,occurrence,REFUTED,559,3973.608,34338.126,,,15736,227275,15683,186886,983,,,,,,,,false,
starexec,SWB053+1.p,e1a,subsumption-light,REFUTED,559,774.700,1196.521,,,423,1315,418,577,194,,,,,,,,false,
starexec,SWB053+1.p,e1a,unary-redundancy,REFUTED,559,2722.622,3026.209,,,664,2098,661,1128,347,,,,,,,,false,
starexec,SWB053+1.p,e1a,weight-greedy,REFUTED,559,643.978,649.097,,,167,469,167,121,73,,,,,,,,false,
starexec,SWB055+1.p,e1a,age-fair,TIMEOUT,559,2490.151,164634.354,,,50046,3247299,48474,3172419,,,,,,,,,false,
starexec,SWB055+1.p,e1a,balanced,TIMEOUT,559,1244.891,164692.983,,,33767,10190295,33568,10142541,,,,,,,,,false,
starexec,SWB055+1.p,e1a,equational,TIMEOUT,559,1027.747,164378.096,,,37089,8678109,36632,8624789,,,,,,,,,false,
starexec,SWB055+1.p,e1a,first-negative,SATURATED,559,509.838,417.584,,,152,171,143,44,,,,,,,,,false,
starexec,SWB055+1.p,e1a,occurrence,TIMEOUT,559,2160.153,164674.881,,,44477,1314970,41424,1191793,,,,,,,,,false,
starexec,SWB055+1.p,e1a,subsumption-light,TIMEOUT,559,825.257,164395.878,,,16243,628162,14739,521730,,,,,,,,,false,
starexec,SWB055+1.p,e1a,unary-redundancy,TIMEOUT,559,1366.301,164505.347,,,16497,990884,16065,936759,,,,,,,,,false,
starexec,SWB055+1.p,e1a,weight-greedy,REFUTED,559,576.355,1626.433,,,725,4768,496,619,83,,,,,,,,false,
starexec,SWB063+1.p,e1a,age-fair,HARD_TIMEOUT,559,0.000,,,,,,,,,,,,,,,,false,
starexec,SWB063+1.p,e1a,balanced,TIMEOUT,559,1207.022,164844.723,,,31596,11922870,31434,11873200,,,,,,,,,false,
starexec,SWB063+1.p,e1a,equational,REFUTED,559,1110.087,2543.678,,,642,2775,629,1261,144,,,,,,,,false,
starexec,SWB063+1.p,e1a,first-negative,SATURATED,559,1021.968,464.908,,,8,10,8,10,,,,,,,,,false,
starexec,SWB063+1.p,e1a,occurrence,HARD_TIMEOUT,559,0.000,,,,,,,,,,,,,,,,false,
starexec,SWB063+1.p,e1a,subsumption-light,REFUTED,559,1084.313,1731.564,,,207,486,191,171,99,,,,,,,,false,
starexec,SWB063+1.p,e1a,unary-redundancy,TIMEOUT,559,2696.041,163046.342,,,17194,591171,16545,536323,,,,,,,,,false,
starexec,SWB063+1.p,e1a,weight-greedy,SATURATED,559,824.344,497.057,,,19,22,18,16,,,,,,,,,false,
starexec,SWB068+1.p,e1a,age-fair,HARD_TIMEOUT,559,0.000,,,,,,,,,,,,,,,,false,
starexec,SWB068+1.p,e1a,balanced,TIMEOUT,559,1180.228,164671.794,,,34207,10872859,33893,10824521,,,,,,,,,false,
starexec,SWB068+1.p,e1a,equational,TIMEOUT,559,1986.696,162918.883,,,42105,7827858,41738,7773254,,,,,,,,,false,
starexec,SWB068+1.p,e1a,first-negative,SATURATED,559,1421.443,1062.753,,,170,318,156,85,,,,,,,,,false,
starexec,SWB068+1.p,e1a,occurrence,HARD_TIMEOUT,559,0.000,,,,,,,,,,,,,,,,false,
starexec,SWB068+1.p,e1a,subsumption-light,TIMEOUT,559,1577.438,163005.554,,,19495,622416,18426,536049,,,,,,,,,false,
starexec,SWB068+1.p,e1a,unary-redundancy,REFUTED,559,2688.470,28174.523,,,4731,47946,4552,36770,355,,,,,,,,false,
starexec,SWB068+1.p,e1a,weight-greedy,REFUTED,559,998.526,1223.474,,,180,356,167,73,73,,,,,,,,false,
starexec,SWB073+1.p,e1a,age-fair,REFUTED,559,4531.680,25764.662,,,8634,371367,8576,360243,1047,,,,,,,,false,
starexec,SWB073+1.p,e1a,balanced,REFUTED,559,1251.701,42342.043,,,18800,2426457,18660,2397153,1380,,,,,,,,false,
starexec,SWB073+1.p,e1a,equational,REFUTED,559,1114.750,2046.932,,,548,5302,540,4244,161,,,,,,,,false,
starexec,SWB073+1.p,e1a,first-negative,SATURATED,559,1066.769,490.769,,,16,19,16,16,,,,,,,,,false,
starexec,SWB073+1.p,e1a,occurrence,REFUTED,559,4292.070,43919.484,,,16194,231337,16144,189352,985,,,,,,,,false,
starexec,SWB073+1.p,e1a,subsumption-light,REFUTED,559,1035.705,2046.129,,,431,3400,428,2602,135,,,,,,,,false,
starexec,SWB073+1.p,e1a,unary-redundancy,REFUTED,559,2804.607,4175.471,,,775,2501,773,1264,372,,,,,,,,false,
starexec,SWB073+1.p,e1a,weight-greedy,REFUTED,559,975.335,1067.052,,,224,750,222,216,62,,,,,,,,false,
starexec,SWB090+1.p,e1a,age-fair,HARD_TIMEOUT,559,0.000,,,,,,,,,,,,,,,,false,
starexec,SWB090+1.p,e1a,balanced,HARD_TIMEOUT,559,0.000,,,,,,,,,,,,,,,,false,
starexec,SWB090+1.p,e1a,equational,TIMEOUT,559,2042.170,162944.868,,,35349,4348231,34781,4287593,,,,,,,,,false,
starexec,SWB090+1.p,e1a,first-negative,SATURATED,559,1025.552,453.895,,,11,14,11,14,,,,,,,,,false,
starexec,SWB090+1.p,e1a,occurrence,HARD_TIMEOUT,559,0.000,,,,,,,,,,,,,,,,false,
starexec,SWB090+1.p,e1a,subsumption-light,TIMEOUT,559,2011.702,163166.078,,,24934,1275420,24718,1235500,,,,,,,,,false,
starexec,SWB090+1.p,e1a,unary-redundancy,HARD_TIMEOUT,559,0.000,,,,,,,,,,,,,,,,false,
starexec,SWB090+1.p,e1a,weight-greedy,TIMEOUT,559,958.083,162258.074,,,9621,612073,9605,565910,,,,,,,,,false,
starexec,SWB091+1.p,e1a,age-fair,HARD_TIMEOUT,559,0.000,,,,,,,,,,,,,,,,false,
starexec,SWB091+1.p,e1a,balanced,TIMEOUT,559,1198.758,164728.047,,,32284,10183767,31558,10134463,,,,,,,,,false,
starexec,SWB091+1.p,e1a,equational,TIMEOUT,559,2430.030,163351.866,,,25885,5829121,25602,5787381,,,,,,,,,false,
starexec,SWB091+1.p,e1a,first-negative,SATURATED,559,983.003,516.403,,,6,6,6,6,,,,,,,,,false,
starexec,SWB091+1.p,e1a,occurrence,HARD_TIMEOUT,559,0.000,,,,,,,,,,,,,,,,false,
starexec,SWB091+1.p,e1a,subsumption-light,TIMEOUT,559,1966.517,163262.940,,,24943,1316809,23381,1268769,,,,,,,,,false,
starexec,SWB091+1.p,e1a,unary-redundancy,HARD_TIMEOUT,559,0.000,,,,,,,,,,,,,,,,false,
starexec,SWB091+1.p,e1a,weight-greedy,SATURATED,559,739.242,629.751,,,52,91,52,31,,,,,,,,,false,
starexec,SWB093+1.p,e1a,age-fair,HARD_TIMEOUT,559,0.000,,,,,,,,,,,,,,,,false,
starexec,SWB093+1.p,e1a,balanced,TIMEOUT,559,1268.594,164639.134,,,36831,13974900,36592,13916516,,,,,,,,,false,
starexec,SWB093+1.p,e1a,equational,TIMEOUT,559,2192.370,162743.272,,,42113,4814129,41566,4741410,,,,,,,,,false,
starexec,SWB093+1.p,e1a,first-negative,SATURATED,559,987.224,501.098,,,11,14,11,14,,,,,,,,,false,
starexec,SWB093+1.p,e1a,occurrence,HARD_TIMEOUT,559,0.000,,,,,,,,,,,,,,,,false,
starexec,SWB093+1.p,e1a,subsumption-light,TIMEOUT,559,1975.680,163028.868,,,28347,1083036,26508,1032858,,,,,,,,,false,
starexec,SWB093+1.p,e1a,unary-redundancy,HARD_TIMEOUT,559,0.000,,,,,,,,,,,,,,,,false,
starexec,SWB093+1.p,e1a,weight-greedy,TIMEOUT,559,912.868,162260.340,,,9621,612073,9605,565910,,,,,,,,,false,
starexec,SWB095+1.p,e1a,age-fair,HARD_TIMEOUT,559,0.000,,,,,,,,,,,,,,,,false,
starexec,SWB095+1.p,e1a,equational,TIMEOUT,559,2067.533,163160.795,,,35247,4362924,34675,4302452,,,,,,,,,false,
starexec,SWB095+1.p,e1a,first-negative,SATURATED,559,1039.592,408.402,,,11,14,11,14,,,,,,,,,false,
starexec,SWB095+1.p,e1a,occurrence,HARD_TIMEOUT,559,0.000,,,,,,,,,,,,,,,,false,
starexec,SWB095+1.p,e1a,subsumption-light,TIMEOUT,559,2021.357,163248.116,,,24012,1230524,23684,1191735,,,,,,,,,false,
starexec,SWB095+1.p,e1a,unary-redundancy,HARD_TIMEOUT,559,0.000,,,,,,,,,,,,,,,,false,
starexec,SWB095+1.p,e1a,weight-greedy,TIMEOUT,559,941.381,162472.012,,,9605,611953,9589,565910,,,,,,,,,false,
starexec,SWB099+1.p,e1a,age-fair,TIMEOUT,559,3971.568,162839.795,,,54881,4762306,54280,4689211,,,,,,,,,false,
starexec,SWB099+1.p,e1a,balanced,TIMEOUT,559,1218.078,164523.364,,,41282,15690034,41049,15623344,,,,,,,,,false,
starexec,SWB099+1.p,e1a,equational,TIMEOUT,559,1225.253,162641.171,,,42280,6164141,40604,6079867,,,,,,,,,false,
starexec,SWB099+1.p,e1a,first-negative,SATURATED,559,1085.016,495.690,,,11,14,11,14,,,,,,,,,false,
starexec,SWB099+1.p,e1a,occurrence,HARD_TIMEOUT,559,0.000,,,,,,,,,,,,,,,,false,
starexec,SWB099+1.p,e1a,subsumption-light,TIMEOUT,559,1229.401,162362.614,,,19948,1508982,19078,1471254,,,,,,,,,false,
starexec,SWB099+1.p,e1a,unary-redundancy,TIMEOUT,559,3431.785,162994.486,,,31051,582831,30719,530433,,,,,,,,,false,
starexec,SWB099+1.p,e1a,weight-greedy,TIMEOUT,559,957.475,162147.798,,,12656,880604,12636,819462,,,,,,,,,false,
starexec,SWB103+1.p,e1a,age-fair,TIMEOUT,559,3802.020,162718.528,,,54864,4113822,54100,4037055,,,,,,,,,false,
starexec,SWB103+1.p,e1a,balanced,TIMEOUT,559,1025.125,164312.820,,,40709,17853549,39946,17791003,,,,,,,,,false,
starexec,SWB103+1.p,e1a,equational,TIMEOUT,559,1943.636,162337.577,,,62239,3919877,58989,3813831,,,,,,,,,false,
starexec,SWB103+1.p,e1a,first-negative,SATURATED,559,1019.507,494.203,,,8,10,8,10,,,,,,,,,false,
starexec,SWB103+1.p,e1a,occurrence,TIMEOUT,559,3247.798,162737.270,,,48936,1516216,45869,1373369,,,,,,,,,false,
starexec,SWB103+1.p,e1a,subsumption-light,TIMEOUT,559,2008.052,162769.179,,,44289,844978,38820,759162,,,,,,,,,false,
starexec,SWB103+1.p,e1a,unary-redundancy,TIMEOUT,559,3119.609,162456.490,,,30114,498531,29691,447557,,,,,,,,,false,
starexec,SWB103+1.p,e1a,weight-greedy,SATURATED,559,830.230,450.322,,,19,22,18,16,,,,,,,,,false,
starexec,SWC012+1.p,e1a,age-fair,REFUTED,95,2020.048,76900.841,,,31729,1058616,31378,1022597,211,,,,,,,,false,
starexec,SWC012+1.p,e1a,balanced,REFUTED,95,551.225,1110.174,,,346,1291,338,919,220,,,,,,,,false,
starexec,SWC012+1.p,e1a,equational,REFUTED,95,1098.252,2065.661,,,344,1278,338,906,220,,,,,,,,false,
starexec,SWC012+1.p,e1a,occurrence,REFUTED,95,2030.793,2406.239,,,546,2019,535,1421,211,,,,,,,,false,
starexec,SWC012+1.p,e1a,subsumption-light,REFUTED,95,1112.114,35876.019,,,10131,214880,9986,202343,220,,,,,,,,false,
starexec,SWC012+1.p,e1a,unary-redundancy,REFUTED,95,2020.934,2547.514,,,410,1513,403,1077,211,,,,,,,,false,
starexec,SWC012+1.p,e1a,weight-greedy,REFUTED,95,1108.840,4164.283,,,1518,10904,1337,8418,220,,,,,,,,false,
starexec,SWV014+1.p,e1a,age-fair,REFUTED,28,794.153,1063.428,,,145,255,140,79,38,,,,,,,,false,
starexec,SWV014+1.p,e1a,balanced,REFUTED,28,234.918,444.811,,,63,82,61,38,38,,,,,,,,false,
starexec,SWV014+1.p,e1a,equational,REFUTED,28,457.355,910.375,,,77,110,74,38,38,,,,,,,,false,
starexec,SWV014+1.p,e1a,first-negative,TIMEOUT,28,873.578,163530.084,,,8008,14508893,8008,14493285,,,,,,,,,false,
starexec,SWV014+1.p,e1a,occurrence,REFUTED,28,811.688,753.432,,,62,72,60,38,38,,,,,,,,false,
starexec,SWV014+1.p,e1a,subsumption-light,REFUTED,28,485.730,869.380,,,63,82,61,38,38,,,,,,,,false,
starexec,SWV014+1.p,e1a,unary-redundancy,REFUTED,28,782.046,867.943,,,63,82,61,38,38,,,,,,,,false,
starexec,SWV014+1.p,e1a,weight-greedy,REFUTED,28,457.950,740.607,,,63,70,61,38,38,,,,,,,,false,
starexec,SWV041+1.p,e1a,age-fair,REFUTED,99,1568.311,12064.246,,,3946,151229,3792,146578,178,,,,,,,,false,
starexec,SWV041+1.p,e1a,balanced,REFUTED,99,428.622,1094.041,,,268,1581,243,1269,178,,,,,,,,false,
starexec,SWV041+1.p,e1a,equational,REFUTED,99,822.860,1957.119,,,251,1459,237,1167,178,,,,,,,,false,
starexec,SWV041+1.p,e1a,first-negative,REFUTED,99,1649.071,2055.106,,,363,1851,342,1373,178,,,,,,,,false,
starexec,SWV041+1.p,e1a,occurrence,REFUTED,99,1545.460,2256.622,,,383,2506,366,1927,178,,,,,,,,false,
starexec,SWV041+1.p,e1a,subsumption-light,REFUTED,99,922.914,2174.630,,,237,1414,226,1136,178,,,,,,,,false,
starexec,SWV041+1.p,e1a,unary-redundancy,REFUTED,99,1596.750,2262.190,,,261,1684,241,1381,178,,,,,,,,false,
starexec,SWV041+1.p,e1a,weight-greedy,REFUTED,99,884.194,2716.653,,,729,4178,683,2365,178,,,,,,,,false,
starexec,SWV114+1.p,e1a,age-fair,TIMEOUT,101,1750.849,163675.449,,,22580,4223466,22185,4195316,,,,,,,,,false,
starexec,SWV114+1.p,e1a,balanced,TIMEOUT,101,480.029,164769.791,,,34362,11053463,33072,10987351,,,,,,,,,false,
starexec,SWV114+1.p,e1a,equational,TIMEOUT,101,990.903,163845.466,,,24748,6538613,24030,6492310,,,,,,,,,false,
starexec,SWV114+1.p,e1a,first-negative,TIMEOUT,101,2000.785,163222.042,,,31548,2135793,30123,2073085,,,,,,,,,false,
starexec,SWV114+1.p,e1a,occurrence,TIMEOUT,101,1780.673,163560.947,,,31006,5508818,27457,5356476,,,,,,,,,false,
starexec,SWV114+1.p,e1a,subsumption-light,TIMEOUT,101,957.772,163876.497,,,15406,3434502,14683,3406554,,,,,,,,,false,
starexec,SWV114+1.p,e1a,unary-redundancy,TIMEOUT,101,1804.940,163855.741,,,16269,2540770,15366,2510960,,,,,,,,,false,
starexec,SWV114+1.p,e1a,weight-greedy,REFUTED,101,1003.769,3255.622,,,1020,5026,934,3076,199,,,,,,,,false,
starexec,SWV202+1.p,e1a,age-fair,TIMEOUT,91,1814.412,163863.427,,,19545,8605537,18652,8576295,,,,,,,,,false,
starexec,SWV202+1.p,e1a,balanced,TIMEOUT,91,452.416,164821.067,,,34684,13702455,33161,13623455,,,,,,,,,false,
starexec,SWV202+1.p,e1a,equational,TIMEOUT,91,924.265,163907.117,,,25165,6598908,23950,6546922,,,,,,,,,false,
starexec,SWV202+1.p,e1a,first-negative,TIMEOUT,91,1919.818,163836.036,,,23678,1701448,23025,1655605,,,,,,,,,false,
starexec,SWV202+1.p,e1a,occurrence,TIMEOUT,91,1931.069,163712.942,,,34267,7152629,32356,6983147,,,,,,,,,false,
starexec,SWV202+1.p,e1a,subsumption-light,TIMEOUT,91,970.780,163810.326,,,16290,2808942,15564,2778142,,,,,,,,,false,
starexec,SWV202+1.p,e1a,unary-redundancy,TIMEOUT,91,1855.656,163797.000,,,17080,1846073,16165,1812735,,,,,,,,,false,
starexec,SWV202+1.p,e1a,weight-greedy,REFUTED,91,604.854,1198.747,,,253,757,233,400,203,,,,,,,,false,
starexec,SWV203+1.p,e1a,age-fair,TIMEOUT,91,1875.735,163971.651,,,18997,6860752,18068,6832241,,,,,,,,,false,
starexec,SWV203+1.p,e1a,balanced,TIMEOUT,91,434.429,164808.141,,,30112,9128216,28927,9065428,,,,,,,,,false,
starexec,SWV203+1.p,e1a,equational,TIMEOUT,91,949.092,163846.151,,,23071,5610791,22012,5565120,,,,,,,,,false,
starexec,SWV203+1.p,e1a,first-negative,TIMEOUT,91,2082.530,163407.171,,,26304,1907489,25847,1857813,,,,,,,,,false,
starexec,SWV203+1.p,e1a,occurrence,TIMEOUT,91,1827.640,163827.805,,,26038,4607181,24343,4480524,,,,,,,,,false,
starexec,SWV203+1.p,e1a,subsumption-light,TIMEOUT,91,860.019,163831.398,,,16272,2767603,15529,2736768,,,,,,,,,false,
starexec,SWV203+1.p,e1a,unary-redundancy,TIMEOUT,91,1791.726,163897.207,,,16914,1851383,16016,1818283,,,,,,,,,false,
starexec,SWV203+1.p,e1a,weight-greedy,REFUTED,91,571.101,1202.666,,,259,768,228,391,203,,,,,,,,false,
starexec,SWV234+1.p,e1a,age-fair,TIMEOUT,25,418.942,168414.081,,,6037,6805359,5358,6786693,,,,,,,,,false,
starexec,SWV234+1.p,e1a,balanced,HARD_TIMEOUT,25,0.000,,,,,,,,,,,,,,,,false,
starexec,SWV234+1.p,e1a,equational,TIMEOUT,25,269.564,165370.349,,,6146,6774884,5519,6740010,,,,,,,,,false,
starexec,SWV234+1.p,e1a,first-negative,TIMEOUT,25,742.907,163702.999,,,14425,7126070,14391,7105968,,,,,,,,,false,
starexec,SWV234+1.p,e1a,occurrence,TIMEOUT,25,422.383,166803.180,,,4659,7436486,4393,7382334,,,,,,,,,false,
starexec,SWV234+1.p,e1a,subsumption-light,TIMEOUT,25,273.307,164776.436,,,3088,739718,2556,723182,,,,,,,,,false,
starexec,SWV234+1.p,e1a,unary-redundancy,TIMEOUT,25,444.402,166501.955,,,3095,788367,2558,772165,,,,,,,,,false,
starexec,SWV234+1.p,e1a,weight-greedy,TIMEOUT,25,262.691,164761.772,,,4482,5618996,4053,5449181,,,,,,,,,false,
starexec,SWV234+2.p,e1a,age-fair,REFUTED,21,335.715,91334.726,,,995,2717992,933,2710328,22,,,,,,,,false,
starexec,SWV234+2.p,e1a,balanced,REFUTED,21,90.040,75368.152,,,1207,4422545,1172,4407522,22,,,,,,,,false,
starexec,SWV234+2.p,e1a,equational,REFUTED,21,231.968,125003.081,,,1137,3714204,1104,3700524,22,,,,,,,,false,
starexec,SWV234+2.p,e1a,first-negative,HARD_TIMEOUT,21,0.000,,,,,,,,,,,,,,,,false,
starexec,SWV234+2.p,e1a,occurrence,REFUTED,21,324.186,25974.269,,,682,794832,656,785498,22,,,,,,,,false,
starexec,SWV234+2.p,e1a,subsumption-light,TIMEOUT,21,230.765,164902.809,,,1140,4231494,1102,4217450,,,,,,,,,false,
starexec,SWV234+2.p,e1a,unary-redundancy,TIMEOUT,21,346.655,165295.990,,,1177,4268572,1128,4254512,,,,,,,,,false,
starexec,SWV234+2.p,e1a,weight-greedy,REFUTED,21,207.949,4227.483,,,203,22262,187,17743,22,,,,,,,,false,
starexec,SWV390+1.p,e1a,age-fair,REFUTED,42,979.318,2120.766,,,203,1589,199,1336,55,,,,,,,,false,
starexec,SWV390+1.p,e1a,balanced,REFUTED,42,285.530,676.641,,,99,304,97,172,55,,,,,,,,false,
starexec,SWV390+1.p,e1a,equational,REFUTED,42,548.762,1235.781,,,97,316,95,186,55,,,,,,,,false,
starexec,SWV390+1.p,e1a,first-negative,REFUTED,42,1089.711,1530.902,,,134,421,131,255,55,,,,,,,,false,
starexec,SWV390+1.p,e1a,occurrence,REFUTED,42,958.586,1695.324,,,130,1332,128,952,55,,,,,,,,false,
starexec,SWV390+1.p,e1a,subsumption-light,REFUTED,42,599.092,1349.109,,,97,319,96,191,55,,,,,,,,false,
starexec,SWV390+1.p,e1a,unary-redundancy,REFUTED,42,1034.425,1388.524,,,97,319,96,191,55,,,,,,,,false,
starexec,SWV390+1.p,e1a,weight-greedy,REFUTED,42,572.265,10206.598,,,290,4812,287,3650,55,,,,,,,,false,
starexec,SWV406+1.p,e1a,age-fair,TIMEOUT,41,687.013,164737.488,,,3307,3567412,3274,3562167,,,,,,,,,false,
starexec,SWV406+1.p,e1a,balanced,REFUTED,41,196.023,38479.943,,,2903,1741148,2160,1732546,59,,,,,,,,false,
starexec,SWV406+1.p,e1a,equational,TIMEOUT,41,403.380,164822.565,,,4592,4201980,4238,4186472,,,,,,,,,false,
starexec,SWV406+1.p,e1a,first-negative,TIMEOUT,41,1213.684,163668.027,,,11231,3891084,10790,3863144,,,,,,,,,false,
starexec,SWV406+1.p,e1a,occurrence,REFUTED,41,700.059,62865.593,,,2692,3479242,2522,3457683,58,,,,,,,,false,
starexec,SWV406+1.p,e1a,subsumption-light,TIMEOUT,41,421.708,165072.477,,,1813,553908,1687,548750,,,,,,,,,false,
starexec,SWV406+1.p,e1a,unary-redundancy,REFUTED,41,690.168,5762.966,,,431,14063,302,13198,58,,,,,,,,false,
starexec,SWV406+1.p,e1a,weight-greedy,REFUTED,41,387.552,1705.473,,,355,4737,232,3340,59,,,,,,,,false,
starexec,SWV452+1.p,e1a,age-fair,TIMEOUT,66,1380.105,163790.484,,,16230,6134446,15680,6098724,,,,,,,,,false,
starexec,SWV452+1.p,e1a,balanced,TIMEOUT,66,389.674,164812.560,,,17015,16887840,14738,16789404,,,,,,,,,false,
starexec,SWV452+1.p,e1a,equational,HARD_TIMEOUT,66,0.000,,,,,,,,,,,,,,,,false,
starexec,SWV452+1.p,e1a,first-negative,TIMEOUT,66,1469.639,163475.686,,,11780,6220550,9069,6135455,,,,,,,,,false,
starexec,SWV452+1.p,e1a,occurrence,TIMEOUT,66,1384.513,163733.945,,,12122,9697336,10925,9568305,,,,,,,,,false,
starexec,SWV452+1.p,e1a,subsumption-light,TIMEOUT,66,734.125,163781.299,,,7000,4099456,5948,4055914,,,,,,,,,false,
starexec,SWV452+1.p,e1a,unary-redundancy,TIMEOUT,66,1393.590,163777.929,,,6975,4180806,5945,4139076,,,,,,,,,false,
starexec,SWV452+1.p,e1a,weight-greedy,REFUTED,66,768.563,2395.588,,,346,1309,287,413,130,,,,,,,,false,
starexec,SWV453+1.p,e1a,age-fair,KILLED,,0.000,,,,,,,,,,,,,,,,false,killed before finishing
starexec,SWV453+1.p,e1a,balanced,TIMEOUT,66,356.740,164911.331,,,16838,16761549,14570,16660957,,,,,,,,,false,
starexec,SWV453+1.p,e1a,equational,TIMEOUT,66,720.257,163986.366,,,10178,9621411,8553,9552865,,,,,,,,,false,
starexec,SWV453+1.p,e1a,first-negative,TIMEOUT,66,1574.342,163663.187,,,12112,6338613,9425,6250747,,,,,,,,,false,
starexec,SWV453+1.p,e1a,occurrence,TIMEOUT,66,1439.466,164043.421,,,12242,9910284,11014,9777937,,,,,,,,,false,
starexec,SWV453+1.p,e1a,subsumption-light,TIMEOUT,66,740.147,164379.218,,,6937,4129922,5993,4092708,,,,,,,,,false,
starexec,SWV453+1.p,e1a,unary-redundancy,TIMEOUT,66,1359.709,164339.300,,,7060,4423975,6099,4387439,,,,,,,,,false,
starexec,SWV453+1.p,e1a,weight-greedy,REFUTED,66,752.960,2357.483,,,340,1320,286,425,130,,,,,,,,false,
starexec,SWV454+1.p,e1a,age-fair,TIMEOUT,66,1308.221,164844.713,,,15591,6202308,15190,6168989,,,,,,,,,false,
starexec,SWV454+1.p,e1a,balanced,TIMEOUT,66,362.227,164912.072,,,12872,18844974,12032,18786964,,,,,,,,,false,
starexec,SWV454+1.p,e1a,equational,TIMEOUT,66,730.139,163938.446,,,9216,10147939,8595,10105551,,,,,,,,,false,
starexec,SWV454+1.p,e1a,first-negative,REFUTED,66,1492.075,75346.142,,,7684,3522610,6777,3481783,124,,,,,,,,false,
starexec,SWV454+1.p,e1a,occurrence,REFUTED,66,1297.298,1502.482,,,157,309,145,124,124,,,,,,,,false,
starexec,SWV454+1.p,e1a,subsumption-light,TIMEOUT,66,739.380,163950.424,,,6501,4262956,6044,4232298,,,,,,,,,false,
starexec,SWV454+1.p,e1a,unary-redundancy,TIMEOUT,66,1357.929,163926.180,,,6512,4517747,6070,4487543,,,,,,,,,false,
starexec,SWV454+1.p,e1a,weight-greedy,REFUTED,66,761.438,1425.290,,,165,304,151,127,127,,,,,,,,false,
starexec,SWV467+1.p,e1a,age-fair,TIMEOUT,66,1738.643,163769.287,,,15184,5853542,14578,5819434,,,,,,,,,false,
starexec,SWV467+1.p,e1a,balanced,TIMEOUT,66,418.907,166489.314,,,16727,14313830,14987,14221440,,,,,,,,,false,
starexec,SWV467+1.p,e1a,equational,TIMEOUT,66,860.478,163716.815,,,11797,8214929,10608,8158112,,,,,,,,,false,
starexec,SWV467+1.p,e1a,first-negative,TIMEOUT,66,1890.625,163409.532,,,13862,9259689,10206,9150569,,,,,,,,,false,
starexec,SWV467+1.p,e1a,occurrence,TIMEOUT,66,1747.168,163710.984,,,9141,9673985,7852,9461878,,,,,,,,,false,
starexec,SWV467+1.p,e1a,subsumption-light,TIMEOUT,66,884.220,163759.606,,,5701,3664514,5042,3635832,,,,,,,,,false,
starexec,SWV467+1.p,e1a,unary-redundancy,TIMEOUT,66,1800.363,163585.241,,,7073,3798529,6422,3764433,,,,,,,,,false,
starexec,SWV467+1.p,e1a,weight-greedy,HARD_TIMEOUT,66,0.000,,,,,,,,,,,,,,,,false,
starexec,SWV473+1.p,e1a,age-fair,TIMEOUT,66,1548.429,163963.059,,,15034,5518644,14547,5485811,,,,,,,,,false,
starexec,SWV473+1.p,e1a,balanced,TIMEOUT,66,400.923,167094.378,,,15318,13802153,13939,13708223,,,,,,,,,false,
starexec,SWV473+1.p,e1a,equational,TIMEOUT,66,799.387,163867.960,,,10616,7927103,9550,7868485,,,,,,,,,false,
starexec,SWV473+1.p,e1a,first-negative,TIMEOUT,66,1673.071,163514.280,,,12413,5487972,10605,5405596,,,,,,,,,false,
starexec,SWV473+1.p,e1a,occurrence,TIMEOUT,66,1488.221,163926.487,,,9203,8891690,8838,8670845,,,,,,,,,false,
starexec,SWV473+1.p,e1a,subsumption-light,TIMEOUT,66,820.876,163874.816,,,4458,2675309,4207,2650633,,,,,,,,,false,
starexec,SWV473+1.p,e1a,unary-redundancy,TIMEOUT,66,1521.828,163934.978,,,4601,2660642,4333,2633660,,,,,,,,,false,
starexec,SWV473+1.p,e1a,weight-greedy,REFUTED,66,749.944,2959.081,,,745,2330,541,947,126,,,,,,,,false,
starexec,SWV474+1.p,e1a,age-fair,TIMEOUT,66,1277.991,165157.548,,,15409,5878201,14876,5844438,,,,,,,,,false,
starexec,SWV474+1.p,e1a,balanced,TIMEOUT,66,268.660,165196.631,,,16926,15490450,15651,15391762,,,,,,,,,false,
starexec,SWV474+1.p,e1a,equational,TIMEOUT,66,643.029,163535.761,,,12013,8833487,11083,8769783,,,,,,,,,false,
starexec,SWV474+1.p,e1a,first-negative,TIMEOUT,66,1509.447,163535.441,,,15556,9340072,12630,9220790,,,,,,,,,false,
starexec,SWV474+1.p,e1a,occurrence,TIMEOUT,66,1032.800,164593.707,,,9665,10593856,9043,10346979,,,,,,,,,false,
starexec,SWV474+1.p,e1a,subsumption-light,TIMEOUT,66,619.968,163528.655,,,5604,4023035,5269,3991875,,,,,,,,,false,
starexec,SWV474+1.p,e1a,unary-redundancy,TIMEOUT,66,995.460,164671.244,,,5647,4139958,5353,4107622,,,,,,,,,false,
starexec,SWV474+1.p,e1a,weight-greedy,TIMEOUT,66,520.675,164549.624,,,13473,12988203,12670,12599738,,,,,,,,,false,
starexec,SWV479+1.p,e1a,age-fair,TIMEOUT,66,1157.393,163441.512,,,15728,6416632,15226,6382663,,,,,,,,,false,
starexec,SWV479+1.p,e1a,balanced,TIMEOUT,66,314.173,165179.378,,,17645,15129588,15972,15028044,,,,,,,,,false,
starexec,SWV479+1.p,e1a,equational,TIMEOUT,66,626.404,163586.389,,,13266,8649603,11929,8583693,,,,,,,,,false,
starexec,SWV479+1.p,e1a,first-negative,TIMEOUT,66,1245.218,162951.975,,,15046,8446085,12204,8339281,,,,,,,,,false,
starexec,SWV479+1.p,e1a,occurrence,TIMEOUT,66,1140.911,164489.260,,,9851,10367365,8883,10135259,,,,,,,,,false,
starexec,SWV479+1.p,e1a,subsumption-light,TIMEOUT,66,632.594,163468.247,,,5732,3875162,5126,3844512,,,,,,,,,false,
starexec,SWV479+1.p,e1a,unary-redundancy,TIMEOUT,66,1150.165,164795.473,,,5744,4025580,5232,3992952,,,,,,,,,false,
starexec,SWV479+1.p,e1a,weight-greedy,TIMEOUT,66,626.415,164371.591,,,15716,12548906,14626,12157538,,,,,,,,,false,
starexec,SWV487+3.p,e1a,age-fair,TIMEOUT,12,734.243,164977.854,,,10561,6534825,10323,6518033,,,,,,,,,false,
starexec,SWV487+3.p,e1a,balanced,TIMEOUT,12,182.182,164940.354,,,16472,14625180,15517,14562848,,,,,,,,,false,
starexec,SWV487+3.p,e1a,equational,TIMEOUT,12,396.958,164220.652,,,11842,8299550,10755,8259626,,,,,,,,,false,
starexec,SWV487+3.p,e1a,first-negative,REFUTED,12,766.189,141893.052,,,11434,6734569,10457,6703247,23,,,,,,,,false,
starexec,SWV487+3.p,e1a,occurrence,HARD_TIMEOUT,12,0.000,,,,,,,,,,,,,,,,false,
starexec,SWV487+3.p,e1a,subsumption-light,TIMEOUT,12,386.461,164201.198,,,8084,3640196,7035,3615153,,,,,,,,,false,
starexec,SWV487+3.p,e1a,unary-redundancy,TIMEOUT,12,645.375,164192.612,,,8177,4275204,6771,4248790,,,,,,,,,false,
starexec,SWV487+3.p,e1a,weight-greedy,HARD_TIMEOUT,12,0.000,,,,,,,,,,,,,,,,false,
starexec,SWV488+3.p,e1a,age-fair,REFUTED,12,664.885,6302.245,,,789,46371,696,44903,24,,,,,,,,false,
starexec,SWV488+3.p,e1a,balanced,REFUTED,12,213.014,446.211,,,26,62,21,35,24,,,,,,,,false,
starexec,SWV488+3.p,e1a,equational,REFUTED,12,393.738,779.237,,,24,60,17,37,24,,,,,,,,false,
starexec,SWV488+3.p,e1a,first-negative,REFUTED,12,743.652,818.146,,,20,49,16,29,24,,,,,,,,false,
starexec,SWV488+3.p,e1a,occurrence,REFUTED,12,666.189,722.900,,,17,52,14,34,24,,,,,,,,false,
starexec,SWV488+3.p,e1a,subsumption-light,REFUTED,12,439.855,942.670,,,23,56,18,34,24,,,,,,,,false,
starexec,SWV488+3.p,e1a,unary-redundancy,REFUTED,12,668.175,847.069,,,22,57,16,37,24,,,,,,,,false,
starexec,SWV488+3.p,e1a,weight-greedy,REFUTED,12,404.652,798.943,,,29,70,23,35,24,,,,,,,,false,
starexec,SWW102+1.p,e1a,age-fair,TIMEOUT,44,907.050,164152.597,,,3242,5122004,3088,5115775,,,,,,,,,false,
starexec,SWW102+1.p,e1a,balanced,TIMEOUT,44,237.097,165114.937,,,5634,15397349,5514,15380443,,,,,,,,,false,
starexec,SWW102+1.p,e1a,equational,TIMEOUT,44,512.419,164048.466,,,4946,8226059,4795,8211429,,,,,,,,,false,
starexec,SWW102+1.p,e1a,first-negative,REFUTED,44,1103.416,28702.188,,,4246,947106,3422,938458,83,,,,,,,,false,
starexec,SWW102+1.p,e1a,occurrence,TIMEOUT,44,888.468,165486.332,,,9659,8667978,9287,8601546,,,,,,,,,false,
starexec,SWW102+1.p,e1a,subsumption-light,TIMEOUT,44,522.853,164684.582,,,4522,5224242,4431,5211162,,,,,,,,,false,
starexec,SWW102+1.p,e1a,unary-redundancy,TIMEOUT,44,897.316,164310.024,,,4409,6207830,4212,6195778,,,,,,,,,false,
starexec,SWW102+1.p,e1a,weight-greedy,REFUTED,44,556.556,1840.379,,,245,1131,186,547,89,,,,,,,,false,
starexec,SWW186+1.p,e1a,age-fair,HARD_TIMEOUT,1181,0.000,,,,,,,,,,,,,,,,false,
starexec,SWW186+1.p,e1a,balanced,TIMEOUT,1181,1253.282,163668.250,,,22972,10286488,21174,10195858,,,,,,,,,false,
starexec,SWW186+1.p,e1a,equational,TIMEOUT,1181,2498.166,161749.599,,,11257,5142928,10602,5101692,,,,,,,,,false,
starexec,SWW186+1.p,e1a,first-negative,SATURATED,1181,1495.775,2887.965,,,118,2644,114,1377,,,,,,,,,false,
starexec,SWW186+1.p,e1a,occurrence,HARD_TIMEOUT,1181,0.000,,,,,,,,,,,,,,,,false,
starexec,SWW186+1.p,e1a,subsumption-light,TIMEOUT,1181,2228.548,161358.903,,,10708,5933627,10095,5893143,,,,,,,,,false,
starexec,SWW186+1.p,e1a,weight-greedy,TIMEOUT,1181,1070.227,162522.052,,,7121,8181473,6894,8011080,,,,,,,,,false,
starexec,SWW278+1.p,e1a,age-fair,HARD_TIMEOUT,1199,0.000,,,,,,,,,,,,,,,,false,
starexec,SWW278+1.p,e1a,balanced,TIMEOUT,1199,1243.156,163571.213,,,24795,9631178,23345,9546656,,,,,,,,,false,
starexec,SWW278+1.p,e1a,equational,TIMEOUT,1199,2371.586,161025.783,,,12658,4975103,11473,4934643,,,,,,,,,false,
starexec,SWW278+1.p,e1a,first-negative,TIMEOUT,1199,991.161,161973.906,,,4204,2646154,3580,2636661,,,,,,,,,false,
starexec,SWW278+1.p,e1a,occurrence,HARD_TIMEOUT,1199,0.000,,,,,,,,,,,,,,,,false,
starexec,SWW278+1.p,e1a,subsumption-light,TIMEOUT,1199,1921.909,161456.072,,,12506,5760796,11608,5720518,,,,,,,,,false,
starexec,SWW278+1.p,e1a,unary-redundancy,TIMEOUT,1199,3605.247,161022.334,,,11054,4169080,9979,4133445,,,,,,,,,false,
starexec,SWW278+1.p,e1a,weight-greedy,TIMEOUT,1199,1387.381,162976.283,,,16549,9223549,13673,8938678,,,,,,,,,false,
starexec,SWW279+1.p,e1a,age-fair,TIMEOUT,1213,3460.766,163397.160,,,16240,5062235,15225,5031765,,,,,,,,,false,
starexec,SWW279+1.p,e1a,balanced,TIMEOUT,1213,831.514,164556.037,,,25014,9379398,22608,9295184,,,,,,,,,false,
starexec,SWW279+1.p,e1a,equational,TIMEOUT,1213,1809.133,163208.018,,,15176,4832570,14080,4785230,,,,,,,,,false,
starexec,SWW279+1.p,e1a,first-negative,TIMEOUT,1213,2878.478,160661.822,,,5700,4072460,5245,4052870,,,,,,,,,false,
starexec,SWW279+1.p,e1a,occurrence,TIMEOUT,1213,3321.820,163131.478,,,17901,5147537,16060,5016125,,,,,,,,,false,
starexec,SWW279+1.p,e1a,subsumption-light,TIMEOUT,1213,2420.226,161207.158,,,10396,3371355,9620,3341039,,,,,,,,,false,
starexec,SWW279+1.p,e1a,unary-redundancy,HARD_TIMEOUT,1213,0.000,,,,,,,,,,,,,,,,false,
starexec,SWW279+1.p,e1a,weight-greedy,TIMEOUT,1213,1451.702,162989.979,,,19403,899325,18457,778997,,,,,,,,,false,
starexec,SWW298+1.p,e1a,age-fair,REFUTED,5224,14698.059,40231.160,,,6350,522651,5653,515396,6703,,,,,,,,false,
starexec,SWW298+1.p,e1a,balanced,REFUTED,5224,2348.624,17555.384,,,6336,317486,5670,308782,7615,,,,,,,,false,
starexec,SWW298+1.p,e1a,equational,REFUTED,5224,3295.323,11811.056,,,2081,43718,1943,40847,2621,,,,,,,,false,
starexec,SWW298+1.p,e1a,first-negative,REFUTED,5224,1872.405,502.326,,,21,38,20,20,22,,,,,,,,false,
starexec,SWW298+1.p,e1a,occurrence,REFUTED,5224,13850.350,38012.609,,,8547,380639,7908,362766,6533,,,,,,,,false,
starexec,SWW298+1.p,e1a,subsumption-light,REFUTED,5224,2675.384,7465.949,,,1232,16054,1165,14384,1556,,,,,,,,false,
starexec,SWW298+1.p,e1a,unary-redundancy,REFUTED,5224,13173.025,33460.338,,,5092,210872,4397,203884,6064,,,,,,,,false,
starexec,SWW298+1.p,e1a,weight-greedy,REFUTED,5224,1940.415,1912.249,,,436,6092,414,4570,274,,,,,,,,false,
starexec,SWW350+1.p,e1a,age-fair,HARD_TIMEOUT,5228,0.000,,,,,,,,,,,,,,,,false,
starexec,SWW350+1.p,e1a,balanced,HARD_TIMEOUT,5228,0.000,,,,,,,,,,,,,,,,false,
starexec,SWW350+1.p,e1a,equational,HARD_TIMEOUT,5228,0.000,,,,,,,,,,,,,,,,false,
starexec,SWW350+1.p,e1a,first-negative,TIMEOUT,5228,3642.980,153673.965,,,9706,5293099,9238,5277494,,,,,,,,,false,
starexec,SWW350+1.p,e1a,occurrence,HARD_TIMEOUT,5228,0.000,,,,,,,,,,,,,,,,false,
starexec,SWW350+1.p,e1a,subsumption-light,HARD_TIMEOUT,5228,0.000,,,,,,,,,,,,,,,,false,
starexec,SWW350+1.p,e1a,unary-redundancy,HARD_TIMEOUT,5228,0.000,,,,,,,,,,,,,,,,false,
starexec,SWW350+1.p,e1a,weight-greedy,REFUTED,5228,1917.667,1081.926,,,135,436,133,254,192,,,,,,,,false,
starexec,SWW374+1.p,e1a,age-fair,HARD_TIMEOUT,5248,0.000,,,,,,,,,,,,,,,,false,
starexec,SWW374+1.p,e1a,balanced,HARD_TIMEOUT,5248,0.000,,,,,,,,,,,,,,,,false,
starexec,SWW374+1.p,e1a,equational,HARD_TIMEOUT,5248,0.000,,,,,,,,,,,,,,,,false,
starexec,SWW374+1.p,e1a,first-negative,TIMEOUT,5248,3315.948,153515.389,,,1723,3087319,1708,3080837,,,,,,,,,false,
starexec,SWW374+1.p,e1a,occurrence,HARD_TIMEOUT,5248,0.000,,,,,,,,,,,,,,,,false,
starexec,SWW374+1.p,e1a,subsumption-light,HARD_TIMEOUT,5248,0.000,,,,,,,,,,,,,,,,false,
starexec,SWW374+1.p,e1a,unary-redundancy,HARD_TIMEOUT,5248,0.000,,,,,,,,,,,,,,,,false,
starexec,SWW374+1.p,e1a,weight-greedy,HARD_TIMEOUT,5248,0.000,,,,,,,,,,,,,,,,false,
starexec,SWW394+1.p,e1a,age-fair,REFUTED,5223,15562.213,37322.809,,,6284,518620,5664,511413,6720,,,,,,,,false,
starexec,SWW394+1.p,e1a,balanced,REFUTED,5223,3870.907,16904.621,,,5931,326082,5550,317246,7606,,,,,,,,false,
starexec,SWW394+1.p,e1a,equational,REFUTED,5223,6065.580,16613.770,,,2676,90264,2538,86128,3432,,,,,,,,false,
starexec,SWW394+1.p,e1a,first-negative,REFUTED,5223,3797.640,3180.925,,,286,4603,267,4097,135,,,,,,,,false,
starexec,SWW394+1.p,e1a,occurrence,REFUTED,5223,15733.225,30348.112,,,6901,319844,6397,301407,6563,,,,,,,,false,
starexec,SWW394+1.p,e1a,subsumption-light,REFUTED,5223,4357.064,8547.483,,,1190,24726,1113,22878,1557,,,,,,,,false,
starexec,SWW394+1.p,e1a,unary-redundancy,REFUTED,5223,15685.218,29028.935,,,4526,205994,4019,198996,6066,,,,,,,,false,
starexec,SWW394+1.p,e1a,weight-greedy,REFUTED,5223,3629.605,128379.430,,,13760,3234071,12440,3073436,571,,,,,,,,false,
starexec,SWW470+5.p,e1a,age-fair,REFUTED,162,2380.668,152062.380,,,3708,943269,3004,938248,235,,,,,,,,false,
starexec,SWW470+5.p,e1a,balanced,REFUTED,162,814.556,107798.262,,,5842,1376675,5133,1363575,240,,,,,,,,false,
starexec,SWW470+5.p,e1a,equational,TIMEOUT,162,1654.769,163819.004,,,5182,1216382,4301,1205774,,,,,,,,,false,
starexec,SWW470+5.p,e1a,first-negative,TIMEOUT,162,2958.692,162135.832,,,7122,2187093,6424,2170711,,,,,,,,,false,
starexec,SWW470+5.p,e1a,occurrence,REFUTED,162,2274.317,47104.594,,,3192,699137,3001,677505,235,,,,,,,,false,
starexec,SWW470+5.p,e1a,subsumption-light,TIMEOUT,162,1568.958,162610.591,,,5183,982854,4482,971252,,,,,,,,,false,
starexec,SWW470+5.p,e1a,unary-redundancy,TIMEOUT,162,2196.114,163099.634,,,4120,1057523,3317,1047199,,,,,,,,,false,
starexec,SWW470+5.p,e1a,weight-greedy,REFUTED,162,1553.292,114434.842,,,9139,4143191,8343,3970924,240,,,,,,,,false,
starexec,SWW473+2.p,e1a,age-fair,REFUTED,916,4885.045,34680.329,,,7683,677219,7258,666850,1356,,,,,,,,false,
starexec,SWW473+2.p,e1a,balanced,REFUTED,916,1142.951,3459.446,,,1343,10065,1276,7980,1396,,,,,,,,false,
starexec,SWW473+2.p,e1a,equational,REFUTED,916,2470.982,4220.695,,,887,6149,851,4784,920,,,,,,,,false,
starexec,SWW473+2.p,e1a,first-negative,REFUTED,916,2229.612,4500.859,,,679,14005,667,12551,117,,,,,,,,false,
starexec,SWW473+2.p,e1a,occurrence,REFUTED,916,4762.727,11858.829,,,1851,14386,1811,10463,1250,,,,,,,,false,
starexec,SWW473+2.p,e1a,subsumption-light,REFUTED,916,1872.496,2209.753,,,315,1117,301,646,369,,,,,,,,false,
starexec,SWW473+2.p,e1a,unary-redundancy,REFUTED,916,4388.911,5164.743,,,920,6436,885,5027,955,,,,,,,,false,
starexec,SWW473+2.p,e1a,weight-greedy,REFUTED,916,1762.047,2917.089,,,348,3716,334,2133,246,,,,,,,,false,
starexec,SWW473+6.p,e1a,age-fair,TIMEOUT,608,2928.700,161770.198,,,10307,4210766,9546,4194887,,,,,,,,,false,
starexec,SWW473+6.p,e1a,balanced,REFUTED,608,775.806,3673.953,,,1357,35321,1250,33085,845,,,,,,,,false,
starexec,SWW473+6.p,e1a,equational,REFUTED,608,1600.432,3929.390,,,685,12044,623,11016,603,,,,,,,,false,
starexec,SWW473+6.p,e1a,first-negative,TIMEOUT,608,1994.062,160789.850,,,8365,3228401,7466,3205865,,,,,,,,,false,
starexec,SWW473+6.p,e1a,occurrence,REFUTED,608,2742.465,5513.394,,,956,18837,787,16329,613,,,,,,,,false,
starexec,SWW473+6.p,e1a,subsumption-light,REFUTED,608,1476.157,65541.295,,,6184,1254059,5669,1238481,514,,,,,,,,false,
starexec,SWW473+6.p,e1a,unary-redundancy,REFUTED,608,2431.878,3995.436,,,557,10018,490,9122,526,,,,,,,,false,
starexec,SWW473+6.p,e1a,weight-greedy,REFUTED,608,2014.003,8346.173,,,1254,35593,1199,30645,350,,,,,,,,false,
starexec,SWW474+3.p,e1a,age-fair,HARD_TIMEOUT,1440,0.000,,,,,,,,,,,,,,,,false,
starexec,SWW474+3.p,e1a,balanced,TIMEOUT,1440,1651.205,163779.826,,,26235,6627982,24523,6566870,,,,,,,,,false,
starexec,SWW474+3.p,e1a,equational,HARD_TIMEOUT,1440,0.000,,,,,,,,,,,,,,,,false,
starexec,SWW474+3.p,e1a,first-negative,HARD_TIMEOUT,1440,0.000,,,,,,,,,,,,,,,,false,
starexec,SWW474+3.p,e1a,occurrence,HARD_TIMEOUT,1440,0.000,,,,,,,,,,,,,,,,false,
starexec,SWW474+3.p,e1a,subsumption-light,REFUTED,1440,2941.415,53569.233,,,7381,984944,6629,967324,1164,,,,,,,,false,
starexec,SWW474+3.p,e1a,unary-redundancy,HARD_TIMEOUT,1440,0.000,,,,,,,,,,,,,,,,false,
starexec,SWW474+3.p,e1a,weight-greedy,TIMEOUT,1440,2682.448,161025.345,,,6375,542096,6006,477419,,,,,,,,,false,
starexec,SWW937+1.p,e1a,age-fair,TIMEOUT,28,1500.918,163830.246,,,5506,4577475,5473,4568395,,,,,,,,,false,
starexec,SWW937+1.p,e1a,balanced,TIMEOUT,28,465.725,164908.789,,,11387,11952304,11213,11920688,,,,,,,,,false,
starexec,SWW937+1.p,e1a,equational,TIMEOUT,28,875.893,164187.292,,,8056,6366842,8005,6345100,,,,,,,,,false,
starexec,SWW937+1.p,e1a,first-negative,TIMEOUT,28,1598.258,163700.470,,,3928,3788780,3871,3781340,,,,,,,,,false,
starexec,SWW937+1.p,e1a,occurrence,TIMEOUT,28,1433.683,163776.952,,,10191,5358554,9363,5304516,,,,,,,,,false,
starexec,SWW937+1.p,e1a,subsumption-light,TIMEOUT,28,889.441,163961.334,,,5864,2605005,5851,2589247,,,,,,,,,false,
starexec,SWW937+1.p,e1a,unary-redundancy,HARD_TIMEOUT,28,0.000,,,,,,,,,,,,,,,,false,
starexec,SWW937+1.p,e1a,weight-greedy,TIMEOUT,28,890.979,164770.765,,,33652,3828413,33251,3738626,,,,,,,,,false,
starexec,SWW961+1.p,e1a,age-fair,REFUTED,176,1273.628,1473.267,,,197,273,186,177,177,,,,,,,,false,
starexec,SWW961+1.p,e1a,balanced,REFUTED,176,304.820,805.597,,,193,242,185,177,177,,,,,,,,false,
starexec,SWW961+1.p,e1a,equational,REFUTED,176,680.386,1511.785,,,198,272,190,177,177,,,,,,,,false,
starexec,SWW961+1.p,e1a,first-negative,REFUTED,176,1321.776,4384.373,,,550,38435,508,37755,177,,,,,,,,false,
starexec,SWW961+1.p,e1a,occurrence,REFUTED,176,1207.374,1448.917,,,185,219,181,177,177,,,,,,,,false,
starexec,SWW961+1.p,e1a,subsumption-light,REFUTED,176,704.768,1652.830,,,192,257,185,177,177,,,,,,,,false,
starexec,SWW961+1.p,e1a,unary-redundancy,REFUTED,176,1260.465,1625.946,,,193,239,185,177,177,,,,,,,,false,
starexec,SWW961+1.p,e1a,weight-greedy,REFUTED,176,703.252,1357.957,,,184,219,181,177,177,,,,,,,,false,
starexec,SWX051+1.p,e1a,age-fair,TIMEOUT,292,3083.061,163039.737,,,15616,3300141,14505,3280217,,,,,,,,,false,
starexec,SWX051+1.p,e1a,balanced,TIMEOUT,292,835.136,164392.802,,,37649,10093187,34181,10001043,,,,,,,,,false,
starexec,SWX051+1.p,e1a,equational,TIMEOUT,292,1680.314,163152.188,,,31994,6036219,28616,5960313,,,,,,,,,false,
starexec,SWX051+1.p,e1a,first-negative,TIMEOUT,292,3277.629,162451.160,,,19637,5374353,18506,5337211,,,,,,,,,false,
starexec,SWX051+1.p,e1a,occurrence,TIMEOUT,292,3001.440,163035.458,,,34949,4248432,29961,4091930,,,,,,,,,false,
starexec,SWX051+1.p,e1a,subsumption-light,TIMEOUT,292,1760.121,165035.692,,,18355,2630349,16783,2588697,,,,,,,,,false,
starexec,SWX051+1.p,e1a,unary-redundancy,TIMEOUT,292,3026.839,163036.749,,,20928,2642328,16659,2595644,,,,,,,,,false,
starexec,SWX051+1.p,e1a,weight-greedy,TIMEOUT,292,1692.511,163139.268,,,44866,4099206,36514,3855458,,,,,,,,,false,
starexec,SWX185+1.p,e1a,age-fair,TIMEOUT,40,604.609,164076.760,,,1426,2859022,1376,2856539,,,,,,,,,false,
starexec,SWX185+1.p,e1a,balanced,TIMEOUT,40,171.979,165206.859,,,3115,6529099,3071,6522997,,,,,,,,,false,
starexec,SWX185+1.p,e1a,equational,TIMEOUT,40,393.373,164200.511,,,1473,2826093,1431,2822111,,,,,,,,,false,
starexec,SWX185+1.p,e1a,first-negative,TIMEOUT,40,682.051,163941.035,,,1774,1900923,1684,1894745,,,,,,,,,false,
starexec,SWX185+1.p,e1a,occurrence,TIMEOUT,40,575.493,164198.473,,,4974,5048370,4072,5018013,,,,,,,,,false,
starexec,SWX185+1.p,e1a,subsumption-light,TIMEOUT,40,385.782,164616.505,,,1863,2303306,1771,2299652,,,,,,,,,false,
starexec,SWX185+1.p,e1a,unary-redundancy,TIMEOUT,40,626.536,164623.591,,,2132,2099581,2069,2094789,,,,,,,,,false,
starexec,SWX185+1.p,e1a,weight-greedy,REFUTED,40,401.218,6826.328,,,632,31044,497,22457,41,,,,,,,,false,
starexec,SWX187+1.p,e1a,age-fair,REFUTED,16,599.164,13274.989,,,1247,34853,1200,31006,18,,,,,,,,false,
starexec,SWX187+1.p,e1a,balanced,REFUTED,16,160.976,8884.040,,,2408,42255,2354,34848,18,,,,,,,,false,
starexec,SWX187+1.p,e1a,equational,REFUTED,16,354.060,18424.367,,,2631,47943,2575,39707,18,,,,,,,,false,
starexec,SWX187+1.p,e1a,first-negative,REFUTED,16,625.840,1745.440,,,168,1168,147,741,18,,,,,,,,false,
starexec,SWX187+1.p,e1a,occurrence,REFUTED,16,563.190,10236.333,,,1691,14236,1578,8908,18,,,,,,,,false,
starexec,SWX187+1.p,e1a,subsumption-light,REFUTED,16,317.457,22412.563,,,2508,58390,2443,51025,18,,,,,,,,false,
starexec,SWX187+1.p,e1a,unary-redundancy,REFUTED,16,590.734,13286.208,,,1413,25513,1348,21388,18,,,,,,,,false,
starexec,SWX187+1.p,e1a,weight-greedy,TIMEOUT,16,334.036,164246.504,,,12941,3313624,7342,3012102,,,,,,,,,false,
starexec,SWX189+1.p,e1a,age-fair,TIMEOUT,53,858.829,163842.500,,,3183,2792426,3032,2786226,,,,,,,,,false,
starexec,SWX189+1.p,e1a,balanced,TIMEOUT,53,222.646,165030.659,,,6597,5031232,6454,5012554,,,,,,,,,false,
starexec,SWX189+1.p,e1a,equational,TIMEOUT,53,496.682,163909.352,,,5672,3111867,5073,3094435,,,,,,,,,false,
starexec,SWX189+1.p,e1a,first-negative,HARD_TIMEOUT,53,0.000,,,,,,,,,,,,,,,,false,
starexec,SWX189+1.p,e1a,occurrence,TIMEOUT,53,843.526,163857.346,,,11270,2379979,10990,2324547,,,,,,,,,false,
starexec,SWX189+1.p,e1a,subsumption-light,TIMEOUT,53,500.958,164209.987,,,4865,1744319,4540,1730979,,,,,,,,,false,
starexec,SWX189+1.p,e1a,unary-redundancy,TIMEOUT,53,837.248,163880.609,,,6256,2610597,5320,2596413,,,,,,,,,false,
starexec,SWX189+1.p,e1a,weight-greedy,TIMEOUT,53,482.951,163989.497,,,16042,1165704,15332,1078203,,,,,,,,,false,
starexec,SWX194+1.p,e1a,age-fair,TIMEOUT,71,800.517,164065.408,,,2229,3718412,2119,3715283,,,,,,,,,false,
starexec,SWX194+1.p,e1a,balanced,TIMEOUT,71,245.079,164906.408,,,6834,7946845,6705,7933645,,,,,,,,,false,
starexec,SWX194+1.p,e1a,equational,HARD_TIMEOUT,71,0.000,,,,,,,,,,,,,,,,false,
starexec,SWX194+1.p,e1a,first-negative,HARD_TIMEOUT,71,0.000,,,,,,,,,,,,,,,,false,
starexec,SWX194+1.p,e1a,occurrence,TIMEOUT,71,834.025,163882.837,,,5116,4910093,5002,4893817,,,,,,,,,false,
starexec,SWX194+1.p,e1a,subsumption-light,TIMEOUT,71,497.123,163954.804,,,5120,4813592,5007,4803924,,,,,,,,,false,
starexec,SWX194+1.p,e1a,unary-redundancy,TIMEOUT,71,806.596,163975.221,,,5431,4779299,4781,4768525,,,,,,,,,false,
starexec,SWX194+1.p,e1a,weight-greedy,TIMEOUT,71,489.801,163926.592,,,5253,5385003,5035,5349386,,,,,,,,,false,
starexec,SWX197+1.p,e1a,age-fair,TIMEOUT,73,1012.671,163841.585,,,3381,3580272,3084,3574541,,,,,,,,,false,
starexec,SWX197+1.p,e1a,balanced,TIMEOUT,73,251.760,164619.964,,,5232,5748810,4705,5732674,,,,,,,,,false,
starexec,SWX197+1.p,e1a,equational,TIMEOUT,73,542.984,163805.086,,,3969,3545780,3731,3535066,,,,,,,,,false,
starexec,SWX197+1.p,e1a,first-negative,TIMEOUT,73,1135.824,163819.544,,,3404,4663328,3340,4654138,,,,,,,,,false,
starexec,SWX197+1.p,e1a,occurrence,TIMEOUT,73,917.099,163824.818,,,5223,3648262,4749,3621695,,,,,,,,,false,
starexec,SWX197+1.p,e1a,subsumption-light,TIMEOUT,73,541.882,163846.420,,,3780,3129650,3566,3119653,,,,,,,,,false,
starexec,SWX197+1.p,e1a,unary-redundancy,TIMEOUT,73,1025.698,164541.592,,,3577,3243361,3348,3233837,,,,,,,,,false,
starexec,SWX197+1.p,e1a,weight-greedy,TIMEOUT,73,591.327,164180.669,,,5372,3247768,4990,3201919,,,,,,,,,false,
starexec,SWX199+1.p,e1a,age-fair,REFUTED,12,561.918,40808.768,,,1078,575457,586,572108,14,,,,,,,,false,
starexec,SWX199+1.p,e1a,balanced,REFUTED,12,155.190,3845.890,,,127,38581,110,37828,14,,,,,,,,false,
starexec,SWX199+1.p,e1a,equational,REFUTED,12,341.838,6959.020,,,129,39222,109,38459,14,,,,,,,,false,
starexec,SWX199+1.p,e1a,first-negative,REFUTED,12,547.671,3565.331,,,102,8059,87,7236,14,,,,,,,,false,
starexec,SWX199+1.p,e1a,occurrence,REFUTED,12,557.134,46830.826,,,782,934414,553,928350,14,,,,,,,,false,
starexec,SWX199+1.p,e1a,subsumption-light,REFUTED,12,325.706,8501.261,,,171,44221,136,43519,14,,,,,,,,false,
starexec,SWX199+1.p,e1a,unary-redundancy,TIMEOUT,12,522.504,164344.583,,,963,2377506,750,2373838,,,,,,,,,false,
starexec,SWX199+1.p,e1a,weight-greedy,REFUTED,12,324.672,1465.056,,,75,969,65,761,14,,,,,,,,false,
starexec,SWX200+1.p,e1a,age-fair,REFUTED,15,570.493,693.479,,,26,41,19,19,19,,,,,,,,false,
starexec,SWX200+1.p,e1a,balanced,REFUTED,15,156.361,371.483,,,16,23,14,19,19,,,,,,,,false,
starexec,SWX200+1.p,e1a,equational,REFUTED,15,336.527,663.053,,,16,23,14,19,19,,,,,,,,false,
starexec,SWX200+1.p,e1a,first-negative,REFUTED,15,615.125,743.650,,,23,33,19,19,19,,,,,,,,false,
starexec,SWX200+1.p,e1a,occurrence,REFUTED,15,533.718,622.855,,,18,25,14,19,19,,,,,,,,false,
starexec,SWX200+1.p,e1a,subsumption-light,REFUTED,15,327.104,672.893,,,16,23,14,19,19,,,,,,,,false,
starexec,SWX200+1.p,e1a,unary-redundancy,REFUTED,15,605.032,643.326,,,16,23,14,19,19,,,,,,,,false,
starexec,SWX200+1.p,e1a,weight-greedy,REFUTED,15,342.816,663.413,,,16,20,12,19,19,,,,,,,,false,
starexec,SWX201+1.p,e1a,age-fair,TIMEOUT,28,625.934,163968.406,,,2789,2706269,2672,2699872,,,,,,,,,false,
starexec,SWX201+1.p,e1a,balanced,TIMEOUT,28,197.014,165459.178,,,2250,3570063,2155,3565783,,,,,,,,,false,
starexec,SWX201+1.p,e1a,equational,TIMEOUT,28,402.329,164610.383,,,1971,2089247,1899,2085543,,,,,,,,,false,
starexec,SWX201+1.p,e1a,first-negative,TIMEOUT,28,700.467,163956.906,,,2142,1599172,2063,1594036,,,,,,,,,false,
starexec,SWX201+1.p,e1a,occurrence,TIMEOUT,28,660.212,164195.426,,,2301,2067542,1989,2059345,,,,,,,,,false,
starexec,SWX201+1.p,e1a,subsumption-light,TIMEOUT,28,401.596,164147.864,,,1004,600579,962,598547,,,,,,,,,false,
starexec,SWX201+1.p,e1a,unary-redundancy,TIMEOUT,28,639.917,164290.590,,,443,131524,428,130724,,,,,,,,,false,
starexec,SWX201+1.p,e1a,weight-greedy,TIMEOUT,28,405.572,164847.731,,,4422,3462501,3962,3432009,,,,,,,,,false,
starexec,SWX202+1.p,e1a,age-fair,TIMEOUT,28,666.948,164364.432,,,2948,3317722,2772,3312493,,,,,,,,,false,
starexec,SWX202+1.p,e1a,balanced,TIMEOUT,28,202.475,165137.077,,,2463,3442471,2377,3437455,,,,,,,,,false,
starexec,SWX202+1.p,e1a,equational,TIMEOUT,28,379.408,164998.568,,,1817,1732067,1744,1728395,,,,,,,,,false,
starexec,SWX202+1.p,e1a,first-negative,TIMEOUT,28,749.822,165966.722,,,2343,1668402,2299,1662754,,,,,,,,,false,
starexec,SWX202+1.p,e1a,occurrence,TIMEOUT,28,699.619,163994.898,,,4122,2750057,3869,2729210,,,,,,,,,false,
starexec,SWX202+1.p,e1a,subsumption-light,HARD_TIMEOUT,28,0.000,,,,,,,,,,,,,,,,false,
starexec,SWX202+1.p,e1a,unary-redundancy,TIMEOUT,28,674.399,164551.877,,,745,171724,733,170380,,,,,,,,,false,
starexec,SWX202+1.p,e1a,weight-greedy,TIMEOUT,28,397.967,164049.335,,,7550,449313,7520,425627,,,,,,,,,false,
starexec,SWX203+1.p,e1a,age-fair,REFUTED,21,613.690,30829.417,,,6752,93956,5013,74433,29,,,,,,,,false,
starexec,SWX203+1.p,e1a,balanced,REFUTED,21,158.962,4544.085,,,1383,19484,934,14216,29,,,,,,,,false,
starexec,SWX203+1.p,e1a,equational,REFUTED,21,365.772,8052.870,,,1158,19605,768,14301,29,,,,,,,,false,
starexec,SWX203+1.p,e1a,first-negative,REFUTED,21,708.087,1695.583,,,137,1508,119,1265,29,,,,,,,,false,
starexec,SWX203+1.p,e1a,occurrence,REFUTED,21,616.805,7505.695,,,1166,21816,998,18122,29,,,,,,,,false,
starexec,SWX203+1.p,e1a,subsumption-light,REFUTED,21,347.385,9104.000,,,1060,14961,787,10583,29,,,,,,,,false,
starexec,SWX203+1.p,e1a,unary-redundancy,REFUTED,21,560.987,12111.075,,,1289,21934,1137,17281,29,,,,,,,,false,
starexec,SWX203+1.p,e1a,weight-greedy,REFUTED,21,354.667,2447.874,,,138,2818,102,2087,29,,,,,,,,false,
starexec,SWX209+1.p,e1a,age-fair,TIMEOUT,49,841.928,164094.791,,,3204,2942500,3086,2936559,,,,,,,,,false,
starexec,SWX209+1.p,e1a,balanced,TIMEOUT,49,214.258,165247.117,,,4890,5357959,4448,5339883,,,,,,,,,false,
starexec,SWX209+1.p,e1a,equational,TIMEOUT,49,456.375,164179.474,,,4855,2991769,4302,2978983,,,,,,,,,false,
starexec,SWX209+1.p,e1a,first-negative,TIMEOUT,49,915.496,163662.013,,,6220,4738566,5601,4725560,,,,,,,,,false,
starexec,SWX209+1.p,e1a,occurrence,TIMEOUT,49,813.979,164399.394,,,6265,3467344,4794,3408857,,,,,,,,,false,
starexec,SWX209+1.p,e1a,subsumption-light,TIMEOUT,49,471.854,164589.251,,,2720,1299121,2537,1290855,,,,,,,,,false,
starexec,SWX209+1.p,e1a,unary-redundancy,TIMEOUT,49,876.970,164488.743,,,2490,1239395,2292,1230995,,,,,,,,,false,
starexec,SWX209+1.p,e1a,weight-greedy,TIMEOUT,49,499.582,164026.810,,,25124,4099335,21815,3986555,,,,,,,,,false,
starexec,SWX210+1.p,e1a,age-fair,TIMEOUT,49,835.516,164028.823,,,2875,2828124,2810,2822834,,,,,,,,,false,
starexec,SWX210+1.p,e1a,balanced,TIMEOUT,49,232.929,164981.740,,,4538,5238712,4145,5222494,,,,,,,,,false,
starexec,SWX210+1.p,e1a,equational,TIMEOUT,49,491.510,163937.148,,,4083,3046045,3561,3034759,,,,,,,,,false,
starexec,SWX210+1.p,e1a,first-negative,TIMEOUT,49,883.619,163421.050,,,6297,4486119,5636,4471997,,,,,,,,,false,
starexec,SWX210+1.p,e1a,occurrence,TIMEOUT,49,855.802,167030.160,,,8499,3378535,7140,3322583,,,,,,,,,false,
starexec,SWX210+1.p,e1a,subsumption-light,TIMEOUT,49,497.608,164262.185,,,3202,1620223,2978,1611001,,,,,,,,,false,
starexec,SWX210+1.p,e1a,unary-redundancy,TIMEOUT,49,846.823,164661.037,,,2926,1614619,2753,1604763,,,,,,,,,false,
starexec,SWX210+1.p,e1a,weight-greedy,REFUTED,49,486.710,85999.071,,,22216,1861956,19786,1763025,56,,,,,,,,false,
starexec,SWX211+1.p,e1a,age-fair,TIMEOUT,49,819.938,163960.027,,,3015,2911220,2927,2905749,,,,,,,,,false,
starexec,SWX211+1.p,e1a,balanced,TIMEOUT,49,242.627,164876.039,,,4759,5438744,4091,5421355,,,,,,,,,false,
starexec,SWX211+1.p,e1a,equational,TIMEOUT,49,479.918,164043.076,,,4195,3162892,3962,3150106,,,,,,,,,false,
starexec,SWX211+1.p,e1a,first-negative,TIMEOUT,49,943.712,163584.833,,,6745,4249107,5941,4237314,,,,,,,,,false,
starexec,SWX211+1.p,e1a,occurrence,TIMEOUT,49,853.429,164303.736,,,6559,3354084,5753,3307567,,,,,,,,,false,
starexec,SWX211+1.p,e1a,subsumption-light,TIMEOUT,49,492.367,164000.914,,,2612,1308875,2356,1300905,,,,,,,,,false,
starexec,SWX211+1.p,e1a,unary-redundancy,TIMEOUT,49,880.246,164076.379,,,2301,1232721,2123,1224971,,,,,,,,,false,
starexec,SWX211+1.p,e1a,weight-greedy,TIMEOUT,49,490.340,164022.704,,,19179,1905248,19062,1842994,,,,,,,,,false,
starexec,SWX212+1.p,e1a,age-fair,TIMEOUT,49,861.476,163936.229,,,3346,3031028,3296,3026109,,,,,,,,,false,
starexec,SWX212+1.p,e1a,balanced,TIMEOUT,49,237.698,164872.348,,,8710,7597115,8403,7581245,,,,,,,,,false,
starexec,SWX212+1.p,e1a,equational,TIMEOUT,49,493.172,163966.211,,,6358,3626635,6192,3615163,,,,,,,,,false,
starexec,SWX212+1.p,e1a,first-negative,TIMEOUT,49,935.778,163496.499,,,5504,4623417,5328,4612754,,,,,,,,,false,
starexec,SWX212+1.p,e1a,occurrence,TIMEOUT,49,860.025,163872.010,,,10992,4019109,9949,3981875,,,,,,,,,false,
starexec,SWX212+1.p,e1a,subsumption-light,TIMEOUT,49,494.630,164107.065,,,3267,906775,3208,900579,,,,,,,,,false,
starexec,SWX212+1.p,e1a,unary-redundancy,TIMEOUT,49,846.389,164135.893,,,3292,856675,3209,850593,,,,,,,,,false,
starexec,SWX212+1.p,e1a,weight-greedy,REFUTED,49,482.733,130082.761,,,24108,4381064,20586,4155339,57,,,,,,,,false,
starexec,SWX217+1.p,e1a,age-fair,TIMEOUT,23,515.871,164274.492,,,3209,3333965,2732,3326923,,,,,,,,,false,
starexec,SWX217+1.p,e1a,balanced,TIMEOUT,23,148.177,165125.500,,,8727,5840487,7724,5815423,,,,,,,,,false,
starexec,SWX217+1.p,e1a,equational,TIMEOUT,23,328.209,164857.439,,,5785,3831535,4637,3809063,,,,,,,,,false,
starexec,SWX217+1.p,e1a,first-negative,REFUTED,23,536.705,36631.732,,,1938,569341,1554,564099,25,,,,,,,,false,
starexec,SWX217+1.p,e1a,occurrence,REFUTED,23,531.008,161020.190,,,13171,3158333,10458,3102250,25,,,,,,,,false,
starexec,SWX217+1.p,e1a,subsumption-light,TIMEOUT,23,304.074,164303.408,,,5631,3311660,4821,3296390,,,,,,,,,false,
starexec,SWX217+1.p,e1a,unary-redundancy,TIMEOUT,23,523.496,164350.674,,,6891,3504323,6136,3486347,,,,,,,,,false,
starexec,SWX217+1.p,e1a,weight-greedy,TIMEOUT,23,227.338,164746.556,,,11825,4499335,11144,4342661,,,,,,,,,false,
starexec,SWX219+1.p,e1a,age-fair,REFUTED,31,644.566,1701.740,,,353,872,341,439,36,,,,,,,,false,
starexec,SWX219+1.p,e1a,balanced,REFUTED,31,198.300,12283.480,,,5396,17248,5368,9382,36,,,,,,,,false,
starexec,SWX219+1.p,e1a,equational,REFUTED,31,375.820,22616.659,,,5618,18007,5587,9735,36,,,,,,,,false,
starexec,SWX219+1.p,e1a,first-negative,TIMEOUT,31,697.501,163890.289,,,15114,5454379,15108,5425759,,,,,,,,,false,
starexec,SWX219+1.p,e1a,occurrence,REFUTED,31,678.920,150011.107,,,21580,68138,21477,31458,36,,,,,,,,false,
starexec,SWX219+1.p,e1a,subsumption-light,REFUTED,31,375.257,15044.796,,,2660,7907,2646,4095,36,,,,,,,,false,
starexec,SWX219+1.p,e1a,unary-redundancy,REFUTED,31,642.378,40260.290,,,5444,17440,5410,9414,36,,,,,,,,false,
starexec,SWX219+1.p,e1a,weight-greedy,TIMEOUT,31,378.351,164216.131,,,38885,197641,38826,145786,,,,,,,,,false,
starexec,SWX220+1.p,e1a,age-fair,REFUTED,31,386.708,992.662,,,300,717,293,352,36,,,,,,,,false,
starexec,SWX220+1.p,e1a,balanced,REFUTED,31,210.467,4608.272,,,2743,8889,2739,5093,36,,,,,,,,false,
starexec,SWX220+1.p,e1a,equational,REFUTED,31,244.664,4573.609,,,2720,8836,2716,5058,36,,,,,,,,false,
starexec,SWX220+1.p,e1a,first-negative,TIMEOUT,31,421.548,164799.568,,,21110,8428061,21103,8388279,,,,,,,,,false,
starexec,SWX220+1.p,e1a,occurrence,REFUTED,31,392.792,136558.841,,,28484,90489,28287,45944,36,,,,,,,,false,
starexec,SWX220+1.p,e1a,subsumption-light,REFUTED,31,223.518,3385.448,,,1298,3738,1294,1974,36,,,,,,,,false,
starexec,SWX220+1.p,e1a,unary-redundancy,REFUTED,31,360.482,7666.235,,,2994,9813,2985,5657,36,,,,,,,,false,
starexec,SWX220+1.p,e1a,weight-greedy,TIMEOUT,31,226.816,164929.292,,,46074,416334,46030,345171,,,,,,,,,false,
starexec,SWX221+1.p,e1a,age-fair,REFUTED,35,713.561,1778.295,,,604,1352,594,668,43,,,,,,,,false,
starexec,SWX221+1.p,e1a,balanced,REFUTED,35,225.315,3506.051,,,2564,5662,2549,2768,43,,,,,,,,false,
starexec,SWX221+1.p,e1a,equational,REFUTED,35,411.787,5568.096,,,2516,5576,2502,2728,43,,,,,,,,false,
starexec,SWX221+1.p,e1a,first-negative,TIMEOUT,35,744.079,163613.577,,,15461,4122341,13561,4098967,,,,,,,,,false,
starexec,SWX221+1.p,e1a,occurrence,REFUTED,35,695.027,138064.906,,,40297,86928,39987,39188,43,,,,,,,,false,
starexec,SWX221+1.p,e1a,subsumption-light,REFUTED,35,451.801,1843.627,,,342,631,337,245,43,,,,,,,,false,
starexec,SWX221+1.p,e1a,unary-redundancy,REFUTED,35,710.854,9797.916,,,2559,5677,2548,2775,43,,,,,,,,false,
starexec,SWX221+1.p,e1a,weight-greedy,TIMEOUT,35,274.535,164656.986,,,46236,193438,45754,120470,,,,,,,,,false,
starexec,SWX222+1.p,e1a,age-fair,REFUTED,35,745.433,880.701,,,92,128,86,43,43,,,,,,,,false,
starexec,SWX222+1.p,e1a,balanced,REFUTED,35,224.835,773.712,,,214,357,207,126,43,,,,,,,,false,
starexec,SWX222+1.p,e1a,equational,REFUTED,35,405.686,1524.952,,,216,361,209,128,43,,,,,,,,false,
starexec,SWX222+1.p,e1a,first-negative,REFUTED,35,798.584,1121.014,,,96,286,94,148,43,,,,,,,,false,
starexec,SWX222+1.p,e1a,occurrence,REFUTED,35,707.827,1220.129,,,235,406,234,146,43,,,,,,,,false,
starexec,SWX222+1.p,e1a,subsumption-light,REFUTED,35,449.744,867.774,,,70,104,69,43,43,,,,,,,,false,
starexec,SWX222+1.p,e1a,unary-redundancy,REFUTED,35,719.725,1469.419,,,211,359,203,128,43,,,,,,,,false,
starexec,SWX222+1.p,e1a,weight-greedy,REFUTED,35,431.209,1554.200,,,392,698,389,268,43,,,,,,,,false,
starexec,SWX223+1.p,e1a,age-fair,REFUTED,35,770.691,2660.177,,,544,1120,523,507,43,,,,,,,,false,
starexec,SWX223+1.p,e1a,balanced,REFUTED,35,205.352,1164.480,,,362,737,354,337,43,,,,,,,,false,
starexec,SWX223+1.p,e1a,equational,REFUTED,35,439.082,2206.380,,,383,784,375,359,43,,,,,,,,false,
starexec,SWX223+1.p,e1a,first-negative,REFUTED,35,828.610,161762.570,,,18364,830102,16105,799944,43,,,,,,,,false,
starexec,SWX223+1.p,e1a,occurrence,REFUTED,35,744.774,4653.487,,,1247,2580,1241,1178,43,,,,,,,,false,
starexec,SWX223+1.p,e1a,subsumption-light,REFUTED,35,435.298,1513.559,,,141,234,134,76,43,,,,,,,,false,
starexec,SWX223+1.p,e1a,unary-redundancy,REFUTED,35,706.261,2571.717,,,302,604,296,272,43,,,,,,,,false,
starexec,SWX223+1.p,e1a,weight-greedy,REFUTED,35,478.255,31356.208,,,8794,100481,7987,87910,43,,,,,,,,false,
starexec,SWX224+1.p,e1a,age-fair,REFUTED,31,687.741,1379.658,,,176,349,170,138,36,,,,,,,,false,
starexec,SWX224+1.p,e1a,balanced,REFUTED,31,198.735,1689.382,,,697,1902,687,1006,36,,,,,,,,false,
starexec,SWX224+1.p,e1a,equational,REFUTED,31,433.431,3633.464,,,846,2646,836,1466,36,,,,,,,,false,
starexec,SWX224+1.p,e1a,first-negative,REFUTED,31,779.649,46963.949,,,6902,1298245,6896,1285172,36,,,,,,,,false,
starexec,SWX224+1.p,e1a,occurrence,REFUTED,31,714.609,6717.495,,,2739,7768,2735,4027,36,,,,,,,,false,
starexec,SWX224+1.p,e1a,subsumption-light,REFUTED,31,454.476,1407.880,,,128,234,123,90,36,,,,,,,,false,
starexec,SWX224+1.p,e1a,unary-redundancy,REFUTED,31,703.420,3461.754,,,336,892,334,472,36,,,,,,,,false,
starexec,SWX224+1.p,e1a,weight-greedy,TIMEOUT,31,429.299,163974.186,,,52160,241708,51999,170040,,,,,,,,,false,
starexec,SWX240_1.p,e1a,age-fair,HARD_TIMEOUT,56,0.000,,,,,,,,,,,,,,,,false,
starexec,SWX240_1.p,e1a,balanced,REFUTED,56,234.219,7889.732,,,1025,112943,952,110677,70,,,,,,,,false,
starexec,SWX240_1.p,e1a,equational,REFUTED,56,496.792,24448.814,,,2076,321835,1979,317721,70,,,,,,,,false,
starexec,SWX240_1.p,e1a,first-negative,TIMEOUT,56,582.502,164360.167,,,13170,4836749,12925,4804565,,,,,,,,,false,
starexec,SWX240_1.p,e1a,occurrence,REFUTED,56,851.417,11308.467,,,1344,66626,1247,62929,70,,,,,,,,false,
starexec,SWX240_1.p,e1a,subsumption-light,REFUTED,56,515.580,41315.537,,,2473,761579,2418,755029,70,,,,,,,,false,
starexec,SWX240_1.p,e1a,unary-redundancy,REFUTED,56,895.768,78444.247,,,2175,316377,2136,312107,70,,,,,,,,false,
starexec,SWX240_1.p,e1a,weight-greedy,REFUTED,56,489.640,131978.336,,,14572,5260851,12121,5185348,70,,,,,,,,false,
starexec,SWX241_1.p,e1a,age-fair,TIMEOUT,64,938.725,163914.876,,,4887,4327747,4754,4316901,,,,,,,,,false,
starexec,SWX241_1.p,e1a,balanced,TIMEOUT,64,255.341,164837.814,,,25217,7134800,22981,7056854,,,,,,,,,false,
starexec,SWX241_1.p,e1a,equational,TIMEOUT,64,507.881,163882.002,,,18455,2851338,16730,2796755,,,,,,,,,false,
starexec,SWX241_1.p,e1a,first-negative,TIMEOUT,64,1031.708,163490.163,,,12948,5148464,12610,5107328,,,,,,,,,false,
starexec,SWX241_1.p,e1a,occurrence,TIMEOUT,64,950.849,163783.487,,,14648,2708383,11498,2602224,,,,,,,,,false,
starexec,SWX241_1.p,e1a,subsumption-light,REFUTED,64,508.982,16123.095,,,2002,113180,1915,108996,79,,,,,,,,false,
starexec,SWX241_1.p,e1a,unary-redundancy,TIMEOUT,64,942.216,163809.364,,,14827,1737733,13270,1685772,,,,,,,,,false,
starexec,SWX241_1.p,e1a,weight-greedy,REFUTED,64,536.656,21117.623,,,4254,403812,3389,386087,79,,,,,,,,false,
starexec,SYN076+1.p,e1a,age-fair,TIMEOUT,1,776.885,164907.368,,,1285,2178636,1096,2175807,,,,,,,,,false,
starexec,SYN076+1.p,e1a,balanced,TIMEOUT,1,219.754,165514.072,,,1774,4155840,1613,4149938,,,,,,,,,false,
starexec,SYN076+1.p,e1a,equational,TIMEOUT,1,467.500,164833.045,,,1353,2213743,1207,2209261,,,,,,,,,false,
starexec,SYN076+1.p,e1a,first-negative,TIMEOUT,1,758.262,164114.183,,,1334,424945,1162,390793,,,,,,,,,false,
starexec,SYN076+1.p,e1a,occurrence,TIMEOUT,1,767.436,164504.043,,,1648,2148199,1295,2137697,,,,,,,,,false,
starexec,SYN076+1.p,e1a,subsumption-light,HARD_TIMEOUT,1,0.000,,,,,,,,,,,,,,,,false,
starexec,SYN076+1.p,e1a,unary-redundancy,HARD_TIMEOUT,1,0.000,,,,,,,,,,,,,,,,false,
starexec,SYN076+1.p,e1a,weight-greedy,TIMEOUT,1,460.411,164577.316,,,3262,492655,2818,473496,,,,,,,,,false,
starexec,SYN077+1.p,e1a,age-fair,REFUTED,1,496.958,1003.528,,,86,203,48,71,7,,,,,,,,false,
starexec,SYN077+1.p,e1a,balanced,REFUTED,1,180.031,452.905,,,53,88,36,19,9,,,,,,,,false,
starexec,SYN077+1.p,e1a,equational,REFUTED,1,326.101,820.088,,,52,87,36,20,9,,,,,,,,false,
starexec,SYN077+1.p,e1a,first-negative,REFUTED,1,543.017,1883.636,,,284,1721,191,1161,7,,,,,,,,false,
starexec,SYN077+1.p,e1a,occurrence,REFUTED,1,485.356,741.942,,,45,83,31,23,7,,,,,,,,false,
starexec,SYN077+1.p,e1a,subsumption-light,REFUTED,1,339.733,852.072,,,40,62,32,13,9,,,,,,,,false,
starexec,SYN077+1.p,e1a,unary-redundancy,REFUTED,1,481.215,767.941,,,38,69,31,24,7,,,,,,,,false,
starexec,SYN077+1.p,e1a,weight-greedy,REFUTED,1,323.567,800.440,,,62,119,46,36,9,,,,,,,,false,
starexec,SYN353+1.p,e1a,age-fair,REFUTED,0,933.664,963.015,,,97,367,44,81,19,,,,,,,,false,
starexec,SYN353+1.p,e1a,balanced,REFUTED,0,204.689,521.989,,,74,282,32,81,21,,,,,,,,false,
starexec,SYN353+1.p,e1a,equational,REFUTED,0,452.044,919.145,,,74,282,32,81,21,,,,,,,,false,
starexec,SYN353+1.p,e1a,first-negative,TIMEOUT,0,993.136,163919.638,,,10331,5529925,9388,5493943,,,,,,,,,false,
starexec,SYN353+1.p,e1a,occurrence,REFUTED,0,922.419,848.559,,,70,236,37,60,19,,,,,,,,false,
starexec,SYN353+1.p,e1a,subsumption-light,REFUTED,0,447.207,998.407,,,62,177,26,34,21,,,,,,,,false,
starexec,SYN353+1.p,e1a,unary-redundancy,REFUTED,0,931.489,982.592,,,67,177,32,30,19,,,,,,,,false,
starexec,SYN353+1.p,e1a,weight-greedy,REFUTED,0,438.598,831.555,,,66,211,30,57,21,,,,,,,,false,
starexec,SYN986+1.004.p,e1a,age-fair,EXHAUSTED,2,386.156,1070.037,,,0,0,0,0,,,,,,,,,false,StackOverflowError:  at Core$Trail$Applier.apply:975
starexec,SYN986+1.004.p,e1a,balanced,EXHAUSTED,2,133.664,606.190,,,0,0,0,0,,,,,,,,,false,StackOverflowError:  at Core$Trail$Applier.apply:975
starexec,SYN986+1.004.p,e1a,equational,EXHAUSTED,2,274.698,1087.224,,,0,0,0,0,,,,,,,,,false,StackOverflowError:  at Core$Trail$Applier.apply:975
starexec,SYN986+1.004.p,e1a,first-negative,EXHAUSTED,2,458.193,873.143,,,0,0,0,0,,,,,,,,,false,StackOverflowError:  at Core$Trail$Applier.apply:975
starexec,SYN986+1.004.p,e1a,occurrence,EXHAUSTED,2,391.200,1047.000,,,0,0,0,0,,,,,,,,,false,StackOverflowError:  at Core$Trail$Applier.apply:975
starexec,SYN986+1.004.p,e1a,subsumption-light,EXHAUSTED,2,292.767,1384.510,,,0,0,0,0,,,,,,,,,false,StackOverflowError:  at Core$Trail$Applier.apply:975
starexec,SYN986+1.004.p,e1a,unary-redundancy,EXHAUSTED,2,422.230,1303.777,,,0,0,0,0,,,,,,,,,false,StackOverflowError:  at Core$Trail$Applier.apply:975
starexec,SYN986+1.004.p,e1a,weight-greedy,HARD_TIMEOUT,2,0.000,,,,,,,,,,,,,,,,false,
starexec,SYO525+1.018.p,e1a,age-fair,TIMEOUT,29,1507.046,163399.506,,,35744,35749,35739,30,,,,,,,,,false,
starexec,SYO525+1.018.p,e1a,balanced,TIMEOUT,29,426.864,164530.319,,,43747,43757,43747,30,,,,,,,,,false,
starexec,SYO525+1.018.p,e1a,equational,TIMEOUT,29,890.721,163298.228,,,34981,34991,34981,30,,,,,,,,,false,
starexec,SYO525+1.018.p,e1a,first-negative,TIMEOUT,29,1608.249,163002.027,,,28597,28607,28597,30,,,,,,,,,false,
starexec,SYO525+1.018.p,e1a,occurrence,TIMEOUT,29,1500.343,163769.291,,,29994,30004,29994,30,,,,,,,,,false,
starexec,SYO525+1.018.p,e1a,subsumption-light,TIMEOUT,29,880.595,163389.019,,,30058,30068,30058,30,,,,,,,,,false,
starexec,SYO525+1.018.p,e1a,unary-redundancy,TIMEOUT,29,1547.026,163524.404,,,35270,35280,35270,30,,,,,,,,,false,
starexec,SYO525+1.018.p,e1a,weight-greedy,TIMEOUT,29,853.848,163345.905,,,29880,29890,29880,30,,,,,,,,,false,
starexec,SYO525+1.021.p,e1a,age-fair,TIMEOUT,29,1459.200,163298.024,,,29506,29507,29500,30,,,,,,,,,false,
starexec,SYO525+1.021.p,e1a,balanced,TIMEOUT,29,433.204,164725.845,,,44264,44271,44264,30,,,,,,,,,false,
starexec,SYO525+1.021.p,e1a,equational,TIMEOUT,29,868.244,163458.406,,,35446,35453,35446,30,,,,,,,,,false,
starexec,SYO525+1.021.p,e1a,first-negative,TIMEOUT,29,1632.450,162996.245,,,33814,33821,33814,30,,,,,,,,,false,
starexec,SYO525+1.021.p,e1a,occurrence,TIMEOUT,29,1502.660,163462.286,,,29822,29829,29822,30,,,,,,,,,false,
starexec,SYO525+1.021.p,e1a,subsumption-light,TIMEOUT,29,857.170,163498.384,,,35563,35570,35563,30,,,,,,,,,false,
starexec,SYO525+1.021.p,e1a,unary-redundancy,TIMEOUT,29,1525.506,163826.992,,,35576,35583,35576,30,,,,,,,,,false,
starexec,SYO525+1.021.p,e1a,weight-greedy,TIMEOUT,29,810.454,163884.742,,,35263,35270,35263,30,,,,,,,,,false,
starexec,SYO525+1.024.p,e1a,age-fair,TIMEOUT,29,816.025,164713.335,,,37442,37446,37442,30,,,,,,,,,false,
starexec,SYO525+1.024.p,e1a,balanced,TIMEOUT,29,429.703,164561.348,,,42241,42245,42241,30,,,,,,,,,false,
starexec,SYO525+1.024.p,e1a,equational,TIMEOUT,29,465.575,164687.295,,,42186,42190,42186,30,,,,,,,,,false,
starexec,SYO525+1.024.p,e1a,first-negative,TIMEOUT,29,848.597,164502.679,,,41382,41386,41382,30,,,,,,,,,false,
starexec,SYO525+1.024.p,e1a,occurrence,TIMEOUT,29,845.124,164509.502,,,42226,42230,42226,30,,,,,,,,,false,
starexec,SYO525+1.024.p,e1a,subsumption-light,TIMEOUT,29,459.547,164550.300,,,42435,42439,42435,30,,,,,,,,,false,
starexec,SYO525+1.024.p,e1a,unary-redundancy,TIMEOUT,29,882.937,164567.889,,,42411,42415,42411,30,,,,,,,,,false,
starexec,SYO525+1.024.p,e1a,weight-greedy,TIMEOUT,29,490.234,164597.179,,,42443,42447,42443,30,,,,,,,,,false,
starexec,SYO525+1.027.p,e1a,age-fair,TIMEOUT,29,1641.733,163582.332,,,30019,30020,30019,30,,,,,,,,,false,
starexec,SYO525+1.027.p,e1a,balanced,TIMEOUT,29,407.642,164740.964,,,44295,44296,44295,30,,,,,,,,,false,
starexec,SYO525+1.027.p,e1a,equational,TIMEOUT,29,903.837,163452.659,,,35191,35192,35191,30,,,,,,,,,false,
starexec,SYO525+1.027.p,e1a,first-negative,TIMEOUT,29,1699.309,162900.107,,,33430,33431,33430,30,,,,,,,,,false,
starexec,SYO525+1.027.p,e1a,occurrence,TIMEOUT,29,1566.450,163594.165,,,35547,35548,35547,30,,,,,,,,,false,
starexec,SYO525+1.027.p,e1a,subsumption-light,TIMEOUT,29,846.784,163691.576,,,35164,35165,35164,30,,,,,,,,,false,
starexec,SYO525+1.027.p,e1a,unary-redundancy,TIMEOUT,29,1636.488,163568.227,,,35346,35347,35346,30,,,,,,,,,false,
starexec,SYO525+1.027.p,e1a,weight-greedy,TIMEOUT,29,873.873,163468.428,,,35470,35471,35470,30,,,,,,,,,false,
starexec,SYO525+1.030.p,e1a,age-fair,TIMEOUT,32,1731.499,163401.708,,,28473,28474,28473,33,,,,,,,,,false,
starexec,SYO525+1.030.p,e1a,balanced,TIMEOUT,32,526.807,164437.544,,,42279,42280,42279,33,,,,,,,,,false,
starexec,SYO525+1.030.p,e1a,equational,TIMEOUT,32,935.251,163282.364,,,34322,34323,34322,33,,,,,,,,,false,
starexec,SYO525+1.030.p,e1a,first-negative,TIMEOUT,32,1865.616,163123.613,,,32421,32422,32421,33,,,,,,,,,false,
starexec,SYO525+1.030.p,e1a,occurrence,TIMEOUT,32,1646.304,163326.542,,,28708,28709,28708,33,,,,,,,,,false,
starexec,SYO525+1.030.p,e1a,subsumption-light,TIMEOUT,32,931.798,163325.215,,,28420,28421,28420,33,,,,,,,,,false,
starexec,SYO525+1.030.p,e1a,unary-redundancy,TIMEOUT,32,1744.861,163203.575,,,28529,28530,28529,33,,,,,,,,,false,
starexec,SYO525+1.030.p,e1a,weight-greedy,TIMEOUT,32,947.946,163368.114,,,34078,34079,34078,33,,,,,,,,,false,
starexec,SYO605+1.p,e1a,age-fair,REFUTED,4,869.562,62087.825,,,12091,707901,7085,581314,48,,,,,,,,false,
starexec,SYO605+1.p,e1a,balanced,REFUTED,4,235.471,3264.146,,,2460,22910,1451,13662,48,,,,,,,,false,
starexec,SYO605+1.p,e1a,equational,TIMEOUT,4,506.495,164004.995,,,8578,2571554,6950,2537205,,,,,,,,,false,
starexec,SYO605+1.p,e1a,first-negative,HARD_TIMEOUT,4,0.000,,,,,,,,,,,,,,,,false,
starexec,SYO605+1.p,e1a,occurrence,TIMEOUT,4,873.135,164494.183,,,25045,2483456,18150,2304529,,,,,,,,,false,
starexec,SYO605+1.p,e1a,subsumption-light,REFUTED,4,466.133,7833.149,,,1778,12623,1060,7545,48,,,,,,,,false,
starexec,SYO605+1.p,e1a,unary-redundancy,TIMEOUT,4,848.285,165845.078,,,3451,292678,2928,281052,,,,,,,,,false,
starexec,SYO605+1.p,e1a,weight-greedy,TIMEOUT,4,490.724,164068.712,,,31028,552358,22266,436164,,,,,,,,,false,
starexec,TOP020+1.p,e1a,age-fair,TIMEOUT,8,713.639,164019.581,,,49784,316827,49281,264534,,,,,,,,,false,
starexec,TOP020+1.p,e1a,balanced,TIMEOUT,8,226.060,165005.197,,,52945,476441,51894,408827,,,,,,,,,false,
starexec,TOP020+1.p,e1a,equational,TIMEOUT,8,464.992,164267.209,,,41054,413063,40020,357694,,,,,,,,,false,
starexec,TOP020+1.p,e1a,first-negative,TIMEOUT,8,811.830,163776.196,,,20213,7772093,20209,7736735,,,,,,,,,false,
starexec,TOP020+1.p,e1a,occurrence,TIMEOUT,8,698.053,164150.962,,,27709,169431,27354,132744,,,,,,,,,false,
starexec,TOP020+1.p,e1a,subsumption-light,TIMEOUT,8,449.484,164184.807,,,28365,303638,27146,262951,,,,,,,,,false,
starexec,TOP020+1.p,e1a,unary-redundancy,TIMEOUT,8,705.480,164139.726,,,20909,232451,19992,202727,,,,,,,,,false,
starexec,TOP020+1.p,e1a,weight-greedy,TIMEOUT,8,433.690,164250.276,,,11289,8420041,10774,8368631,,,,,,,,,false,
starexec,TOP029+1.p,e1a,age-fair,TIMEOUT,108,1637.669,162999.280,,,34044,727017,32198,637097,,,,,,,,,false,
starexec,TOP029+1.p,e1a,balanced,TIMEOUT,108,531.711,164383.375,,,37944,731439,36624,594065,,,,,,,,,false,
starexec,TOP029+1.p,e1a,equational,TIMEOUT,108,994.228,163027.483,,,27788,537273,26714,452410,,,,,,,,,false,
starexec,TOP029+1.p,e1a,first-negative,TIMEOUT,108,1777.493,162668.225,,,39337,320371,33514,255287,,,,,,,,,false,
starexec,TOP029+1.p,e1a,occurrence,TIMEOUT,108,1635.278,162981.182,,,20572,719023,18849,614044,,,,,,,,,false,
starexec,TOP029+1.p,e1a,subsumption-light,TIMEOUT,108,1058.514,163041.521,,,22065,313081,21272,271616,,,,,,,,,false,
starexec,TOP029+1.p,e1a,unary-redundancy,TIMEOUT,108,1678.086,163089.449,,,20458,444457,19781,386314,,,,,,,,,false,
starexec,TOP029+1.p,e1a,weight-greedy,REFUTED,108,1013.947,9611.364,,,7497,57244,6912,37059,306,,,,,,,,false,
starexec,TOP046+3.p,e1a,age-fair,HARD_TIMEOUT,18710,0.000,,,,,,,,,,,,,,,,false,
starexec,TOP046+3.p,e1a,balanced,HARD_TIMEOUT,18710,0.000,,,,,,,,,,,,,,,,false,
starexec,TOP046+3.p,e1a,first-negative,HARD_TIMEOUT,18710,0.000,,,,,,,,,,,,,,,,false,
starexec,TOP046+3.p,e1a,occurrence,HARD_TIMEOUT,18710,0.000,,,,,,,,,,,,,,,,false,
starexec,TOP046+3.p,e1a,subsumption-light,HARD_TIMEOUT,18710,0.000,,,,,,,,,,,,,,,,false,
starexec,TOP046+3.p,e1a,unary-redundancy,HARD_TIMEOUT,18710,0.000,,,,,,,,,,,,,,,,false,
starexec,TOP046+3.p,e1a,weight-greedy,HARD_TIMEOUT,18710,0.000,,,,,,,,,,,,,,,,false,
starexec,AGT007+2.p,e1b,age-fair,REFUTED,922,4296.898,18144.175,177.143,5599.803,4843,190165,3694,182325,728,7,3850,1005532,3136,615,923,false,false,
starexec,AGT007+2.p,e1b,balanced,TIMEOUT,922,625.934,164867.176,,,39980,6909324,39265,6865317,1022,13,,,,,,,false,
starexec,AGT007+2.p,e1b,equational,SATURATED,922,1272.640,1045.224,,,680,1310,680,699,653,4,,,,,,,false,
starexec,AGT007+2.p,e1b,first-negative,SATURATED,922,1194.911,424.130,,,96,109,96,109,109,1,,,,,,,false,
starexec,AGT007+2.p,e1b,occurrence,TIMEOUT,922,1744.691,163846.703,,,35460,2703367,35240,2576907,667,4,,,,,,,false,
starexec,AGT007+2.p,e1b,subsumption-light,SATURATED,922,1187.462,1038.522,,,580,1099,580,621,587,2,,,,,,,false,
starexec,AGT007+2.p,e1b,unary-redundancy,SATURATED,922,2324.387,1519.177,,,564,1071,564,619,585,2,,,,,,,false,
starexec,AGT007+2.p,e1b,weight-greedy,SATURATED,922,1152.271,809.891,,,446,778,446,460,460,2,,,,,,,false,
starexec,AGT022+1.p,e1b,age-fair,TIMEOUT,555,1566.219,163924.742,,,19736,10992095,15830,10865790,362,7,,,,,,,false,
starexec,AGT022+1.p,e1b,balanced,TIMEOUT,555,601.898,164930.075,,,44579,148121,44448,101731,655,13,,,,,,,false,
starexec,AGT022+1.p,e1b,equational,SATURATED,555,892.019,3644.950,,,916,39671,878,19927,67,0,,,,,,,false,
starexec,AGT022+1.p,e1b,first-negative,SATURATED,555,1184.059,358.607,,,1,1,1,1,1,0,,,,,,,false,
starexec,AGT022+1.p,e1b,occurrence,SATURATED,555,1279.526,3784.353,,,1088,37336,1087,18614,276,0,,,,,,,false,
starexec,AGT022+1.p,e1b,subsumption-light,SATURATED,555,1291.546,4904.000,,,679,24032,645,7894,59,0,,,,,,,false,
starexec,AGT022+1.p,e1b,unary-redundancy,SATURATED,555,2018.773,6241.270,,,1080,31277,1005,15877,276,0,,,,,,,false,
starexec,AGT022+1.p,e1b,weight-greedy,SATURATED,555,754.664,196.815,,,1,1,1,1,1,0,,,,,,,false,
starexec,ALG040+1.p,e1b,age-fair,REFUTED,4,1279.084,7050.072,160.388,919.005,2970,16319,2925,12934,12,2,225,42487,623,398,5,false,false,
starexec,ALG040+1.p,e1b,balanced,REFUTED,4,568.987,1801.231,101.652,572.737,969,7520,962,6386,12,2,219,40643,602,388,5,false,false,
starexec,ALG040+1.p,e1b,equational,REFUTED,4,1086.664,3102.394,189.995,1014.137,969,7520,962,6386,12,2,219,40643,602,388,5,false,false,
starexec,ALG040+1.p,e1b,first-negative,REFUTED,4,1321.244,1243.618,142.485,974.579,124,848,104,669,12,2,188,33600,561,398,5,false,false,
starexec,ALG040+1.p,e1b,occurrence,REFUTED,4,1207.963,3164.003,163.808,917.951,1070,8310,1054,6973,12,2,225,42487,623,398,5,false,false,
starexec,ALG040+1.p,e1b,subsumption-light,REFUTED,4,1102.649,4482.915,174.437,1197.324,981,8780,972,7620,12,2,219,40643,602,388,5,false,false,
starexec,ALG040+1.p,e1b,unary-redundancy,REFUTED,4,1286.659,4518.500,154.376,1011.324,1072,9595,1063,8330,12,2,225,42487,623,398,5,false,false,
starexec,ALG040+1.p,e1b,weight-greedy,REFUTED,4,1122.523,855.544,156.458,1022.753,47,289,37,203,12,2,182,31985,540,388,5,false,false,
starexec,ALG213+1.p,e1b,age-fair,TIMEOUT,4,872.798,164241.340,,,870,6394184,837,6391431,5,5,,,,,,,false,
starexec,ALG213+1.p,e1b,balanced,TIMEOUT,4,385.442,165171.309,,,1237,11003036,1134,10996390,5,5,,,,,,,false,
starexec,ALG213+1.p,e1b,equational,TIMEOUT,4,788.046,164510.811,,,940,6384200,850,6379332,5,5,,,,,,,false,
starexec,ALG213+1.p,e1b,first-negative,TIMEOUT,4,670.212,164733.100,,,973,6855539,915,6850245,5,5,,,,,,,false,
starexec,ALG213+1.p,e1b,occurrence,TIMEOUT,4,850.951,164293.915,,,934,6407563,894,6395016,5,5,,,,,,,false,
starexec,ALG213+1.p,e1b,subsumption-light,TIMEOUT,4,539.894,165022.855,,,979,6812817,888,6807655,5,5,,,,,,,false,
starexec,ALG213+1.p,e1b,unary-redundancy,TIMEOUT,4,595.144,164774.410,,,1002,7332942,952,7327376,5,5,,,,,,,false,
starexec,ALG213+1.p,e1b,weight-greedy,TIMEOUT,4,817.928,164221.679,,,954,5835017,893,5797360,5,5,,,,,,,false,
starexec,BIO006+1.p,e1b,age-fair,PARSE_ERR,,0.000,,,,,,,,,,,,,,,,false,Exception
starexec,BIO006+1.p,e1b,balanced,PARSE_ERR,,0.000,,,,,,,,,,,,,,,,false,Exception
starexec,BIO006+1.p,e1b,equational,PARSE_ERR,,0.000,,,,,,,,,,,,,,,,false,Exception
starexec,BIO006+1.p,e1b,first-negative,PARSE_ERR,,0.000,,,,,,,,,,,,,,,,false,Exception
starexec,BIO006+1.p,e1b,occurrence,PARSE_ERR,,0.000,,,,,,,,,,,,,,,,false,Exception
starexec,BIO006+1.p,e1b,subsumption-light,PARSE_ERR,,0.000,,,,,,,,,,,,,,,,false,Exception
starexec,BIO006+1.p,e1b,unary-redundancy,PARSE_ERR,,0.000,,,,,,,,,,,,,,,,false,Exception
starexec,BIO006+1.p,e1b,weight-greedy,PARSE_ERR,,0.000,,,,,,,,,,,,,,,,false,Exception
starexec,COM008+1.p,e1b,age-fair,TIMEOUT,10,982.881,164238.358,,,11227,4835746,11194,4823326,15,3,,,,,,,false,
starexec,COM008+1.p,e1b,balanced,TIMEOUT,10,404.010,165087.045,,,17139,11442140,16986,11418416,15,3,,,,,,,false,
starexec,COM008+1.p,e1b,equational,TIMEOUT,10,845.287,164155.155,,,13229,6657507,13098,6638689,15,3,,,,,,,false,
starexec,COM008+1.p,e1b,first-negative,TIMEOUT,10,754.299,164570.153,,,62292,3291607,56660,3202064,15,3,,,,,,,false,
starexec,COM008+1.p,e1b,occurrence,TIMEOUT,10,668.702,164749.881,,,13647,9914687,12017,9862282,15,3,,,,,,,false,
starexec,COM008+1.p,e1b,subsumption-light,TIMEOUT,10,579.672,164843.314,,,5096,1314717,5015,1307839,15,3,,,,,,,false,
starexec,COM008+1.p,e1b,unary-redundancy,TIMEOUT,10,667.626,164753.563,,,5144,1329403,5063,1322477,15,3,,,,,,,false,
starexec,COM008+1.p,e1b,weight-greedy,TIMEOUT,10,562.256,164712.714,,,13295,8408530,11390,8330084,15,3,,,,,,,false,
starexec,COM008+2.p,e1b,age-fair,TIMEOUT,8,970.879,164711.490,,,9851,3441192,9711,3430146,13,3,,,,,,,false,
starexec,COM008+2.p,e1b,balanced,TIMEOUT,8,431.109,165458.567,,,20610,7954835,19868,7920335,13,3,,,,,,,false,
starexec,COM008+2.p,e1b,equational,TIMEOUT,8,839.829,164165.710,,,16438,4730637,15854,4703621,13,3,,,,,,,false,
starexec,COM008+2.p,e1b,first-negative,TIMEOUT,8,688.955,164528.938,,,35870,12282600,32118,12168613,13,3,,,,,,,false,
starexec,COM008+2.p,e1b,occurrence,TIMEOUT,8,924.666,164248.373,,,21079,8189038,19717,8133766,13,3,,,,,,,false,
starexec,COM008+2.p,e1b,subsumption-light,TIMEOUT,8,811.422,164205.914,,,4533,519234,4425,511696,13,3,,,,,,,false,
starexec,COM008+2.p,e1b,unary-redundancy,TIMEOUT,8,974.940,164107.400,,,4422,543410,4316,536048,13,3,,,,,,,false,
starexec,COM008+2.p,e1b,weight-greedy,TIMEOUT,8,808.122,164121.366,,,12708,5110895,11519,5044425,13,3,,,,,,,false,
starexec,COM131+1.p,e1b,age-fair,TIMEOUT,59,3894.778,163724.200,,,3598,3545070,3454,3541120,154,95,,,,,,,false,
starexec,COM131+1.p,e1b,balanced,TIMEOUT,59,1620.606,165360.271,,,10941,9057006,10802,9036034,157,95,,,,,,,false,
starexec,COM131+1.p,e1b,equational,TIMEOUT,59,2071.443,164383.383,,,8247,5950546,8134,5934876,157,95,,,,,,,false,
starexec,COM131+1.p,e1b,first-negative,TIMEOUT,59,3014.416,165049.273,,,13646,5688486,13284,5656047,154,95,,,,,,,false,
starexec,COM131+1.p,e1b,occurrence,TIMEOUT,59,3577.443,163382.602,,,11561,6718413,11429,6652441,154,95,,,,,,,false,
starexec,COM131+1.p,e1b,subsumption-light,TIMEOUT,59,2081.336,164387.547,,,5689,3390096,5533,3379686,157,95,,,,,,,false,
starexec,COM131+1.p,e1b,unary-redundancy,TIMEOUT,59,2724.293,164457.703,,,4406,3849971,4286,3841557,154,95,,,,,,,false,
starexec,COM131+1.p,e1b,weight-greedy,TIMEOUT,59,2135.522,164688.756,,,24993,9557460,24036,9398678,157,95,,,,,,,false,
starexec,COM136+1.p,e1b,age-fair,HARD_TIMEOUT,56,0.000,,,,,,,,,,,,,,,,false,
starexec,COM136+1.p,e1b,balanced,TIMEOUT,56,1679.406,165039.116,,,6433,7586126,6349,7574534,152,94,,,,,,,false,
starexec,COM136+1.p,e1b,equational,TIMEOUT,56,2133.750,164417.460,,,8063,5731517,7964,5715483,152,94,,,,,,,false,
starexec,COM136+1.p,e1b,first-negative,TIMEOUT,56,3012.972,164184.101,,,12941,5619241,12471,5586765,149,94,,,,,,,false,
starexec,COM136+1.p,e1b,occurrence,HARD_TIMEOUT,56,0.000,,,,,,,,,,,,,,,,false,
starexec,COM136+1.p,e1b,subsumption-light,TIMEOUT,56,2149.372,164635.337,,,5002,4319002,4942,4310040,152,94,,,,,,,false,
starexec,COM136+1.p,e1b,unary-redundancy,TIMEOUT,56,2741.414,163870.795,,,4510,4642397,4367,4633923,149,94,,,,,,,false,
starexec,COM136+1.p,e1b,weight-greedy,TIMEOUT,56,2122.313,164473.800,,,25124,9473542,24071,9312475,152,94,,,,,,,false,
starexec,COM139+1.p,e1b,age-fair,HARD_TIMEOUT,55,0.000,,,,,,,,,,,,,,,,false,
starexec,COM139+1.p,e1b,balanced,TIMEOUT,55,1905.748,164873.562,,,6039,6398585,5930,6387319,152,94,,,,,,,false,
starexec,COM139+1.p,e1b,equational,TIMEOUT,55,3478.408,163806.387,,,6470,3770555,6348,3757857,152,94,,,,,,,false,
starexec,COM139+1.p,e1b,first-negative,HARD_TIMEOUT,55,0.000,,,,,,,,,,,,,,,,false,
starexec,COM139+1.p,e1b,occurrence,HARD_TIMEOUT,55,0.000,,,,,,,,,,,,,,,,false,
starexec,COM139+1.p,e1b,subsumption-light,TIMEOUT,55,3435.446,163945.967,,,5100,2959623,4769,2950253,152,94,,,,,,,false,
starexec,COM139+1.p,e1b,unary-redundancy,HARD_TIMEOUT,55,0.000,,,,,,,,,,,,,,,,false,
starexec,COM139+1.p,e1b,weight-greedy,TIMEOUT,55,3479.908,163666.558,,,19844,5846291,19060,5732233,152,94,,,,,,,false,
starexec,CSR005+2.p,e1b,age-fair,TIMEOUT,55,2081.086,163843.198,,,19390,4512338,14013,4460986,109,14,,,,,,,false,
starexec,CSR005+2.p,e1b,balanced,TIMEOUT,55,795.140,164863.072,,,28012,7709650,26340,7606878,120,18,,,,,,,false,
starexec,CSR005+2.p,e1b,equational,TIMEOUT,55,1048.698,165643.953,,,25158,7068339,23116,6972607,120,18,,,,,,,false,
starexec,CSR005+2.p,e1b,first-negative,REFUTED,55,2007.042,149970.370,150.235,2862.511,24502,6499649,17775,6345882,109,14,1277,572273,4044,1081,56,false,false,
starexec,CSR005+2.p,e1b,occurrence,TIMEOUT,55,2030.156,163856.257,,,22008,4666249,20774,4487402,109,14,,,,,,,false,
starexec,CSR005+2.p,e1b,subsumption-light,TIMEOUT,55,1046.369,164618.720,,,11166,1808569,9616,1771725,120,18,,,,,,,false,
starexec,CSR005+2.p,e1b,unary-redundancy,TIMEOUT,55,1323.148,164573.570,,,11952,1826507,9343,1782181,109,14,,,,,,,false,
starexec,CSR005+2.p,e1b,weight-greedy,TIMEOUT,55,1069.816,164495.875,,,29805,11836192,26705,11646348,120,18,,,,,,,false,
starexec,CSR021+1.p,e1b,age-fair,REFUTED,47,2213.327,4471.349,103.316,5735.982,1992,43512,1717,36595,120,17,967,585475,3915,1419,48,false,false,
starexec,CSR021+1.p,e1b,balanced,REFUTED,47,1794.908,1581.402,99.917,4503.342,831,7348,817,5102,137,21,1040,664001,4515,1464,48,false,false,
starexec,CSR021+1.p,e1b,equational,REFUTED,47,1985.995,1398.994,111.130,7952.449,534,2137,528,736,137,21,1040,664001,4515,1464,48,false,false,
starexec,CSR021+1.p,e1b,first-negative,REFUTED,47,2224.419,2585.738,90.442,5712.689,1141,17822,1010,15681,120,17,967,585466,3915,1419,48,false,false,
starexec,CSR021+1.p,e1b,occurrence,REFUTED,47,1963.974,1501.379,89.488,5723.361,627,4417,613,2272,120,17,967,585475,3915,1419,48,false,false,
starexec,CSR021+1.p,e1b,subsumption-light,REFUTED,47,2126.654,24193.541,209.651,12109.983,3836,179650,3729,164604,137,21,1040,664001,4515,1464,48,false,false,
starexec,CSR021+1.p,e1b,unary-redundancy,REFUTED,47,2074.892,8229.424,101.749,6964.128,2063,56182,1932,50119,120,17,967,585475,3915,1419,48,false,false,
starexec,CSR021+1.p,e1b,weight-greedy,REFUTED,47,1800.665,1454.544,102.265,8198.983,752,2655,751,883,137,21,1040,664001,4515,1464,48,false,false,
starexec,CSR022+1.p,e1b,age-fair,REFUTED,47,3212.335,7008.898,151.855,9255.263,1974,43439,1696,36577,120,17,967,585475,3915,1419,48,false,false,
starexec,CSR022+1.p,e1b,balanced,REFUTED,47,1285.305,1478.717,86.339,6521.912,804,6514,789,4356,137,21,1037,662932,4511,1464,48,false,false,
starexec,CSR022+1.p,e1b,equational,REFUTED,47,2945.364,3212.168,166.332,12718.745,866,10557,849,8327,137,21,1036,661850,4505,1464,48,false,false,
starexec,CSR022+1.p,e1b,first-negative,REFUTED,47,2294.173,2243.480,90.255,6203.775,840,10915,757,9499,120,17,967,585466,3915,1419,48,false,false,
starexec,CSR022+1.p,e1b,occurrence,REFUTED,47,2877.660,2069.084,134.617,8264.818,534,3608,520,2231,120,17,966,584438,3909,1419,48,false,false,
starexec,CSR022+1.p,e1b,subsumption-light,REFUTED,47,2540.739,12636.383,136.494,12787.372,1867,67463,1770,61531,137,21,1040,666122,4509,1464,48,false,false,
starexec,CSR022+1.p,e1b,unary-redundancy,REFUTED,47,3150.121,2697.615,142.577,8905.804,608,4599,581,3093,120,17,968,586465,3905,1419,48,false,false,
starexec,CSR022+1.p,e1b,weight-greedy,REFUTED,47,2890.096,2222.770,169.653,12937.976,721,2146,720,761,137,21,1037,662932,4511,1464,48,false,false,
starexec,CSR025+5.p,e1b,age-fair,PARSE_ERR,,0.000,,,,,,,,,,,,,,,,false,Exception
starexec,CSR025+5.p,e1b,balanced,PARSE_ERR,,0.000,,,,,,,,,,,,,,,,false,Exception
starexec,CSR025+5.p,e1b,equational,PARSE_ERR,,0.000,,,,,,,,,,,,,,,,false,Exception
starexec,CSR025+5.p,e1b,first-negative,PARSE_ERR,,0.000,,,,,,,,,,,,,,,,false,Exception
starexec,CSR025+5.p,e1b,occurrence,PARSE_ERR,,0.000,,,,,,,,,,,,,,,,false,Exception
starexec,CSR025+5.p,e1b,subsumption-light,PARSE_ERR,,0.000,,,,,,,,,,,,,,,,false,Exception
starexec,CSR025+5.p,e1b,unary-redundancy,PARSE_ERR,,0.000,,,,,,,,,,,,,,,,false,Exception
starexec,CSR025+5.p,e1b,weight-greedy,PARSE_ERR,,0.000,,,,,,,,,,,,,,,,false,Exception
starexec,CSR030+3.p,e1b,age-fair,REFUTED,8005,7883.091,16686.041,250.026,4790.264,8144,24193,8062,14138,3296,0,23250,662265,41334,89,8006,false,false,
starexec,CSR030+3.p,e1b,balanced,REFUTED,8005,3572.816,73693.619,154.783,5342.357,32375,119254,32036,74216,8007,0,44051,1238418,103763,89,8006,false,false,
starexec,CSR030+3.p,e1b,equational,REFUTED,8005,1736.917,531.143,70.239,573.306,81,142,77,70,70,0,407,11559,1071,59,8006,false,false,
starexec,CSR030+3.p,e1b,first-negative,SATURATED,8005,1584.980,352.897,,,10,12,10,10,10,0,,,,,,,false,
starexec,CSR030+3.p,e1b,occurrence,REFUTED,8005,4475.040,25379.485,127.661,2555.802,13240,44551,13111,17530,2280,0,16157,456557,28347,89,8006,false,false,
starexec,CSR030+3.p,e1b,subsumption-light,REFUTED,8005,1706.635,401.325,55.876,490.499,40,66,39,42,42,0,296,8657,858,59,8006,false,false,
starexec,CSR030+3.p,e1b,unary-redundancy,REFUTED,8005,2876.391,2006.778,75.382,986.365,1543,4456,1475,2108,556,0,3911,114193,7826,82,8006,false,false,
starexec,CSR030+3.p,e1b,weight-greedy,SATURATED,8005,2248.888,454.060,,,27,37,26,22,22,0,,,,,,,false,
starexec,CSR033+3.p,e1b,age-fair,HARD_TIMEOUT,8005,0.000,,,,,,,,,,,,,,,,false,
starexec,CSR033+3.p,e1b,balanced,TIMEOUT,8005,1953.746,164161.500,,,38545,195133,37922,140621,8007,0,,,,,,,false,
starexec,CSR033+3.p,e1b,equational,REFUTED,8005,1852.762,882.034,89.269,795.796,370,670,323,159,151,0,935,29152,2421,59,8006,false,false,
starexec,CSR033+3.p,e1b,first-negative,SATURATED,8005,1637.593,398.330,,,27,37,26,21,21,0,,,,,,,false,
starexec,CSR033+3.p,e1b,occurrence,TIMEOUT,8005,3881.663,162093.104,,,25570,161158,25346,97881,2251,0,,,,,,,false,
starexec,CSR033+3.p,e1b,subsumption-light,REFUTED,8005,1718.124,681.046,63.482,615.002,167,316,145,76,76,0,450,13639,1009,59,8006,false,false,
starexec,CSR033+3.p,e1b,unary-redundancy,REFUTED,8005,2765.316,3312.343,90.099,1033.507,2387,10633,2347,6284,416,0,3190,102679,6895,82,8006,false,false,
starexec,CSR033+3.p,e1b,weight-greedy,SATURATED,8005,1452.227,461.239,,,71,109,63,40,40,0,,,,,,,false,
starexec,CSR036+5.p,e1b,age-fair,PARSE_ERR,,0.000,,,,,,,,,,,,,,,,false,Exception
starexec,CSR036+5.p,e1b,balanced,PARSE_ERR,,0.000,,,,,,,,,,,,,,,,false,Exception
starexec,CSR036+5.p,e1b,equational,PARSE_ERR,,0.000,,,,,,,,,,,,,,,,false,Exception
starexec,CSR036+5.p,e1b,first-negative,PARSE_ERR,,0.000,,,,,,,,,,,,,,,,false,Exception
starexec,CSR036+5.p,e1b,occurrence,PARSE_ERR,,0.000,,,,,,,,,,,,,,,,false,Exception
starexec,CSR036+5.p,e1b,subsumption-light,PARSE_ERR,,0.000,,,,,,,,,,,,,,,,false,Exception
starexec,CSR036+5.p,e1b,unary-redundancy,PARSE_ERR,,0.000,,,,,,,,,,,,,,,,false,Exception
starexec,CSR036+5.p,e1b,weight-greedy,PARSE_ERR,,0.000,,,,,,,,,,,,,,,,false,Exception
starexec,CSR038+4.p,e1b,age-fair,HARD_TIMEOUT,44216,0.000,,,,,,,,,,,,,,,,false,
starexec,CSR038+4.p,e1b,balanced,HARD_TIMEOUT,44216,0.000,,,,,,,,,,,,,,,,false,
starexec,CSR038+4.p,e1b,equational,REFUTED,44216,5608.201,719.438,65.408,799.355,127,173,120,115,116,0,879,30668,2790,82,44217,false,false,
starexec,CSR038+4.p,e1b,first-negative,SATURATED,44216,3785.325,438.435,,,12,16,12,14,14,0,,,,,,,false,
starexec,CSR038+4.p,e1b,occurrence,HARD_TIMEOUT,44216,0.000,,,,,,,,,,,,,,,,false,
starexec,CSR038+4.p,e1b,subsumption-light,REFUTED,44216,5107.853,590.624,51.575,622.052,88,128,86,73,73,0,531,19043,1666,82,44217,false,false,
starexec,CSR038+4.p,e1b,unary-redundancy,REFUTED,44216,8142.783,4495.973,89.684,1756.592,3204,10304,3100,4559,850,0,5936,196772,11682,82,44217,false,false,
starexec,CSR038+4.p,e1b,weight-greedy,SATURATED,44216,5153.478,512.481,,,32,44,31,28,28,0,,,,,,,false,
starexec,CSR042+3.p,e1b,age-fair,REFUTED,8005,7851.722,7895.890,237.669,5213.235,4683,13743,4664,8708,3302,0,23024,653602,40459,89,8006,false,false,
starexec,CSR042+3.p,e1b,balanced,REFUTED,8005,3311.876,27734.861,138.542,3388.623,18874,51828,18789,27557,8007,0,44041,1238170,103750,89,8006,false,false,
starexec,CSR042+3.p,e1b,equational,REFUTED,8005,1683.770,383.791,53.165,452.701,49,80,49,69,69,0,330,8817,709,59,8006,false,false,
starexec,CSR042+3.p,e1b,first-negative,SATURATED,8005,1606.680,308.796,,,9,9,9,8,8,0,,,,,,,false,
starexec,CSR042+3.p,e1b,occurrence,REFUTED,8005,4432.583,6458.539,113.281,2509.291,5172,9491,5168,2374,2254,0,15811,445067,27415,89,8006,false,false,
starexec,CSR042+3.p,e1b,subsumption-light,REFUTED,8005,1618.187,383.888,65.119,375.846,19,32,19,27,27,0,190,5503,554,59,8006,false,false,
starexec,CSR042+3.p,e1b,unary-redundancy,REFUTED,8005,2738.495,1178.215,77.832,964.774,676,1684,674,768,387,0,3032,93448,6830,82,8006,false,false,
starexec,CSR042+3.p,e1b,weight-greedy,SATURATED,8005,2087.689,513.035,,,19,22,19,18,18,0,,,,,,,false,
starexec,CSR044+3.p,e1b,age-fair,HARD_TIMEOUT,8005,0.000,,,,,,,,,,,,,,,,false,
starexec,CSR044+3.p,e1b,balanced,TIMEOUT,8005,1945.811,164163.698,,,63325,290552,61609,186786,8007,0,,,,,,,false,
starexec,CSR044+3.p,e1b,equational,REFUTED,8005,1879.016,750.440,78.430,737.522,204,338,187,117,117,0,854,30587,2844,89,8006,false,false,
starexec,CSR044+3.p,e1b,first-negative,SATURATED,8005,1540.963,317.040,,,12,15,12,12,12,0,,,,,,,false,
starexec,CSR044+3.p,e1b,occurrence,REFUTED,8005,4480.240,143320.299,104.632,2663.949,32549,235403,32255,147006,2221,0,15706,502192,27397,89,8006,false,false,
starexec,CSR044+3.p,e1b,subsumption-light,REFUTED,8005,1624.995,407.607,62.078,427.017,53,80,47,32,32,0,236,8923,784,82,8006,false,false,
starexec,CSR044+3.p,e1b,unary-redundancy,REFUTED,8005,4526.284,5130.461,134.965,1373.317,2392,10850,2366,6423,403,0,3152,108228,7015,82,8006,false,false,
starexec,CSR044+3.p,e1b,weight-greedy,SATURATED,8005,1473.631,346.224,,,38,55,36,24,24,0,,,,,,,false,
starexec,CSR045+3.p,e1b,age-fair,HARD_TIMEOUT,8005,0.000,,,,,,,,,,,,,,,,false,
starexec,CSR045+3.p,e1b,balanced,REFUTED,8005,3967.553,5664.764,242.906,6571.081,6101,11492,6077,8006,8006,0,44056,1004551,103748,89,8006,false,false,
starexec,CSR045+3.p,e1b,equational,SATURATED,8005,2309.478,522.214,,,22,30,22,24,24,0,,,,,,,false,
starexec,CSR045+3.p,e1b,first-negative,SATURATED,8005,1666.178,316.614,,,6,9,6,8,8,0,,,,,,,false,
starexec,CSR045+3.p,e1b,occurrence,REFUTED,8005,7153.649,4589.996,211.351,3778.801,2556,4776,2555,2219,2219,0,15698,354619,27362,89,8006,false,false,
starexec,CSR045+3.p,e1b,subsumption-light,SATURATED,8005,2455.990,492.369,,,22,30,22,24,24,0,,,,,,,false,
starexec,CSR045+3.p,e1b,unary-redundancy,SATURATED,8005,3878.003,44055.107,,,13188,44958,12901,14138,388,0,,,,,,,false,
starexec,CSR045+3.p,e1b,weight-greedy,SATURATED,8005,2235.011,433.310,,,11,15,11,12,12,0,,,,,,,false,
starexec,CSR048+3.p,e1b,age-fair,REFUTED,8005,5351.386,8257.013,162.459,3579.237,6599,18012,6484,9928,3303,0,23030,653749,40466,89,8006,false,false,
starexec,CSR048+3.p,e1b,balanced,REFUTED,8005,2348.670,37377.942,89.435,5977.072,29099,83492,28903,44437,8007,0,44043,1238212,103749,89,8006,false,false,
starexec,CSR048+3.p,e1b,equational,REFUTED,8005,1732.744,462.126,57.454,517.575,74,166,72,73,73,0,344,9179,726,59,8006,false,false,
starexec,CSR048+3.p,e1b,first-negative,REFUTED,8005,1787.384,352.764,38.616,171.718,18,22,17,16,16,0,116,2909,192,48,8006,false,false,
starexec,CSR048+3.p,e1b,occurrence,REFUTED,8005,4457.536,26060.510,118.410,2709.832,12747,39262,12699,13666,2255,0,15817,445214,27419,89,8006,false,false,
starexec,CSR048+3.p,e1b,subsumption-light,REFUTED,8005,1651.083,436.352,50.528,381.087,41,81,39,46,46,0,249,6742,580,59,8006,false,false,
starexec,CSR048+3.p,e1b,unary-redundancy,REFUTED,8005,2693.107,1482.574,83.694,882.614,1033,3097,1028,1481,407,0,3114,94974,6859,82,8006,false,false,
starexec,CSR048+3.p,e1b,weight-greedy,REFUTED,8005,1537.676,367.519,63.083,315.446,30,52,29,31,31,0,181,4833,422,59,8006,false,false,
starexec,CSR050+5.p,e1b,age-fair,PARSE_ERR,,0.000,,,,,,,,,,,,,,,,false,Exception
starexec,CSR050+5.p,e1b,balanced,PARSE_ERR,,0.000,,,,,,,,,,,,,,,,false,Exception
starexec,CSR050+5.p,e1b,equational,PARSE_ERR,,0.000,,,,,,,,,,,,,,,,false,Exception
starexec,CSR050+5.p,e1b,first-negative,PARSE_ERR,,0.000,,,,,,,,,,,,,,,,false,Exception
starexec,CSR050+5.p,e1b,occurrence,PARSE_ERR,,0.000,,,,,,,,,,,,,,,,false,Exception
starexec,CSR050+5.p,e1b,subsumption-light,PARSE_ERR,,0.000,,,,,,,,,,,,,,,,false,Exception
starexec,CSR050+5.p,e1b,unary-redundancy,PARSE_ERR,,0.000,,,,,,,,,,,,,,,,false,Exception
starexec,CSR050+5.p,e1b,weight-greedy,PARSE_ERR,,0.000,,,,,,,,,,,,,,,,false,Exception
starexec,CSR052+3.p,e1b,age-fair,TIMEOUT,8005,2494.008,163717.722,,,50903,1051781,49484,984295,3314,0,,,,,,,false,
starexec,CSR052+3.p,e1b,balanced,TIMEOUT,8005,2846.061,163141.476,,,43230,210936,42606,148359,8007,0,,,,,,,false,
starexec,CSR052+3.p,e1b,equational,SATURATED,8005,1351.600,532.482,,,218,269,218,92,92,0,,,,,,,false,
starexec,CSR052+3.p,e1b,first-negative,SATURATED,8005,939.543,213.618,,,19,24,19,18,18,0,,,,,,,false,
starexec,CSR052+3.p,e1b,occurrence,TIMEOUT,8005,2245.999,163646.462,,,43144,404645,42862,282109,2300,0,,,,,,,false,
starexec,CSR052+3.p,e1b,subsumption-light,SATURATED,8005,884.102,259.753,,,92,121,92,49,49,0,,,,,,,false,
starexec,CSR052+3.p,e1b,unary-redundancy,REFUTED,8005,1532.238,458.170,45.558,394.057,122,243,122,95,67,0,502,15712,811,59,8006,false,false,
starexec,CSR052+3.p,e1b,weight-greedy,SATURATED,8005,1250.392,296.330,,,48,63,48,33,33,0,,,,,,,false,
starexec,CSR054+3.p,e1b,age-fair,REFUTED,8005,7894.043,5001.099,229.095,5727.737,3072,8440,3051,4879,3229,0,22728,732375,40291,89,8006,false,false,
starexec,CSR054+3.p,e1b,balanced,REFUTED,8005,3916.710,12908.354,258.912,6286.149,11391,33190,11317,19850,8007,0,44037,1438507,103741,89,8006,false,false,
starexec,CSR054+3.p,e1b,equational,REFUTED,8005,3083.609,1050.574,93.862,1366.772,212,405,210,227,227,0,1393,46277,3911,82,8006,false,false,
starexec,CSR054+3.p,e1b,first-negative,SATURATED,8005,1645.443,390.735,,,9,10,9,9,9,0,,,,,,,false,
starexec,CSR054+3.p,e1b,occurrence,REFUTED,8005,6720.707,10569.569,197.053,4285.264,5362,12810,5351,4678,2261,0,15974,510122,27764,89,8006,false,false,
starexec,CSR054+3.p,e1b,subsumption-light,REFUTED,8005,2946.685,834.395,77.035,1164.853,118,145,117,126,126,0,906,30569,2801,82,8006,false,false,
starexec,CSR054+3.p,e1b,unary-redundancy,REFUTED,8005,4494.279,1768.080,108.844,1469.253,584,1673,581,891,527,0,3683,120059,7233,82,8006,false,false,
starexec,CSR054+3.p,e1b,weight-greedy,SATURATED,8005,2537.412,532.112,,,57,61,57,43,43,0,,,,,,,false,
starexec,CSR056+3.p,e1b,age-fair,HARD_TIMEOUT,8005,0.000,,,,,,,,,,,,,,,,false,
starexec,CSR056+3.p,e1b,balanced,REFUTED,8005,2599.638,99052.487,119.390,3570.355,47856,239795,46729,168597,8007,0,44057,1238544,103754,89,8006,false,false,
starexec,CSR056+3.p,e1b,equational,REFUTED,8005,1910.863,711.150,67.450,857.060,240,367,224,164,164,0,1085,30284,2654,59,8006,false,false,
starexec,CSR056+3.p,e1b,first-negative,SATURATED,8005,1541.698,360.615,,,10,12,10,10,10,0,,,,,,,false,
starexec,CSR056+3.p,e1b,occurrence,REFUTED,8005,6643.217,36590.349,198.203,3640.742,12530,38909,12478,13630,2260,0,15976,450106,27715,89,8006,false,false,
starexec,CSR056+3.p,e1b,subsumption-light,SATURATED,8005,1492.775,383.080,,,48,63,47,43,43,0,,,,,,,false,
starexec,CSR056+3.p,e1b,unary-redundancy,TIMEOUT,8005,3906.072,158989.538,,,36264,283977,35550,183957,433,0,,,,,,,false,
starexec,CSR056+3.p,e1b,weight-greedy,SATURATED,8005,1473.800,386.436,,,32,44,31,24,24,0,,,,,,,false,
starexec,CSR058+3.p,e1b,age-fair,HARD_TIMEOUT,8005,0.000,,,,,,,,,,,,,,,,false,
starexec,CSR058+3.p,e1b,balanced,REFUTED,8005,3654.889,14144.645,205.578,6351.632,11404,33177,11331,19857,8007,0,44037,1438501,103742,89,8006,false,false,
starexec,CSR058+3.p,e1b,equational,SATURATED,8005,2502.232,1348.476,,,385,696,382,154,154,0,,,,,,,false,
starexec,CSR058+3.p,e1b,first-negative,SATURATED,8005,2287.005,506.845,,,8,8,8,7,7,0,,,,,,,false,
starexec,CSR058+3.p,e1b,occurrence,HARD_TIMEOUT,8005,0.000,,,,,,,,,,,,,,,,false,
starexec,CSR058+3.p,e1b,subsumption-light,SATURATED,8005,2403.723,899.978,,,152,230,150,76,76,0,,,,,,,false,
starexec,CSR058+3.p,e1b,unary-redundancy,SATURATED,8005,3870.607,72095.872,,,16078,62970,15714,13571,502,0,,,,,,,false,
starexec,CSR058+3.p,e1b,weight-greedy,SATURATED,8005,2486.893,563.282,,,47,67,47,39,39,0,,,,,,,false,
starexec,CSR066+5.p,e1b,age-fair,PARSE_ERR,,0.000,,,,,,,,,,,,,,,,false,Exception
starexec,CSR066+5.p,e1b,balanced,PARSE_ERR,,0.000,,,,,,,,,,,,,,,,false,Exception
starexec,CSR066+5.p,e1b,equational,PARSE_ERR,,0.000,,,,,,,,,,,,,,,,false,Exception
starexec,CSR066+5.p,e1b,first-negative,PARSE_ERR,,0.000,,,,,,,,,,,,,,,,false,Exception
starexec,CSR066+5.p,e1b,occurrence,PARSE_ERR,,0.000,,,,,,,,,,,,,,,,false,Exception
starexec,CSR066+5.p,e1b,subsumption-light,PARSE_ERR,,0.000,,,,,,,,,,,,,,,,false,Exception
starexec,CSR066+5.p,e1b,unary-redundancy,PARSE_ERR,,0.000,,,,,,,,,,,,,,,,false,Exception
starexec,CSR066+5.p,e1b,weight-greedy,PARSE_ERR,,0.000,,,,,,,,,,,,,,,,false,Exception
starexec,CSR067+3.p,e1b,age-fair,REFUTED,8005,8412.188,7653.691,214.534,5046.046,4692,13767,4671,8711,3303,0,23028,653703,40463,89,8006,false,false,
starexec,CSR067+3.p,e1b,balanced,REFUTED,8005,3476.235,19633.851,146.455,3633.968,18860,51800,18775,27557,8007,0,44041,1238170,103750,89,8006,false,false,
starexec,CSR067+3.p,e1b,equational,REFUTED,8005,1650.701,407.982,50.404,439.740,54,85,54,70,70,0,333,8897,714,59,8006,false,false,
starexec,CSR067+3.p,e1b,first-negative,REFUTED,8005,1723.232,383.097,29.608,165.018,11,14,11,10,10,0,90,2419,184,48,8006,false,false,
starexec,CSR067+3.p,e1b,occurrence,REFUTED,8005,4371.139,6381.444,121.049,2582.306,5186,9513,5182,2372,2255,0,15815,445168,27419,89,8006,false,false,
starexec,CSR067+3.p,e1b,subsumption-light,REFUTED,8005,1616.759,331.605,49.527,416.295,21,33,20,27,27,0,190,5503,554,59,8006,false,false,
starexec,CSR067+3.p,e1b,unary-redundancy,REFUTED,8005,2828.943,1140.685,76.061,863.411,678,1692,675,768,387,0,3032,93448,6830,82,8006,false,false,
starexec,CSR067+3.p,e1b,weight-greedy,REFUTED,8005,2440.269,495.351,80.464,476.425,17,26,16,20,20,0,146,4098,407,59,8006,false,false,
starexec,CSR113+13.p,e1b,age-fair,REFUTED,10188,13327.835,22660.059,129.983,60471.208,8171,163814,8115,155281,650,72,4171,9666176,17476,6324,10189,false,false,
starexec,CSR113+13.p,e1b,balanced,TIMEOUT,10188,2769.021,163740.584,,,58969,280914,58965,221940,10593,79,,,,,,,false,
starexec,CSR113+13.p,e1b,equational,TIMEOUT,10188,2290.935,161776.345,,,33332,4693472,33253,4648540,441,36,,,,,,,false,
starexec,CSR113+13.p,e1b,first-negative,SATURATED,10188,1531.957,356.435,,,5,5,5,5,5,0,,,,,,,false,
starexec,CSR113+13.p,e1b,occurrence,REFUTED,10188,7259.712,23770.414,107.884,19337.826,10828,65807,10633,50402,535,53,3175,5806989,13902,5258,10189,false,false,
starexec,CSR113+13.p,e1b,subsumption-light,TIMEOUT,10188,2068.834,161838.466,,,12909,563030,12721,547824,378,23,,,,,,,false,
starexec,CSR113+13.p,e1b,unary-redundancy,HARD_TIMEOUT,10188,0.000,,,,,,,,,,,,,,,,false,
starexec,CSR113+13.p,e1b,weight-greedy,TIMEOUT,10188,2321.281,161125.237,,,251,267,249,18,18,5,,,,,,,false,
starexec,CSR113+30.p,e1b,age-fair,REFUTED,10188,12184.593,16812.456,117.509,58567.238,7610,102337,7363,94272,616,72,4129,9446177,17293,6055,10189,false,false,
starexec,CSR113+30.p,e1b,balanced,TIMEOUT,10188,1784.813,164250.171,,,53919,345760,53919,291836,10559,79,,,,,,,false,
starexec,CSR113+30.p,e1b,equational,TIMEOUT,10188,2291.882,161919.195,,,51546,1664874,47320,1595335,417,39,,,,,,,false,
starexec,CSR113+30.p,e1b,first-negative,SATURATED,10188,1805.365,347.978,,,12,12,12,11,11,4,,,,,,,false,
starexec,CSR113+30.p,e1b,occurrence,REFUTED,10188,10418.143,19169.929,103.066,36606.947,6941,54020,6795,45683,509,57,3246,6219725,14340,5222,10189,false,false,
starexec,CSR113+30.p,e1b,subsumption-light,SATURATED,10188,1653.964,520.796,,,44,44,43,27,27,7,,,,,,,false,
starexec,CSR113+30.p,e1b,unary-redundancy,HARD_TIMEOUT,10188,0.000,,,,,,,,,,,,,,,,false,
starexec,CSR113+30.p,e1b,weight-greedy,TIMEOUT,10188,1587.758,162582.582,,,287,2370,201,972,17,5,,,,,,,false,
starexec,CSR113+4.p,e1b,age-fair,REFUTED,10188,7633.781,11585.338,81.264,61747.711,7776,115930,7527,107667,631,72,4194,9582326,17330,6089,10189,false,false,
starexec,CSR113+4.p,e1b,balanced,TIMEOUT,10188,1876.412,163428.821,,,46959,297268,46959,250302,10564,79,,,,,,,false,
starexec,CSR113+4.p,e1b,equational,TIMEOUT,10188,2078.008,160317.906,,,47869,2154477,43957,2092443,361,24,,,,,,,false,
starexec,CSR113+4.p,e1b,first-negative,SATURATED,10188,1969.000,349.386,,,12,12,12,11,11,4,,,,,,,false,
starexec,CSR113+4.p,e1b,occurrence,REFUTED,10188,6846.254,11558.462,75.346,37028.407,7054,61805,6982,54063,522,57,3299,6313607,14373,5256,10189,false,false,
starexec,CSR113+4.p,e1b,subsumption-light,SATURATED,10188,1644.145,464.948,,,44,44,43,27,27,7,,,,,,,false,
starexec,CSR113+4.p,e1b,unary-redundancy,HARD_TIMEOUT,10188,0.000,,,,,,,,,,,,,,,,false,
starexec,CSR113+4.p,e1b,weight-greedy,TIMEOUT,10188,1599.973,160480.307,,,284,2278,200,930,17,5,,,,,,,false,
starexec,CSR114+8.p,e1b,age-fair,HARD_TIMEOUT,10188,0.000,,,,,,,,,,,,,,,,false,
starexec,CSR114+8.p,e1b,balanced,TIMEOUT,10188,2909.592,163282.327,,,41122,265624,41122,224488,10478,79,,,,,,,false,
starexec,CSR114+8.p,e1b,equational,TIMEOUT,10188,3348.342,159274.518,,,26144,2625822,25069,2594811,276,26,,,,,,,false,
starexec,CSR114+8.p,e1b,first-negative,SATURATED,10188,2399.166,472.288,,,2,2,2,2,2,0,,,,,,,false,
starexec,CSR114+8.p,e1b,occurrence,REFUTED,10188,9952.998,29457.808,146.987,34739.863,9021,73994,8228,61199,428,57,3167,5939971,14016,4568,10189,false,false,
starexec,CSR114+8.p,e1b,subsumption-light,SATURATED,10188,2971.051,1488.843,,,475,494,475,191,191,12,,,,,,,false,
starexec,CSR114+8.p,e1b,unary-redundancy,REFUTED,10188,7790.616,2521.665,116.317,13786.966,965,1756,946,736,277,29,1837,1879363,8134,2760,10189,false,false,
starexec,CSR114+8.p,e1b,weight-greedy,SATURATED,10188,2156.635,401.107,,,2,2,2,2,2,0,,,,,,,false,
starexec,CSR115+8.p,e1b,age-fair,HARD_TIMEOUT,10188,0.000,,,,,,,,,,,,,,,,false,
starexec,CSR115+8.p,e1b,balanced,TIMEOUT,10188,2699.712,163358.714,,,44987,241673,44985,196677,10631,79,,,,,,,false,
starexec,CSR115+8.p,e1b,equational,TIMEOUT,10188,3275.769,159696.492,,,35314,1816234,33758,1772967,440,26,,,,,,,false,
starexec,CSR115+8.p,e1b,first-negative,SATURATED,10188,1804.413,410.269,,,19,19,19,15,15,3,,,,,,,false,
starexec,CSR115+8.p,e1b,occurrence,HARD_TIMEOUT,10188,0.000,,,,,,,,,,,,,,,,false,
starexec,CSR115+8.p,e1b,subsumption-light,REFUTED,10188,4222.066,5344.951,121.380,10704.491,1579,5775,1576,4055,365,14,1332,792557,5818,2965,10189,false,false,
starexec,CSR115+8.p,e1b,unary-redundancy,REFUTED,10188,10699.165,13416.694,123.240,16154.843,3280,25020,3146,21218,435,29,2044,2301356,8958,4024,10189,false,false,
starexec,CSR115+8.p,e1b,weight-greedy,TIMEOUT,10188,2421.115,159327.847,,,4137,2310849,4137,2299576,24,5,,,,,,,false,
starexec,CSR116+10.p,e1b,age-fair,HARD_TIMEOUT,10188,0.000,,,,,,,,,,,,,,,,false,
starexec,CSR116+10.p,e1b,balanced,TIMEOUT,10188,2845.910,163176.565,,,41952,267156,41951,225193,10739,79,,,,,,,false,
starexec,CSR116+10.p,e1b,equational,TIMEOUT,10188,3665.688,158837.271,,,30765,1823589,30652,1787179,607,38,,,,,,,false,
starexec,CSR116+10.p,e1b,first-negative,SATURATED,10188,3179.360,426.611,,,14,14,14,13,13,4,,,,,,,false,
starexec,CSR116+10.p,e1b,occurrence,HARD_TIMEOUT,10188,0.000,,,,,,,,,,,,,,,,false,
starexec,CSR116+10.p,e1b,subsumption-light,TIMEOUT,10188,3526.524,160077.740,,,19062,384990,18961,359899,526,29,,,,,,,false,
starexec,CSR116+10.p,e1b,unary-redundancy,HARD_TIMEOUT,10188,0.000,,,,,,,,,,,,,,,,false,
starexec,CSR116+10.p,e1b,weight-greedy,TIMEOUT,10188,2427.057,158466.745,,,284,2279,200,929,19,5,,,,,,,false,
starexec,CSR116+13.p,e1b,age-fair,HARD_TIMEOUT,10188,0.000,,,,,,,,,,,,,,,,false,
starexec,CSR116+13.p,e1b,balanced,TIMEOUT,10188,2691.069,163336.649,,,41055,264755,41055,223695,10594,79,,,,,,,false,
starexec,CSR116+13.p,e1b,equational,TIMEOUT,10188,2359.399,161970.206,,,39867,2645811,39752,2598374,463,42,,,,,,,false,
starexec,CSR116+13.p,e1b,first-negative,SATURATED,10188,1906.287,378.128,,,14,14,14,13,13,4,,,,,,,false,
starexec,CSR116+13.p,e1b,occurrence,HARD_TIMEOUT,10188,0.000,,,,,,,,,,,,,,,,false,
starexec,CSR116+13.p,e1b,subsumption-light,TIMEOUT,10188,2131.788,161795.037,,,15795,347078,15650,326586,366,25,,,,,,,false,
starexec,CSR116+13.p,e1b,unary-redundancy,HARD_TIMEOUT,10188,0.000,,,,,,,,,,,,,,,,false,
starexec,CSR116+13.p,e1b,weight-greedy,TIMEOUT,10188,2449.488,159392.348,,,263,1999,185,805,19,5,,,,,,,false,
starexec,CSR116+19.p,e1b,age-fair,HARD_TIMEOUT,10188,0.000,,,,,,,,,,,,,,,,false,
starexec,CSR116+19.p,e1b,balanced,TIMEOUT,10188,2609.715,163631.240,,,54264,259211,54258,204945,10671,79,,,,,,,false,
starexec,CSR116+19.p,e1b,equational,HARD_TIMEOUT,10188,0.000,,,,,,,,,,,,,,,,false,
starexec,CSR116+19.p,e1b,first-negative,SATURATED,10188,2735.595,507.887,,,14,14,14,13,13,4,,,,,,,false,
starexec,CSR116+19.p,e1b,occurrence,HARD_TIMEOUT,10188,0.000,,,,,,,,,,,,,,,,false,
starexec,CSR116+19.p,e1b,subsumption-light,TIMEOUT,10188,3231.358,159904.106,,,13684,984739,13678,962023,441,30,,,,,,,false,
starexec,CSR116+19.p,e1b,unary-redundancy,HARD_TIMEOUT,10188,0.000,,,,,,,,,,,,,,,,false,
starexec,CSR116+19.p,e1b,weight-greedy,TIMEOUT,10188,2601.215,158648.219,,,284,2279,200,929,19,5,,,,,,,false,
starexec,CSR116+3.p,e1b,age-fair,HARD_TIMEOUT,10188,0.000,,,,,,,,,,,,,,,,false,
starexec,CSR116+3.p,e1b,balanced,TIMEOUT,10188,2578.862,163488.739,,,43209,230571,43207,187344,10689,79,,,,,,,false,
starexec,CSR116+3.p,e1b,equational,TIMEOUT,10188,3487.921,159862.363,,,34174,1596860,32799,1559765,553,37,,,,,,,false,
starexec,CSR116+3.p,e1b,first-negative,SATURATED,10188,2819.462,544.204,,,17,17,17,17,17,5,,,,,,,false,
starexec,CSR116+3.p,e1b,occurrence,HARD_TIMEOUT,10188,0.000,,,,,,,,,,,,,,,,false,
starexec,CSR116+3.p,e1b,subsumption-light,TIMEOUT,10188,3394.074,159465.208,,,14884,788612,14866,771292,480,28,,,,,,,false,
starexec,CSR116+3.p,e1b,unary-redundancy,HARD_TIMEOUT,10188,0.000,,,,,,,,,,,,,,,,false,
starexec,CSR116+3.p,e1b,weight-greedy,HARD_TIMEOUT,10188,0.000,,,,,,,,,,,,,,,,false,
starexec,CSR116+38.p,e1b,age-fair,HARD_TIMEOUT,10188,0.000,,,,,,,,,,,,,,,,false,
starexec,CSR116+38.p,e1b,balanced,TIMEOUT,10188,2881.638,163100.739,,,41152,263512,41149,222340,10654,79,,,,,,,false,
starexec,CSR116+38.p,e1b,equational,TIMEOUT,10188,3710.550,159241.170,,,32993,1822335,32742,1778019,525,40,,,,,,,false,
starexec,CSR116+38.p,e1b,first-negative,SATURATED,10188,3154.321,500.693,,,16,16,16,16,16,5,,,,,,,false,
starexec,CSR116+38.p,e1b,occurrence,HARD_TIMEOUT,10188,0.000,,,,,,,,,,,,,,,,false,
starexec,CSR116+38.p,e1b,subsumption-light,TIMEOUT,10188,3527.595,159265.736,,,11553,570164,11549,554181,433,24,,,,,,,false,
starexec,CSR116+38.p,e1b,unary-redundancy,HARD_TIMEOUT,10188,0.000,,,,,,,,,,,,,,,,false,
starexec,CSR116+38.p,e1b,weight-greedy,HARD_TIMEOUT,10188,0.000,,,,,,,,,,,,,,,,false,
starexec,CSR116+8.p,e1b,age-fair,HARD_TIMEOUT,10188,0.000,,,,,,,,,,,,,,,,false,
starexec,CSR116+8.p,e1b,balanced,TIMEOUT,10188,2748.485,163464.501,,,47606,254671,47602,207048,10748,79,,,,,,,false,
starexec,CSR116+8.p,e1b,equational,TIMEOUT,10188,3609.686,159427.196,,,29023,2949380,28965,2916797,623,37,,,,,,,false,
starexec,CSR116+8.p,e1b,first-negative,SATURATED,10188,2851.401,531.337,,,14,14,14,13,13,4,,,,,,,false,
starexec,CSR116+8.p,e1b,occurrence,HARD_TIMEOUT,10188,0.000,,,,,,,,,,,,,,,,false,
starexec,CSR116+8.p,e1b,subsumption-light,TIMEOUT,10188,3509.068,159252.621,,,14971,949276,14898,929438,545,28,,,,,,,false,
starexec,CSR116+8.p,e1b,unary-redundancy,HARD_TIMEOUT,10188,0.000,,,,,,,,,,,,,,,,false,
starexec,CSR116+8.p,e1b,weight-greedy,TIMEOUT,10188,2586.283,158876.900,,,269,2089,189,847,19,5,,,,,,,false,
starexec,CSR117+1.p,e1b,age-fair,REFUTED,268,2940.287,4792.589,240.938,3770.632,1027,1364,991,624,270,17,1899,442206,2157,563,269,false,false,
starexec,CSR117+1.p,e1b,balanced,REFUTED,268,1249.744,1766.850,137.420,2422.459,856,1354,843,624,270,17,1632,440427,2138,563,269,false,false,
starexec,CSR117+1.p,e1b,equational,REFUTED,268,2354.438,3337.002,249.211,4432.838,856,1354,843,624,270,17,1632,440427,2138,563,269,false,false,
starexec,CSR117+1.p,e1b,first-negative,REFUTED,268,3457.926,6601.118,229.975,4219.522,1849,2153,1827,807,270,17,1897,441386,2166,563,269,false,false,
starexec,CSR117+1.p,e1b,occurrence,REFUTED,268,2959.598,3852.258,233.171,3660.884,941,1362,924,481,270,17,1899,442206,2157,563,269,false,false,
starexec,CSR117+1.p,e1b,subsumption-light,REFUTED,268,2428.045,4986.045,249.095,4322.743,856,1354,843,624,270,17,1632,440427,2138,563,269,false,false,
starexec,CSR117+1.p,e1b,unary-redundancy,REFUTED,268,3059.146,5974.496,230.697,3658.549,956,1363,924,624,270,17,1899,442206,2157,563,269,false,false,
starexec,CSR117+1.p,e1b,weight-greedy,REFUTED,268,2362.243,2773.926,238.784,4407.598,804,937,797,270,270,17,1632,440427,2138,563,269,false,false,
starexec,CSR208+1.p,e1b,age-fair,HARD_TIMEOUT,7432,0.000,,,,,,,,,,,,,,,,false,
starexec,CSR208+1.p,e1b,balanced,HARD_TIMEOUT,7432,0.000,,,,,,,,,,,,,,,,false,
starexec,CSR208+1.p,e1b,equational,HARD_TIMEOUT,7432,0.000,,,,,,,,,,,,,,,,false,
starexec,CSR208+1.p,e1b,first-negative,SATURATED,7432,2993.001,577.338,,,24,24,24,24,24,3,,,,,,,false,
starexec,CSR208+1.p,e1b,occurrence,HARD_TIMEOUT,7432,0.000,,,,,,,,,,,,,,,,false,
starexec,CSR208+1.p,e1b,subsumption-light,TIMEOUT,7432,3438.928,158818.056,,,18774,1647657,16703,1620981,227,29,,,,,,,false,
starexec,CSR208+1.p,e1b,unary-redundancy,HARD_TIMEOUT,7432,0.000,,,,,,,,,,,,,,,,false,
starexec,CSR208+1.p,e1b,weight-greedy,TIMEOUT,7432,2909.990,158017.427,,,12469,8422761,11313,8373000,68,9,,,,,,,false,
starexec,GEO085+1.p,e1b,age-fair,REFUTED,16,1640.250,2600.074,117.243,2407.726,577,24493,570,23835,50,16,703,296681,2743,1169,17,false,false,
starexec,GEO085+1.p,e1b,balanced,REFUTED,16,742.304,384.184,47.106,1502.078,105,326,104,198,56,17,684,329282,2900,1406,17,false,false,
starexec,GEO085+1.p,e1b,equational,REFUTED,16,1305.426,666.533,88.519,2865.894,102,293,101,169,56,17,684,329282,2900,1406,17,false,false,
starexec,GEO085+1.p,e1b,first-negative,REFUTED,16,1820.354,1136.460,110.512,2529.155,258,2251,242,1844,50,16,694,291433,2741,1169,17,false,false,
starexec,GEO085+1.p,e1b,occurrence,REFUTED,16,1460.505,499.394,70.153,2442.301,59,127,58,55,50,16,703,296681,2743,1169,17,false,false,
starexec,GEO085+1.p,e1b,subsumption-light,REFUTED,16,1611.662,817.015,105.186,2920.036,105,326,104,198,56,17,684,329282,2900,1406,17,false,false,
starexec,GEO085+1.p,e1b,unary-redundancy,REFUTED,16,1748.817,748.606,102.164,2333.766,90,289,89,181,50,16,703,296681,2743,1169,17,false,false,
starexec,GEO085+1.p,e1b,weight-greedy,REFUTED,16,2019.280,770.992,126.664,4432.666,64,136,63,55,56,17,659,310382,2884,1406,17,false,false,
starexec,GEO087+1.p,e1b,age-fair,REFUTED,16,2394.060,1901.834,86.687,3894.903,266,3248,258,2961,50,18,703,299906,2722,1180,17,false,false,
starexec,GEO087+1.p,e1b,balanced,REFUTED,16,1054.498,526.808,51.861,2490.996,104,248,99,130,56,19,691,336523,2894,1417,17,false,false,
starexec,GEO087+1.p,e1b,equational,REFUTED,16,1987.587,981.524,106.491,4663.833,103,243,98,125,56,19,691,336523,2894,1417,17,false,false,
starexec,GEO087+1.p,e1b,first-negative,REFUTED,16,2500.333,2548.075,99.197,4132.004,586,6481,514,5458,50,18,703,299929,2729,1180,17,false,false,
starexec,GEO087+1.p,e1b,occurrence,REFUTED,16,2234.283,758.265,67.743,3873.891,72,162,66,80,50,18,703,299906,2722,1180,17,false,false,
starexec,GEO087+1.p,e1b,subsumption-light,REFUTED,16,2097.224,1224.032,80.265,4827.354,99,221,94,109,56,19,690,335691,2893,1417,17,false,false,
starexec,GEO087+1.p,e1b,unary-redundancy,REFUTED,16,2599.517,1170.454,89.973,3969.480,95,286,87,180,50,18,702,299145,2721,1180,17,false,false,
starexec,GEO087+1.p,e1b,weight-greedy,REFUTED,16,2105.861,1235.045,104.167,4922.116,163,646,147,289,56,19,691,336523,2894,1417,17,false,false,
starexec,GEO089+1.p,e1b,age-fair,TIMEOUT,16,1623.610,163953.644,,,11292,6131606,10902,6115622,51,18,,,,,,,false,
starexec,GEO089+1.p,e1b,balanced,TIMEOUT,16,704.589,164972.631,,,14238,11863852,13055,11829290,57,19,,,,,,,false,
starexec,GEO089+1.p,e1b,equational,TIMEOUT,16,1367.942,164125.014,,,13667,9024373,12563,8992093,57,19,,,,,,,false,
starexec,GEO089+1.p,e1b,first-negative,TIMEOUT,16,1802.369,163541.127,,,27407,7483404,26499,7425020,51,18,,,,,,,false,
starexec,GEO089+1.p,e1b,occurrence,TIMEOUT,16,1593.145,164069.827,,,16790,8956969,15662,8883092,51,18,,,,,,,false,
starexec,GEO089+1.p,e1b,subsumption-light,TIMEOUT,16,1405.971,164147.656,,,7621,3875729,7333,3855521,57,19,,,,,,,false,
starexec,GEO089+1.p,e1b,unary-redundancy,TIMEOUT,16,1720.720,164374.969,,,13481,5292811,13057,5263403,51,18,,,,,,,false,
starexec,GEO089+1.p,e1b,weight-greedy,TIMEOUT,16,1458.183,163988.528,,,19289,6491226,17127,5882850,57,19,,,,,,,false,
starexec,GEO093+1.p,e1b,age-fair,TIMEOUT,16,1756.562,164829.100,,,11021,5680781,10863,5664112,53,19,,,,,,,false,
starexec,GEO093+1.p,e1b,balanced,REFUTED,16,821.377,4000.222,67.223,1966.955,1770,150209,1654,146991,59,20,813,505495,3117,1585,17,false,false,
starexec,GEO093+1.p,e1b,equational,REFUTED,16,1520.755,9357.559,130.687,3161.969,2360,299935,2235,295280,59,20,834,526444,3138,1585,17,false,false,
starexec,GEO093+1.p,e1b,first-negative,TIMEOUT,16,1903.736,163544.679,,,23214,5374347,22527,5323909,53,19,,,,,,,false,
starexec,GEO093+1.p,e1b,occurrence,REFUTED,16,1771.162,4182.543,130.628,2821.161,1288,60463,1131,57185,53,19,820,464407,2950,1354,17,false,false,
starexec,GEO093+1.p,e1b,subsumption-light,REFUTED,16,1559.359,10415.255,131.260,2882.838,1703,136171,1619,133061,59,20,817,509577,3127,1585,17,false,false,
starexec,GEO093+1.p,e1b,unary-redundancy,REFUTED,16,1624.666,16988.011,123.738,2253.194,2909,320518,2734,315095,53,19,793,439053,2946,1354,17,false,false,
starexec,GEO093+1.p,e1b,weight-greedy,REFUTED,16,1474.885,26098.716,148.223,3666.627,7221,1209376,6372,1035055,59,20,826,522430,3122,1585,17,false,false,
starexec,GEO095+1.p,e1b,age-fair,HARD_TIMEOUT,16,0.000,,,,,,,,,,,,,,,,false,
starexec,GEO095+1.p,e1b,balanced,TIMEOUT,16,728.417,165002.424,,,11536,10918302,11018,10885730,57,19,,,,,,,false,
starexec,GEO095+1.p,e1b,first-negative,TIMEOUT,16,1935.303,163777.004,,,25800,7427624,23839,7354564,51,18,,,,,,,false,
starexec,GEO095+1.p,e1b,occurrence,TIMEOUT,16,1683.690,164120.890,,,12183,6422504,12084,6363687,51,18,,,,,,,false,
starexec,GEO095+1.p,e1b,subsumption-light,TIMEOUT,16,1444.145,164303.773,,,5148,2154829,4944,2140637,57,19,,,,,,,false,
starexec,GEO095+1.p,e1b,unary-redundancy,HARD_TIMEOUT,16,0.000,,,,,,,,,,,,,,,,false,
starexec,GEO095+1.p,e1b,weight-greedy,TIMEOUT,16,1543.390,164019.589,,,14324,5726533,13407,5092851,57,19,,,,,,,false,
starexec,GEO111+1.p,e1b,age-fair,REFUTED,17,2829.804,31296.425,170.212,5191.232,4385,850350,4255,845102,57,21,853,551860,3436,1595,18,false,false,
starexec,GEO111+1.p,e1b,balanced,REFUTED,17,1385.497,3750.861,104.313,3843.840,899,51866,867,50333,64,22,827,594367,3583,1819,18,false,false,
starexec,GEO111+1.p,e1b,equational,REFUTED,17,2430.404,8199.800,179.815,7095.630,926,78260,897,76670,64,22,827,594367,3583,1819,18,false,false,
starexec,GEO111+1.p,e1b,first-negative,TIMEOUT,17,2089.831,163565.848,,,24560,6181005,22951,6123585,57,21,,,,,,,false,
starexec,GEO111+1.p,e1b,occurrence,REFUTED,17,3157.372,4782.419,184.725,6106.046,890,26056,817,23878,57,21,853,551860,3454,1595,18,false,false,
starexec,GEO111+1.p,e1b,subsumption-light,REFUTED,17,2524.725,9776.471,196.388,7158.627,913,45269,876,43761,64,22,827,594367,3583,1819,18,false,false,
starexec,GEO111+1.p,e1b,unary-redundancy,REFUTED,17,2823.117,7460.437,171.409,6110.604,813,29941,751,28706,57,21,853,551860,3444,1595,18,false,false,
starexec,GEO111+1.p,e1b,weight-greedy,REFUTED,17,2520.169,9981.578,185.464,7066.203,1571,105539,1482,83597,64,22,827,594367,3601,1819,18,false,false,
starexec,GEO117+1.p,e1b,age-fair,REFUTED,27,2822.030,1553.180,62.685,6526.192,347,4229,346,3859,98,29,1159,819094,5207,1826,28,false,false,
starexec,GEO117+1.p,e1b,balanced,REFUTED,27,1438.464,1119.582,45.634,4412.431,575,6687,474,5847,113,34,1255,1095974,5908,2245,28,false,false,
starexec,GEO117+1.p,e1b,equational,REFUTED,27,2816.055,2227.799,68.952,8762.886,541,6009,441,5227,113,34,1255,1095974,5909,2245,28,false,false,
starexec,GEO117+1.p,e1b,first-negative,REFUTED,27,3056.361,3040.984,67.653,7976.678,1047,27594,1040,26036,98,29,1157,816364,5213,1826,28,false,false,
starexec,GEO117+1.p,e1b,occurrence,REFUTED,27,2879.615,1219.784,65.519,6242.593,356,2290,349,1803,98,29,1168,831508,5221,1826,28,false,false,
starexec,GEO117+1.p,e1b,subsumption-light,REFUTED,27,2452.027,2526.553,81.566,8856.472,576,6686,475,5854,113,34,1254,1094314,5907,2245,28,false,false,
starexec,GEO117+1.p,e1b,unary-redundancy,REFUTED,27,2844.380,1181.844,67.576,6394.461,250,1233,250,933,98,29,1159,819094,5207,1826,28,false,false,
starexec,GEO117+1.p,e1b,weight-greedy,REFUTED,27,2944.750,2491.868,104.165,9267.495,583,4911,561,2857,113,34,1246,1080959,5907,2245,28,false,false,
starexec,GEO138+1.p,e1b,age-fair,TIMEOUT,27,2249.561,164250.356,,,13881,5341115,11020,5321773,101,31,,,,,,,false,
starexec,GEO138+1.p,e1b,balanced,TIMEOUT,27,960.553,164828.298,,,14287,10110777,13051,10060161,116,36,,,,,,,false,
starexec,GEO138+1.p,e1b,equational,TIMEOUT,27,1846.832,163961.686,,,11326,5527683,10780,5487395,116,36,,,,,,,false,
starexec,GEO138+1.p,e1b,first-negative,TIMEOUT,27,2512.230,163506.134,,,17412,7165348,17269,7130298,101,31,,,,,,,false,
starexec,GEO138+1.p,e1b,occurrence,TIMEOUT,27,2295.554,163926.404,,,11028,5828276,10699,5772154,101,31,,,,,,,false,
starexec,GEO138+1.p,e1b,subsumption-light,TIMEOUT,27,1892.127,164161.624,,,8088,2227006,7547,2201468,116,36,,,,,,,false,
starexec,GEO138+1.p,e1b,unary-redundancy,TIMEOUT,27,2338.249,163945.510,,,9189,2575793,8587,2549263,101,31,,,,,,,false,
starexec,GEO138+1.p,e1b,weight-greedy,TIMEOUT,27,1921.156,163837.844,,,16595,4842585,15576,4430775,116,36,,,,,,,false,
starexec,GEO260+1.p,e1b,age-fair,REFUTED,31,1923.629,162922.716,173.144,2061.046,9328,5474285,8205,5459821,65,5,552,159027,2024,765,32,false,false,
starexec,GEO260+1.p,e1b,balanced,REFUTED,31,842.308,4233.223,61.697,2081.553,1304,95492,798,92591,70,7,581,207664,2337,864,32,false,false,
starexec,GEO260+1.p,e1b,equational,REFUTED,31,1728.671,7754.613,110.046,3566.677,1248,83389,759,80572,70,7,581,207664,2337,864,32,false,false,
starexec,GEO260+1.p,e1b,first-negative,HARD_TIMEOUT,31,0.000,,,,,,,,,,,,,,,,false,
starexec,GEO260+1.p,e1b,occurrence,REFUTED,31,2046.383,3775.457,141.931,2192.035,737,17800,655,15439,65,5,560,162440,2017,765,32,false,false,
starexec,GEO260+1.p,e1b,subsumption-light,REFUTED,31,1631.560,10781.242,134.158,4034.090,524,25681,478,24506,70,7,602,218569,2344,864,32,false,false,
starexec,GEO260+1.p,e1b,unary-redundancy,REFUTED,31,1973.186,125329.065,233.604,2219.133,3058,726392,2969,719844,65,5,655,203311,2143,765,32,false,false,
starexec,GEO260+1.p,e1b,weight-greedy,TIMEOUT,31,1144.350,163823.729,,,22922,4603558,20034,4494909,70,7,,,,,,,false,
starexec,GEO274+1.p,e1b,age-fair,HARD_TIMEOUT,116,0.000,,,,,,,,,,,,,,,,false,
starexec,GEO274+1.p,e1b,balanced,TIMEOUT,116,1582.041,164832.668,,,33671,849315,32997,806493,265,57,,,,,,,false,
starexec,GEO274+1.p,e1b,equational,TIMEOUT,116,2618.619,163827.672,,,27483,489900,27201,455375,265,57,,,,,,,false,
starexec,GEO274+1.p,e1b,first-negative,HARD_TIMEOUT,116,0.000,,,,,,,,,,,,,,,,false,
starexec,GEO274+1.p,e1b,occurrence,HARD_TIMEOUT,116,0.000,,,,,,,,,,,,,,,,false,
starexec,GEO274+1.p,e1b,subsumption-light,TIMEOUT,116,3340.766,163378.554,,,19519,524146,19249,499658,265,57,,,,,,,false,
starexec,GEO274+1.p,e1b,unary-redundancy,HARD_TIMEOUT,116,0.000,,,,,,,,,,,,,,,,false,
starexec,GEO274+1.p,e1b,weight-greedy,TIMEOUT,116,2776.356,163805.129,,,12367,7919408,9947,7685779,265,57,,,,,,,false,
starexec,GEO277+1.p,e1b,age-fair,TIMEOUT,126,4194.112,162392.177,,,22837,1996176,22406,1971907,277,57,,,,,,,false,
starexec,GEO277+1.p,e1b,balanced,TIMEOUT,126,2171.297,164027.798,,,25073,429136,24374,387520,279,57,,,,,,,false,
starexec,GEO277+1.p,e1b,equational,TIMEOUT,126,2995.630,162452.221,,,19750,456141,19469,427420,279,57,,,,,,,false,
starexec,GEO277+1.p,e1b,first-negative,TIMEOUT,126,4401.762,161742.990,,,19354,1522768,19332,1503342,277,57,,,,,,,false,
starexec,GEO277+1.p,e1b,occurrence,TIMEOUT,126,4072.494,162451.199,,,18283,294466,17191,266790,277,57,,,,,,,false,
starexec,GEO277+1.p,e1b,subsumption-light,TIMEOUT,126,2514.130,163006.467,,,15009,272582,14655,251608,279,57,,,,,,,false,
starexec,GEO277+1.p,e1b,unary-redundancy,HARD_TIMEOUT,126,0.000,,,,,,,,,,,,,,,,false,
starexec,GEO277+1.p,e1b,weight-greedy,TIMEOUT,126,2978.640,162541.331,,,13432,5028569,10106,4850922,279,57,,,,,,,false,
starexec,GEO282+1.p,e1b,age-fair,REFUTED,123,8977.375,35659.535,213.805,53615.962,9083,305184,8995,295493,282,55,5235,7296745,34872,13068,124,false,false,
starexec,GEO282+1.p,e1b,balanced,REFUTED,123,4316.785,73724.253,141.828,28220.178,17203,369497,17097,348237,284,55,4836,7157424,36072,13064,124,false,false,
starexec,GEO282+1.p,e1b,equational,HARD_TIMEOUT,123,0.000,,,,,,,,,,,,,,,,false,
starexec,GEO282+1.p,e1b,first-negative,HARD_TIMEOUT,123,0.000,,,,,,,,,,,,,,,,false,
starexec,GEO282+1.p,e1b,occurrence,HARD_TIMEOUT,123,0.000,,,,,,,,,,,,,,,,false,
starexec,GEO282+1.p,e1b,subsumption-light,HARD_TIMEOUT,123,0.000,,,,,,,,,,,,,,,,false,
starexec,GEO282+1.p,e1b,unary-redundancy,HARD_TIMEOUT,123,0.000,,,,,,,,,,,,,,,,false,
starexec,GEO282+1.p,e1b,weight-greedy,REFUTED,123,8282.665,2418.109,240.162,55241.994,539,1751,505,565,284,55,4898,7417954,36114,13064,124,false,false,
starexec,GEO285+1.p,e1b,age-fair,REFUTED,132,9862.377,18556.746,219.640,53292.352,5476,169893,5392,164060,296,56,5326,7487220,34896,13068,133,false,false,
starexec,GEO285+1.p,e1b,balanced,TIMEOUT,132,2259.447,164474.090,,,28825,681683,28331,645026,298,56,,,,,,,false,
starexec,GEO285+1.p,e1b,equational,HARD_TIMEOUT,132,0.000,,,,,,,,,,,,,,,,false,
starexec,GEO285+1.p,e1b,first-negative,HARD_TIMEOUT,132,0.000,,,,,,,,,,,,,,,,false,
starexec,GEO285+1.p,e1b,occurrence,HARD_TIMEOUT,132,0.000,,,,,,,,,,,,,,,,false,
starexec,GEO285+1.p,e1b,subsumption-light,HARD_TIMEOUT,132,0.000,,,,,,,,,,,,,,,,false,
starexec,GEO285+1.p,e1b,unary-redundancy,HARD_TIMEOUT,132,0.000,,,,,,,,,,,,,,,,false,
starexec,GEO285+1.p,e1b,weight-greedy,REFUTED,132,9001.083,4227.231,259.481,53738.659,782,5865,739,3274,298,56,4911,7667549,36388,13064,133,false,false,
starexec,GEO298+1.p,e1b,age-fair,HARD_TIMEOUT,157,0.000,,,,,,,,,,,,,,,,false,
starexec,GEO298+1.p,e1b,balanced,TIMEOUT,157,2148.677,164333.048,,,26144,1212164,25702,1176703,321,63,,,,,,,false,
starexec,GEO298+1.p,e1b,equational,TIMEOUT,157,4006.362,162770.582,,,21418,407475,21247,379090,321,63,,,,,,,false,
starexec,GEO298+1.p,e1b,first-negative,HARD_TIMEOUT,157,0.000,,,,,,,,,,,,,,,,false,
starexec,GEO298+1.p,e1b,occurrence,HARD_TIMEOUT,157,0.000,,,,,,,,,,,,,,,,false,
starexec,GEO298+1.p,e1b,subsumption-light,HARD_TIMEOUT,157,0.000,,,,,,,,,,,,,,,,false,
starexec,GEO298+1.p,e1b,unary-redundancy,HARD_TIMEOUT,157,0.000,,,,,,,,,,,,,,,,false,
starexec,GEO298+1.p,e1b,weight-greedy,HARD_TIMEOUT,157,0.000,,,,,,,,,,,,,,,,false,
starexec,GEO306+1.p,e1b,age-fair,TIMEOUT,126,4188.520,162304.516,,,24156,1306795,23845,1281163,287,60,,,,,,,false,
starexec,GEO306+1.p,e1b,balanced,TIMEOUT,126,2059.968,164166.225,,,33489,1009379,33107,965267,289,60,,,,,,,false,
starexec,GEO306+1.p,e1b,equational,TIMEOUT,126,3029.291,162505.303,,,26202,365574,25836,332237,289,60,,,,,,,false,
starexec,GEO306+1.p,e1b,first-negative,HARD_TIMEOUT,126,0.000,,,,,,,,,,,,,,,,false,
starexec,GEO306+1.p,e1b,occurrence,TIMEOUT,126,4122.621,162462.313,,,21410,157590,20770,132812,287,60,,,,,,,false,
starexec,GEO306+1.p,e1b,subsumption-light,TIMEOUT,126,3123.589,163481.830,,,18721,360009,18499,335446,289,60,,,,,,,false,
starexec,GEO306+1.p,e1b,unary-redundancy,HARD_TIMEOUT,126,0.000,,,,,,,,,,,,,,,,false,
starexec,GEO306+1.p,e1b,weight-greedy,TIMEOUT,126,2849.372,162534.264,,,12383,5146902,9355,5003743,289,60,,,,,,,false,
starexec,GEO307+1.p,e1b,age-fair,HARD_TIMEOUT,145,0.000,,,,,,,,,,,,,,,,false,
starexec,GEO307+1.p,e1b,balanced,TIMEOUT,145,2077.226,163997.791,,,27364,1025902,27252,988844,308,60,,,,,,,false,
starexec,GEO307+1.p,e1b,equational,HARD_TIMEOUT,145,0.000,,,,,,,,,,,,,,,,false,
starexec,GEO307+1.p,e1b,first-negative,HARD_TIMEOUT,145,0.000,,,,,,,,,,,,,,,,false,
starexec,GEO307+1.p,e1b,occurrence,TIMEOUT,145,3739.827,162681.732,,,18348,154519,17947,127046,306,60,,,,,,,false,
starexec,GEO307+1.p,e1b,subsumption-light,HARD_TIMEOUT,145,0.000,,,,,,,,,,,,,,,,false,
starexec,GEO307+1.p,e1b,unary-redundancy,HARD_TIMEOUT,145,0.000,,,,,,,,,,,,,,,,false,
starexec,GEO307+1.p,e1b,weight-greedy,HARD_TIMEOUT,145,0.000,,,,,,,,,,,,,,,,false,
starexec,GEO308+1.p,e1b,age-fair,HARD_TIMEOUT,146,0.000,,,,,,,,,,,,,,,,false,
starexec,GEO308+1.p,e1b,balanced,TIMEOUT,146,2459.580,164045.021,,,27612,678720,27206,643476,309,60,,,,,,,false,
starexec,GEO308+1.p,e1b,equational,TIMEOUT,146,3905.788,162724.503,,,21597,438964,21287,411326,309,60,,,,,,,false,
starexec,GEO308+1.p,e1b,first-negative,HARD_TIMEOUT,146,0.000,,,,,,,,,,,,,,,,false,
starexec,GEO308+1.p,e1b,occurrence,TIMEOUT,146,3437.135,163750.998,,,18797,142060,18252,114004,307,60,,,,,,,false,
starexec,GEO308+1.p,e1b,subsumption-light,HARD_TIMEOUT,146,0.000,,,,,,,,,,,,,,,,false,
starexec,GEO308+1.p,e1b,unary-redundancy,HARD_TIMEOUT,146,0.000,,,,,,,,,,,,,,,,false,
starexec,GEO308+1.p,e1b,weight-greedy,TIMEOUT,146,2961.859,163753.624,,,11730,5086927,9599,4924221,309,60,,,,,,,false,
starexec,GEO310+1.p,e1b,age-fair,HARD_TIMEOUT,148,0.000,,,,,,,,,,,,,,,,false,
starexec,GEO310+1.p,e1b,balanced,TIMEOUT,148,2694.614,164214.424,,,25106,1092455,24783,1056862,311,60,,,,,,,false,
starexec,GEO310+1.p,e1b,equational,HARD_TIMEOUT,148,0.000,,,,,,,,,,,,,,,,false,
starexec,GEO310+1.p,e1b,first-negative,HARD_TIMEOUT,148,0.000,,,,,,,,,,,,,,,,false,
starexec,GEO310+1.p,e1b,occurrence,HARD_TIMEOUT,148,0.000,,,,,,,,,,,,,,,,false,
starexec,GEO310+1.p,e1b,subsumption-light,HARD_TIMEOUT,148,0.000,,,,,,,,,,,,,,,,false,
starexec,GEO310+1.p,e1b,unary-redundancy,HARD_TIMEOUT,148,0.000,,,,,,,,,,,,,,,,false,
starexec,GEO310+1.p,e1b,weight-greedy,HARD_TIMEOUT,148,0.000,,,,,,,,,,,,,,,,false,
starexec,GEO321+1.p,e1b,age-fair,HARD_TIMEOUT,177,0.000,,,,,,,,,,,,,,,,false,
starexec,GEO321+1.p,e1b,balanced,TIMEOUT,177,2494.742,164031.832,,,28044,854766,27522,818078,340,60,,,,,,,false,
starexec,GEO321+1.p,e1b,equational,HARD_TIMEOUT,177,0.000,,,,,,,,,,,,,,,,false,
starexec,GEO321+1.p,e1b,first-negative,HARD_TIMEOUT,177,0.000,,,,,,,,,,,,,,,,false,
starexec,GEO321+1.p,e1b,occurrence,HARD_TIMEOUT,177,0.000,,,,,,,,,,,,,,,,false,
starexec,GEO321+1.p,e1b,subsumption-light,HARD_TIMEOUT,177,0.000,,,,,,,,,,,,,,,,false,
starexec,GEO321+1.p,e1b,unary-redundancy,HARD_TIMEOUT,177,0.000,,,,,,,,,,,,,,,,false,
starexec,GEO321+1.p,e1b,weight-greedy,HARD_TIMEOUT,177,0.000,,,,,,,,,,,,,,,,false,
starexec,GEO323+1.p,e1b,age-fair,TIMEOUT,179,2828.228,163965.206,,,36065,2467686,35281,2427519,340,60,,,,,,,false,
starexec,GEO323+1.p,e1b,balanced,TIMEOUT,179,1900.060,164006.945,,,30171,1404050,30071,1363222,342,60,,,,,,,false,
starexec,GEO323+1.p,e1b,equational,TIMEOUT,179,1738.332,163995.953,,,31365,1116452,31213,1072930,342,60,,,,,,,false,
starexec,GEO323+1.p,e1b,first-negative,TIMEOUT,179,2782.663,163797.233,,,19750,13002997,19724,12983174,340,60,,,,,,,false,
starexec,GEO323+1.p,e1b,occurrence,TIMEOUT,179,2743.272,164034.009,,,25895,100545,25164,73920,340,60,,,,,,,false,
starexec,GEO323+1.p,e1b,subsumption-light,TIMEOUT,179,1864.174,164504.882,,,22772,916834,22707,885765,342,60,,,,,,,false,
starexec,GEO323+1.p,e1b,unary-redundancy,TIMEOUT,179,2607.378,164345.452,,,21288,783597,21169,754502,340,60,,,,,,,false,
starexec,GEO323+1.p,e1b,weight-greedy,TIMEOUT,179,1751.017,164048.346,,,14062,9056082,12471,8863419,342,60,,,,,,,false,
starexec,GEO328+1.p,e1b,age-fair,HARD_TIMEOUT,185,0.000,,,,,,,,,,,,,,,,false,
starexec,GEO328+1.p,e1b,balanced,TIMEOUT,185,2313.312,164310.471,,,27672,416954,26893,379555,348,60,,,,,,,false,
starexec,GEO328+1.p,e1b,equational,TIMEOUT,185,3952.730,162896.985,,,22429,416872,21992,387552,348,60,,,,,,,false,
starexec,GEO328+1.p,e1b,first-negative,HARD_TIMEOUT,185,0.000,,,,,,,,,,,,,,,,false,
starexec,GEO328+1.p,e1b,occurrence,HARD_TIMEOUT,185,0.000,,,,,,,,,,,,,,,,false,
starexec,GEO328+1.p,e1b,subsumption-light,HARD_TIMEOUT,185,0.000,,,,,,,,,,,,,,,,false,
starexec,GEO328+1.p,e1b,unary-redundancy,HARD_TIMEOUT,185,0.000,,,,,,,,,,,,,,,,false,
starexec,GEO328+1.p,e1b,weight-greedy,HARD_TIMEOUT,185,0.000,,,,,,,,,,,,,,,,false,
starexec,GEO330+1.p,e1b,age-fair,HARD_TIMEOUT,187,0.000,,,,,,,,,,,,,,,,false,
starexec,GEO330+1.p,e1b,balanced,TIMEOUT,187,2314.853,164343.192,,,28309,592451,27665,554718,350,60,,,,,,,false,
starexec,GEO330+1.p,e1b,equational,TIMEOUT,187,3948.179,162843.064,,,22910,416380,22382,386514,350,60,,,,,,,false,
starexec,GEO330+1.p,e1b,first-negative,HARD_TIMEOUT,187,0.000,,,,,,,,,,,,,,,,false,
starexec,GEO330+1.p,e1b,occurrence,HARD_TIMEOUT,187,0.000,,,,,,,,,,,,,,,,false,
starexec,GEO330+1.p,e1b,subsumption-light,HARD_TIMEOUT,187,0.000,,,,,,,,,,,,,,,,false,
starexec,GEO330+1.p,e1b,unary-redundancy,HARD_TIMEOUT,187,0.000,,,,,,,,,,,,,,,,false,
starexec,GEO330+1.p,e1b,weight-greedy,HARD_TIMEOUT,187,0.000,,,,,,,,,,,,,,,,false,
starexec,GEO331+1.p,e1b,age-fair,REFUTED,125,9325.530,96971.054,205.668,53145.855,21103,642868,20685,619809,277,60,5777,7997500,39076,13068,126,false,false,
starexec,GEO331+1.p,e1b,balanced,TIMEOUT,125,2161.868,164281.361,,,28299,579537,28022,544725,279,60,,,,,,,false,
starexec,GEO331+1.p,e1b,equational,HARD_TIMEOUT,125,0.000,,,,,,,,,,,,,,,,false,
starexec,GEO331+1.p,e1b,first-negative,HARD_TIMEOUT,125,0.000,,,,,,,,,,,,,,,,false,
starexec,GEO331+1.p,e1b,occurrence,HARD_TIMEOUT,125,0.000,,,,,,,,,,,,,,,,false,
starexec,GEO331+1.p,e1b,subsumption-light,HARD_TIMEOUT,125,0.000,,,,,,,,,,,,,,,,false,
starexec,GEO331+1.p,e1b,unary-redundancy,HARD_TIMEOUT,125,0.000,,,,,,,,,,,,,,,,false,
starexec,GEO331+1.p,e1b,weight-greedy,HARD_TIMEOUT,125,0.000,,,,,,,,,,,,,,,,false,
starexec,GEO337+1.p,e1b,age-fair,HARD_TIMEOUT,129,0.000,,,,,,,,,,,,,,,,false,
starexec,GEO337+1.p,e1b,balanced,TIMEOUT,129,2491.672,164281.324,,,28689,579259,28254,540158,283,60,,,,,,,false,
starexec,GEO337+1.p,e1b,equational,HARD_TIMEOUT,129,0.000,,,,,,,,,,,,,,,,false,
starexec,GEO337+1.p,e1b,first-negative,HARD_TIMEOUT,129,0.000,,,,,,,,,,,,,,,,false,
starexec,GEO337+1.p,e1b,occurrence,HARD_TIMEOUT,129,0.000,,,,,,,,,,,,,,,,false,
starexec,GEO337+1.p,e1b,subsumption-light,HARD_TIMEOUT,129,0.000,,,,,,,,,,,,,,,,false,
starexec,GEO337+1.p,e1b,unary-redundancy,HARD_TIMEOUT,129,0.000,,,,,,,,,,,,,,,,false,
starexec,GEO337+1.p,e1b,weight-greedy,HARD_TIMEOUT,129,0.000,,,,,,,,,,,,,,,,false,
starexec,GEO343+1.p,e1b,age-fair,HARD_TIMEOUT,124,0.000,,,,,,,,,,,,,,,,false,
starexec,GEO343+1.p,e1b,balanced,TIMEOUT,124,2433.780,164238.691,,,30976,627622,30737,587690,292,61,,,,,,,false,
starexec,GEO343+1.p,e1b,equational,HARD_TIMEOUT,124,0.000,,,,,,,,,,,,,,,,false,
starexec,GEO343+1.p,e1b,first-negative,HARD_TIMEOUT,124,0.000,,,,,,,,,,,,,,,,false,
starexec,GEO343+1.p,e1b,occurrence,HARD_TIMEOUT,124,0.000,,,,,,,,,,,,,,,,false,
starexec,GEO343+1.p,e1b,subsumption-light,HARD_TIMEOUT,124,0.000,,,,,,,,,,,,,,,,false,
starexec,GEO343+1.p,e1b,unary-redundancy,HARD_TIMEOUT,124,0.000,,,,,,,,,,,,,,,,false,
starexec,GEO343+1.p,e1b,weight-greedy,TIMEOUT,124,2946.170,163773.969,,,13112,6886829,10609,6664926,292,61,,,,,,,false,
starexec,GEO349+1.p,e1b,age-fair,HARD_TIMEOUT,130,0.000,,,,,,,,,,,,,,,,false,
starexec,GEO349+1.p,e1b,balanced,TIMEOUT,130,2414.427,164348.875,,,27372,432100,26703,395744,302,66,,,,,,,false,
starexec,GEO349+1.p,e1b,equational,HARD_TIMEOUT,130,0.000,,,,,,,,,,,,,,,,false,
starexec,GEO349+1.p,e1b,first-negative,HARD_TIMEOUT,130,0.000,,,,,,,,,,,,,,,,false,
starexec,GEO349+1.p,e1b,occurrence,HARD_TIMEOUT,130,0.000,,,,,,,,,,,,,,,,false,
starexec,GEO349+1.p,e1b,subsumption-light,HARD_TIMEOUT,130,0.000,,,,,,,,,,,,,,,,false,
starexec,GEO349+1.p,e1b,unary-redundancy,HARD_TIMEOUT,130,0.000,,,,,,,,,,,,,,,,false,
starexec,GEO349+1.p,e1b,weight-greedy,TIMEOUT,130,4055.036,162719.934,,,11842,4955712,8275,4866970,302,66,,,,,,,false,
starexec,GEO351+1.p,e1b,age-fair,HARD_TIMEOUT,136,0.000,,,,,,,,,,,,,,,,false,
starexec,GEO351+1.p,e1b,balanced,TIMEOUT,136,2579.680,164223.311,,,26534,617746,25994,582771,311,69,,,,,,,false,
starexec,GEO351+1.p,e1b,equational,HARD_TIMEOUT,136,0.000,,,,,,,,,,,,,,,,false,
starexec,GEO351+1.p,e1b,first-negative,TIMEOUT,136,4161.027,163546.603,,,15703,5137506,15678,5121785,309,69,,,,,,,false,
starexec,GEO351+1.p,e1b,occurrence,HARD_TIMEOUT,136,0.000,,,,,,,,,,,,,,,,false,
starexec,GEO351+1.p,e1b,subsumption-light,HARD_TIMEOUT,136,0.000,,,,,,,,,,,,,,,,false,
starexec,GEO351+1.p,e1b,unary-redundancy,HARD_TIMEOUT,136,0.000,,,,,,,,,,,,,,,,false,
starexec,GEO351+1.p,e1b,weight-greedy,TIMEOUT,136,3515.711,162600.125,,,11065,4016917,8828,3849244,311,69,,,,,,,false,
starexec,GEO480+1.p,e1b,age-fair,HARD_TIMEOUT,3634,0.000,,,,,,,,,,,,,,,,false,
starexec,GEO480+1.p,e1b,balanced,HARD_TIMEOUT,3634,0.000,,,,,,,,,,,,,,,,false,
starexec,GEO480+1.p,e1b,equational,HARD_TIMEOUT,3634,0.000,,,,,,,,,,,,,,,,false,
starexec,GEO480+1.p,e1b,first-negative,HARD_TIMEOUT,3634,0.000,,,,,,,,,,,,,,,,false,
starexec,GEO480+1.p,e1b,occurrence,HARD_TIMEOUT,3634,0.000,,,,,,,,,,,,,,,,false,
starexec,GEO480+1.p,e1b,subsumption-light,HARD_TIMEOUT,3634,0.000,,,,,,,,,,,,,,,,false,
starexec,GEO480+1.p,e1b,unary-redundancy,HARD_TIMEOUT,3634,0.000,,,,,,,,,,,,,,,,false,
starexec,GEO480+1.p,e1b,weight-greedy,HARD_TIMEOUT,3634,0.000,,,,,,,,,,,,,,,,false,
starexec,GEO491+1.p,e1b,age-fair,TIMEOUT,44,2312.991,164406.493,,,6937,3674068,6770,3664669,75,6,,,,,,,false,
starexec,GEO491+1.p,e1b,balanced,TIMEOUT,44,786.232,164458.372,,,14484,7212458,13732,7183926,75,6,,,,,,,false,
starexec,GEO491+1.p,e1b,equational,TIMEOUT,44,1444.723,163253.731,,,11000,4118651,10645,4096449,75,6,,,,,,,false,
starexec,GEO491+1.p,e1b,first-negative,TIMEOUT,44,2347.824,162869.384,,,16228,5526632,11725,5485724,75,6,,,,,,,false,
starexec,GEO491+1.p,e1b,occurrence,TIMEOUT,44,2165.798,163314.718,,,17869,3085190,17036,3024768,75,6,,,,,,,false,
starexec,GEO491+1.p,e1b,subsumption-light,TIMEOUT,44,1419.742,163628.183,,,4295,578715,4080,569877,75,6,,,,,,,false,
starexec,GEO491+1.p,e1b,unary-redundancy,TIMEOUT,44,2211.484,164969.925,,,4068,577254,3900,568432,75,6,,,,,,,false,
starexec,GEO491+1.p,e1b,weight-greedy,TIMEOUT,44,1559.080,163292.166,,,14248,4250284,13545,4025967,75,6,,,,,,,false,
starexec,GEO494+1.p,e1b,age-fair,TIMEOUT,66,2512.175,164205.544,,,6955,3624441,6434,3614988,101,6,,,,,,,false,
starexec,GEO494+1.p,e1b,balanced,TIMEOUT,66,906.015,164496.992,,,9804,6452879,9392,6430139,101,6,,,,,,,false,
starexec,GEO494+1.p,e1b,equational,TIMEOUT,66,1655.552,163204.587,,,8835,4063608,7873,4042440,101,6,,,,,,,false,
starexec,GEO494+1.p,e1b,first-negative,HARD_TIMEOUT,66,0.000,,,,,,,,,,,,,,,,false,
starexec,GEO494+1.p,e1b,occurrence,TIMEOUT,66,2576.389,163307.394,,,12202,5050651,11303,4993989,101,6,,,,,,,false,
starexec,GEO494+1.p,e1b,subsumption-light,TIMEOUT,66,1651.495,163320.226,,,3639,692984,3386,684410,101,6,,,,,,,false,
starexec,GEO494+1.p,e1b,unary-redundancy,TIMEOUT,66,2588.015,163425.234,,,3644,703820,3397,695296,101,6,,,,,,,false,
starexec,GEO494+1.p,e1b,weight-greedy,TIMEOUT,66,1718.815,163169.374,,,11106,5226810,10627,5063540,101,6,,,,,,,false,
starexec,GEO498+1.p,e1b,age-fair,REFUTED,109,3561.914,3349.161,151.437,2980.583,611,11656,581,10926,162,4,1430,242216,10899,618,110,false,false,
starexec,GEO498+1.p,e1b,balanced,REFUTED,109,1266.935,543.612,98.251,1695.793,75,267,72,182,162,4,1331,237862,10578,618,110,false,false,
starexec,GEO498+1.p,e1b,equational,REFUTED,109,2413.038,1116.386,137.063,3216.703,103,290,100,175,162,4,1331,237862,10578,618,110,false,false,
starexec,GEO498+1.p,e1b,first-negative,REFUTED,109,3578.173,1040.387,117.267,3046.340,68,224,64,162,162,4,1430,242216,10899,618,110,false,false,
starexec,GEO498+1.p,e1b,occurrence,REFUTED,109,3346.179,904.074,116.371,2913.940,38,183,35,162,162,4,1430,242216,10899,618,110,false,false,
starexec,GEO498+1.p,e1b,subsumption-light,REFUTED,109,2603.720,1270.501,162.742,3248.299,75,267,72,182,162,4,1331,237862,10578,618,110,false,false,
starexec,GEO498+1.p,e1b,unary-redundancy,REFUTED,109,3505.242,1136.931,156.333,2733.290,69,251,65,175,162,4,1430,242216,10899,618,110,false,false,
starexec,GEO498+1.p,e1b,weight-greedy,REFUTED,109,2417.839,876.440,138.205,3449.140,32,173,30,162,162,4,1322,235796,10567,618,110,false,false,
starexec,GEO501+1.p,e1b,age-fair,TIMEOUT,122,3033.280,163149.760,,,13871,6435306,12899,6416731,179,5,,,,,,,false,
starexec,GEO501+1.p,e1b,balanced,TIMEOUT,122,1022.994,165918.889,,,23387,12953288,22062,12900690,179,5,,,,,,,false,
starexec,GEO501+1.p,e1b,equational,TIMEOUT,122,1987.456,163058.776,,,18787,7345279,17431,7303837,179,5,,,,,,,false,
starexec,GEO501+1.p,e1b,first-negative,TIMEOUT,122,2139.640,164868.310,,,19246,10355417,18259,10312271,179,5,,,,,,,false,
starexec,GEO501+1.p,e1b,occurrence,TIMEOUT,122,3125.689,162940.503,,,27166,7929314,26198,7812267,179,5,,,,,,,false,
starexec,GEO501+1.p,e1b,subsumption-light,TIMEOUT,122,1985.538,163160.367,,,7293,1118213,7140,1103085,179,5,,,,,,,false,
starexec,GEO501+1.p,e1b,unary-redundancy,TIMEOUT,122,2973.533,163063.755,,,7227,1111053,7074,1096099,179,5,,,,,,,false,
starexec,GEO501+1.p,e1b,weight-greedy,TIMEOUT,122,1977.847,163108.910,,,20635,6987055,19785,6766682,179,5,,,,,,,false,
starexec,GEO504+1.p,e1b,age-fair,REFUTED,130,3613.882,41098.564,164.770,3568.547,5877,982569,5769,974180,191,3,1711,221063,13144,791,131,false,false,
starexec,GEO504+1.p,e1b,balanced,REFUTED,130,1303.927,24803.960,105.410,1773.134,6244,1124162,6002,1109256,191,3,1588,213503,12750,791,131,false,false,
starexec,GEO504+1.p,e1b,equational,REFUTED,130,2514.342,44164.094,176.398,3605.233,6232,1115768,5981,1100838,191,3,1588,213503,12750,791,131,false,false,
starexec,GEO504+1.p,e1b,first-negative,REFUTED,130,3591.032,4187.896,111.148,1890.547,1046,25362,969,23016,191,3,1696,218724,13114,791,131,false,false,
starexec,GEO504+1.p,e1b,occurrence,REFUTED,130,3649.477,22767.861,170.638,3513.983,4860,583859,4554,560915,191,3,1703,219685,13123,791,131,false,false,
starexec,GEO504+1.p,e1b,subsumption-light,TIMEOUT,130,2025.803,163111.683,,,5513,925810,5312,912786,191,3,,,,,,,false,
starexec,GEO504+1.p,e1b,unary-redundancy,TIMEOUT,130,3129.864,163219.551,,,5543,901930,5296,888836,191,3,,,,,,,false,
starexec,GEO504+1.p,e1b,weight-greedy,REFUTED,130,2504.183,143806.975,177.722,3156.469,12802,4692297,12282,4493999,191,3,1597,214769,12738,791,131,false,false,
starexec,GEO513+1.p,e1b,age-fair,TIMEOUT,172,3631.750,162804.757,,,14258,3758304,14071,3739901,265,5,,,,,,,false,
starexec,GEO513+1.p,e1b,balanced,TIMEOUT,172,1227.535,164389.417,,,21479,9783911,20812,9735021,265,5,,,,,,,false,
starexec,GEO513+1.p,e1b,equational,TIMEOUT,172,2324.719,162828.282,,,14400,4257733,14160,4224621,265,5,,,,,,,false,
starexec,GEO513+1.p,e1b,first-negative,TIMEOUT,172,3740.523,162608.128,,,16479,6466918,15804,6433188,265,5,,,,,,,false,
starexec,GEO513+1.p,e1b,occurrence,TIMEOUT,172,3567.924,162934.927,,,20108,5841786,19372,5745069,265,5,,,,,,,false,
starexec,GEO513+1.p,e1b,subsumption-light,TIMEOUT,172,2371.974,163053.073,,,7818,1071710,7499,1054122,265,5,,,,,,,false,
starexec,GEO513+1.p,e1b,unary-redundancy,TIMEOUT,172,3612.302,163310.231,,,7922,1080486,7592,1062700,265,5,,,,,,,false,
starexec,GEO513+1.p,e1b,weight-greedy,TIMEOUT,172,2396.182,164433.821,,,17943,4374218,17411,4127580,265,5,,,,,,,false,
starexec,GEO514+1.p,e1b,age-fair,TIMEOUT,173,3502.299,162928.042,,,14257,4189101,13922,4170224,264,4,,,,,,,false,
starexec,GEO514+1.p,e1b,balanced,TIMEOUT,173,1101.926,165441.673,,,19795,8049914,19293,8001711,264,4,,,,,,,false,
starexec,GEO514+1.p,e1b,equational,TIMEOUT,173,2261.988,163020.998,,,16102,4709194,15634,4669011,264,4,,,,,,,false,
starexec,GEO514+1.p,e1b,first-negative,TIMEOUT,173,3848.540,162594.487,,,12758,6440054,11988,6410124,264,4,,,,,,,false,
starexec,GEO514+1.p,e1b,occurrence,TIMEOUT,173,3316.109,163062.463,,,15452,4262751,14434,4181339,264,4,,,,,,,false,
starexec,GEO514+1.p,e1b,subsumption-light,TIMEOUT,173,2244.873,163020.312,,,7204,941723,6692,924167,264,4,,,,,,,false,
starexec,GEO514+1.p,e1b,unary-redundancy,HARD_TIMEOUT,173,0.000,,,,,,,,,,,,,,,,false,
starexec,GEO514+1.p,e1b,weight-greedy,TIMEOUT,173,2349.156,162876.290,,,16635,4979618,16156,4737772,264,4,,,,,,,false,
starexec,GEO517+1.p,e1b,age-fair,TIMEOUT,180,3867.620,162745.734,,,16706,3922110,16435,3901056,277,8,,,,,,,false,
starexec,GEO517+1.p,e1b,balanced,TIMEOUT,180,1283.979,164292.759,,,26719,6917241,26256,6857725,277,8,,,,,,,false,
starexec,GEO517+1.p,e1b,equational,TIMEOUT,180,2334.225,163073.065,,,18550,3910339,18252,3871063,277,8,,,,,,,false,
starexec,GEO517+1.p,e1b,first-negative,TIMEOUT,180,4086.382,162518.010,,,18094,7890048,17145,7854266,277,8,,,,,,,false,
starexec,GEO517+1.p,e1b,occurrence,TIMEOUT,180,3669.831,162915.221,,,20668,3687853,20064,3594396,277,8,,,,,,,false,
starexec,GEO517+1.p,e1b,subsumption-light,TIMEOUT,180,2420.624,163391.412,,,6357,655474,6193,642180,277,8,,,,,,,false,
starexec,GEO517+1.p,e1b,unary-redundancy,TIMEOUT,180,3694.480,163071.141,,,6544,642108,6358,628444,277,8,,,,,,,false,
starexec,GEO517+1.p,e1b,weight-greedy,TIMEOUT,180,2450.802,163047.289,,,18797,6081454,18142,5866181,277,8,,,,,,,false,
starexec,GEO520+1.p,e1b,age-fair,TIMEOUT,193,2788.663,162661.389,,,13288,4086261,13144,4068562,287,5,,,,,,,false,
starexec,GEO520+1.p,e1b,balanced,TIMEOUT,193,1298.088,164015.256,,,18930,7829833,18336,7788763,287,5,,,,,,,false,
starexec,GEO520+1.p,e1b,equational,TIMEOUT,193,2364.032,162885.194,,,14775,4439813,14435,4407929,287,5,,,,,,,false,
starexec,GEO520+1.p,e1b,first-negative,TIMEOUT,193,2750.501,161992.398,,,18723,6071009,18219,6037165,287,5,,,,,,,false,
starexec,GEO520+1.p,e1b,occurrence,TIMEOUT,193,2714.401,162545.900,,,16885,4251963,16467,4171156,287,5,,,,,,,false,
starexec,GEO520+1.p,e1b,subsumption-light,TIMEOUT,193,2007.430,162765.916,,,7594,1043335,7182,1027683,287,5,,,,,,,false,
starexec,GEO520+1.p,e1b,unary-redundancy,TIMEOUT,193,2531.444,162706.750,,,7564,1029803,7120,1014209,287,5,,,,,,,false,
starexec,GEO520+1.p,e1b,weight-greedy,TIMEOUT,193,1587.001,162615.592,,,20069,6243587,19339,5984828,287,5,,,,,,,false,
starexec,GEO523+1.p,e1b,age-fair,TIMEOUT,200,3869.795,162685.128,,,13577,3924032,13324,3906638,294,4,,,,,,,false,
starexec,GEO523+1.p,e1b,balanced,TIMEOUT,200,1280.678,164237.873,,,17305,7845335,16922,7806041,294,4,,,,,,,false,
starexec,GEO523+1.p,e1b,equational,TIMEOUT,200,2459.449,162771.328,,,12638,4314326,12224,4284986,294,4,,,,,,,false,
starexec,GEO523+1.p,e1b,first-negative,HARD_TIMEOUT,200,0.000,,,,,,,,,,,,,,,,false,
starexec,GEO523+1.p,e1b,occurrence,REFUTED,200,4543.170,137480.374,121.337,5594.702,13581,4476002,13405,4406638,294,4,2671,502352,23190,983,201,false,false,
starexec,GEO523+1.p,e1b,subsumption-light,TIMEOUT,200,2542.909,162929.149,,,6619,1045239,6461,1029267,294,4,,,,,,,false,
starexec,GEO523+1.p,e1b,unary-redundancy,TIMEOUT,200,3829.068,162943.995,,,6535,1001324,6383,985714,294,4,,,,,,,false,
starexec,GEO523+1.p,e1b,weight-greedy,TIMEOUT,200,2530.736,162819.550,,,18689,5647025,18217,5355422,294,4,,,,,,,false,
starexec,GEO526+1.p,e1b,age-fair,TIMEOUT,209,3956.509,162803.689,,,12249,3512151,12044,3496609,307,5,,,,,,,false,
starexec,GEO526+1.p,e1b,balanced,TIMEOUT,209,1309.033,164420.310,,,20112,7269632,19708,7223986,307,5,,,,,,,false,
starexec,GEO526+1.p,e1b,equational,TIMEOUT,209,2465.230,162836.355,,,15926,4145413,15551,4108486,307,5,,,,,,,false,
starexec,GEO526+1.p,e1b,first-negative,HARD_TIMEOUT,209,0.000,,,,,,,,,,,,,,,,false,
starexec,GEO526+1.p,e1b,occurrence,TIMEOUT,209,3897.123,162834.812,,,20557,3870773,19351,3776936,307,5,,,,,,,false,
starexec,GEO526+1.p,e1b,subsumption-light,TIMEOUT,209,2518.901,163035.234,,,8022,1158308,7543,1140900,307,5,,,,,,,false,
starexec,GEO526+1.p,e1b,unary-redundancy,TIMEOUT,209,3718.462,162897.093,,,8364,1132921,7580,1115205,307,5,,,,,,,false,
starexec,GEO526+1.p,e1b,weight-greedy,TIMEOUT,209,2477.904,162747.482,,,20968,5382331,19997,5153169,307,5,,,,,,,false,
starexec,GEO528+1.p,e1b,age-fair,TIMEOUT,212,4099.475,162676.199,,,12803,3754705,12466,3738213,307,4,,,,,,,false,
starexec,GEO528+1.p,e1b,balanced,TIMEOUT,212,1293.466,164284.139,,,17978,7097822,17523,7058470,307,4,,,,,,,false,
starexec,GEO528+1.p,e1b,equational,TIMEOUT,212,2616.008,162597.350,,,13423,4079297,13090,4048957,307,4,,,,,,,false,
starexec,GEO528+1.p,e1b,first-negative,HARD_TIMEOUT,212,0.000,,,,,,,,,,,,,,,,false,
starexec,GEO528+1.p,e1b,occurrence,HARD_TIMEOUT,212,0.000,,,,,,,,,,,,,,,,false,
starexec,GEO528+1.p,e1b,subsumption-light,TIMEOUT,212,2534.695,162955.462,,,5903,786284,5538,773344,307,4,,,,,,,false,
starexec,GEO528+1.p,e1b,unary-redundancy,HARD_TIMEOUT,212,0.000,,,,,,,,,,,,,,,,false,
starexec,GEO528+1.p,e1b,weight-greedy,REFUTED,212,3592.040,24463.802,201.035,5433.928,5320,554001,5093,492787,307,4,2597,564108,23087,983,213,false,false,
starexec,GEO535+1.p,e1b,age-fair,TIMEOUT,227,1435.525,163999.226,,,18917,6754208,18638,6729581,335,6,,,,,,,false,
starexec,GEO535+1.p,e1b,balanced,TIMEOUT,227,967.491,163960.073,,,20123,7620734,19847,7576040,335,6,,,,,,,false,
starexec,GEO535+1.p,e1b,equational,TIMEOUT,227,937.005,164035.244,,,19776,7845777,19418,7802925,335,6,,,,,,,false,
starexec,GEO535+1.p,e1b,first-negative,TIMEOUT,227,1602.296,165133.047,,,22151,8954134,21399,8897046,335,6,,,,,,,false,
starexec,GEO535+1.p,e1b,occurrence,TIMEOUT,227,1519.814,164766.251,,,23953,8586718,23039,8464006,335,6,,,,,,,false,
starexec,GEO535+1.p,e1b,subsumption-light,TIMEOUT,227,975.131,164112.806,,,11961,2625225,11554,2598870,335,6,,,,,,,false,
starexec,GEO535+1.p,e1b,unary-redundancy,TIMEOUT,227,1545.817,164024.355,,,11564,2553634,11136,2528359,335,6,,,,,,,false,
starexec,GEO535+1.p,e1b,weight-greedy,TIMEOUT,227,1120.586,164008.670,,,28044,8864574,25837,8509544,335,6,,,,,,,false,
starexec,GRA005+1.p,e1b,age-fair,REFUTED,17,2802.003,1948.925,131.193,5683.889,432,2058,419,1571,70,19,787,505728,3586,1991,18,false,false,
starexec,GRA005+1.p,e1b,balanced,REFUTED,17,1277.220,840.581,82.014,4143.028,280,911,270,585,83,21,844,566297,3819,2303,18,false,false,
starexec,GRA005+1.p,e1b,equational,REFUTED,17,2303.484,1244.582,120.432,7884.650,210,423,208,191,83,21,844,566324,3823,2303,18,false,false,
starexec,GRA005+1.p,e1b,first-negative,REFUTED,17,3154.708,2278.304,145.038,6634.733,643,3876,639,3122,70,19,788,506959,3589,1991,18,false,false,
starexec,GRA005+1.p,e1b,occurrence,REFUTED,17,2610.109,1287.157,116.440,5738.027,225,439,219,165,70,19,787,505755,3592,1991,18,false,false,
starexec,GRA005+1.p,e1b,subsumption-light,REFUTED,17,2741.138,2090.463,144.990,7742.979,391,1413,380,935,83,21,844,566297,3819,2303,18,false,false,
starexec,GRA005+1.p,e1b,unary-redundancy,REFUTED,17,2724.926,1439.551,143.778,6341.762,216,456,212,212,70,19,787,505755,3592,1991,18,false,false,
starexec,GRA005+1.p,e1b,weight-greedy,REFUTED,17,2652.642,5134.958,153.480,8225.228,659,29187,608,25473,83,21,844,566297,3819,2303,18,false,false,
starexec,GRA008+1.p,e1b,age-fair,TIMEOUT,17,1429.905,163676.243,,,31815,1610253,30734,1572490,70,18,,,,,,,false,
starexec,GRA008+1.p,e1b,balanced,TIMEOUT,17,836.866,164798.015,,,42657,4159093,41414,4077586,83,20,,,,,,,false,
starexec,GRA008+1.p,e1b,equational,TIMEOUT,17,1157.209,163730.133,,,31601,2994295,30503,2935077,83,20,,,,,,,false,
starexec,GRA008+1.p,e1b,first-negative,TIMEOUT,17,1530.466,164142.482,,,19347,10437441,18199,10406653,70,18,,,,,,,false,
starexec,GRA008+1.p,e1b,occurrence,TIMEOUT,17,1543.018,163712.812,,,34056,4285730,30744,4197336,70,18,,,,,,,false,
starexec,GRA008+1.p,e1b,subsumption-light,TIMEOUT,17,1255.725,163791.312,,,18176,1434230,17760,1403443,83,20,,,,,,,false,
starexec,GRA008+1.p,e1b,unary-redundancy,TIMEOUT,17,1465.548,163736.244,,,17912,1310251,17224,1280803,70,18,,,,,,,false,
starexec,GRA008+1.p,e1b,weight-greedy,TIMEOUT,17,1551.066,164021.461,,,13673,4512789,13365,4466409,83,20,,,,,,,false,
starexec,GRP652+2.p,e1b,age-fair,HARD_TIMEOUT,5675,0.000,,,,,,,,,,,,,,,,false,
starexec,GRP652+2.p,e1b,balanced,HARD_TIMEOUT,5675,0.000,,,,,,,,,,,,,,,,false,
starexec,GRP652+2.p,e1b,equational,KILLED,,0.000,,,,,,,,,,,,,,,,false,killed before finishing
starexec,GRP652+2.p,e1b,first-negative,TIMEOUT,5675,3517.757,158160.689,,,25832,3591475,25341,3519702,141,30,,,,,,,false,
starexec,GRP652+2.p,e1b,occurrence,HARD_TIMEOUT,5675,0.000,,,,,,,,,,,,,,,,false,
starexec,GRP652+2.p,e1b,subsumption-light,HARD_TIMEOUT,5675,0.000,,,,,,,,,,,,,,,,false,
starexec,GRP652+2.p,e1b,unary-redundancy,HARD_TIMEOUT,5675,0.000,,,,,,,,,,,,,,,,false,
starexec,GRP652+2.p,e1b,weight-greedy,HARD_TIMEOUT,5675,0.000,,,,,,,,,,,,,,,,false,
starexec,GRP654+1.p,e1b,age-fair,TIMEOUT,5,843.993,165775.814,,,268,737627,212,736710,6,1,,,,,,,false,
starexec,GRP654+1.p,e1b,balanced,TIMEOUT,5,378.623,165102.368,,,412,1348583,292,1345677,6,1,,,,,,,false,
starexec,GRP654+1.p,e1b,equational,TIMEOUT,5,764.069,165931.893,,,299,746629,251,744845,6,1,,,,,,,false,
starexec,GRP654+1.p,e1b,first-negative,TIMEOUT,5,911.634,164300.892,,,345,719138,249,717144,6,1,,,,,,,false,
starexec,GRP654+1.p,e1b,occurrence,TIMEOUT,5,832.363,165729.419,,,1402,2531965,1112,2511953,6,1,,,,,,,false,
starexec,GRP654+1.p,e1b,subsumption-light,TIMEOUT,5,796.751,166885.888,,,299,746629,251,744845,6,1,,,,,,,false,
starexec,GRP654+1.p,e1b,unary-redundancy,TIMEOUT,5,806.831,165769.427,,,331,757782,230,755854,6,1,,,,,,,false,
starexec,GRP654+1.p,e1b,weight-greedy,TIMEOUT,5,757.268,165241.004,,,1760,2927117,1187,2882524,6,1,,,,,,,false,
starexec,GRP655+3.p,e1b,age-fair,TIMEOUT,5,806.482,164612.250,,,653,1324072,402,1322790,6,2,,,,,,,false,
starexec,GRP655+3.p,e1b,balanced,TIMEOUT,5,377.054,165481.571,,,1108,2887645,737,2884057,6,2,,,,,,,false,
starexec,GRP655+3.p,e1b,equational,TIMEOUT,5,715.879,164267.075,,,801,1586352,543,1583748,6,2,,,,,,,false,
starexec,GRP655+3.p,e1b,first-negative,TIMEOUT,5,1082.415,163880.876,,,769,1415752,495,1413290,6,2,,,,,,,false,
starexec,GRP655+3.p,e1b,occurrence,TIMEOUT,5,828.689,164380.364,,,1569,2762155,1004,2748208,6,2,,,,,,,false,
starexec,GRP655+3.p,e1b,subsumption-light,TIMEOUT,5,713.591,164226.166,,,811,1553728,529,1551044,6,2,,,,,,,false,
starexec,GRP655+3.p,e1b,unary-redundancy,TIMEOUT,5,817.245,164804.146,,,786,1535873,518,1533427,6,2,,,,,,,false,
starexec,GRP655+3.p,e1b,weight-greedy,TIMEOUT,5,735.618,164367.642,,,1856,3505355,1337,3465080,6,2,,,,,,,false,
starexec,GRP748+1.p,e1b,age-fair,TIMEOUT,11,1091.458,164212.251,,,1033,2429911,837,2427469,15,12,,,,,,,false,
starexec,GRP748+1.p,e1b,balanced,TIMEOUT,11,575.397,165640.624,,,1308,4110134,1001,4105230,15,12,,,,,,,false,
starexec,GRP748+1.p,e1b,equational,TIMEOUT,11,973.825,164428.388,,,1089,2482826,887,2478698,15,12,,,,,,,false,
starexec,GRP748+1.p,e1b,first-negative,TIMEOUT,11,1255.074,164082.708,,,1095,3090565,952,3086779,15,12,,,,,,,false,
starexec,GRP748+1.p,e1b,occurrence,TIMEOUT,11,1016.217,164584.504,,,1198,2573171,1047,2563829,15,12,,,,,,,false,
starexec,GRP748+1.p,e1b,subsumption-light,TIMEOUT,11,653.661,165312.138,,,1102,2551095,887,2546935,15,12,,,,,,,false,
starexec,GRP748+1.p,e1b,unary-redundancy,TIMEOUT,11,722.014,165164.670,,,1109,2496965,854,2492813,15,12,,,,,,,false,
starexec,GRP748+1.p,e1b,weight-greedy,TIMEOUT,11,628.297,164827.099,,,2240,3651066,2027,3610230,15,12,,,,,,,false,
starexec,HWV051+1.p,e1b,age-fair,HARD_TIMEOUT,724,0.000,,,,,,,,,,,,,,,,false,
starexec,HWV051+1.p,e1b,balanced,TIMEOUT,724,1395.401,164201.889,,,53474,245175,51583,161599,919,5,,,,,,,false,
starexec,HWV051+1.p,e1b,equational,TIMEOUT,724,2559.081,162692.861,,,39731,161691,36321,101203,919,5,,,,,,,false,
starexec,HWV051+1.p,e1b,first-negative,HARD_TIMEOUT,724,0.000,,,,,,,,,,,,,,,,false,
starexec,HWV051+1.p,e1b,occurrence,HARD_TIMEOUT,724,0.000,,,,,,,,,,,,,,,,false,
starexec,HWV051+1.p,e1b,subsumption-light,TIMEOUT,724,2617.248,162790.491,,,24148,100041,22625,67546,919,5,,,,,,,false,
starexec,HWV051+1.p,e1b,unary-redundancy,HARD_TIMEOUT,724,0.000,,,,,,,,,,,,,,,,false,
starexec,HWV051+1.p,e1b,weight-greedy,TIMEOUT,724,1646.336,163900.348,,,13646,27648,10938,7450,919,5,,,,,,,false,
starexec,ITP002+2.p,e1b,age-fair,TIMEOUT,33,1909.531,163748.500,,,15339,1339968,15137,1323914,49,8,,,,,,,false,
starexec,ITP002+2.p,e1b,balanced,TIMEOUT,33,550.879,165119.372,,,21262,1432581,21000,1403456,58,9,,,,,,,false,
starexec,ITP002+2.p,e1b,equational,TIMEOUT,33,1025.459,164480.937,,,15893,918849,15692,897583,58,9,,,,,,,false,
starexec,ITP002+2.p,e1b,first-negative,TIMEOUT,33,2073.390,163423.853,,,8527,9111002,8445,9102466,49,8,,,,,,,false,
starexec,ITP002+2.p,e1b,occurrence,TIMEOUT,33,1916.820,163661.266,,,16700,282224,16493,254471,49,8,,,,,,,false,
starexec,ITP002+2.p,e1b,subsumption-light,TIMEOUT,33,1562.434,164804.020,,,10303,469393,10214,455969,58,9,,,,,,,false,
starexec,ITP002+2.p,e1b,unary-redundancy,TIMEOUT,33,1954.565,163649.639,,,10142,447488,10052,434498,49,8,,,,,,,false,
starexec,ITP002+2.p,e1b,weight-greedy,TIMEOUT,33,1003.190,164518.155,,,3715,2229252,3173,2190337,58,9,,,,,,,false,
starexec,ITP004+1.p,e1b,age-fair,TIMEOUT,30,1808.420,164101.495,,,984,1560563,928,1557783,56,6,,,,,,,false,
starexec,ITP004+1.p,e1b,balanced,TIMEOUT,30,684.049,165014.364,,,2708,6973008,2594,6956224,56,6,,,,,,,false,
starexec,ITP004+1.p,e1b,equational,TIMEOUT,30,1383.198,163598.812,,,2255,4058626,2151,4046154,56,6,,,,,,,false,
starexec,ITP004+1.p,e1b,first-negative,REFUTED,30,2418.331,104864.279,143.502,1743.667,1838,2208635,1720,2195702,56,6,519,151569,2592,836,31,false,false,
starexec,ITP004+1.p,e1b,occurrence,REFUTED,30,2247.743,74127.069,108.234,1597.270,1324,1785782,1261,1767879,56,6,516,151073,2605,836,31,false,false,
starexec,ITP004+1.p,e1b,subsumption-light,TIMEOUT,30,1332.956,163679.870,,,1417,1839922,1338,1830888,56,6,,,,,,,false,
starexec,ITP004+1.p,e1b,unary-redundancy,TIMEOUT,30,1765.719,163708.661,,,1406,1803451,1338,1794429,56,6,,,,,,,false,
starexec,ITP004+1.p,e1b,weight-greedy,REFUTED,30,1752.187,50813.928,135.725,2192.124,1283,1107649,1151,1071895,56,6,469,142779,2705,836,31,false,false,
starexec,ITP004+4.p,e1b,age-fair,HARD_TIMEOUT,3173,0.000,,,,,,,,,,,,,,,,false,
starexec,ITP004+4.p,e1b,balanced,HARD_TIMEOUT,3173,0.000,,,,,,,,,,,,,,,,false,
starexec,ITP004+4.p,e1b,equational,HARD_TIMEOUT,3173,0.000,,,,,,,,,,,,,,,,false,
starexec,ITP004+4.p,e1b,first-negative,HARD_TIMEOUT,3173,0.000,,,,,,,,,,,,,,,,false,
starexec,ITP004+4.p,e1b,occurrence,HARD_TIMEOUT,3173,0.000,,,,,,,,,,,,,,,,false,
starexec,ITP004+4.p,e1b,subsumption-light,HARD_TIMEOUT,3173,0.000,,,,,,,,,,,,,,,,false,
starexec,ITP004+4.p,e1b,unary-redundancy,HARD_TIMEOUT,3173,0.000,,,,,,,,,,,,,,,,false,
starexec,ITP004+4.p,e1b,weight-greedy,HARD_TIMEOUT,3173,0.000,,,,,,,,,,,,,,,,false,
starexec,ITP006+2.p,e1b,age-fair,TIMEOUT,51,3111.458,163372.238,,,19707,2839411,19430,2817078,136,31,,,,,,,false,
starexec,ITP006+2.p,e1b,balanced,TIMEOUT,51,777.278,165101.470,,,33077,6800825,30459,6745352,243,40,,,,,,,false,
starexec,ITP006+2.p,e1b,equational,TIMEOUT,51,2339.215,163546.059,,,22227,3739529,20518,3703287,243,40,,,,,,,false,
starexec,ITP006+2.p,e1b,first-negative,TIMEOUT,51,2999.710,163022.565,,,16196,8405100,16085,8388251,136,31,,,,,,,false,
starexec,ITP006+2.p,e1b,occurrence,TIMEOUT,51,2868.672,163419.060,,,26384,2079653,22865,2003024,136,31,,,,,,,false,
starexec,ITP006+2.p,e1b,subsumption-light,TIMEOUT,51,2275.152,163456.391,,,11689,1455202,10948,1436732,243,40,,,,,,,false,
starexec,ITP006+2.p,e1b,unary-redundancy,TIMEOUT,51,3089.246,163466.183,,,13034,1009589,11400,987093,136,31,,,,,,,false,
starexec,ITP006+2.p,e1b,weight-greedy,TIMEOUT,51,1488.447,164212.071,,,34766,3394118,30009,3216098,243,40,,,,,,,false,
starexec,ITP006+4.p,e1b,age-fair,HARD_TIMEOUT,5652,0.000,,,,,,,,,,,,,,,,false,
starexec,ITP006+4.p,e1b,balanced,HARD_TIMEOUT,5652,0.000,,,,,,,,,,,,,,,,false,
starexec,ITP006+4.p,e1b,equational,HARD_TIMEOUT,5652,0.000,,,,,,,,,,,,,,,,false,
starexec,ITP006+4.p,e1b,first-negative,HARD_TIMEOUT,5652,0.000,,,,,,,,,,,,,,,,false,
starexec,ITP006+4.p,e1b,occurrence,HARD_TIMEOUT,5652,0.000,,,,,,,,,,,,,,,,false,
starexec,ITP006+4.p,e1b,subsumption-light,HARD_TIMEOUT,5652,0.000,,,,,,,,,,,,,,,,false,
starexec,ITP006+4.p,e1b,unary-redundancy,HARD_TIMEOUT,5652,0.000,,,,,,,,,,,,,,,,false,
starexec,ITP006+4.p,e1b,weight-greedy,HARD_TIMEOUT,5652,0.000,,,,,,,,,,,,,,,,false,
starexec,ITP009+2.p,e1b,age-fair,TIMEOUT,36,2667.383,163577.715,,,11780,2349303,11498,2335613,66,15,,,,,,,false,
starexec,ITP009+2.p,e1b,balanced,TIMEOUT,36,1309.068,164724.085,,,20293,2072885,19952,2044145,99,18,,,,,,,false,
starexec,ITP009+2.p,e1b,equational,TIMEOUT,36,2382.590,163651.545,,,14882,1435163,14621,1413644,99,18,,,,,,,false,
starexec,ITP009+2.p,e1b,first-negative,TIMEOUT,36,1869.813,164252.026,,,11401,10847511,11340,10836059,66,15,,,,,,,false,
starexec,ITP009+2.p,e1b,occurrence,TIMEOUT,36,2705.414,163612.243,,,27140,879861,26598,820320,66,15,,,,,,,false,
starexec,ITP009+2.p,e1b,subsumption-light,TIMEOUT,36,2406.427,163917.272,,,7201,565186,6975,554554,99,18,,,,,,,false,
starexec,ITP009+2.p,e1b,unary-redundancy,TIMEOUT,36,2815.950,163606.882,,,8268,587283,8142,574597,66,15,,,,,,,false,
starexec,ITP009+2.p,e1b,weight-greedy,TIMEOUT,36,1556.326,164443.237,,,10539,3035565,10360,2962395,99,18,,,,,,,false,
starexec,ITP012+4.p,e1b,age-fair,HARD_TIMEOUT,14071,0.000,,,,,,,,,,,,,,,,false,
starexec,ITP012+4.p,e1b,balanced,HARD_TIMEOUT,14071,0.000,,,,,,,,,,,,,,,,false,
starexec,ITP012+4.p,e1b,first-negative,HARD_TIMEOUT,14071,0.000,,,,,,,,,,,,,,,,false,
starexec,ITP012+4.p,e1b,occurrence,HARD_TIMEOUT,14071,0.000,,,,,,,,,,,,,,,,false,
starexec,ITP012+4.p,e1b,subsumption-light,HARD_TIMEOUT,14071,0.000,,,,,,,,,,,,,,,,false,
starexec,ITP012+4.p,e1b,unary-redundancy,HARD_TIMEOUT,14071,0.000,,,,,,,,,,,,,,,,false,
starexec,ITP012+4.p,e1b,weight-greedy,HARD_TIMEOUT,14071,0.000,,,,,,,,,,,,,,,,false,
starexec,ITP012+5.p,e1b,age-fair,HARD_TIMEOUT,10256,0.000,,,,,,,,,,,,,,,,false,
starexec,ITP012+5.p,e1b,equational,KILLED,,0.000,,,,,,,,,,,,,,,,false,killed before finishing
starexec,ITP012+5.p,e1b,first-negative,HARD_TIMEOUT,10256,0.000,,,,,,,,,,,,,,,,false,
starexec,ITP012+5.p,e1b,occurrence,HARD_TIMEOUT,10256,0.000,,,,,,,,,,,,,,,,false,
starexec,ITP012+5.p,e1b,subsumption-light,HARD_TIMEOUT,10256,0.000,,,,,,,,,,,,,,,,false,
starexec,ITP012+5.p,e1b,unary-redundancy,HARD_TIMEOUT,10256,0.000,,,,,,,,,,,,,,,,false,
starexec,ITP012+5.p,e1b,weight-greedy,HARD_TIMEOUT,10256,0.000,,,,,,,,,,,,,,,,false,
starexec,ITP013+1.p,e1b,age-fair,TIMEOUT,45,2041.037,163999.018,,,839,1501841,811,1499260,84,7,,,,,,,false,
starexec,ITP013+1.p,e1b,balanced,TIMEOUT,45,857.954,165391.647,,,1248,3220866,1184,3213716,108,8,,,,,,,false,
starexec,ITP013+1.p,e1b,equational,HARD_TIMEOUT,45,0.000,,,,,,,,,,,,,,,,false,
starexec,ITP013+1.p,e1b,first-negative,TIMEOUT,45,2484.677,162986.644,,,1394,2094165,1320,2087771,84,7,,,,,,,false,
starexec,ITP013+1.p,e1b,occurrence,TIMEOUT,45,2081.284,163388.432,,,2339,1965764,2101,1946737,84,7,,,,,,,false,
starexec,ITP013+1.p,e1b,subsumption-light,TIMEOUT,45,1599.976,164903.625,,,1056,1497293,997,1490855,108,8,,,,,,,false,
starexec,ITP013+1.p,e1b,unary-redundancy,TIMEOUT,45,2099.416,163417.343,,,1051,1456568,985,1450576,84,7,,,,,,,false,
starexec,ITP013+1.p,e1b,weight-greedy,TIMEOUT,45,1045.308,164280.826,,,4979,7806545,4741,7700293,108,8,,,,,,,false,
starexec,ITP018+5.p,e1b,age-fair,HARD_TIMEOUT,16278,0.000,,,,,,,,,,,,,,,,false,
starexec,ITP018+5.p,e1b,equational,HARD_TIMEOUT,16278,0.000,,,,,,,,,,,,,,,,false,
starexec,ITP018+5.p,e1b,first-negative,HARD_TIMEOUT,16278,0.000,,,,,,,,,,,,,,,,false,
starexec,ITP018+5.p,e1b,occurrence,HARD_TIMEOUT,16278,0.000,,,,,,,,,,,,,,,,false,
starexec,ITP018+5.p,e1b,subsumption-light,HARD_TIMEOUT,16278,0.000,,,,,,,,,,,,,,,,false,
starexec,ITP018+5.p,e1b,unary-redundancy,HARD_TIMEOUT,16278,0.000,,,,,,,,,,,,,,,,false,
starexec,ITP018+5.p,e1b,weight-greedy,HARD_TIMEOUT,16278,0.000,,,,,,,,,,,,,,,,false,
starexec,ITP020+2.p,e1b,age-fair,REFUTED,62,4637.495,28659.265,145.524,64619.090,5735,623388,5555,616844,175,45,2154,2986627,8457,3507,63,false,false,
starexec,ITP020+2.p,e1b,balanced,TIMEOUT,62,942.740,164526.512,,,27211,6916145,25341,6857997,293,55,,,,,,,false,
starexec,ITP020+2.p,e1b,equational,TIMEOUT,62,1544.056,163273.413,,,19999,4060294,18495,4019536,293,55,,,,,,,false,
starexec,ITP020+2.p,e1b,first-negative,TIMEOUT,62,2110.534,163055.071,,,19804,7815570,19449,7795191,175,45,,,,,,,false,
starexec,ITP020+2.p,e1b,occurrence,TIMEOUT,62,3075.685,163510.542,,,21396,3290969,15885,3231229,175,45,,,,,,,false,
starexec,ITP020+2.p,e1b,subsumption-light,REFUTED,62,4117.251,36045.532,189.438,85668.482,3727,147899,3307,141127,293,55,2558,2950700,10993,2968,63,false,false,
starexec,ITP020+2.p,e1b,unary-redundancy,REFUTED,62,3299.778,5495.668,87.173,63758.269,1202,25384,1119,23694,175,45,2154,2986627,8457,3507,63,false,false,
starexec,ITP020+2.p,e1b,weight-greedy,TIMEOUT,62,1544.215,163373.361,,,31685,3890268,28964,3680191,293,55,,,,,,,false,
starexec,ITP020+4.p,e1b,age-fair,HARD_TIMEOUT,25152,0.000,,,,,,,,,,,,,,,,false,
starexec,ITP020+4.p,e1b,balanced,HARD_TIMEOUT,25152,0.000,,,,,,,,,,,,,,,,false,
starexec,ITP020+4.p,e1b,equational,HARD_TIMEOUT,25152,0.000,,,,,,,,,,,,,,,,false,
starexec,ITP020+4.p,e1b,first-negative,HARD_TIMEOUT,25152,0.000,,,,,,,,,,,,,,,,false,
starexec,ITP020+4.p,e1b,occurrence,HARD_TIMEOUT,25152,0.000,,,,,,,,,,,,,,,,false,
starexec,ITP020+4.p,e1b,subsumption-light,HARD_TIMEOUT,25152,0.000,,,,,,,,,,,,,,,,false,
starexec,ITP020+4.p,e1b,unary-redundancy,HARD_TIMEOUT,25152,0.000,,,,,,,,,,,,,,,,false,
starexec,ITP020+4.p,e1b,weight-greedy,HARD_TIMEOUT,25152,0.000,,,,,,,,,,,,,,,,false,
starexec,ITP023+2.p,e1b,age-fair,TIMEOUT,58,2330.964,163383.353,,,15532,2112474,15306,2095607,103,15,,,,,,,false,
starexec,ITP023+2.p,e1b,balanced,TIMEOUT,58,947.807,164672.412,,,28122,5173942,26269,5121276,239,27,,,,,,,false,
starexec,ITP023+2.p,e1b,equational,TIMEOUT,58,1802.504,163687.880,,,22755,2833406,20565,2793096,239,27,,,,,,,false,
starexec,ITP023+2.p,e1b,first-negative,TIMEOUT,58,2534.233,163078.514,,,20500,9268964,20279,9248058,103,15,,,,,,,false,
starexec,ITP023+2.p,e1b,occurrence,TIMEOUT,58,2444.686,163485.664,,,27578,1630426,26225,1546649,103,15,,,,,,,false,
starexec,ITP023+2.p,e1b,subsumption-light,REFUTED,58,3192.261,45288.224,136.593,31816.130,6086,370750,5678,360776,239,27,1525,1086404,5978,1519,59,false,false,
starexec,ITP023+2.p,e1b,unary-redundancy,REFUTED,58,3627.189,5248.215,121.076,9551.495,980,12855,943,11414,103,15,1052,473421,3304,1026,59,false,false,
starexec,ITP023+2.p,e1b,weight-greedy,REFUTED,58,2527.417,3322.953,106.939,20212.960,1806,13623,1755,8466,239,27,1525,1086438,5997,1519,59,false,false,
starexec,KLE100+1.p,e1b,age-fair,TIMEOUT,26,786.070,163760.130,,,2083,4643463,1944,4635854,29,3,,,,,,,false,
starexec,KLE100+1.p,e1b,balanced,TIMEOUT,26,437.444,168049.289,,,2835,8771035,2513,8749181,29,3,,,,,,,false,
starexec,KLE100+1.p,e1b,equational,TIMEOUT,26,710.906,164662.182,,,2329,4763526,2018,4749878,29,3,,,,,,,false,
starexec,KLE100+1.p,e1b,first-negative,TIMEOUT,26,769.094,163486.245,,,2242,4396953,1901,4383313,29,3,,,,,,,false,
starexec,KLE100+1.p,e1b,occurrence,TIMEOUT,26,1010.382,163809.094,,,2840,4813440,2332,4776603,29,3,,,,,,,false,
starexec,KLE100+1.p,e1b,subsumption-light,TIMEOUT,26,659.868,163909.480,,,2257,4570865,1950,4556857,29,3,,,,,,,false,
starexec,KLE100+1.p,e1b,unary-redundancy,TIMEOUT,26,819.975,163950.785,,,2377,4691006,2033,4677224,29,3,,,,,,,false,
starexec,KLE100+1.p,e1b,weight-greedy,TIMEOUT,26,647.297,163730.292,,,5934,5466243,4997,5283814,29,3,,,,,,,false,
starexec,KLE169+1.p,e1b,age-fair,TIMEOUT,17,934.766,164009.417,,,1634,5096296,1549,5088370,19,0,,,,,,,false,
starexec,KLE169+1.p,e1b,balanced,TIMEOUT,17,400.796,165030.071,,,2315,9346800,2204,9325204,19,0,,,,,,,false,
starexec,KLE169+1.p,e1b,equational,TIMEOUT,17,746.720,164005.633,,,1870,5199233,1767,5186389,19,0,,,,,,,false,
starexec,KLE169+1.p,e1b,first-negative,TIMEOUT,17,1023.066,163643.129,,,1791,4849867,1717,4836865,19,0,,,,,,,false,
starexec,KLE169+1.p,e1b,occurrence,TIMEOUT,17,919.682,164422.712,,,2366,5307457,2274,5274280,19,0,,,,,,,false,
starexec,KLE169+1.p,e1b,subsumption-light,TIMEOUT,17,803.780,164089.879,,,1864,5222735,1773,5209235,19,0,,,,,,,false,
starexec,KLE169+1.p,e1b,unary-redundancy,TIMEOUT,17,940.045,164052.915,,,1886,5231295,1777,5218535,19,0,,,,,,,false,
starexec,KLE170+1.002.p,e1b,age-fair,TIMEOUT,16,940.696,164465.934,,,1623,5247556,1527,5239545,18,0,,,,,,,false,
starexec,KLE170+1.002.p,e1b,balanced,TIMEOUT,16,388.781,165386.800,,,2311,9280095,2189,9255035,18,0,,,,,,,false,
starexec,KLE170+1.002.p,e1b,equational,TIMEOUT,16,747.433,164054.056,,,1718,5233791,1670,5221097,18,0,,,,,,,false,
starexec,KLE170+1.002.p,e1b,first-negative,TIMEOUT,16,1011.616,163542.216,,,1729,4904802,1665,4891857,18,0,,,,,,,false,
starexec,KLE170+1.002.p,e1b,occurrence,TIMEOUT,16,927.779,163910.026,,,2154,5268838,2037,5237926,18,0,,,,,,,false,
starexec,KLE170+1.002.p,e1b,subsumption-light,TIMEOUT,16,794.346,164230.387,,,1707,5262602,1596,5249078,18,0,,,,,,,false,
starexec,KLE170+1.002.p,e1b,unary-redundancy,TIMEOUT,16,874.163,164036.602,,,1818,5273648,1693,5261966,18,0,,,,,,,false,
starexec,KLE170+1.002.p,e1b,weight-greedy,REFUTED,16,951.502,76490.083,292.605,619.973,3769,3255140,3439,3164120,18,0,396,13435,778,88,17,false,false,
starexec,KRS187+1.p,e1b,age-fair,HARD_TIMEOUT,32,0.000,,,,,,,,,,,,,,,,false,
starexec,KRS187+1.p,e1b,balanced,REFUTED,32,2407.233,102262.363,62.717,10381.021,13229,9896063,12011,9859809,129,74,2138,2391295,6027,2717,33,false,false,
starexec,KRS187+1.p,e1b,equational,TIMEOUT,32,1978.660,163906.790,,,12716,9454592,11521,9419326,129,74,,,,,,,false,
starexec,KRS187+1.p,e1b,occurrence,TIMEOUT,32,2539.071,163957.249,,,8882,8559612,8097,8505575,120,70,,,,,,,false,
starexec,KRS187+1.p,e1b,subsumption-light,TIMEOUT,32,1995.315,164173.981,,,5469,4197249,4933,4182349,129,74,,,,,,,false,
starexec,KRS187+1.p,e1b,unary-redundancy,TIMEOUT,32,2599.663,163962.659,,,5294,3153529,4946,3139709,120,70,,,,,,,false,
starexec,KRS187+1.p,e1b,weight-greedy,REFUTED,32,4432.281,2693.412,86.636,26571.148,1022,9093,965,5490,129,74,2138,2391295,6027,2717,33,false,false,
starexec,KRS190+1.p,e1b,age-fair,TIMEOUT,32,2535.736,164025.421,,,6853,7508152,6334,7498371,120,70,,,,,,,false,
starexec,KRS190+1.p,e1b,balanced,REFUTED,32,1511.667,57035.352,40.197,10353.013,12550,9367489,11356,9332453,129,74,2138,2391295,6027,2717,33,false,false,
starexec,KRS190+1.p,e1b,equational,REFUTED,32,3346.860,101713.666,62.118,19701.055,12550,9366337,11356,9331301,129,74,2138,2391295,6027,2717,33,false,false,
starexec,KRS190+1.p,e1b,first-negative,REFUTED,32,4133.336,136336.517,60.778,18523.613,14119,9534115,13367,9494505,120,70,2068,2103753,5589,2511,33,false,false,
starexec,KRS190+1.p,e1b,occurrence,TIMEOUT,32,1631.469,165626.955,,,10677,12340922,9587,12272180,120,70,,,,,,,false,
starexec,KRS190+1.p,e1b,subsumption-light,TIMEOUT,32,1991.096,164096.577,,,6451,5682456,5824,5664988,129,74,,,,,,,false,
starexec,KRS190+1.p,e1b,unary-redundancy,TIMEOUT,32,2454.922,164955.647,,,5279,3129263,4931,3115473,120,70,,,,,,,false,
starexec,KRS190+1.p,e1b,weight-greedy,REFUTED,32,2707.316,1496.269,61.464,15853.681,872,7456,815,4853,129,74,2138,2391295,6027,2717,33,false,false,
starexec,KRS192+1.p,e1b,age-fair,TIMEOUT,32,2620.745,163969.494,,,6953,7791688,6433,7781727,120,70,,,,,,,false,
starexec,KRS192+1.p,e1b,balanced,TIMEOUT,32,1082.285,168340.139,,,18902,16490453,17168,16437289,129,74,,,,,,,false,
starexec,KRS192+1.p,e1b,equational,TIMEOUT,32,1988.874,164072.679,,,12464,9302591,11269,9267663,129,74,,,,,,,false,
starexec,KRS192+1.p,e1b,first-negative,TIMEOUT,32,2804.865,163546.707,,,12109,7433468,11371,7398584,120,70,,,,,,,false,
starexec,KRS192+1.p,e1b,occurrence,TIMEOUT,32,2602.645,163992.193,,,9247,9432562,8321,9375485,120,70,,,,,,,false,
starexec,KRS192+1.p,e1b,subsumption-light,TIMEOUT,32,2037.260,163954.128,,,5458,4180394,4923,4165604,129,74,,,,,,,false,
starexec,KRS192+1.p,e1b,unary-redundancy,TIMEOUT,32,2624.700,163900.824,,,5453,3360270,5099,3345974,120,70,,,,,,,false,
starexec,KRS192+1.p,e1b,weight-greedy,TIMEOUT,32,1974.770,164012.693,,,29644,5493366,26689,5022770,129,74,,,,,,,false,
starexec,KRS195+1.p,e1b,age-fair,TIMEOUT,32,1558.988,163736.703,,,6770,7275934,6252,7266250,120,70,,,,,,,false,
starexec,KRS195+1.p,e1b,balanced,REFUTED,32,3494.566,96652.596,67.597,14303.755,13663,10306518,12428,10269402,129,74,2138,2391295,6028,2717,33,false,false,
starexec,KRS195+1.p,e1b,equational,TIMEOUT,32,1894.458,163901.903,,,12575,9379137,11381,9344071,129,74,,,,,,,false,
starexec,KRS195+1.p,e1b,first-negative,REFUTED,32,4003.214,103441.434,83.773,25925.853,9173,4541080,8759,4514584,120,70,2068,2103737,5587,2511,33,false,false,
starexec,KRS195+1.p,e1b,occurrence,TIMEOUT,32,1648.642,163644.074,,,8744,8215629,8062,8163072,120,70,,,,,,,false,
starexec,KRS195+1.p,e1b,subsumption-light,TIMEOUT,32,1289.535,163808.869,,,5431,4135592,4896,4120862,129,74,,,,,,,false,
starexec,KRS195+1.p,e1b,unary-redundancy,TIMEOUT,32,1652.895,163803.214,,,5277,3122389,4929,3108603,120,70,,,,,,,false,
starexec,KRS195+1.p,e1b,weight-greedy,REFUTED,32,2768.952,1814.104,73.681,24410.605,1275,9570,1218,5636,129,74,2138,2391295,6028,2717,33,false,false,
starexec,KRS196+1.p,e1b,age-fair,TIMEOUT,32,2520.978,163860.762,,,6955,7796955,6435,7786992,120,70,,,,,,,false,
starexec,KRS196+1.p,e1b,balanced,REFUTED,32,2073.109,79261.287,51.658,17221.561,12705,9449080,11510,9413828,129,74,2138,2391295,6026,2717,33,false,false,
starexec,KRS196+1.p,e1b,equational,TIMEOUT,32,1987.388,163935.415,,,12693,9442921,11499,9407685,129,74,,,,,,,false,
starexec,KRS196+1.p,e1b,first-negative,REFUTED,32,4743.944,127524.705,80.889,23035.748,10351,5598765,9648,5567881,120,70,2068,2103737,5590,2511,33,false,false,
starexec,KRS196+1.p,e1b,occurrence,TIMEOUT,32,1579.890,166971.721,,,9000,8817648,8206,8762686,120,70,,,,,,,false,
starexec,KRS196+1.p,e1b,subsumption-light,TIMEOUT,32,1982.287,164008.081,,,5462,4188382,4926,4173514,129,74,,,,,,,false,
starexec,KRS196+1.p,e1b,unary-redundancy,TIMEOUT,32,2510.053,163985.948,,,5288,3144286,4940,3130478,120,70,,,,,,,false,
starexec,KRS196+1.p,e1b,weight-greedy,REFUTED,32,4554.218,2410.077,94.389,19646.388,882,7660,825,4904,129,74,2138,2391295,6026,2717,33,false,false,
starexec,KRS216+1.p,e1b,age-fair,TIMEOUT,32,1374.531,164891.879,,,8930,12943655,8240,12930425,120,70,,,,,,,false,
starexec,KRS216+1.p,e1b,balanced,TIMEOUT,32,1143.093,164850.531,,,18328,15909748,16651,15857852,129,74,,,,,,,false,
starexec,KRS216+1.p,e1b,equational,TIMEOUT,32,1126.188,164693.012,,,18051,15630007,16359,15578799,129,74,,,,,,,false,
starexec,KRS216+1.p,e1b,occurrence,TIMEOUT,32,1302.116,164930.900,,,11879,14323541,10658,14245589,120,70,,,,,,,false,
starexec,KRS216+1.p,e1b,subsumption-light,TIMEOUT,32,1105.483,164855.340,,,9229,7084237,8399,7054611,129,74,,,,,,,false,
starexec,KRS216+1.p,e1b,unary-redundancy,TIMEOUT,32,1349.307,165048.595,,,6475,4601592,6040,4583884,120,70,,,,,,,false,
starexec,KRS216+1.p,e1b,weight-greedy,REFUTED,32,2566.058,4220.551,62.891,12147.153,2849,51395,2597,38919,129,74,2199,2527337,6094,2717,33,false,false,
starexec,KRS233+1.p,e1b,age-fair,TIMEOUT,32,2505.056,164036.099,,,6924,7695946,6404,7686020,120,70,,,,,,,false,
starexec,KRS233+1.p,e1b,balanced,TIMEOUT,32,1054.899,166308.438,,,18959,16481253,17244,16428089,129,74,,,,,,,false,
starexec,KRS233+1.p,e1b,equational,TIMEOUT,32,1974.276,163973.498,,,12525,9360811,11331,9325795,129,74,,,,,,,false,
starexec,KRS233+1.p,e1b,first-negative,TIMEOUT,32,2756.243,163582.597,,,11920,7274219,11188,7239659,120,70,,,,,,,false,
starexec,KRS233+1.p,e1b,occurrence,TIMEOUT,32,2375.194,163956.565,,,8766,8276572,8079,8223860,120,70,,,,,,,false,
starexec,KRS233+1.p,e1b,subsumption-light,TIMEOUT,32,1971.735,164195.643,,,5449,4165036,4914,4150266,129,74,,,,,,,false,
starexec,KRS233+1.p,e1b,unary-redundancy,TIMEOUT,32,2562.453,164150.227,,,5305,3167045,4957,3153205,120,70,,,,,,,false,
starexec,KRS233+1.p,e1b,weight-greedy,TIMEOUT,32,1985.488,163961.274,,,31084,5902299,28058,5404911,129,74,,,,,,,false,
starexec,KRS234+1.p,e1b,age-fair,TIMEOUT,32,2453.309,164117.530,,,6850,7491525,6331,7481747,120,70,,,,,,,false,
starexec,KRS234+1.p,e1b,balanced,REFUTED,32,2213.498,76867.923,61.647,15708.440,10654,8183734,9823,8152275,129,74,2165,2451610,6054,2717,33,false,false,
starexec,KRS234+1.p,e1b,equational,HARD_TIMEOUT,32,0.000,,,,,,,,,,,,,,,,false,
starexec,KRS234+1.p,e1b,first-negative,TIMEOUT,32,2645.845,163633.082,,,11889,7242130,11157,7207630,120,70,,,,,,,false,
starexec,KRS234+1.p,e1b,occurrence,TIMEOUT,32,2373.418,164027.623,,,8868,8511697,8083,8458160,120,70,,,,,,,false,
starexec,KRS234+1.p,e1b,subsumption-light,TIMEOUT,32,1936.929,164350.447,,,6592,5883504,5965,5865658,129,74,,,,,,,false,
starexec,KRS234+1.p,e1b,unary-redundancy,TIMEOUT,32,2449.359,163946.202,,,6258,4245430,5844,4228356,120,70,,,,,,,false,
starexec,KRS234+1.p,e1b,weight-greedy,REFUTED,32,4671.542,7380.816,112.118,23829.733,2847,51234,2593,38847,129,74,2167,2456060,6063,2717,33,false,false,
starexec,KRS251+1.p,e1b,age-fair,TIMEOUT,32,2674.130,165469.105,,,6715,7115808,6197,7106236,120,70,,,,,,,false,
starexec,KRS251+1.p,e1b,balanced,TIMEOUT,32,1105.557,164890.721,,,18258,15832741,16557,15781061,129,74,,,,,,,false,
starexec,KRS251+1.p,e1b,equational,TIMEOUT,32,2098.775,164034.658,,,11840,8876864,10675,8842938,129,74,,,,,,,false,
starexec,KRS251+1.p,e1b,first-negative,TIMEOUT,32,2933.682,163569.289,,,11294,6650288,10562,6617224,120,70,,,,,,,false,
starexec,KRS251+1.p,e1b,occurrence,HARD_TIMEOUT,32,0.000,,,,,,,,,,,,,,,,false,
starexec,KRS251+1.p,e1b,subsumption-light,TIMEOUT,32,2046.269,163909.159,,,5303,3951353,4774,3936924,129,74,,,,,,,false,
starexec,KRS251+1.p,e1b,unary-redundancy,TIMEOUT,32,2708.830,163934.741,,,5196,2984869,4852,2971321,120,70,,,,,,,false,
starexec,KRS251+1.p,e1b,weight-greedy,TIMEOUT,32,2102.161,164022.369,,,27121,4497842,24532,4068533,129,74,,,,,,,false,
starexec,KRS261+1.p,e1b,age-fair,TIMEOUT,32,2603.726,163787.532,,,6857,7519306,6338,7509520,120,70,,,,,,,false,
starexec,KRS261+1.p,e1b,balanced,TIMEOUT,32,1087.262,165928.193,,,18748,16483763,17024,16430603,129,74,,,,,,,false,
starexec,KRS261+1.p,e1b,equational,HARD_TIMEOUT,32,0.000,,,,,,,,,,,,,,,,false,
starexec,KRS261+1.p,e1b,occurrence,TIMEOUT,32,2588.600,163712.298,,,8793,8340689,8076,8287647,120,70,,,,,,,false,
starexec,KRS261+1.p,e1b,subsumption-light,TIMEOUT,32,2068.337,164084.151,,,5456,4174868,4921,4160082,129,74,,,,,,,false,
starexec,KRS261+1.p,e1b,unary-redundancy,TIMEOUT,32,2671.315,164384.621,,,5298,3160681,4950,3146855,120,70,,,,,,,false,
starexec,KRS261+1.p,e1b,weight-greedy,HARD_TIMEOUT,32,0.000,,,,,,,,,,,,,,,,false,
starexec,KRS262+1.p,e1b,age-fair,TIMEOUT,32,2666.907,163767.524,,,6917,7674389,6397,7664475,120,70,,,,,,,false,
starexec,KRS262+1.p,e1b,balanced,REFUTED,32,2207.063,11566.884,50.929,10860.145,2893,963436,2847,957025,129,74,2143,2402369,6026,2717,33,false,false,
starexec,KRS262+1.p,e1b,equational,REFUTED,32,2640.054,13313.308,62.918,19593.001,2893,963556,2847,957145,129,74,2143,2402369,6026,2717,33,false,false,
starexec,KRS262+1.p,e1b,first-negative,REFUTED,32,3796.110,14997.139,59.779,16587.039,2756,296085,2717,288683,120,70,2073,2113797,5587,2511,33,false,false,
starexec,KRS262+1.p,e1b,occurrence,REFUTED,32,3363.240,3363.622,73.924,13498.937,1023,41720,1003,38192,120,70,2085,2138147,5610,2511,33,false,false,
starexec,KRS262+1.p,e1b,subsumption-light,REFUTED,32,3755.401,23336.717,68.275,27096.348,2894,901878,2715,895445,129,74,2143,2402369,6026,2717,33,false,false,
starexec,KRS262+1.p,e1b,unary-redundancy,TIMEOUT,32,2443.401,164317.070,,,5269,3112952,4921,3099192,120,70,,,,,,,false,
starexec,KRS262+1.p,e1b,weight-greedy,REFUTED,32,3985.487,1134.349,73.106,19442.047,271,683,271,357,129,74,2145,2406840,6027,2717,33,false,false,
starexec,LAT258+1.p,e1b,age-fair,TIMEOUT,17,1060.928,164077.918,,,18347,8255119,16368,8224771,23,1,,,,,,,false,
starexec,LAT258+1.p,e1b,balanced,TIMEOUT,17,469.974,167826.482,,,25560,14097204,24087,14024764,23,1,,,,,,,false,
starexec,LAT258+1.p,e1b,equational,TIMEOUT,17,897.364,163926.949,,,18217,8393956,17467,8346355,23,1,,,,,,,false,
starexec,LAT258+1.p,e1b,first-negative,TIMEOUT,17,1178.930,163701.305,,,33528,6059370,33312,5967098,23,1,,,,,,,false,
starexec,LAT258+1.p,e1b,occurrence,TIMEOUT,17,1114.576,163947.274,,,19892,7063512,17392,6896725,23,1,,,,,,,false,
starexec,LAT258+1.p,e1b,subsumption-light,TIMEOUT,17,863.141,164130.600,,,11421,3287466,10948,3260102,23,1,,,,,,,false,
starexec,LAT258+1.p,e1b,unary-redundancy,TIMEOUT,17,1068.445,164030.538,,,11448,3297899,10975,3270463,23,1,,,,,,,false,
starexec,LAT258+1.p,e1b,weight-greedy,TIMEOUT,17,845.359,164047.704,,,28505,7045726,22772,6680091,23,1,,,,,,,false,
starexec,LAT287+3.p,e1b,balanced,HARD_TIMEOUT,12371,0.000,,,,,,,,,,,,,,,,false,
starexec,LAT287+3.p,e1b,equational,HARD_TIMEOUT,12371,0.000,,,,,,,,,,,,,,,,false,
starexec,LAT287+3.p,e1b,first-negative,SATURATED,12371,6270.707,1316.824,,,178,194,164,74,74,9,,,,,,,false,
starexec,LAT287+3.p,e1b,occurrence,HARD_TIMEOUT,12371,0.000,,,,,,,,,,,,,,,,false,
starexec,LAT287+3.p,e1b,subsumption-light,HARD_TIMEOUT,12371,0.000,,,,,,,,,,,,,,,,false,
starexec,LAT287+3.p,e1b,unary-redundancy,HARD_TIMEOUT,12371,0.000,,,,,,,,,,,,,,,,false,
starexec,LAT287+3.p,e1b,weight-greedy,HARD_TIMEOUT,12371,0.000,,,,,,,,,,,,,,,,false,
starexec,LAT303+4.p,e1b,age-fair,HARD_TIMEOUT,34684,0.000,,,,,,,,,,,,,,,,false,
starexec,LAT303+4.p,e1b,balanced,HARD_TIMEOUT,34684,0.000,,,,,,,,,,,,,,,,false,
starexec,LAT303+4.p,e1b,equational,HARD_TIMEOUT,34684,0.000,,,,,,,,,,,,,,,,false,
starexec,LAT303+4.p,e1b,first-negative,HARD_TIMEOUT,34684,0.000,,,,,,,,,,,,,,,,false,
starexec,LAT303+4.p,e1b,occurrence,HARD_TIMEOUT,34684,0.000,,,,,,,,,,,,,,,,false,
starexec,LAT303+4.p,e1b,subsumption-light,HARD_TIMEOUT,34684,0.000,,,,,,,,,,,,,,,,false,
starexec,LAT303+4.p,e1b,unary-redundancy,HARD_TIMEOUT,34684,0.000,,,,,,,,,,,,,,,,false,
starexec,LAT303+4.p,e1b,weight-greedy,HARD_TIMEOUT,34684,0.000,,,,,,,,,,,,,,,,false,
starexec,LAT305+3.p,e1b,balanced,HARD_TIMEOUT,13616,0.000,,,,,,,,,,,,,,,,false,
starexec,LAT305+3.p,e1b,equational,HARD_TIMEOUT,13616,0.000,,,,,,,,,,,,,,,,false,
starexec,LAT305+3.p,e1b,first-negative,HARD_TIMEOUT,13616,0.000,,,,,,,,,,,,,,,,false,
starexec,LAT305+3.p,e1b,occurrence,HARD_TIMEOUT,13616,0.000,,,,,,,,,,,,,,,,false,
starexec,LAT305+3.p,e1b,subsumption-light,HARD_TIMEOUT,13616,0.000,,,,,,,,,,,,,,,,false,
starexec,LAT305+3.p,e1b,unary-redundancy,HARD_TIMEOUT,13616,0.000,,,,,,,,,,,,,,,,false,
starexec,LAT351+3.p,e1b,age-fair,HARD_TIMEOUT,17808,0.000,,,,,,,,,,,,,,,,false,
starexec,LAT351+3.p,e1b,balanced,HARD_TIMEOUT,17808,0.000,,,,,,,,,,,,,,,,false,
starexec,LAT351+3.p,e1b,first-negative,HARD_TIMEOUT,17808,0.000,,,,,,,,,,,,,,,,false,
starexec,LAT351+3.p,e1b,occurrence,HARD_TIMEOUT,17808,0.000,,,,,,,,,,,,,,,,false,
starexec,LAT351+3.p,e1b,subsumption-light,HARD_TIMEOUT,17808,0.000,,,,,,,,,,,,,,,,false,
starexec,LAT351+3.p,e1b,unary-redundancy,HARD_TIMEOUT,17808,0.000,,,,,,,,,,,,,,,,false,
starexec,LAT351+3.p,e1b,weight-greedy,HARD_TIMEOUT,17808,0.000,,,,,,,,,,,,,,,,false,
starexec,LCL062+2.p,e1b,age-fair,TIMEOUT,2,841.988,164123.589,,,7305,4669741,6693,4643915,3,0,,,,,,,false,
starexec,LCL062+2.p,e1b,balanced,TIMEOUT,2,351.948,164968.649,,,9543,8598052,8737,8529054,3,0,,,,,,,false,
starexec,LCL062+2.p,e1b,equational,TIMEOUT,2,675.563,164280.124,,,7334,4905922,6769,4858272,3,0,,,,,,,false,
starexec,LCL062+2.p,e1b,first-negative,TIMEOUT,2,919.117,163754.033,,,9182,2352759,8851,2187714,3,0,,,,,,,false,
starexec,LCL062+2.p,e1b,occurrence,TIMEOUT,2,808.720,164200.914,,,7540,5015808,7315,4881261,3,0,,,,,,,false,
starexec,LCL062+2.p,e1b,subsumption-light,TIMEOUT,2,668.036,167105.861,,,6863,4827712,6586,4779140,3,0,,,,,,,false,
starexec,LCL062+2.p,e1b,unary-redundancy,TIMEOUT,2,807.316,167484.011,,,6862,4827026,6585,4778456,3,0,,,,,,,false,
starexec,LCL062+2.p,e1b,weight-greedy,TIMEOUT,2,623.661,164622.926,,,13035,5816006,12511,5342962,3,0,,,,,,,false,
starexec,LCL073+1.p,e1b,age-fair,TIMEOUT,2,847.772,164223.844,,,6723,6193216,6263,6098429,3,3,,,,,,,false,
starexec,LCL073+1.p,e1b,balanced,TIMEOUT,2,386.031,165054.196,,,7429,10925489,6768,10709745,3,3,,,,,,,false,
starexec,LCL073+1.p,e1b,equational,TIMEOUT,2,772.083,164245.771,,,6139,7098859,5750,7003573,3,3,,,,,,,false,
starexec,LCL073+1.p,e1b,first-negative,TIMEOUT,2,929.414,163860.231,,,6795,4242312,5781,3809088,3,3,,,,,,,false,
starexec,LCL073+1.p,e1b,occurrence,TIMEOUT,2,809.461,164239.550,,,6566,8109450,6163,7995693,3,3,,,,,,,false,
starexec,LCL073+1.p,e1b,subsumption-light,TIMEOUT,2,790.967,164217.116,,,7406,3116300,6908,2929503,3,3,,,,,,,false,
starexec,LCL073+1.p,e1b,unary-redundancy,TIMEOUT,2,787.898,164368.205,,,7353,3058555,6858,2874401,3,3,,,,,,,false,
starexec,LCL073+1.p,e1b,weight-greedy,TIMEOUT,2,745.648,164215.805,,,13225,2399949,10619,1937054,3,3,,,,,,,false,
starexec,LCL109+1.p,e1b,age-fair,TIMEOUT,5,724.410,164183.460,,,7040,6958710,6705,6945210,6,0,,,,,,,false,
starexec,LCL109+1.p,e1b,balanced,TIMEOUT,5,313.234,165022.620,,,9260,12103211,8827,12070769,6,0,,,,,,,false,
starexec,LCL109+1.p,e1b,equational,TIMEOUT,5,623.892,165288.516,,,6838,6842798,6456,6816646,6,0,,,,,,,false,
starexec,LCL109+1.p,e1b,first-negative,TIMEOUT,5,781.987,163879.747,,,10774,5070124,10615,4952032,6,0,,,,,,,false,
starexec,LCL109+1.p,e1b,occurrence,TIMEOUT,5,749.135,167298.708,,,6970,7312387,6547,7238205,6,0,,,,,,,false,
starexec,LCL109+1.p,e1b,subsumption-light,TIMEOUT,5,623.152,164156.432,,,3980,2512612,3787,2498454,6,0,,,,,,,false,
starexec,LCL109+1.p,e1b,unary-redundancy,TIMEOUT,5,724.517,164305.966,,,3999,2542638,3806,2528440,6,0,,,,,,,false,
starexec,LCL109+1.p,e1b,weight-greedy,TIMEOUT,5,641.253,164205.270,,,11723,7945016,10738,7585804,6,0,,,,,,,false,
starexec,LCL368+1.p,e1b,age-fair,TIMEOUT,4,745.328,164130.646,,,7939,5308588,7593,5293741,5,0,,,,,,,false,
starexec,LCL368+1.p,e1b,balanced,REFUTED,4,410.780,18272.099,116.598,207.832,3260,1010368,3097,1001632,5,0,179,10121,447,103,5,false,false,
starexec,LCL368+1.p,e1b,equational,TIMEOUT,4,632.589,164172.400,,,8275,5412126,7868,5385234,5,0,,,,,,,false,
starexec,LCL368+1.p,e1b,first-negative,TIMEOUT,4,777.718,164038.179,,,13273,3212784,11803,3091892,5,0,,,,,,,false,
starexec,LCL368+1.p,e1b,occurrence,REFUTED,4,927.469,13180.250,211.644,287.095,1682,237086,1583,227789,5,0,203,11913,496,189,5,false,false,
starexec,LCL368+1.p,e1b,subsumption-light,REFUTED,4,824.620,56814.360,181.137,374.334,3511,1173464,3316,1163892,5,0,170,9512,408,103,5,false,false,
starexec,LCL368+1.p,e1b,unary-redundancy,REFUTED,4,950.773,59574.290,200.882,342.673,3511,1173464,3316,1163892,5,0,176,9674,397,103,5,false,false,
starexec,LCL368+1.p,e1b,weight-greedy,REFUTED,4,794.591,61608.099,260.014,401.085,11090,2521529,10311,2352225,5,0,195,11526,528,169,5,false,false,
starexec,LCL368+2.p,e1b,age-fair,TIMEOUT,2,831.571,164141.747,,,7322,4746910,6762,4720769,3,0,,,,,,,false,
starexec,LCL368+2.p,e1b,balanced,REFUTED,2,453.554,144655.981,63.529,162.218,8709,7353656,8006,7292838,3,0,127,15446,1067,971,3,false,false,
starexec,LCL368+2.p,e1b,equational,TIMEOUT,2,713.849,164165.601,,,7259,4893361,6779,4846801,3,0,,,,,,,false,
starexec,LCL368+2.p,e1b,first-negative,TIMEOUT,2,885.954,163780.563,,,9334,2389269,8973,2219015,3,0,,,,,,,false,
starexec,LCL368+2.p,e1b,occurrence,REFUTED,2,1097.095,61540.855,196.371,461.057,4355,1919113,4248,1854381,3,0,134,16696,1097,971,3,false,false,
starexec,LCL368+2.p,e1b,subsumption-light,TIMEOUT,2,734.911,164252.063,,,7179,4573153,6676,4529521,3,0,,,,,,,false,
starexec,LCL368+2.p,e1b,unary-redundancy,TIMEOUT,2,872.391,164183.311,,,7245,4652736,6713,4608212,3,0,,,,,,,false,
starexec,LCL368+2.p,e1b,weight-greedy,TIMEOUT,2,715.777,164164.322,,,14309,5464014,13825,4947977,3,0,,,,,,,false,
starexec,LCL369+1.p,e1b,age-fair,TIMEOUT,4,712.750,164186.745,,,7895,5274663,7582,5260046,5,0,,,,,,,false,
starexec,LCL369+1.p,e1b,balanced,HARD_TIMEOUT,4,0.000,,,,,,,,,,,,,,,,false,
starexec,LCL369+1.p,e1b,equational,TIMEOUT,4,642.355,164231.231,,,8149,5403568,7761,5376942,5,0,,,,,,,false,
starexec,LCL369+1.p,e1b,first-negative,TIMEOUT,4,828.126,163841.133,,,13179,3075044,11713,2960020,5,0,,,,,,,false,
starexec,LCL369+1.p,e1b,occurrence,TIMEOUT,4,714.825,164166.426,,,8053,6098879,7513,6039742,5,0,,,,,,,false,
starexec,LCL369+1.p,e1b,subsumption-light,TIMEOUT,4,628.301,164221.736,,,6397,3783500,6118,3763392,5,0,,,,,,,false,
starexec,LCL369+1.p,e1b,unary-redundancy,TIMEOUT,4,717.895,164269.843,,,6383,3755309,6104,3735245,5,0,,,,,,,false,
starexec,LCL369+1.p,e1b,weight-greedy,TIMEOUT,4,629.488,164223.228,,,19538,6712069,16832,6389577,5,0,,,,,,,false,
starexec,LCL369+2.p,e1b,age-fair,TIMEOUT,2,843.194,164193.119,,,6901,4850253,6394,4823779,3,0,,,,,,,false,
starexec,LCL369+2.p,e1b,balanced,TIMEOUT,2,357.651,164987.398,,,9433,8441126,8566,8373286,3,0,,,,,,,false,
starexec,LCL369+2.p,e1b,equational,TIMEOUT,2,673.505,164246.387,,,6750,4922819,6246,4874239,3,0,,,,,,,false,
starexec,LCL369+2.p,e1b,first-negative,TIMEOUT,2,884.879,163901.589,,,9064,2320345,8748,2159492,3,0,,,,,,,false,
starexec,LCL369+2.p,e1b,occurrence,TIMEOUT,2,783.163,164237.638,,,7283,4707580,7125,4585233,3,0,,,,,,,false,
starexec,LCL369+2.p,e1b,subsumption-light,TIMEOUT,2,682.304,164279.783,,,6702,4721941,6475,4674611,3,0,,,,,,,false,
starexec,LCL369+2.p,e1b,unary-redundancy,HARD_TIMEOUT,2,0.000,,,,,,,,,,,,,,,,false,
starexec,LCL369+2.p,e1b,weight-greedy,TIMEOUT,2,686.931,164295.753,,,13364,5239575,12958,4751078,3,0,,,,,,,false,
starexec,LCL370+1.p,e1b,age-fair,TIMEOUT,4,717.253,164123.649,,,7820,5238915,7541,5224265,5,0,,,,,,,false,
starexec,LCL370+1.p,e1b,balanced,REFUTED,4,387.950,98801.595,91.250,149.514,9864,7866869,9460,7835061,5,0,219,10532,485,80,5,false,false,
starexec,LCL370+1.p,e1b,equational,REFUTED,4,736.958,116329.861,177.084,272.537,7256,4619146,6945,4594284,5,0,237,11724,542,95,5,false,false,
starexec,LCL370+1.p,e1b,first-negative,TIMEOUT,4,789.234,163801.703,,,13142,3072165,11738,2956221,5,0,,,,,,,false,
starexec,LCL370+1.p,e1b,occurrence,REFUTED,4,878.165,6378.756,135.747,240.313,1231,144043,1152,137286,5,0,179,8391,404,95,5,false,false,
starexec,LCL370+1.p,e1b,subsumption-light,TIMEOUT,4,627.707,164278.994,,,7245,4520840,6830,4496024,5,0,,,,,,,false,
starexec,LCL370+1.p,e1b,unary-redundancy,TIMEOUT,4,719.325,164222.831,,,7304,4604128,6889,4579194,5,0,,,,,,,false,
starexec,LCL370+1.p,e1b,weight-greedy,TIMEOUT,4,600.958,164189.882,,,18203,8748104,17027,8380290,5,0,,,,,,,false,
starexec,LCL372+2.p,e1b,age-fair,TIMEOUT,2,815.717,164022.658,,,7278,4692388,6723,4666483,3,0,,,,,,,false,
starexec,LCL372+2.p,e1b,balanced,TIMEOUT,2,387.807,164958.433,,,9438,8549305,8621,8480237,3,0,,,,,,,false,
starexec,LCL372+2.p,e1b,equational,TIMEOUT,2,676.684,164115.931,,,7261,4923321,6806,4875677,3,0,,,,,,,false,
starexec,LCL372+2.p,e1b,first-negative,TIMEOUT,2,887.303,163742.572,,,9181,2352758,8850,2187714,3,0,,,,,,,false,
starexec,LCL372+2.p,e1b,occurrence,TIMEOUT,2,793.002,164155.256,,,7409,4807369,7208,4683637,3,0,,,,,,,false,
starexec,LCL372+2.p,e1b,subsumption-light,TIMEOUT,2,678.535,164227.769,,,7116,4584273,6678,4540427,3,0,,,,,,,false,
starexec,LCL372+2.p,e1b,unary-redundancy,TIMEOUT,2,844.583,164149.271,,,7173,4652765,6714,4608243,3,0,,,,,,,false,
starexec,LCL372+2.p,e1b,weight-greedy,TIMEOUT,2,687.124,164141.835,,,12534,5384292,12032,4890049,3,0,,,,,,,false,
starexec,LCL373+2.p,e1b,age-fair,TIMEOUT,2,833.474,164141.599,,,7390,4829928,6830,4803560,3,0,,,,,,,false,
starexec,LCL373+2.p,e1b,balanced,TIMEOUT,2,361.451,164981.988,,,9426,8540423,8614,8471335,3,0,,,,,,,false,
starexec,LCL373+2.p,e1b,equational,TIMEOUT,2,687.616,167195.779,,,7280,4966906,6824,4919130,3,0,,,,,,,false,
starexec,LCL373+2.p,e1b,first-negative,TIMEOUT,2,851.204,163831.100,,,9390,2402513,9017,2230249,3,0,,,,,,,false,
starexec,LCL373+2.p,e1b,occurrence,TIMEOUT,2,555.524,164708.659,,,9106,7312829,8805,7139392,3,0,,,,,,,false,
starexec,LCL373+2.p,e1b,subsumption-light,TIMEOUT,2,699.371,164159.336,,,7243,4740226,6764,4695104,3,0,,,,,,,false,
starexec,LCL373+2.p,e1b,unary-redundancy,TIMEOUT,2,803.697,164157.908,,,7248,4743943,6768,4698807,3,0,,,,,,,false,
starexec,LCL373+2.p,e1b,weight-greedy,TIMEOUT,2,692.956,164198.624,,,13145,5327850,12747,4822965,3,0,,,,,,,false,
starexec,LCL374+1.p,e1b,age-fair,TIMEOUT,4,737.968,164136.672,,,7897,5250243,7576,5235627,5,0,,,,,,,false,
starexec,LCL374+1.p,e1b,balanced,HARD_TIMEOUT,4,0.000,,,,,,,,,,,,,,,,false,
starexec,LCL374+1.p,e1b,equational,TIMEOUT,4,619.044,164218.193,,,8329,5435407,7935,5407419,5,0,,,,,,,false,
starexec,LCL374+1.p,e1b,first-negative,TIMEOUT,4,782.176,163830.489,,,12596,3305889,10681,3181075,5,0,,,,,,,false,
starexec,LCL374+1.p,e1b,occurrence,TIMEOUT,4,711.358,164127.618,,,8094,5969265,7653,5905078,5,0,,,,,,,false,
starexec,LCL374+1.p,e1b,subsumption-light,TIMEOUT,4,648.612,164189.711,,,6413,3759332,6149,3739106,5,0,,,,,,,false,
starexec,LCL374+1.p,e1b,unary-redundancy,TIMEOUT,4,721.271,164110.966,,,6439,3782824,6173,3762496,5,0,,,,,,,false,
starexec,LCL374+1.p,e1b,weight-greedy,TIMEOUT,4,616.735,164186.353,,,19120,6950957,18194,6597950,5,0,,,,,,,false,
starexec,LCL375+1.p,e1b,age-fair,TIMEOUT,4,736.217,164171.327,,,7813,5218440,7538,5203801,5,0,,,,,,,false,
starexec,LCL375+1.p,e1b,balanced,TIMEOUT,4,215.195,165344.202,,,10882,9682883,10456,9648599,5,0,,,,,,,false,
starexec,LCL375+1.p,e1b,equational,TIMEOUT,4,625.636,164179.686,,,8201,5575128,7868,5548044,5,0,,,,,,,false,
starexec,LCL375+1.p,e1b,first-negative,TIMEOUT,4,706.761,163873.348,,,13087,3054010,11622,2939586,5,0,,,,,,,false,
starexec,LCL375+1.p,e1b,occurrence,TIMEOUT,4,471.116,164770.157,,,9145,8022848,8606,7954466,5,0,,,,,,,false,
starexec,LCL375+1.p,e1b,subsumption-light,TIMEOUT,4,607.169,164238.272,,,6358,3755395,6085,3735357,5,0,,,,,,,false,
starexec,LCL375+1.p,e1b,unary-redundancy,TIMEOUT,4,692.675,164221.984,,,6294,3689279,6022,3669517,5,0,,,,,,,false,
starexec,LCL375+1.p,e1b,weight-greedy,TIMEOUT,4,432.435,164823.724,,,18925,7110784,16574,6754275,5,0,,,,,,,false,
starexec,LCL382+1.p,e1b,age-fair,TIMEOUT,4,363.062,166663.267,,,10278,9017668,9939,8998650,5,0,,,,,,,false,
starexec,LCL382+1.p,e1b,balanced,REFUTED,4,461.507,149482.447,107.554,203.304,10385,8730000,9938,8696878,5,0,207,10132,476,91,5,false,false,
starexec,LCL382+1.p,e1b,equational,REFUTED,4,443.498,74605.805,132.584,203.437,7257,4619575,6931,4594745,5,0,219,10894,510,95,5,false,false,
starexec,LCL382+1.p,e1b,first-negative,TIMEOUT,4,391.839,164885.681,,,15633,4492547,13970,4335977,5,0,,,,,,,false,
starexec,LCL382+1.p,e1b,occurrence,REFUTED,4,498.005,6154.543,105.213,153.546,1525,227137,1426,218520,5,0,189,8920,413,95,5,false,false,
starexec,LCL382+1.p,e1b,subsumption-light,TIMEOUT,4,342.367,164992.247,,,8564,6042151,8208,6014099,5,0,,,,,,,false,
starexec,LCL382+1.p,e1b,unary-redundancy,TIMEOUT,4,400.742,165010.967,,,8528,5993919,8172,5965939,5,0,,,,,,,false,
starexec,LCL382+1.p,e1b,weight-greedy,REFUTED,4,464.510,149732.400,190.093,287.111,17462,10150889,16250,9749583,5,0,288,15389,712,127,5,false,false,
starexec,LCL382+2.p,e1b,age-fair,TIMEOUT,2,851.159,164246.735,,,7277,4820358,6788,4794002,3,0,,,,,,,false,
starexec,LCL382+2.p,e1b,balanced,TIMEOUT,2,362.577,165039.786,,,9936,9476178,9214,9398090,3,0,,,,,,,false,
starexec,LCL382+2.p,e1b,equational,TIMEOUT,2,691.599,164208.760,,,7442,5153022,6964,5103318,3,0,,,,,,,false,
starexec,LCL382+2.p,e1b,first-negative,TIMEOUT,2,881.796,163836.528,,,9584,2418854,9199,2244195,3,0,,,,,,,false,
starexec,LCL382+2.p,e1b,occurrence,TIMEOUT,2,821.332,164155.041,,,7668,5270937,7462,5142640,3,0,,,,,,,false,
starexec,LCL382+2.p,e1b,subsumption-light,TIMEOUT,2,685.609,164188.388,,,7462,5029189,6968,4981507,3,0,,,,,,,false,
starexec,LCL382+2.p,e1b,unary-redundancy,TIMEOUT,2,823.550,164185.379,,,7097,4610854,6653,4566936,3,0,,,,,,,false,
starexec,LCL382+2.p,e1b,weight-greedy,TIMEOUT,2,672.361,165800.418,,,11919,5945858,11375,5426132,3,0,,,,,,,false,
starexec,LCL383+1.p,e1b,age-fair,TIMEOUT,4,711.443,164268.816,,,8024,5332110,7656,5316864,5,0,,,,,,,false,
starexec,LCL383+1.p,e1b,balanced,TIMEOUT,4,302.951,165049.974,,,10824,9495701,10457,9462119,5,0,,,,,,,false,
starexec,LCL383+1.p,e1b,equational,REFUTED,4,852.897,138899.536,266.708,418.286,7659,4851651,7325,4825425,5,0,227,13299,536,115,5,false,false,
starexec,LCL383+1.p,e1b,first-negative,TIMEOUT,4,790.632,163890.323,,,12595,3303176,10681,3178408,5,0,,,,,,,false,
starexec,LCL383+1.p,e1b,occurrence,REFUTED,4,966.256,10403.352,253.589,325.213,1461,180095,1365,171893,5,0,178,9785,422,107,5,false,false,
starexec,LCL383+1.p,e1b,subsumption-light,TIMEOUT,4,587.351,164240.723,,,6434,3793561,6170,3773115,5,0,,,,,,,false,
starexec,LCL383+1.p,e1b,unary-redundancy,TIMEOUT,4,655.043,164211.433,,,6339,3703375,6081,3683586,5,0,,,,,,,false,
starexec,LCL383+1.p,e1b,weight-greedy,TIMEOUT,4,619.677,164286.202,,,16426,6717747,15060,6379564,5,0,,,,,,,false,
starexec,LCL390+2.p,e1b,age-fair,TIMEOUT,2,819.139,164343.438,,,7316,4750409,6759,4724156,3,0,,,,,,,false,
starexec,LCL390+2.p,e1b,balanced,TIMEOUT,2,332.083,165082.693,,,9585,8707574,8725,8637316,3,0,,,,,,,false,
starexec,LCL390+2.p,e1b,equational,TIMEOUT,2,648.981,164285.377,,,7183,4844743,6737,4798249,3,0,,,,,,,false,
starexec,LCL390+2.p,e1b,first-negative,TIMEOUT,2,888.889,163862.214,,,9060,2319559,8744,2158818,3,0,,,,,,,false,
starexec,LCL390+2.p,e1b,occurrence,TIMEOUT,2,782.842,164260.218,,,7404,4826481,7180,4703019,3,0,,,,,,,false,
starexec,LCL390+2.p,e1b,subsumption-light,TIMEOUT,2,640.210,164255.890,,,7070,4593703,6662,4549327,3,0,,,,,,,false,
starexec,LCL390+2.p,e1b,unary-redundancy,TIMEOUT,2,795.425,164249.712,,,7089,4618673,6676,4573915,3,0,,,,,,,false,
starexec,LCL390+2.p,e1b,weight-greedy,TIMEOUT,2,639.390,164261.495,,,11861,5272217,11497,4799598,3,0,,,,,,,false,
starexec,LCL391+2.p,e1b,age-fair,TIMEOUT,2,770.985,164124.012,,,7175,4709896,6694,4684011,3,0,,,,,,,false,
starexec,LCL391+2.p,e1b,balanced,TIMEOUT,2,248.730,165346.121,,,9501,8704445,8800,8633869,3,0,,,,,,,false,
starexec,LCL391+2.p,e1b,equational,TIMEOUT,2,699.038,164219.803,,,7209,4872196,6765,4824560,3,0,,,,,,,false,
starexec,LCL391+2.p,e1b,first-negative,TIMEOUT,2,697.553,163739.728,,,9177,2351972,8848,2187040,3,0,,,,,,,false,
starexec,LCL391+2.p,e1b,occurrence,TIMEOUT,2,554.076,164770.929,,,7427,4904688,7219,4780221,3,0,,,,,,,false,
starexec,LCL391+2.p,e1b,subsumption-light,TIMEOUT,2,654.142,164171.151,,,7122,4651270,6677,4606790,3,0,,,,,,,false,
starexec,LCL391+2.p,e1b,unary-redundancy,TIMEOUT,2,822.323,164160.754,,,7118,4643865,6674,4599413,3,0,,,,,,,false,
starexec,LCL391+2.p,e1b,weight-greedy,TIMEOUT,2,453.449,164831.100,,,11003,5614980,10430,5145455,3,0,,,,,,,false,
starexec,LCL392+2.p,e1b,age-fair,TIMEOUT,2,795.826,164194.958,,,7216,4729525,6734,4703608,3,0,,,,,,,false,
starexec,LCL392+2.p,e1b,balanced,TIMEOUT,2,355.503,165034.682,,,9505,8658043,8687,8588781,3,0,,,,,,,false,
starexec,LCL392+2.p,e1b,equational,TIMEOUT,2,673.948,164271.798,,,7192,4839181,6741,4792715,3,0,,,,,,,false,
starexec,LCL392+2.p,e1b,first-negative,TIMEOUT,2,892.260,163839.391,,,9095,2331468,8779,2169749,3,0,,,,,,,false,
starexec,LCL392+2.p,e1b,occurrence,TIMEOUT,2,821.367,164222.308,,,7340,4734711,7123,4612199,3,0,,,,,,,false,
starexec,LCL392+2.p,e1b,subsumption-light,TIMEOUT,2,676.400,164226.426,,,7036,4508519,6611,4465159,3,0,,,,,,,false,
starexec,LCL392+2.p,e1b,unary-redundancy,TIMEOUT,2,795.478,164268.376,,,7117,4599156,6673,4555122,3,0,,,,,,,false,
starexec,LCL392+2.p,e1b,weight-greedy,TIMEOUT,2,659.894,164218.826,,,12870,5364309,12434,4868326,3,0,,,,,,,false,
starexec,LCL393+1.p,e1b,age-fair,TIMEOUT,4,715.439,164259.303,,,7957,5367753,7632,5352992,5,0,,,,,,,false,
starexec,LCL393+1.p,e1b,balanced,TIMEOUT,4,337.854,165045.273,,,10957,9648349,10479,9614059,5,0,,,,,,,false,
starexec,LCL393+1.p,e1b,equational,TIMEOUT,4,645.858,164268.182,,,8208,5552408,7806,5525468,5,0,,,,,,,false,
starexec,LCL393+1.p,e1b,first-negative,TIMEOUT,4,751.724,164611.418,,,13264,3176386,11794,3058166,5,0,,,,,,,false,
starexec,LCL393+1.p,e1b,occurrence,TIMEOUT,4,716.397,164199.038,,,8006,6156424,7530,6097292,5,0,,,,,,,false,
starexec,LCL393+1.p,e1b,subsumption-light,TIMEOUT,4,665.535,164215.129,,,6376,3788792,6108,3768660,5,0,,,,,,,false,
starexec,LCL393+1.p,e1b,unary-redundancy,TIMEOUT,4,736.374,164180.934,,,6350,3764804,6082,3744784,5,0,,,,,,,false,
starexec,LCL393+1.p,e1b,weight-greedy,TIMEOUT,4,622.915,164151.055,,,16954,6670702,15808,6345014,5,0,,,,,,,false,
starexec,LCL393+2.p,e1b,age-fair,TIMEOUT,2,868.567,164415.702,,,6862,4812352,6355,4786021,3,0,,,,,,,false,
starexec,LCL393+2.p,e1b,balanced,TIMEOUT,2,345.994,165078.531,,,9370,8357122,8503,8289454,3,0,,,,,,,false,
starexec,LCL393+2.p,e1b,equational,TIMEOUT,2,736.290,164226.765,,,6779,4974263,6275,4925503,3,0,,,,,,,false,
starexec,LCL393+2.p,e1b,first-negative,TIMEOUT,2,954.328,163818.748,,,8972,2300972,8684,2142688,3,0,,,,,,,false,
starexec,LCL393+2.p,e1b,occurrence,TIMEOUT,2,850.529,164238.325,,,7208,4642402,7042,4521775,3,0,,,,,,,false,
starexec,LCL393+2.p,e1b,subsumption-light,TIMEOUT,2,722.540,164219.763,,,6595,4638309,6373,4591633,3,0,,,,,,,false,
starexec,LCL393+2.p,e1b,unary-redundancy,TIMEOUT,2,807.534,164178.654,,,6702,4733988,6476,4686626,3,0,,,,,,,false,
starexec,LCL393+2.p,e1b,weight-greedy,TIMEOUT,2,711.177,164411.972,,,12825,5212099,12235,4733530,3,0,,,,,,,false,
starexec,LCL395+1.p,e1b,age-fair,TIMEOUT,4,482.676,164835.979,,,8565,6288925,8242,6273261,5,0,,,,,,,false,
starexec,LCL395+1.p,e1b,balanced,HARD_TIMEOUT,4,0.000,,,,,,,,,,,,,,,,false,
starexec,LCL395+1.p,e1b,equational,TIMEOUT,4,582.396,164776.221,,,8250,5477712,7845,5450012,5,0,,,,,,,false,
starexec,LCL395+1.p,e1b,first-negative,TIMEOUT,4,516.482,164583.555,,,13531,3426567,12100,3297867,5,0,,,,,,,false,
starexec,LCL395+1.p,e1b,occurrence,TIMEOUT,4,475.433,164837.359,,,8699,7201346,8187,7134539,5,0,,,,,,,false,
starexec,LCL395+1.p,e1b,subsumption-light,TIMEOUT,4,566.687,164304.543,,,6313,3703001,6044,3683129,5,0,,,,,,,false,
starexec,LCL395+1.p,e1b,unary-redundancy,TIMEOUT,4,439.813,164802.209,,,7138,4529893,6807,4505471,5,0,,,,,,,false,
starexec,LCL395+1.p,e1b,weight-greedy,TIMEOUT,4,573.539,164237.720,,,16497,6466099,15099,6124461,5,0,,,,,,,false,
starexec,LCL395+2.p,e1b,age-fair,TIMEOUT,2,822.255,164119.951,,,7059,4941166,6457,4914645,3,0,,,,,,,false,
starexec,LCL395+2.p,e1b,balanced,TIMEOUT,2,338.485,165063.804,,,9492,8645113,8687,8575537,3,0,,,,,,,false,
starexec,LCL395+2.p,e1b,equational,TIMEOUT,2,680.113,168068.100,,,6825,5029020,6340,4979992,3,0,,,,,,,false,
starexec,LCL395+2.p,e1b,first-negative,TIMEOUT,2,873.943,163841.901,,,9267,2373392,8920,2205437,3,0,,,,,,,false,
starexec,LCL395+2.p,e1b,occurrence,TIMEOUT,2,844.913,164124.820,,,7451,4941835,7266,4816778,3,0,,,,,,,false,
starexec,LCL395+2.p,e1b,subsumption-light,TIMEOUT,2,708.038,164617.551,,,6866,4821807,6586,4774211,3,0,,,,,,,false,
starexec,LCL395+2.p,e1b,unary-redundancy,TIMEOUT,2,871.940,164460.827,,,6866,4821807,6586,4774211,3,0,,,,,,,false,
starexec,LCL395+2.p,e1b,weight-greedy,TIMEOUT,2,700.621,164200.247,,,13385,5563378,12787,5074558,3,0,,,,,,,false,
starexec,LCL484+1.p,e1b,age-fair,REFUTED,44,2360.602,1021.832,82.237,7516.736,123,804,90,677,74,55,1443,1191907,2871,1818,45,false,false,
starexec,LCL484+1.p,e1b,balanced,REFUTED,44,1561.045,554.653,67.433,6816.898,85,156,71,74,74,55,1400,1190894,2945,1818,45,false,false,
starexec,LCL484+1.p,e1b,equational,REFUTED,44,2749.236,1068.128,115.591,12345.275,133,325,118,185,74,55,1400,1190894,2945,1818,45,false,false,
starexec,LCL484+1.p,e1b,first-negative,REFUTED,44,2250.512,660.792,104.255,8060.316,68,92,56,74,74,55,1443,1191907,2871,1818,45,false,false,
starexec,LCL484+1.p,e1b,occurrence,REFUTED,44,2077.954,681.199,78.305,8064.009,94,139,89,74,74,55,1443,1191907,2871,1818,45,false,false,
starexec,LCL484+1.p,e1b,subsumption-light,REFUTED,44,2725.222,950.044,131.614,12447.178,85,156,71,74,74,55,1400,1190894,2945,1818,45,false,false,
starexec,LCL484+1.p,e1b,unary-redundancy,REFUTED,44,2132.521,673.345,73.362,7695.123,85,156,71,74,74,55,1443,1191907,2871,1818,45,false,false,
starexec,LCL484+1.p,e1b,weight-greedy,REFUTED,44,2759.412,772.682,110.270,12756.785,60,105,56,74,74,55,1400,1190894,2945,1818,45,false,false,
starexec,LCL556+1.p,e1b,age-fair,HARD_TIMEOUT,76,0.000,,,,,,,,,,,,,,,,false,
starexec,LCL556+1.p,e1b,balanced,TIMEOUT,76,871.289,164860.204,,,23364,9753725,18061,9686961,135,94,,,,,,,false,
starexec,LCL556+1.p,e1b,equational,TIMEOUT,76,1702.149,166526.945,,,20449,5905511,17657,5840727,135,94,,,,,,,false,
starexec,LCL556+1.p,e1b,first-negative,TIMEOUT,76,2602.459,163526.278,,,6896,4555691,6155,4530441,135,94,,,,,,,false,
starexec,LCL556+1.p,e1b,occurrence,TIMEOUT,76,2468.543,163886.386,,,15059,5318485,11663,5245205,135,94,,,,,,,false,
starexec,LCL556+1.p,e1b,subsumption-light,TIMEOUT,76,1722.011,163939.002,,,15852,4803514,11445,4757346,135,94,,,,,,,false,
starexec,LCL556+1.p,e1b,unary-redundancy,HARD_TIMEOUT,76,0.000,,,,,,,,,,,,,,,,false,
starexec,LCL556+1.p,e1b,weight-greedy,TIMEOUT,76,1681.384,163876.849,,,11546,4968838,10344,4865765,135,94,,,,,,,false,
starexec,LCL638+1.020.p,e1b,age-fair,HARD_TIMEOUT,0,0.000,,,,,,,,,,,,,,,,false,
starexec,LCL638+1.020.p,e1b,balanced,HARD_TIMEOUT,0,0.000,,,,,,,,,,,,,,,,false,
starexec,LCL638+1.020.p,e1b,equational,HARD_TIMEOUT,0,0.000,,,,,,,,,,,,,,,,false,
starexec,LCL638+1.020.p,e1b,first-negative,HARD_TIMEOUT,0,0.000,,,,,,,,,,,,,,,,false,
starexec,LCL638+1.020.p,e1b,occurrence,HARD_TIMEOUT,0,0.000,,,,,,,,,,,,,,,,false,
starexec,LCL638+1.020.p,e1b,subsumption-light,HARD_TIMEOUT,0,0.000,,,,,,,,,,,,,,,,false,
starexec,LCL638+1.020.p,e1b,unary-redundancy,HARD_TIMEOUT,0,0.000,,,,,,,,,,,,,,,,false,
starexec,LCL638+1.020.p,e1b,weight-greedy,HARD_TIMEOUT,0,0.000,,,,,,,,,,,,,,,,false,
starexec,LCL646+1.010.p,e1b,balanced,HARD_TIMEOUT,0,0.000,,,,,,,,,,,,,,,,false,
starexec,LCL646+1.010.p,e1b,equational,HARD_TIMEOUT,0,0.000,,,,,,,,,,,,,,,,false,
starexec,LCL646+1.010.p,e1b,first-negative,HARD_TIMEOUT,0,0.000,,,,,,,,,,,,,,,,false,
starexec,LCL646+1.010.p,e1b,occurrence,HARD_TIMEOUT,0,0.000,,,,,,,,,,,,,,,,false,
starexec,LCL646+1.010.p,e1b,subsumption-light,HARD_TIMEOUT,0,0.000,,,,,,,,,,,,,,,,false,
starexec,LCL646+1.010.p,e1b,unary-redundancy,HARD_TIMEOUT,0,0.000,,,,,,,,,,,,,,,,false,
starexec,LCL646+1.010.p,e1b,weight-greedy,HARD_TIMEOUT,0,0.000,,,,,,,,,,,,,,,,false,
starexec,LCL646+1.015.p,e1b,age-fair,HARD_TIMEOUT,0,0.000,,,,,,,,,,,,,,,,false,
starexec,LCL646+1.015.p,e1b,balanced,HARD_TIMEOUT,0,0.000,,,,,,,,,,,,,,,,false,
starexec,LCL646+1.015.p,e1b,first-negative,HARD_TIMEOUT,0,0.000,,,,,,,,,,,,,,,,false,
starexec,LCL646+1.015.p,e1b,occurrence,HARD_TIMEOUT,0,0.000,,,,,,,,,,,,,,,,false,
starexec,LCL646+1.015.p,e1b,subsumption-light,HARD_TIMEOUT,0,0.000,,,,,,,,,,,,,,,,false,
starexec,LCL646+1.015.p,e1b,unary-redundancy,HARD_TIMEOUT,0,0.000,,,,,,,,,,,,,,,,false,
starexec,LCL646+1.015.p,e1b,weight-greedy,HARD_TIMEOUT,0,0.000,,,,,,,,,,,,,,,,false,
starexec,LCL648+1.010.p,e1b,age-fair,HARD_TIMEOUT,0,0.000,,,,,,,,,,,,,,,,false,
starexec,LCL648+1.010.p,e1b,balanced,HARD_TIMEOUT,0,0.000,,,,,,,,,,,,,,,,false,
starexec,LCL648+1.010.p,e1b,equational,HARD_TIMEOUT,0,0.000,,,,,,,,,,,,,,,,false,
starexec,LCL648+1.010.p,e1b,first-negative,HARD_TIMEOUT,0,0.000,,,,,,,,,,,,,,,,false,
starexec,LCL648+1.010.p,e1b,occurrence,HARD_TIMEOUT,0,0.000,,,,,,,,,,,,,,,,false,
starexec,LCL648+1.010.p,e1b,subsumption-light,HARD_TIMEOUT,0,0.000,,,,,,,,,,,,,,,,false,
starexec,LCL648+1.010.p,e1b,unary-redundancy,HARD_TIMEOUT,0,0.000,,,,,,,,,,,,,,,,false,
starexec,LCL648+1.010.p,e1b,weight-greedy,HARD_TIMEOUT,0,0.000,,,,,,,,,,,,,,,,false,
starexec,LCL650+1.010.p,e1b,age-fair,HARD_TIMEOUT,0,0.000,,,,,,,,,,,,,,,,false,
starexec,LCL650+1.010.p,e1b,balanced,TIMEOUT,0,1583.466,165637.004,,,6270,111547,6196,105261,220,126,,,,,,,false,
starexec,LCL650+1.010.p,e1b,equational,HARD_TIMEOUT,0,0.000,,,,,,,,,,,,,,,,false,
starexec,LCL650+1.010.p,e1b,first-negative,HARD_TIMEOUT,0,0.000,,,,,,,,,,,,,,,,false,
starexec,LCL650+1.010.p,e1b,occurrence,HARD_TIMEOUT,0,0.000,,,,,,,,,,,,,,,,false,
starexec,LCL650+1.010.p,e1b,subsumption-light,HARD_TIMEOUT,0,0.000,,,,,,,,,,,,,,,,false,
starexec,LCL650+1.010.p,e1b,unary-redundancy,HARD_TIMEOUT,0,0.000,,,,,,,,,,,,,,,,false,
starexec,LCL650+1.010.p,e1b,weight-greedy,TIMEOUT,0,2948.517,163885.844,,,48775,212106,48169,161682,220,126,,,,,,,false,
starexec,LCL652+1.010.p,e1b,age-fair,HARD_TIMEOUT,0,0.000,,,,,,,,,,,,,,,,false,
starexec,LCL652+1.010.p,e1b,balanced,TIMEOUT,0,2299.603,164686.460,,,73656,5043336,69584,4950164,181,110,,,,,,,false,
starexec,LCL652+1.010.p,e1b,equational,TIMEOUT,0,4121.294,163507.455,,,59604,3302086,56359,3227139,181,110,,,,,,,false,
starexec,LCL652+1.010.p,e1b,first-negative,HARD_TIMEOUT,0,0.000,,,,,,,,,,,,,,,,false,
starexec,LCL652+1.010.p,e1b,occurrence,HARD_TIMEOUT,0,0.000,,,,,,,,,,,,,,,,false,
starexec,LCL652+1.010.p,e1b,subsumption-light,TIMEOUT,0,4145.733,163618.401,,,26431,490852,25059,458288,181,110,,,,,,,false,
starexec,LCL652+1.010.p,e1b,unary-redundancy,HARD_TIMEOUT,0,0.000,,,,,,,,,,,,,,,,false,
starexec,LCL652+1.010.p,e1b,weight-greedy,TIMEOUT,0,4011.422,163501.007,,,53041,1070230,44210,1010732,181,110,,,,,,,false,
starexec,LCL662+1.020.p,e1b,age-fair,CLAUSIFY_ERR(StackOverflowError),1,228.603,,,,,,,,,,,,,,,,false,
starexec,LCL662+1.020.p,e1b,balanced,HARD_TIMEOUT,1,0.000,,,,,,,,,,,,,,,,false,
starexec,LCL662+1.020.p,e1b,equational,HARD_TIMEOUT,1,0.000,,,,,,,,,,,,,,,,false,
starexec,LCL662+1.020.p,e1b,first-negative,CLAUSIFY_ERR(StackOverflowError),1,177.837,,,,,,,,,,,,,,,,false,
starexec,LCL662+1.020.p,e1b,occurrence,CLAUSIFY_ERR(StackOverflowError),1,226.124,,,,,,,,,,,,,,,,false,
starexec,LCL662+1.020.p,e1b,subsumption-light,HARD_TIMEOUT,1,0.000,,,,,,,,,,,,,,,,false,
starexec,LCL662+1.020.p,e1b,unary-redundancy,CLAUSIFY_ERR(StackOverflowError),1,234.316,,,,,,,,,,,,,,,,false,
starexec,LCL662+1.020.p,e1b,weight-greedy,HARD_TIMEOUT,1,0.000,,,,,,,,,,,,,,,,false,
starexec,LCL664+1.010.p,e1b,first-negative,HARD_TIMEOUT,1,0.000,,,,,,,,,,,,,,,,false,
starexec,LCL664+1.010.p,e1b,occurrence,HARD_TIMEOUT,1,0.000,,,,,,,,,,,,,,,,false,
starexec,LCL664+1.010.p,e1b,subsumption-light,HARD_TIMEOUT,1,0.000,,,,,,,,,,,,,,,,false,
starexec,LCL664+1.010.p,e1b,unary-redundancy,HARD_TIMEOUT,1,0.000,,,,,,,,,,,,,,,,false,
starexec,LCL664+1.010.p,e1b,weight-greedy,HARD_TIMEOUT,1,0.000,,,,,,,,,,,,,,,,false,
starexec,LCL666+1.010.p,e1b,age-fair,HARD_TIMEOUT,1,0.000,,,,,,,,,,,,,,,,false,
starexec,LCL666+1.010.p,e1b,balanced,HARD_TIMEOUT,1,0.000,,,,,,,,,,,,,,,,false,
starexec,LCL666+1.010.p,e1b,equational,HARD_TIMEOUT,1,0.000,,,,,,,,,,,,,,,,false,
starexec,LCL666+1.010.p,e1b,first-negative,HARD_TIMEOUT,1,0.000,,,,,,,,,,,,,,,,false,
starexec,LCL666+1.010.p,e1b,occurrence,HARD_TIMEOUT,1,0.000,,,,,,,,,,,,,,,,false,
starexec,LCL666+1.010.p,e1b,subsumption-light,HARD_TIMEOUT,1,0.000,,,,,,,,,,,,,,,,false,
starexec,LCL666+1.010.p,e1b,unary-redundancy,HARD_TIMEOUT,1,0.000,,,,,,,,,,,,,,,,false,
starexec,LCL666+1.010.p,e1b,weight-greedy,HARD_TIMEOUT,1,0.000,,,,,,,,,,,,,,,,false,
starexec,LCL688+1.001.p,e1b,age-fair,REFUTED,2,1892.716,97990.139,72.497,2316.992,22922,4211097,21106,4163504,28,16,547,492172,1830,4465,3,false,false,
starexec,LCL688+1.001.p,e1b,balanced,REFUTED,2,1024.614,21929.749,82.374,2158.033,12878,691398,12102,664502,28,16,539,515548,1711,5041,3,false,false,
starexec,LCL688+1.001.p,e1b,equational,REFUTED,2,2191.810,21715.100,136.256,5052.956,7861,369396,7222,353114,28,16,539,515548,1711,5041,3,false,false,
starexec,LCL688+1.001.p,e1b,first-negative,REFUTED,2,2876.062,4322.396,139.098,4728.886,1781,18521,1699,15453,28,16,547,492161,1832,4465,3,false,false,
starexec,LCL688+1.001.p,e1b,occurrence,REFUTED,2,2286.271,10287.434,144.817,2645.880,4139,71225,3893,61548,28,16,532,471674,1821,4465,3,false,false,
starexec,LCL688+1.001.p,e1b,subsumption-light,REFUTED,2,2203.494,18484.535,144.445,5013.372,4574,139330,3823,129128,28,16,537,512571,1706,5041,3,false,false,
starexec,LCL688+1.001.p,e1b,unary-redundancy,REFUTED,2,2298.033,7471.379,127.678,4275.761,1644,30132,1489,27102,28,16,532,471659,1818,4465,3,false,false,
starexec,LCL688+1.001.p,e1b,weight-greedy,REFUTED,2,2324.359,7004.278,150.059,6173.943,2776,45938,2250,40484,28,16,568,558754,1718,5041,3,false,false,
starexec,LCL688+1.015.p,e1b,age-fair,HARD_TIMEOUT,2,0.000,,,,,,,,,,,,,,,,false,
starexec,LCL688+1.015.p,e1b,balanced,TIMEOUT,2,3206.780,164481.988,,,30460,17469964,22534,17424100,294,184,,,,,,,false,
starexec,LCL688+1.015.p,e1b,equational,HARD_TIMEOUT,2,0.000,,,,,,,,,,,,,,,,false,
starexec,LCL688+1.015.p,e1b,first-negative,HARD_TIMEOUT,2,0.000,,,,,,,,,,,,,,,,false,
starexec,LCL688+1.015.p,e1b,occurrence,HARD_TIMEOUT,2,0.000,,,,,,,,,,,,,,,,false,
starexec,LCL688+1.015.p,e1b,subsumption-light,HARD_TIMEOUT,2,0.000,,,,,,,,,,,,,,,,false,
starexec,LCL688+1.015.p,e1b,unary-redundancy,HARD_TIMEOUT,2,0.000,,,,,,,,,,,,,,,,false,
starexec,LCL891+1.p,e1b,age-fair,TIMEOUT,12,1020.923,164272.819,,,1374,4419362,1348,4415171,16,3,,,,,,,false,
starexec,LCL891+1.p,e1b,balanced,TIMEOUT,12,410.785,165000.721,,,1877,7142398,1809,7133808,16,3,,,,,,,false,
starexec,LCL891+1.p,e1b,equational,TIMEOUT,12,832.508,164905.464,,,1627,4508362,1560,4500544,16,3,,,,,,,false,
starexec,LCL891+1.p,e1b,first-negative,TIMEOUT,12,1106.991,164347.247,,,1081,3708508,1022,3703182,16,3,,,,,,,false,
starexec,LCL891+1.p,e1b,occurrence,TIMEOUT,12,963.514,164179.884,,,2744,6323167,2616,6291340,16,3,,,,,,,false,
starexec,LCL891+1.p,e1b,subsumption-light,TIMEOUT,12,867.576,164655.475,,,1624,4470562,1553,4462754,16,3,,,,,,,false,
starexec,LCL891+1.p,e1b,unary-redundancy,TIMEOUT,12,952.051,164787.307,,,1583,4447172,1539,4439544,16,3,,,,,,,false,
starexec,LCL891+1.p,e1b,weight-greedy,TIMEOUT,12,829.603,164102.843,,,4355,7077658,4049,6947351,16,3,,,,,,,false,
starexec,LCL898+1.p,e1b,balanced,TIMEOUT,14,407.581,165239.269,,,6436,12359319,6138,12330449,16,2,,,,,,,false,
starexec,LCL898+1.p,e1b,equational,TIMEOUT,14,777.774,164162.378,,,5534,6611364,5246,6586334,16,2,,,,,,,false,
starexec,LCL898+1.p,e1b,first-negative,TIMEOUT,14,1051.423,163864.516,,,1705,5567255,1653,5555205,16,2,,,,,,,false,
starexec,LCL898+1.p,e1b,occurrence,TIMEOUT,14,920.853,164368.074,,,6933,7116006,6604,7041339,16,2,,,,,,,false,
starexec,LCL898+1.p,e1b,subsumption-light,TIMEOUT,14,804.048,164170.356,,,5163,5266172,4896,5242486,16,2,,,,,,,false,
starexec,LCL898+1.p,e1b,unary-redundancy,TIMEOUT,14,969.756,164244.467,,,5104,5196818,4860,5173484,16,2,,,,,,,false,
starexec,LCL898+1.p,e1b,weight-greedy,TIMEOUT,14,800.226,166137.372,,,4413,7573740,4044,7370299,16,2,,,,,,,false,
starexec,LCL901+1.p,e1b,age-fair,TIMEOUT,14,925.160,164111.359,,,3867,6957685,3691,6942507,16,1,,,,,,,false,
starexec,LCL901+1.p,e1b,balanced,REFUTED,14,551.297,105509.921,106.820,419.939,4227,8175768,4032,8149800,16,1,304,18360,754,211,15,false,false,
starexec,LCL901+1.p,e1b,equational,TIMEOUT,14,808.151,164108.053,,,3866,6919828,3688,6896208,16,1,,,,,,,false,
starexec,LCL901+1.p,e1b,first-negative,TIMEOUT,14,977.552,163884.049,,,1394,5313500,1308,5296100,16,1,,,,,,,false,
starexec,LCL901+1.p,e1b,occurrence,REFUTED,14,1217.074,13496.399,181.404,713.407,789,197608,730,186888,16,1,292,16578,676,211,15,false,false,
starexec,LCL901+1.p,e1b,subsumption-light,TIMEOUT,14,865.056,164139.726,,,3713,6200492,3542,6177830,16,1,,,,,,,false,
starexec,LCL901+1.p,e1b,unary-redundancy,TIMEOUT,14,946.332,164243.900,,,4032,6348704,3853,6321632,16,1,,,,,,,false,
starexec,LCL901+1.p,e1b,weight-greedy,REFUTED,14,982.423,23428.922,216.787,813.280,1831,807292,1639,741602,16,1,357,20693,789,211,15,false,false,
starexec,LCL978+1.p,e1b,age-fair,TIMEOUT,2,555.424,164918.747,,,5268,5844967,4679,5798077,3,3,,,,,,,false,
starexec,LCL978+1.p,e1b,balanced,TIMEOUT,2,260.862,165379.051,,,7637,11992785,7126,11920775,3,3,,,,,,,false,
starexec,LCL978+1.p,e1b,equational,TIMEOUT,2,496.335,164801.862,,,5817,6524397,5373,6478443,3,3,,,,,,,false,
starexec,LCL978+1.p,e1b,first-negative,TIMEOUT,2,588.645,164648.825,,,8748,3328540,7312,3164758,3,3,,,,,,,false,
starexec,LCL978+1.p,e1b,occurrence,TIMEOUT,2,539.677,164841.671,,,6241,6943463,5757,6782051,3,3,,,,,,,false,
starexec,LCL978+1.p,e1b,subsumption-light,TIMEOUT,2,507.499,167087.469,,,8924,4442422,8090,4388381,3,3,,,,,,,false,
starexec,LCL978+1.p,e1b,unary-redundancy,TIMEOUT,2,531.632,164838.393,,,9016,4499306,8177,4443034,3,3,,,,,,,false,
starexec,LCL978+1.p,e1b,weight-greedy,TIMEOUT,2,487.817,164831.114,,,423,14560,304,12480,3,3,,,,,,,false,
starexec,LCL979+1.p,e1b,age-fair,TIMEOUT,2,828.755,164448.693,,,4113,1421363,3417,1410542,3,3,,,,,,,false,
starexec,LCL979+1.p,e1b,balanced,TIMEOUT,2,393.814,165057.680,,,5236,3272871,4039,3238255,3,3,,,,,,,false,
starexec,LCL979+1.p,e1b,equational,TIMEOUT,2,742.034,164224.981,,,3857,1934376,3154,1906610,3,3,,,,,,,false,
starexec,LCL979+1.p,e1b,first-negative,TIMEOUT,2,914.774,163950.028,,,7941,856362,7842,828362,3,3,,,,,,,false,
starexec,LCL979+1.p,e1b,occurrence,TIMEOUT,2,827.745,166639.651,,,4171,2646698,3516,2606525,3,3,,,,,,,false,
starexec,LCL979+1.p,e1b,subsumption-light,TIMEOUT,2,831.598,164289.897,,,1689,363459,1423,354405,3,3,,,,,,,false,
starexec,LCL979+1.p,e1b,unary-redundancy,TIMEOUT,2,822.002,164239.731,,,1683,360667,1420,351625,3,3,,,,,,,false,
starexec,LCL979+1.p,e1b,weight-greedy,HARD_TIMEOUT,2,0.000,,,,,,,,,,,,,,,,false,
starexec,LCL982+1.p,e1b,age-fair,REFUTED,2,1190.452,605.634,89.698,655.453,27,96,26,68,3,3,112,16237,410,273,3,false,false,
starexec,LCL982+1.p,e1b,balanced,REFUTED,2,513.766,280.781,65.455,423.414,24,67,23,41,3,3,108,16086,409,273,3,false,false,
starexec,LCL982+1.p,e1b,equational,REFUTED,2,990.281,546.316,127.132,745.272,24,67,23,41,3,3,108,16086,409,273,3,false,false,
starexec,LCL982+1.p,e1b,first-negative,REFUTED,2,1198.115,503.439,138.198,1147.295,17,39,16,21,3,3,118,21743,602,801,3,false,false,
starexec,LCL982+1.p,e1b,occurrence,REFUTED,2,1060.342,608.021,102.524,650.834,35,103,34,66,3,3,112,16237,410,273,3,false,false,
starexec,LCL982+1.p,e1b,subsumption-light,REFUTED,2,1000.848,607.260,120.941,766.098,24,67,23,41,3,3,108,16086,409,273,3,false,false,
starexec,LCL982+1.p,e1b,unary-redundancy,REFUTED,2,1013.956,601.559,94.853,659.273,24,67,23,41,3,3,112,16237,410,273,3,false,false,
starexec,LCL982+1.p,e1b,weight-greedy,REFUTED,2,951.283,571.101,114.285,691.771,34,173,33,122,3,3,108,16086,409,273,3,false,false,
starexec,LCL983+1.p,e1b,age-fair,TIMEOUT,2,882.255,164199.682,,,5292,5545728,4975,5495621,3,3,,,,,,,false,
starexec,LCL983+1.p,e1b,balanced,TIMEOUT,2,398.182,165004.323,,,7996,11960644,7497,11769838,3,3,,,,,,,false,
starexec,LCL983+1.p,e1b,equational,TIMEOUT,2,761.492,164182.235,,,6902,6574602,6556,6452712,3,3,,,,,,,false,
starexec,LCL983+1.p,e1b,first-negative,TIMEOUT,2,888.171,163748.287,,,9797,3061117,8388,2763289,3,3,,,,,,,false,
starexec,LCL983+1.p,e1b,occurrence,TIMEOUT,2,873.057,164334.981,,,7752,6544988,7517,6291716,3,3,,,,,,,false,
starexec,LCL983+1.p,e1b,subsumption-light,TIMEOUT,2,739.755,164174.814,,,10739,3608483,10424,3503987,3,3,,,,,,,false,
starexec,LCL983+1.p,e1b,unary-redundancy,TIMEOUT,2,856.749,164136.145,,,10669,3578125,10354,3473819,3,3,,,,,,,false,
starexec,LCL983+1.p,e1b,weight-greedy,TIMEOUT,2,750.944,164133.392,,,16441,4983372,14881,4535334,3,3,,,,,,,false,
starexec,MGT005+1.p,e1b,age-fair,HARD_TIMEOUT,10,0.000,,,,,,,,,,,,,,,,false,
starexec,MGT005+1.p,e1b,balanced,REFUTED,10,844.747,5120.296,104.627,2718.234,2913,73226,2638,64813,29,13,504,1045080,3189,5235,11,false,false,
starexec,MGT005+1.p,e1b,equational,REFUTED,10,1522.707,11190.541,167.861,4969.436,3406,89520,3104,79327,29,13,498,1034383,3182,5235,11,false,false,
starexec,MGT005+1.p,e1b,first-negative,REFUTED,10,2088.803,3384.222,174.000,5586.496,2175,4518,1063,1277,29,13,515,1062857,3586,5271,11,false,false,
starexec,MGT005+1.p,e1b,occurrence,REFUTED,10,1881.805,7612.032,185.228,5318.067,2783,56224,2440,46245,29,13,512,1055078,3587,5271,11,false,false,
starexec,MGT005+1.p,e1b,subsumption-light,TIMEOUT,10,992.300,164778.307,,,4396,156570,3963,142422,29,13,,,,,,,false,
starexec,MGT005+1.p,e1b,unary-redundancy,REFUTED,10,2335.679,150763.978,252.318,7511.918,4266,157436,3831,143450,29,13,512,1055078,3587,5271,11,false,false,
starexec,MGT005+1.p,e1b,weight-greedy,TIMEOUT,10,969.239,164659.462,,,6752,1572370,6524,1551373,29,13,,,,,,,false,
starexec,MGT035+2.p,e1b,age-fair,TIMEOUT,19,1269.184,164046.478,,,9264,5062173,8982,5048746,43,5,,,,,,,false,
starexec,MGT035+2.p,e1b,balanced,TIMEOUT,19,526.637,166707.864,,,13597,12078918,13410,12057381,43,5,,,,,,,false,
starexec,MGT035+2.p,e1b,equational,TIMEOUT,19,970.989,164009.347,,,10885,6601986,10633,6585013,43,5,,,,,,,false,
starexec,MGT035+2.p,e1b,first-negative,HARD_TIMEOUT,19,0.000,,,,,,,,,,,,,,,,false,
starexec,MGT035+2.p,e1b,occurrence,TIMEOUT,19,1248.898,164000.459,,,10338,7386329,10253,7366085,43,5,,,,,,,false,
starexec,MGT035+2.p,e1b,subsumption-light,TIMEOUT,19,1044.292,164015.800,,,4780,1319192,4670,1312104,43,5,,,,,,,false,
starexec,MGT035+2.p,e1b,unary-redundancy,TIMEOUT,19,1281.189,164242.748,,,4885,1156914,4736,1149504,43,5,,,,,,,false,
starexec,MGT035+2.p,e1b,weight-greedy,TIMEOUT,19,974.123,164031.284,,,10725,5195186,10364,5163440,43,5,,,,,,,false,
starexec,MGT067+1.p,e1b,age-fair,REFUTED,157,3179.242,4582.633,125.823,3880.604,1118,5284,1046,4041,177,3,1467,424600,8536,737,158,false,false,
starexec,MGT067+1.p,e1b,balanced,REFUTED,157,1127.338,1109.821,88.687,2395.620,828,1494,808,584,177,3,1294,364250,8399,680,158,false,false,
starexec,MGT067+1.p,e1b,equational,REFUTED,157,2212.630,2170.153,159.211,4970.776,828,1494,808,584,177,3,1294,364250,8399,680,158,false,false,
starexec,MGT067+1.p,e1b,first-negative,REFUTED,157,3399.743,1695.759,143.638,4441.458,688,750,651,177,177,3,1460,421529,8578,737,158,false,false,
starexec,MGT067+1.p,e1b,occurrence,REFUTED,157,3085.989,1682.378,126.852,3838.249,726,849,695,234,177,3,1467,424600,8536,737,158,false,false,
starexec,MGT067+1.p,e1b,subsumption-light,REFUTED,157,2161.514,2966.690,157.080,4775.424,845,1448,812,462,177,3,1294,364254,8402,680,158,false,false,
starexec,MGT067+1.p,e1b,unary-redundancy,REFUTED,157,3134.521,2420.426,128.180,3934.358,805,1147,750,231,177,3,1467,424604,8539,737,158,false,false,
starexec,MGT067+1.p,e1b,weight-greedy,REFUTED,157,2183.066,1564.848,159.418,4684.579,631,801,618,177,177,3,1294,364250,8399,680,158,false,false,
starexec,MGT068+1.p,e1b,age-fair,TIMEOUT,59,1773.556,163685.379,,,6517,7971560,6425,7957724,85,4,,,,,,,false,
starexec,MGT068+1.p,e1b,balanced,TIMEOUT,59,479.602,165179.693,,,11119,18480524,10960,18442044,85,4,,,,,,,false,
starexec,MGT068+1.p,e1b,equational,TIMEOUT,59,917.876,164406.684,,,8482,9902114,8443,9871636,85,4,,,,,,,false,
starexec,MGT068+1.p,e1b,first-negative,TIMEOUT,59,1235.588,164185.700,,,29830,4285382,28587,4220349,85,4,,,,,,,false,
starexec,MGT068+1.p,e1b,occurrence,TIMEOUT,59,1186.972,164441.681,,,7718,9729385,7247,9646098,85,4,,,,,,,false,
starexec,MGT068+1.p,e1b,subsumption-light,TIMEOUT,59,1280.357,163814.082,,,2379,1283860,2305,1274504,85,4,,,,,,,false,
starexec,MGT068+1.p,e1b,unary-redundancy,TIMEOUT,59,1800.176,164165.182,,,2490,1054481,1859,1042881,85,4,,,,,,,false,
starexec,MGT068+1.p,e1b,weight-greedy,TIMEOUT,59,868.794,164477.893,,,25416,7291085,16404,6694060,85,4,,,,,,,false,
starexec,MGT076+1.p,e1b,age-fair,REFUTED,34,1788.020,912.429,91.983,1460.809,103,340,103,231,54,4,446,60379,1730,385,35,false,false,
starexec,MGT076+1.p,e1b,balanced,REFUTED,34,776.435,442.068,39.318,913.460,70,140,70,61,54,4,410,58344,1877,383,35,false,false,
starexec,MGT076+1.p,e1b,equational,REFUTED,34,1474.355,758.071,75.472,1697.677,70,140,70,61,54,4,410,58344,1877,383,35,false,false,
starexec,MGT076+1.p,e1b,first-negative,REFUTED,34,2049.879,815.610,108.519,1606.102,78,159,78,67,54,4,446,60379,1730,385,35,false,false,
starexec,MGT076+1.p,e1b,occurrence,REFUTED,34,1769.666,721.919,67.553,1446.540,47,119,47,63,54,4,446,60379,1730,385,35,false,false,
starexec,MGT076+1.p,e1b,subsumption-light,REFUTED,34,1523.206,799.071,77.107,1661.572,70,140,70,61,54,4,410,58344,1877,383,35,false,false,
starexec,MGT076+1.p,e1b,unary-redundancy,REFUTED,34,1729.487,754.495,72.277,1504.832,70,140,70,61,54,4,446,60379,1730,385,35,false,false,
starexec,MGT076+1.p,e1b,weight-greedy,REFUTED,34,1487.829,623.814,65.908,1653.345,53,106,52,54,54,4,410,58344,1877,383,35,false,false,
starexec,MGT077+1.p,e1b,age-fair,REFUTED,44,1944.477,33463.373,89.897,1576.243,3664,1702409,3637,1696288,64,4,521,77993,1885,414,45,false,false,
starexec,MGT077+1.p,e1b,balanced,TIMEOUT,44,622.162,164805.460,,,8457,14187636,8367,14147872,64,4,,,,,,,false,
starexec,MGT077+1.p,e1b,equational,TIMEOUT,44,1108.935,163800.037,,,5493,8011147,5449,7984195,64,4,,,,,,,false,
starexec,MGT077+1.p,e1b,first-negative,REFUTED,44,2065.479,3556.256,79.308,1188.749,2119,15869,2113,12433,64,4,519,77455,1891,414,45,false,false,
starexec,MGT077+1.p,e1b,occurrence,TIMEOUT,44,1357.298,163818.573,,,8714,13769851,8416,13663794,64,4,,,,,,,false,
starexec,MGT077+1.p,e1b,subsumption-light,REFUTED,44,1792.724,112655.604,101.577,1959.169,2374,769800,1437,760643,64,4,490,79618,2043,414,45,false,false,
starexec,MGT077+1.p,e1b,unary-redundancy,REFUTED,44,1998.103,111823.472,108.621,1637.232,2369,764019,1434,754862,64,4,536,81212,1896,414,45,false,false,
starexec,MGT077+1.p,e1b,weight-greedy,TIMEOUT,44,1127.016,163759.284,,,19423,7569448,12543,6961356,64,4,,,,,,,false,
starexec,MGT078+1.p,e1b,age-fair,REFUTED,56,1270.510,2072.480,65.784,1123.207,608,29662,583,28511,80,6,618,154311,1932,629,57,false,false,
starexec,MGT078+1.p,e1b,balanced,REFUTED,56,850.755,755.837,75.169,1254.108,276,1231,254,733,80,6,558,147618,2034,619,57,false,false,
starexec,MGT078+1.p,e1b,equational,REFUTED,56,884.135,763.398,72.599,1289.332,276,1231,254,733,80,6,558,147618,2034,619,57,false,false,
starexec,MGT078+1.p,e1b,first-negative,REFUTED,56,1391.332,898.347,67.695,1256.991,362,1738,358,1135,80,6,617,153113,1928,629,57,false,false,
starexec,MGT078+1.p,e1b,occurrence,REFUTED,56,1061.843,753.687,65.776,1067.148,248,1290,231,818,80,6,610,150301,1928,629,57,false,false,
starexec,MGT078+1.p,e1b,subsumption-light,REFUTED,56,1096.902,898.200,72.755,1502.188,292,1776,263,1250,80,6,547,142530,2023,619,57,false,false,
starexec,MGT078+1.p,e1b,unary-redundancy,REFUTED,56,1208.081,897.032,67.522,1193.351,298,1929,269,1389,80,6,602,147890,1920,629,57,false,false,
starexec,MGT078+1.p,e1b,weight-greedy,REFUTED,56,870.473,648.533,81.992,1212.783,214,690,207,275,80,6,562,148370,2033,619,57,false,false,
starexec,MGT079+1.p,e1b,age-fair,TIMEOUT,56,1509.808,163872.764,,,8846,7390799,8820,7359435,77,3,,,,,,,false,
starexec,MGT079+1.p,e1b,balanced,TIMEOUT,56,620.861,165009.723,,,17172,24114621,16974,23995933,77,3,,,,,,,false,
starexec,MGT079+1.p,e1b,equational,TIMEOUT,56,1142.470,163908.177,,,13861,13308699,13609,13237221,77,3,,,,,,,false,
starexec,MGT079+1.p,e1b,first-negative,REFUTED,56,1937.117,15833.264,112.880,1096.345,7614,593997,7594,580125,77,3,600,93507,1893,417,57,false,false,
starexec,MGT079+1.p,e1b,occurrence,TIMEOUT,56,1527.173,163939.552,,,11361,13332270,8639,13133113,77,3,,,,,,,false,
starexec,MGT079+1.p,e1b,subsumption-light,TIMEOUT,56,1166.221,164405.416,,,9280,3240340,7677,3201538,77,3,,,,,,,false,
starexec,MGT079+1.p,e1b,unary-redundancy,TIMEOUT,56,1484.690,164022.339,,,9361,3344072,7754,3304132,77,3,,,,,,,false,
starexec,MGT079+1.p,e1b,weight-greedy,TIMEOUT,56,1167.987,163937.398,,,60782,6740554,33141,6025681,77,3,,,,,,,false,
starexec,MGT080+1.p,e1b,age-fair,REFUTED,73,1806.893,4098.707,81.436,1515.837,936,82814,836,79880,99,7,706,235428,2042,895,74,false,false,
starexec,MGT080+1.p,e1b,balanced,REFUTED,73,758.194,846.031,49.519,927.206,491,9341,418,8373,99,7,634,227309,2113,881,74,false,false,
starexec,MGT080+1.p,e1b,equational,REFUTED,73,1410.625,1559.911,96.069,1684.925,491,9341,418,8373,99,7,634,227309,2113,881,74,false,false,
starexec,MGT080+1.p,e1b,first-negative,REFUTED,73,2060.730,1475.950,104.176,1561.676,710,3752,592,2402,99,7,727,244073,2050,895,74,false,false,
starexec,MGT080+1.p,e1b,occurrence,REFUTED,73,1826.731,1055.864,99.284,1531.392,352,1512,349,720,99,7,719,239465,2044,895,74,false,false,
starexec,MGT080+1.p,e1b,subsumption-light,REFUTED,73,1510.019,1590.031,105.402,1736.027,455,6869,392,5967,99,7,643,233460,2116,881,74,false,false,
starexec,MGT080+1.p,e1b,unary-redundancy,REFUTED,73,1971.071,1625.881,107.722,1674.360,460,7413,385,6499,99,7,730,244658,2052,895,74,false,false,
starexec,MGT080+1.p,e1b,weight-greedy,REFUTED,73,1426.605,1146.233,73.406,1715.808,387,1948,381,1045,99,7,636,228401,2112,881,74,false,false,
starexec,MGT082+1.p,e1b,age-fair,REFUTED,56,2096.366,4032.989,136.394,2123.049,615,31619,538,30225,80,6,629,159193,1934,645,57,false,false,
starexec,MGT082+1.p,e1b,balanced,REFUTED,56,982.203,773.502,78.746,1377.676,291,1856,273,1298,80,6,568,152809,2033,635,57,false,false,
starexec,MGT082+1.p,e1b,equational,REFUTED,56,1266.110,1002.941,94.953,1580.825,291,1856,273,1298,80,6,568,152809,2033,635,57,false,false,
starexec,MGT082+1.p,e1b,first-negative,REFUTED,56,1377.869,1174.986,116.584,1355.582,425,2098,359,1348,80,6,625,158355,1935,645,57,false,false,
starexec,MGT082+1.p,e1b,occurrence,REFUTED,56,1854.984,1339.791,135.271,2083.952,230,968,227,533,80,6,613,153432,1926,645,57,false,false,
starexec,MGT082+1.p,e1b,subsumption-light,REFUTED,56,1156.887,1188.985,94.307,1549.906,317,2798,273,2188,80,6,560,148819,2026,635,57,false,false,
starexec,MGT082+1.p,e1b,unary-redundancy,REFUTED,56,2057.590,1571.682,132.878,2082.540,272,1123,240,613,80,6,609,153427,1923,645,57,false,false,
starexec,MGT082+1.p,e1b,weight-greedy,REFUTED,56,1138.394,847.992,89.585,1437.612,225,646,221,194,80,6,549,146779,2020,635,57,false,false,
starexec,MGT085+1.p,e1b,age-fair,TIMEOUT,43,1544.107,163772.349,,,8982,7883795,8849,7855189,65,6,,,,,,,false,
starexec,MGT085+1.p,e1b,balanced,REFUTED,43,916.168,34735.444,99.458,1229.674,6888,3781745,6762,3751359,65,6,524,142865,2023,619,44,false,false,
starexec,MGT085+1.p,e1b,equational,REFUTED,43,1756.081,69972.963,169.467,2098.448,6888,3781739,6762,3751353,65,6,524,142865,2023,619,44,false,false,
starexec,MGT085+1.p,e1b,first-negative,REFUTED,43,2333.775,15993.360,123.887,2158.599,4999,306748,4954,296090,65,6,556,143135,1908,629,44,false,false,
starexec,MGT085+1.p,e1b,occurrence,REFUTED,43,2298.206,16324.575,155.909,2078.419,2109,663485,2091,646690,65,6,578,149609,1928,629,44,false,false,
starexec,MGT085+1.p,e1b,subsumption-light,TIMEOUT,43,1162.034,163967.920,,,5931,1592636,4870,1564628,65,6,,,,,,,false,
starexec,MGT085+1.p,e1b,unary-redundancy,TIMEOUT,43,1525.293,163824.604,,,5880,1552647,4819,1525267,65,6,,,,,,,false,
starexec,MGT085+1.p,e1b,weight-greedy,REFUTED,43,1874.210,3800.972,154.437,1621.889,610,20121,608,15234,65,6,524,142865,2023,619,44,false,false,
starexec,MGT086+1.p,e1b,age-fair,TIMEOUT,43,1428.440,164292.445,,,8032,7113443,7999,7088746,63,3,,,,,,,false,
starexec,MGT086+1.p,e1b,balanced,TIMEOUT,43,605.573,165554.739,,,11155,13484132,10996,13436290,63,3,,,,,,,false,
starexec,MGT086+1.p,e1b,equational,HARD_TIMEOUT,43,0.000,,,,,,,,,,,,,,,,false,
starexec,MGT086+1.p,e1b,first-negative,REFUTED,43,2067.164,2722.086,102.209,1848.351,751,5348,744,4210,63,3,510,78923,1823,410,44,false,false,
starexec,MGT086+1.p,e1b,occurrence,HARD_TIMEOUT,43,0.000,,,,,,,,,,,,,,,,false,
starexec,MGT086+1.p,e1b,subsumption-light,TIMEOUT,43,1128.612,163879.338,,,4418,1332994,3796,1314732,63,3,,,,,,,false,
starexec,MGT086+1.p,e1b,unary-redundancy,TIMEOUT,43,1430.868,164082.546,,,4462,1355400,3837,1336984,63,3,,,,,,,false,
starexec,MGT086+1.p,e1b,weight-greedy,REFUTED,43,1356.149,70337.572,151.412,1351.384,26899,1899027,14467,1688722,63,3,707,129482,2285,410,44,false,false,
starexec,MGT088+1.p,e1b,age-fair,REFUTED,39,1896.851,1946.330,82.206,1051.390,275,3403,275,3077,59,4,488,66865,1833,393,40,false,false,
starexec,MGT088+1.p,e1b,balanced,REFUTED,39,921.826,738.355,50.525,741.855,164,1023,164,771,59,4,447,65338,1989,393,40,false,false,
starexec,MGT088+1.p,e1b,equational,REFUTED,39,1736.706,1390.079,104.409,1289.848,164,1023,164,771,59,4,447,65338,1989,393,40,false,false,
starexec,MGT088+1.p,e1b,first-negative,REFUTED,39,2239.357,1375.207,101.778,1137.748,237,879,237,544,59,4,488,66858,1836,393,40,false,false,
starexec,MGT088+1.p,e1b,occurrence,REFUTED,39,2101.363,1306.846,100.955,1135.552,158,1039,158,727,59,4,488,66865,1833,393,40,false,false,
starexec,MGT088+1.p,e1b,subsumption-light,REFUTED,39,1656.397,1536.103,107.940,1280.039,166,934,166,688,59,4,457,67288,1996,393,40,false,false,
starexec,MGT088+1.p,e1b,unary-redundancy,REFUTED,39,2052.152,1500.850,107.611,1067.193,166,934,166,688,59,4,498,68815,1840,393,40,false,false,
starexec,MGT088+1.p,e1b,weight-greedy,REFUTED,39,1609.184,1045.521,121.373,1289.251,113,379,113,205,59,4,447,65338,1989,393,40,false,false,
starexec,MGT090+1.p,e1b,age-fair,REFUTED,59,2076.008,1132.198,90.566,1642.418,144,397,136,244,90,3,639,73186,2425,354,60,false,false,
starexec,MGT090+1.p,e1b,balanced,REFUTED,59,883.062,674.564,62.271,1154.098,159,496,156,302,90,3,581,71034,2646,354,60,false,false,
starexec,MGT090+1.p,e1b,equational,REFUTED,59,1631.369,1252.920,143.713,2076.170,159,501,156,305,90,3,581,71034,2646,354,60,false,false,
starexec,MGT090+1.p,e1b,first-negative,REFUTED,59,2397.640,2425.467,125.578,1726.047,488,3968,485,3298,90,3,640,73358,2427,354,60,false,false,
starexec,MGT090+1.p,e1b,occurrence,REFUTED,59,2167.939,1384.264,106.887,1604.068,173,836,171,539,90,3,639,73186,2425,354,60,false,false,
starexec,MGT090+1.p,e1b,subsumption-light,REFUTED,59,1655.703,1394.457,138.751,2340.555,167,612,163,400,90,3,581,71034,2646,354,60,false,false,
starexec,MGT090+1.p,e1b,unary-redundancy,REFUTED,59,2205.810,1364.853,114.528,1746.734,159,508,157,308,90,3,639,73186,2425,354,60,false,false,
starexec,MGT090+1.p,e1b,weight-greedy,REFUTED,59,1679.107,1422.793,140.805,2373.726,204,980,203,618,90,3,581,71034,2646,354,60,false,false,
starexec,MGT091+1.p,e1b,age-fair,TIMEOUT,46,1717.011,163850.908,,,7254,6612951,7222,6598472,83,3,,,,,,,false,
starexec,MGT091+1.p,e1b,balanced,REFUTED,46,836.948,5624.081,75.819,1170.462,1188,204938,1181,201328,83,3,603,86624,3337,362,47,false,false,
starexec,MGT091+1.p,e1b,equational,REFUTED,46,1689.938,10689.314,126.281,2147.417,1188,204928,1181,201318,83,3,603,86624,3337,362,47,false,false,
starexec,MGT091+1.p,e1b,first-negative,TIMEOUT,46,1986.650,163548.744,,,21137,3651865,19818,3610571,83,3,,,,,,,false,
starexec,MGT091+1.p,e1b,occurrence,REFUTED,46,2081.112,7884.100,113.027,1685.892,1143,124715,1122,120310,83,3,619,83612,3087,362,47,false,false,
starexec,MGT091+1.p,e1b,subsumption-light,TIMEOUT,46,1279.204,163842.174,,,3704,1099291,3410,1084561,83,3,,,,,,,false,
starexec,MGT091+1.p,e1b,unary-redundancy,TIMEOUT,46,1876.949,164775.989,,,3706,1107364,3412,1092610,83,3,,,,,,,false,
starexec,MGT091+1.p,e1b,weight-greedy,REFUTED,46,1654.165,1746.062,114.261,1991.466,286,2472,285,1620,83,3,557,78534,3252,362,47,false,false,
starexec,NLP147+1.p,e1b,age-fair,REFUTED,61,3527.976,1055.543,112.296,8661.809,226,255,221,92,92,11,1006,1175618,3716,15197,62,false,false,
starexec,NLP147+1.p,e1b,balanced,REFUTED,61,1429.990,558.498,83.806,4639.214,230,256,228,94,94,12,1021,1237418,3831,15197,62,false,false,
starexec,NLP147+1.p,e1b,equational,REFUTED,61,1699.989,761.540,86.214,5505.670,230,256,228,94,94,12,1021,1237418,3831,15197,62,false,false,
starexec,NLP147+1.p,e1b,first-negative,REFUTED,61,2424.530,784.380,77.631,5263.144,233,253,225,92,92,11,1005,1173471,3722,15197,62,false,false,
starexec,NLP147+1.p,e1b,occurrence,REFUTED,61,3190.548,1108.082,114.171,7822.216,218,256,213,92,92,11,1006,1175642,3716,15197,62,false,false,
starexec,NLP147+1.p,e1b,subsumption-light,REFUTED,61,1785.334,861.846,104.518,5531.046,230,256,228,94,94,12,1021,1237418,3831,15197,62,false,false,
starexec,NLP147+1.p,e1b,unary-redundancy,REFUTED,61,3436.279,1082.531,117.258,8066.295,229,256,225,92,92,11,1006,1175618,3716,15197,62,false,false,
starexec,NLP147+1.p,e1b,weight-greedy,REFUTED,61,1802.042,740.627,101.680,5690.950,245,280,244,94,94,12,1021,1237448,3831,15197,62,false,false,
starexec,NLP260+1.p,e1b,age-fair,PARSE_ERR,,0.000,,,,,,,,,,,,,,,,false,Exception
starexec,NLP260+1.p,e1b,balanced,PARSE_ERR,,0.000,,,,,,,,,,,,,,,,false,Exception
starexec,NLP260+1.p,e1b,equational,PARSE_ERR,,0.000,,,,,,,,,,,,,,,,false,Exception
starexec,NLP260+1.p,e1b,first-negative,PARSE_ERR,,0.000,,,,,,,,,,,,,,,,false,Exception
starexec,NLP260+1.p,e1b,occurrence,PARSE_ERR,,0.000,,,,,,,,,,,,,,,,false,Exception
starexec,NLP260+1.p,e1b,subsumption-light,PARSE_ERR,,0.000,,,,,,,,,,,,,,,,false,Exception
starexec,NLP260+1.p,e1b,unary-redundancy,PARSE_ERR,,0.000,,,,,,,,,,,,,,,,false,Exception
starexec,NLP260+1.p,e1b,weight-greedy,PARSE_ERR,,0.000,,,,,,,,,,,,,,,,false,Exception
starexec,NLP261+1.p,e1b,age-fair,PARSE_ERR,,0.000,,,,,,,,,,,,,,,,false,Exception
starexec,NLP261+1.p,e1b,balanced,PARSE_ERR,,0.000,,,,,,,,,,,,,,,,false,Exception
starexec,NLP261+1.p,e1b,equational,PARSE_ERR,,0.000,,,,,,,,,,,,,,,,false,Exception
starexec,NLP261+1.p,e1b,first-negative,PARSE_ERR,,0.000,,,,,,,,,,,,,,,,false,Exception
starexec,NLP261+1.p,e1b,occurrence,PARSE_ERR,,0.000,,,,,,,,,,,,,,,,false,Exception
starexec,NLP261+1.p,e1b,subsumption-light,PARSE_ERR,,0.000,,,,,,,,,,,,,,,,false,Exception
starexec,NLP261+1.p,e1b,unary-redundancy,PARSE_ERR,,0.000,,,,,,,,,,,,,,,,false,Exception
starexec,NLP261+1.p,e1b,weight-greedy,PARSE_ERR,,0.000,,,,,,,,,,,,,,,,false,Exception
starexec,NLP262+1.p,e1b,age-fair,PARSE_ERR,,0.000,,,,,,,,,,,,,,,,false,Exception
starexec,NLP262+1.p,e1b,balanced,PARSE_ERR,,0.000,,,,,,,,,,,,,,,,false,Exception
starexec,NLP262+1.p,e1b,equational,PARSE_ERR,,0.000,,,,,,,,,,,,,,,,false,Exception
starexec,NLP262+1.p,e1b,first-negative,PARSE_ERR,,0.000,,,,,,,,,,,,,,,,false,Exception
starexec,NLP262+1.p,e1b,occurrence,PARSE_ERR,,0.000,,,,,,,,,,,,,,,,false,Exception
starexec,NLP262+1.p,e1b,subsumption-light,PARSE_ERR,,0.000,,,,,,,,,,,,,,,,false,Exception
starexec,NLP262+1.p,e1b,unary-redundancy,PARSE_ERR,,0.000,,,,,,,,,,,,,,,,false,Exception
starexec,NLP262+1.p,e1b,weight-greedy,PARSE_ERR,,0.000,,,,,,,,,,,,,,,,false,Exception
starexec,NUM292+1.p,e1b,age-fair,TIMEOUT,401,2284.849,162999.143,,,17838,67048,17838,49206,407,0,,,,,,,false,
starexec,NUM292+1.p,e1b,balanced,TIMEOUT,401,718.753,164383.957,,,23053,92805,23053,69364,407,0,,,,,,,false,
starexec,NUM292+1.p,e1b,equational,TIMEOUT,401,1032.067,163988.605,,,18177,68978,18177,50427,407,0,,,,,,,false,
starexec,NUM292+1.p,e1b,first-negative,TIMEOUT,401,1721.908,163704.399,,,18725,169080,18725,150321,407,0,,,,,,,false,
starexec,NUM292+1.p,e1b,occurrence,TIMEOUT,401,2363.570,163023.580,,,18194,54858,18194,36394,407,0,,,,,,,false,
starexec,NUM292+1.p,e1b,subsumption-light,TIMEOUT,401,1019.948,163983.862,,,17929,67139,17928,48880,407,0,,,,,,,false,
starexec,NUM292+1.p,e1b,unary-redundancy,TIMEOUT,401,2126.020,162801.586,,,17932,67145,17931,48883,407,0,,,,,,,false,
starexec,NUM292+1.p,e1b,weight-greedy,TIMEOUT,401,1060.837,163960.476,,,19110,51946,19110,32375,407,0,,,,,,,false,
starexec,NUM321+1.p,e1b,age-fair,TIMEOUT,401,2387.564,163014.847,,,20221,88010,20221,67787,407,0,,,,,,,false,
starexec,NUM321+1.p,e1b,balanced,TIMEOUT,401,747.928,164157.820,,,27109,98059,27108,70489,407,0,,,,,,,false,
starexec,NUM321+1.p,e1b,equational,TIMEOUT,401,1590.767,162805.181,,,19985,83789,19985,63418,407,0,,,,,,,false,
starexec,NUM321+1.p,e1b,first-negative,TIMEOUT,401,1742.979,163595.997,,,23552,178797,23552,155202,407,0,,,,,,,false,
starexec,NUM321+1.p,e1b,occurrence,TIMEOUT,401,2376.710,163040.424,,,20068,76976,20068,56440,407,0,,,,,,,false,
starexec,NUM321+1.p,e1b,subsumption-light,TIMEOUT,401,1069.013,164031.032,,,19870,83200,19869,62944,407,0,,,,,,,false,
starexec,NUM321+1.p,e1b,unary-redundancy,TIMEOUT,401,2483.411,163008.812,,,19691,82617,19690,62540,407,0,,,,,,,false,
starexec,NUM321+1.p,e1b,weight-greedy,TIMEOUT,401,1062.473,163915.993,,,20659,54788,20659,33630,407,0,,,,,,,false,
starexec,NUM335+1.p,e1b,age-fair,TIMEOUT,401,2535.189,162988.340,,,19956,87058,19956,67099,408,1,,,,,,,false,
starexec,NUM335+1.p,e1b,balanced,TIMEOUT,401,773.603,164320.662,,,23323,93585,23323,69875,408,1,,,,,,,false,
starexec,NUM335+1.p,e1b,equational,TIMEOUT,401,1686.194,162939.392,,,17785,66844,17785,48723,408,1,,,,,,,false,
starexec,NUM335+1.p,e1b,first-negative,TIMEOUT,401,2662.150,162581.924,,,21337,174015,21337,152636,408,1,,,,,,,false,
starexec,NUM335+1.p,e1b,occurrence,TIMEOUT,401,2401.597,163004.588,,,19544,65867,19544,46020,408,1,,,,,,,false,
starexec,NUM335+1.p,e1b,subsumption-light,TIMEOUT,401,1639.519,162991.455,,,17432,66138,17431,48379,408,1,,,,,,,false,
starexec,NUM335+1.p,e1b,unary-redundancy,TIMEOUT,401,2573.298,163114.713,,,19550,82453,19549,62538,408,1,,,,,,,false,
starexec,NUM335+1.p,e1b,weight-greedy,TIMEOUT,401,1698.078,163062.349,,,18144,50177,18144,31575,408,1,,,,,,,false,
starexec,NUM639+4.p,e1b,age-fair,HARD_TIMEOUT,316,0.000,,,,,,,,,,,,,,,,false,
starexec,NUM639+4.p,e1b,balanced,HARD_TIMEOUT,316,0.000,,,,,,,,,,,,,,,,false,
starexec,NUM639+4.p,e1b,equational,TIMEOUT,316,2940.842,162411.978,,,15814,4836516,14638,4806804,532,29,,,,,,,false,
starexec,NUM639+4.p,e1b,first-negative,TIMEOUT,316,3133.600,163411.628,,,13908,6551694,13660,6522930,525,26,,,,,,,false,
starexec,NUM639+4.p,e1b,occurrence,HARD_TIMEOUT,316,0.000,,,,,,,,,,,,,,,,false,
starexec,NUM639+4.p,e1b,subsumption-light,TIMEOUT,316,2898.472,162734.745,,,12422,3413250,12072,3391016,532,29,,,,,,,false,
starexec,NUM639+4.p,e1b,unary-redundancy,HARD_TIMEOUT,316,0.000,,,,,,,,,,,,,,,,false,
starexec,NUM639+4.p,e1b,weight-greedy,TIMEOUT,316,2022.065,163801.780,,,33740,4857542,29182,4680723,532,29,,,,,,,false,
starexec,NUM647+4.p,e1b,age-fair,HARD_TIMEOUT,346,0.000,,,,,,,,,,,,,,,,false,
starexec,NUM647+4.p,e1b,balanced,TIMEOUT,346,1645.508,164172.717,,,19893,7132092,18847,7093444,586,29,,,,,,,false,
starexec,NUM647+4.p,e1b,equational,TIMEOUT,346,3068.829,162642.932,,,16289,4112744,14789,4081157,586,29,,,,,,,false,
starexec,NUM647+4.p,e1b,first-negative,HARD_TIMEOUT,346,0.000,,,,,,,,,,,,,,,,false,
starexec,NUM647+4.p,e1b,occurrence,HARD_TIMEOUT,346,0.000,,,,,,,,,,,,,,,,false,
starexec,NUM647+4.p,e1b,subsumption-light,TIMEOUT,346,3070.217,162691.443,,,12842,2401777,12277,2376544,586,29,,,,,,,false,
starexec,NUM647+4.p,e1b,unary-redundancy,HARD_TIMEOUT,346,0.000,,,,,,,,,,,,,,,,false,
starexec,NUM647+4.p,e1b,weight-greedy,TIMEOUT,346,3152.075,162486.390,,,41038,1368030,35614,1192023,586,29,,,,,,,false,
starexec,NUM653+4.p,e1b,age-fair,TIMEOUT,393,3743.409,162288.755,,,15410,2551582,14981,2532770,666,26,,,,,,,false,
starexec,NUM653+4.p,e1b,balanced,TIMEOUT,393,1709.610,164341.730,,,21158,6059591,20431,6015965,673,29,,,,,,,false,
starexec,NUM653+4.p,e1b,equational,TIMEOUT,393,2185.029,163693.979,,,18722,3884799,17349,3845715,673,29,,,,,,,false,
starexec,NUM653+4.p,e1b,first-negative,TIMEOUT,393,3184.514,163362.059,,,14675,4712598,14259,4683816,666,26,,,,,,,false,
starexec,NUM653+4.p,e1b,occurrence,TIMEOUT,393,3584.687,161947.574,,,20329,3434986,17536,3351729,666,26,,,,,,,false,
starexec,NUM653+4.p,e1b,subsumption-light,TIMEOUT,393,2052.311,163682.318,,,15100,2131076,14481,2099932,673,29,,,,,,,false,
starexec,NUM653+4.p,e1b,unary-redundancy,TIMEOUT,393,3068.435,162375.007,,,11250,1420082,10406,1398567,666,26,,,,,,,false,
starexec,NUM653+4.p,e1b,weight-greedy,TIMEOUT,393,2121.186,163756.415,,,40153,1193814,34977,1013861,673,29,,,,,,,false,
starexec,NUM656+4.p,e1b,age-fair,TIMEOUT,402,3774.058,162091.615,,,14533,3661843,14154,3644108,684,26,,,,,,,false,
starexec,NUM656+4.p,e1b,balanced,TIMEOUT,402,1650.441,164123.458,,,26832,11689911,26054,11632581,691,29,,,,,,,false,
starexec,NUM656+4.p,e1b,equational,TIMEOUT,402,2116.430,163652.974,,,21673,7343271,20225,7301713,691,29,,,,,,,false,
starexec,NUM656+4.p,e1b,first-negative,TIMEOUT,402,3232.325,163342.724,,,14969,5183751,14684,5156247,684,26,,,,,,,false,
starexec,NUM656+4.p,e1b,occurrence,HARD_TIMEOUT,402,0.000,,,,,,,,,,,,,,,,false,
starexec,NUM656+4.p,e1b,subsumption-light,TIMEOUT,402,2134.507,163711.698,,,18044,5059283,17367,5024783,691,29,,,,,,,false,
starexec,NUM656+4.p,e1b,unary-redundancy,TIMEOUT,402,2853.391,163850.538,,,17429,5131682,16272,5097682,684,26,,,,,,,false,
starexec,NUM656+4.p,e1b,weight-greedy,TIMEOUT,402,2043.517,163700.776,,,47490,1022563,42388,862092,691,29,,,,,,,false,
starexec,NUM657+4.p,e1b,age-fair,HARD_TIMEOUT,405,0.000,,,,,,,,,,,,,,,,false,
starexec,NUM657+4.p,e1b,equational,TIMEOUT,405,3380.130,162516.912,,,16679,4710416,16264,4678620,697,29,,,,,,,false,
starexec,NUM657+4.p,e1b,first-negative,HARD_TIMEOUT,405,0.000,,,,,,,,,,,,,,,,false,
starexec,NUM657+4.p,e1b,occurrence,HARD_TIMEOUT,405,0.000,,,,,,,,,,,,,,,,false,
starexec,NUM657+4.p,e1b,subsumption-light,TIMEOUT,405,3367.971,162305.398,,,14496,3180836,14048,3153476,697,29,,,,,,,false,
starexec,NUM657+4.p,e1b,unary-redundancy,HARD_TIMEOUT,405,0.000,,,,,,,,,,,,,,,,false,
starexec,NUM657+4.p,e1b,weight-greedy,TIMEOUT,405,3131.112,162637.544,,,42071,918972,36371,782612,697,29,,,,,,,false,
starexec,NUM658+4.p,e1b,balanced,TIMEOUT,408,1672.452,164216.773,,,17521,11177238,16983,11144394,703,29,,,,,,,false,
starexec,NUM658+4.p,e1b,first-negative,TIMEOUT,408,1747.261,164639.538,,,21752,11013202,20919,10961684,696,26,,,,,,,false,
starexec,NUM658+4.p,e1b,occurrence,TIMEOUT,408,2575.271,164128.446,,,24892,6299773,23875,6177161,696,26,,,,,,,false,
starexec,NUM658+4.p,e1b,subsumption-light,TIMEOUT,408,1202.374,164695.028,,,18446,12136947,17868,12101706,703,29,,,,,,,false,
starexec,NUM658+4.p,e1b,unary-redundancy,TIMEOUT,408,1685.071,164786.681,,,21666,8371235,21184,8326805,696,26,,,,,,,false,
starexec,NUM658+4.p,e1b,weight-greedy,TIMEOUT,408,1228.466,164746.296,,,62971,1786296,54916,1559556,703,29,,,,,,,false,
starexec,NUM663+4.p,e1b,age-fair,HARD_TIMEOUT,419,0.000,,,,,,,,,,,,,,,,false,
starexec,NUM663+4.p,e1b,balanced,TIMEOUT,419,1587.361,164513.580,,,23034,8669794,22246,8626174,727,29,,,,,,,false,
starexec,NUM663+4.p,e1b,equational,TIMEOUT,419,3285.672,162520.906,,,19017,5290100,17779,5255146,727,29,,,,,,,false,
starexec,NUM663+4.p,e1b,first-negative,TIMEOUT,419,3324.774,163343.712,,,17995,5065417,16985,5029565,720,26,,,,,,,false,
starexec,NUM663+4.p,e1b,occurrence,HARD_TIMEOUT,419,0.000,,,,,,,,,,,,,,,,false,
starexec,NUM663+4.p,e1b,subsumption-light,TIMEOUT,419,3472.462,162261.243,,,15096,3453142,14602,3426326,727,29,,,,,,,false,
starexec,NUM663+4.p,e1b,unary-redundancy,HARD_TIMEOUT,419,0.000,,,,,,,,,,,,,,,,false,
starexec,NUM663+4.p,e1b,weight-greedy,TIMEOUT,419,2171.442,163572.268,,,45028,1732609,37507,1487129,727,29,,,,,,,false,
starexec,NUM664+4.p,e1b,age-fair,HARD_TIMEOUT,423,0.000,,,,,,,,,,,,,,,,false,
starexec,NUM664+4.p,e1b,balanced,TIMEOUT,423,1798.286,164084.485,,,22264,7497946,21197,7457682,736,29,,,,,,,false,
starexec,NUM664+4.p,e1b,equational,TIMEOUT,423,3491.663,162464.965,,,17958,4731902,16255,4697256,736,29,,,,,,,false,
starexec,NUM664+4.p,e1b,first-negative,HARD_TIMEOUT,423,0.000,,,,,,,,,,,,,,,,false,
starexec,NUM664+4.p,e1b,occurrence,HARD_TIMEOUT,423,0.000,,,,,,,,,,,,,,,,false,
starexec,NUM664+4.p,e1b,subsumption-light,TIMEOUT,423,3423.948,162514.199,,,15154,3302478,14724,3275836,736,29,,,,,,,false,
starexec,NUM664+4.p,e1b,unary-redundancy,HARD_TIMEOUT,423,0.000,,,,,,,,,,,,,,,,false,
starexec,NUM664+4.p,e1b,weight-greedy,TIMEOUT,423,3372.674,162422.093,,,38838,1006852,33580,849882,736,29,,,,,,,false,
starexec,NUM669+4.p,e1b,age-fair,HARD_TIMEOUT,443,0.000,,,,,,,,,,,,,,,,false,
starexec,NUM669+4.p,e1b,balanced,TIMEOUT,443,1623.328,164217.250,,,24544,7500780,24161,7452726,776,29,,,,,,,false,
starexec,NUM669+4.p,e1b,equational,TIMEOUT,443,3397.696,162227.292,,,18143,4621682,17819,4589506,776,29,,,,,,,false,
starexec,NUM669+4.p,e1b,first-negative,TIMEOUT,443,3249.559,163358.447,,,16311,6408877,15703,6374713,769,26,,,,,,,false,
starexec,NUM669+4.p,e1b,occurrence,HARD_TIMEOUT,443,0.000,,,,,,,,,,,,,,,,false,
starexec,NUM669+4.p,e1b,subsumption-light,TIMEOUT,443,3475.161,162344.471,,,15623,2864805,15245,2835313,776,29,,,,,,,false,
starexec,NUM669+4.p,e1b,unary-redundancy,HARD_TIMEOUT,443,0.000,,,,,,,,,,,,,,,,false,
starexec,NUM669+4.p,e1b,weight-greedy,REFUTED,443,5922.014,89453.951,254.912,26928.721,35376,494796,29329,389342,776,29,5506,5305670,28484,2694,444,false,false,
starexec,NUM671+4.p,e1b,age-fair,HARD_TIMEOUT,453,0.000,,,,,,,,,,,,,,,,false,
starexec,NUM671+4.p,e1b,balanced,TIMEOUT,453,1762.231,163898.735,,,20492,7492596,19066,7450158,795,29,,,,,,,false,
starexec,NUM671+4.p,e1b,equational,HARD_TIMEOUT,453,0.000,,,,,,,,,,,,,,,,false,
starexec,NUM671+4.p,e1b,first-negative,HARD_TIMEOUT,453,0.000,,,,,,,,,,,,,,,,false,
starexec,NUM671+4.p,e1b,occurrence,HARD_TIMEOUT,453,0.000,,,,,,,,,,,,,,,,false,
starexec,NUM671+4.p,e1b,subsumption-light,TIMEOUT,453,3129.214,162089.525,,,17163,5246004,15975,5210814,795,29,,,,,,,false,
starexec,NUM671+4.p,e1b,unary-redundancy,TIMEOUT,453,3964.936,161884.640,,,18480,3538116,17304,3497218,788,26,,,,,,,false,
starexec,NUM671+4.p,e1b,weight-greedy,TIMEOUT,453,2894.220,162044.293,,,51268,1650831,43241,1434640,795,29,,,,,,,false,
starexec,NUM689+4.p,e1b,age-fair,HARD_TIMEOUT,554,0.000,,,,,,,,,,,,,,,,false,
starexec,NUM689+4.p,e1b,balanced,TIMEOUT,554,1908.423,163839.520,,,26528,7047079,25501,6993879,1006,29,,,,,,,false,
starexec,NUM689+4.p,e1b,equational,SATURATED,554,1208.178,253.897,,,7,7,7,7,7,0,,,,,,,false,
starexec,NUM689+4.p,e1b,first-negative,SATURATED,554,1350.572,373.005,,,3,3,3,3,3,0,,,,,,,false,
starexec,NUM689+4.p,e1b,occurrence,HARD_TIMEOUT,554,0.000,,,,,,,,,,,,,,,,false,
starexec,NUM689+4.p,e1b,subsumption-light,SATURATED,554,1173.419,384.330,,,7,7,7,7,7,0,,,,,,,false,
starexec,NUM689+4.p,e1b,unary-redundancy,SATURATED,554,1405.839,494.097,,,11,11,11,11,11,0,,,,,,,false,
starexec,NUM689+4.p,e1b,weight-greedy,SATURATED,554,1280.444,358.460,,,5,5,5,5,5,0,,,,,,,false,
starexec,NUM690+4.p,e1b,age-fair,HARD_TIMEOUT,559,0.000,,,,,,,,,,,,,,,,false,
starexec,NUM690+4.p,e1b,balanced,TIMEOUT,559,1892.223,164017.682,,,28342,7163547,27738,7102915,1017,29,,,,,,,false,
starexec,NUM690+4.p,e1b,equational,SATURATED,559,1206.345,346.349,,,7,7,7,7,7,0,,,,,,,false,
starexec,NUM690+4.p,e1b,first-negative,SATURATED,559,1444.307,434.421,,,3,3,3,3,3,0,,,,,,,false,
starexec,NUM690+4.p,e1b,occurrence,HARD_TIMEOUT,559,0.000,,,,,,,,,,,,,,,,false,
starexec,NUM690+4.p,e1b,subsumption-light,SATURATED,559,1231.956,385.113,,,7,7,7,7,7,0,,,,,,,false,
starexec,NUM690+4.p,e1b,unary-redundancy,SATURATED,559,1566.109,563.013,,,11,11,11,11,11,0,,,,,,,false,
starexec,NUM690+4.p,e1b,weight-greedy,SATURATED,559,1338.280,435.210,,,5,5,5,5,5,0,,,,,,,false,
starexec,NUM691+4.p,e1b,age-fair,HARD_TIMEOUT,564,0.000,,,,,,,,,,,,,,,,false,
starexec,NUM691+4.p,e1b,balanced,TIMEOUT,564,1686.532,164063.108,,,26943,7335208,26282,7286752,1028,29,,,,,,,false,
starexec,NUM691+4.p,e1b,equational,SATURATED,564,1261.693,374.578,,,7,7,7,7,7,0,,,,,,,false,
starexec,NUM691+4.p,e1b,first-negative,SATURATED,564,1467.501,380.728,,,3,3,3,3,3,0,,,,,,,false,
starexec,NUM691+4.p,e1b,occurrence,HARD_TIMEOUT,564,0.000,,,,,,,,,,,,,,,,false,
starexec,NUM691+4.p,e1b,subsumption-light,SATURATED,564,1292.436,394.728,,,7,7,7,7,7,0,,,,,,,false,
starexec,NUM691+4.p,e1b,unary-redundancy,SATURATED,564,1474.689,578.502,,,11,11,11,11,11,0,,,,,,,false,
starexec,NUM691+4.p,e1b,weight-greedy,SATURATED,564,1218.773,348.100,,,5,5,5,5,5,0,,,,,,,false,
starexec,NUM694+4.p,e1b,age-fair,TIMEOUT,572,2756.602,163493.149,,,16770,7155213,16085,7132964,506,26,,,,,,,false,
starexec,NUM694+4.p,e1b,balanced,TIMEOUT,572,1209.774,165097.273,,,28593,9888161,28023,9835313,1043,29,,,,,,,false,
starexec,NUM694+4.p,e1b,equational,TIMEOUT,572,1420.204,163324.569,,,10932,7978745,10411,7954525,120,9,,,,,,,false,
starexec,NUM694+4.p,e1b,first-negative,SATURATED,572,1296.386,398.779,,,3,3,3,3,3,0,,,,,,,false,
starexec,NUM694+4.p,e1b,occurrence,TIMEOUT,572,2782.621,163447.817,,,20455,8020580,18338,7931633,458,26,,,,,,,false,
starexec,NUM694+4.p,e1b,subsumption-light,TIMEOUT,572,1054.741,163125.284,,,2863,5396623,2730,5386023,37,2,,,,,,,false,
starexec,NUM694+4.p,e1b,unary-redundancy,TIMEOUT,572,1530.585,163203.157,,,9801,6742730,9518,6722058,113,2,,,,,,,false,
starexec,NUM694+4.p,e1b,weight-greedy,SATURATED,572,916.554,399.404,,,17,20,17,13,13,1,,,,,,,false,
starexec,NUM695+4.p,e1b,age-fair,HARD_TIMEOUT,574,0.000,,,,,,,,,,,,,,,,false,
starexec,NUM695+4.p,e1b,balanced,TIMEOUT,574,1912.588,164106.136,,,24358,5621214,23124,5572406,1046,29,,,,,,,false,
starexec,NUM695+4.p,e1b,equational,TIMEOUT,574,1946.514,161610.760,,,12413,4537930,10761,4491778,58,8,,,,,,,false,
starexec,NUM695+4.p,e1b,first-negative,SATURATED,574,1508.611,371.059,,,3,3,3,3,3,0,,,,,,,false,
starexec,NUM695+4.p,e1b,occurrence,HARD_TIMEOUT,574,0.000,,,,,,,,,,,,,,,,false,
starexec,NUM695+4.p,e1b,subsumption-light,TIMEOUT,574,1652.692,161407.755,,,7438,401102,6717,379322,28,2,,,,,,,false,
starexec,NUM695+4.p,e1b,unary-redundancy,HARD_TIMEOUT,574,0.000,,,,,,,,,,,,,,,,false,
starexec,NUM695+4.p,e1b,weight-greedy,SATURATED,574,1327.060,506.285,,,11,11,11,7,7,0,,,,,,,false,
starexec,NUM698+4.p,e1b,age-fair,HARD_TIMEOUT,585,0.000,,,,,,,,,,,,,,,,false,
starexec,NUM698+4.p,e1b,balanced,TIMEOUT,585,1914.858,163871.673,,,26199,6144369,24808,6089543,1067,29,,,,,,,false,
starexec,NUM698+4.p,e1b,equational,SATURATED,585,1316.319,545.484,,,12,12,12,12,12,0,,,,,,,false,
starexec,NUM698+4.p,e1b,first-negative,SATURATED,585,1390.172,404.918,,,3,3,3,3,3,0,,,,,,,false,
starexec,NUM698+4.p,e1b,occurrence,HARD_TIMEOUT,585,0.000,,,,,,,,,,,,,,,,false,
starexec,NUM698+4.p,e1b,subsumption-light,SATURATED,585,1341.949,510.095,,,10,10,10,10,10,0,,,,,,,false,
starexec,NUM698+4.p,e1b,unary-redundancy,TIMEOUT,585,2434.972,161402.852,,,9258,5263038,8925,5244084,119,2,,,,,,,false,
starexec,NUM698+4.p,e1b,weight-greedy,SATURATED,585,1282.590,353.446,,,6,6,6,6,6,0,,,,,,,false,
starexec,NUM707+4.p,e1b,age-fair,TIMEOUT,634,2900.154,163248.311,,,14510,5681892,14283,5664272,553,26,,,,,,,false,
starexec,NUM707+4.p,e1b,balanced,TIMEOUT,634,1252.781,164673.144,,,33084,9446068,32406,9383262,1149,29,,,,,,,false,
starexec,NUM707+4.p,e1b,equational,SATURATED,634,904.614,401.061,,,15,15,15,10,10,0,,,,,,,false,
starexec,NUM707+4.p,e1b,first-negative,SATURATED,634,1379.159,362.567,,,3,3,3,3,3,0,,,,,,,false,
starexec,NUM707+4.p,e1b,occurrence,TIMEOUT,634,2799.234,163286.114,,,19642,5480017,19029,5393940,476,26,,,,,,,false,
starexec,NUM707+4.p,e1b,subsumption-light,SATURATED,634,794.232,320.077,,,6,6,6,6,6,0,,,,,,,false,
starexec,NUM707+4.p,e1b,unary-redundancy,TIMEOUT,634,1197.588,163215.758,,,3066,5558147,2886,5546865,30,1,,,,,,,false,
starexec,NUM707+4.p,e1b,weight-greedy,SATURATED,634,815.677,244.024,,,5,5,5,5,5,0,,,,,,,false,
starexec,NUM709+4.p,e1b,age-fair,HARD_TIMEOUT,639,0.000,,,,,,,,,,,,,,,,false,
starexec,NUM709+4.p,e1b,balanced,TIMEOUT,639,2100.443,164009.900,,,27270,5360329,26008,5304869,1157,29,,,,,,,false,
starexec,NUM709+4.p,e1b,equational,SATURATED,639,1307.380,560.745,,,15,15,15,10,10,0,,,,,,,false,
starexec,NUM709+4.p,e1b,first-negative,SATURATED,639,1364.997,411.324,,,3,3,3,3,3,0,,,,,,,false,
starexec,NUM709+4.p,e1b,occurrence,HARD_TIMEOUT,639,0.000,,,,,,,,,,,,,,,,false,
starexec,NUM709+4.p,e1b,subsumption-light,SATURATED,639,1292.180,483.690,,,6,6,6,6,6,0,,,,,,,false,
starexec,NUM709+4.p,e1b,unary-redundancy,HARD_TIMEOUT,639,0.000,,,,,,,,,,,,,,,,false,
starexec,NUM709+4.p,e1b,weight-greedy,SATURATED,639,1278.425,383.479,,,5,5,5,5,5,0,,,,,,,false,
starexec,NUM743+4.p,e1b,age-fair,HARD_TIMEOUT,907,0.000,,,,,,,,,,,,,,,,false,
starexec,NUM743+4.p,e1b,balanced,TIMEOUT,907,2125.123,163991.635,,,26047,6345883,25048,6295989,1679,33,,,,,,,false,
starexec,NUM743+4.p,e1b,equational,SATURATED,907,1018.447,377.316,,,9,9,9,9,9,0,,,,,,,false,
starexec,NUM743+4.p,e1b,first-negative,SATURATED,907,1045.278,304.646,,,3,3,3,3,3,0,,,,,,,false,
starexec,NUM743+4.p,e1b,subsumption-light,SATURATED,907,897.394,324.760,,,9,9,9,9,9,0,,,,,,,false,
starexec,NUM743+4.p,e1b,unary-redundancy,TIMEOUT,907,3670.219,161218.820,,,12107,3872837,11722,3847239,280,5,,,,,,,false,
starexec,NUM743+4.p,e1b,weight-greedy,SATURATED,907,938.083,295.882,,,5,5,5,5,5,0,,,,,,,false,
starexec,NUM747+4.p,e1b,age-fair,HARD_TIMEOUT,943,0.000,,,,,,,,,,,,,,,,false,
starexec,NUM747+4.p,e1b,balanced,HARD_TIMEOUT,943,0.000,,,,,,,,,,,,,,,,false,
starexec,NUM747+4.p,e1b,equational,SATURATED,943,946.054,244.481,,,7,7,7,7,7,0,,,,,,,false,
starexec,NUM747+4.p,e1b,first-negative,SATURATED,943,1112.313,305.859,,,3,3,3,3,3,0,,,,,,,false,
starexec,NUM747+4.p,e1b,occurrence,HARD_TIMEOUT,943,0.000,,,,,,,,,,,,,,,,false,
starexec,NUM747+4.p,e1b,subsumption-light,SATURATED,943,955.781,351.606,,,7,7,7,7,7,0,,,,,,,false,
starexec,NUM747+4.p,e1b,unary-redundancy,TIMEOUT,943,2013.033,162868.316,,,12892,6845326,12375,6819113,179,5,,,,,,,false,
starexec,NUM747+4.p,e1b,weight-greedy,SATURATED,943,861.577,286.421,,,5,5,5,5,5,0,,,,,,,false,
starexec,NUM750+4.p,e1b,age-fair,TIMEOUT,964,1739.253,164303.419,,,17595,7446813,17282,7426214,762,26,,,,,,,false,
starexec,NUM750+4.p,e1b,balanced,TIMEOUT,964,1390.000,164452.226,,,30310,5639158,29207,5581698,1788,33,,,,,,,false,
starexec,NUM750+4.p,e1b,equational,SATURATED,964,557.624,151.281,,,8,8,8,8,8,0,,,,,,,false,
starexec,NUM750+4.p,e1b,first-negative,SATURATED,964,747.095,196.969,,,3,3,3,3,3,0,,,,,,,false,
starexec,NUM750+4.p,e1b,occurrence,TIMEOUT,964,1580.126,164272.831,,,22954,7797996,21565,7701664,545,26,,,,,,,false,
starexec,NUM750+4.p,e1b,subsumption-light,SATURATED,964,572.061,197.039,,,8,8,8,8,8,0,,,,,,,false,
starexec,NUM750+4.p,e1b,unary-redundancy,SATURATED,964,655.965,244.548,,,15,15,15,15,15,0,,,,,,,false,
starexec,NUM750+4.p,e1b,weight-greedy,SATURATED,964,534.541,132.342,,,5,5,5,5,5,0,,,,,,,false,
starexec,NUM757+4.p,e1b,age-fair,HARD_TIMEOUT,1012,0.000,,,,,,,,,,,,,,,,false,
starexec,NUM757+4.p,e1b,balanced,TIMEOUT,1012,1757.824,164972.469,,,20605,10233860,19548,10196440,1888,33,,,,,,,false,
starexec,NUM757+4.p,e1b,equational,SATURATED,1012,1009.339,267.284,,,8,8,8,8,8,0,,,,,,,false,
starexec,NUM757+4.p,e1b,first-negative,SATURATED,1012,1164.511,278.023,,,3,3,3,3,3,0,,,,,,,false,
starexec,NUM757+4.p,e1b,occurrence,TIMEOUT,1012,2969.680,161164.833,,,17266,4678440,16769,4595458,545,26,,,,,,,false,
starexec,NUM757+4.p,e1b,subsumption-light,SATURATED,1012,1008.587,327.157,,,8,8,8,8,8,0,,,,,,,false,
starexec,NUM757+4.p,e1b,unary-redundancy,SATURATED,1012,1080.540,360.935,,,8,8,8,8,8,0,,,,,,,false,
starexec,NUM757+4.p,e1b,weight-greedy,SATURATED,1012,1018.742,275.849,,,5,5,5,5,5,0,,,,,,,false,
starexec,NUM783+4.p,e1b,age-fair,HARD_TIMEOUT,1257,0.000,,,,,,,,,,,,,,,,false,
starexec,NUM783+4.p,e1b,balanced,TIMEOUT,1257,2425.932,163409.413,,,32229,4469307,31307,4414647,2380,33,,,,,,,false,
starexec,NUM783+4.p,e1b,equational,TIMEOUT,1257,1476.969,162333.449,,,10084,4652060,9478,4624444,79,9,,,,,,,false,
starexec,NUM783+4.p,e1b,first-negative,SATURATED,1257,1223.121,275.105,,,5,5,5,5,5,0,,,,,,,false,
starexec,NUM783+4.p,e1b,subsumption-light,TIMEOUT,1257,1309.268,162295.857,,,14391,403125,12738,363365,40,3,,,,,,,false,
starexec,NUM783+4.p,e1b,unary-redundancy,TIMEOUT,1257,3816.737,160374.755,,,12433,3994893,12064,3967207,276,5,,,,,,,false,
starexec,NUM783+4.p,e1b,weight-greedy,SATURATED,1257,1164.040,414.403,,,14,15,14,12,12,1,,,,,,,false,
starexec,NUM785+4.p,e1b,age-fair,TIMEOUT,1274,3328.887,162691.479,,,14925,4837737,14671,4820384,699,26,,,,,,,false,
starexec,NUM785+4.p,e1b,balanced,TIMEOUT,1274,1505.490,164389.132,,,32559,4712291,31748,4656075,2413,33,,,,,,,false,
starexec,NUM785+4.p,e1b,equational,TIMEOUT,1274,1428.716,163933.353,,,9844,4129960,9117,4102936,74,9,,,,,,,false,
starexec,NUM785+4.p,e1b,first-negative,SATURATED,1274,1583.430,387.474,,,3,3,3,3,3,0,,,,,,,false,
starexec,NUM785+4.p,e1b,occurrence,TIMEOUT,1274,2986.806,162653.521,,,18750,5978580,17089,5899243,503,26,,,,,,,false,
starexec,NUM785+4.p,e1b,subsumption-light,SATURATED,1274,1047.314,312.280,,,8,8,8,8,8,0,,,,,,,false,
starexec,NUM785+4.p,e1b,unary-redundancy,TIMEOUT,1274,1711.604,162476.508,,,5063,4209592,5014,4197226,81,4,,,,,,,false,
starexec,NUM785+4.p,e1b,weight-greedy,SATURATED,1274,1049.542,298.759,,,6,6,6,6,6,0,,,,,,,false,
starexec,NUM786+4.p,e1b,age-fair,HARD_TIMEOUT,1277,0.000,,,,,,,,,,,,,,,,false,
starexec,NUM786+4.p,e1b,balanced,TIMEOUT,1277,2499.438,163269.336,,,28445,8713135,27613,8662727,2419,33,,,,,,,false,
starexec,NUM786+4.p,e1b,first-negative,SATURATED,1277,1166.493,348.270,,,3,3,3,3,3,0,,,,,,,false,
starexec,NUM786+4.p,e1b,occurrence,HARD_TIMEOUT,1277,0.000,,,,,,,,,,,,,,,,false,
starexec,NUM786+4.p,e1b,subsumption-light,SATURATED,1277,1054.717,289.478,,,12,12,12,11,11,0,,,,,,,false,
starexec,NUM786+4.p,e1b,unary-redundancy,TIMEOUT,1277,1732.716,162282.379,,,6127,4025095,5605,4010821,87,4,,,,,,,false,
starexec,NUM786+4.p,e1b,weight-greedy,SATURATED,1277,1018.645,238.340,,,6,6,6,6,6,0,,,,,,,false,
starexec,NUM787+4.p,e1b,age-fair,HARD_TIMEOUT,1280,0.000,,,,,,,,,,,,,,,,false,
starexec,NUM787+4.p,e1b,balanced,TIMEOUT,1280,2371.888,163463.413,,,35454,6044438,33785,5976748,2425,33,,,,,,,false,
starexec,NUM787+4.p,e1b,equational,SATURATED,1280,1095.056,354.223,,,17,17,17,16,16,0,,,,,,,false,
starexec,NUM787+4.p,e1b,first-negative,SATURATED,1280,1097.502,291.240,,,3,3,3,3,3,0,,,,,,,false,
starexec,NUM787+4.p,e1b,occurrence,HARD_TIMEOUT,1280,0.000,,,,,,,,,,,,,,,,false,
starexec,NUM787+4.p,e1b,subsumption-light,SATURATED,1280,1055.884,339.190,,,12,12,12,11,11,0,,,,,,,false,
starexec,NUM787+4.p,e1b,unary-redundancy,TIMEOUT,1280,2600.090,160554.902,,,5746,3252505,5580,3239561,87,4,,,,,,,false,
starexec,NUM787+4.p,e1b,weight-greedy,SATURATED,1280,999.473,273.800,,,6,6,6,6,6,0,,,,,,,false,
starexec,NUM789+4.p,e1b,age-fair,HARD_TIMEOUT,1286,0.000,,,,,,,,,,,,,,,,false,
starexec,NUM789+4.p,e1b,balanced,TIMEOUT,1286,1548.946,164335.971,,,34448,5263289,33082,5197677,2437,33,,,,,,,false,
starexec,NUM789+4.p,e1b,equational,SATURATED,1286,1088.594,307.347,,,18,18,18,17,17,0,,,,,,,false,
starexec,NUM789+4.p,e1b,first-negative,SATURATED,1286,1103.384,312.370,,,3,3,3,3,3,0,,,,,,,false,
starexec,NUM789+4.p,e1b,occurrence,TIMEOUT,1286,2943.429,162601.761,,,19384,5142082,17879,5059620,535,26,,,,,,,false,
starexec,NUM789+4.p,e1b,subsumption-light,SATURATED,1286,1081.510,302.848,,,15,15,15,14,14,0,,,,,,,false,
starexec,NUM789+4.p,e1b,unary-redundancy,TIMEOUT,1286,1746.433,162391.223,,,6111,3756282,6013,3742043,93,4,,,,,,,false,
starexec,NUM789+4.p,e1b,weight-greedy,SATURATED,1286,1065.806,264.330,,,6,6,6,6,6,0,,,,,,,false,
starexec,NUM795+4.p,e1b,age-fair,HARD_TIMEOUT,1411,0.000,,,,,,,,,,,,,,,,false,
starexec,NUM795+4.p,e1b,balanced,TIMEOUT,1411,2625.360,163426.050,,,33082,6021031,32283,5960862,2687,33,,,,,,,false,
starexec,NUM795+4.p,e1b,equational,SATURATED,1411,1512.288,459.609,,,7,7,7,7,7,0,,,,,,,false,
starexec,NUM795+4.p,e1b,first-negative,SATURATED,1411,1864.073,488.092,,,3,3,3,3,3,0,,,,,,,false,
starexec,NUM795+4.p,e1b,occurrence,HARD_TIMEOUT,1411,0.000,,,,,,,,,,,,,,,,false,
starexec,NUM795+4.p,e1b,subsumption-light,SATURATED,1411,1585.169,450.007,,,7,7,7,7,7,0,,,,,,,false,
starexec,NUM795+4.p,e1b,unary-redundancy,TIMEOUT,1411,2743.648,160374.380,,,5033,4293846,5004,4281950,88,4,,,,,,,false,
starexec,NUM795+4.p,e1b,weight-greedy,SATURATED,1411,1573.237,396.748,,,5,5,5,5,5,0,,,,,,,false,
starexec,NUM796+4.p,e1b,age-fair,TIMEOUT,1416,4235.886,160826.423,,,12079,3254807,11723,3238945,692,26,,,,,,,false,
starexec,NUM796+4.p,e1b,balanced,TIMEOUT,1416,1737.637,163496.250,,,34473,5620592,33642,5554342,2698,33,,,,,,,false,
starexec,NUM796+4.p,e1b,equational,SATURATED,1416,1086.558,310.279,,,7,7,7,7,7,0,,,,,,,false,
starexec,NUM796+4.p,e1b,first-negative,SATURATED,1416,1462.992,433.107,,,3,3,3,3,3,0,,,,,,,false,
starexec,NUM796+4.p,e1b,occurrence,TIMEOUT,1416,3802.866,160816.943,,,18847,4443761,17315,4373032,534,26,,,,,,,false,
starexec,NUM796+4.p,e1b,subsumption-light,SATURATED,1416,1474.366,462.202,,,7,7,7,7,7,0,,,,,,,false,
starexec,NUM796+4.p,e1b,unary-redundancy,KILLED,,0.000,,,,,,,,,,,,,,,,false,killed before finishing
starexec,NUM796+4.p,e1b,weight-greedy,SATURATED,1416,989.123,298.445,,,5,5,5,5,5,0,,,,,,,false,
starexec,NUM835+1.p,e1b,age-fair,REFUTED,38,1814.090,43508.845,124.608,1604.384,1581,1114633,1554,1111306,49,4,601,84308,1531,592,39,false,false,
starexec,NUM835+1.p,e1b,balanced,REFUTED,38,760.427,2204.473,58.950,745.303,474,36404,466,35150,49,4,527,72943,1620,572,39,false,false,
starexec,NUM835+1.p,e1b,equational,REFUTED,38,1597.199,5294.661,161.775,1929.644,430,26359,422,25207,49,4,527,72943,1620,572,39,false,false,
starexec,NUM835+1.p,e1b,first-negative,TIMEOUT,38,1443.768,163435.225,,,4943,6183039,4793,6148135,49,4,,,,,,,false,
starexec,NUM835+1.p,e1b,occurrence,REFUTED,38,1848.001,8534.482,172.431,1237.780,520,58119,514,53869,49,4,564,77436,1493,592,39,false,false,
starexec,NUM835+1.p,e1b,subsumption-light,REFUTED,38,1645.080,7739.316,146.345,2158.686,471,34031,398,32777,49,4,527,72943,1620,572,39,false,false,
starexec,NUM835+1.p,e1b,unary-redundancy,REFUTED,38,1922.482,7135.531,171.266,1764.038,421,29924,351,28698,49,4,564,77436,1493,592,39,false,false,
starexec,NUM835+1.p,e1b,weight-greedy,REFUTED,38,1666.416,5704.160,160.542,2113.781,757,23220,648,17428,49,4,524,72678,1616,572,39,false,false,
starexec,NUM840+1.p,e1b,age-fair,REFUTED,38,1777.689,11038.078,138.962,1428.975,1077,165743,992,163728,47,4,576,49639,1764,225,39,false,false,
starexec,NUM840+1.p,e1b,balanced,REFUTED,38,857.122,3589.886,107.575,892.678,624,42932,588,41322,47,4,572,52814,1945,225,39,false,false,
starexec,NUM840+1.p,e1b,equational,REFUTED,38,1622.654,7739.027,206.924,1856.788,748,65193,720,62997,47,4,566,52552,1944,225,39,false,false,
starexec,NUM840+1.p,e1b,first-negative,TIMEOUT,38,1524.023,163547.663,,,5118,6170757,4679,6139317,47,4,,,,,,,false,
starexec,NUM840+1.p,e1b,occurrence,REFUTED,38,1827.454,3099.125,152.174,1276.642,383,11029,342,9717,47,4,555,46719,1726,225,39,false,false,
starexec,NUM840+1.p,e1b,subsumption-light,REFUTED,38,1637.406,6417.400,214.012,1923.625,604,40280,554,38694,47,4,572,52814,1945,225,39,false,false,
starexec,NUM840+1.p,e1b,unary-redundancy,REFUTED,38,1941.837,6824.527,183.736,1402.034,619,42823,566,41217,47,4,605,53059,1799,225,39,false,false,
starexec,NUM840+1.p,e1b,weight-greedy,REFUTED,38,1529.665,2402.167,171.128,1575.157,352,4946,334,3175,47,4,530,47145,1886,225,39,false,false,
starexec,NUM853+2.p,e1b,age-fair,REFUTED,36,1749.658,14315.920,135.143,1270.344,1667,192633,1571,190038,41,4,556,46808,1680,225,37,false,false,
starexec,NUM853+2.p,e1b,balanced,REFUTED,36,853.497,4023.064,100.806,784.050,836,51580,801,49630,41,4,516,45360,1782,225,37,false,false,
starexec,NUM853+2.p,e1b,equational,REFUTED,36,1540.281,10822.559,203.829,1721.661,942,96401,912,94198,41,4,513,44935,1780,225,37,false,false,
starexec,NUM853+2.p,e1b,first-negative,TIMEOUT,36,1427.762,163402.481,,,6782,7346698,6295,7323368,41,4,,,,,,,false,
starexec,NUM853+2.p,e1b,occurrence,REFUTED,36,1808.328,2542.432,165.987,1241.670,273,5810,263,4913,41,4,544,45149,1652,225,37,false,false,
starexec,NUM853+2.p,e1b,subsumption-light,REFUTED,36,1499.417,6916.776,181.222,1601.673,623,33030,565,31454,41,4,500,43577,1752,225,37,false,false,
starexec,NUM853+2.p,e1b,unary-redundancy,REFUTED,36,1843.370,5445.854,165.048,1416.205,464,23251,436,22198,41,4,551,45991,1680,225,37,false,false,
starexec,NUM853+2.p,e1b,weight-greedy,REFUTED,36,1478.152,2997.963,172.710,1454.839,453,8872,439,6626,41,4,504,43832,1755,225,37,false,false,
starexec,NUM859+1.p,e1b,age-fair,TIMEOUT,13,1216.972,164169.253,,,10820,9457347,10639,9439080,30,6,,,,,,,false,
starexec,NUM859+1.p,e1b,balanced,REFUTED,13,926.001,13278.395,170.562,1271.984,4234,1418214,4100,1408397,30,6,642,163673,1529,592,14,false,false,
starexec,NUM859+1.p,e1b,equational,REFUTED,13,1358.187,36938.457,146.418,1486.854,4748,2429729,4523,2418597,30,6,611,154618,1519,592,14,false,false,
starexec,NUM859+1.p,e1b,occurrence,REFUTED,13,1912.578,21806.738,285.925,2148.245,3420,838268,3291,824641,30,6,654,183536,1479,616,14,false,false,
starexec,NUM859+1.p,e1b,subsumption-light,TIMEOUT,13,1029.774,164109.857,,,6821,4388530,6758,4371494,30,6,,,,,,,false,
starexec,NUM859+1.p,e1b,unary-redundancy,TIMEOUT,13,1226.350,164222.537,,,6484,4235427,6436,4218935,30,6,,,,,,,false,
starexec,NUM859+1.p,e1b,weight-greedy,TIMEOUT,13,1040.309,163994.034,,,17153,11049060,14789,10766739,30,6,,,,,,,false,
starexec,NUM860+1.p,e1b,age-fair,TIMEOUT,13,1268.310,164098.363,,,11915,11427248,11645,11409178,30,6,,,,,,,false,
starexec,NUM860+1.p,e1b,balanced,TIMEOUT,13,578.185,166794.753,,,12358,21871275,12072,21839271,30,6,,,,,,,false,
starexec,NUM860+1.p,e1b,first-negative,TIMEOUT,13,1381.902,163804.440,,,10091,7561649,9526,7539807,30,6,,,,,,,false,
starexec,NUM860+1.p,e1b,occurrence,TIMEOUT,13,1281.459,164053.699,,,12004,14619805,11752,14568383,30,6,,,,,,,false,
starexec,NUM860+1.p,e1b,subsumption-light,TIMEOUT,13,1038.056,164326.538,,,6188,5081658,6114,5065216,30,6,,,,,,,false,
starexec,NUM860+1.p,e1b,unary-redundancy,TIMEOUT,13,1276.606,164288.335,,,4611,3004013,4561,2991821,30,6,,,,,,,false,
starexec,NUM860+1.p,e1b,weight-greedy,REFUTED,13,1444.848,59414.457,154.025,1363.720,11571,4159894,8922,4038830,30,6,586,153989,1570,594,14,false,false,
starexec,NUN054+1.p,e1b,age-fair,REFUTED,18,2668.753,34002.003,209.342,5156.217,8937,1043462,8563,1030780,59,20,768,476061,2827,1111,19,false,false,
starexec,NUN054+1.p,e1b,balanced,REFUTED,18,1184.312,41604.120,118.395,3030.118,14815,2904114,14382,2868062,59,20,790,512768,2850,1111,19,false,false,
starexec,NUN054+1.p,e1b,equational,REFUTED,18,2927.330,74614.149,204.541,4275.461,14966,3105543,14472,3067841,59,20,771,495709,2848,1111,19,false,false,
starexec,NUN054+1.p,e1b,first-negative,TIMEOUT,18,1930.142,163532.359,,,23479,6621256,22750,6565004,59,20,,,,,,,false,
starexec,NUN054+1.p,e1b,occurrence,REFUTED,18,3002.673,122470.243,220.516,4286.016,17848,5238037,17342,5124030,59,20,939,629954,2954,1111,19,false,false,
starexec,NUN054+1.p,e1b,subsumption-light,TIMEOUT,18,1366.908,163996.904,,,12624,2356078,12333,2325180,59,20,,,,,,,false,
starexec,NUN054+1.p,e1b,unary-redundancy,TIMEOUT,18,1704.980,164032.331,,,12743,2374736,12460,2343530,59,20,,,,,,,false,
starexec,NUN054+1.p,e1b,weight-greedy,TIMEOUT,18,1424.509,163923.256,,,26350,6661129,25333,6144837,59,20,,,,,,,false,
starexec,NUN054+2.p,e1b,age-fair,REFUTED,11,2394.914,1746.742,159.963,4106.435,191,1731,167,1407,40,20,631,386532,2178,1111,12,false,false,
starexec,NUN054+2.p,e1b,balanced,REFUTED,11,738.061,641.472,71.254,1417.071,197,1611,174,1207,40,20,622,391271,2153,1111,12,false,false,
starexec,NUN054+2.p,e1b,equational,REFUTED,11,1527.018,944.343,119.745,2736.431,144,852,123,580,40,20,622,391271,2153,1111,12,false,false,
starexec,NUN054+2.p,e1b,first-negative,REFUTED,11,1654.195,1228.669,136.212,2775.150,205,2263,185,1763,40,20,642,394659,2189,1111,12,false,false,
starexec,NUN054+2.p,e1b,occurrence,REFUTED,11,1621.307,960.742,104.634,2588.125,161,854,139,481,40,20,637,388296,2176,1111,12,false,false,
starexec,NUN054+2.p,e1b,subsumption-light,REFUTED,11,1519.760,956.425,117.842,2688.664,141,812,122,548,40,20,620,389495,2154,1111,12,false,false,
starexec,NUN054+2.p,e1b,unary-redundancy,REFUTED,11,1634.958,1014.462,109.215,2611.179,155,1116,137,806,40,20,639,391927,2181,1111,12,false,false,
starexec,NUN054+2.p,e1b,weight-greedy,REFUTED,11,1438.351,8621.939,142.150,2430.280,1987,215232,1909,202315,40,20,647,408680,2206,1111,12,false,false,
starexec,NUN056+1.p,e1b,age-fair,TIMEOUT,18,1761.400,164045.686,,,24383,6116055,22556,6080029,59,20,,,,,,,false,
starexec,NUN056+1.p,e1b,balanced,TIMEOUT,18,734.918,164948.506,,,32302,9818132,29719,9736790,59,20,,,,,,,false,
starexec,NUN056+1.p,e1b,equational,TIMEOUT,18,1375.947,163993.793,,,23621,6207489,21272,6147135,59,20,,,,,,,false,
starexec,NUN056+1.p,e1b,first-negative,TIMEOUT,18,1920.747,163630.859,,,22025,6348044,21462,6295711,59,20,,,,,,,false,
starexec,NUN056+1.p,e1b,occurrence,TIMEOUT,18,1729.604,164746.757,,,20703,7229469,19952,7099914,59,20,,,,,,,false,
starexec,NUN056+1.p,e1b,subsumption-light,TIMEOUT,18,1335.659,163991.956,,,11697,2078131,11428,2049543,59,20,,,,,,,false,
starexec,NUN056+1.p,e1b,unary-redundancy,TIMEOUT,18,1751.553,164050.916,,,11564,2055404,11300,2027188,59,20,,,,,,,false,
starexec,NUN056+1.p,e1b,weight-greedy,TIMEOUT,18,1346.788,163924.116,,,21412,4481379,20532,4098588,59,20,,,,,,,false,
starexec,NUN057+1.p,e1b,age-fair,TIMEOUT,18,1723.131,163942.936,,,30652,8833665,28575,8787371,59,20,,,,,,,false,
starexec,NUN057+1.p,e1b,balanced,TIMEOUT,18,719.833,164866.663,,,40679,15194185,37837,15086068,59,20,,,,,,,false,
starexec,NUN057+1.p,e1b,equational,TIMEOUT,18,1379.848,163900.228,,,30651,9457528,27997,9379158,59,20,,,,,,,false,
starexec,NUN057+1.p,e1b,first-negative,TIMEOUT,18,1969.075,163482.911,,,22466,6646445,21754,6592997,59,20,,,,,,,false,
starexec,NUN057+1.p,e1b,occurrence,TIMEOUT,18,1759.279,163989.038,,,27123,11674270,26318,11501647,59,20,,,,,,,false,
starexec,NUN057+1.p,e1b,subsumption-light,TIMEOUT,18,1380.925,163952.397,,,15771,3078891,15346,3039249,59,20,,,,,,,false,
starexec,NUN057+1.p,e1b,unary-redundancy,TIMEOUT,18,1711.536,163993.659,,,15818,3098094,15348,3058672,59,20,,,,,,,false,
starexec,NUN057+1.p,e1b,weight-greedy,TIMEOUT,18,1421.640,163972.344,,,26856,7039965,25844,6506350,59,20,,,,,,,false,
starexec,NUN060+1.p,e1b,age-fair,TIMEOUT,18,1683.633,163970.727,,,24861,6721883,23153,6683621,59,20,,,,,,,false,
starexec,NUN060+1.p,e1b,balanced,TIMEOUT,18,471.219,165247.096,,,35583,12502857,33058,12409911,59,20,,,,,,,false,
starexec,NUN060+1.p,e1b,equational,TIMEOUT,18,875.492,164572.306,,,30400,9600054,27964,9520898,59,20,,,,,,,false,
starexec,NUN060+1.p,e1b,first-negative,TIMEOUT,18,1727.029,163586.597,,,30406,8139422,29406,8055632,59,20,,,,,,,false,
starexec,NUN060+1.p,e1b,occurrence,TIMEOUT,18,1102.555,166451.687,,,22051,8624935,21271,8482458,59,20,,,,,,,false,
starexec,NUN060+1.p,e1b,subsumption-light,TIMEOUT,18,906.139,164715.438,,,17252,3632464,16418,3587862,59,20,,,,,,,false,
starexec,NUN060+1.p,e1b,unary-redundancy,TIMEOUT,18,1053.999,164657.477,,,16944,3555827,16430,3512235,59,20,,,,,,,false,
starexec,NUN060+1.p,e1b,weight-greedy,TIMEOUT,18,857.444,164572.736,,,26706,7026245,25689,6487751,59,20,,,,,,,false,
starexec,NUN062+1.p,e1b,age-fair,REFUTED,18,2884.453,1470.028,107.009,4599.144,281,2286,268,1934,60,22,683,421786,2707,1167,19,false,false,
starexec,NUN062+1.p,e1b,balanced,REFUTED,18,1443.862,714.940,67.391,1966.210,182,1361,174,1088,60,22,666,423737,2704,1167,19,false,false,
starexec,NUN062+1.p,e1b,equational,REFUTED,18,2824.441,1356.430,119.463,5198.520,183,1376,174,1087,60,22,666,423737,2704,1167,19,false,false,
starexec,NUN062+1.p,e1b,first-negative,REFUTED,18,3127.961,2606.542,115.513,5032.063,338,8291,308,7602,60,22,700,437907,2725,1167,19,false,false,
starexec,NUN062+1.p,e1b,occurrence,REFUTED,18,2911.858,1597.277,112.481,4709.522,296,3254,288,2502,60,22,694,432352,2726,1167,19,false,false,
starexec,NUN062+1.p,e1b,subsumption-light,REFUTED,18,2712.283,1348.894,116.885,5060.534,179,1352,173,1080,60,22,666,423737,2704,1167,19,false,false,
starexec,NUN062+1.p,e1b,unary-redundancy,REFUTED,18,3237.738,1342.615,108.793,4550.134,179,1352,173,1080,60,22,686,424664,2715,1167,19,false,false,
starexec,NUN062+1.p,e1b,weight-greedy,REFUTED,18,2539.421,2229.295,126.783,3645.282,473,6355,457,4332,60,22,679,436171,2724,1167,19,false,false,
starexec,NUN065+1.p,e1b,age-fair,REFUTED,18,2681.301,11924.498,113.731,4524.097,5528,420672,5387,412940,63,24,769,497864,2836,1221,19,false,false,
starexec,NUN065+1.p,e1b,balanced,REFUTED,18,1112.699,7327.900,48.352,1694.045,6158,572533,5967,557771,63,24,777,525022,2834,1221,19,false,false,
starexec,NUN065+1.p,e1b,equational,REFUTED,18,2463.013,14840.622,124.027,5021.802,6246,630014,6062,614844,63,24,777,525022,2834,1221,19,false,false,
starexec,NUN065+1.p,e1b,first-negative,TIMEOUT,18,1288.145,164430.691,,,20076,8772346,19524,8727832,63,24,,,,,,,false,
starexec,NUN065+1.p,e1b,occurrence,REFUTED,18,2527.085,10266.952,85.758,5036.668,4114,280173,3951,258090,63,24,786,514858,2830,1221,19,false,false,
starexec,NUN065+1.p,e1b,subsumption-light,REFUTED,18,2382.962,32710.733,127.414,5232.145,6041,541596,5879,527059,63,24,777,525022,2834,1221,19,false,false,
starexec,NUN065+1.p,e1b,unary-redundancy,REFUTED,18,2776.273,34341.624,153.309,4824.422,6013,538246,5857,523750,63,24,833,562157,2853,1221,19,false,false,
starexec,NUN065+1.p,e1b,weight-greedy,REFUTED,18,1523.967,6129.810,92.071,3099.512,2604,142574,2532,115504,63,24,766,513917,2819,1221,19,false,false,
starexec,NUN066+1.p,e1b,age-fair,REFUTED,18,2670.944,10222.056,119.724,4783.278,3266,143049,3148,138521,64,25,814,576370,2930,1294,19,false,false,
starexec,NUN066+1.p,e1b,balanced,REFUTED,18,1235.583,2108.606,64.800,2793.634,1176,22820,1141,20542,64,25,782,562372,2897,1294,19,false,false,
starexec,NUN066+1.p,e1b,equational,REFUTED,18,2843.588,3739.863,109.918,6031.124,1136,24513,1113,22200,64,25,782,562372,2897,1294,19,false,false,
starexec,NUN066+1.p,e1b,first-negative,TIMEOUT,18,1815.081,163834.755,,,28141,12487972,27323,12424103,64,25,,,,,,,false,
starexec,NUN066+1.p,e1b,occurrence,REFUTED,18,2600.925,8174.593,124.938,4795.486,2375,89022,2324,78494,64,25,802,563339,2912,1294,19,false,false,
starexec,NUN066+1.p,e1b,subsumption-light,REFUTED,18,2611.832,5557.560,126.893,5304.406,1158,21747,1124,19419,64,25,782,562372,2897,1294,19,false,false,
starexec,NUN066+1.p,e1b,unary-redundancy,REFUTED,18,2765.474,5288.712,112.668,5603.478,1158,21747,1124,19419,64,25,802,563339,2908,1294,19,false,false,
starexec,NUN066+1.p,e1b,weight-greedy,REFUTED,18,2367.743,10610.804,137.520,5712.770,2917,180659,2846,147518,64,25,829,613148,2924,1294,19,false,false,
starexec,NUN075+1.p,e1b,age-fair,TIMEOUT,18,1730.775,163891.512,,,25853,6793606,24014,6754869,59,20,,,,,,,false,
starexec,NUN075+1.p,e1b,balanced,TIMEOUT,18,757.444,164847.881,,,35464,11521562,32833,11432424,59,20,,,,,,,false,
starexec,NUN075+1.p,e1b,equational,TIMEOUT,18,1322.304,163954.744,,,25477,7084644,23036,7019206,59,20,,,,,,,false,
starexec,NUN075+1.p,e1b,first-negative,TIMEOUT,18,2061.426,164193.206,,,21817,6268884,21336,6217090,59,20,,,,,,,false,
starexec,NUN075+1.p,e1b,occurrence,TIMEOUT,18,1743.294,164826.325,,,21867,8489534,21107,8351097,59,20,,,,,,,false,
starexec,NUN075+1.p,e1b,subsumption-light,TIMEOUT,18,1399.766,165678.921,,,946,17341,932,15389,59,20,,,,,,,false,
starexec,NUN075+1.p,e1b,unary-redundancy,TIMEOUT,18,1760.304,165053.471,,,945,17287,932,15335,59,20,,,,,,,false,
starexec,NUN075+1.p,e1b,weight-greedy,TIMEOUT,18,1339.827,163975.081,,,23820,5439447,22872,4996833,59,20,,,,,,,false,
starexec,NUN076+1.p,e1b,age-fair,TIMEOUT,18,1119.558,164640.091,,,28395,7897090,26423,7854112,59,20,,,,,,,false,
starexec,NUN076+1.p,e1b,balanced,REFUTED,18,859.327,27926.098,79.276,1458.887,15978,3199252,15530,3160741,59,20,826,548065,2946,1123,19,false,false,
starexec,NUN076+1.p,e1b,equational,REFUTED,18,1449.547,53159.573,142.667,3357.867,16279,3476135,15771,3435444,59,20,808,531560,2904,1123,19,false,false,
starexec,NUN076+1.p,e1b,first-negative,TIMEOUT,18,1701.959,163803.362,,,30388,8094450,29610,8017698,59,20,,,,,,,false,
starexec,NUN076+1.p,e1b,occurrence,TIMEOUT,18,1112.890,165302.905,,,23376,9392687,22570,9246474,59,20,,,,,,,false,
starexec,NUN076+1.p,e1b,subsumption-light,REFUTED,18,1428.146,122258.986,112.881,2853.659,14473,2716286,14092,2680541,59,20,775,501416,2865,1123,19,false,false,
starexec,NUN076+1.p,e1b,unary-redundancy,REFUTED,18,1791.092,125432.014,122.039,2435.849,14507,2721106,14138,2685469,59,20,778,487023,2870,1123,19,false,false,
starexec,NUN076+1.p,e1b,weight-greedy,TIMEOUT,18,865.563,164619.242,,,27075,7366477,26071,6831162,59,20,,,,,,,false,
starexec,NUN080+1.p,e1b,age-fair,REFUTED,18,2664.521,3398.520,110.148,4367.282,782,13365,759,12278,59,20,650,364751,2677,1099,19,false,false,
starexec,NUN080+1.p,e1b,balanced,REFUTED,18,1227.984,1989.624,73.886,2567.927,977,19085,951,17090,59,20,677,405383,2698,1099,19,false,false,
starexec,NUN080+1.p,e1b,equational,REFUTED,18,2410.737,3783.961,134.672,4645.601,986,19957,964,17928,59,20,679,407223,2708,1099,19,false,false,
starexec,NUN080+1.p,e1b,first-negative,TIMEOUT,18,1228.421,164447.907,,,31181,8434006,30180,8346672,59,20,,,,,,,false,
starexec,NUN080+1.p,e1b,occurrence,REFUTED,18,2712.037,4598.297,136.503,4297.977,1233,30950,1206,26230,59,20,679,390400,2701,1099,19,false,false,
starexec,NUN080+1.p,e1b,subsumption-light,REFUTED,18,2449.278,4891.744,146.556,4757.745,944,17451,926,15506,59,20,667,396586,2699,1099,19,false,false,
starexec,NUN080+1.p,e1b,unary-redundancy,REFUTED,18,2826.834,5036.669,123.882,4455.332,943,17397,926,15452,59,20,682,393010,2700,1099,19,false,false,
starexec,NUN080+1.p,e1b,weight-greedy,REFUTED,18,1693.047,2673.387,106.573,3135.080,1026,29324,996,22121,59,20,732,454071,2726,1099,19,false,false,
starexec,NUN082+1.p,e1b,age-fair,TIMEOUT,18,1635.284,163870.063,,,24984,6678134,23313,6639975,59,20,,,,,,,false,
starexec,NUN082+1.p,e1b,balanced,REFUTED,18,1245.464,19911.956,85.039,2286.150,9251,1280388,9103,1258218,59,20,732,455708,2767,1094,19,false,false,
starexec,NUN082+1.p,e1b,equational,REFUTED,18,2210.684,40281.548,158.960,4230.011,9732,1577220,9523,1552462,59,20,767,486457,2812,1094,19,false,false,
starexec,NUN082+1.p,e1b,first-negative,TIMEOUT,18,1870.288,163929.665,,,23846,6712826,23115,6655461,59,20,,,,,,,false,
starexec,NUN082+1.p,e1b,occurrence,REFUTED,18,2585.725,13242.512,146.775,4128.555,3707,245579,3632,227155,59,20,797,496309,2810,1094,19,false,false,
starexec,NUN082+1.p,e1b,subsumption-light,REFUTED,18,1991.284,87541.302,133.393,4788.793,9475,1392805,9255,1369465,59,20,732,455708,2767,1094,19,false,false,
starexec,NUN082+1.p,e1b,unary-redundancy,REFUTED,18,2655.519,64417.060,134.306,3720.824,7999,945267,7838,925787,59,20,752,456639,2778,1094,19,false,false,
starexec,NUN082+1.p,e1b,weight-greedy,REFUTED,18,2226.943,19098.402,185.481,4115.686,5866,425307,5727,359735,59,20,774,492639,2796,1094,19,false,false,
starexec,NUN085+1.p,e1b,age-fair,REFUTED,18,2870.304,57828.095,121.512,4709.715,12557,2033638,12015,2014853,64,25,773,555348,2820,1268,19,false,false,
starexec,NUN085+1.p,e1b,balanced,REFUTED,18,1356.717,39531.660,90.295,2858.437,14477,2825976,13895,2790865,64,25,776,578400,2811,1268,19,false,false,
starexec,NUN085+1.p,e1b,equational,REFUTED,18,2501.037,74820.230,149.882,5224.760,14841,3016610,14165,2979523,64,25,769,571044,2803,1268,19,false,false,
starexec,NUN085+1.p,e1b,first-negative,TIMEOUT,18,1960.818,163569.628,,,13619,12891274,13314,12862486,64,25,,,,,,,false,
starexec,NUN085+1.p,e1b,occurrence,TIMEOUT,18,1793.952,164324.349,,,22838,7092441,22072,6954369,64,25,,,,,,,false,
starexec,NUN085+1.p,e1b,subsumption-light,REFUTED,18,2103.645,12515.717,105.698,2978.762,2451,94565,2364,89127,64,25,778,580518,2821,1268,19,false,false,
starexec,NUN085+1.p,e1b,unary-redundancy,REFUTED,18,2469.259,12117.930,88.218,3150.575,2434,93145,2343,87723,64,25,801,584644,2836,1268,19,false,false,
starexec,NUN085+1.p,e1b,weight-greedy,TIMEOUT,18,1443.891,163889.461,,,20073,4158559,19788,3746902,64,25,,,,,,,false,
starexec,NUN086+1.p,e1b,age-fair,TIMEOUT,18,1660.301,163934.670,,,24867,6634924,23188,6597100,59,20,,,,,,,false,
starexec,NUN086+1.p,e1b,balanced,REFUTED,18,1304.941,19698.885,90.360,2499.945,9247,1279888,9100,1257777,59,20,738,464340,2783,1100,19,false,false,
starexec,NUN086+1.p,e1b,equational,REFUTED,18,2120.916,40079.452,176.565,4840.436,9702,1562951,9490,1538293,59,20,767,490008,2822,1100,19,false,false,
starexec,NUN086+1.p,e1b,first-negative,TIMEOUT,18,1780.306,163591.367,,,24395,6864274,23666,6805407,59,20,,,,,,,false,
starexec,NUN086+1.p,e1b,occurrence,REFUTED,18,2803.893,14765.546,152.753,4718.445,4278,330115,4199,308682,59,20,800,502597,2824,1100,19,false,false,
starexec,NUN086+1.p,e1b,subsumption-light,REFUTED,18,1802.557,72183.511,107.264,2545.785,9463,1383996,9215,1360767,59,20,738,464340,2783,1100,19,false,false,
starexec,NUN086+1.p,e1b,unary-redundancy,REFUTED,18,2758.854,75886.498,134.976,4314.708,8612,1107469,8426,1086643,59,20,758,465283,2794,1100,19,false,false,
starexec,NUN086+1.p,e1b,weight-greedy,REFUTED,18,1441.858,12230.632,129.995,3026.316,6195,464447,6057,395125,59,20,798,517511,2831,1100,19,false,false,
starexec,PRD001+1.p,e1b,age-fair,HARD_TIMEOUT,1614,0.000,,,,,,,,,,,,,,,,false,
starexec,PRD001+1.p,e1b,balanced,TIMEOUT,1614,1693.557,164071.475,,,38408,376665,33478,317876,1615,0,,,,,,,false,
starexec,PRD001+1.p,e1b,equational,TIMEOUT,1614,3574.982,162272.645,,,26997,361537,24708,317876,1615,0,,,,,,,false,
starexec,PRD001+1.p,e1b,first-negative,HARD_TIMEOUT,1614,0.000,,,,,,,,,,,,,,,,false,
starexec,PRD001+1.p,e1b,occurrence,HARD_TIMEOUT,1614,0.000,,,,,,,,,,,,,,,,false,
starexec,PRD001+1.p,e1b,subsumption-light,HARD_TIMEOUT,1614,0.000,,,,,,,,,,,,,,,,false,
starexec,PRD001+1.p,e1b,unary-redundancy,HARD_TIMEOUT,1614,0.000,,,,,,,,,,,,,,,,false,
starexec,PRD001+1.p,e1b,weight-greedy,TIMEOUT,1614,3366.673,162314.436,,,37316,180530,29597,130434,1615,0,,,,,,,false,
starexec,PRO011+1.p,e1b,age-fair,REFUTED,48,2195.201,4010.621,78.404,4211.555,1596,30708,1430,28412,95,23,1098,733633,4567,1699,49,false,false,
starexec,PRO011+1.p,e1b,balanced,REFUTED,48,943.137,1015.719,62.729,2600.997,739,5124,661,3944,95,23,1122,799106,4843,1681,49,false,false,
starexec,PRO011+1.p,e1b,equational,REFUTED,48,1758.405,1821.852,73.359,4772.502,731,4972,654,3802,95,23,1052,717434,4768,1681,49,false,false,
starexec,PRO011+1.p,e1b,first-negative,REFUTED,48,3331.497,1609.587,125.122,6958.858,279,744,246,307,95,23,1090,723924,4573,1699,49,false,false,
starexec,PRO011+1.p,e1b,occurrence,REFUTED,48,2140.519,1144.194,55.941,4205.683,407,1668,325,939,95,23,1098,733591,4569,1699,49,false,false,
starexec,PRO011+1.p,e1b,subsumption-light,REFUTED,48,1800.695,1568.404,100.905,4586.415,453,2071,390,1390,95,23,1052,717474,4786,1681,49,false,false,
starexec,PRO011+1.p,e1b,unary-redundancy,REFUTED,48,2361.224,2478.615,57.766,4398.543,767,5629,671,4398,95,23,1098,733565,4570,1699,49,false,false,
starexec,PRO011+1.p,e1b,weight-greedy,REFUTED,48,1718.894,929.351,98.776,4945.394,273,731,254,269,95,23,1049,713819,4787,1681,49,false,false,
starexec,PUZ129+2.p,e1b,age-fair,REFUTED,0,1745.888,846.064,169.928,2213.996,36,45,35,18,18,8,321,179692,1248,1403,1,false,false,
starexec,PUZ129+2.p,e1b,balanced,REFUTED,0,541.259,270.695,56.657,831.626,35,41,33,18,18,8,289,157494,1012,1381,1,false,false,
starexec,PUZ129+2.p,e1b,equational,REFUTED,0,999.754,497.085,115.807,1556.723,35,41,33,18,18,8,289,157494,1012,1381,1,false,false,
starexec,PUZ129+2.p,e1b,first-negative,REFUTED,0,1205.161,493.664,79.362,1340.636,35,38,31,18,18,8,284,161041,1227,1403,1,false,false,
starexec,PUZ129+2.p,e1b,occurrence,REFUTED,0,1102.567,391.264,92.923,1309.270,32,40,31,18,18,8,285,161688,1225,1403,1,false,false,
starexec,PUZ129+2.p,e1b,subsumption-light,REFUTED,0,1027.420,554.959,93.754,1527.171,35,41,33,18,18,8,289,157494,1012,1381,1,false,false,
starexec,PUZ129+2.p,e1b,unary-redundancy,REFUTED,0,1148.500,582.936,87.902,1323.033,36,43,34,18,18,8,285,161668,1225,1403,1,false,false,
starexec,PUZ129+2.p,e1b,weight-greedy,REFUTED,0,1037.581,520.213,119.056,1478.305,41,74,38,26,18,8,298,162646,989,1381,1,false,false,
starexec,PUZ133+1.p,e1b,age-fair,TIMEOUT,9,1134.655,164144.268,,,19010,2781995,17809,2618712,23,3,,,,,,,false,
starexec,PUZ133+1.p,e1b,balanced,TIMEOUT,9,506.953,164823.341,,,27782,8217842,26605,8091758,24,3,,,,,,,false,
starexec,PUZ133+1.p,e1b,equational,TIMEOUT,9,976.062,164149.494,,,23675,7550203,22555,7472582,24,3,,,,,,,false,
starexec,PUZ133+1.p,e1b,first-negative,TIMEOUT,9,1196.594,163855.663,,,11551,502053,10993,243503,23,3,,,,,,,false,
starexec,PUZ133+1.p,e1b,occurrence,TIMEOUT,9,1081.000,164110.687,,,20598,4568739,19739,4460390,23,3,,,,,,,false,
starexec,PUZ133+1.p,e1b,subsumption-light,TIMEOUT,9,978.137,164239.937,,,17282,3895791,16493,3804304,24,3,,,,,,,false,
starexec,PUZ133+1.p,e1b,unary-redundancy,TIMEOUT,9,1108.877,164262.368,,,14086,2833274,13310,2754734,23,3,,,,,,,false,
starexec,PUZ133+1.p,e1b,weight-greedy,TIMEOUT,9,640.752,164685.840,,,31669,1552235,29232,1281498,24,3,,,,,,,false,
starexec,REL020+2.p,e1b,age-fair,TIMEOUT,16,976.516,163987.075,,,2092,6319690,2010,6311616,18,2,,,,,,,false,
starexec,REL020+2.p,e1b,balanced,TIMEOUT,16,433.114,164792.211,,,3055,11008300,2323,10982662,18,2,,,,,,,false,
starexec,REL020+2.p,e1b,equational,TIMEOUT,16,861.169,163768.883,,,2457,6011431,2055,5996731,18,2,,,,,,,false,
starexec,REL020+2.p,e1b,first-negative,TIMEOUT,16,746.693,164682.997,,,2156,4031500,1711,4018624,18,2,,,,,,,false,
starexec,REL020+2.p,e1b,occurrence,TIMEOUT,16,952.957,164158.376,,,2732,5767893,2380,5721426,18,2,,,,,,,false,
starexec,REL020+2.p,e1b,subsumption-light,TIMEOUT,16,838.544,163850.457,,,2405,6476627,1985,6460387,18,2,,,,,,,false,
starexec,REL020+2.p,e1b,unary-redundancy,TIMEOUT,16,980.544,165377.274,,,2482,6131477,2064,6114769,18,2,,,,,,,false,
starexec,REL020+2.p,e1b,weight-greedy,TIMEOUT,16,834.978,164004.765,,,3758,5726054,3119,5507942,18,2,,,,,,,false,
starexec,REL021+1.p,e1b,age-fair,TIMEOUT,13,915.468,163819.414,,,1366,4685994,1300,4679214,15,2,,,,,,,false,
starexec,REL021+1.p,e1b,balanced,TIMEOUT,13,419.161,165277.450,,,2069,9252796,1649,9231250,15,2,,,,,,,false,
starexec,REL021+1.p,e1b,equational,TIMEOUT,13,868.277,163984.386,,,1961,7091409,1531,7072155,15,2,,,,,,,false,
starexec,REL021+1.p,e1b,first-negative,TIMEOUT,13,719.358,164432.046,,,1911,6565042,1483,6545776,15,2,,,,,,,false,
starexec,REL021+1.p,e1b,occurrence,TIMEOUT,13,934.535,164122.993,,,1927,4830131,1574,4788124,15,2,,,,,,,false,
starexec,REL021+1.p,e1b,subsumption-light,TIMEOUT,13,828.075,164063.026,,,1925,7196157,1505,7176869,15,2,,,,,,,false,
starexec,REL021+1.p,e1b,unary-redundancy,TIMEOUT,13,912.887,164805.003,,,1628,4670936,1342,4656928,15,2,,,,,,,false,
starexec,REL021+1.p,e1b,weight-greedy,TIMEOUT,13,758.045,164063.374,,,3440,6550147,2618,6272977,15,2,,,,,,,false,
starexec,REL040+2.p,e1b,age-fair,TIMEOUT,13,1122.486,163921.065,,,1349,4774304,1274,4767167,15,3,,,,,,,false,
starexec,REL040+2.p,e1b,balanced,TIMEOUT,13,472.380,165178.110,,,1999,9203761,1640,9181277,15,3,,,,,,,false,
starexec,REL040+2.p,e1b,equational,TIMEOUT,13,932.131,164172.960,,,1898,6848695,1523,6828777,15,3,,,,,,,false,
starexec,REL040+2.p,e1b,first-negative,TIMEOUT,13,781.580,164709.158,,,1857,6709510,1453,6689838,15,3,,,,,,,false,
starexec,REL040+2.p,e1b,occurrence,TIMEOUT,13,1028.796,164185.095,,,1613,4480277,1392,4438830,15,3,,,,,,,false,
starexec,REL040+2.p,e1b,subsumption-light,TIMEOUT,13,861.912,164028.946,,,1853,6943145,1494,6923133,15,3,,,,,,,false,
starexec,REL040+2.p,e1b,unary-redundancy,TIMEOUT,13,1045.015,163997.134,,,1648,4664485,1324,4650667,15,3,,,,,,,false,
starexec,REL040+2.p,e1b,weight-greedy,TIMEOUT,13,634.221,164908.407,,,3159,6688701,2577,6416427,15,3,,,,,,,false,
starexec,SCT115+1.p,e1b,age-fair,HARD_TIMEOUT,527,0.000,,,,,,,,,,,,,,,,false,
starexec,SCT115+1.p,e1b,balanced,TIMEOUT,527,2511.979,163971.612,,,17799,7228536,16549,7188244,869,121,,,,,,,false,
starexec,SCT115+1.p,e1b,equational,TIMEOUT,527,2804.905,163265.418,,,11810,6135886,10840,6106508,505,83,,,,,,,false,
starexec,SCT115+1.p,e1b,first-negative,TIMEOUT,527,2700.072,160719.533,,,19328,3399120,18687,3346592,62,14,,,,,,,false,
starexec,SCT115+1.p,e1b,occurrence,HARD_TIMEOUT,527,0.000,,,,,,,,,,,,,,,,false,
starexec,SCT115+1.p,e1b,subsumption-light,TIMEOUT,527,3325.238,161516.922,,,6586,2528033,5283,2511301,290,46,,,,,,,false,
starexec,SCT115+1.p,e1b,unary-redundancy,HARD_TIMEOUT,527,0.000,,,,,,,,,,,,,,,,false,
starexec,SCT115+1.p,e1b,weight-greedy,REFUTED,527,3500.399,10630.080,297.309,12093.129,2967,76214,1737,61317,96,16,1213,2052212,5121,9009,528,false,false,
starexec,SCT117+1.p,e1b,age-fair,TIMEOUT,527,3525.350,163587.745,,,13407,7402310,12631,7383140,751,100,,,,,,,false,
starexec,SCT117+1.p,e1b,balanced,TIMEOUT,527,2994.144,163794.774,,,16784,6884092,15737,6847770,873,122,,,,,,,false,
starexec,SCT117+1.p,e1b,equational,TIMEOUT,527,2670.931,163651.630,,,12960,7239651,12047,7207965,508,84,,,,,,,false,
starexec,SCT117+1.p,e1b,first-negative,TIMEOUT,527,1400.039,163070.165,,,28354,4677514,26366,4592404,68,15,,,,,,,false,
starexec,SCT117+1.p,e1b,occurrence,TIMEOUT,527,3564.365,163598.878,,,19208,7109854,17015,7006857,697,97,,,,,,,false,
starexec,SCT117+1.p,e1b,subsumption-light,TIMEOUT,527,1932.313,163587.805,,,7010,3692903,6212,3671889,282,47,,,,,,,false,
starexec,SCT117+1.p,e1b,unary-redundancy,TIMEOUT,527,3667.273,163728.336,,,12368,5333466,11438,5303186,663,91,,,,,,,false,
starexec,SCT117+1.p,e1b,weight-greedy,REFUTED,527,1368.264,24836.050,114.178,4163.725,15584,690618,13215,652618,102,17,1290,2322072,5342,9009,528,false,false,
starexec,SCT120+1.p,e1b,age-fair,HARD_TIMEOUT,526,0.000,,,,,,,,,,,,,,,,false,
starexec,SCT120+1.p,e1b,balanced,TIMEOUT,526,2492.253,163821.813,,,15398,7372872,14297,7335832,794,100,,,,,,,false,
starexec,SCT120+1.p,e1b,equational,HARD_TIMEOUT,526,0.000,,,,,,,,,,,,,,,,false,
starexec,SCT120+1.p,e1b,first-negative,SATURATED,526,1366.629,422.516,,,16,20,16,19,21,2,,,,,,,false,
starexec,SCT120+1.p,e1b,occurrence,HARD_TIMEOUT,526,0.000,,,,,,,,,,,,,,,,false,
starexec,SCT120+1.p,e1b,subsumption-light,TIMEOUT,526,2877.814,163357.703,,,9022,4636802,6143,4613594,440,66,,,,,,,false,
starexec,SCT120+1.p,e1b,unary-redundancy,HARD_TIMEOUT,526,0.000,,,,,,,,,,,,,,,,false,
starexec,SCT120+1.p,e1b,weight-greedy,REFUTED,526,1851.435,759.283,138.500,2894.663,97,154,82,60,62,13,812,522592,3723,1777,527,false,false,
starexec,SCT123+1.p,e1b,balanced,TIMEOUT,528,2953.854,163581.707,,,11728,5940967,10859,5916077,826,115,,,,,,,false,
starexec,SCT123+1.p,e1b,equational,TIMEOUT,528,3507.466,163040.284,,,9353,4759364,8859,4739034,556,73,,,,,,,false,
starexec,SCT123+1.p,e1b,first-negative,REFUTED,528,1763.587,1938.896,116.134,932.042,324,4665,279,3935,33,3,353,62600,2135,421,529,false,false,
starexec,SCT123+1.p,e1b,occurrence,HARD_TIMEOUT,528,0.000,,,,,,,,,,,,,,,,false,
starexec,SCT123+1.p,e1b,subsumption-light,TIMEOUT,528,3008.826,163128.752,,,7137,3595645,6445,3578713,409,56,,,,,,,false,
starexec,SCT123+1.p,e1b,unary-redundancy,HARD_TIMEOUT,528,0.000,,,,,,,,,,,,,,,,false,
starexec,SCT123+1.p,e1b,weight-greedy,TIMEOUT,528,3462.925,161032.598,,,9157,4499077,8167,4330741,223,36,,,,,,,false,
starexec,SCT124+1.p,e1b,age-fair,HARD_TIMEOUT,528,0.000,,,,,,,,,,,,,,,,false,
starexec,SCT124+1.p,e1b,balanced,TIMEOUT,528,2826.948,163797.839,,,13503,6602712,12774,6573120,804,105,,,,,,,false,
starexec,SCT124+1.p,e1b,equational,HARD_TIMEOUT,528,0.000,,,,,,,,,,,,,,,,false,
starexec,SCT124+1.p,e1b,first-negative,SATURATED,528,1972.377,673.737,,,14,14,14,9,9,4,,,,,,,false,
starexec,SCT124+1.p,e1b,subsumption-light,HARD_TIMEOUT,528,0.000,,,,,,,,,,,,,,,,false,
starexec,SCT124+1.p,e1b,unary-redundancy,HARD_TIMEOUT,528,0.000,,,,,,,,,,,,,,,,false,
starexec,SCT124+1.p,e1b,weight-greedy,TIMEOUT,528,2409.263,161074.347,,,10243,4662570,8422,4597187,84,17,,,,,,,false,
starexec,SCT125+1.p,e1b,age-fair,HARD_TIMEOUT,528,0.000,,,,,,,,,,,,,,,,false,
starexec,SCT125+1.p,e1b,balanced,TIMEOUT,528,3232.712,163851.728,,,11864,6189014,11178,6162654,819,106,,,,,,,false,
starexec,SCT125+1.p,e1b,equational,HARD_TIMEOUT,528,0.000,,,,,,,,,,,,,,,,false,
starexec,SCT125+1.p,e1b,first-negative,TIMEOUT,528,2482.256,160015.280,,,2869,197708,1072,5688,35,3,,,,,,,false,
starexec,SCT125+1.p,e1b,occurrence,HARD_TIMEOUT,528,0.000,,,,,,,,,,,,,,,,false,
starexec,SCT125+1.p,e1b,subsumption-light,HARD_TIMEOUT,528,0.000,,,,,,,,,,,,,,,,false,
starexec,SCT125+1.p,e1b,unary-redundancy,HARD_TIMEOUT,528,0.000,,,,,,,,,,,,,,,,false,
starexec,SCT125+1.p,e1b,weight-greedy,HARD_TIMEOUT,528,0.000,,,,,,,,,,,,,,,,false,
starexec,SCT155+1.p,e1b,age-fair,TIMEOUT,528,3617.979,163808.370,,,12395,6603849,11611,6584447,694,94,,,,,,,false,
starexec,SCT155+1.p,e1b,balanced,TIMEOUT,528,2549.621,163839.896,,,14909,6225214,13827,6191354,831,111,,,,,,,false,
starexec,SCT155+1.p,e1b,equational,TIMEOUT,528,2298.333,163736.770,,,12250,6188709,11071,6154085,549,69,,,,,,,false,
starexec,SCT155+1.p,e1b,first-negative,TIMEOUT,528,1347.806,163341.309,,,11528,8650007,10439,8630598,49,8,,,,,,,false,
starexec,SCT155+1.p,e1b,occurrence,TIMEOUT,528,3597.881,163860.191,,,17037,6389681,15167,6300319,670,83,,,,,,,false,
starexec,SCT155+1.p,e1b,subsumption-light,TIMEOUT,528,1457.608,163595.661,,,3589,4794036,3449,4780782,194,10,,,,,,,false,
starexec,SCT155+1.p,e1b,unary-redundancy,TIMEOUT,528,3134.818,163625.878,,,9992,5408834,9116,5383354,498,75,,,,,,,false,
starexec,SCT155+1.p,e1b,weight-greedy,SATURATED,528,740.391,397.854,,,58,73,58,37,55,5,,,,,,,false,
starexec,SCT158+1.p,e1b,age-fair,HARD_TIMEOUT,528,0.000,,,,,,,,,,,,,,,,false,
starexec,SCT158+1.p,e1b,balanced,TIMEOUT,528,2746.002,163755.754,,,19135,9383963,18157,9340515,832,110,,,,,,,false,
starexec,SCT158+1.p,e1b,equational,HARD_TIMEOUT,528,0.000,,,,,,,,,,,,,,,,false,
starexec,SCT158+1.p,e1b,first-negative,REFUTED,528,3489.872,1455.632,205.371,5189.108,127,545,106,309,55,8,536,433272,3191,2088,529,false,false,
starexec,SCT158+1.p,e1b,occurrence,HARD_TIMEOUT,528,0.000,,,,,,,,,,,,,,,,false,
starexec,SCT158+1.p,e1b,subsumption-light,TIMEOUT,528,2614.312,161714.369,,,3414,4104191,3240,4091311,200,10,,,,,,,false,
starexec,SCT158+1.p,e1b,unary-redundancy,HARD_TIMEOUT,528,0.000,,,,,,,,,,,,,,,,false,
starexec,SCT158+1.p,e1b,weight-greedy,SATURATED,528,2017.061,1239.293,,,67,93,64,43,61,5,,,,,,,false,
starexec,SCT170+3.p,e1b,age-fair,HARD_TIMEOUT,1578,0.000,,,,,,,,,,,,,,,,false,
starexec,SCT170+3.p,e1b,balanced,HARD_TIMEOUT,1578,0.000,,,,,,,,,,,,,,,,false,
starexec,SCT170+3.p,e1b,equational,HARD_TIMEOUT,1578,0.000,,,,,,,,,,,,,,,,false,
starexec,SCT170+3.p,e1b,first-negative,TIMEOUT,1578,3150.429,158695.870,,,3747,6266459,3746,6255971,55,12,,,,,,,false,
starexec,SCT170+3.p,e1b,occurrence,HARD_TIMEOUT,1578,0.000,,,,,,,,,,,,,,,,false,
starexec,SCT170+3.p,e1b,subsumption-light,HARD_TIMEOUT,1578,0.000,,,,,,,,,,,,,,,,false,
starexec,SCT170+3.p,e1b,unary-redundancy,HARD_TIMEOUT,1578,0.000,,,,,,,,,,,,,,,,false,
starexec,SCT170+3.p,e1b,weight-greedy,TIMEOUT,1578,2060.675,159243.747,,,24917,7620686,18977,7370660,164,46,,,,,,,false,
starexec,SET017+1.p,e1b,age-fair,REFUTED,43,2386.761,19648.531,117.300,2620.507,3336,539135,3223,534632,93,10,724,201510,2595,657,44,false,false,
starexec,SET017+1.p,e1b,balanced,REFUTED,43,1119.853,4302.138,95.623,1720.336,1441,73095,1357,70240,93,10,682,196327,2725,651,44,false,false,
starexec,SET017+1.p,e1b,equational,REFUTED,43,1944.442,2772.148,176.060,3002.989,550,7060,500,6238,93,10,692,200736,2742,651,44,false,false,
starexec,SET017+1.p,e1b,first-negative,REFUTED,43,2487.423,15905.429,159.732,2408.332,3561,269376,3289,261557,93,10,726,202377,2600,657,44,false,false,
starexec,SET017+1.p,e1b,occurrence,REFUTED,43,2222.443,1108.573,147.729,2432.913,114,309,106,152,93,10,731,205486,2610,657,44,false,false,
starexec,SET017+1.p,e1b,subsumption-light,REFUTED,43,2006.903,3708.798,156.065,2990.577,693,9286,660,8245,93,10,695,202058,2741,651,44,false,false,
starexec,SET017+1.p,e1b,unary-redundancy,REFUTED,43,2614.691,3566.818,150.073,2427.951,653,8859,617,7839,93,10,731,205486,2610,657,44,false,false,
starexec,SET017+1.p,e1b,weight-greedy,REFUTED,43,1764.683,941.091,172.623,2837.635,94,250,89,107,93,10,698,201650,2748,651,44,false,false,
starexec,SET101+1.p,e1b,age-fair,REFUTED,43,2548.497,2188.237,131.440,2153.460,315,4267,285,3902,90,9,696,139533,2500,486,44,false,false,
starexec,SET101+1.p,e1b,balanced,REFUTED,43,1021.208,1266.029,76.326,1491.882,354,4152,331,3630,90,9,657,137446,2654,486,44,false,false,
starexec,SET101+1.p,e1b,equational,REFUTED,43,2004.181,2301.687,148.877,2803.462,359,4184,336,3656,90,9,657,137446,2654,486,44,false,false,
starexec,SET101+1.p,e1b,first-negative,REFUTED,43,2398.553,9706.569,98.101,1461.396,2457,153216,2284,148031,90,9,696,139516,2502,486,44,false,false,
starexec,SET101+1.p,e1b,occurrence,REFUTED,43,2507.412,1973.081,127.853,2411.275,348,2663,325,2015,90,9,696,139533,2500,486,44,false,false,
starexec,SET101+1.p,e1b,subsumption-light,REFUTED,43,1937.527,2571.393,138.989,2783.542,327,3491,306,3010,90,9,657,137446,2654,486,44,false,false,
starexec,SET101+1.p,e1b,unary-redundancy,REFUTED,43,2401.020,2432.450,130.537,2275.689,324,3542,303,3060,90,9,696,139533,2500,486,44,false,false,
starexec,SET101+1.p,e1b,weight-greedy,REFUTED,43,1800.697,1376.271,147.777,2248.373,189,656,180,329,90,9,657,137446,2654,486,44,false,false,
starexec,SET716+4.p,e1b,age-fair,TIMEOUT,28,3402.981,163743.257,,,17334,4806595,17250,4787346,147,53,,,,,,,false,
starexec,SET716+4.p,e1b,balanced,TIMEOUT,28,1055.421,165199.642,,,21889,12701945,21775,12661591,160,54,,,,,,,false,
starexec,SET716+4.p,e1b,equational,TIMEOUT,28,1887.992,164558.700,,,15149,7075477,15084,7049469,160,54,,,,,,,false,
starexec,SET716+4.p,e1b,first-negative,TIMEOUT,28,3467.286,163614.493,,,7407,6974852,7278,6961698,147,53,,,,,,,false,
starexec,SET716+4.p,e1b,occurrence,TIMEOUT,28,3355.130,163986.914,,,21753,6336209,21553,6269102,147,53,,,,,,,false,
starexec,SET716+4.p,e1b,subsumption-light,TIMEOUT,28,2915.935,163996.010,,,11745,4790842,11722,4771294,160,54,,,,,,,false,
starexec,SET716+4.p,e1b,unary-redundancy,TIMEOUT,28,2293.921,164774.130,,,12557,4961645,12511,4941193,147,53,,,,,,,false,
starexec,SET716+4.p,e1b,weight-greedy,TIMEOUT,28,2944.466,163854.040,,,25193,3451556,24875,3309097,160,54,,,,,,,false,
starexec,SET733+4.p,e1b,age-fair,TIMEOUT,28,3354.752,163867.941,,,16395,4549219,16314,4531027,146,52,,,,,,,false,
starexec,SET733+4.p,e1b,balanced,TIMEOUT,28,1562.875,164882.017,,,18974,9779954,18873,9746484,159,53,,,,,,,false,
starexec,SET733+4.p,e1b,equational,TIMEOUT,28,2941.561,163852.127,,,13797,5899303,13765,5875831,159,53,,,,,,,false,
starexec,SET733+4.p,e1b,first-negative,TIMEOUT,28,3861.600,163613.862,,,7165,6560435,7034,6547621,146,52,,,,,,,false,
starexec,SET733+4.p,e1b,occurrence,TIMEOUT,28,3581.595,163854.006,,,18547,4355405,18371,4298692,146,52,,,,,,,false,
starexec,SET733+4.p,e1b,subsumption-light,TIMEOUT,28,2769.671,164046.584,,,11724,4767030,11700,4747596,159,53,,,,,,,false,
starexec,SET733+4.p,e1b,unary-redundancy,TIMEOUT,28,3373.780,163997.572,,,11774,4484670,11738,4465648,146,52,,,,,,,false,
starexec,SET733+4.p,e1b,weight-greedy,TIMEOUT,28,2813.343,163884.163,,,21535,2073778,21221,1967458,159,53,,,,,,,false,
starexec,SET817+4.p,e1b,age-fair,TIMEOUT,22,1909.813,163926.861,,,13446,5403167,13401,5387582,71,16,,,,,,,false,
starexec,SET817+4.p,e1b,balanced,HARD_TIMEOUT,22,0.000,,,,,,,,,,,,,,,,false,
starexec,SET817+4.p,e1b,equational,TIMEOUT,22,1597.807,164017.582,,,13808,5512332,13748,5484598,80,20,,,,,,,false,
starexec,SET817+4.p,e1b,first-negative,TIMEOUT,22,2142.444,163566.706,,,13636,5172525,13372,5146444,71,16,,,,,,,false,
starexec,SET817+4.p,e1b,occurrence,TIMEOUT,22,1882.481,163882.139,,,17039,4720025,16793,4643688,71,16,,,,,,,false,
starexec,SET817+4.p,e1b,subsumption-light,TIMEOUT,22,1518.975,163953.271,,,10632,3264688,10588,3243792,80,20,,,,,,,false,
starexec,SET817+4.p,e1b,unary-redundancy,TIMEOUT,22,1859.356,163930.070,,,11519,3377294,11407,3354776,71,16,,,,,,,false,
starexec,SET817+4.p,e1b,weight-greedy,TIMEOUT,22,1494.646,163922.623,,,15628,2343776,15403,2152063,80,20,,,,,,,false,
starexec,SET964+1.p,e1b,age-fair,TIMEOUT,12,1458.450,165135.697,,,3306,1652435,3294,1647214,29,13,,,,,,,false,
starexec,SET964+1.p,e1b,balanced,TIMEOUT,12,656.210,165253.227,,,3791,2727119,3776,2714201,33,13,,,,,,,false,
starexec,SET964+1.p,e1b,equational,TIMEOUT,12,1301.345,164220.613,,,5668,1961256,5348,1944858,33,13,,,,,,,false,
starexec,SET964+1.p,e1b,first-negative,TIMEOUT,12,1098.341,164573.351,,,11882,7490185,11878,7470407,29,13,,,,,,,false,
starexec,SET964+1.p,e1b,occurrence,REFUTED,12,1895.723,27737.684,116.152,2796.578,1339,323797,1222,316808,29,13,509,230587,1793,1224,13,false,false,
starexec,SET964+1.p,e1b,subsumption-light,TIMEOUT,12,1337.549,164844.911,,,3425,1546798,3402,1536412,33,13,,,,,,,false,
starexec,SET964+1.p,e1b,unary-redundancy,TIMEOUT,12,1498.598,165562.571,,,4504,2203553,4365,2191157,29,13,,,,,,,false,
starexec,SET964+1.p,e1b,weight-greedy,TIMEOUT,12,1351.570,164248.916,,,6883,5972781,6629,5528569,33,13,,,,,,,false,
starexec,SEU269+1.p,e1b,age-fair,TIMEOUT,51,1776.273,164388.053,,,842,655599,807,653834,90,18,,,,,,,false,
starexec,SEU269+1.p,e1b,balanced,TIMEOUT,51,771.985,165069.839,,,1397,1226433,1367,1223311,92,18,,,,,,,false,
starexec,SEU269+1.p,e1b,equational,TIMEOUT,51,1448.796,164368.216,,,1194,715053,1157,712469,92,18,,,,,,,false,
starexec,SEU269+1.p,e1b,first-negative,TIMEOUT,51,1981.206,163869.566,,,835,600796,794,598460,90,18,,,,,,,false,
starexec,SEU269+1.p,e1b,occurrence,TIMEOUT,51,1754.085,164838.160,,,4281,711263,4224,702406,90,18,,,,,,,false,
starexec,SEU269+1.p,e1b,subsumption-light,TIMEOUT,51,1412.362,165239.909,,,1175,659255,1149,656583,92,18,,,,,,,false,
starexec,SEU269+1.p,e1b,unary-redundancy,TIMEOUT,51,1732.142,164376.008,,,1197,587174,1160,584698,90,18,,,,,,,false,
starexec,SEU269+1.p,e1b,weight-greedy,TIMEOUT,51,1415.679,164136.730,,,13135,4171064,12884,4011863,92,18,,,,,,,false,
starexec,SEU427+4.p,e1b,balanced,HARD_TIMEOUT,71107,0.000,,,,,,,,,,,,,,,,false,
starexec,SEU427+4.p,e1b,equational,HARD_TIMEOUT,71107,0.000,,,,,,,,,,,,,,,,false,
starexec,SEU427+4.p,e1b,subsumption-light,HARD_TIMEOUT,71107,0.000,,,,,,,,,,,,,,,,false,
starexec,SEU427+4.p,e1b,unary-redundancy,HARD_TIMEOUT,71107,0.000,,,,,,,,,,,,,,,,false,
starexec,SEU427+4.p,e1b,weight-greedy,KILLED,,0.000,,,,,,,,,,,,,,,,false,killed before finishing
starexec,SEU440+4.p,e1b,balanced,HARD_TIMEOUT,71133,0.000,,,,,,,,,,,,,,,,false,
starexec,SEU440+4.p,e1b,equational,HARD_TIMEOUT,71133,0.000,,,,,,,,,,,,,,,,false,
starexec,SEU440+4.p,e1b,first-negative,HARD_TIMEOUT,71133,0.000,,,,,,,,,,,,,,,,false,
starexec,SEU440+4.p,e1b,occurrence,HARD_TIMEOUT,71133,0.000,,,,,,,,,,,,,,,,false,
starexec,SEU440+4.p,e1b,subsumption-light,HARD_TIMEOUT,71133,0.000,,,,,,,,,,,,,,,,false,
starexec,SEU440+4.p,e1b,weight-greedy,HARD_TIMEOUT,71133,0.000,,,,,,,,,,,,,,,,false,
starexec,SEV522+1.p,e1b,age-fair,TIMEOUT,19,2245.856,163911.666,,,12383,6112445,11940,6098521,87,31,,,,,,,false,
starexec,SEV522+1.p,e1b,balanced,TIMEOUT,19,969.450,164807.773,,,15157,10636547,13636,10603151,96,32,,,,,,,false,
starexec,SEV522+1.p,e1b,equational,TIMEOUT,19,1744.630,163941.899,,,11222,6268094,10235,6243822,96,32,,,,,,,false,
starexec,SEV522+1.p,e1b,first-negative,TIMEOUT,19,2411.335,163665.819,,,10919,6088139,10379,6066601,87,31,,,,,,,false,
starexec,SEV522+1.p,e1b,occurrence,TIMEOUT,19,2168.714,163920.340,,,18670,5176750,18576,5129998,87,31,,,,,,,false,
starexec,SEV522+1.p,e1b,subsumption-light,TIMEOUT,19,1798.066,164071.618,,,8216,3148419,7655,3130325,96,32,,,,,,,false,
starexec,SEV522+1.p,e1b,unary-redundancy,TIMEOUT,19,2228.438,163964.927,,,9452,3360493,9423,3345547,87,31,,,,,,,false,
starexec,SEV522+1.p,e1b,weight-greedy,TIMEOUT,19,1760.637,163971.919,,,22978,4887158,18985,4548868,96,32,,,,,,,false,
starexec,SEV563+1.p,e1b,age-fair,TIMEOUT,25,1666.707,164064.867,,,10455,5267998,9971,5250124,80,17,,,,,,,false,
starexec,SEV563+1.p,e1b,balanced,TIMEOUT,25,690.961,164916.160,,,17082,10234179,16065,10184925,80,17,,,,,,,false,
starexec,SEV563+1.p,e1b,equational,TIMEOUT,25,840.466,164709.106,,,14350,7909489,13192,7867551,80,17,,,,,,,false,
starexec,SEV563+1.p,e1b,first-negative,TIMEOUT,25,1802.957,163620.845,,,19145,5963651,18568,5916899,80,17,,,,,,,false,
starexec,SEV563+1.p,e1b,occurrence,TIMEOUT,25,1662.907,164048.190,,,20995,6493823,19683,6385111,80,17,,,,,,,false,
starexec,SEV563+1.p,e1b,subsumption-light,TIMEOUT,25,875.424,164971.417,,,10441,3996770,9602,3968086,80,17,,,,,,,false,
starexec,SEV563+1.p,e1b,unary-redundancy,TIMEOUT,25,1652.446,164166.240,,,9285,2935415,8390,2909531,80,17,,,,,,,false,
starexec,SEV563+1.p,e1b,weight-greedy,TIMEOUT,25,862.814,164597.382,,,29999,10255197,25180,9743620,80,17,,,,,,,false,
starexec,SEV569+1.p,e1b,age-fair,TIMEOUT,25,1553.885,164073.175,,,10872,5516540,10388,5498148,80,17,,,,,,,false,
starexec,SEV569+1.p,e1b,balanced,TIMEOUT,25,686.872,164951.455,,,17348,10406069,16177,10356271,80,17,,,,,,,false,
starexec,SEV569+1.p,e1b,first-negative,TIMEOUT,25,1220.720,164412.732,,,21148,7098927,20570,7046611,80,17,,,,,,,false,
starexec,SEV569+1.p,e1b,occurrence,TIMEOUT,25,1542.987,164148.308,,,20855,6398493,19543,6290421,80,17,,,,,,,false,
starexec,SEV569+1.p,e1b,subsumption-light,TIMEOUT,25,1344.436,163970.464,,,9250,3071938,8396,3045424,80,17,,,,,,,false,
starexec,SEV569+1.p,e1b,unary-redundancy,TIMEOUT,25,1653.040,163988.058,,,9331,2952920,8436,2926970,80,17,,,,,,,false,
starexec,SEV569+1.p,e1b,weight-greedy,TIMEOUT,25,1371.234,164140.503,,,22251,7735470,19138,7401622,80,17,,,,,,,false,
starexec,SEV581+1.p,e1b,age-fair,TIMEOUT,25,1630.558,164088.937,,,11303,5844071,10819,5825306,80,17,,,,,,,false,
starexec,SEV581+1.p,e1b,balanced,TIMEOUT,25,666.387,164944.966,,,17868,11056446,16964,11005910,80,17,,,,,,,false,
starexec,SEV581+1.p,e1b,equational,TIMEOUT,25,877.920,164645.030,,,15042,8740180,14263,8696414,80,17,,,,,,,false,
starexec,SEV581+1.p,e1b,first-negative,TIMEOUT,25,1178.977,164398.827,,,22431,7458864,21854,7403370,80,17,,,,,,,false,
starexec,SEV581+1.p,e1b,occurrence,TIMEOUT,25,1521.056,163943.138,,,22643,7518617,21451,7397270,80,17,,,,,,,false,
starexec,SEV581+1.p,e1b,subsumption-light,TIMEOUT,25,878.269,165021.690,,,10241,4406691,9561,4378581,80,17,,,,,,,false,
starexec,SEV581+1.p,e1b,unary-redundancy,TIMEOUT,25,1613.299,164127.115,,,9235,3242668,8648,3216842,80,17,,,,,,,false,
starexec,SEV581+1.p,e1b,weight-greedy,TIMEOUT,25,892.209,164705.520,,,30362,9625083,25863,9109590,80,17,,,,,,,false,
starexec,SEV606+1.p,e1b,age-fair,HARD_TIMEOUT,1727,0.000,,,,,,,,,,,,,,,,false,
starexec,SEV606+1.p,e1b,balanced,HARD_TIMEOUT,1727,0.000,,,,,,,,,,,,,,,,false,
starexec,SEV606+1.p,e1b,equational,REFUTED,1727,6738.057,11604.460,180.670,29654.505,2103,99905,1920,96173,599,22,7814,3482525,34132,1555,1728,false,false,
starexec,SEV606+1.p,e1b,first-negative,REFUTED,1727,2964.155,1244.120,126.597,3607.145,248,1066,213,676,134,5,1841,469084,6289,935,1728,false,false,
starexec,SEV606+1.p,e1b,occurrence,HARD_TIMEOUT,1727,0.000,,,,,,,,,,,,,,,,false,
starexec,SEV606+1.p,e1b,subsumption-light,REFUTED,1727,2729.352,2956.722,81.047,6432.838,466,7440,425,6572,240,8,3024,851667,12852,1023,1728,false,false,
starexec,SEV606+1.p,e1b,unary-redundancy,REFUTED,1727,5598.645,4886.857,153.967,10449.987,441,7127,410,6318,233,8,3150,1099005,11305,1225,1728,false,false,
starexec,SEV606+1.p,e1b,weight-greedy,REFUTED,1727,3551.030,1527.276,107.944,5248.594,174,1116,153,655,176,5,2135,398462,8590,897,1728,false,false,
starexec,SEV607+1.p,e1b,age-fair,HARD_TIMEOUT,2360,0.000,,,,,,,,,,,,,,,,false,
starexec,SEV607+1.p,e1b,balanced,HARD_TIMEOUT,2360,0.000,,,,,,,,,,,,,,,,false,
starexec,SEV607+1.p,e1b,equational,TIMEOUT,2360,3187.351,161559.495,,,28679,6378156,25769,6304251,821,93,,,,,,,false,
starexec,SEV607+1.p,e1b,first-negative,SATURATED,2360,3348.282,1073.223,,,93,161,90,90,78,8,,,,,,,false,
starexec,SEV607+1.p,e1b,occurrence,HARD_TIMEOUT,2360,0.000,,,,,,,,,,,,,,,,false,
starexec,SEV607+1.p,e1b,subsumption-light,TIMEOUT,2360,2714.757,161672.149,,,12526,1865293,9553,1830876,563,30,,,,,,,false,
starexec,SEV607+1.p,e1b,unary-redundancy,HARD_TIMEOUT,2360,0.000,,,,,,,,,,,,,,,,false,
starexec,SEV607+1.p,e1b,weight-greedy,TIMEOUT,2360,3254.787,158760.140,,,4718,4093221,4496,4023230,299,17,,,,,,,false,
starexec,SEV608+1.p,e1b,age-fair,HARD_TIMEOUT,2867,0.000,,,,,,,,,,,,,,,,false,
starexec,SEV608+1.p,e1b,balanced,HARD_TIMEOUT,2867,0.000,,,,,,,,,,,,,,,,false,
starexec,SEV608+1.p,e1b,equational,HARD_TIMEOUT,2867,0.000,,,,,,,,,,,,,,,,false,
starexec,SEV608+1.p,e1b,first-negative,REFUTED,2867,2701.850,736.396,79.912,2935.123,101,169,101,69,69,9,878,391800,2961,1757,2868,false,false,
starexec,SEV608+1.p,e1b,occurrence,HARD_TIMEOUT,2867,0.000,,,,,,,,,,,,,,,,false,
starexec,SEV608+1.p,e1b,subsumption-light,REFUTED,2867,6448.141,3535.155,123.289,66056.430,973,6458,926,5060,385,87,4520,12138360,21563,7006,2868,false,false,
starexec,SEV608+1.p,e1b,unary-redundancy,HARD_TIMEOUT,2867,0.000,,,,,,,,,,,,,,,,false,
starexec,SEV608+1.p,e1b,weight-greedy,REFUTED,2867,4026.724,7948.461,92.697,16962.436,2013,164076,1712,148767,202,44,2408,3986573,11918,4528,2868,false,false,
starexec,SEV609+1.p,e1b,age-fair,HARD_TIMEOUT,2900,0.000,,,,,,,,,,,,,,,,false,
starexec,SEV609+1.p,e1b,balanced,HARD_TIMEOUT,2900,0.000,,,,,,,,,,,,,,,,false,
starexec,SEV609+1.p,e1b,equational,TIMEOUT,2900,1953.072,163431.116,,,51374,5490581,50745,5414030,502,201,,,,,,,false,
starexec,SEV609+1.p,e1b,first-negative,TIMEOUT,2900,1368.355,163057.797,,,61852,1150512,56907,1047106,93,39,,,,,,,false,
starexec,SEV609+1.p,e1b,occurrence,HARD_TIMEOUT,2900,0.000,,,,,,,,,,,,,,,,false,
starexec,SEV609+1.p,e1b,subsumption-light,TIMEOUT,2900,2938.073,162072.704,,,19204,1240674,19054,1215641,394,146,,,,,,,false,
starexec,SEV609+1.p,e1b,unary-redundancy,TIMEOUT,2900,3511.203,162079.062,,,15027,1009763,14806,986473,387,144,,,,,,,false,
starexec,SEV609+1.p,e1b,weight-greedy,REFUTED,2900,4928.166,93144.856,104.236,39087.417,22039,3473688,21113,3277657,232,81,3436,9815767,17533,7566,2901,false,false,
starexec,SEV610+1.p,e1b,equational,REFUTED,2777,4428.478,1989.191,141.009,12700.707,455,780,441,238,113,27,1258,1218201,5135,3008,2778,false,false,
starexec,SEV610+1.p,e1b,first-negative,TIMEOUT,2777,2625.318,156453.188,,,30003,968464,29489,931832,22,7,,,,,,,false,
starexec,SEV610+1.p,e1b,occurrence,HARD_TIMEOUT,2777,0.000,,,,,,,,,,,,,,,,false,
starexec,SEV610+1.p,e1b,subsumption-light,REFUTED,2777,3898.119,1525.880,130.023,8494.764,196,342,196,133,92,22,1024,787686,4026,2558,2778,false,false,
starexec,SEV610+1.p,e1b,unary-redundancy,HARD_TIMEOUT,2777,0.000,,,,,,,,,,,,,,,,false,
starexec,SEV610+1.p,e1b,weight-greedy,TIMEOUT,2777,2511.980,157813.483,,,3949,41544,2918,7581,61,12,,,,,,,false,
starexec,SEV612+1.p,e1b,age-fair,HARD_TIMEOUT,2852,0.000,,,,,,,,,,,,,,,,false,
starexec,SEV612+1.p,e1b,balanced,HARD_TIMEOUT,2852,0.000,,,,,,,,,,,,,,,,false,
starexec,SEV612+1.p,e1b,equational,HARD_TIMEOUT,2852,0.000,,,,,,,,,,,,,,,,false,
starexec,SEV612+1.p,e1b,first-negative,SATURATED,2852,1296.606,251.643,,,4,4,4,4,4,0,,,,,,,false,
starexec,SEV612+1.p,e1b,occurrence,HARD_TIMEOUT,2852,0.000,,,,,,,,,,,,,,,,false,
starexec,SEV612+1.p,e1b,subsumption-light,REFUTED,2852,2571.508,701.139,69.853,6764.940,100,140,98,92,103,28,1311,1017963,5842,2190,2853,false,false,
starexec,SEV612+1.p,e1b,unary-redundancy,REFUTED,2852,6579.537,3964.600,104.002,77289.005,1143,11911,1087,10225,444,84,5575,9250408,19235,4610,2853,false,false,
starexec,SEV612+1.p,e1b,weight-greedy,SATURATED,2852,1256.684,342.975,,,7,16,7,15,20,0,,,,,,,false,
starexec,SEV616+1.p,e1b,age-fair,HARD_TIMEOUT,2862,0.000,,,,,,,,,,,,,,,,false,
starexec,SEV616+1.p,e1b,balanced,HARD_TIMEOUT,2862,0.000,,,,,,,,,,,,,,,,false,
starexec,SEV616+1.p,e1b,equational,REFUTED,2862,3738.836,8985.177,169.408,10766.013,3332,42801,3170,36987,242,25,3607,2072900,16705,2141,2863,false,false,
starexec,SEV616+1.p,e1b,first-negative,SATURATED,2862,1628.626,400.543,,,20,20,20,18,18,0,,,,,,,false,
starexec,SEV616+1.p,e1b,occurrence,HARD_TIMEOUT,2862,0.000,,,,,,,,,,,,,,,,false,
starexec,SEV616+1.p,e1b,subsumption-light,REFUTED,2862,2851.639,13514.435,104.453,5751.240,1834,27928,1793,24698,162,16,2447,996003,11471,1592,2863,false,false,
starexec,SEV616+1.p,e1b,unary-redundancy,HARD_TIMEOUT,2862,0.000,,,,,,,,,,,,,,,,false,
starexec,SEV616+1.p,e1b,weight-greedy,TIMEOUT,2862,2547.592,158555.653,,,17406,2519562,15711,2388982,63,6,,,,,,,false,
starexec,SEV618+1.p,e1b,age-fair,HARD_TIMEOUT,2435,0.000,,,,,,,,,,,,,,,,false,
starexec,SEV618+1.p,e1b,balanced,HARD_TIMEOUT,2435,0.000,,,,,,,,,,,,,,,,false,
starexec,SEV618+1.p,e1b,equational,HARD_TIMEOUT,2435,0.000,,,,,,,,,,,,,,,,false,
starexec,SEV618+1.p,e1b,first-negative,SATURATED,2435,2834.255,1126.149,,,86,195,86,44,35,2,,,,,,,false,
starexec,SEV618+1.p,e1b,occurrence,HARD_TIMEOUT,2435,0.000,,,,,,,,,,,,,,,,false,
starexec,SEV618+1.p,e1b,subsumption-light,HARD_TIMEOUT,2435,0.000,,,,,,,,,,,,,,,,false,
starexec,SEV618+1.p,e1b,unary-redundancy,HARD_TIMEOUT,2435,0.000,,,,,,,,,,,,,,,,false,
starexec,SEV618+1.p,e1b,weight-greedy,TIMEOUT,2435,3093.790,155796.627,,,8633,3784662,8116,3705932,128,16,,,,,,,false,
starexec,SEV620+1.p,e1b,age-fair,HARD_TIMEOUT,2723,0.000,,,,,,,,,,,,,,,,false,
starexec,SEV620+1.p,e1b,balanced,HARD_TIMEOUT,2723,0.000,,,,,,,,,,,,,,,,false,
starexec,SEV620+1.p,e1b,equational,KILLED,,0.000,,,,,,,,,,,,,,,,false,killed before finishing
starexec,SEV620+1.p,e1b,first-negative,SATURATED,2723,2743.026,1653.649,,,686,906,682,212,33,0,,,,,,,false,
starexec,SEV620+1.p,e1b,occurrence,HARD_TIMEOUT,2723,0.000,,,,,,,,,,,,,,,,false,
starexec,SEV620+1.p,e1b,subsumption-light,TIMEOUT,2723,3897.193,158305.842,,,10020,358868,9667,342124,241,39,,,,,,,false,
starexec,SEV620+1.p,e1b,unary-redundancy,HARD_TIMEOUT,2723,0.000,,,,,,,,,,,,,,,,false,
starexec,SEV620+1.p,e1b,weight-greedy,TIMEOUT,2723,2800.431,157959.716,,,11586,3747999,10833,3589788,83,9,,,,,,,false,
starexec,SEV621+1.p,e1b,age-fair,HARD_TIMEOUT,2708,0.000,,,,,,,,,,,,,,,,false,
starexec,SEV621+1.p,e1b,balanced,HARD_TIMEOUT,2708,0.000,,,,,,,,,,,,,,,,false,
starexec,SEV621+1.p,e1b,equational,HARD_TIMEOUT,2708,0.000,,,,,,,,,,,,,,,,false,
starexec,SEV621+1.p,e1b,first-negative,SATURATED,2708,3390.268,1131.135,,,284,311,284,63,50,3,,,,,,,false,
starexec,SEV621+1.p,e1b,occurrence,HARD_TIMEOUT,2708,0.000,,,,,,,,,,,,,,,,false,
starexec,SEV621+1.p,e1b,subsumption-light,HARD_TIMEOUT,2708,0.000,,,,,,,,,,,,,,,,false,
starexec,SEV621+1.p,e1b,unary-redundancy,HARD_TIMEOUT,2708,0.000,,,,,,,,,,,,,,,,false,
starexec,SEV621+1.p,e1b,weight-greedy,HARD_TIMEOUT,2708,0.000,,,,,,,,,,,,,,,,false,
starexec,SEV622+1.p,e1b,balanced,HARD_TIMEOUT,2761,0.000,,,,,,,,,,,,,,,,false,
starexec,SEV622+1.p,e1b,equational,TIMEOUT,2761,4120.593,159634.146,,,30744,1611918,28506,1564754,811,178,,,,,,,false,
starexec,SEV622+1.p,e1b,first-negative,SATURATED,2761,1893.984,548.980,,,103,110,103,44,44,1,,,,,,,false,
starexec,SEV622+1.p,e1b,occurrence,HARD_TIMEOUT,2761,0.000,,,,,,,,,,,,,,,,false,
starexec,SEV622+1.p,e1b,subsumption-light,TIMEOUT,2761,3584.417,160112.876,,,10514,230319,10273,215135,654,148,,,,,,,false,
starexec,SEV622+1.p,e1b,unary-redundancy,HARD_TIMEOUT,2761,0.000,,,,,,,,,,,,,,,,false,
starexec,SEV622+1.p,e1b,weight-greedy,TIMEOUT,2761,2122.377,159533.880,,,23567,1865173,21158,1757623,188,14,,,,,,,false,
starexec,SEV625+1.p,e1b,age-fair,HARD_TIMEOUT,2847,0.000,,,,,,,,,,,,,,,,false,
starexec,SEV625+1.p,e1b,balanced,HARD_TIMEOUT,2847,0.000,,,,,,,,,,,,,,,,false,
starexec,SEV625+1.p,e1b,equational,REFUTED,2847,3707.769,1764.279,126.926,12560.916,815,2543,810,1599,206,40,2289,3141006,11166,3751,2848,false,false,
starexec,SEV625+1.p,e1b,first-negative,SATURATED,2847,2549.289,688.558,,,52,55,52,18,14,4,,,,,,,false,
starexec,SEV625+1.p,e1b,occurrence,HARD_TIMEOUT,2847,0.000,,,,,,,,,,,,,,,,false,
starexec,SEV625+1.p,e1b,subsumption-light,TIMEOUT,2847,2099.453,161154.751,,,14643,365713,13404,341077,147,31,,,,,,,false,
starexec,SEV625+1.p,e1b,unary-redundancy,HARD_TIMEOUT,2847,0.000,,,,,,,,,,,,,,,,false,
starexec,SEV625+1.p,e1b,weight-greedy,TIMEOUT,2847,1539.005,163010.946,,,1259,11178,963,8252,32,7,,,,,,,false,
starexec,SEV626+1.p,e1b,age-fair,HARD_TIMEOUT,2838,0.000,,,,,,,,,,,,,,,,false,
starexec,SEV626+1.p,e1b,balanced,HARD_TIMEOUT,2838,0.000,,,,,,,,,,,,,,,,false,
starexec,SEV626+1.p,e1b,equational,TIMEOUT,2838,3650.345,157882.000,,,34015,1041895,26741,978136,216,41,,,,,,,false,
starexec,SEV626+1.p,e1b,first-negative,SATURATED,2838,1729.271,505.400,,,35,37,35,17,17,4,,,,,,,false,
starexec,SEV626+1.p,e1b,occurrence,HARD_TIMEOUT,2838,0.000,,,,,,,,,,,,,,,,false,
starexec,SEV626+1.p,e1b,subsumption-light,TIMEOUT,2838,2570.982,157721.215,,,6081,193988,5515,171976,37,12,,,,,,,false,
starexec,SEV626+1.p,e1b,unary-redundancy,SATURATED,2838,2813.128,3454.259,,,356,626,353,152,33,11,,,,,,,false,
starexec,SEV626+1.p,e1b,weight-greedy,HARD_TIMEOUT,2838,0.000,,,,,,,,,,,,,,,,false,
starexec,SEV627+1.p,e1b,age-fair,HARD_TIMEOUT,2813,0.000,,,,,,,,,,,,,,,,false,
starexec,SEV627+1.p,e1b,balanced,HARD_TIMEOUT,2813,0.000,,,,,,,,,,,,,,,,false,
starexec,SEV627+1.p,e1b,equational,REFUTED,2813,4741.694,4921.675,210.698,12385.532,1885,8617,1824,6010,190,24,1807,1289147,7646,2027,2814,false,false,
starexec,SEV627+1.p,e1b,first-negative,TIMEOUT,2813,1638.688,160451.256,,,16833,804195,14081,755768,14,2,,,,,,,false,
starexec,SEV627+1.p,e1b,occurrence,HARD_TIMEOUT,2813,0.000,,,,,,,,,,,,,,,,false,
starexec,SEV627+1.p,e1b,subsumption-light,TIMEOUT,2813,1753.000,158300.508,,,26328,319698,25835,269257,106,15,,,,,,,false,
starexec,SEV627+1.p,e1b,unary-redundancy,HARD_TIMEOUT,2813,0.000,,,,,,,,,,,,,,,,false,
starexec,SEV627+1.p,e1b,weight-greedy,HARD_TIMEOUT,2813,0.000,,,,,,,,,,,,,,,,false,
starexec,SEV629+1.p,e1b,age-fair,HARD_TIMEOUT,2962,0.000,,,,,,,,,,,,,,,,false,
starexec,SEV629+1.p,e1b,balanced,HARD_TIMEOUT,2962,0.000,,,,,,,,,,,,,,,,false,
starexec,SEV629+1.p,e1b,equational,REFUTED,2962,4152.098,1285.899,138.654,9764.863,150,310,141,143,145,21,1265,800394,5580,1824,2963,false,false,
starexec,SEV629+1.p,e1b,first-negative,HARD_TIMEOUT,2962,0.000,,,,,,,,,,,,,,,,false,
starexec,SEV629+1.p,e1b,occurrence,HARD_TIMEOUT,2962,0.000,,,,,,,,,,,,,,,,false,
starexec,SEV629+1.p,e1b,subsumption-light,REFUTED,2962,3381.964,1023.376,97.699,5250.475,89,173,88,86,80,14,799,381366,3563,1457,2963,false,false,
starexec,SEV629+1.p,e1b,unary-redundancy,REFUTED,2962,4572.100,1599.019,138.645,7127.245,169,404,164,206,105,21,1137,696997,4401,1690,2963,false,false,
starexec,SEV629+1.p,e1b,weight-greedy,SATURATED,2962,2184.263,692.307,,,23,24,23,14,14,2,,,,,,,false,
starexec,SEV630+1.p,e1b,age-fair,HARD_TIMEOUT,2559,0.000,,,,,,,,,,,,,,,,false,
starexec,SEV630+1.p,e1b,balanced,HARD_TIMEOUT,2559,0.000,,,,,,,,,,,,,,,,false,
starexec,SEV630+1.p,e1b,equational,HARD_TIMEOUT,2559,0.000,,,,,,,,,,,,,,,,false,
starexec,SEV630+1.p,e1b,first-negative,TIMEOUT,2559,1082.232,162761.493,,,17748,8274768,15565,8012023,25,7,,,,,,,false,
starexec,SEV630+1.p,e1b,occurrence,HARD_TIMEOUT,2559,0.000,,,,,,,,,,,,,,,,false,
starexec,SEV630+1.p,e1b,subsumption-light,TIMEOUT,2559,2520.322,161835.375,,,12096,858610,11572,832518,311,76,,,,,,,false,
starexec,SEV630+1.p,e1b,unary-redundancy,HARD_TIMEOUT,2559,0.000,,,,,,,,,,,,,,,,false,
starexec,SEV630+1.p,e1b,weight-greedy,TIMEOUT,2559,1159.507,166338.226,,,10920,9150053,10735,9031163,88,12,,,,,,,false,
starexec,SEV631+1.p,e1b,age-fair,HARD_TIMEOUT,3117,0.000,,,,,,,,,,,,,,,,false,
starexec,SEV631+1.p,e1b,balanced,HARD_TIMEOUT,3117,0.000,,,,,,,,,,,,,,,,false,
starexec,SEV631+1.p,e1b,equational,REFUTED,3117,5047.189,1205.828,122.189,33872.701,310,812,289,460,202,52,3377,6064278,22060,6762,3118,false,false,
starexec,SEV631+1.p,e1b,first-negative,REFUTED,3117,2347.710,631.999,74.371,2204.283,49,88,42,33,27,11,380,246696,2088,1761,3118,false,false,
starexec,SEV631+1.p,e1b,occurrence,HARD_TIMEOUT,3117,0.000,,,,,,,,,,,,,,,,false,
starexec,SEV631+1.p,e1b,subsumption-light,REFUTED,3117,2975.645,1161.543,106.792,9285.379,156,354,137,176,94,23,1354,972980,7293,2358,3118,false,false,
starexec,SEV631+1.p,e1b,unary-redundancy,HARD_TIMEOUT,3117,0.000,,,,,,,,,,,,,,,,false,
starexec,SEV631+1.p,e1b,weight-greedy,REFUTED,3117,2222.115,664.698,97.717,2585.988,69,124,60,43,43,13,564,356875,3238,1834,3118,false,false,
starexec,SEV634+1.p,e1b,age-fair,HARD_TIMEOUT,2534,0.000,,,,,,,,,,,,,,,,false,
starexec,SEV634+1.p,e1b,balanced,HARD_TIMEOUT,2534,0.000,,,,,,,,,,,,,,,,false,
starexec,SEV634+1.p,e1b,equational,HARD_TIMEOUT,2534,0.000,,,,,,,,,,,,,,,,false,
starexec,SEV634+1.p,e1b,first-negative,TIMEOUT,2534,2231.339,159118.827,,,21771,6333370,20220,6221568,73,24,,,,,,,false,
starexec,SEV634+1.p,e1b,occurrence,HARD_TIMEOUT,2534,0.000,,,,,,,,,,,,,,,,false,
starexec,SEV634+1.p,e1b,subsumption-light,HARD_TIMEOUT,2534,0.000,,,,,,,,,,,,,,,,false,
starexec,SEV634+1.p,e1b,unary-redundancy,HARD_TIMEOUT,2534,0.000,,,,,,,,,,,,,,,,false,
starexec,SEV634+1.p,e1b,weight-greedy,TIMEOUT,2534,3038.386,156538.208,,,12550,6511725,9848,6385742,171,27,,,,,,,false,
starexec,SEV636+1.p,e1b,age-fair,CLAUSIFY_ERR(StackOverflowError),2935,4208.160,,,,,,,,,,,,,,,,false,
starexec,SEV636+1.p,e1b,balanced,EXHAUSTED,2935,9392.281,492.060,,,0,0,0,0,7455,2111,,,,,,,false,StackOverflowError:  at Clausal$.term:173
starexec,SEV636+1.p,e1b,equational,EXHAUSTED,2935,3065.526,336.070,,,0,0,0,0,611,93,,,,,,,false,StackOverflowError:  at Statics.anyHash:122
starexec,SEV636+1.p,e1b,first-negative,SATURATED,2935,1850.473,13113.537,,,3446,79971,2861,41382,51,7,,,,,,,false,
starexec,SEV636+1.p,e1b,occurrence,CLAUSIFY_ERR(StackOverflowError),2935,3875.482,,,,,,,,,,,,,,,,false,
starexec,SEV636+1.p,e1b,subsumption-light,EXHAUSTED,2935,2975.823,334.865,,,0,0,0,0,590,92,,,,,,,false,StackOverflowError:  at Statics.anyHash:122
starexec,SEV636+1.p,e1b,unary-redundancy,CLAUSIFY_ERR(StackOverflowError),2935,1846.439,,,,,,,,,,,,,,,,false,
starexec,SEV636+1.p,e1b,weight-greedy,TIMEOUT,2935,2181.938,159782.488,,,18303,6641622,11631,6456155,218,37,,,,,,,false,
starexec,SEV637+1.p,e1b,age-fair,HARD_TIMEOUT,2981,0.000,,,,,,,,,,,,,,,,false,
starexec,SEV637+1.p,e1b,balanced,HARD_TIMEOUT,2981,0.000,,,,,,,,,,,,,,,,false,
starexec,SEV637+1.p,e1b,equational,REFUTED,2981,6446.721,5271.907,122.283,26806.302,1133,26056,1096,24368,344,39,4013,3290705,14662,2647,2982,false,false,
starexec,SEV637+1.p,e1b,first-negative,SATURATED,2981,1751.858,530.707,,,41,57,40,28,28,2,,,,,,,false,
starexec,SEV637+1.p,e1b,occurrence,HARD_TIMEOUT,2981,0.000,,,,,,,,,,,,,,,,false,
starexec,SEV637+1.p,e1b,subsumption-light,REFUTED,2981,5658.891,8642.803,130.511,13244.913,1071,26161,1038,24564,301,33,3501,2517030,12739,2390,2982,false,false,
starexec,SEV637+1.p,e1b,unary-redundancy,REFUTED,2981,7894.587,19613.775,139.261,29631.218,2903,115448,2822,110616,325,44,4071,3753046,12903,3009,2982,false,false,
starexec,SEV637+1.p,e1b,weight-greedy,REFUTED,2981,2649.358,1635.160,69.654,4834.978,388,4875,349,3930,183,15,2140,652172,7478,864,2982,false,false,
starexec,SEV640+1.p,e1b,age-fair,HARD_TIMEOUT,2766,0.000,,,,,,,,,,,,,,,,false,
starexec,SEV640+1.p,e1b,balanced,HARD_TIMEOUT,2766,0.000,,,,,,,,,,,,,,,,false,
starexec,SEV640+1.p,e1b,equational,TIMEOUT,2766,2812.680,156327.295,,,23743,6153132,22210,6089769,217,20,,,,,,,false,
starexec,SEV640+1.p,e1b,first-negative,SATURATED,2766,1656.674,493.338,,,22,25,22,23,23,8,,,,,,,false,
starexec,SEV640+1.p,e1b,occurrence,TIMEOUT,2766,3652.517,157432.307,,,27685,6125792,25860,5992494,228,24,,,,,,,false,
starexec,SEV640+1.p,e1b,subsumption-light,SATURATED,2766,1450.013,548.592,,,35,44,34,31,39,9,,,,,,,false,
starexec,SEV640+1.p,e1b,unary-redundancy,SATURATED,2766,2365.175,788.151,,,35,39,34,28,28,9,,,,,,,false,
starexec,SEV640+1.p,e1b,weight-greedy,TIMEOUT,2766,2051.271,156171.696,,,5114,5324246,5017,5206315,36,8,,,,,,,false,
starexec,SEV641+1.p,e1b,age-fair,HARD_TIMEOUT,3078,0.000,,,,,,,,,,,,,,,,false,
starexec,SEV641+1.p,e1b,balanced,HARD_TIMEOUT,3078,0.000,,,,,,,,,,,,,,,,false,
starexec,SEV641+1.p,e1b,equational,HARD_TIMEOUT,3078,0.000,,,,,,,,,,,,,,,,false,
starexec,SEV641+1.p,e1b,first-negative,HARD_TIMEOUT,3078,0.000,,,,,,,,,,,,,,,,false,
starexec,SEV641+1.p,e1b,occurrence,HARD_TIMEOUT,3078,0.000,,,,,,,,,,,,,,,,false,
starexec,SEV641+1.p,e1b,subsumption-light,HARD_TIMEOUT,3078,0.000,,,,,,,,,,,,,,,,false,
starexec,SEV641+1.p,e1b,unary-redundancy,HARD_TIMEOUT,3078,0.000,,,,,,,,,,,,,,,,false,
starexec,SEV641+1.p,e1b,weight-greedy,HARD_TIMEOUT,3078,0.000,,,,,,,,,,,,,,,,false,
starexec,SEV643+1.p,e1b,balanced,HARD_TIMEOUT,2960,0.000,,,,,,,,,,,,,,,,false,
starexec,SEV643+1.p,e1b,equational,HARD_TIMEOUT,2960,0.000,,,,,,,,,,,,,,,,false,
starexec,SEV643+1.p,e1b,first-negative,SATURATED,2960,3372.553,1070.969,,,85,133,82,57,57,8,,,,,,,false,
starexec,SEV643+1.p,e1b,occurrence,HARD_TIMEOUT,2960,0.000,,,,,,,,,,,,,,,,false,
starexec,SEV643+1.p,e1b,subsumption-light,REFUTED,2960,8457.203,4477.639,191.096,39018.524,612,4016,593,3086,323,58,5003,7421973,25501,4770,2961,false,false,
starexec,SEV643+1.p,e1b,unary-redundancy,HARD_TIMEOUT,2960,0.000,,,,,,,,,,,,,,,,false,
starexec,SEV643+1.p,e1b,weight-greedy,TIMEOUT,2960,3306.585,156676.352,,,11059,4943354,9036,4818505,126,20,,,,,,,false,
starexec,SEV644+1.p,e1b,age-fair,HARD_TIMEOUT,2363,0.000,,,,,,,,,,,,,,,,false,
starexec,SEV644+1.p,e1b,balanced,HARD_TIMEOUT,2363,0.000,,,,,,,,,,,,,,,,false,
starexec,SEV644+1.p,e1b,equational,REFUTED,2363,3902.489,819.150,86.974,6070.955,4,83,4,83,98,6,3357,804921,23600,575,2364,false,false,
starexec,SEV644+1.p,e1b,first-negative,CLAUSIFY_ERR(IllegalArgumentException),2363,2547.599,,,,,,,,5,2,,,,,,,false,
starexec,SEV644+1.p,e1b,occurrence,CLAUSIFY_ERR(IllegalArgumentException),2363,4902.912,,,,,,,,81,5,,,,,,,false,
starexec,SEV644+1.p,e1b,subsumption-light,REFUTED,2363,4002.455,1573.645,104.787,6685.328,4,83,4,83,98,6,3357,804921,23600,575,2364,false,false,
starexec,SEV644+1.p,e1b,unary-redundancy,CLAUSIFY_ERR(IllegalArgumentException),2363,4845.193,,,,,,,,81,5,,,,,,,false,
starexec,SEV644+1.p,e1b,weight-greedy,REFUTED,2363,3745.120,779.498,94.814,5887.989,3,76,3,76,91,3,3257,745943,23100,548,2364,false,false,
starexec,SEV645+1.p,e1b,age-fair,HARD_TIMEOUT,1984,0.000,,,,,,,,,,,,,,,,false,
starexec,SEV645+1.p,e1b,balanced,HARD_TIMEOUT,1984,0.000,,,,,,,,,,,,,,,,false,
starexec,SEV645+1.p,e1b,equational,HARD_TIMEOUT,1984,0.000,,,,,,,,,,,,,,,,false,
starexec,SEV645+1.p,e1b,first-negative,TIMEOUT,1984,2908.525,156078.335,,,9192,133185,7865,19778,36,8,,,,,,,false,
starexec,SEV645+1.p,e1b,occurrence,HARD_TIMEOUT,1984,0.000,,,,,,,,,,,,,,,,false,
starexec,SEV645+1.p,e1b,subsumption-light,TIMEOUT,1984,3655.801,157862.043,,,11836,2330136,11032,2296629,361,32,,,,,,,false,
starexec,SEV645+1.p,e1b,unary-redundancy,HARD_TIMEOUT,1984,0.000,,,,,,,,,,,,,,,,false,
starexec,SEV645+1.p,e1b,weight-greedy,TIMEOUT,1984,3171.237,157005.339,,,8585,8652649,7747,8370532,258,20,,,,,,,false,
starexec,SEV646+1.p,e1b,age-fair,HARD_TIMEOUT,3067,0.000,,,,,,,,,,,,,,,,false,
starexec,SEV646+1.p,e1b,balanced,HARD_TIMEOUT,3067,0.000,,,,,,,,,,,,,,,,false,
starexec,SEV646+1.p,e1b,equational,REFUTED,3067,7177.279,2999.245,224.550,50214.367,783,4013,775,3096,268,66,3708,6341738,17534,4991,3068,false,false,
starexec,SEV646+1.p,e1b,first-negative,SATURATED,3067,1589.041,703.369,,,109,115,109,34,16,3,,,,,,,false,
starexec,SEV646+1.p,e1b,occurrence,HARD_TIMEOUT,3067,0.000,,,,,,,,,,,,,,,,false,
starexec,SEV646+1.p,e1b,subsumption-light,REFUTED,3067,4490.090,3219.162,182.094,10698.944,301,1229,299,874,128,22,2139,1094171,10059,2056,3068,false,false,
starexec,SEV646+1.p,e1b,unary-redundancy,REFUTED,3067,3984.175,2158.488,106.068,8504.689,410,1780,407,1309,159,32,2636,1879426,11165,2512,3068,false,false,
starexec,SEV646+1.p,e1b,weight-greedy,REFUTED,3067,1874.463,2424.414,111.959,1670.453,342,10090,328,6696,52,4,842,125053,3743,511,3068,false,false,
starexec,SEV650+1.p,e1b,age-fair,HARD_TIMEOUT,3015,0.000,,,,,,,,,,,,,,,,false,
starexec,SEV650+1.p,e1b,balanced,HARD_TIMEOUT,3015,0.000,,,,,,,,,,,,,,,,false,
starexec,SEV650+1.p,e1b,equational,TIMEOUT,3015,2311.398,161134.366,,,36200,4133722,33624,4048628,237,33,,,,,,,false,
starexec,SEV650+1.p,e1b,first-negative,SATURATED,3015,1790.013,1205.984,,,516,619,460,223,40,3,,,,,,,false,
starexec,SEV650+1.p,e1b,occurrence,HARD_TIMEOUT,3015,0.000,,,,,,,,,,,,,,,,false,
starexec,SEV650+1.p,e1b,subsumption-light,TIMEOUT,3015,1910.956,161727.766,,,15148,736867,13975,700621,120,8,,,,,,,false,
starexec,SEV650+1.p,e1b,unary-redundancy,TIMEOUT,3015,2463.580,161225.470,,,12568,579668,11434,549170,121,8,,,,,,,false,
starexec,SEV650+1.p,e1b,weight-greedy,TIMEOUT,3015,1737.343,161452.765,,,5109,4243368,4957,4141519,84,3,,,,,,,false,
starexec,SEV651+1.p,e1b,age-fair,HARD_TIMEOUT,2743,0.000,,,,,,,,,,,,,,,,false,
starexec,SEV651+1.p,e1b,balanced,HARD_TIMEOUT,2743,0.000,,,,,,,,,,,,,,,,false,
starexec,SEV651+1.p,e1b,equational,TIMEOUT,2743,2763.597,161666.017,,,32267,3369117,31555,3286631,422,55,,,,,,,false,
starexec,SEV651+1.p,e1b,first-negative,TIMEOUT,2743,2511.636,160468.799,,,34716,1567703,28396,1347795,85,7,,,,,,,false,
starexec,SEV651+1.p,e1b,occurrence,HARD_TIMEOUT,2743,0.000,,,,,,,,,,,,,,,,false,
starexec,SEV651+1.p,e1b,subsumption-light,TIMEOUT,2743,2502.543,161564.564,,,11054,646781,10748,616899,302,28,,,,,,,false,
starexec,SEV651+1.p,e1b,unary-redundancy,TIMEOUT,2743,3654.007,158784.568,,,10654,592083,10433,569467,401,59,,,,,,,false,
starexec,SEV651+1.p,e1b,weight-greedy,TIMEOUT,2743,2155.466,161151.033,,,13564,8030098,11206,7874002,169,15,,,,,,,false,
starexec,SEV654+1.p,e1b,age-fair,HARD_TIMEOUT,3190,0.000,,,,,,,,,,,,,,,,false,
starexec,SEV654+1.p,e1b,balanced,HARD_TIMEOUT,3190,0.000,,,,,,,,,,,,,,,,false,
starexec,SEV654+1.p,e1b,equational,TIMEOUT,3190,4288.638,161031.996,,,44019,2795594,42924,2705224,752,298,,,,,,,false,
starexec,SEV654+1.p,e1b,first-negative,TIMEOUT,3190,2092.608,159892.893,,,10657,6547643,8826,6425935,45,12,,,,,,,false,
starexec,SEV654+1.p,e1b,occurrence,HARD_TIMEOUT,3190,0.000,,,,,,,,,,,,,,,,false,
starexec,SEV654+1.p,e1b,subsumption-light,TIMEOUT,3190,2543.234,160955.415,,,23358,752894,22823,703284,283,72,,,,,,,false,
starexec,SEV654+1.p,e1b,unary-redundancy,HARD_TIMEOUT,3190,0.000,,,,,,,,,,,,,,,,false,
starexec,SEV654+1.p,e1b,weight-greedy,TIMEOUT,3190,2854.060,157254.531,,,10249,4449971,9387,4322057,96,14,,,,,,,false,
starexec,SEV655+1.p,e1b,age-fair,HARD_TIMEOUT,3248,0.000,,,,,,,,,,,,,,,,false,
starexec,SEV655+1.p,e1b,balanced,HARD_TIMEOUT,3248,0.000,,,,,,,,,,,,,,,,false,
starexec,SEV655+1.p,e1b,equational,TIMEOUT,3248,3214.210,157962.252,,,31226,2303511,30613,2240243,590,110,,,,,,,false,
starexec,SEV655+1.p,e1b,first-negative,TIMEOUT,3248,2118.674,158292.471,,,29243,6268879,25177,6174321,54,14,,,,,,,false,
starexec,SEV655+1.p,e1b,occurrence,HARD_TIMEOUT,3248,0.000,,,,,,,,,,,,,,,,false,
starexec,SEV655+1.p,e1b,subsumption-light,TIMEOUT,3248,2831.408,158057.990,,,12759,809503,12468,784749,449,73,,,,,,,false,
starexec,SEV655+1.p,e1b,unary-redundancy,HARD_TIMEOUT,3248,0.000,,,,,,,,,,,,,,,,false,
starexec,SEV655+1.p,e1b,weight-greedy,TIMEOUT,3248,2369.821,158612.682,,,8030,5569418,7696,5327064,287,42,,,,,,,false,
starexec,SEV656+1.p,e1b,age-fair,HARD_TIMEOUT,3041,0.000,,,,,,,,,,,,,,,,false,
starexec,SEV656+1.p,e1b,equational,TIMEOUT,3041,2840.522,158623.507,,,34691,2189032,33346,2114800,372,91,,,,,,,false,
starexec,SEV656+1.p,e1b,first-negative,TIMEOUT,3041,1958.563,158736.036,,,19416,5275014,14333,5100444,40,8,,,,,,,false,
starexec,SEV656+1.p,e1b,occurrence,HARD_TIMEOUT,3041,0.000,,,,,,,,,,,,,,,,false,
starexec,SEV656+1.p,e1b,subsumption-light,TIMEOUT,3041,2297.778,158580.357,,,8195,596785,7853,579587,270,47,,,,,,,false,
starexec,SEV656+1.p,e1b,unary-redundancy,HARD_TIMEOUT,3041,0.000,,,,,,,,,,,,,,,,false,
starexec,SEV656+1.p,e1b,weight-greedy,TIMEOUT,3041,1987.713,157135.457,,,14076,4244643,12411,4083285,148,27,,,,,,,false,
starexec,SEV657+1.p,e1b,age-fair,HARD_TIMEOUT,3067,0.000,,,,,,,,,,,,,,,,false,
starexec,SEV657+1.p,e1b,balanced,HARD_TIMEOUT,3067,0.000,,,,,,,,,,,,,,,,false,
starexec,SEV657+1.p,e1b,equational,TIMEOUT,3067,3670.110,157968.062,,,24397,4999486,24218,4969486,249,31,,,,,,,false,
starexec,SEV657+1.p,e1b,first-negative,SATURATED,3067,3145.129,1391.876,,,212,227,212,44,34,2,,,,,,,false,
starexec,SEV657+1.p,e1b,occurrence,HARD_TIMEOUT,3067,0.000,,,,,,,,,,,,,,,,false,
starexec,SEV657+1.p,e1b,subsumption-light,TIMEOUT,3067,3406.095,158091.026,,,9858,599254,9798,582996,179,12,,,,,,,false,
starexec,SEV657+1.p,e1b,unary-redundancy,HARD_TIMEOUT,3067,0.000,,,,,,,,,,,,,,,,false,
starexec,SEV657+1.p,e1b,weight-greedy,TIMEOUT,3067,2695.905,157798.889,,,8647,3736434,7999,3623246,71,2,,,,,,,false,
starexec,SEV658+1.p,e1b,age-fair,HARD_TIMEOUT,3118,0.000,,,,,,,,,,,,,,,,false,
starexec,SEV658+1.p,e1b,balanced,HARD_TIMEOUT,3118,0.000,,,,,,,,,,,,,,,,false,
starexec,SEV658+1.p,e1b,equational,HARD_TIMEOUT,3118,0.000,,,,,,,,,,,,,,,,false,
starexec,SEV658+1.p,e1b,first-negative,TIMEOUT,3118,3142.794,156047.271,,,13928,955549,9525,915095,31,6,,,,,,,false,
starexec,SEV658+1.p,e1b,occurrence,HARD_TIMEOUT,3118,0.000,,,,,,,,,,,,,,,,false,
starexec,SEV658+1.p,e1b,subsumption-light,TIMEOUT,3118,3749.657,158159.084,,,11919,829158,11790,811784,210,26,,,,,,,false,
starexec,SEV658+1.p,e1b,unary-redundancy,HARD_TIMEOUT,3118,0.000,,,,,,,,,,,,,,,,false,
starexec,SEV658+1.p,e1b,weight-greedy,TIMEOUT,3118,3142.383,157959.420,,,4545,5145796,4317,5088896,110,14,,,,,,,false,
starexec,SEV660+1.p,e1b,age-fair,HARD_TIMEOUT,2689,0.000,,,,,,,,,,,,,,,,false,
starexec,SEV660+1.p,e1b,balanced,HARD_TIMEOUT,2689,0.000,,,,,,,,,,,,,,,,false,
starexec,SEV660+1.p,e1b,equational,HARD_TIMEOUT,2689,0.000,,,,,,,,,,,,,,,,false,
starexec,SEV660+1.p,e1b,first-negative,TIMEOUT,2689,2856.727,157532.261,,,2740,4608435,2697,4599718,29,8,,,,,,,false,
starexec,SEV660+1.p,e1b,occurrence,HARD_TIMEOUT,2689,0.000,,,,,,,,,,,,,,,,false,
starexec,SEV660+1.p,e1b,subsumption-light,REFUTED,2689,5036.997,27736.070,160.026,13592.542,2101,240566,2050,237076,90,28,1317,2011270,7759,9152,2690,false,false,
starexec,SEV660+1.p,e1b,unary-redundancy,HARD_TIMEOUT,2689,0.000,,,,,,,,,,,,,,,,false,
starexec,SEV660+1.p,e1b,weight-greedy,REFUTED,2689,3303.381,5697.740,238.783,4757.459,1170,22754,1067,19011,48,11,726,400956,3165,2126,2690,false,false,
starexec,SEV661+1.p,e1b,age-fair,HARD_TIMEOUT,2456,0.000,,,,,,,,,,,,,,,,false,
starexec,SEV661+1.p,e1b,balanced,HARD_TIMEOUT,2456,0.000,,,,,,,,,,,,,,,,false,
starexec,SEV661+1.p,e1b,equational,REFUTED,2456,2706.991,1227.616,133.861,7046.663,278,535,253,168,151,22,2546,1091707,12888,1571,2457,false,false,
starexec,SEV661+1.p,e1b,first-negative,SATURATED,2456,1381.738,417.074,,,14,18,14,11,11,0,,,,,,,false,
starexec,SEV661+1.p,e1b,occurrence,HARD_TIMEOUT,2456,0.000,,,,,,,,,,,,,,,,false,
starexec,SEV661+1.p,e1b,subsumption-light,REFUTED,2456,2144.484,953.499,115.109,2829.443,147,297,128,116,89,13,1043,406110,4488,1186,2457,false,false,
starexec,SEV661+1.p,e1b,unary-redundancy,HARD_TIMEOUT,2456,0.000,,,,,,,,,,,,,,,,false,
starexec,SEV661+1.p,e1b,weight-greedy,SATURATED,2456,1465.494,540.755,,,46,62,34,37,42,3,,,,,,,false,
starexec,SEV667+1.p,e1b,age-fair,HARD_TIMEOUT,2862,0.000,,,,,,,,,,,,,,,,false,
starexec,SEV667+1.p,e1b,balanced,HARD_TIMEOUT,2862,0.000,,,,,,,,,,,,,,,,false,
starexec,SEV667+1.p,e1b,equational,REFUTED,2862,4440.347,3415.770,192.505,12075.730,838,6084,830,5020,118,27,1497,1518783,7280,3818,2863,false,false,
starexec,SEV667+1.p,e1b,first-negative,SATURATED,2862,2319.007,548.113,,,20,23,20,11,11,2,,,,,,,false,
starexec,SEV667+1.p,e1b,occurrence,HARD_TIMEOUT,2862,0.000,,,,,,,,,,,,,,,,false,
starexec,SEV667+1.p,e1b,subsumption-light,TIMEOUT,2862,2163.079,158847.531,,,4544,52410,4331,40102,32,4,,,,,,,false,
starexec,SEV667+1.p,e1b,unary-redundancy,HARD_TIMEOUT,2862,0.000,,,,,,,,,,,,,,,,false,
starexec,SEV667+1.p,e1b,weight-greedy,TIMEOUT,2862,2219.755,158385.526,,,5311,3923088,4820,3891600,25,3,,,,,,,false,
starexec,SEV668+1.p,e1b,age-fair,HARD_TIMEOUT,2820,0.000,,,,,,,,,,,,,,,,false,
starexec,SEV668+1.p,e1b,balanced,HARD_TIMEOUT,2820,0.000,,,,,,,,,,,,,,,,false,
starexec,SEV668+1.p,e1b,equational,HARD_TIMEOUT,2820,0.000,,,,,,,,,,,,,,,,false,
starexec,SEV668+1.p,e1b,first-negative,REFUTED,2820,3098.788,693.490,57.175,1965.678,9,24,9,21,21,12,302,144746,1708,996,2821,false,false,
starexec,SEV668+1.p,e1b,occurrence,HARD_TIMEOUT,2820,0.000,,,,,,,,,,,,,,,,false,
starexec,SEV668+1.p,e1b,subsumption-light,REFUTED,2820,2701.512,670.574,75.218,2776.362,9,24,9,21,21,12,296,142393,1635,986,2821,false,false,
starexec,SEV668+1.p,e1b,unary-redundancy,REFUTED,2820,2921.659,637.848,60.525,2651.138,9,24,9,21,21,12,302,144746,1708,996,2821,false,false,
starexec,SEV668+1.p,e1b,weight-greedy,REFUTED,2820,2738.370,543.725,49.587,2804.308,13,22,13,21,21,12,296,142393,1635,986,2821,false,false,
starexec,SEV671+1.p,e1b,age-fair,HARD_TIMEOUT,2497,0.000,,,,,,,,,,,,,,,,false,
starexec,SEV671+1.p,e1b,balanced,HARD_TIMEOUT,2497,0.000,,,,,,,,,,,,,,,,false,
starexec,SEV671+1.p,e1b,equational,HARD_TIMEOUT,2497,0.000,,,,,,,,,,,,,,,,false,
starexec,SEV671+1.p,e1b,first-negative,TIMEOUT,2497,2847.969,154305.544,,,10417,6708829,10002,6681273,50,9,,,,,,,false,
starexec,SEV671+1.p,e1b,occurrence,HARD_TIMEOUT,2497,0.000,,,,,,,,,,,,,,,,false,
starexec,SEV671+1.p,e1b,subsumption-light,HARD_TIMEOUT,2497,0.000,,,,,,,,,,,,,,,,false,
starexec,SEV671+1.p,e1b,unary-redundancy,HARD_TIMEOUT,2497,0.000,,,,,,,,,,,,,,,,false,
starexec,SEV673+1.p,e1b,age-fair,HARD_TIMEOUT,2701,0.000,,,,,,,,,,,,,,,,false,
starexec,SEV673+1.p,e1b,balanced,HARD_TIMEOUT,2701,0.000,,,,,,,,,,,,,,,,false,
starexec,SEV673+1.p,e1b,equational,HARD_TIMEOUT,2701,0.000,,,,,,,,,,,,,,,,false,
starexec,SEV673+1.p,e1b,first-negative,TIMEOUT,2701,2898.788,155867.568,,,25211,762628,24864,581253,46,8,,,,,,,false,
starexec,SEV673+1.p,e1b,occurrence,HARD_TIMEOUT,2701,0.000,,,,,,,,,,,,,,,,false,
starexec,SEV673+1.p,e1b,subsumption-light,HARD_TIMEOUT,2701,0.000,,,,,,,,,,,,,,,,false,
starexec,SEV673+1.p,e1b,unary-redundancy,HARD_TIMEOUT,2701,0.000,,,,,,,,,,,,,,,,false,
starexec,SEV673+1.p,e1b,weight-greedy,TIMEOUT,2701,2270.168,160365.812,,,17455,9630597,15528,9438072,279,25,,,,,,,false,
starexec,SEV675+1.p,e1b,age-fair,HARD_TIMEOUT,3187,0.000,,,,,,,,,,,,,,,,false,
starexec,SEV675+1.p,e1b,balanced,HARD_TIMEOUT,3187,0.000,,,,,,,,,,,,,,,,false,
starexec,SEV675+1.p,e1b,equational,TIMEOUT,3187,3078.736,161392.703,,,44879,3795913,41333,3709267,493,108,,,,,,,false,
starexec,SEV675+1.p,e1b,first-negative,SATURATED,3187,1602.174,479.403,,,57,59,55,49,50,2,,,,,,,false,
starexec,SEV675+1.p,e1b,occurrence,HARD_TIMEOUT,3187,0.000,,,,,,,,,,,,,,,,false,
starexec,SEV675+1.p,e1b,subsumption-light,TIMEOUT,3187,2660.369,161596.608,,,21735,1119438,21414,1081262,348,72,,,,,,,false,
starexec,SEV675+1.p,e1b,unary-redundancy,HARD_TIMEOUT,3187,0.000,,,,,,,,,,,,,,,,false,
starexec,SEV675+1.p,e1b,weight-greedy,TIMEOUT,3187,1709.742,161370.620,,,6326,5330690,5674,5273432,127,9,,,,,,,false,
starexec,SEV676+1.p,e1b,age-fair,HARD_TIMEOUT,3004,0.000,,,,,,,,,,,,,,,,false,
starexec,SEV676+1.p,e1b,balanced,HARD_TIMEOUT,3004,0.000,,,,,,,,,,,,,,,,false,
starexec,SEV676+1.p,e1b,equational,HARD_TIMEOUT,3004,0.000,,,,,,,,,,,,,,,,false,
starexec,SEV676+1.p,e1b,first-negative,TIMEOUT,3004,2095.293,160663.745,,,2138,27550,1957,15842,48,9,,,,,,,false,
starexec,SEV676+1.p,e1b,occurrence,HARD_TIMEOUT,3004,0.000,,,,,,,,,,,,,,,,false,
starexec,SEV676+1.p,e1b,subsumption-light,TIMEOUT,3004,3774.398,158452.457,,,10594,2238821,9622,2213371,256,38,,,,,,,false,
starexec,SEV676+1.p,e1b,unary-redundancy,HARD_TIMEOUT,3004,0.000,,,,,,,,,,,,,,,,false,
starexec,SEV677+1.p,e1b,age-fair,HARD_TIMEOUT,3185,0.000,,,,,,,,,,,,,,,,false,
starexec,SEV677+1.p,e1b,balanced,HARD_TIMEOUT,3185,0.000,,,,,,,,,,,,,,,,false,
starexec,SEV677+1.p,e1b,equational,HARD_TIMEOUT,3185,0.000,,,,,,,,,,,,,,,,false,
starexec,SEV677+1.p,e1b,first-negative,SATURATED,3185,2657.998,758.800,,,20,22,20,14,14,5,,,,,,,false,
starexec,SEV677+1.p,e1b,occurrence,HARD_TIMEOUT,3185,0.000,,,,,,,,,,,,,,,,false,
starexec,SEV677+1.p,e1b,subsumption-light,REFUTED,3185,7312.228,3999.865,220.371,30286.355,640,3380,599,2554,243,46,3661,3785472,17351,3519,3186,false,false,
starexec,SEV677+1.p,e1b,unary-redundancy,HARD_TIMEOUT,3185,0.000,,,,,,,,,,,,,,,,false,
starexec,SEV677+1.p,e1b,weight-greedy,REFUTED,3185,3025.941,1003.588,139.703,2164.669,61,145,59,66,38,6,487,87426,1633,712,3186,false,false,
starexec,SEV678+1.p,e1b,age-fair,HARD_TIMEOUT,2924,0.000,,,,,,,,,,,,,,,,false,
starexec,SEV678+1.p,e1b,balanced,HARD_TIMEOUT,2924,0.000,,,,,,,,,,,,,,,,false,
starexec,SEV678+1.p,e1b,equational,REFUTED,2924,3502.988,618.752,67.765,22487.967,21,246,21,242,262,44,3254,2575965,11650,2230,2925,false,false,
starexec,SEV678+1.p,e1b,first-negative,REFUTED,2924,1632.545,398.849,54.205,479.952,9,16,9,14,14,1,223,14477,484,365,2925,false,false,
starexec,SEV678+1.p,e1b,occurrence,REFUTED,2924,4042.369,595.292,70.745,19605.934,17,242,17,238,247,44,3286,2527604,10170,2242,2925,false,false,
starexec,SEV678+1.p,e1b,subsumption-light,REFUTED,2924,3367.010,727.016,76.361,21568.054,25,231,25,226,246,44,3010,2430509,10861,2230,2925,false,false,
starexec,SEV678+1.p,e1b,unary-redundancy,REFUTED,2924,4086.484,687.012,75.603,19540.390,24,244,24,238,247,44,3286,2527604,10170,2242,2925,false,false,
starexec,SEV678+1.p,e1b,weight-greedy,REFUTED,2924,1876.023,492.319,52.852,1721.007,14,89,14,86,97,6,1001,126829,3284,426,2925,false,false,
starexec,SEV679+1.p,e1b,age-fair,HARD_TIMEOUT,3356,0.000,,,,,,,,,,,,,,,,false,
starexec,SEV679+1.p,e1b,balanced,HARD_TIMEOUT,3356,0.000,,,,,,,,,,,,,,,,false,
starexec,SEV679+1.p,e1b,equational,HARD_TIMEOUT,3356,0.000,,,,,,,,,,,,,,,,false,
starexec,SEV679+1.p,e1b,first-negative,REFUTED,3356,4989.420,7886.715,189.134,7359.958,2566,35493,2370,29164,70,16,1074,804872,4891,2379,3357,false,false,
starexec,SEV679+1.p,e1b,occurrence,HARD_TIMEOUT,3356,0.000,,,,,,,,,,,,,,,,false,
starexec,SEV679+1.p,e1b,subsumption-light,HARD_TIMEOUT,3356,0.000,,,,,,,,,,,,,,,,false,
starexec,SEV679+1.p,e1b,unary-redundancy,HARD_TIMEOUT,3356,0.000,,,,,,,,,,,,,,,,false,
starexec,SEV679+1.p,e1b,weight-greedy,TIMEOUT,3356,3171.074,156925.128,,,20423,7068218,18750,6813310,293,122,,,,,,,false,
starexec,SWB012+1.p,e1b,age-fair,HARD_TIMEOUT,559,0.000,,,,,,,,,,,,,,,,false,
starexec,SWB012+1.p,e1b,balanced,TIMEOUT,559,3150.334,164398.015,,,39034,8137860,38538,8076090,1392,275,,,,,,,false,
starexec,SWB012+1.p,e1b,equational,HARD_TIMEOUT,559,0.000,,,,,,,,,,,,,,,,false,
starexec,SWB012+1.p,e1b,first-negative,SATURATED,559,1696.370,621.142,,,13,14,13,13,13,3,,,,,,,false,
starexec,SWB012+1.p,e1b,occurrence,HARD_TIMEOUT,559,0.000,,,,,,,,,,,,,,,,false,
starexec,SWB012+1.p,e1b,subsumption-light,HARD_TIMEOUT,559,0.000,,,,,,,,,,,,,,,,false,
starexec,SWB012+1.p,e1b,unary-redundancy,HARD_TIMEOUT,559,0.000,,,,,,,,,,,,,,,,false,
starexec,SWB012+1.p,e1b,weight-greedy,SATURATED,559,1602.346,1714.104,,,264,1597,216,279,42,8,,,,,,,false,
starexec,SWB013+2.p,e1b,age-fair,TIMEOUT,8,2196.669,164583.116,,,17252,3219399,17215,3197363,56,17,,,,,,,false,
starexec,SWB013+2.p,e1b,balanced,TIMEOUT,8,915.275,165014.388,,,25359,8397956,25081,8364734,62,19,,,,,,,false,
starexec,SWB013+2.p,e1b,equational,TIMEOUT,8,1622.419,164323.740,,,22228,6665635,21951,6635797,62,19,,,,,,,false,
starexec,SWB013+2.p,e1b,first-negative,REFUTED,8,3140.198,3976.608,104.328,4259.527,1801,10481,1777,8157,56,17,652,787195,3395,3131,9,false,false,
starexec,SWB013+2.p,e1b,occurrence,REFUTED,8,2621.861,54252.395,140.385,6313.625,10725,979806,10412,949415,56,17,658,799086,3413,3131,9,false,false,
starexec,SWB013+2.p,e1b,subsumption-light,TIMEOUT,8,1682.208,164411.039,,,9188,1297235,9121,1286111,62,19,,,,,,,false,
starexec,SWB013+2.p,e1b,unary-redundancy,TIMEOUT,8,2255.803,164161.986,,,9144,1033537,8993,1018303,56,17,,,,,,,false,
starexec,SWB013+2.p,e1b,weight-greedy,TIMEOUT,8,1710.561,164110.592,,,35371,1125508,35277,1082564,62,19,,,,,,,false,
starexec,SWB017+1.p,e1b,age-fair,HARD_TIMEOUT,559,0.000,,,,,,,,,,,,,,,,false,
starexec,SWB017+1.p,e1b,balanced,HARD_TIMEOUT,559,0.000,,,,,,,,,,,,,,,,false,
starexec,SWB017+1.p,e1b,equational,REFUTED,559,2484.317,1719.037,141.828,3876.317,401,1459,395,739,115,10,891,215486,2472,668,560,false,false,
starexec,SWB017+1.p,e1b,first-negative,SATURATED,559,1227.901,464.388,,,7,7,7,6,6,0,,,,,,,false,
starexec,SWB017+1.p,e1b,occurrence,HARD_TIMEOUT,559,0.000,,,,,,,,,,,,,,,,false,
starexec,SWB017+1.p,e1b,subsumption-light,REFUTED,559,2024.096,1377.247,126.319,2690.312,214,658,210,294,73,7,607,109177,1625,546,560,false,false,
starexec,SWB017+1.p,e1b,unary-redundancy,REFUTED,559,6881.935,3611.155,156.026,47158.646,601,1824,597,915,357,43,3272,4179734,11951,3212,560,false,false,
starexec,SWB017+1.p,e1b,weight-greedy,SATURATED,559,1286.999,534.741,,,8,20,7,16,16,1,,,,,,,false,
starexec,SWB020+1.p,e1b,age-fair,HARD_TIMEOUT,559,0.000,,,,,,,,,,,,,,,,false,
starexec,SWB020+1.p,e1b,balanced,TIMEOUT,559,3421.935,164421.413,,,46715,14204511,45913,14130981,1394,278,,,,,,,false,
starexec,SWB020+1.p,e1b,equational,TIMEOUT,559,2845.145,162567.695,,,35329,3141875,34349,3019001,349,36,,,,,,,false,
starexec,SWB020+1.p,e1b,first-negative,SATURATED,559,1569.777,420.793,,,11,14,11,14,14,1,,,,,,,false,
starexec,SWB020+1.p,e1b,occurrence,HARD_TIMEOUT,559,0.000,,,,,,,,,,,,,,,,false,
starexec,SWB020+1.p,e1b,subsumption-light,TIMEOUT,559,2882.526,162658.602,,,19672,1916495,19515,1842735,324,33,,,,,,,false,
starexec,SWB020+1.p,e1b,unary-redundancy,HARD_TIMEOUT,559,0.000,,,,,,,,,,,,,,,,false,
starexec,SWB020+1.p,e1b,weight-greedy,TIMEOUT,559,1624.427,162454.509,,,13081,936344,13056,873048,57,8,,,,,,,false,
starexec,SWB021+2.p,e1b,age-fair,TIMEOUT,7,2430.301,164175.618,,,14634,781549,11876,716782,69,19,,,,,,,false,
starexec,SWB021+2.p,e1b,balanced,TIMEOUT,7,929.337,164861.387,,,17649,5536707,14587,5357559,78,17,,,,,,,false,
starexec,SWB021+2.p,e1b,equational,REFUTED,7,2843.853,58359.017,267.222,9536.018,7822,1207169,6284,1153136,78,17,753,1389888,3338,3856,8,false,false,
starexec,SWB021+2.p,e1b,first-negative,TIMEOUT,7,2704.756,163681.145,,,40284,1956115,36275,1874495,69,19,,,,,,,false,
starexec,SWB021+2.p,e1b,occurrence,REFUTED,7,3866.737,15117.593,287.534,9885.790,2855,149922,2532,142100,69,19,876,1667822,3937,4096,8,false,false,
starexec,SWB021+2.p,e1b,subsumption-light,TIMEOUT,7,1714.594,164544.745,,,6389,763134,5749,723854,78,17,,,,,,,false,
starexec,SWB021+2.p,e1b,unary-redundancy,REFUTED,7,3779.334,84077.543,248.185,9794.816,4859,300990,4364,287485,69,19,871,1664845,3936,4096,8,false,false,
starexec,SWB021+2.p,e1b,weight-greedy,REFUTED,7,2880.529,3598.649,338.426,8028.449,1308,5957,644,1529,78,17,855,1614724,3384,3856,8,false,false,
starexec,SWB023+1.p,e1b,age-fair,HARD_TIMEOUT,559,0.000,,,,,,,,,,,,,,,,false,
starexec,SWB023+1.p,e1b,balanced,TIMEOUT,559,3073.248,165292.163,,,40668,8131633,40222,8066413,1386,273,,,,,,,false,
starexec,SWB023+1.p,e1b,equational,REFUTED,559,3174.175,2117.238,162.314,9540.935,641,2282,611,1099,165,20,1307,732944,4776,1961,560,false,false,
starexec,SWB023+1.p,e1b,first-negative,SATURATED,559,1457.269,558.963,,,15,16,14,13,13,2,,,,,,,false,
starexec,SWB023+1.p,e1b,occurrence,HARD_TIMEOUT,559,0.000,,,,,,,,,,,,,,,,false,
starexec,SWB023+1.p,e1b,subsumption-light,REFUTED,559,3175.900,2148.551,153.792,8040.623,474,1225,437,385,135,17,1087,549811,4117,1839,560,false,false,
starexec,SWB023+1.p,e1b,unary-redundancy,REFUTED,559,7222.846,9242.225,207.148,45801.991,1920,9022,1880,5433,363,46,3362,4668732,12142,3432,560,false,false,
starexec,SWB023+1.p,e1b,weight-greedy,REFUTED,559,2562.892,1021.250,163.637,6317.301,120,231,97,84,93,14,781,362422,3288,1713,560,false,false,
starexec,SWB027+1.p,e1b,age-fair,HARD_TIMEOUT,559,0.000,,,,,,,,,,,,,,,,false,
starexec,SWB027+1.p,e1b,balanced,TIMEOUT,559,3322.926,164202.999,,,38965,8414759,38592,8352679,1385,274,,,,,,,false,
starexec,SWB027+1.p,e1b,equational,TIMEOUT,559,4016.053,162727.725,,,18567,5922485,18001,5890257,521,118,,,,,,,false,
starexec,SWB027+1.p,e1b,first-negative,SATURATED,559,1771.139,2201.889,,,366,2905,238,1153,27,6,,,,,,,false,
starexec,SWB027+1.p,e1b,occurrence,HARD_TIMEOUT,559,0.000,,,,,,,,,,,,,,,,false,
starexec,SWB027+1.p,e1b,subsumption-light,TIMEOUT,559,2297.047,162546.379,,,14191,855884,13673,833924,166,32,,,,,,,false,
starexec,SWB027+1.p,e1b,unary-redundancy,HARD_TIMEOUT,559,0.000,,,,,,,,,,,,,,,,false,
starexec,SWB027+1.p,e1b,weight-greedy,TIMEOUT,559,2265.592,162406.676,,,31306,886270,30628,838525,110,27,,,,,,,false,
starexec,SWB032+1.p,e1b,age-fair,HARD_TIMEOUT,558,0.000,,,,,,,,,,,,,,,,false,
starexec,SWB032+1.p,e1b,balanced,TIMEOUT,558,3321.278,164302.484,,,41054,9503192,40746,9437556,1379,271,,,,,,,false,
starexec,SWB032+1.p,e1b,equational,TIMEOUT,558,2161.572,162536.582,,,37599,2497019,36000,2405345,274,14,,,,,,,false,
starexec,SWB032+1.p,e1b,first-negative,SATURATED,558,1724.010,381.420,,,28,33,28,33,33,2,,,,,,,false,
starexec,SWB032+1.p,e1b,occurrence,HARD_TIMEOUT,558,0.000,,,,,,,,,,,,,,,,false,
starexec,SWB032+1.p,e1b,subsumption-light,REFUTED,558,2803.690,17989.268,78.020,4155.425,4761,40423,4684,27597,233,11,1890,492512,3966,672,559,false,false,
starexec,SWB032+1.p,e1b,unary-redundancy,REFUTED,558,6110.718,31022.772,92.257,26159.668,6570,94250,5984,69611,398,42,3687,4729012,12160,3173,559,false,false,
starexec,SWB032+1.p,e1b,weight-greedy,REFUTED,558,2243.833,1556.328,76.369,3326.430,677,2100,650,595,101,10,972,255725,2439,662,559,false,false,
starexec,SWB040+1.p,e1b,age-fair,HARD_TIMEOUT,559,0.000,,,,,,,,,,,,,,,,false,
starexec,SWB040+1.p,e1b,balanced,TIMEOUT,559,2965.346,164409.098,,,39197,8539361,38895,8476849,1382,271,,,,,,,false,
starexec,SWB040+1.p,e1b,equational,TIMEOUT,559,1307.603,163710.889,,,44941,3150317,43230,3042460,223,12,,,,,,,false,
starexec,SWB040+1.p,e1b,first-negative,SATURATED,559,1016.053,270.331,,,11,14,11,14,14,1,,,,,,,false,
starexec,SWB040+1.p,e1b,occurrence,HARD_TIMEOUT,559,0.000,,,,,,,,,,,,,,,,false,
starexec,SWB040+1.p,e1b,subsumption-light,REFUTED,559,1874.383,7612.676,76.898,3319.402,3021,29120,2961,20260,198,9,1551,326200,3420,588,560,false,false,
starexec,SWB040+1.p,e1b,unary-redundancy,REFUTED,559,6790.715,95050.417,114.039,33615.884,6311,57074,6033,37746,351,41,3226,4042352,11677,3133,560,false,false,
starexec,SWB040+1.p,e1b,weight-greedy,TIMEOUT,559,1089.133,163513.254,,,12020,844932,12001,788136,57,8,,,,,,,false,
starexec,SWB042+1.p,e1b,age-fair,HARD_TIMEOUT,559,0.000,,,,,,,,,,,,,,,,false,
starexec,SWB042+1.p,e1b,balanced,TIMEOUT,559,2816.830,164456.843,,,40908,8077655,40484,8012205,1394,277,,,,,,,false,
starexec,SWB042+1.p,e1b,equational,TIMEOUT,559,3834.774,163031.555,,,23955,8045223,23523,8002643,496,114,,,,,,,false,
starexec,SWB042+1.p,e1b,first-negative,SATURATED,559,2323.350,623.853,,,49,52,49,32,32,14,,,,,,,false,
starexec,SWB042+1.p,e1b,occurrence,HARD_TIMEOUT,559,0.000,,,,,,,,,,,,,,,,false,
starexec,SWB042+1.p,e1b,subsumption-light,TIMEOUT,559,2986.991,162944.130,,,21801,495672,21400,464534,296,56,,,,,,,false,
starexec,SWB042+1.p,e1b,unary-redundancy,HARD_TIMEOUT,559,0.000,,,,,,,,,,,,,,,,false,
starexec,SWB042+1.p,e1b,weight-greedy,TIMEOUT,559,1894.483,164754.857,,,1805,3477,1805,951,47,13,,,,,,,false,
starexec,SWB046+1.p,e1b,equational,HARD_TIMEOUT,559,0.000,,,,,,,,,,,,,,,,false,
starexec,SWB046+1.p,e1b,first-negative,SATURATED,559,1603.194,2020.456,,,310,2894,182,960,21,3,,,,,,,false,
starexec,SWB046+1.p,e1b,occurrence,HARD_TIMEOUT,559,0.000,,,,,,,,,,,,,,,,false,
starexec,SWB046+1.p,e1b,subsumption-light,REFUTED,559,3801.042,4049.618,186.060,11313.483,1158,5292,1114,2816,157,22,1331,753744,4919,1985,560,false,false,
starexec,SWB046+1.p,e1b,unary-redundancy,REFUTED,559,6881.354,28343.321,154.379,40033.987,5011,47500,4758,36314,353,46,3326,4550198,12032,3382,560,false,false,
starexec,SWB046+1.p,e1b,weight-greedy,SATURATED,559,1553.770,1156.528,,,185,616,122,122,53,8,,,,,,,false,
starexec,SWB047+1.p,e1b,age-fair,HARD_TIMEOUT,559,0.000,,,,,,,,,,,,,,,,false,
starexec,SWB047+1.p,e1b,balanced,TIMEOUT,559,2891.218,164522.781,,,39575,8665295,39272,8602111,1381,271,,,,,,,false,
starexec,SWB047+1.p,e1b,equational,TIMEOUT,559,3899.476,162860.857,,,19873,6169548,19123,6133446,521,119,,,,,,,false,
starexec,SWB047+1.p,e1b,first-negative,SATURATED,559,1636.270,534.801,,,13,14,13,13,13,3,,,,,,,false,
starexec,SWB047+1.p,e1b,occurrence,HARD_TIMEOUT,559,0.000,,,,,,,,,,,,,,,,false,
starexec,SWB047+1.p,e1b,subsumption-light,TIMEOUT,559,1915.261,162355.649,,,16722,956235,15857,927609,133,20,,,,,,,false,
starexec,SWB047+1.p,e1b,unary-redundancy,HARD_TIMEOUT,559,0.000,,,,,,,,,,,,,,,,false,
starexec,SWB047+1.p,e1b,weight-greedy,SATURATED,559,1565.104,1009.426,,,150,382,99,89,42,8,,,,,,,false,
starexec,SWB053+1.p,e1b,age-fair,HARD_TIMEOUT,559,0.000,,,,,,,,,,,,,,,,false,
starexec,SWB053+1.p,e1b,balanced,HARD_TIMEOUT,559,0.000,,,,,,,,,,,,,,,,false,
starexec,SWB053+1.p,e1b,equational,REFUTED,559,2745.838,1723.541,73.663,5387.781,635,1990,626,963,234,12,1809,498326,4057,748,560,false,false,
starexec,SWB053+1.p,e1b,first-negative,SATURATED,559,1408.378,290.249,,,25,47,25,17,17,1,,,,,,,false,
starexec,SWB053+1.p,e1b,occurrence,HARD_TIMEOUT,559,0.000,,,,,,,,,,,,,,,,false,
starexec,SWB053+1.p,e1b,subsumption-light,REFUTED,559,2406.871,1436.020,64.971,3638.512,444,1324,440,603,194,9,1516,316761,3298,588,560,false,false,
starexec,SWB053+1.p,e1b,unary-redundancy,REFUTED,559,6859.007,3160.583,124.358,44212.063,582,1614,581,722,347,41,3192,3986677,11572,3133,560,false,false,
starexec,SWB053+1.p,e1b,weight-greedy,REFUTED,559,1635.996,638.017,58.109,1937.019,167,469,167,121,73,8,619,131250,1747,578,560,false,false,
starexec,SWB055+1.p,e1b,age-fair,HARD_TIMEOUT,559,0.000,,,,,,,,,,,,,,,,false,
starexec,SWB055+1.p,e1b,equational,HARD_TIMEOUT,559,0.000,,,,,,,,,,,,,,,,false,
starexec,SWB055+1.p,e1b,first-negative,SATURATED,559,2334.900,715.558,,,152,171,144,44,46,12,,,,,,,false,
starexec,SWB055+1.p,e1b,occurrence,HARD_TIMEOUT,559,0.000,,,,,,,,,,,,,,,,false,
starexec,SWB055+1.p,e1b,subsumption-light,TIMEOUT,559,2893.245,162557.944,,,17256,602475,15905,485603,266,42,,,,,,,false,
starexec,SWB055+1.p,e1b,unary-redundancy,HARD_TIMEOUT,559,0.000,,,,,,,,,,,,,,,,false,
starexec,SWB055+1.p,e1b,weight-greedy,REFUTED,559,2313.708,2000.440,117.162,3669.074,728,4882,507,622,83,12,757,367410,3207,1694,560,false,false,
starexec,SWB063+1.p,e1b,age-fair,HARD_TIMEOUT,559,0.000,,,,,,,,,,,,,,,,false,
starexec,SWB063+1.p,e1b,balanced,TIMEOUT,559,3235.544,164410.840,,,40203,7590262,39885,7525704,1385,273,,,,,,,false,
starexec,SWB063+1.p,e1b,equational,REFUTED,559,2890.314,3731.482,185.521,8094.062,1063,6683,984,3318,144,15,1107,492290,4120,1710,560,false,false,
starexec,SWB063+1.p,e1b,first-negative,SATURATED,559,1500.423,376.056,,,8,10,8,10,12,1,,,,,,,false,
starexec,SWB063+1.p,e1b,occurrence,HARD_TIMEOUT,559,0.000,,,,,,,,,,,,,,,,false,
starexec,SWB063+1.p,e1b,subsumption-light,REFUTED,559,2784.827,2250.502,173.777,6198.156,263,903,245,404,99,12,809,319989,3327,1687,560,false,false,
starexec,SWB063+1.p,e1b,unary-redundancy,HARD_TIMEOUT,559,0.000,,,,,,,,,,,,,,,,false,
starexec,SWB063+1.p,e1b,weight-greedy,SATURATED,559,1483.830,458.879,,,19,22,18,16,18,2,,,,,,,false,
starexec,SWB068+1.p,e1b,age-fair,HARD_TIMEOUT,559,0.000,,,,,,,,,,,,,,,,false,
starexec,SWB068+1.p,e1b,balanced,TIMEOUT,559,3114.123,164417.979,,,40376,7746763,39995,7681881,1388,274,,,,,,,false,
starexec,SWB068+1.p,e1b,equational,TIMEOUT,559,4038.221,162858.827,,,21785,7701141,21444,7658463,506,111,,,,,,,false,
starexec,SWB068+1.p,e1b,first-negative,SATURATED,559,2029.349,1292.398,,,172,320,158,85,38,7,,,,,,,false,
starexec,SWB068+1.p,e1b,occurrence,HARD_TIMEOUT,559,0.000,,,,,,,,,,,,,,,,false,
starexec,SWB068+1.p,e1b,subsumption-light,TIMEOUT,559,2910.107,162643.650,,,15127,445402,14283,385812,289,42,,,,,,,false,
starexec,SWB068+1.p,e1b,unary-redundancy,TIMEOUT,559,3835.987,162935.349,,,13579,420215,13194,379960,355,44,,,,,,,false,
starexec,SWB068+1.p,e1b,weight-greedy,REFUTED,559,2268.924,1889.619,197.235,3436.565,333,630,282,131,73,11,696,289709,2375,1098,560,false,false,
starexec,SWB073+1.p,e1b,age-fair,HARD_TIMEOUT,559,0.000,,,,,,,,,,,,,,,,false,
starexec,SWB073+1.p,e1b,balanced,HARD_TIMEOUT,559,0.000,,,,,,,,,,,,,,,,false,
starexec,SWB073+1.p,e1b,equational,REFUTED,559,2561.716,1423.968,98.168,5185.160,481,1578,473,642,161,12,1234,338470,3214,748,560,false,false,
starexec,SWB073+1.p,e1b,first-negative,SATURATED,559,1143.873,320.388,,,16,19,16,16,16,2,,,,,,,false,
starexec,SWB073+1.p,e1b,occurrence,HARD_TIMEOUT,559,0.000,,,,,,,,,,,,,,,,false,
starexec,SWB073+1.p,e1b,subsumption-light,REFUTED,559,2597.815,1529.667,97.441,5418.725,383,1127,378,416,135,12,1092,299122,2993,748,560,false,false,
starexec,SWB073+1.p,e1b,unary-redundancy,REFUTED,559,6736.601,3738.439,109.072,42419.349,710,2125,708,1002,372,43,3402,4347301,12130,3216,560,false,false,
starexec,SWB073+1.p,e1b,weight-greedy,REFUTED,559,2094.903,910.314,97.741,3410.846,164,484,162,125,62,9,582,141380,1869,664,560,false,false,
starexec,SWB090+1.p,e1b,age-fair,HARD_TIMEOUT,559,0.000,,,,,,,,,,,,,,,,false,
starexec,SWB090+1.p,e1b,balanced,TIMEOUT,559,3259.997,164387.414,,,38746,8436896,38337,8375180,1386,271,,,,,,,false,
starexec,SWB090+1.p,e1b,equational,HARD_TIMEOUT,559,0.000,,,,,,,,,,,,,,,,false,
starexec,SWB090+1.p,e1b,first-negative,SATURATED,559,1554.626,505.085,,,11,14,11,14,14,1,,,,,,,false,
starexec,SWB090+1.p,e1b,occurrence,HARD_TIMEOUT,559,0.000,,,,,,,,,,,,,,,,false,
starexec,SWB090+1.p,e1b,subsumption-light,HARD_TIMEOUT,559,0.000,,,,,,,,,,,,,,,,false,
starexec,SWB090+1.p,e1b,unary-redundancy,HARD_TIMEOUT,559,0.000,,,,,,,,,,,,,,,,false,
starexec,SWB090+1.p,e1b,weight-greedy,TIMEOUT,559,1542.225,162253.540,,,9688,621472,9669,574533,57,8,,,,,,,false,
starexec,SWB091+1.p,e1b,age-fair,HARD_TIMEOUT,559,0.000,,,,,,,,,,,,,,,,false,
starexec,SWB091+1.p,e1b,balanced,TIMEOUT,559,3037.663,164345.682,,,39320,8988371,38600,8926149,1392,275,,,,,,,false,
starexec,SWB091+1.p,e1b,equational,HARD_TIMEOUT,559,0.000,,,,,,,,,,,,,,,,false,
starexec,SWB091+1.p,e1b,first-negative,SATURATED,559,809.184,256.518,,,6,6,6,6,6,0,,,,,,,false,
starexec,SWB091+1.p,e1b,occurrence,HARD_TIMEOUT,559,0.000,,,,,,,,,,,,,,,,false,
starexec,SWB091+1.p,e1b,subsumption-light,HARD_TIMEOUT,559,0.000,,,,,,,,,,,,,,,,false,
starexec,SWB091+1.p,e1b,unary-redundancy,HARD_TIMEOUT,559,0.000,,,,,,,,,,,,,,,,false,
starexec,SWB091+1.p,e1b,weight-greedy,SATURATED,559,1271.878,538.379,,,52,91,52,31,31,4,,,,,,,false,
starexec,SWB093+1.p,e1b,age-fair,HARD_TIMEOUT,559,0.000,,,,,,,,,,,,,,,,false,
starexec,SWB093+1.p,e1b,balanced,TIMEOUT,559,3421.333,164420.103,,,38670,8326811,38252,8265201,1385,271,,,,,,,false,
starexec,SWB093+1.p,e1b,first-negative,SATURATED,559,1605.673,417.435,,,11,14,11,14,14,1,,,,,,,false,
starexec,SWB093+1.p,e1b,occurrence,HARD_TIMEOUT,559,0.000,,,,,,,,,,,,,,,,false,
starexec,SWB093+1.p,e1b,subsumption-light,HARD_TIMEOUT,559,0.000,,,,,,,,,,,,,,,,false,
starexec,SWB093+1.p,e1b,unary-redundancy,HARD_TIMEOUT,559,0.000,,,,,,,,,,,,,,,,false,
starexec,SWB093+1.p,e1b,weight-greedy,TIMEOUT,559,1638.461,162149.056,,,9479,611336,9460,566177,57,8,,,,,,,false,
starexec,SWB095+1.p,e1b,age-fair,HARD_TIMEOUT,559,0.000,,,,,,,,,,,,,,,,false,
starexec,SWB095+1.p,e1b,balanced,TIMEOUT,559,3374.730,164292.961,,,38479,7663289,38070,7602009,1386,271,,,,,,,false,
starexec,SWB095+1.p,e1b,equational,HARD_TIMEOUT,559,0.000,,,,,,,,,,,,,,,,false,
starexec,SWB095+1.p,e1b,first-negative,SATURATED,559,1642.763,404.106,,,11,14,11,14,14,1,,,,,,,false,
starexec,SWB095+1.p,e1b,occurrence,HARD_TIMEOUT,559,0.000,,,,,,,,,,,,,,,,false,
starexec,SWB095+1.p,e1b,subsumption-light,HARD_TIMEOUT,559,0.000,,,,,,,,,,,,,,,,false,
starexec,SWB095+1.p,e1b,unary-redundancy,HARD_TIMEOUT,559,0.000,,,,,,,,,,,,,,,,false,
starexec,SWB095+1.p,e1b,weight-greedy,TIMEOUT,559,1642.348,162270.310,,,9541,612064,9522,566410,57,8,,,,,,,false,
starexec,SWB099+1.p,e1b,equational,TIMEOUT,559,1832.088,162191.710,,,45465,5482824,43132,5391916,269,13,,,,,,,false,
starexec,SWB099+1.p,e1b,first-negative,SATURATED,559,1612.799,499.238,,,11,14,11,14,14,1,,,,,,,false,
starexec,SWB099+1.p,e1b,occurrence,HARD_TIMEOUT,559,0.000,,,,,,,,,,,,,,,,false,
starexec,SWB099+1.p,e1b,subsumption-light,TIMEOUT,559,1902.751,161978.811,,,20177,1148045,19206,1109873,233,13,,,,,,,false,
starexec,SWB099+1.p,e1b,unary-redundancy,HARD_TIMEOUT,559,0.000,,,,,,,,,,,,,,,,false,
starexec,SWB099+1.p,e1b,weight-greedy,TIMEOUT,559,1618.967,162048.693,,,13134,939047,13109,875593,57,8,,,,,,,false,
starexec,SWB103+1.p,e1b,age-fair,HARD_TIMEOUT,559,0.000,,,,,,,,,,,,,,,,false,
starexec,SWB103+1.p,e1b,balanced,TIMEOUT,559,2425.983,164140.430,,,47030,15310522,46408,15236658,1393,273,,,,,,,false,
starexec,SWB103+1.p,e1b,equational,TIMEOUT,559,3637.049,162064.313,,,63942,3912995,60673,3805489,552,144,,,,,,,false,
starexec,SWB103+1.p,e1b,first-negative,SATURATED,559,1640.943,439.479,,,8,10,8,10,12,1,,,,,,,false,
starexec,SWB103+1.p,e1b,occurrence,HARD_TIMEOUT,559,0.000,,,,,,,,,,,,,,,,false,
starexec,SWB103+1.p,e1b,subsumption-light,HARD_TIMEOUT,559,0.000,,,,,,,,,,,,,,,,false,
starexec,SWB103+1.p,e1b,unary-redundancy,HARD_TIMEOUT,559,0.000,,,,,,,,,,,,,,,,false,
starexec,SWB103+1.p,e1b,weight-greedy,SATURATED,559,1484.934,481.992,,,19,22,18,16,18,2,,,,,,,false,
starexec,SWC012+1.p,e1b,age-fair,REFUTED,95,6944.539,65088.141,202.079,36275.787,30179,942272,29713,905551,211,62,2846,5600451,10639,5024,96,false,false,
starexec,SWC012+1.p,e1b,balanced,REFUTED,95,3354.652,20350.246,128.777,22481.086,20567,512192,20243,486851,220,62,2766,5606496,11660,5088,96,false,false,
starexec,SWC012+1.p,e1b,equational,REFUTED,95,6646.696,35228.268,195.240,38734.114,20643,503376,20393,478004,220,62,2766,5606496,11660,5088,96,false,false,
starexec,SWC012+1.p,e1b,first-negative,TIMEOUT,95,3532.517,162888.529,,,25400,18716563,23034,18672219,211,62,,,,,,,false,
starexec,SWC012+1.p,e1b,occurrence,REFUTED,95,6758.368,21543.972,211.973,37306.768,15012,188527,14824,172312,211,62,2862,5663563,10649,5024,96,false,false,
starexec,SWC012+1.p,e1b,subsumption-light,REFUTED,95,5887.386,86989.553,204.555,38373.910,22603,537176,22281,509508,220,62,2766,5606496,11660,5088,96,false,false,
starexec,SWC012+1.p,e1b,unary-redundancy,HARD_TIMEOUT,95,0.000,,,,,,,,,,,,,,,,false,
starexec,SWC012+1.p,e1b,weight-greedy,TIMEOUT,95,2702.142,163429.336,,,11804,4961934,9480,4748701,220,62,,,,,,,false,
starexec,SWV014+1.p,e1b,age-fair,REFUTED,28,1434.682,1022.096,162.383,740.306,145,255,140,79,38,0,316,17558,1441,227,29,false,false,
starexec,SWV014+1.p,e1b,balanced,REFUTED,28,610.704,375.437,67.842,496.919,77,110,74,38,38,0,286,16588,1575,227,29,false,false,
starexec,SWV014+1.p,e1b,equational,REFUTED,28,1064.815,703.351,146.407,1007.925,77,110,74,38,38,0,286,16588,1575,227,29,false,false,
starexec,SWV014+1.p,e1b,first-negative,TIMEOUT,28,1347.228,163586.869,,,7986,14437224,7986,14421670,38,0,,,,,,,false,
starexec,SWV014+1.p,e1b,occurrence,REFUTED,28,1462.996,667.450,111.121,732.097,62,72,60,38,38,0,316,17558,1441,227,29,false,false,
starexec,SWV014+1.p,e1b,subsumption-light,REFUTED,28,1083.479,787.964,113.277,1042.160,77,110,74,38,38,0,286,16588,1575,227,29,false,false,
starexec,SWV014+1.p,e1b,unary-redundancy,REFUTED,28,1482.440,770.046,140.188,743.224,77,110,74,38,38,0,316,17558,1441,227,29,false,false,
starexec,SWV014+1.p,e1b,weight-greedy,REFUTED,28,1084.717,604.722,133.679,1050.019,63,70,61,38,38,0,300,17208,1566,227,29,false,false,
starexec,SWV041+1.p,e1b,age-fair,REFUTED,99,5899.837,12604.277,197.351,21856.398,3686,149621,3629,145268,178,42,1894,3109028,7358,3684,100,false,false,
starexec,SWV041+1.p,e1b,balanced,REFUTED,99,2493.142,1630.838,102.144,13172.028,551,5835,500,5015,178,42,1802,3099466,7613,3656,100,false,false,
starexec,SWV041+1.p,e1b,equational,REFUTED,99,4458.462,3059.210,199.091,25368.730,552,6031,502,5211,178,42,1802,3099466,7613,3656,100,false,false,
starexec,SWV041+1.p,e1b,first-negative,REFUTED,99,5860.099,3672.109,181.470,23999.600,735,9973,707,8795,178,42,1895,3112292,7359,3684,100,false,false,
starexec,SWV041+1.p,e1b,occurrence,REFUTED,99,5412.759,2260.376,159.183,21842.999,452,2777,446,1855,178,42,1894,3109022,7358,3684,100,false,false,
starexec,SWV041+1.p,e1b,subsumption-light,REFUTED,99,4292.673,3551.355,171.245,25147.421,551,5835,500,5015,178,42,1802,3099466,7613,3656,100,false,false,
starexec,SWV041+1.p,e1b,unary-redundancy,REFUTED,99,6064.985,3857.469,166.706,21992.043,580,6527,529,5660,178,42,1903,3138267,7365,3684,100,false,false,
starexec,SWV041+1.p,e1b,weight-greedy,REFUTED,99,4074.355,2371.885,163.352,14858.264,598,2654,587,1125,178,42,1790,3067242,7606,3656,100,false,false,
starexec,SWV114+1.p,e1b,age-fair,TIMEOUT,101,3028.723,163533.862,,,22688,4275441,22296,4247094,199,52,,,,,,,false,
starexec,SWV114+1.p,e1b,balanced,TIMEOUT,101,1151.765,165521.710,,,25151,10153621,24570,10096675,199,52,,,,,,,false,
starexec,SWV114+1.p,e1b,equational,TIMEOUT,101,2181.207,163759.011,,,17009,6860753,16619,6822009,199,52,,,,,,,false,
starexec,SWV114+1.p,e1b,first-negative,TIMEOUT,101,3105.806,163294.375,,,36787,1933912,36538,1853882,199,52,,,,,,,false,
starexec,SWV114+1.p,e1b,occurrence,TIMEOUT,101,3002.084,163545.349,,,20881,6515540,19551,6413623,199,52,,,,,,,false,
starexec,SWV114+1.p,e1b,subsumption-light,TIMEOUT,101,2189.739,163626.053,,,12794,3904086,12483,3875258,199,52,,,,,,,false,
starexec,SWV114+1.p,e1b,unary-redundancy,TIMEOUT,101,2940.205,163660.919,,,13703,2830577,13303,2800715,199,52,,,,,,,false,
starexec,SWV114+1.p,e1b,weight-greedy,TIMEOUT,101,2202.112,163536.940,,,26517,3901912,23437,3398081,199,52,,,,,,,false,
starexec,SWV202+1.p,e1b,age-fair,TIMEOUT,91,3197.921,163542.737,,,18916,6672295,18030,6643911,203,42,,,,,,,false,
starexec,SWV202+1.p,e1b,balanced,TIMEOUT,91,747.952,165127.405,,,34357,13402725,33603,13330001,203,42,,,,,,,false,
starexec,SWV202+1.p,e1b,equational,TIMEOUT,91,1445.707,164428.626,,,26414,7398539,25727,7345795,203,42,,,,,,,false,
starexec,SWV202+1.p,e1b,first-negative,TIMEOUT,91,3336.864,163103.416,,,25494,1280511,25045,1232501,203,42,,,,,,,false,
starexec,SWV202+1.p,e1b,occurrence,TIMEOUT,91,1985.693,164427.672,,,26633,5078419,25279,4953212,203,42,,,,,,,false,
starexec,SWV202+1.p,e1b,subsumption-light,TIMEOUT,91,1407.175,164408.250,,,18622,3039010,18268,3002224,203,42,,,,,,,false,
starexec,SWV202+1.p,e1b,unary-redundancy,TIMEOUT,91,3223.468,163733.330,,,17695,2035975,17361,2000865,203,42,,,,,,,false,
starexec,SWV202+1.p,e1b,weight-greedy,REFUTED,91,4811.682,8168.270,176.616,28983.475,2599,24823,1942,13737,203,42,1882,3863763,8017,5620,92,false,false,
starexec,SWV203+1.p,e1b,age-fair,HARD_TIMEOUT,91,0.000,,,,,,,,,,,,,,,,false,
starexec,SWV203+1.p,e1b,balanced,TIMEOUT,91,1101.038,165121.213,,,28762,7844594,28061,7787188,203,42,,,,,,,false,
starexec,SWV203+1.p,e1b,equational,TIMEOUT,91,2121.477,163689.000,,,21433,4570571,20917,4528161,203,42,,,,,,,false,
starexec,SWV203+1.p,e1b,first-negative,TIMEOUT,91,2202.565,164183.106,,,30677,1621978,30221,1564230,203,42,,,,,,,false,
starexec,SWV203+1.p,e1b,occurrence,TIMEOUT,91,2964.293,163660.705,,,22534,4061327,21363,3960271,203,42,,,,,,,false,
starexec,SWV203+1.p,e1b,subsumption-light,TIMEOUT,91,2033.836,163776.287,,,15786,2227299,15472,2196149,203,42,,,,,,,false,
starexec,SWV203+1.p,e1b,unary-redundancy,TIMEOUT,91,3004.911,163686.363,,,15756,1694873,15451,1663640,203,42,,,,,,,false,
starexec,SWV203+1.p,e1b,weight-greedy,REFUTED,91,3005.524,5454.023,140.099,18564.516,2745,25574,2021,13970,203,42,1857,3885140,7992,5620,92,false,false,
starexec,SWV234+1.p,e1b,age-fair,TIMEOUT,25,388.259,165243.001,,,7175,12319765,6488,12296864,26,0,,,,,,,false,
starexec,SWV234+1.p,e1b,balanced,HARD_TIMEOUT,25,0.000,,,,,,,,,,,,,,,,false,
starexec,SWV234+1.p,e1b,equational,HARD_TIMEOUT,25,0.000,,,,,,,,,,,,,,,,false,
starexec,SWV234+1.p,e1b,first-negative,TIMEOUT,25,612.508,164645.445,,,18181,10176699,18143,10151516,26,0,,,,,,,false,
starexec,SWV234+1.p,e1b,occurrence,TIMEOUT,25,549.965,165128.780,,,5386,10452380,4883,10374868,26,0,,,,,,,false,
starexec,SWV234+1.p,e1b,subsumption-light,TIMEOUT,25,302.022,165252.779,,,4002,1604152,3178,1581650,26,0,,,,,,,false,
starexec,SWV234+1.p,e1b,unary-redundancy,TIMEOUT,25,388.116,165298.644,,,3969,1603241,3167,1581003,26,0,,,,,,,false,
starexec,SWV234+1.p,e1b,weight-greedy,TIMEOUT,25,444.511,165099.041,,,5233,7706828,4898,7530536,26,0,,,,,,,false,
starexec,SWV234+2.p,e1b,age-fair,REFUTED,21,1085.787,101367.035,195.059,556.374,995,2717992,933,2710328,22,0,280,9183,693,111,22,false,false,
starexec,SWV234+2.p,e1b,balanced,REFUTED,21,517.876,84568.219,146.227,363.100,1207,4422545,1172,4407522,22,0,279,9365,750,111,22,false,false,
starexec,SWV234+2.p,e1b,equational,REFUTED,21,881.413,126820.090,143.450,427.107,1137,3714204,1104,3700524,22,0,279,9371,743,111,22,false,false,
starexec,SWV234+2.p,e1b,occurrence,REFUTED,21,1084.330,34077.465,190.335,503.795,682,794832,656,785498,22,0,280,9133,682,111,22,false,false,
starexec,SWV234+2.p,e1b,subsumption-light,TIMEOUT,21,715.879,164277.508,,,1116,3984702,1078,3971208,22,0,,,,,,,false,
starexec,SWV234+2.p,e1b,unary-redundancy,TIMEOUT,21,853.093,164346.270,,,1176,4250031,1127,4235973,22,0,,,,,,,false,
starexec,SWV234+2.p,e1b,weight-greedy,REFUTED,21,977.877,6707.367,237.058,659.575,203,22262,187,17743,22,0,268,8608,722,111,22,false,false,
starexec,SWV390+1.p,e1b,age-fair,REFUTED,42,2076.993,1952.950,92.397,1180.193,203,1589,199,1336,55,6,619,104466,2572,459,43,false,false,
starexec,SWV390+1.p,e1b,balanced,REFUTED,42,814.930,543.039,45.597,683.782,103,316,99,180,55,6,578,103666,2824,461,43,false,false,
starexec,SWV390+1.p,e1b,equational,REFUTED,42,1509.252,1067.106,75.130,1298.402,97,281,95,153,55,6,578,103666,2824,461,43,false,false,
starexec,SWV390+1.p,e1b,first-negative,REFUTED,42,2226.189,1500.480,161.273,1234.625,212,1008,210,764,55,6,619,104466,2572,459,43,false,false,
starexec,SWV390+1.p,e1b,occurrence,REFUTED,42,2021.328,1503.187,104.898,1137.419,134,872,131,572,55,6,619,104466,2572,459,43,false,false,
starexec,SWV390+1.p,e1b,subsumption-light,REFUTED,42,1564.846,1217.433,85.683,1341.627,96,283,95,159,55,6,578,103666,2824,461,43,false,false,
starexec,SWV390+1.p,e1b,unary-redundancy,REFUTED,42,1972.234,1211.893,91.597,1082.866,96,283,95,159,55,6,619,104466,2572,459,43,false,false,
starexec,SWV390+1.p,e1b,weight-greedy,REFUTED,42,1958.413,1377.064,160.673,2230.652,134,517,125,245,55,6,580,104214,2828,461,43,false,false,
starexec,SWV406+1.p,e1b,age-fair,TIMEOUT,41,1246.125,164951.552,,,3304,3510889,3265,3505656,58,10,,,,,,,false,
starexec,SWV406+1.p,e1b,balanced,REFUTED,41,773.716,65762.397,76.826,1285.102,3393,2964086,2984,2955178,59,9,754,464670,3121,4101,42,false,false,
starexec,SWV406+1.p,e1b,equational,TIMEOUT,41,934.205,164586.215,,,5568,4712070,5450,4696538,59,9,,,,,,,false,
starexec,SWV406+1.p,e1b,first-negative,HARD_TIMEOUT,41,0.000,,,,,,,,,,,,,,,,false,
starexec,SWV406+1.p,e1b,occurrence,REFUTED,41,2698.935,28742.832,213.105,4006.742,2842,752140,2027,740910,58,10,875,522201,3343,3007,42,false,false,
starexec,SWV406+1.p,e1b,subsumption-light,TIMEOUT,41,951.017,164995.449,,,1657,538769,1603,534571,59,9,,,,,,,false,
starexec,SWV406+1.p,e1b,unary-redundancy,REFUTED,41,1848.509,9128.783,130.626,2402.567,703,26804,587,25444,58,10,884,530874,3341,3007,42,false,false,
starexec,SWV406+1.p,e1b,weight-greedy,REFUTED,41,2223.342,3720.907,218.907,4315.285,598,10179,391,7542,59,9,762,472068,3124,4101,42,false,false,
starexec,SWV452+1.p,e1b,age-fair,TIMEOUT,66,2412.878,163650.428,,,11617,7663190,11159,7636326,127,13,,,,,,,false,
starexec,SWV452+1.p,e1b,balanced,TIMEOUT,66,961.461,164736.431,,,18215,16161471,16633,16079547,130,13,,,,,,,false,
starexec,SWV452+1.p,e1b,equational,TIMEOUT,66,1808.562,166182.513,,,12616,8699986,11622,8645322,130,13,,,,,,,false,
starexec,SWV452+1.p,e1b,first-negative,TIMEOUT,66,2713.657,163253.263,,,11646,6199078,9787,6130536,127,13,,,,,,,false,
starexec,SWV452+1.p,e1b,occurrence,TIMEOUT,66,2545.229,163680.367,,,9510,10102066,8531,10001584,127,13,,,,,,,false,
starexec,SWV452+1.p,e1b,subsumption-light,TIMEOUT,66,1922.464,163749.792,,,7475,4068037,6957,4033531,130,13,,,,,,,false,
starexec,SWV452+1.p,e1b,unary-redundancy,TIMEOUT,66,2524.731,163798.910,,,6471,4339344,5953,4306892,127,13,,,,,,,false,
starexec,SWV452+1.p,e1b,weight-greedy,TIMEOUT,66,1824.534,163764.094,,,12370,5801603,11036,5549372,130,13,,,,,,,false,
starexec,SWV453+1.p,e1b,age-fair,TIMEOUT,66,1465.512,164671.839,,,13622,15462856,13020,15431087,127,13,,,,,,,false,
starexec,SWV453+1.p,e1b,balanced,TIMEOUT,66,984.411,164728.484,,,18230,15673184,16546,15590758,130,13,,,,,,,false,
starexec,SWV453+1.p,e1b,equational,TIMEOUT,66,1045.173,164720.961,,,18902,15599166,17207,15513378,130,13,,,,,,,false,
starexec,SWV453+1.p,e1b,first-negative,TIMEOUT,66,1385.915,165389.544,,,17094,15491922,14143,15391414,127,13,,,,,,,false,
starexec,SWV453+1.p,e1b,occurrence,TIMEOUT,66,1414.130,164916.493,,,12000,18837656,10990,18709909,127,13,,,,,,,false,
starexec,SWV453+1.p,e1b,subsumption-light,TIMEOUT,66,1058.761,164742.970,,,11497,7583026,10572,7532658,130,13,,,,,,,false,
starexec,SWV453+1.p,e1b,unary-redundancy,TIMEOUT,66,1397.522,165917.014,,,9217,8140183,8776,8102845,127,13,,,,,,,false,
starexec,SWV453+1.p,e1b,weight-greedy,TIMEOUT,66,1029.509,164734.982,,,17075,11113968,15296,10762466,130,13,,,,,,,false,
starexec,SWV454+1.p,e1b,age-fair,TIMEOUT,66,2516.589,163740.881,,,11073,7993700,10751,7969154,124,12,,,,,,,false,
starexec,SWV454+1.p,e1b,balanced,TIMEOUT,66,1010.330,164814.931,,,17100,16260496,15814,16188880,127,12,,,,,,,false,
starexec,SWV454+1.p,e1b,equational,TIMEOUT,66,1802.025,166052.241,,,11118,9347893,10362,9302849,127,12,,,,,,,false,
starexec,SWV454+1.p,e1b,first-negative,TIMEOUT,66,2748.097,163298.768,,,13075,6650361,11407,6569617,124,12,,,,,,,false,
starexec,SWV454+1.p,e1b,occurrence,TIMEOUT,66,2491.579,163685.782,,,9949,9882454,9520,9783117,124,12,,,,,,,false,
starexec,SWV454+1.p,e1b,subsumption-light,TIMEOUT,66,1835.124,164062.602,,,6454,4298593,6143,4271685,127,12,,,,,,,false,
starexec,SWV454+1.p,e1b,unary-redundancy,TIMEOUT,66,2514.453,163783.564,,,6134,4488024,5884,4465958,124,12,,,,,,,false,
starexec,SWV454+1.p,e1b,weight-greedy,TIMEOUT,66,1878.418,163698.340,,,12516,5571052,11661,5371511,127,12,,,,,,,false,
starexec,SWV467+1.p,e1b,age-fair,TIMEOUT,66,3001.776,164930.597,,,10781,7792218,10280,7765848,137,14,,,,,,,false,
starexec,SWV467+1.p,e1b,balanced,TIMEOUT,66,1103.248,164789.700,,,15478,15348127,13813,15272449,139,14,,,,,,,false,
starexec,SWV467+1.p,e1b,equational,TIMEOUT,66,2171.893,165612.626,,,12977,7694280,11810,7635800,139,14,,,,,,,false,
starexec,SWV467+1.p,e1b,first-negative,TIMEOUT,66,3447.300,163238.332,,,11582,5414399,9665,5334621,137,14,,,,,,,false,
starexec,SWV467+1.p,e1b,occurrence,TIMEOUT,66,3105.468,163736.361,,,7340,9684536,6526,9591899,137,14,,,,,,,false,
starexec,SWV467+1.p,e1b,subsumption-light,TIMEOUT,66,2108.101,163795.275,,,8178,3525864,7380,3489688,139,14,,,,,,,false,
starexec,SWV467+1.p,e1b,unary-redundancy,TIMEOUT,66,3075.206,163799.341,,,6684,4235083,6177,4206887,137,14,,,,,,,false,
starexec,SWV467+1.p,e1b,weight-greedy,TIMEOUT,66,2048.967,163721.389,,,11119,6865032,9634,6574615,139,14,,,,,,,false,
starexec,SWV473+1.p,e1b,age-fair,TIMEOUT,66,2779.698,163519.921,,,10702,7825272,10218,7801112,124,14,,,,,,,false,
starexec,SWV473+1.p,e1b,balanced,TIMEOUT,66,1069.656,166179.949,,,15537,14665096,14137,14589180,126,14,,,,,,,false,
starexec,SWV473+1.p,e1b,equational,TIMEOUT,66,2007.979,165607.316,,,12676,7402323,11472,7346691,126,14,,,,,,,false,
starexec,SWV473+1.p,e1b,first-negative,TIMEOUT,66,3100.069,163344.132,,,12106,5276073,10252,5198153,124,14,,,,,,,false,
starexec,SWV473+1.p,e1b,occurrence,TIMEOUT,66,2661.303,164463.669,,,7036,9251242,6792,9147884,124,14,,,,,,,false,
starexec,SWV473+1.p,e1b,subsumption-light,TIMEOUT,66,1949.311,163654.934,,,6037,3677128,5656,3648092,126,14,,,,,,,false,
starexec,SWV473+1.p,e1b,unary-redundancy,TIMEOUT,66,2680.755,163628.513,,,4821,3498184,4556,3477062,124,14,,,,,,,false,
starexec,SWV473+1.p,e1b,weight-greedy,TIMEOUT,66,1924.013,163582.322,,,13086,11471976,12166,11146237,126,14,,,,,,,false,
starexec,SWV474+1.p,e1b,age-fair,HARD_TIMEOUT,66,0.000,,,,,,,,,,,,,,,,false,
starexec,SWV474+1.p,e1b,balanced,TIMEOUT,66,1126.339,164718.436,,,16252,15063670,14926,14975042,132,14,,,,,,,false,
starexec,SWV474+1.p,e1b,equational,TIMEOUT,66,2179.148,163585.315,,,9333,9310391,8752,9259591,132,14,,,,,,,false,
starexec,SWV474+1.p,e1b,first-negative,TIMEOUT,66,2994.833,163231.007,,,13323,5515379,11120,5425940,130,14,,,,,,,false,
starexec,SWV474+1.p,e1b,occurrence,TIMEOUT,66,2889.446,163650.967,,,7659,10249183,7242,10130291,130,14,,,,,,,false,
starexec,SWV474+1.p,e1b,subsumption-light,TIMEOUT,66,2139.459,163802.389,,,5582,3880210,5241,3850398,132,14,,,,,,,false,
starexec,SWV474+1.p,e1b,unary-redundancy,TIMEOUT,66,2865.756,163703.176,,,4585,3730033,4367,3708813,130,14,,,,,,,false,
starexec,SWV474+1.p,e1b,weight-greedy,TIMEOUT,66,2063.492,163608.718,,,10092,7427718,9213,7120163,132,14,,,,,,,false,
starexec,SWV479+1.p,e1b,age-fair,TIMEOUT,66,3203.551,163469.621,,,10952,7450319,10333,7424188,140,15,,,,,,,false,
starexec,SWV479+1.p,e1b,balanced,TIMEOUT,66,1275.581,164537.871,,,15456,14488878,13870,14413834,142,15,,,,,,,false,
starexec,SWV479+1.p,e1b,equational,TIMEOUT,66,2353.866,163548.491,,,13031,7270930,11877,7211696,142,15,,,,,,,false,
starexec,SWV479+1.p,e1b,first-negative,TIMEOUT,66,3531.971,163093.181,,,13273,4525987,11455,4444761,140,15,,,,,,,false,
starexec,SWV479+1.p,e1b,occurrence,TIMEOUT,66,3308.657,163279.864,,,7242,9600906,6685,9505989,140,15,,,,,,,false,
starexec,SWV479+1.p,e1b,subsumption-light,TIMEOUT,66,2251.489,163729.271,,,7062,3625776,6491,3593384,142,15,,,,,,,false,
starexec,SWV479+1.p,e1b,unary-redundancy,TIMEOUT,66,3221.799,163561.837,,,6165,3805802,5772,3779450,140,15,,,,,,,false,
starexec,SWV479+1.p,e1b,weight-greedy,TIMEOUT,66,2258.639,163498.876,,,10491,6665089,9601,6387179,142,15,,,,,,,false,
starexec,SWV487+3.p,e1b,age-fair,TIMEOUT,12,1167.103,164288.299,,,9392,6772415,9208,6757289,23,3,,,,,,,false,
starexec,SWV487+3.p,e1b,balanced,TIMEOUT,12,503.409,165074.083,,,13402,14062894,12747,14026756,23,3,,,,,,,false,
starexec,SWV487+3.p,e1b,equational,TIMEOUT,12,924.445,164169.544,,,9958,7913736,9546,7886840,23,3,,,,,,,false,
starexec,SWV487+3.p,e1b,first-negative,REFUTED,12,1575.926,19172.352,211.842,1158.823,2995,517278,2737,510364,23,3,289,44917,950,401,13,false,false,
starexec,SWV487+3.p,e1b,occurrence,TIMEOUT,12,1156.102,164186.622,,,11671,9195587,10633,9131855,23,3,,,,,,,false,
starexec,SWV487+3.p,e1b,subsumption-light,TIMEOUT,12,954.637,164250.118,,,7044,3932895,6785,3908174,23,3,,,,,,,false,
starexec,SWV487+3.p,e1b,unary-redundancy,TIMEOUT,12,1142.080,164260.528,,,8110,4367808,7154,4345936,23,3,,,,,,,false,
starexec,SWV487+3.p,e1b,weight-greedy,TIMEOUT,12,924.599,165630.728,,,10356,7913708,8865,7741003,23,3,,,,,,,false,
starexec,SWV488+3.p,e1b,age-fair,REFUTED,12,1510.027,5876.576,153.513,922.318,713,42261,618,40875,24,3,277,46968,924,553,13,false,false,
starexec,SWV488+3.p,e1b,balanced,REFUTED,12,621.614,992.398,70.324,436.637,220,3028,203,2478,24,3,280,47076,981,553,13,false,false,
starexec,SWV488+3.p,e1b,equational,REFUTED,12,1224.164,1557.645,124.540,916.474,178,1966,168,1531,24,3,266,45136,980,553,13,false,false,
starexec,SWV488+3.p,e1b,first-negative,REFUTED,12,1520.203,901.011,91.035,726.314,40,115,34,69,24,3,253,42184,896,553,13,false,false,
starexec,SWV488+3.p,e1b,occurrence,REFUTED,12,1410.133,1441.477,93.468,772.028,161,1418,150,943,24,3,273,46150,921,553,13,false,false,
starexec,SWV488+3.p,e1b,subsumption-light,REFUTED,12,1171.637,1492.811,115.171,926.404,100,612,92,392,24,3,253,42549,969,553,13,false,false,
starexec,SWV488+3.p,e1b,unary-redundancy,REFUTED,12,1383.422,1222.336,93.135,750.401,61,247,57,157,24,3,249,41210,906,553,13,false,false,
starexec,SWV488+3.p,e1b,weight-greedy,REFUTED,12,1196.474,1484.668,117.597,934.882,208,1474,183,697,24,3,268,45443,974,553,13,false,false,
starexec,SWW102+1.p,e1b,age-fair,TIMEOUT,44,1646.800,164188.188,,,3610,5418343,3477,5411274,83,10,,,,,,,false,
starexec,SWW102+1.p,e1b,balanced,REFUTED,44,1114.930,4155.315,129.802,2840.730,705,57232,625,55732,89,12,894,336143,2518,752,45,false,false,
starexec,SWW102+1.p,e1b,equational,REFUTED,44,2441.035,6960.785,223.806,5175.257,623,44916,564,43587,89,12,892,334989,2515,752,45,false,false,
starexec,SWW102+1.p,e1b,first-negative,REFUTED,44,2380.894,45866.412,161.798,2036.388,5563,2039541,4707,2027217,83,10,975,311103,2304,674,45,false,false,
starexec,SWW102+1.p,e1b,occurrence,REFUTED,44,3123.503,3699.857,199.094,3134.876,563,9976,495,8389,83,10,912,283792,2267,674,45,false,false,
starexec,SWW102+1.p,e1b,subsumption-light,REFUTED,44,2194.854,8481.636,214.963,5032.141,659,48857,617,47496,89,12,890,333818,2513,752,45,false,false,
starexec,SWW102+1.p,e1b,unary-redundancy,REFUTED,44,3164.475,8439.492,214.220,3463.897,652,48699,614,47401,83,10,907,282247,2265,674,45,false,false,
starexec,SWW102+1.p,e1b,weight-greedy,REFUTED,44,2012.700,1720.787,233.147,4820.193,259,1234,186,606,89,12,923,347106,2492,752,45,false,false,
starexec,SWW186+1.p,e1b,age-fair,HARD_TIMEOUT,1181,0.000,,,,,,,,,,,,,,,,false,
starexec,SWW186+1.p,e1b,balanced,TIMEOUT,1181,2432.969,163430.297,,,22570,9569719,21011,9481451,1568,29,,,,,,,false,
starexec,SWW186+1.p,e1b,first-negative,SATURATED,1181,2187.579,2994.750,,,118,2644,114,1345,40,0,,,,,,,false,
starexec,SWW186+1.p,e1b,occurrence,HARD_TIMEOUT,1181,0.000,,,,,,,,,,,,,,,,false,
starexec,SWW186+1.p,e1b,subsumption-light,HARD_TIMEOUT,1181,0.000,,,,,,,,,,,,,,,,false,
starexec,SWW186+1.p,e1b,unary-redundancy,HARD_TIMEOUT,1181,0.000,,,,,,,,,,,,,,,,false,
starexec,SWW186+1.p,e1b,weight-greedy,TIMEOUT,1181,2325.511,160503.718,,,6320,6731465,6141,6599934,189,4,,,,,,,false,
starexec,SWW278+1.p,e1b,age-fair,HARD_TIMEOUT,1199,0.000,,,,,,,,,,,,,,,,false,
starexec,SWW278+1.p,e1b,balanced,TIMEOUT,1199,2470.574,164061.530,,,24069,9077019,22280,8992433,1586,36,,,,,,,false,
starexec,SWW278+1.p,e1b,first-negative,TIMEOUT,1199,2089.727,159734.846,,,3720,2599175,3319,2590713,24,2,,,,,,,false,
starexec,SWW278+1.p,e1b,occurrence,HARD_TIMEOUT,1199,0.000,,,,,,,,,,,,,,,,false,
starexec,SWW278+1.p,e1b,subsumption-light,HARD_TIMEOUT,1199,0.000,,,,,,,,,,,,,,,,false,
starexec,SWW278+1.p,e1b,unary-redundancy,HARD_TIMEOUT,1199,0.000,,,,,,,,,,,,,,,,false,
starexec,SWW278+1.p,e1b,weight-greedy,TIMEOUT,1199,3389.050,160647.916,,,13092,5295805,11142,5071002,572,14,,,,,,,false,
starexec,SWW279+1.p,e1b,balanced,TIMEOUT,1213,2445.767,163469.975,,,22637,8037697,20442,7963115,1647,38,,,,,,,false,
starexec,SWW279+1.p,e1b,equational,HARD_TIMEOUT,1213,0.000,,,,,,,,,,,,,,,,false,
starexec,SWW279+1.p,e1b,first-negative,HARD_TIMEOUT,1213,0.000,,,,,,,,,,,,,,,,false,
starexec,SWW279+1.p,e1b,subsumption-light,HARD_TIMEOUT,1213,0.000,,,,,,,,,,,,,,,,false,
starexec,SWW279+1.p,e1b,unary-redundancy,HARD_TIMEOUT,1213,0.000,,,,,,,,,,,,,,,,false,
starexec,SWW279+1.p,e1b,weight-greedy,HARD_TIMEOUT,1213,0.000,,,,,,,,,,,,,,,,false,
starexec,SWW298+1.p,e1b,age-fair,HARD_TIMEOUT,5224,0.000,,,,,,,,,,,,,,,,false,
starexec,SWW298+1.p,e1b,balanced,HARD_TIMEOUT,5224,0.000,,,,,,,,,,,,,,,,false,
starexec,SWW298+1.p,e1b,equational,HARD_TIMEOUT,5224,0.000,,,,,,,,,,,,,,,,false,
starexec,SWW298+1.p,e1b,first-negative,REFUTED,5224,3777.797,738.540,80.191,874.449,19,38,18,20,22,2,237,26463,1169,233,5225,false,false,
starexec,SWW298+1.p,e1b,occurrence,HARD_TIMEOUT,5224,0.000,,,,,,,,,,,,,,,,false,
starexec,SWW298+1.p,e1b,subsumption-light,HARD_TIMEOUT,5224,0.000,,,,,,,,,,,,,,,,false,
starexec,SWW298+1.p,e1b,unary-redundancy,HARD_TIMEOUT,5224,0.000,,,,,,,,,,,,,,,,false,
starexec,SWW298+1.p,e1b,weight-greedy,REFUTED,5224,3321.261,1816.830,80.729,4429.454,438,5999,416,4483,274,10,2226,689038,10664,779,5225,false,false,
starexec,SWW350+1.p,e1b,age-fair,HARD_TIMEOUT,5228,0.000,,,,,,,,,,,,,,,,false,
starexec,SWW350+1.p,e1b,balanced,HARD_TIMEOUT,5228,0.000,,,,,,,,,,,,,,,,false,
starexec,SWW350+1.p,e1b,equational,HARD_TIMEOUT,5228,0.000,,,,,,,,,,,,,,,,false,
starexec,SWW350+1.p,e1b,first-negative,HARD_TIMEOUT,5228,0.000,,,,,,,,,,,,,,,,false,
starexec,SWW350+1.p,e1b,occurrence,HARD_TIMEOUT,5228,0.000,,,,,,,,,,,,,,,,false,
starexec,SWW350+1.p,e1b,subsumption-light,HARD_TIMEOUT,5228,0.000,,,,,,,,,,,,,,,,false,
starexec,SWW350+1.p,e1b,unary-redundancy,HARD_TIMEOUT,5228,0.000,,,,,,,,,,,,,,,,false,
starexec,SWW350+1.p,e1b,weight-greedy,REFUTED,5228,6087.563,1372.845,174.648,16611.008,108,303,106,186,192,23,2011,1586280,12886,2050,5229,false,false,
starexec,SWW374+1.p,e1b,age-fair,HARD_TIMEOUT,5248,0.000,,,,,,,,,,,,,,,,false,
starexec,SWW374+1.p,e1b,balanced,HARD_TIMEOUT,5248,0.000,,,,,,,,,,,,,,,,false,
starexec,SWW374+1.p,e1b,equational,HARD_TIMEOUT,5248,0.000,,,,,,,,,,,,,,,,false,
starexec,SWW374+1.p,e1b,first-negative,TIMEOUT,5248,4306.326,154110.240,,,1691,2929634,1676,2923266,50,4,,,,,,,false,
starexec,SWW374+1.p,e1b,occurrence,HARD_TIMEOUT,5248,0.000,,,,,,,,,,,,,,,,false,
starexec,SWW374+1.p,e1b,subsumption-light,HARD_TIMEOUT,5248,0.000,,,,,,,,,,,,,,,,false,
starexec,SWW374+1.p,e1b,unary-redundancy,HARD_TIMEOUT,5248,0.000,,,,,,,,,,,,,,,,false,
starexec,SWW374+1.p,e1b,weight-greedy,HARD_TIMEOUT,5248,0.000,,,,,,,,,,,,,,,,false,
starexec,SWW394+1.p,e1b,age-fair,HARD_TIMEOUT,5223,0.000,,,,,,,,,,,,,,,,false,
starexec,SWW394+1.p,e1b,balanced,HARD_TIMEOUT,5223,0.000,,,,,,,,,,,,,,,,false,
starexec,SWW394+1.p,e1b,equational,HARD_TIMEOUT,5223,0.000,,,,,,,,,,,,,,,,false,
starexec,SWW394+1.p,e1b,first-negative,REFUTED,5223,3622.027,1725.391,87.183,5593.724,259,3972,246,3552,135,13,1364,786298,7832,1699,5224,false,false,
starexec,SWW394+1.p,e1b,occurrence,HARD_TIMEOUT,5223,0.000,,,,,,,,,,,,,,,,false,
starexec,SWW394+1.p,e1b,subsumption-light,HARD_TIMEOUT,5223,0.000,,,,,,,,,,,,,,,,false,
starexec,SWW394+1.p,e1b,unary-redundancy,HARD_TIMEOUT,5223,0.000,,,,,,,,,,,,,,,,false,
starexec,SWW394+1.p,e1b,weight-greedy,REFUTED,5223,6345.956,4090.315,86.663,45212.738,1303,27414,1200,20670,571,41,5444,7004211,35546,3507,5224,false,false,
starexec,SWW470+5.p,e1b,age-fair,REFUTED,162,5933.733,92806.003,139.610,19460.393,3678,930646,2989,925661,235,50,3212,12424501,20670,10449,163,false,false,
starexec,SWW470+5.p,e1b,balanced,REFUTED,162,2836.565,11066.602,70.547,13537.719,2725,272553,2057,266775,240,52,3102,12976319,21717,10205,163,false,false,
starexec,SWW470+5.p,e1b,equational,TIMEOUT,162,2234.264,162353.142,,,6141,1951976,5341,1939248,240,52,,,,,,,false,
starexec,SWW470+5.p,e1b,first-negative,HARD_TIMEOUT,162,0.000,,,,,,,,,,,,,,,,false,
starexec,SWW470+5.p,e1b,occurrence,REFUTED,162,5817.380,31366.060,146.152,20888.241,3249,608897,3057,588083,235,50,3263,12784552,20686,9883,163,false,false,
starexec,SWW470+5.p,e1b,subsumption-light,REFUTED,162,5671.070,22883.359,138.913,23973.591,2670,268647,2009,262869,240,52,3102,12976319,21717,10205,163,false,false,
starexec,SWW470+5.p,e1b,unary-redundancy,TIMEOUT,162,3004.875,162748.001,,,4971,1772283,4141,1759397,235,50,,,,,,,false,
starexec,SWW470+5.p,e1b,weight-greedy,REFUTED,162,5254.444,73943.534,169.007,23546.704,8475,2210064,6483,2073087,240,52,3165,13416594,21860,10205,163,false,false,
starexec,SWW473+2.p,e1b,age-fair,HARD_TIMEOUT,916,0.000,,,,,,,,,,,,,,,,false,
starexec,SWW473+2.p,e1b,balanced,HARD_TIMEOUT,916,0.000,,,,,,,,,,,,,,,,false,
starexec,SWW473+2.p,e1b,equational,REFUTED,916,7736.692,15860.759,156.765,103111.842,5152,432062,4844,420452,920,82,8062,17053410,37439,5092,917,false,false,
starexec,SWW473+2.p,e1b,first-negative,REFUTED,916,2620.670,2144.125,58.476,2816.286,454,7701,444,6773,117,9,1095,455779,5032,1421,917,false,false,
starexec,SWW473+2.p,e1b,occurrence,HARD_TIMEOUT,916,0.000,,,,,,,,,,,,,,,,false,
starexec,SWW473+2.p,e1b,subsumption-light,REFUTED,916,3463.371,3365.564,81.809,10611.944,925,13033,879,11229,369,28,3042,2332020,13919,2184,917,false,false,
starexec,SWW473+2.p,e1b,unary-redundancy,HARD_TIMEOUT,916,0.000,,,,,,,,,,,,,,,,false,
starexec,SWW473+2.p,e1b,weight-greedy,REFUTED,916,4111.054,18889.383,172.017,10794.637,2106,316733,1880,291843,246,19,2114,1367086,10218,1898,917,false,false,
starexec,SWW473+6.p,e1b,age-fair,HARD_TIMEOUT,608,0.000,,,,,,,,,,,,,,,,false,
starexec,SWW473+6.p,e1b,balanced,TIMEOUT,608,2744.470,163272.441,,,14248,4688679,12744,4651263,845,87,,,,,,,false,
starexec,SWW473+6.p,e1b,equational,HARD_TIMEOUT,608,0.000,,,,,,,,,,,,,,,,false,
starexec,SWW473+6.p,e1b,first-negative,HARD_TIMEOUT,608,0.000,,,,,,,,,,,,,,,,false,
starexec,SWW473+6.p,e1b,occurrence,HARD_TIMEOUT,608,0.000,,,,,,,,,,,,,,,,false,
starexec,SWW473+6.p,e1b,subsumption-light,HARD_TIMEOUT,608,0.000,,,,,,,,,,,,,,,,false,
starexec,SWW473+6.p,e1b,unary-redundancy,HARD_TIMEOUT,608,0.000,,,,,,,,,,,,,,,,false,
starexec,SWW473+6.p,e1b,weight-greedy,TIMEOUT,608,3835.802,160639.484,,,7312,5509467,6763,5385000,350,44,,,,,,,false,
starexec,SWW474+3.p,e1b,age-fair,HARD_TIMEOUT,1440,0.000,,,,,,,,,,,,,,,,false,
starexec,SWW474+3.p,e1b,balanced,TIMEOUT,1440,3545.314,163353.101,,,23346,5603337,20839,5551643,2284,309,,,,,,,false,
starexec,SWW474+3.p,e1b,equational,HARD_TIMEOUT,1440,0.000,,,,,,,,,,,,,,,,false,
starexec,SWW474+3.p,e1b,first-negative,TIMEOUT,1440,3941.661,159294.958,,,4507,4139727,4187,4124839,135,21,,,,,,,false,
starexec,SWW474+3.p,e1b,occurrence,HARD_TIMEOUT,1440,0.000,,,,,,,,,,,,,,,,false,
starexec,SWW474+3.p,e1b,subsumption-light,HARD_TIMEOUT,1440,0.000,,,,,,,,,,,,,,,,false,
starexec,SWW474+3.p,e1b,unary-redundancy,HARD_TIMEOUT,1440,0.000,,,,,,,,,,,,,,,,false,
starexec,SWW474+3.p,e1b,weight-greedy,HARD_TIMEOUT,1440,0.000,,,,,,,,,,,,,,,,false,
starexec,SWW937+1.p,e1b,age-fair,TIMEOUT,28,1430.151,164621.274,,,7337,7986614,7277,7973767,95,19,,,,,,,false,
starexec,SWW937+1.p,e1b,balanced,TIMEOUT,28,1073.562,164663.898,,,11083,12025165,10948,11991027,181,24,,,,,,,false,
starexec,SWW937+1.p,e1b,equational,TIMEOUT,28,1119.152,164711.435,,,10947,11910585,10859,11876503,181,24,,,,,,,false,
starexec,SWW937+1.p,e1b,first-negative,TIMEOUT,28,1495.035,164486.209,,,5190,7003133,5157,6993577,95,19,,,,,,,false,
starexec,SWW937+1.p,e1b,occurrence,TIMEOUT,28,1414.671,164622.232,,,11157,9728991,10841,9664151,95,19,,,,,,,false,
starexec,SWW937+1.p,e1b,subsumption-light,TIMEOUT,28,1103.764,166995.807,,,5406,3224102,5394,3209134,181,24,,,,,,,false,
starexec,SWW937+1.p,e1b,unary-redundancy,HARD_TIMEOUT,28,0.000,,,,,,,,,,,,,,,,false,
starexec,SWW937+1.p,e1b,weight-greedy,TIMEOUT,28,1079.174,165432.350,,,23464,12134587,23394,11975023,181,24,,,,,,,false,
starexec,SWW961+1.p,e1b,age-fair,REFUTED,176,2081.927,1295.933,177.292,789.100,197,273,186,177,177,0,1127,25643,2585,207,177,false,false,
starexec,SWW961+1.p,e1b,balanced,REFUTED,176,839.046,660.973,85.108,722.227,193,242,185,177,177,0,947,22877,2965,207,177,false,false,
starexec,SWW961+1.p,e1b,equational,REFUTED,176,1639.755,1284.793,192.598,1343.823,198,272,190,177,177,0,943,22813,2958,207,177,false,false,
starexec,SWW961+1.p,e1b,first-negative,REFUTED,176,2238.418,4181.902,200.263,963.264,550,38435,508,37755,177,0,1133,25827,2594,207,177,false,false,
starexec,SWW961+1.p,e1b,occurrence,REFUTED,176,2074.175,1242.897,188.446,881.192,185,219,181,177,177,0,1119,25525,2587,207,177,false,false,
starexec,SWW961+1.p,e1b,subsumption-light,REFUTED,176,1650.937,1427.595,168.406,1323.345,192,257,185,177,177,0,943,22813,2958,207,177,false,false,
starexec,SWW961+1.p,e1b,unary-redundancy,REFUTED,176,2063.239,1431.444,173.681,892.699,193,239,185,177,177,0,1119,25525,2587,207,177,false,false,
starexec,SWW961+1.p,e1b,weight-greedy,REFUTED,176,1541.448,1186.131,140.090,1308.124,184,219,181,177,177,0,947,22877,2965,207,177,false,false,
starexec,SWX051+1.p,e1b,age-fair,HARD_TIMEOUT,292,0.000,,,,,,,,,,,,,,,,false,
starexec,SWX051+1.p,e1b,balanced,TIMEOUT,292,2331.282,164243.892,,,35798,9563240,34160,9478896,579,168,,,,,,,false,
starexec,SWX051+1.p,e1b,equational,HARD_TIMEOUT,292,0.000,,,,,,,,,,,,,,,,false,
starexec,SWX051+1.p,e1b,first-negative,HARD_TIMEOUT,292,0.000,,,,,,,,,,,,,,,,false,
starexec,SWX051+1.p,e1b,occurrence,HARD_TIMEOUT,292,0.000,,,,,,,,,,,,,,,,false,
starexec,SWX051+1.p,e1b,subsumption-light,HARD_TIMEOUT,292,0.000,,,,,,,,,,,,,,,,false,
starexec,SWX051+1.p,e1b,unary-redundancy,HARD_TIMEOUT,292,0.000,,,,,,,,,,,,,,,,false,
starexec,SWX051+1.p,e1b,weight-greedy,HARD_TIMEOUT,292,0.000,,,,,,,,,,,,,,,,false,
starexec,SWX185+1.p,e1b,age-fair,TIMEOUT,40,1090.919,163974.832,,,1389,2710438,1340,2708017,41,0,,,,,,,false,
starexec,SWX185+1.p,e1b,balanced,TIMEOUT,40,407.200,164957.135,,,1989,5412166,1794,5406390,41,0,,,,,,,false,
starexec,SWX185+1.p,e1b,equational,TIMEOUT,40,790.343,163918.199,,,1588,2846567,1450,2842577,41,0,,,,,,,false,
starexec,SWX185+1.p,e1b,first-negative,TIMEOUT,40,1122.064,163625.317,,,1782,1911992,1688,1905794,41,0,,,,,,,false,
starexec,SWX185+1.p,e1b,occurrence,TIMEOUT,40,1010.078,164184.377,,,3465,3527790,2702,3504478,41,0,,,,,,,false,
starexec,SWX185+1.p,e1b,subsumption-light,TIMEOUT,40,826.160,165001.317,,,1436,2264829,1282,2260941,41,0,,,,,,,false,
starexec,SWX185+1.p,e1b,unary-redundancy,TIMEOUT,40,1032.090,164043.945,,,1546,1943259,1444,1938587,41,0,,,,,,,false,
starexec,SWX185+1.p,e1b,weight-greedy,REFUTED,40,1012.827,127370.128,241.116,884.804,6452,2226733,3813,2065052,41,0,407,18871,1026,91,41,false,false,
starexec,SWX187+1.p,e1b,age-fair,REFUTED,16,1181.455,12696.941,376.264,972.648,1247,34853,1200,31006,18,0,420,49740,1260,279,17,false,false,
starexec,SWX187+1.p,e1b,balanced,REFUTED,16,570.586,8013.839,278.958,687.540,1419,56153,1394,51863,18,0,569,70985,1530,293,17,false,false,
starexec,SWX187+1.p,e1b,equational,REFUTED,16,977.160,13717.018,482.314,1271.625,1391,50269,1365,46251,18,0,569,70985,1530,293,17,false,false,
starexec,SWX187+1.p,e1b,first-negative,REFUTED,16,1279.173,5056.628,349.463,830.669,284,5295,271,4140,18,0,347,36427,957,249,17,false,false,
starexec,SWX187+1.p,e1b,occurrence,REFUTED,16,1162.668,11150.515,302.984,795.868,1023,35391,993,31998,18,0,354,38191,1018,257,17,false,false,
starexec,SWX187+1.p,e1b,subsumption-light,REFUTED,16,1028.856,19201.274,487.579,1402.389,1418,56115,1394,51832,18,0,602,75220,1604,293,17,false,false,
starexec,SWX187+1.p,e1b,unary-redundancy,REFUTED,16,1169.816,17145.769,381.813,1067.878,1315,50770,1285,46598,18,0,421,50054,1266,279,17,false,false,
starexec,SWX187+1.p,e1b,weight-greedy,REFUTED,16,694.056,12624.927,159.848,582.351,1920,103884,1670,87891,18,0,340,37246,1025,257,17,false,false,
starexec,SWX189+1.p,e1b,age-fair,TIMEOUT,53,1289.995,163891.263,,,3166,2752403,3015,2746243,54,0,,,,,,,false,
starexec,SWX189+1.p,e1b,balanced,TIMEOUT,53,484.687,165701.698,,,6477,5426700,6049,5407038,54,0,,,,,,,false,
starexec,SWX189+1.p,e1b,equational,TIMEOUT,53,989.447,163995.416,,,5648,3277814,5313,3260492,54,0,,,,,,,false,
starexec,SWX189+1.p,e1b,first-negative,TIMEOUT,53,1330.526,163460.003,,,7690,4231659,7366,4213355,54,0,,,,,,,false,
starexec,SWX189+1.p,e1b,occurrence,TIMEOUT,53,1236.405,163954.560,,,11669,3574799,10211,3513422,54,0,,,,,,,false,
starexec,SWX189+1.p,e1b,subsumption-light,TIMEOUT,53,940.526,164125.185,,,4809,1964554,4460,1950036,54,0,,,,,,,false,
starexec,SWX189+1.p,e1b,unary-redundancy,TIMEOUT,53,1240.051,163895.084,,,6129,2869047,5452,2854283,54,0,,,,,,,false,
starexec,SWX189+1.p,e1b,weight-greedy,TIMEOUT,53,978.371,163818.890,,,9830,2872148,8133,2668843,54,0,,,,,,,false,
starexec,SWX194+1.p,e1b,age-fair,TIMEOUT,71,874.766,164659.176,,,2273,3868642,2162,3865424,71,0,,,,,,,false,
starexec,SWX194+1.p,e1b,balanced,TIMEOUT,71,342.329,165225.610,,,4066,7075008,3872,7065942,72,0,,,,,,,false,
starexec,SWX194+1.p,e1b,equational,TIMEOUT,71,650.977,164725.805,,,3310,4212696,3043,4204620,72,0,,,,,,,false,
starexec,SWX194+1.p,e1b,first-negative,TIMEOUT,71,1536.923,163419.769,,,3763,5867542,3667,5857990,71,0,,,,,,,false,
starexec,SWX194+1.p,e1b,occurrence,TIMEOUT,71,903.368,166389.398,,,6885,4949955,5740,4904091,71,0,,,,,,,false,
starexec,SWX194+1.p,e1b,subsumption-light,TIMEOUT,71,660.750,164603.576,,,3644,4389201,3431,4381021,72,0,,,,,,,false,
starexec,SWX194+1.p,e1b,unary-redundancy,TIMEOUT,71,892.701,164539.385,,,4459,2437647,4263,2425435,71,0,,,,,,,false,
starexec,SWX194+1.p,e1b,weight-greedy,TIMEOUT,71,661.414,164448.904,,,6008,5556754,5574,5503099,72,0,,,,,,,false,
starexec,SWX197+1.p,e1b,age-fair,HARD_TIMEOUT,73,0.000,,,,,,,,,,,,,,,,false,
starexec,SWX197+1.p,e1b,balanced,TIMEOUT,73,543.532,168553.124,,,5688,8946486,5195,8931438,74,0,,,,,,,false,
starexec,SWX197+1.p,e1b,equational,TIMEOUT,73,1064.001,163672.257,,,3549,3584779,3372,3575905,74,0,,,,,,,false,
starexec,SWX197+1.p,e1b,first-negative,TIMEOUT,73,1576.138,163077.877,,,3456,4487637,3394,4478603,74,0,,,,,,,false,
starexec,SWX197+1.p,e1b,occurrence,TIMEOUT,73,1493.855,163601.772,,,5188,3933282,4891,3908370,74,0,,,,,,,false,
starexec,SWX197+1.p,e1b,subsumption-light,TIMEOUT,73,1085.935,163531.086,,,4056,5119292,3826,5109170,74,0,,,,,,,false,
starexec,SWX197+1.p,e1b,unary-redundancy,TIMEOUT,73,1487.715,163614.928,,,3395,3446117,3261,3437655,74,0,,,,,,,false,
starexec,SWX197+1.p,e1b,weight-greedy,TIMEOUT,73,1073.633,163661.576,,,6669,4057038,6124,4001826,74,0,,,,,,,false,
starexec,SWX199+1.p,e1b,age-fair,REFUTED,12,1122.556,39236.593,242.372,555.596,1078,575457,586,572108,14,0,267,20138,722,132,13,false,false,
starexec,SWX199+1.p,e1b,balanced,REFUTED,12,534.444,5140.211,143.587,390.199,194,51442,124,50723,14,0,267,20579,738,132,13,false,false,
starexec,SWX199+1.p,e1b,equational,REFUTED,12,966.764,9520.890,271.378,757.013,194,51214,124,50495,14,0,267,20559,740,132,13,false,false,
starexec,SWX199+1.p,e1b,first-negative,REFUTED,12,1312.271,3922.050,254.680,627.054,159,8847,121,7900,14,0,263,19715,708,132,13,false,false,
starexec,SWX199+1.p,e1b,occurrence,REFUTED,12,1069.973,35472.675,150.222,484.054,828,721470,582,717988,14,0,254,18821,682,128,13,false,false,
starexec,SWX199+1.p,e1b,subsumption-light,REFUTED,12,947.019,11554.918,211.111,678.093,199,52450,124,51724,14,0,261,20291,728,132,13,false,false,
starexec,SWX199+1.p,e1b,unary-redundancy,TIMEOUT,12,905.536,165627.272,,,587,1492971,573,1491739,14,0,,,,,,,false,
starexec,SWX199+1.p,e1b,weight-greedy,REFUTED,12,994.975,2499.566,234.279,634.975,176,5149,101,4405,14,0,220,16209,645,121,13,false,false,
starexec,SWX200+1.p,e1b,age-fair,REFUTED,15,1135.488,651.607,70.201,430.539,26,41,19,19,19,0,175,8160,525,143,16,false,false,
starexec,SWX200+1.p,e1b,balanced,REFUTED,15,493.041,360.388,70.943,300.405,23,33,20,19,19,0,161,7737,550,143,16,false,false,
starexec,SWX200+1.p,e1b,equational,REFUTED,15,931.621,582.723,85.006,542.775,18,24,16,19,19,0,161,7737,550,143,16,false,false,
starexec,SWX200+1.p,e1b,first-negative,REFUTED,15,1291.508,637.251,71.513,423.953,25,35,22,19,19,0,175,8165,525,143,16,false,false,
starexec,SWX200+1.p,e1b,occurrence,REFUTED,15,1056.050,633.076,79.721,447.798,18,25,15,19,19,0,175,8160,525,143,16,false,false,
starexec,SWX200+1.p,e1b,subsumption-light,REFUTED,15,885.714,670.106,82.228,555.320,23,33,20,19,19,0,161,7737,550,143,16,false,false,
starexec,SWX200+1.p,e1b,unary-redundancy,REFUTED,15,1122.310,630.710,82.439,427.128,23,33,20,19,19,0,175,8160,525,143,16,false,false,
starexec,SWX200+1.p,e1b,weight-greedy,REFUTED,15,898.667,527.095,89.102,603.850,16,20,13,19,19,0,161,7737,550,143,16,false,false,
starexec,SWX201+1.p,e1b,age-fair,TIMEOUT,28,1030.299,164671.428,,,2779,2648705,2662,2642324,30,0,,,,,,,false,
starexec,SWX201+1.p,e1b,balanced,TIMEOUT,28,449.129,165081.963,,,4699,5456924,4522,5443904,30,0,,,,,,,false,
starexec,SWX201+1.p,e1b,equational,TIMEOUT,28,817.695,164434.331,,,3848,3017189,3593,3006673,30,0,,,,,,,false,
starexec,SWX201+1.p,e1b,first-negative,TIMEOUT,28,1108.897,163391.720,,,6473,1819374,6043,1787600,30,0,,,,,,,false,
starexec,SWX201+1.p,e1b,occurrence,TIMEOUT,28,1026.445,163938.632,,,3518,3123517,3061,3105460,30,0,,,,,,,false,
starexec,SWX201+1.p,e1b,subsumption-light,TIMEOUT,28,843.164,163911.515,,,2483,1467473,2349,1461523,30,0,,,,,,,false,
starexec,SWX201+1.p,e1b,unary-redundancy,TIMEOUT,28,1031.093,163941.326,,,2578,1460380,2426,1454402,30,0,,,,,,,false,
starexec,SWX201+1.p,e1b,weight-greedy,TIMEOUT,28,857.600,163913.319,,,6867,2929820,6305,2870169,30,0,,,,,,,false,
starexec,SWX202+1.p,e1b,age-fair,TIMEOUT,28,665.815,165722.029,,,2946,3251101,2770,3245874,30,0,,,,,,,false,
starexec,SWX202+1.p,e1b,balanced,TIMEOUT,28,280.786,169581.516,,,4266,6048583,4078,6036585,30,0,,,,,,,false,
starexec,SWX202+1.p,e1b,equational,TIMEOUT,28,537.682,166039.153,,,3947,3547257,3711,3536209,30,0,,,,,,,false,
starexec,SWX202+1.p,e1b,first-negative,TIMEOUT,28,734.052,164380.585,,,4640,2603349,4170,2585221,30,0,,,,,,,false,
starexec,SWX202+1.p,e1b,occurrence,TIMEOUT,28,663.690,165171.810,,,2686,3495853,2320,3477461,30,0,,,,,,,false,
starexec,SWX202+1.p,e1b,subsumption-light,TIMEOUT,28,571.383,164610.618,,,1845,1488188,1679,1483302,30,0,,,,,,,false,
starexec,SWX202+1.p,e1b,unary-redundancy,TIMEOUT,28,683.820,164639.655,,,1964,1523972,1795,1518758,30,0,,,,,,,false,
starexec,SWX202+1.p,e1b,weight-greedy,TIMEOUT,28,539.563,163891.883,,,8057,2939568,7388,2870500,30,0,,,,,,,false,
starexec,SWX203+1.p,e1b,age-fair,REFUTED,21,797.522,19000.694,253.909,576.226,6752,93956,5013,74433,29,0,538,35218,1015,143,22,false,false,
starexec,SWX203+1.p,e1b,balanced,REFUTED,21,361.267,2803.323,122.976,396.804,1430,19400,981,14098,29,0,517,31883,1041,143,22,false,false,
starexec,SWX203+1.p,e1b,equational,REFUTED,21,661.773,6469.171,279.619,698.667,1504,24666,1007,16018,29,0,546,34130,1094,154,22,false,false,
starexec,SWX203+1.p,e1b,first-negative,REFUTED,21,1366.267,11386.633,306.375,723.356,1572,58154,1441,53063,29,0,452,26776,916,160,22,false,false,
starexec,SWX203+1.p,e1b,occurrence,REFUTED,21,843.897,4619.501,288.645,591.885,1189,22475,1021,18761,29,0,586,39026,1015,143,22,false,false,
starexec,SWX203+1.p,e1b,subsumption-light,REFUTED,21,659.763,5820.259,289.793,604.421,1109,15047,836,10643,29,0,509,31623,1037,143,22,false,false,
starexec,SWX203+1.p,e1b,unary-redundancy,REFUTED,21,835.011,7149.342,282.102,580.248,1288,21833,1137,17176,29,0,570,36672,1011,143,22,false,false,
starexec,SWX203+1.p,e1b,weight-greedy,REFUTED,21,675.716,1451.739,258.273,684.876,153,2806,121,2068,29,0,493,29437,1014,143,22,false,false,
starexec,SWX209+1.p,e1b,age-fair,TIMEOUT,49,1310.440,163914.509,,,3204,2942500,3086,2936559,56,0,,,,,,,false,
starexec,SWX209+1.p,e1b,balanced,TIMEOUT,49,492.113,164917.242,,,4912,5327695,4720,5311649,56,0,,,,,,,false,
starexec,SWX209+1.p,e1b,equational,TIMEOUT,49,944.581,163799.141,,,4421,2901242,4367,2889700,56,0,,,,,,,false,
starexec,SWX209+1.p,e1b,first-negative,TIMEOUT,49,1452.132,163395.046,,,6198,4699568,5580,4686594,56,0,,,,,,,false,
starexec,SWX209+1.p,e1b,occurrence,TIMEOUT,49,1303.312,163815.634,,,5371,3528830,4871,3492173,56,0,,,,,,,false,
starexec,SWX209+1.p,e1b,subsumption-light,TIMEOUT,49,948.322,163991.437,,,2737,1249194,2598,1241202,56,0,,,,,,,false,
starexec,SWX209+1.p,e1b,unary-redundancy,TIMEOUT,49,1366.160,164402.637,,,2348,1237432,2176,1230450,56,0,,,,,,,false,
starexec,SWX209+1.p,e1b,weight-greedy,REFUTED,49,1225.421,31844.252,228.798,1102.330,4997,465221,4060,426878,56,0,614,28119,1794,136,50,false,false,
starexec,SWX210+1.p,e1b,age-fair,TIMEOUT,49,1324.992,163898.509,,,2889,2859247,2824,2853927,56,0,,,,,,,false,
starexec,SWX210+1.p,e1b,balanced,TIMEOUT,49,503.529,164742.379,,,4411,4972933,4052,4960069,56,0,,,,,,,false,
starexec,SWX210+1.p,e1b,equational,TIMEOUT,49,959.534,163969.607,,,4273,3094848,4203,3084968,56,0,,,,,,,false,
starexec,SWX210+1.p,e1b,first-negative,TIMEOUT,49,1482.406,163912.105,,,6209,4640270,5551,4626372,56,0,,,,,,,false,
starexec,SWX210+1.p,e1b,occurrence,TIMEOUT,49,1353.711,163668.716,,,6026,3290978,5352,3259811,56,0,,,,,,,false,
starexec,SWX210+1.p,e1b,subsumption-light,TIMEOUT,49,962.933,164295.783,,,3213,1663698,2836,1654772,56,0,,,,,,,false,
starexec,SWX210+1.p,e1b,unary-redundancy,TIMEOUT,49,1268.044,164663.482,,,3007,1622839,2863,1613859,56,0,,,,,,,false,
starexec,SWX210+1.p,e1b,weight-greedy,REFUTED,49,1188.099,25029.475,296.208,1124.267,4185,341097,3657,311050,56,0,741,35005,1925,136,50,false,false,
starexec,SWX211+1.p,e1b,age-fair,TIMEOUT,49,1290.599,163934.603,,,3010,2904586,2922,2899120,56,0,,,,,,,false,
starexec,SWX211+1.p,e1b,balanced,TIMEOUT,49,485.467,164964.310,,,4526,5341685,4412,5328469,56,0,,,,,,,false,
starexec,SWX211+1.p,e1b,equational,TIMEOUT,49,1018.426,164247.275,,,4473,3149759,4426,3138841,56,0,,,,,,,false,
starexec,SWX211+1.p,e1b,first-negative,TIMEOUT,49,1361.711,163465.153,,,6466,4234299,5692,4222713,56,0,,,,,,,false,
starexec,SWX211+1.p,e1b,occurrence,TIMEOUT,49,1254.566,163941.419,,,5535,3513885,5115,3481008,56,0,,,,,,,false,
starexec,SWX211+1.p,e1b,subsumption-light,TIMEOUT,49,950.992,163884.489,,,2724,1281072,2619,1273633,56,0,,,,,,,false,
starexec,SWX211+1.p,e1b,unary-redundancy,TIMEOUT,49,1343.835,163951.198,,,2407,1250372,2285,1243528,56,0,,,,,,,false,
starexec,SWX211+1.p,e1b,weight-greedy,REFUTED,49,1179.019,110988.810,268.552,1113.911,9481,2785624,8233,2682167,56,0,621,31839,1870,136,50,false,false,
starexec,SWX212+1.p,e1b,age-fair,TIMEOUT,49,1268.968,163895.992,,,3334,2978020,3284,2973119,57,0,,,,,,,false,
starexec,SWX212+1.p,e1b,balanced,TIMEOUT,49,478.196,164967.685,,,5870,5825886,5769,5811484,57,0,,,,,,,false,
starexec,SWX212+1.p,e1b,equational,TIMEOUT,49,966.080,163820.320,,,4795,3362831,4739,3352689,57,0,,,,,,,false,
starexec,SWX212+1.p,e1b,first-negative,TIMEOUT,49,1402.786,163480.335,,,4597,4619235,4485,4610023,57,0,,,,,,,false,
starexec,SWX212+1.p,e1b,occurrence,TIMEOUT,49,1282.830,163818.526,,,7000,3684289,6629,3648295,57,0,,,,,,,false,
starexec,SWX212+1.p,e1b,subsumption-light,TIMEOUT,49,957.790,163768.359,,,2185,835840,2126,830416,57,0,,,,,,,false,
starexec,SWX212+1.p,e1b,unary-redundancy,TIMEOUT,49,1306.636,163883.501,,,2407,862019,2159,855695,57,0,,,,,,,false,
starexec,SWX212+1.p,e1b,weight-greedy,REFUTED,49,1194.341,16756.732,288.065,1405.734,3533,142962,3141,125327,57,0,699,36667,1921,136,50,false,false,
starexec,SWX217+1.p,e1b,age-fair,TIMEOUT,23,910.900,164092.091,,,3133,3189958,2663,3183031,25,0,,,,,,,false,
starexec,SWX217+1.p,e1b,balanced,TIMEOUT,23,383.118,165060.449,,,6994,5343595,6278,5321585,25,0,,,,,,,false,
starexec,SWX217+1.p,e1b,equational,TIMEOUT,23,716.927,163995.854,,,4986,3592180,4178,3574760,25,0,,,,,,,false,
starexec,SWX217+1.p,e1b,first-negative,REFUTED,23,1161.712,140141.423,214.101,425.009,3836,2507185,3180,2496117,25,0,454,18194,833,81,24,false,false,
starexec,SWX217+1.p,e1b,occurrence,TIMEOUT,23,943.996,164054.965,,,8389,3935397,7169,3892258,25,0,,,,,,,false,
starexec,SWX217+1.p,e1b,subsumption-light,TIMEOUT,23,787.008,164154.664,,,4687,3190899,4060,3176413,25,0,,,,,,,false,
starexec,SWX217+1.p,e1b,unary-redundancy,TIMEOUT,23,927.694,164112.825,,,6769,3477726,5896,3460000,25,0,,,,,,,false,
starexec,SWX217+1.p,e1b,weight-greedy,TIMEOUT,23,747.700,164010.317,,,12031,3065088,11209,2977111,25,0,,,,,,,false,
starexec,SWX219+1.p,e1b,age-fair,REFUTED,31,1223.754,1595.792,183.430,618.458,353,872,341,439,36,0,373,18880,1209,181,32,false,false,
starexec,SWX219+1.p,e1b,balanced,REFUTED,31,521.582,528.365,78.501,410.231,133,236,129,78,36,0,343,18031,1249,181,32,false,false,
starexec,SWX219+1.p,e1b,equational,REFUTED,31,968.916,972.889,169.363,726.671,128,224,124,70,36,0,343,18031,1249,181,32,false,false,
starexec,SWX219+1.p,e1b,first-negative,TIMEOUT,31,1137.301,163681.665,,,15473,5692029,15467,5662717,36,0,,,,,,,false,
starexec,SWX219+1.p,e1b,occurrence,REFUTED,31,1140.038,1314.951,147.133,626.158,263,564,258,197,36,0,373,18880,1209,181,32,false,false,
starexec,SWX219+1.p,e1b,subsumption-light,REFUTED,31,958.530,1072.819,168.170,756.513,132,233,128,75,36,0,343,18031,1249,181,32,false,false,
starexec,SWX219+1.p,e1b,unary-redundancy,REFUTED,31,1256.499,1064.270,202.035,679.199,133,233,129,75,36,0,373,18880,1209,181,32,false,false,
starexec,SWX219+1.p,e1b,weight-greedy,REFUTED,31,989.387,2541.447,196.320,894.492,660,4455,636,2859,36,0,343,18031,1249,181,32,false,false,
starexec,SWX220+1.p,e1b,age-fair,REFUTED,31,1363.931,1724.893,195.369,728.690,300,717,293,352,36,0,376,19058,1214,181,32,false,false,
starexec,SWX220+1.p,e1b,balanced,REFUTED,31,594.686,690.768,109.833,439.622,175,318,169,108,36,0,340,18101,1250,181,32,false,false,
starexec,SWX220+1.p,e1b,equational,REFUTED,31,1086.863,1371.466,213.514,814.804,204,404,198,150,36,0,340,18101,1250,181,32,false,false,
starexec,SWX220+1.p,e1b,first-negative,TIMEOUT,31,1194.205,163642.920,,,19130,7282612,19123,7246666,36,0,,,,,,,false,
starexec,SWX220+1.p,e1b,occurrence,REFUTED,31,1239.951,1487.796,190.651,704.427,258,556,252,194,36,0,376,19058,1214,181,32,false,false,
starexec,SWX220+1.p,e1b,subsumption-light,REFUTED,31,1156.668,1384.613,240.256,980.228,177,324,171,110,36,0,340,18101,1250,181,32,false,false,
starexec,SWX220+1.p,e1b,unary-redundancy,REFUTED,31,1319.573,1441.899,181.024,704.648,195,384,189,138,36,0,376,19058,1214,181,32,false,false,
starexec,SWX220+1.p,e1b,weight-greedy,REFUTED,31,1122.703,5518.196,216.997,994.896,1600,13479,1518,8834,36,0,340,18101,1250,181,32,false,false,
starexec,SWX221+1.p,e1b,age-fair,REFUTED,35,1392.216,2720.634,258.213,844.054,604,1352,594,668,43,0,457,25954,1470,181,36,false,false,
starexec,SWX221+1.p,e1b,balanced,REFUTED,35,588.215,927.561,139.170,541.413,293,506,281,182,43,0,408,24485,1516,181,36,false,false,
starexec,SWX221+1.p,e1b,equational,REFUTED,35,1182.480,1635.621,251.656,1015.089,297,513,285,185,43,0,408,24485,1516,181,36,false,false,
starexec,SWX221+1.p,e1b,first-negative,TIMEOUT,35,1216.555,164263.536,,,20817,6478105,19545,6446095,43,0,,,,,,,false,
starexec,SWX221+1.p,e1b,occurrence,REFUTED,35,1372.886,1411.005,244.145,701.148,208,319,196,74,43,0,457,25954,1470,181,36,false,false,
starexec,SWX221+1.p,e1b,subsumption-light,REFUTED,35,1146.646,2091.770,247.636,1148.849,293,506,281,182,43,0,408,24485,1516,181,36,false,false,
starexec,SWX221+1.p,e1b,unary-redundancy,REFUTED,35,1385.383,1973.939,230.401,882.514,282,506,270,182,43,0,457,25954,1470,181,36,false,false,
starexec,SWX221+1.p,e1b,weight-greedy,REFUTED,35,1015.959,6300.472,168.432,699.096,1570,22662,1532,19174,43,0,409,24543,1516,181,36,false,false,
starexec,SWX222+1.p,e1b,age-fair,REFUTED,35,1352.719,1014.501,143.429,611.218,92,128,86,43,43,0,373,16776,1271,181,36,false,false,
starexec,SWX222+1.p,e1b,balanced,REFUTED,35,595.807,446.966,64.115,295.678,66,86,64,43,43,0,339,15785,1318,181,36,false,false,
starexec,SWX222+1.p,e1b,equational,REFUTED,35,1120.860,838.956,121.014,781.657,63,83,61,43,43,0,339,15785,1318,181,36,false,false,
starexec,SWX222+1.p,e1b,first-negative,REFUTED,35,1499.284,1118.113,217.472,726.061,96,297,94,157,43,0,375,16829,1266,181,36,false,false,
starexec,SWX222+1.p,e1b,occurrence,REFUTED,35,1403.675,877.158,116.449,501.842,58,75,56,43,43,0,373,16776,1271,181,36,false,false,
starexec,SWX222+1.p,e1b,subsumption-light,REFUTED,35,1077.942,835.092,117.378,851.483,61,81,60,43,43,0,339,15785,1318,181,36,false,false,
starexec,SWX222+1.p,e1b,unary-redundancy,REFUTED,35,1431.540,845.159,97.284,604.160,60,81,59,43,43,0,373,16776,1271,181,36,false,false,
starexec,SWX222+1.p,e1b,weight-greedy,REFUTED,35,1095.395,843.813,131.079,803.693,66,79,64,43,43,0,339,15785,1318,181,36,false,false,
starexec,SWX223+1.p,e1b,age-fair,REFUTED,35,1351.256,2386.241,160.783,544.826,544,1120,523,507,43,0,433,23027,1408,181,36,false,false,
starexec,SWX223+1.p,e1b,balanced,REFUTED,35,573.523,749.936,120.907,526.746,211,353,199,113,43,0,390,21822,1444,181,36,false,false,
starexec,SWX223+1.p,e1b,equational,REFUTED,35,1153.091,1487.686,227.093,941.255,209,346,197,108,43,0,390,21822,1444,181,36,false,false,
starexec,SWX223+1.p,e1b,first-negative,REFUTED,35,1468.518,158803.018,155.607,439.949,18451,877699,16174,847289,43,0,434,22700,1416,181,36,false,false,
starexec,SWX223+1.p,e1b,occurrence,REFUTED,35,1423.554,1316.522,241.378,736.660,173,256,161,53,43,0,433,23027,1408,181,36,false,false,
starexec,SWX223+1.p,e1b,subsumption-light,REFUTED,35,1050.510,1736.085,247.082,721.717,211,353,199,113,43,0,390,21822,1444,181,36,false,false,
starexec,SWX223+1.p,e1b,unary-redundancy,REFUTED,35,1487.027,1694.782,248.171,857.699,209,346,197,108,43,0,433,23027,1408,181,36,false,false,
starexec,SWX223+1.p,e1b,weight-greedy,REFUTED,35,1165.801,2740.115,256.216,1167.847,490,2584,478,1771,43,0,390,21750,1444,181,36,false,false,
starexec,SWX224+1.p,e1b,age-fair,REFUTED,31,772.673,735.615,106.477,376.168,176,349,170,138,36,0,358,16848,1171,181,32,false,false,
starexec,SWX224+1.p,e1b,balanced,REFUTED,31,579.349,626.971,84.923,464.398,137,234,131,74,36,0,322,15887,1209,181,32,false,false,
starexec,SWX224+1.p,e1b,equational,REFUTED,31,583.932,624.878,102.209,470.782,137,234,131,74,36,0,322,15887,1209,181,32,false,false,
starexec,SWX224+1.p,e1b,first-negative,REFUTED,31,727.202,23004.565,58.646,291.173,6902,1298245,6896,1285172,36,0,353,16564,1178,181,32,false,false,
starexec,SWX224+1.p,e1b,occurrence,REFUTED,31,752.877,730.786,102.188,354.176,197,402,191,130,36,0,358,16848,1171,181,32,false,false,
starexec,SWX224+1.p,e1b,subsumption-light,REFUTED,31,604.768,571.154,116.071,444.184,98,145,95,39,36,0,320,15758,1209,181,32,false,false,
starexec,SWX224+1.p,e1b,unary-redundancy,REFUTED,31,730.122,573.762,99.274,373.268,95,148,92,39,36,0,356,16719,1171,181,32,false,false,
starexec,SWX224+1.p,e1b,weight-greedy,REFUTED,31,632.560,1169.546,119.470,536.139,464,1770,443,788,36,0,322,15887,1209,181,32,false,false,
starexec,SWX240_1.p,e1b,age-fair,TIMEOUT,56,1354.713,164012.451,,,3938,6320144,3828,6313147,70,0,,,,,,,false,
starexec,SWX240_1.p,e1b,balanced,TIMEOUT,56,515.557,164791.658,,,12361,11706759,12051,11663937,70,0,,,,,,,false,
starexec,SWX240_1.p,e1b,equational,TIMEOUT,56,979.109,164488.232,,,10489,7227316,10256,7198242,70,0,,,,,,,false,
starexec,SWX240_1.p,e1b,first-negative,TIMEOUT,56,1516.320,163262.372,,,12130,4723662,12107,4694630,70,0,,,,,,,false,
starexec,SWX240_1.p,e1b,occurrence,TIMEOUT,56,1298.229,163611.369,,,8308,7327521,7950,7260084,70,0,,,,,,,false,
starexec,SWX240_1.p,e1b,subsumption-light,TIMEOUT,56,1012.374,163718.485,,,9098,5462198,8965,5427738,70,0,,,,,,,false,
starexec,SWX240_1.p,e1b,unary-redundancy,TIMEOUT,56,1319.744,163747.760,,,7057,4722494,6975,4701846,70,0,,,,,,,false,
starexec,SWX240_1.p,e1b,weight-greedy,REFUTED,56,1165.656,7527.484,225.716,785.295,1758,91990,1529,81047,70,0,749,42513,2219,136,57,false,false,
starexec,SWX241_1.p,e1b,age-fair,TIMEOUT,64,935.902,164538.431,,,5893,5430958,5729,5418381,79,0,,,,,,,false,
starexec,SWX241_1.p,e1b,balanced,TIMEOUT,64,337.643,165396.299,,,17370,9731269,16873,9679011,79,0,,,,,,,false,
starexec,SWX241_1.p,e1b,equational,TIMEOUT,64,653.757,164515.404,,,7145,5681164,6893,5659149,79,0,,,,,,,false,
starexec,SWX241_1.p,e1b,first-negative,TIMEOUT,64,1491.675,163436.236,,,13695,7015329,13682,6985581,79,0,,,,,,,false,
starexec,SWX241_1.p,e1b,occurrence,TIMEOUT,64,1387.262,163889.286,,,7106,4753192,6725,4686610,79,0,,,,,,,false,
starexec,SWX241_1.p,e1b,subsumption-light,TIMEOUT,64,655.329,164605.675,,,5696,4082150,5554,4063931,79,0,,,,,,,false,
starexec,SWX241_1.p,e1b,unary-redundancy,TIMEOUT,64,910.987,164732.097,,,4314,3990554,4181,3971926,79,0,,,,,,,false,
starexec,SWX241_1.p,e1b,weight-greedy,REFUTED,64,1231.000,22777.627,388.051,1274.257,2943,459234,2667,430992,79,0,1033,60403,2875,136,65,false,false,
starexec,SYN076+1.p,e1b,age-fair,TIMEOUT,1,1199.188,164738.517,,,1290,2337806,1124,2334937,31,18,,,,,,,false,
starexec,SYN076+1.p,e1b,balanced,TIMEOUT,1,736.737,165157.082,,,1752,4448101,1636,4441889,48,16,,,,,,,false,
starexec,SYN076+1.p,e1b,equational,TIMEOUT,1,1114.414,164218.669,,,1334,2267864,1239,2263197,48,16,,,,,,,false,
starexec,SYN076+1.p,e1b,first-negative,SATURATED,1,1334.579,494.736,,,35,35,35,23,31,18,,,,,,,false,
starexec,SYN076+1.p,e1b,occurrence,TIMEOUT,1,1353.770,164234.870,,,1714,2282664,1369,2272012,31,18,,,,,,,false,
starexec,SYN076+1.p,e1b,subsumption-light,HARD_TIMEOUT,1,0.000,,,,,,,,,,,,,,,,false,
starexec,SYN076+1.p,e1b,unary-redundancy,TIMEOUT,1,1433.353,166556.924,,,105,11534,102,11320,31,18,,,,,,,false,
starexec,SYN076+1.p,e1b,weight-greedy,TIMEOUT,1,931.223,164930.559,,,3557,484426,3043,462592,48,16,,,,,,,false,
starexec,SYN077+1.p,e1b,age-fair,REFUTED,1,1431.667,976.261,116.542,1532.142,86,203,48,71,7,5,208,71516,624,881,2,false,false,
starexec,SYN077+1.p,e1b,balanced,REFUTED,1,742.189,385.124,60.077,894.327,52,87,34,17,9,6,241,63879,670,637,2,false,false,
starexec,SYN077+1.p,e1b,equational,REFUTED,1,1322.849,686.923,137.389,1704.326,51,86,34,18,9,6,241,63879,670,637,2,false,false,
starexec,SYN077+1.p,e1b,first-negative,REFUTED,1,1633.663,1810.654,279.255,1675.953,269,1580,155,1008,7,5,257,91975,615,881,2,false,false,
starexec,SYN077+1.p,e1b,occurrence,REFUTED,1,1394.306,788.422,137.620,1611.747,48,86,32,25,7,5,208,71516,628,881,2,false,false,
starexec,SYN077+1.p,e1b,subsumption-light,REFUTED,1,1323.063,730.253,124.997,1766.052,41,64,33,14,9,6,240,63538,670,637,2,false,false,
starexec,SYN077+1.p,e1b,unary-redundancy,REFUTED,1,1366.891,762.995,99.999,1589.406,38,69,31,24,7,5,204,69863,628,881,2,false,false,
starexec,SYN077+1.p,e1b,weight-greedy,REFUTED,1,1305.989,711.025,130.784,1714.487,50,97,43,31,9,6,248,66256,675,637,2,false,false,
starexec,SYN353+1.p,e1b,age-fair,REFUTED,0,2098.667,652.169,115.260,3440.003,96,365,43,81,19,3,242,314165,1079,9570,1,false,false,
starexec,SYN353+1.p,e1b,balanced,REFUTED,0,770.213,371.543,64.300,1878.556,74,282,32,81,21,2,219,277626,801,11878,1,false,false,
starexec,SYN353+1.p,e1b,equational,REFUTED,0,1446.959,732.084,99.434,3464.882,74,282,32,81,21,2,219,277626,801,11878,1,false,false,
starexec,SYN353+1.p,e1b,first-negative,REFUTED,0,2426.313,37609.773,324.926,6475.291,4992,1611637,3560,1592747,19,3,502,647804,1194,9570,1,false,false,
starexec,SYN353+1.p,e1b,occurrence,REFUTED,0,2003.060,522.090,103.605,3354.696,70,236,37,60,19,3,245,317887,1076,9570,1,false,false,
starexec,SYN353+1.p,e1b,subsumption-light,REFUTED,0,1462.178,754.067,106.956,3518.393,62,177,26,32,21,2,231,290440,796,11878,1,false,false,
starexec,SYN353+1.p,e1b,unary-redundancy,REFUTED,0,2082.219,604.594,121.917,3372.000,66,176,32,28,19,3,261,338341,1075,9570,1,false,false,
starexec,SYN353+1.p,e1b,weight-greedy,REFUTED,0,1423.239,600.084,110.955,3591.333,66,211,30,57,21,2,216,274289,801,11878,1,false,false,
starexec,SYN986+1.004.p,e1b,age-fair,EXHAUSTED,2,886.033,1031.723,,,0,0,0,0,3,0,,,,,,,false,StackOverflowError:  at Core$Trail$Applier.apply:975
starexec,SYN986+1.004.p,e1b,balanced,EXHAUSTED,2,406.650,517.432,,,0,0,0,0,3,0,,,,,,,false,StackOverflowError:  at Core$Trail$Applier.apply:975
starexec,SYN986+1.004.p,e1b,equational,EXHAUSTED,2,767.358,969.803,,,0,0,0,0,3,0,,,,,,,false,StackOverflowError:  at Core$Trail$Applier.apply:975
starexec,SYN986+1.004.p,e1b,first-negative,EXHAUSTED,2,999.540,805.291,,,0,0,0,0,3,0,,,,,,,false,StackOverflowError:  at Core$Trail$Applier.apply:975
starexec,SYN986+1.004.p,e1b,occurrence,EXHAUSTED,2,876.272,1043.662,,,0,0,0,0,3,0,,,,,,,false,StackOverflowError:  at Core$Trail$Applier.apply:975
starexec,SYN986+1.004.p,e1b,subsumption-light,EXHAUSTED,2,759.460,1270.318,,,0,0,0,0,3,0,,,,,,,false,StackOverflowError:  at Core$Trail$Applier.apply:975
starexec,SYN986+1.004.p,e1b,unary-redundancy,EXHAUSTED,2,881.449,1290.557,,,0,0,0,0,3,0,,,,,,,false,StackOverflowError:  at Core$Trail$Applier.apply:975
starexec,SYN986+1.004.p,e1b,weight-greedy,TIMEOUT,2,662.220,167640.177,,,179,180,179,3,3,0,,,,,,,false,
starexec,SYO525+1.018.p,e1b,age-fair,TIMEOUT,29,2171.809,163148.476,,,40337,40342,40332,30,30,0,,,,,,,false,
starexec,SYO525+1.018.p,e1b,balanced,TIMEOUT,29,819.966,164398.922,,,51966,51976,51966,30,30,0,,,,,,,false,
starexec,SYO525+1.018.p,e1b,equational,TIMEOUT,29,1546.148,163178.704,,,37098,37108,37098,30,30,0,,,,,,,false,
starexec,SYO525+1.018.p,e1b,first-negative,TIMEOUT,29,2580.024,163201.529,,,40542,40552,40542,30,30,0,,,,,,,false,
starexec,SYO525+1.018.p,e1b,occurrence,TIMEOUT,29,2261.780,163311.668,,,40858,40868,40858,30,30,0,,,,,,,false,
starexec,SYO525+1.018.p,e1b,subsumption-light,TIMEOUT,29,1581.536,163290.020,,,42413,42423,42413,30,30,0,,,,,,,false,
starexec,SYO525+1.018.p,e1b,unary-redundancy,TIMEOUT,29,2225.151,163265.000,,,36386,36396,36386,30,30,0,,,,,,,false,
starexec,SYO525+1.018.p,e1b,weight-greedy,TIMEOUT,29,1609.706,163316.680,,,31146,31156,31146,30,30,0,,,,,,,false,
starexec,SYO525+1.021.p,e1b,age-fair,TIMEOUT,29,2205.762,163198.119,,,29995,29996,29989,30,30,0,,,,,,,false,
starexec,SYO525+1.021.p,e1b,balanced,TIMEOUT,29,818.546,164443.703,,,44936,44943,44936,30,30,0,,,,,,,false,
starexec,SYO525+1.021.p,e1b,equational,TIMEOUT,29,1533.337,163402.928,,,35995,36002,35995,30,30,0,,,,,,,false,
starexec,SYO525+1.021.p,e1b,first-negative,TIMEOUT,29,2555.438,162733.760,,,34463,34470,34463,30,30,0,,,,,,,false,
starexec,SYO525+1.021.p,e1b,occurrence,TIMEOUT,29,2401.963,163180.712,,,35782,35789,35782,30,30,0,,,,,,,false,
starexec,SYO525+1.021.p,e1b,subsumption-light,TIMEOUT,29,1554.995,163135.426,,,35774,35781,35774,30,30,0,,,,,,,false,
starexec,SYO525+1.021.p,e1b,unary-redundancy,TIMEOUT,29,2202.060,163205.620,,,35982,35989,35982,30,30,0,,,,,,,false,
starexec,SYO525+1.021.p,e1b,weight-greedy,TIMEOUT,29,1572.451,163420.937,,,30084,30091,30084,30,30,0,,,,,,,false,
starexec,SYO525+1.024.p,e1b,age-fair,TIMEOUT,29,2115.453,163490.659,,,36450,36454,36450,30,30,0,,,,,,,false,
starexec,SYO525+1.024.p,e1b,balanced,TIMEOUT,29,798.803,164441.836,,,46260,46264,46260,30,30,0,,,,,,,false,
starexec,SYO525+1.024.p,e1b,equational,TIMEOUT,29,1602.867,163352.807,,,42310,42314,42310,30,30,0,,,,,,,false,
starexec,SYO525+1.024.p,e1b,first-negative,TIMEOUT,29,2394.014,162715.437,,,37588,37592,37588,30,30,0,,,,,,,false,
starexec,SYO525+1.024.p,e1b,occurrence,TIMEOUT,29,2167.977,163508.593,,,38706,38710,38706,30,30,0,,,,,,,false,
starexec,SYO525+1.024.p,e1b,subsumption-light,TIMEOUT,29,1518.565,163512.955,,,42804,42808,42804,30,30,0,,,,,,,false,
starexec,SYO525+1.024.p,e1b,unary-redundancy,TIMEOUT,29,2192.908,163189.297,,,41546,41550,41546,30,30,0,,,,,,,false,
starexec,SYO525+1.024.p,e1b,weight-greedy,TIMEOUT,29,1498.790,163022.276,,,38966,38970,38966,30,30,0,,,,,,,false,
starexec,SYO525+1.027.p,e1b,age-fair,TIMEOUT,29,2250.554,163232.541,,,29475,29476,29475,30,30,0,,,,,,,false,
starexec,SYO525+1.027.p,e1b,balanced,TIMEOUT,29,811.789,164393.376,,,38671,38672,38671,30,30,0,,,,,,,false,
starexec,SYO525+1.027.p,e1b,equational,TIMEOUT,29,1579.020,163159.794,,,35026,35027,35026,30,30,0,,,,,,,false,
starexec,SYO525+1.027.p,e1b,first-negative,TIMEOUT,29,2402.095,162966.827,,,33174,33175,33174,30,30,0,,,,,,,false,
starexec,SYO525+1.027.p,e1b,occurrence,TIMEOUT,29,2191.612,163043.700,,,35054,35055,35054,30,30,0,,,,,,,false,
starexec,SYO525+1.027.p,e1b,subsumption-light,TIMEOUT,29,1542.235,163229.124,,,34605,34606,34605,30,30,0,,,,,,,false,
starexec,SYO525+1.027.p,e1b,unary-redundancy,TIMEOUT,29,2431.922,163596.221,,,34812,34813,34812,30,30,0,,,,,,,false,
starexec,SYO525+1.027.p,e1b,weight-greedy,TIMEOUT,29,1559.388,163175.134,,,35215,35216,35215,30,30,0,,,,,,,false,
starexec,SYO525+1.030.p,e1b,age-fair,TIMEOUT,32,2343.392,163115.012,,,28506,28507,28506,33,33,0,,,,,,,false,
starexec,SYO525+1.030.p,e1b,balanced,TIMEOUT,32,935.091,164448.641,,,43099,43100,43099,33,33,0,,,,,,,false,
starexec,SYO525+1.030.p,e1b,equational,TIMEOUT,32,1636.826,163138.425,,,34679,34680,34679,33,33,0,,,,,,,false,
starexec,SYO525+1.030.p,e1b,first-negative,TIMEOUT,32,2851.904,162845.899,,,31561,31562,31561,33,33,0,,,,,,,false,
starexec,SYO525+1.030.p,e1b,occurrence,TIMEOUT,32,2654.039,163320.474,,,34033,34034,34033,33,33,0,,,,,,,false,
starexec,SYO525+1.030.p,e1b,subsumption-light,TIMEOUT,32,1709.029,163086.014,,,34429,34430,34429,33,33,0,,,,,,,false,
starexec,SYO525+1.030.p,e1b,unary-redundancy,TIMEOUT,32,2555.247,163132.159,,,34659,34660,34659,33,33,0,,,,,,,false,
starexec,SYO525+1.030.p,e1b,weight-greedy,TIMEOUT,32,1706.476,163064.901,,,28489,28490,28489,33,33,0,,,,,,,false,
starexec,SYO605+1.p,e1b,age-fair,REFUTED,4,2300.308,51964.499,302.580,4505.744,11714,632438,6398,497063,48,14,983,1282514,2168,2275,5,false,false,
starexec,SYO605+1.p,e1b,balanced,REFUTED,4,1333.770,2966.617,201.544,2729.639,2294,20641,1320,12194,48,14,901,1041628,1959,2212,5,false,false,
starexec,SYO605+1.p,e1b,equational,TIMEOUT,4,1361.221,164107.707,,,13214,3756952,7531,3702504,48,14,,,,,,,false,
starexec,SYO605+1.p,e1b,first-negative,TIMEOUT,4,1803.152,163677.293,,,20111,10566168,16233,10472565,48,14,,,,,,,false,
starexec,SYO605+1.p,e1b,occurrence,TIMEOUT,4,1626.304,164089.902,,,35219,3699517,25733,3523029,48,14,,,,,,,false,
starexec,SYO605+1.p,e1b,subsumption-light,REFUTED,4,1902.514,11245.594,211.058,5269.762,2760,31029,1519,22297,48,14,853,974922,1918,2212,5,false,false,
starexec,SYO605+1.p,e1b,unary-redundancy,TIMEOUT,4,1603.645,164819.810,,,5710,279535,5175,263057,48,14,,,,,,,false,
starexec,SYO605+1.p,e1b,weight-greedy,TIMEOUT,4,1343.685,164032.625,,,40446,833194,29596,671693,48,14,,,,,,,false,
starexec,TOP020+1.p,e1b,age-fair,TIMEOUT,8,1500.320,164129.204,,,39655,252592,39225,211163,27,11,,,,,,,false,
starexec,TOP020+1.p,e1b,balanced,TIMEOUT,8,693.371,164893.477,,,34692,202651,34425,161204,27,11,,,,,,,false,
starexec,TOP020+1.p,e1b,equational,TIMEOUT,8,1308.865,164108.095,,,27865,160750,27595,127365,27,11,,,,,,,false,
starexec,TOP020+1.p,e1b,first-negative,TIMEOUT,8,1639.091,163711.494,,,16123,4461049,16108,4435586,27,11,,,,,,,false,
starexec,TOP020+1.p,e1b,occurrence,TIMEOUT,8,1539.039,164147.424,,,19342,99662,19202,74818,27,11,,,,,,,false,
starexec,TOP020+1.p,e1b,subsumption-light,TIMEOUT,8,1324.579,164148.919,,,18612,118278,18536,93168,27,11,,,,,,,false,
starexec,TOP020+1.p,e1b,unary-redundancy,TIMEOUT,8,1480.495,164300.222,,,19606,124806,19526,98355,27,11,,,,,,,false,
starexec,TOP020+1.p,e1b,weight-greedy,TIMEOUT,8,1297.312,164152.109,,,9059,5356084,8680,5315864,27,11,,,,,,,false,
starexec,TOP029+1.p,e1b,age-fair,TIMEOUT,108,3029.389,163138.433,,,29614,451339,27339,381143,306,48,,,,,,,false,
starexec,TOP029+1.p,e1b,balanced,TIMEOUT,108,1132.215,164520.180,,,26463,1039660,25144,890583,306,48,,,,,,,false,
starexec,TOP029+1.p,e1b,equational,TIMEOUT,108,2178.965,163145.394,,,21923,714022,20807,604209,306,48,,,,,,,false,
starexec,TOP029+1.p,e1b,first-negative,TIMEOUT,108,3264.865,162789.939,,,29398,272363,26129,223495,306,48,,,,,,,false,
starexec,TOP029+1.p,e1b,occurrence,TIMEOUT,108,3066.999,163144.572,,,16907,572818,16692,465382,306,48,,,,,,,false,
starexec,TOP029+1.p,e1b,subsumption-light,TIMEOUT,108,2154.148,163132.174,,,18956,557562,18425,487510,306,48,,,,,,,false,
starexec,TOP029+1.p,e1b,unary-redundancy,TIMEOUT,108,3039.726,163130.640,,,18962,562127,18263,492085,306,48,,,,,,,false,
starexec,TOP029+1.p,e1b,weight-greedy,TIMEOUT,108,2152.628,163202.398,,,37988,4933976,33580,4802320,306,48,,,,,,,false,
starexec,TOP046+3.p,e1b,age-fair,HARD_TIMEOUT,18710,0.000,,,,,,,,,,,,,,,,false,
starexec,TOP046+3.p,e1b,balanced,KILLED,,0.000,,,,,,,,,,,,,,,,false,killed before finishing
starexec,TOP046+3.p,e1b,equational,HARD_TIMEOUT,18710,0.000,,,,,,,,,,,,,,,,false,
starexec,TOP046+3.p,e1b,first-negative,HARD_TIMEOUT,18710,0.000,,,,,,,,,,,,,,,,false,
starexec,TOP046+3.p,e1b,occurrence,HARD_TIMEOUT,18710,0.000,,,,,,,,,,,,,,,,false,
starexec,TOP046+3.p,e1b,subsumption-light,HARD_TIMEOUT,18710,0.000,,,,,,,,,,,,,,,,false,
starexec,TOP046+3.p,e1b,unary-redundancy,HARD_TIMEOUT,18710,0.000,,,,,,,,,,,,,,,,false,
starexec,TOP046+3.p,e1b,weight-greedy,HARD_TIMEOUT,18710,0.000,,,,,,,,,,,,,,,,false,
