job,dataset,problem,config,strategy,verdict,hypotheses,clausify_ms,search_ms,reconstruct_ms,check_ms,given,derived,peak_active,peak_passive,clauses,fresh_symbols,proof_steps,raw_size,shared_size,max_sequent,imports,uses_sorry,contaminated,detail
7425,starexec,AGT007+2.p,e1a,age-fair,REFUTED,922,1072.496,8632.903,,,4657,234191,3265,219846,728,,,,,,,,false,
7425,starexec,AGT007+2.p,e1a,balanced,TIMEOUT,922,413.272,164690.529,,,37988,4357673,36990,4301538,,,,,,,,,false,
7425,starexec,AGT007+2.p,e1a,equational,SATURATED,922,701.059,881.111,,,656,1186,654,656,,,,,,,,,false,
7425,starexec,AGT007+2.p,e1a,first-negative,SATURATED,922,506.449,231.239,,,96,109,96,109,,,,,,,,,false,
7425,starexec,AGT007+2.p,e1a,occurrence,TIMEOUT,922,992.310,164426.824,,,44299,18291722,43953,18152207,,,,,,,,,false,
7425,starexec,AGT007+2.p,e1a,subsumption-light,SATURATED,922,663.738,873.114,,,564,1071,564,598,,,,,,,,,false,
7425,starexec,AGT007+2.p,e1a,unary-redundancy,SATURATED,922,867.849,807.025,,,566,1073,564,604,,,,,,,,,false,
7425,starexec,AGT007+2.p,e1a,weight-greedy,SATURATED,922,653.042,757.934,,,447,790,446,460,,,,,,,,,false,
7425,starexec,AGT022+1.p,e1a,equational,SATURATED,555,889.687,6017.121,,,916,39671,878,19927,,,,,,,,,false,
7425,starexec,AGT022+1.p,e1a,first-negative,SATURATED,555,888.010,465.311,,,1,1,1,1,,,,,,,,,false,
7425,starexec,AGT022+1.p,e1a,occurrence,SATURATED,555,1325.771,6261.049,,,1088,37336,1087,18614,,,,,,,,,false,
7425,starexec,AGT022+1.p,e1a,subsumption-light,SATURATED,555,927.132,5241.672,,,679,24032,645,7894,,,,,,,,,false,
7425,starexec,AGT022+1.p,e1a,unary-redundancy,SATURATED,555,1466.546,6788.587,,,1104,34703,1005,19285,,,,,,,,,false,
7425,starexec,AGT022+1.p,e1a,weight-greedy,SATURATED,555,770.726,450.950,,,1,1,1,1,,,,,,,,,false,
7425,starexec,ALG040+1.p,e1a,age-fair,REFUTED,4,358.918,4611.051,,,2987,16446,2941,13035,12,,,,,,,,false,
7425,starexec,ALG040+1.p,e1a,balanced,REFUTED,4,95.263,1093.221,,,928,7216,919,6132,12,,,,,,,,false,
7425,starexec,ALG040+1.p,e1a,equational,REFUTED,4,221.225,2007.294,,,928,7216,919,6132,12,,,,,,,,false,
7425,starexec,ALG040+1.p,e1a,first-negative,REFUTED,4,428.991,906.223,,,158,1593,128,1380,12,,,,,,,,false,
7425,starexec,ALG040+1.p,e1a,occurrence,REFUTED,4,328.836,2068.526,,,1042,8090,1026,6788,12,,,,,,,,false,
7425,starexec,ALG040+1.p,e1a,subsumption-light,REFUTED,4,301.959,4375.472,,,941,8383,930,7274,12,,,,,,,,false,
7425,starexec,ALG040+1.p,e1a,unary-redundancy,REFUTED,4,544.704,4333.054,,,980,8773,970,7615,12,,,,,,,,false,
7425,starexec,ALG040+1.p,e1a,weight-greedy,REFUTED,4,225.827,675.719,,,50,407,43,331,12,,,,,,,,false,
7425,starexec,ALG213+1.p,e1a,age-fair,TIMEOUT,4,366.682,164815.325,,,874,6441726,841,6438968,,,,,,,,,false,
7425,starexec,ALG213+1.p,e1a,balanced,TIMEOUT,4,138.864,165180.989,,,1178,10614500,1089,10607892,,,,,,,,,false,
7425,starexec,ALG213+1.p,e1a,equational,TIMEOUT,4,211.097,165188.012,,,906,6691450,851,6686724,,,,,,,,,false,
7425,starexec,ALG213+1.p,e1a,first-negative,TIMEOUT,4,302.475,164673.125,,,896,6507312,851,6502650,,,,,,,,,false,
7425,starexec,ALG213+1.p,e1a,occurrence,TIMEOUT,4,353.009,164398.454,,,939,6211110,875,6198468,,,,,,,,,false,
7425,starexec,ALG213+1.p,e1a,subsumption-light,TIMEOUT,4,232.565,164886.822,,,921,6536658,844,6531882,,,,,,,,,false,
7425,starexec,ALG213+1.p,e1a,unary-redundancy,TIMEOUT,4,377.764,164424.540,,,870,6250737,835,6246273,,,,,,,,,false,
7425,starexec,ALG213+1.p,e1a,weight-greedy,TIMEOUT,4,218.385,165045.103,,,1022,6634583,945,6592455,,,,,,,,,false,
7425,starexec,BIO006+1.p,e1a,age-fair,PARSE_ERR,,0.000,,,,,,,,,,,,,,,,false,StackOverflowError
7425,starexec,BIO006+1.p,e1a,balanced,PARSE_ERR,,0.000,,,,,,,,,,,,,,,,false,StackOverflowError
7425,starexec,BIO006+1.p,e1a,equational,PARSE_ERR,,0.000,,,,,,,,,,,,,,,,false,StackOverflowError
7425,starexec,BIO006+1.p,e1a,first-negative,PARSE_ERR,,0.000,,,,,,,,,,,,,,,,false,StackOverflowError
7425,starexec,BIO006+1.p,e1a,occurrence,PARSE_ERR,,0.000,,,,,,,,,,,,,,,,false,StackOverflowError
7425,starexec,BIO006+1.p,e1a,subsumption-light,PARSE_ERR,,0.000,,,,,,,,,,,,,,,,false,StackOverflowError
7425,starexec,BIO006+1.p,e1a,unary-redundancy,PARSE_ERR,,0.000,,,,,,,,,,,,,,,,false,StackOverflowError
7425,starexec,BIO006+1.p,e1a,weight-greedy,PARSE_ERR,,0.000,,,,,,,,,,,,,,,,false,StackOverflowError
7425,starexec,COM008+1.p,e1a,age-fair,TIMEOUT,10,515.433,167875.326,,,9689,3337978,9669,3327262,,,,,,,,,false,
7425,starexec,COM008+1.p,e1a,balanced,TIMEOUT,10,168.769,165292.103,,,12759,6957686,12540,6938828,,,,,,,,,false,
7425,starexec,COM008+1.p,e1a,equational,TIMEOUT,10,316.201,164445.222,,,8407,3867610,8250,3855070,,,,,,,,,false,
7425,starexec,COM008+1.p,e1a,first-negative,TIMEOUT,10,562.473,164021.309,,,49507,2365077,45456,2292910,,,,,,,,,false,
7425,starexec,COM008+1.p,e1a,occurrence,TIMEOUT,10,518.052,164300.642,,,12405,5470883,11407,5429741,,,,,,,,,false,
7425,starexec,COM008+1.p,e1a,subsumption-light,TIMEOUT,10,329.963,164540.158,,,3501,555519,3474,550397,,,,,,,,,false,
7425,starexec,COM008+1.p,e1a,unary-redundancy,TIMEOUT,10,535.774,164524.787,,,3573,581166,3547,575930,,,,,,,,,false,
7425,starexec,COM008+1.p,e1a,weight-greedy,TIMEOUT,10,340.622,164477.026,,,18549,3218920,11730,3133712,,,,,,,,,false,
7425,starexec,COM008+2.p,e1a,age-fair,TIMEOUT,8,336.398,164833.942,,,9411,3183690,9272,3173150,,,,,,,,,false,
7425,starexec,COM008+2.p,e1a,balanced,TIMEOUT,8,152.494,165123.929,,,14533,5154751,13365,5127178,,,,,,,,,false,
7425,starexec,COM008+2.p,e1a,equational,TIMEOUT,8,276.783,164349.452,,,12094,3933566,10954,3910520,,,,,,,,,false,
7425,starexec,COM008+2.p,e1a,first-negative,TIMEOUT,8,365.008,164575.388,,,37209,11962308,32939,11828291,,,,,,,,,false,
7425,starexec,COM008+2.p,e1a,occurrence,TIMEOUT,8,342.989,164800.324,,,18792,5305982,16888,5236249,,,,,,,,,false,
7425,starexec,COM008+2.p,e1a,subsumption-light,TIMEOUT,8,196.381,165111.820,,,4133,381193,4096,374289,,,,,,,,,false,
7425,starexec,COM008+2.p,e1a,unary-redundancy,TIMEOUT,8,493.951,164454.694,,,3923,375198,3448,368604,,,,,,,,,false,
7425,starexec,COM008+2.p,e1a,weight-greedy,TIMEOUT,8,310.023,165063.302,,,13020,6360821,11410,6293099,,,,,,,,,false,
7425,starexec,COM131+1.p,e1a,age-fair,TIMEOUT,59,2047.843,163965.998,,,3215,3096078,3030,3092581,,,,,,,,,false,
7425,starexec,COM131+1.p,e1a,balanced,TIMEOUT,59,555.980,164942.329,,,13981,6628587,13728,6606415,,,,,,,,,false,
7425,starexec,COM131+1.p,e1a,equational,TIMEOUT,59,791.816,168024.413,,,10080,4447169,9892,4429985,,,,,,,,,false,
7425,starexec,COM131+1.p,e1a,first-negative,TIMEOUT,59,1420.678,164260.941,,,16349,6976048,15407,6955042,,,,,,,,,false,
7425,starexec,COM131+1.p,e1a,occurrence,TIMEOUT,59,1271.028,164599.800,,,15509,5537660,15012,5513871,,,,,,,,,false,
7425,starexec,COM131+1.p,e1a,subsumption-light,TIMEOUT,59,801.614,164563.002,,,7457,2473579,7284,2462065,,,,,,,,,false,
7425,starexec,COM131+1.p,e1a,unary-redundancy,TIMEOUT,59,1279.077,164625.179,,,4852,2355578,4771,2348916,,,,,,,,,false,
7425,starexec,COM131+1.p,e1a,weight-greedy,TIMEOUT,59,1236.403,163789.528,,,22091,5719989,20446,5648350,,,,,,,,,false,
7425,starexec,COM136+1.p,e1a,age-fair,TIMEOUT,56,2032.406,164161.849,,,2729,3825617,2642,3822615,,,,,,,,,false,
7425,starexec,COM136+1.p,e1a,balanced,REFUTED,56,542.651,1508.224,,,605,2642,502,1852,152,,,,,,,,false,
7425,starexec,COM136+1.p,e1a,equational,REFUTED,56,763.543,1912.549,,,599,2725,489,1936,152,,,,,,,,false,
7425,starexec,COM136+1.p,e1a,first-negative,TIMEOUT,56,1396.273,165302.706,,,13542,6970882,12981,6946120,,,,,,,,,false,
7425,starexec,COM136+1.p,e1a,occurrence,TIMEOUT,56,1266.534,164569.747,,,22723,3799446,20105,3720534,,,,,,,,,false,
7425,starexec,COM136+1.p,e1a,subsumption-light,REFUTED,56,755.040,8606.738,,,1492,69001,1243,67199,152,,,,,,,,false,
7425,starexec,COM136+1.p,e1a,unary-redundancy,TIMEOUT,56,1303.068,164681.054,,,3669,2756814,3589,2751968,,,,,,,,,false,
7425,starexec,COM136+1.p,e1a,weight-greedy,TIMEOUT,56,1117.068,163981.682,,,32824,5285915,31837,5175509,,,,,,,,,false,
7425,starexec,COM139+1.p,e1a,age-fair,TIMEOUT,55,1884.258,164003.637,,,3333,5101694,2862,5097598,,,,,,,,,false,
7425,starexec,COM139+1.p,e1a,balanced,TIMEOUT,55,550.372,165007.156,,,7767,11413710,7101,11391262,,,,,,,,,false,
7425,starexec,COM139+1.p,e1a,equational,TIMEOUT,55,740.217,164650.273,,,7693,7158303,6551,7134973,,,,,,,,,false,
7425,starexec,COM139+1.p,e1a,first-negative,TIMEOUT,55,1335.064,167016.945,,,13478,5475025,12575,5449793,,,,,,,,,false,
7425,starexec,COM139+1.p,e1a,occurrence,TIMEOUT,55,1283.052,164730.099,,,7181,7500053,6496,7447641,,,,,,,,,false,
7425,starexec,COM139+1.p,e1a,subsumption-light,TIMEOUT,55,731.212,164785.642,,,6871,5154205,5552,5138003,,,,,,,,,false,
7425,starexec,COM139+1.p,e1a,unary-redundancy,TIMEOUT,55,1246.364,164674.858,,,3985,5143288,3577,5134823,,,,,,,,,false,
7425,starexec,COM139+1.p,e1a,weight-greedy,TIMEOUT,55,1185.506,163945.729,,,35574,4410077,30986,4242479,,,,,,,,,false,
7425,starexec,CSR005+2.p,e1a,age-fair,TIMEOUT,55,1110.057,163961.748,,,20923,5186230,14129,5129185,,,,,,,,,false,
7425,starexec,CSR005+2.p,e1a,balanced,TIMEOUT,55,210.509,165712.404,,,43339,7217254,41811,7107496,,,,,,,,,false,
7425,starexec,CSR005+2.p,e1a,equational,TIMEOUT,55,419.624,164645.049,,,34319,6082823,31571,5986315,,,,,,,,,false,
7425,starexec,CSR005+2.p,e1a,first-negative,TIMEOUT,55,755.446,164373.211,,,27528,7030177,18015,6869320,,,,,,,,,false,
7425,starexec,CSR005+2.p,e1a,occurrence,TIMEOUT,55,768.852,164608.263,,,40401,4330409,34606,4163775,,,,,,,,,false,
7425,starexec,CSR005+2.p,e1a,subsumption-light,TIMEOUT,55,401.344,164674.621,,,11686,1796505,9241,1753601,,,,,,,,,false,
7425,starexec,CSR005+2.p,e1a,unary-redundancy,TIMEOUT,55,719.497,164665.415,,,14945,1706674,13506,1661586,,,,,,,,,false,
7425,starexec,CSR005+2.p,e1a,weight-greedy,TIMEOUT,55,625.224,164057.877,,,21457,4349403,18047,4104598,,,,,,,,,false,
7425,starexec,CSR021+1.p,e1a,age-fair,REFUTED,47,815.772,4625.677,,,2011,43741,1732,36801,120,,,,,,,,false,
7425,starexec,CSR021+1.p,e1a,balanced,REFUTED,47,302.558,1948.732,,,945,14946,938,12552,137,,,,,,,,false,
7425,starexec,CSR021+1.p,e1a,equational,REFUTED,47,420.694,1615.907,,,643,3133,637,1411,137,,,,,,,,false,
7425,starexec,CSR021+1.p,e1a,first-negative,REFUTED,47,879.138,122215.571,,,29518,4701936,15560,4527582,120,,,,,,,,false,
7425,starexec,CSR021+1.p,e1a,occurrence,REFUTED,47,1225.808,4068.889,,,1379,27809,1350,19644,120,,,,,,,,false,
7425,starexec,CSR021+1.p,e1a,subsumption-light,TIMEOUT,47,446.687,164668.206,,,7786,1668308,7639,1637700,,,,,,,,,false,
7425,starexec,CSR021+1.p,e1a,unary-redundancy,TIMEOUT,47,759.485,164916.712,,,8074,2156907,7124,2127889,,,,,,,,,false,
7425,starexec,CSR021+1.p,e1a,weight-greedy,REFUTED,47,428.417,1575.712,,,758,2661,757,871,137,,,,,,,,false,
7425,starexec,CSR022+1.p,e1a,age-fair,REFUTED,47,1223.108,6660.151,,,1996,43657,1699,36778,120,,,,,,,,false,
7425,starexec,CSR022+1.p,e1a,balanced,REFUTED,47,203.015,1341.678,,,953,14947,946,12576,137,,,,,,,,false,
7425,starexec,CSR022+1.p,e1a,equational,REFUTED,47,434.936,2496.463,,,960,14888,950,12474,137,,,,,,,,false,
7425,starexec,CSR022+1.p,e1a,first-negative,REFUTED,47,898.364,6339.800,,,3037,95539,2132,89446,120,,,,,,,,false,
7425,starexec,CSR022+1.p,e1a,occurrence,REFUTED,47,1127.820,2254.966,,,534,3612,519,2235,120,,,,,,,,false,
7425,starexec,CSR022+1.p,e1a,subsumption-light,REFUTED,47,419.409,7561.424,,,1734,60085,1632,54603,137,,,,,,,,false,
7425,starexec,CSR022+1.p,e1a,unary-redundancy,TIMEOUT,47,762.632,164684.517,,,11167,2489588,9255,2439593,,,,,,,,,false,
7425,starexec,CSR022+1.p,e1a,weight-greedy,REFUTED,47,432.043,1459.668,,,721,2132,720,740,137,,,,,,,,false,
7425,starexec,CSR025+5.p,e1a,age-fair,KILLED,,0.000,,,,,,,,,,,,,,,,false,killed before finishing
7425,starexec,CSR025+5.p,e1a,balanced,HARD_TIMEOUT,540249,0.000,,,,,,,,,,,,,,,,false,
7425,starexec,CSR025+5.p,e1a,equational,REFUTED,540249,14267.921,589.001,,,60,176,60,176,176,,,,,,,,false,
7425,starexec,CSR025+5.p,e1a,first-negative,REFUTED,540249,16014.158,451.906,,,5,19,5,19,19,,,,,,,,false,
7425,starexec,CSR025+5.p,e1a,occurrence,REFUTED,540249,28160.917,17908.159,,,11003,71749,10972,69952,69952,,,,,,,,false,
7425,starexec,CSR025+5.p,e1a,subsumption-light,REFUTED,540249,12950.477,626.059,,,43,128,43,121,121,,,,,,,,false,
7425,starexec,CSR025+5.p,e1a,unary-redundancy,REFUTED,540249,21523.823,14693.424,,,8663,32680,8638,28990,28990,,,,,,,,false,
7425,starexec,CSR025+5.p,e1a,weight-greedy,REFUTED,540249,13686.480,502.753,,,24,53,24,48,48,,,,,,,,false,
7425,starexec,CSR030+3.p,e1a,age-fair,REFUTED,8005,5734.155,18496.933,,,8144,24193,8062,14138,3296,,,,,,,,false,
7425,starexec,CSR030+3.p,e1a,balanced,REFUTED,8005,1788.710,80626.386,,,30327,85182,29204,44547,8007,,,,,,,,false,
7425,starexec,CSR030+3.p,e1a,equational,REFUTED,8005,1947.365,835.467,,,81,142,77,70,70,,,,,,,,false,
7425,starexec,CSR030+3.p,e1a,first-negative,SATURATED,8005,2215.599,652.371,,,10,12,10,10,,,,,,,,,false,
7425,starexec,CSR030+3.p,e1a,occurrence,REFUTED,8005,4840.791,44233.555,,,12773,39716,12665,13863,2280,,,,,,,,false,
7425,starexec,CSR030+3.p,e1a,subsumption-light,REFUTED,8005,1936.093,686.820,,,40,66,39,42,42,,,,,,,,false,
7425,starexec,CSR030+3.p,e1a,unary-redundancy,REFUTED,8005,3266.582,2935.808,,,1298,4006,1292,2108,556,,,,,,,,false,
7425,starexec,CSR030+3.p,e1a,weight-greedy,SATURATED,8005,1855.434,590.961,,,27,37,26,22,,,,,,,,,false,
7425,starexec,CSR033+3.p,e1a,age-fair,HARD_TIMEOUT,8005,0.000,,,,,,,,,,,,,,,,false,
7425,starexec,CSR033+3.p,e1a,balanced,REFUTED,8005,1122.174,46536.684,,,34475,183041,33827,135031,8007,,,,,,,,false,
7425,starexec,CSR033+3.p,e1a,equational,REFUTED,8005,1314.666,1004.252,,,363,664,316,159,151,,,,,,,,false,
7425,starexec,CSR033+3.p,e1a,first-negative,SATURATED,8005,1319.745,360.120,,,27,37,26,21,,,,,,,,,false,
7425,starexec,CSR033+3.p,e1a,occurrence,REFUTED,8005,3168.672,23444.419,,,12848,39271,12777,13679,2251,,,,,,,,false,
7425,starexec,CSR033+3.p,e1a,subsumption-light,REFUTED,8005,1233.524,651.368,,,157,301,135,76,76,,,,,,,,false,
7425,starexec,CSR033+3.p,e1a,unary-redundancy,REFUTED,8005,2036.748,1708.423,,,1183,3416,1158,1546,416,,,,,,,,false,
7425,starexec,CSR033+3.p,e1a,weight-greedy,SATURATED,8005,1203.224,530.026,,,71,109,63,40,,,,,,,,,false,
7425,starexec,CSR036+5.p,e1a,age-fair,KILLED,,0.000,,,,,,,,,,,,,,,,false,killed before finishing
7425,starexec,CSR036+5.p,e1a,balanced,HARD_TIMEOUT,540249,0.000,,,,,,,,,,,,,,,,false,
7425,starexec,CSR036+5.p,e1a,equational,SATURATED,540249,13395.486,919.540,,,251,521,250,144,,,,,,,,,false,
7425,starexec,CSR036+5.p,e1a,first-negative,SATURATED,540249,15487.764,472.141,,,20,25,20,21,,,,,,,,,false,
7425,starexec,CSR036+5.p,e1a,occurrence,HARD_TIMEOUT,540249,0.000,,,,,,,,,,,,,,,,false,
7425,starexec,CSR036+5.p,e1a,subsumption-light,SATURATED,540249,14388.537,691.550,,,130,188,130,62,,,,,,,,,false,
7425,starexec,CSR036+5.p,e1a,unary-redundancy,HARD_TIMEOUT,540249,0.000,,,,,,,,,,,,,,,,false,
7425,starexec,CSR036+5.p,e1a,weight-greedy,SATURATED,540249,22414.997,841.739,,,73,103,73,48,,,,,,,,,false,
7425,starexec,CSR038+4.p,e1a,age-fair,HARD_TIMEOUT,44216,0.000,,,,,,,,,,,,,,,,false,
7425,starexec,CSR038+4.p,e1a,balanced,HARD_TIMEOUT,44216,0.000,,,,,,,,,,,,,,,,false,
7425,starexec,CSR038+4.p,e1a,equational,REFUTED,44216,3168.959,779.602,,,109,157,103,115,116,,,,,,,,false,
7425,starexec,CSR038+4.p,e1a,first-negative,SATURATED,44216,3487.684,524.381,,,12,16,12,14,,,,,,,,,false,
7425,starexec,CSR038+4.p,e1a,occurrence,REFUTED,44216,7255.574,19786.467,,,12956,31225,12314,11840,6404,,,,,,,,false,
7425,starexec,CSR038+4.p,e1a,subsumption-light,REFUTED,44216,3487.854,736.106,,,75,118,73,73,73,,,,,,,,false,
7425,starexec,CSR038+4.p,e1a,unary-redundancy,REFUTED,44216,6981.238,3082.261,,,1305,2951,1277,1304,850,,,,,,,,false,
7425,starexec,CSR038+4.p,e1a,weight-greedy,SATURATED,44216,3252.155,535.432,,,32,44,31,28,,,,,,,,,false,
7425,starexec,CSR042+3.p,e1a,age-fair,REFUTED,8005,5623.302,8455.917,,,4683,13743,4664,8708,3302,,,,,,,,false,
7425,starexec,CSR042+3.p,e1a,balanced,REFUTED,8005,1713.767,12579.237,,,11322,20411,11258,8007,8007,,,,,,,,false,
7425,starexec,CSR042+3.p,e1a,equational,REFUTED,8005,1199.697,456.933,,,47,80,47,69,69,,,,,,,,false,
7425,starexec,CSR042+3.p,e1a,first-negative,SATURATED,8005,1357.302,449.973,,,9,9,9,8,,,,,,,,,false,
7425,starexec,CSR042+3.p,e1a,occurrence,REFUTED,8005,5077.502,9694.007,,,4934,9096,4930,2371,2254,,,,,,,,false,
7425,starexec,CSR042+3.p,e1a,subsumption-light,REFUTED,8005,1178.044,432.005,,,21,32,21,27,27,,,,,,,,false,
7425,starexec,CSR042+3.p,e1a,unary-redundancy,REFUTED,8005,3286.576,1543.119,,,335,785,334,387,387,,,,,,,,false,
7425,starexec,CSR042+3.p,e1a,weight-greedy,SATURATED,8005,1136.128,361.467,,,19,22,19,18,,,,,,,,,false,
7425,starexec,CSR044+3.p,e1a,age-fair,HARD_TIMEOUT,8005,0.000,,,,,,,,,,,,,,,,false,
7425,starexec,CSR044+3.p,e1a,balanced,REFUTED,8005,1678.423,60156.029,,,28869,83415,28433,44500,8007,,,,,,,,false,
7425,starexec,CSR044+3.p,e1a,equational,REFUTED,8005,1311.334,597.292,,,132,197,125,117,117,,,,,,,,false,
7425,starexec,CSR044+3.p,e1a,first-negative,SATURATED,8005,1389.477,379.305,,,12,15,12,12,,,,,,,,,false,
7425,starexec,CSR044+3.p,e1a,occurrence,REFUTED,8005,3211.578,24147.786,,,12595,38962,12547,13577,2221,,,,,,,,false,
7425,starexec,CSR044+3.p,e1a,subsumption-light,REFUTED,8005,1193.136,502.248,,,34,53,33,32,32,,,,,,,,false,
7425,starexec,CSR044+3.p,e1a,unary-redundancy,REFUTED,8005,2063.754,1622.430,,,1025,3155,1018,1517,403,,,,,,,,false,
7425,starexec,CSR044+3.p,e1a,weight-greedy,SATURATED,8005,1845.532,664.640,,,39,56,36,24,,,,,,,,,false,
7425,starexec,CSR045+3.p,e1a,age-fair,HARD_TIMEOUT,8005,0.000,,,,,,,,,,,,,,,,false,
7425,starexec,CSR045+3.p,e1a,balanced,REFUTED,8005,1178.166,3552.432,,,5306,11024,5302,8006,8006,,,,,,,,false,
7425,starexec,CSR045+3.p,e1a,equational,SATURATED,8005,1181.065,386.191,,,22,30,22,24,,,,,,,,,false,
7425,starexec,CSR045+3.p,e1a,first-negative,SATURATED,8005,1287.349,376.622,,,6,9,6,8,,,,,,,,,false,
7425,starexec,CSR045+3.p,e1a,occurrence,REFUTED,8005,3127.901,3112.547,,,2554,4774,2553,2219,2219,,,,,,,,false,
7425,starexec,CSR045+3.p,e1a,subsumption-light,SATURATED,8005,1191.305,473.950,,,22,30,22,24,,,,,,,,,false,
7425,starexec,CSR045+3.p,e1a,unary-redundancy,SATURATED,8005,2052.745,26613.059,,,13262,45152,12901,13829,,,,,,,,,false,
7425,starexec,CSR045+3.p,e1a,weight-greedy,SATURATED,8005,1811.997,560.609,,,11,15,11,12,,,,,,,,,false,
7425,starexec,CSR048+3.p,e1a,age-fair,REFUTED,8005,5926.410,12082.314,,,6599,18012,6484,9928,3303,,,,,,,,false,
7425,starexec,CSR048+3.p,e1a,balanced,REFUTED,8005,1822.633,53168.683,,,29094,83500,28899,44435,8007,,,,,,,,false,
7425,starexec,CSR048+3.p,e1a,equational,REFUTED,8005,1957.153,858.012,,,70,158,70,73,73,,,,,,,,false,
7425,starexec,CSR048+3.p,e1a,first-negative,REFUTED,8005,2045.795,580.055,,,17,21,17,16,16,,,,,,,,false,
7425,starexec,CSR048+3.p,e1a,occurrence,REFUTED,8005,5068.406,35045.724,,,12746,39262,12699,13666,2255,,,,,,,,false,
7425,starexec,CSR048+3.p,e1a,subsumption-light,REFUTED,8005,1956.246,755.833,,,40,79,39,46,46,,,,,,,,false,
7425,starexec,CSR048+3.p,e1a,unary-redundancy,REFUTED,8005,3369.039,2520.397,,,1033,3095,1029,1480,407,,,,,,,,false,
7425,starexec,CSR048+3.p,e1a,weight-greedy,REFUTED,8005,1827.321,705.712,,,30,52,29,31,31,,,,,,,,false,
7425,starexec,CSR050+5.p,e1a,age-fair,HARD_TIMEOUT,540249,0.000,,,,,,,,,,,,,,,,false,
7425,starexec,CSR050+5.p,e1a,balanced,HARD_TIMEOUT,540249,0.000,,,,,,,,,,,,,,,,false,
7425,starexec,CSR050+5.p,e1a,equational,HARD_TIMEOUT,540249,0.000,,,,,,,,,,,,,,,,false,
7425,starexec,CSR050+5.p,e1a,first-negative,SATURATED,540249,8775.022,316.081,,,36,40,36,40,,,,,,,,,false,
7425,starexec,CSR050+5.p,e1a,occurrence,HARD_TIMEOUT,540249,0.000,,,,,,,,,,,,,,,,false,
7425,starexec,CSR050+5.p,e1a,subsumption-light,HARD_TIMEOUT,540249,0.000,,,,,,,,,,,,,,,,false,
7425,starexec,CSR050+5.p,e1a,unary-redundancy,HARD_TIMEOUT,540249,0.000,,,,,,,,,,,,,,,,false,
7425,starexec,CSR050+5.p,e1a,weight-greedy,HARD_TIMEOUT,540249,0.000,,,,,,,,,,,,,,,,false,
7425,starexec,CSR052+3.p,e1a,age-fair,HARD_TIMEOUT,8005,0.000,,,,,,,,,,,,,,,,false,
7425,starexec,CSR052+3.p,e1a,balanced,TIMEOUT,8005,1700.080,163761.566,,,45831,242867,43111,173762,,,,,,,,,false,
7425,starexec,CSR052+3.p,e1a,equational,SATURATED,8005,1291.846,778.466,,,218,269,218,92,,,,,,,,,false,
7425,starexec,CSR052+3.p,e1a,first-negative,SATURATED,8005,1368.644,381.257,,,19,24,19,18,,,,,,,,,false,
7425,starexec,CSR052+3.p,e1a,occurrence,HARD_TIMEOUT,8005,0.000,,,,,,,,,,,,,,,,false,
7425,starexec,CSR052+3.p,e1a,subsumption-light,SATURATED,8005,1224.064,595.194,,,92,121,92,49,,,,,,,,,false,
7425,starexec,CSR052+3.p,e1a,unary-redundancy,REFUTED,8005,1368.972,598.893,,,122,243,122,95,67,,,,,,,,false,
7425,starexec,CSR052+3.p,e1a,weight-greedy,SATURATED,8005,1767.627,718.775,,,48,63,48,33,,,,,,,,,false,
7425,starexec,CSR054+3.p,e1a,age-fair,REFUTED,8005,5800.599,5440.941,,,3072,8440,3051,4879,3229,,,,,,,,false,
7425,starexec,CSR054+3.p,e1a,balanced,REFUTED,8005,1704.899,5173.398,,,5183,10962,5179,8007,8007,,,,,,,,false,
7425,starexec,CSR054+3.p,e1a,equational,REFUTED,8005,2282.155,929.708,,,76,229,76,227,227,,,,,,,,false,
7425,starexec,CSR054+3.p,e1a,first-negative,SATURATED,8005,1375.215,366.250,,,9,10,9,9,,,,,,,,,false,
7425,starexec,CSR054+3.p,e1a,occurrence,REFUTED,8005,5032.163,4229.808,,,2262,4339,2261,2261,2261,,,,,,,,false,
7425,starexec,CSR054+3.p,e1a,subsumption-light,REFUTED,8005,1326.086,589.759,,,33,128,33,126,126,,,,,,,,false,
7425,starexec,CSR054+3.p,e1a,unary-redundancy,REFUTED,8005,2035.990,865.173,,,217,622,217,527,527,,,,,,,,false,
7425,starexec,CSR054+3.p,e1a,weight-greedy,SATURATED,8005,1220.881,470.642,,,57,61,57,43,,,,,,,,,false,
7425,starexec,CSR056+3.p,e1a,age-fair,HARD_TIMEOUT,8005,0.000,,,,,,,,,,,,,,,,false,
7425,starexec,CSR056+3.p,e1a,balanced,REFUTED,8005,1174.985,62786.746,,,29079,83619,28551,44412,8007,,,,,,,,false,
7425,starexec,CSR056+3.p,e1a,equational,REFUTED,8005,1350.121,810.064,,,240,367,224,164,164,,,,,,,,false,
7425,starexec,CSR056+3.p,e1a,first-negative,SATURATED,8005,1370.927,284.138,,,10,12,10,10,,,,,,,,,false,
7425,starexec,CSR056+3.p,e1a,occurrence,REFUTED,8005,3198.683,33382.057,,,12556,38779,12513,13505,2260,,,,,,,,false,
7425,starexec,CSR056+3.p,e1a,subsumption-light,SATURATED,8005,1220.342,543.736,,,48,63,47,43,,,,,,,,,false,
7425,starexec,CSR056+3.p,e1a,unary-redundancy,TIMEOUT,8005,2095.113,160324.558,,,35471,280683,34811,182499,,,,,,,,,false,
7425,starexec,CSR056+3.p,e1a,weight-greedy,SATURATED,8005,1168.892,439.759,,,32,44,31,24,,,,,,,,,false,
7425,starexec,CSR058+3.p,e1a,age-fair,TIMEOUT,8005,2082.182,162591.144,,,33159,240354,31699,198644,,,,,,,,,false,
7425,starexec,CSR058+3.p,e1a,balanced,REFUTED,8005,1122.318,1391.547,,,689,8015,689,8007,8007,,,,,,,,false,
7425,starexec,CSR058+3.p,e1a,equational,SATURATED,8005,780.686,504.285,,,385,696,382,154,,,,,,,,,false,
7425,starexec,CSR058+3.p,e1a,first-negative,SATURATED,8005,1072.536,268.139,,,8,8,8,7,,,,,,,,,false,
7425,starexec,CSR058+3.p,e1a,occurrence,TIMEOUT,8005,2044.819,162498.914,,,30918,212371,30697,129415,,,,,,,,,false,
7425,starexec,CSR058+3.p,e1a,subsumption-light,SATURATED,8005,723.468,374.399,,,152,230,150,76,,,,,,,,,false,
7425,starexec,CSR058+3.p,e1a,unary-redundancy,SATURATED,8005,1171.392,31662.807,,,16048,62934,15714,13571,,,,,,,,,false,
7425,starexec,CSR058+3.p,e1a,weight-greedy,SATURATED,8005,662.433,212.292,,,47,67,47,39,,,,,,,,,false,
7425,starexec,CSR066+5.p,e1a,balanced,HARD_TIMEOUT,540249,0.000,,,,,,,,,,,,,,,,false,
7425,starexec,CSR066+5.p,e1a,equational,REFUTED,540249,15136.304,4500.695,,,3377,13954,3350,7831,3410,,,,,,,,false,
7425,starexec,CSR066+5.p,e1a,first-negative,SATURATED,540249,15433.820,753.887,,,139,142,139,142,,,,,,,,,false,
7425,starexec,CSR066+5.p,e1a,occurrence,KILLED,,0.000,,,,,,,,,,,,,,,,false,killed before finishing
7425,starexec,CSR066+5.p,e1a,subsumption-light,REFUTED,540249,15218.310,3383.363,,,2427,10560,2423,6028,2535,,,,,,,,false,
7425,starexec,CSR066+5.p,e1a,unary-redundancy,HARD_TIMEOUT,540249,0.000,,,,,,,,,,,,,,,,false,
7425,starexec,CSR066+5.p,e1a,weight-greedy,HARD_TIMEOUT,540249,0.000,,,,,,,,,,,,,,,,false,
7425,starexec,CSR067+3.p,e1a,age-fair,REFUTED,8005,5376.782,8559.954,,,4692,13767,4671,8711,3303,,,,,,,,false,
7425,starexec,CSR067+3.p,e1a,balanced,REFUTED,8005,1071.983,7662.321,,,11314,20399,11250,8007,8007,,,,,,,,false,
7425,starexec,CSR067+3.p,e1a,equational,REFUTED,8005,1236.949,465.770,,,54,85,54,70,70,,,,,,,,false,
7425,starexec,CSR067+3.p,e1a,first-negative,REFUTED,8005,1252.450,338.394,,,11,14,11,10,10,,,,,,,,false,
7425,starexec,CSR067+3.p,e1a,occurrence,REFUTED,8005,3063.195,6016.054,,,4950,9122,4946,2371,2255,,,,,,,,false,
7425,starexec,CSR067+3.p,e1a,subsumption-light,REFUTED,8005,1187.304,455.142,,,19,32,19,27,27,,,,,,,,false,
7425,starexec,CSR067+3.p,e1a,unary-redundancy,REFUTED,8005,1986.657,1035.801,,,335,785,334,387,387,,,,,,,,false,
7425,starexec,CSR067+3.p,e1a,weight-greedy,REFUTED,8005,1709.989,572.671,,,17,25,17,20,20,,,,,,,,false,
7425,starexec,CSR113+13.p,e1a,age-fair,REFUTED,10188,7143.297,20237.905,,,8006,136249,7948,127887,650,,,,,,,,false,
7425,starexec,CSR113+13.p,e1a,balanced,TIMEOUT,10188,1230.863,163880.528,,,48521,263355,48469,214738,,,,,,,,,false,
7425,starexec,CSR113+13.p,e1a,equational,TIMEOUT,10188,2385.442,160482.889,,,25650,2728120,25598,2696712,,,,,,,,,false,
7425,starexec,CSR113+13.p,e1a,first-negative,SATURATED,10188,2083.478,455.024,,,5,5,5,5,,,,,,,,,false,
7425,starexec,CSR113+13.p,e1a,occurrence,REFUTED,10188,6801.378,12716.202,,,5392,25017,5340,19255,535,,,,,,,,false,
7425,starexec,CSR113+13.p,e1a,subsumption-light,TIMEOUT,10188,2324.344,159783.117,,,12358,591443,12194,577057,,,,,,,,,false,
7425,starexec,CSR113+13.p,e1a,unary-redundancy,HARD_TIMEOUT,10188,0.000,,,,,,,,,,,,,,,,false,
7425,starexec,CSR113+13.p,e1a,weight-greedy,HARD_TIMEOUT,10188,0.000,,,,,,,,,,,,,,,,false,
7425,starexec,CSR113+30.p,e1a,age-fair,REFUTED,10188,6132.541,17178.836,,,7956,101814,7698,93320,616,,,,,,,,false,
7425,starexec,CSR113+30.p,e1a,balanced,TIMEOUT,10188,765.751,164644.546,,,56720,451322,56696,394540,,,,,,,,,false,
7425,starexec,CSR113+30.p,e1a,equational,TIMEOUT,10188,1451.209,162516.045,,,54015,1439251,46523,1367639,,,,,,,,,false,
7425,starexec,CSR113+30.p,e1a,first-negative,SATURATED,10188,2145.481,565.186,,,12,12,12,11,,,,,,,,,false,
7425,starexec,CSR113+30.p,e1a,occurrence,REFUTED,10188,3673.127,6737.437,,,5237,33149,4774,23452,509,,,,,,,,false,
7425,starexec,CSR113+30.p,e1a,subsumption-light,SATURATED,10188,1178.610,517.531,,,43,43,42,27,,,,,,,,,false,
7425,starexec,CSR113+30.p,e1a,unary-redundancy,TIMEOUT,10188,1462.888,163738.077,,,206,5104,206,2953,,,,,,,,,false,
7425,starexec,CSR113+30.p,e1a,weight-greedy,TIMEOUT,10188,1140.745,162211.778,,,288,2302,202,929,,,,,,,,,false,
7425,starexec,CSR113+4.p,e1a,age-fair,REFUTED,10188,5928.675,14436.408,,,8135,113351,7886,104629,631,,,,,,,,false,
7425,starexec,CSR113+4.p,e1a,balanced,TIMEOUT,10188,1081.925,164073.634,,,47653,357612,47629,309904,,,,,,,,,false,
7425,starexec,CSR113+4.p,e1a,equational,TIMEOUT,10188,2108.285,160094.202,,,42440,2634097,39971,2573913,,,,,,,,,false,
7425,starexec,CSR113+4.p,e1a,first-negative,SATURATED,10188,2046.876,645.336,,,12,12,12,11,,,,,,,,,false,
7425,starexec,CSR113+4.p,e1a,occurrence,REFUTED,10188,5759.794,9648.834,,,5505,30441,4535,20758,522,,,,,,,,false,
7425,starexec,CSR113+4.p,e1a,subsumption-light,SATURATED,10188,1753.682,810.589,,,43,43,42,27,,,,,,,,,false,
7425,starexec,CSR113+4.p,e1a,unary-redundancy,HARD_TIMEOUT,10188,0.000,,,,,,,,,,,,,,,,false,
7425,starexec,CSR113+4.p,e1a,weight-greedy,TIMEOUT,10188,1788.047,159847.999,,,279,2204,195,886,,,,,,,,,false,
7425,starexec,CSR114+8.p,e1a,age-fair,TIMEOUT,10188,2827.905,159981.381,,,35806,2759833,35158,2719375,,,,,,,,,false,
7425,starexec,CSR114+8.p,e1a,balanced,TIMEOUT,10188,755.343,163958.353,,,58492,437171,58468,378619,,,,,,,,,false,
7425,starexec,CSR114+8.p,e1a,equational,TIMEOUT,10188,1419.482,160850.458,,,31816,4581261,30654,4539957,,,,,,,,,false,
7425,starexec,CSR114+8.p,e1a,first-negative,SATURATED,10188,1219.102,375.162,,,2,2,2,2,,,,,,,,,false,
7425,starexec,CSR114+8.p,e1a,occurrence,REFUTED,10188,2771.946,29796.984,,,13161,81952,12275,47588,428,,,,,,,,false,
7425,starexec,CSR114+8.p,e1a,subsumption-light,SATURATED,10188,1276.865,984.263,,,463,482,463,191,,,,,,,,,false,
7425,starexec,CSR114+8.p,e1a,unary-redundancy,REFUTED,10188,2653.782,1635.613,,,890,1425,852,457,277,,,,,,,,false,
7425,starexec,CSR114+8.p,e1a,weight-greedy,SATURATED,10188,1047.339,359.647,,,2,2,2,2,,,,,,,,,false,
7425,starexec,CSR115+8.p,e1a,age-fair,HARD_TIMEOUT,10188,0.000,,,,,,,,,,,,,,,,false,
7425,starexec,CSR115+8.p,e1a,balanced,TIMEOUT,10188,820.057,163650.383,,,48235,278491,48228,230238,,,,,,,,,false,
7425,starexec,CSR115+8.p,e1a,equational,REFUTED,10188,1406.363,1630.318,,,1146,1619,1131,443,440,,,,,,,,false,
7425,starexec,CSR115+8.p,e1a,first-negative,SATURATED,10188,1434.806,423.942,,,19,19,19,15,,,,,,,,,false,
7425,starexec,CSR115+8.p,e1a,occurrence,REFUTED,10188,4654.379,2755.444,,,2225,4172,2213,1808,583,,,,,,,,false,
7425,starexec,CSR115+8.p,e1a,subsumption-light,REFUTED,10188,1349.029,1790.130,,,1123,1537,1120,375,365,,,,,,,,false,
7425,starexec,CSR115+8.p,e1a,unary-redundancy,REFUTED,10188,4550.267,1853.426,,,1086,1396,1083,435,435,,,,,,,,false,
7425,starexec,CSR115+8.p,e1a,weight-greedy,TIMEOUT,10188,1169.118,160994.542,,,4405,2671429,4405,2659051,,,,,,,,,false,
7425,starexec,CSR116+10.p,e1a,age-fair,HARD_TIMEOUT,10188,0.000,,,,,,,,,,,,,,,,false,
7425,starexec,CSR116+10.p,e1a,balanced,TIMEOUT,10188,774.063,164413.439,,,55969,441732,55950,385752,,,,,,,,,false,
7425,starexec,CSR116+10.p,e1a,equational,REFUTED,10188,1491.160,2195.618,,,1671,2515,1629,823,607,,,,,,,,false,
7425,starexec,CSR116+10.p,e1a,first-negative,SATURATED,10188,1404.585,386.355,,,14,14,14,13,,,,,,,,,false,
7425,starexec,CSR116+10.p,e1a,occurrence,REFUTED,10188,7316.659,2033.129,,,1726,2444,1670,761,721,,,,,,,,false,
7425,starexec,CSR116+10.p,e1a,subsumption-light,REFUTED,10188,1435.408,4386.856,,,2234,4181,2142,1677,526,,,,,,,,false,
7425,starexec,CSR116+10.p,e1a,unary-redundancy,REFUTED,10188,7107.709,2220.686,,,1454,1934,1428,568,562,,,,,,,,false,
7425,starexec,CSR116+10.p,e1a,weight-greedy,TIMEOUT,10188,1837.311,160534.597,,,281,2283,197,930,,,,,,,,,false,
7425,starexec,CSR116+13.p,e1a,age-fair,HARD_TIMEOUT,10188,0.000,,,,,,,,,,,,,,,,false,
7425,starexec,CSR116+13.p,e1a,balanced,REFUTED,10188,771.554,14430.849,,,13633,107237,13504,93595,10594,,,,,,,,false,
7425,starexec,CSR116+13.p,e1a,equational,REFUTED,10188,1545.469,1792.699,,,1226,1878,1171,638,463,,,,,,,,false,
7425,starexec,CSR116+13.p,e1a,first-negative,SATURATED,10188,1414.141,439.333,,,14,14,14,13,,,,,,,,,false,
7425,starexec,CSR116+13.p,e1a,occurrence,REFUTED,10188,4507.435,2592.366,,,1868,2966,1826,1044,573,,,,,,,,false,
7425,starexec,CSR116+13.p,e1a,subsumption-light,REFUTED,10188,1392.345,2389.628,,,1307,2123,1292,752,366,,,,,,,,false,
7425,starexec,CSR116+13.p,e1a,unary-redundancy,REFUTED,10188,4444.435,2765.910,,,1398,2262,1371,825,396,,,,,,,,false,
7425,starexec,CSR116+13.p,e1a,weight-greedy,TIMEOUT,10188,1183.798,161945.173,,,284,2287,200,930,,,,,,,,,false,
7425,starexec,CSR116+19.p,e1a,age-fair,HARD_TIMEOUT,10188,0.000,,,,,,,,,,,,,,,,false,
7425,starexec,CSR116+19.p,e1a,balanced,REFUTED,10188,1247.347,27946.415,,,17848,144756,16345,126880,10671,,,,,,,,false,
7425,starexec,CSR116+19.p,e1a,equational,REFUTED,10188,2546.864,3509.864,,,1687,2432,1619,709,549,,,,,,,,false,
7425,starexec,CSR116+19.p,e1a,first-negative,SATURATED,10188,2172.238,737.788,,,14,14,14,13,,,,,,,,,false,
7425,starexec,CSR116+19.p,e1a,occurrence,REFUTED,10188,9001.228,3163.700,,,1421,2042,1398,770,632,,,,,,,,false,
7425,starexec,CSR116+19.p,e1a,subsumption-light,REFUTED,10188,2281.221,4447.782,,,1565,3111,1550,1459,441,,,,,,,,false,
7425,starexec,CSR116+19.p,e1a,unary-redundancy,REFUTED,10188,8819.135,4907.956,,,1674,2925,1651,1169,462,,,,,,,,false,
7425,starexec,CSR116+19.p,e1a,weight-greedy,TIMEOUT,10188,1822.475,160211.167,,,266,2011,188,806,,,,,,,,,false,
7425,starexec,CSR116+3.p,e1a,balanced,TIMEOUT,10188,1220.576,163663.241,,,58087,319897,57948,261714,,,,,,,,,false,
7425,starexec,CSR116+3.p,e1a,equational,REFUTED,10188,2516.060,4347.796,,,2021,3286,1988,1200,553,,,,,,,,false,
7425,starexec,CSR116+3.p,e1a,first-negative,SATURATED,10188,2241.239,589.053,,,17,17,17,17,,,,,,,,,false,
7425,starexec,CSR116+3.p,e1a,occurrence,REFUTED,10188,9503.812,3962.813,,,1988,3115,1962,967,630,,,,,,,,false,
7425,starexec,CSR116+3.p,e1a,subsumption-light,REFUTED,10188,2362.753,5503.233,,,1784,3740,1772,1869,480,,,,,,,,false,
7425,starexec,CSR116+3.p,e1a,unary-redundancy,REFUTED,10188,9454.192,3597.176,,,1380,1771,1370,492,492,,,,,,,,false,
7425,starexec,CSR116+3.p,e1a,weight-greedy,HARD_TIMEOUT,10188,0.000,,,,,,,,,,,,,,,,false,
7425,starexec,CSR116+38.p,e1a,age-fair,HARD_TIMEOUT,10188,0.000,,,,,,,,,,,,,,,,false,
7425,starexec,CSR116+38.p,e1a,balanced,TIMEOUT,10188,1084.482,163773.735,,,47474,377111,47471,329618,,,,,,,,,false,
7425,starexec,CSR116+38.p,e1a,equational,REFUTED,10188,2303.026,3507.840,,,1772,3057,1754,1227,525,,,,,,,,false,
7425,starexec,CSR116+38.p,e1a,first-negative,SATURATED,10188,2139.824,599.841,,,16,16,16,16,,,,,,,,,false,
7425,starexec,CSR116+38.p,e1a,occurrence,REFUTED,10188,7969.113,3704.146,,,1930,3461,1861,1303,595,,,,,,,,false,
7425,starexec,CSR116+38.p,e1a,subsumption-light,REFUTED,10188,2152.373,4022.749,,,1537,2973,1531,1345,433,,,,,,,,false,
7425,starexec,CSR116+38.p,e1a,unary-redundancy,REFUTED,10188,7545.538,3390.372,,,1296,1763,1288,450,446,,,,,,,,false,
7425,starexec,CSR116+38.p,e1a,weight-greedy,TIMEOUT,10188,1889.354,160135.243,,,364,367,363,28,,,,,,,,,false,
7425,starexec,CSR116+8.p,e1a,age-fair,HARD_TIMEOUT,10188,0.000,,,,,,,,,,,,,,,,false,
7425,starexec,CSR116+8.p,e1a,balanced,TIMEOUT,10188,1140.347,164093.014,,,52510,311666,52488,259137,,,,,,,,,false,
7425,starexec,CSR116+8.p,e1a,equational,REFUTED,10188,2241.978,3092.060,,,1658,2443,1633,763,623,,,,,,,,false,
7425,starexec,CSR116+8.p,e1a,first-negative,SATURATED,10188,2119.038,636.939,,,14,14,14,13,,,,,,,,,false,
7425,starexec,CSR116+8.p,e1a,occurrence,REFUTED,10188,11467.039,3072.872,,,1701,2436,1679,799,694,,,,,,,,false,
7425,starexec,CSR116+8.p,e1a,subsumption-light,REFUTED,10188,2189.324,36878.619,,,7946,255884,7868,245110,545,,,,,,,,false,
7425,starexec,CSR116+8.p,e1a,unary-redundancy,REFUTED,10188,11900.585,3312.603,,,1460,2020,1448,569,554,,,,,,,,false,
7425,starexec,CSR116+8.p,e1a,weight-greedy,TIMEOUT,10188,1892.958,159373.195,,,281,2283,197,930,,,,,,,,,false,
7425,starexec,CSR117+1.p,e1a,age-fair,REFUTED,268,1162.473,4706.727,,,1027,1364,991,624,270,,,,,,,,false,
7425,starexec,CSR117+1.p,e1a,balanced,REFUTED,268,309.004,1749.446,,,856,1354,843,624,270,,,,,,,,false,
7425,starexec,CSR117+1.p,e1a,equational,REFUTED,268,660.322,3235.566,,,856,1354,843,624,270,,,,,,,,false,
7425,starexec,CSR117+1.p,e1a,first-negative,REFUTED,268,1263.730,6640.977,,,1875,2182,1824,807,270,,,,,,,,false,
7425,starexec,CSR117+1.p,e1a,occurrence,REFUTED,268,1108.480,3691.559,,,941,1362,924,481,270,,,,,,,,false,
7425,starexec,CSR117+1.p,e1a,subsumption-light,REFUTED,268,629.934,4732.875,,,856,1354,843,624,270,,,,,,,,false,
7425,starexec,CSR117+1.p,e1a,unary-redundancy,REFUTED,268,1179.741,5876.197,,,956,1363,924,624,270,,,,,,,,false,
7425,starexec,CSR117+1.p,e1a,weight-greedy,REFUTED,268,691.629,2820.767,,,803,921,796,270,270,,,,,,,,false,
7425,starexec,CSR208+1.p,e1a,age-fair,HARD_TIMEOUT,7432,0.000,,,,,,,,,,,,,,,,false,
7425,starexec,CSR208+1.p,e1a,balanced,HARD_TIMEOUT,7432,0.000,,,,,,,,,,,,,,,,false,
7425,starexec,CSR208+1.p,e1a,equational,TIMEOUT,7432,2769.965,159175.440,,,31132,1425183,28457,1383373,,,,,,,,,false,
7425,starexec,CSR208+1.p,e1a,first-negative,SATURATED,7432,2421.853,636.339,,,24,24,24,24,,,,,,,,,false,
7425,starexec,CSR208+1.p,e1a,occurrence,HARD_TIMEOUT,7432,0.000,,,,,,,,,,,,,,,,false,
7425,starexec,CSR208+1.p,e1a,subsumption-light,TIMEOUT,7432,2373.336,159120.768,,,27197,2066370,23508,2028408,,,,,,,,,false,
7425,starexec,CSR208+1.p,e1a,unary-redundancy,HARD_TIMEOUT,7432,0.000,,,,,,,,,,,,,,,,false,
7425,starexec,CSR208+1.p,e1a,weight-greedy,TIMEOUT,7432,2217.822,158940.270,,,4586,383897,4529,372093,,,,,,,,,false,
7425,starexec,GEO085+1.p,e1a,age-fair,REFUTED,16,892.358,4954.504,,,595,31219,587,30534,50,,,,,,,,false,
7425,starexec,GEO085+1.p,e1a,balanced,REFUTED,16,268.959,502.671,,,70,129,66,51,56,,,,,,,,false,
7425,starexec,GEO085+1.p,e1a,equational,REFUTED,16,520.969,923.379,,,69,128,65,52,56,,,,,,,,false,
7425,starexec,GEO085+1.p,e1a,first-negative,REFUTED,16,930.170,1022.653,,,120,368,110,210,50,,,,,,,,false,
7425,starexec,GEO085+1.p,e1a,occurrence,REFUTED,16,865.614,995.265,,,86,215,82,63,50,,,,,,,,false,
7425,starexec,GEO085+1.p,e1a,subsumption-light,REFUTED,16,521.531,1054.535,,,70,129,66,51,56,,,,,,,,false,
7425,starexec,GEO085+1.p,e1a,unary-redundancy,REFUTED,16,892.293,1000.157,,,65,134,61,60,50,,,,,,,,false,
7425,starexec,GEO085+1.p,e1a,weight-greedy,REFUTED,16,549.150,775.099,,,39,84,37,51,56,,,,,,,,false,
7425,starexec,GEO087+1.p,e1a,age-fair,REFUTED,16,935.936,2601.513,,,310,7726,303,7388,50,,,,,,,,false,
7425,starexec,GEO087+1.p,e1a,balanced,REFUTED,16,187.627,454.983,,,109,478,99,318,56,,,,,,,,false,
7425,starexec,GEO087+1.p,e1a,equational,REFUTED,16,349.933,856.786,,,109,478,99,318,56,,,,,,,,false,
7425,starexec,GEO087+1.p,e1a,first-negative,REFUTED,16,939.622,1849.182,,,327,2701,277,2264,50,,,,,,,,false,
7425,starexec,GEO087+1.p,e1a,occurrence,REFUTED,16,603.555,565.759,,,75,154,68,70,50,,,,,,,,false,
7425,starexec,GEO087+1.p,e1a,subsumption-light,REFUTED,16,373.502,718.633,,,72,149,69,70,56,,,,,,,,false,
7425,starexec,GEO087+1.p,e1a,unary-redundancy,REFUTED,16,610.017,671.705,,,68,148,65,74,50,,,,,,,,false,
7425,starexec,GEO087+1.p,e1a,weight-greedy,REFUTED,16,365.368,740.420,,,122,323,111,128,56,,,,,,,,false,
7425,starexec,GEO089+1.p,e1a,age-fair,TIMEOUT,16,889.271,164096.391,,,10707,5776190,10287,5761462,,,,,,,,,false,
7425,starexec,GEO089+1.p,e1a,balanced,TIMEOUT,16,179.641,165346.757,,,19492,13082232,17929,13002952,,,,,,,,,false,
7425,starexec,GEO089+1.p,e1a,equational,TIMEOUT,16,509.905,166211.416,,,11445,5950528,10867,5917266,,,,,,,,,false,
7425,starexec,GEO089+1.p,e1a,first-negative,TIMEOUT,16,969.912,163949.650,,,33496,2867747,33108,2820159,,,,,,,,,false,
7425,starexec,GEO089+1.p,e1a,occurrence,TIMEOUT,16,608.401,164679.443,,,15038,10129484,14037,10066712,,,,,,,,,false,
7425,starexec,GEO089+1.p,e1a,subsumption-light,TIMEOUT,16,569.793,164190.828,,,7010,2708478,6751,2683186,,,,,,,,,false,
7425,starexec,GEO089+1.p,e1a,unary-redundancy,TIMEOUT,16,943.661,164067.890,,,5612,2386177,5178,2374653,,,,,,,,,false,
7425,starexec,GEO089+1.p,e1a,weight-greedy,TIMEOUT,16,544.692,164102.741,,,16570,7333959,10760,6669601,,,,,,,,,false,
7425,starexec,GEO093+1.p,e1a,age-fair,TIMEOUT,16,884.939,164145.037,,,11191,5801562,10985,5785708,,,,,,,,,false,
7425,starexec,GEO093+1.p,e1a,balanced,REFUTED,16,250.261,5105.952,,,1533,129703,1456,126765,59,,,,,,,,false,
7425,starexec,GEO093+1.p,e1a,equational,REFUTED,16,532.485,9000.895,,,1543,128936,1472,125967,59,,,,,,,,false,
7425,starexec,GEO093+1.p,e1a,first-negative,TIMEOUT,16,950.462,163795.519,,,27578,6421988,26794,6372816,,,,,,,,,false,
7425,starexec,GEO093+1.p,e1a,occurrence,REFUTED,16,860.795,4833.921,,,1081,30157,907,28055,53,,,,,,,,false,
7425,starexec,GEO093+1.p,e1a,subsumption-light,REFUTED,16,536.712,13472.210,,,1393,103776,1351,101342,59,,,,,,,,false,
7425,starexec,GEO093+1.p,e1a,unary-redundancy,REFUTED,16,893.828,13159.132,,,1499,95468,1430,93264,53,,,,,,,,false,
7425,starexec,GEO093+1.p,e1a,weight-greedy,REFUTED,16,537.513,4366.911,,,1265,13058,737,9371,59,,,,,,,,false,
7425,starexec,GEO095+1.p,e1a,age-fair,TIMEOUT,16,912.804,164141.890,,,11109,5351217,10884,5334748,,,,,,,,,false,
7425,starexec,GEO095+1.p,e1a,equational,TIMEOUT,16,533.591,164227.912,,,11039,6048691,10083,6011308,,,,,,,,,false,
7425,starexec,GEO095+1.p,e1a,first-negative,TIMEOUT,16,962.241,163831.461,,,28688,5544156,26616,5485690,,,,,,,,,false,
7425,starexec,GEO095+1.p,e1a,occurrence,TIMEOUT,16,864.893,164866.949,,,17846,6293653,14909,6223416,,,,,,,,,false,
7425,starexec,GEO095+1.p,e1a,subsumption-light,TIMEOUT,16,556.687,164131.346,,,5788,2067967,5497,2048234,,,,,,,,,false,
7425,starexec,GEO095+1.p,e1a,unary-redundancy,TIMEOUT,16,955.545,164122.914,,,7472,2047765,7164,2030915,,,,,,,,,false,
7425,starexec,GEO095+1.p,e1a,weight-greedy,TIMEOUT,16,550.082,166024.788,,,29605,6002974,19416,5840829,,,,,,,,,false,
7425,starexec,GEO111+1.p,e1a,age-fair,REFUTED,17,974.784,15020.421,,,1545,295985,1523,294049,57,,,,,,,,false,
7425,starexec,GEO111+1.p,e1a,balanced,REFUTED,17,188.721,2705.088,,,888,61415,868,59970,64,,,,,,,,false,
7425,starexec,GEO111+1.p,e1a,equational,REFUTED,17,593.756,7701.876,,,875,59731,854,58289,64,,,,,,,,false,
7425,starexec,GEO111+1.p,e1a,first-negative,REFUTED,17,999.306,13304.141,,,3616,135157,3506,130115,57,,,,,,,,false,
7425,starexec,GEO111+1.p,e1a,occurrence,REFUTED,17,988.296,23931.712,,,4755,547666,4668,530992,57,,,,,,,,false,
7425,starexec,GEO111+1.p,e1a,subsumption-light,REFUTED,17,570.214,10220.316,,,860,41141,843,39735,64,,,,,,,,false,
7425,starexec,GEO111+1.p,e1a,unary-redundancy,REFUTED,17,986.413,8434.454,,,965,33124,921,31668,57,,,,,,,,false,
7425,starexec,GEO111+1.p,e1a,weight-greedy,REFUTED,17,582.817,2319.443,,,463,2616,364,1080,64,,,,,,,,false,
7425,starexec,GEO117+1.p,e1a,age-fair,REFUTED,27,1121.950,3100.724,,,386,9431,385,9025,98,,,,,,,,false,
7425,starexec,GEO117+1.p,e1a,balanced,REFUTED,27,322.599,1649.554,,,539,7036,439,6240,113,,,,,,,,false,
7425,starexec,GEO117+1.p,e1a,equational,REFUTED,27,642.599,2830.179,,,491,5540,428,4800,113,,,,,,,,false,
7425,starexec,GEO117+1.p,e1a,first-negative,REFUTED,27,1204.773,1652.881,,,235,1069,234,787,98,,,,,,,,false,
7425,starexec,GEO117+1.p,e1a,occurrence,REFUTED,27,1050.662,1904.005,,,349,2038,342,1558,98,,,,,,,,false,
7425,starexec,GEO117+1.p,e1a,subsumption-light,REFUTED,27,658.491,12617.536,,,1414,75253,1296,72511,113,,,,,,,,false,
7425,starexec,GEO117+1.p,e1a,unary-redundancy,REFUTED,27,1136.090,2157.746,,,285,1496,283,1152,98,,,,,,,,false,
7425,starexec,GEO117+1.p,e1a,weight-greedy,TIMEOUT,27,710.356,163987.234,,,26054,2427412,21340,2055968,,,,,,,,,false,
7425,starexec,GEO138+1.p,e1a,balanced,TIMEOUT,27,328.205,165024.209,,,14964,9957040,14462,9920612,,,,,,,,,false,
7425,starexec,GEO138+1.p,e1a,equational,TIMEOUT,27,708.152,164160.448,,,11420,5551347,11051,5526669,,,,,,,,,false,
7425,starexec,GEO138+1.p,e1a,first-negative,TIMEOUT,27,1281.162,163669.604,,,19122,6447604,18223,6419410,,,,,,,,,false,
7425,starexec,GEO138+1.p,e1a,occurrence,HARD_TIMEOUT,27,0.000,,,,,,,,,,,,,,,,false,
7425,starexec,GEO138+1.p,e1a,subsumption-light,TIMEOUT,27,696.602,164111.194,,,8318,2327207,7894,2293339,,,,,,,,,false,
7425,starexec,GEO138+1.p,e1a,unary-redundancy,TIMEOUT,27,1170.062,164218.254,,,7381,1991505,6574,1970921,,,,,,,,,false,
7425,starexec,GEO138+1.p,e1a,weight-greedy,TIMEOUT,27,689.059,163978.772,,,18827,5274443,15430,4950161,,,,,,,,,false,
7425,starexec,GEO260+1.p,e1a,age-fair,REFUTED,31,907.177,159620.119,,,9317,5335849,8083,5320377,65,,,,,,,,false,
7425,starexec,GEO260+1.p,e1a,balanced,REFUTED,31,269.713,26551.161,,,5042,1761522,3325,1750448,70,,,,,,,,false,
7425,starexec,GEO260+1.p,e1a,equational,REFUTED,31,525.004,39082.837,,,4612,1392447,2763,1382745,70,,,,,,,,false,
7425,starexec,GEO260+1.p,e1a,first-negative,TIMEOUT,31,992.444,163619.019,,,29125,5473623,17973,5360794,,,,,,,,,false,
7425,starexec,GEO260+1.p,e1a,occurrence,REFUTED,31,866.774,39367.436,,,5314,1459606,4494,1438282,65,,,,,,,,false,
7425,starexec,GEO260+1.p,e1a,subsumption-light,TIMEOUT,31,548.622,164066.327,,,2974,868285,2773,860905,,,,,,,,,false,
7425,starexec,GEO260+1.p,e1a,unary-redundancy,TIMEOUT,31,902.310,164141.552,,,3351,760751,2554,753759,,,,,,,,,false,
7425,starexec,GEO260+1.p,e1a,weight-greedy,TIMEOUT,31,598.724,163932.759,,,2857,6581,2842,1622,,,,,,,,,false,
7425,starexec,GEO274+1.p,e1a,age-fair,TIMEOUT,116,3083.231,163367.627,,,29308,2131698,29148,2100346,,,,,,,,,false,
7425,starexec,GEO274+1.p,e1a,balanced,TIMEOUT,116,596.186,164997.454,,,29779,1854448,29698,1817938,,,,,,,,,false,
7425,starexec,GEO274+1.p,e1a,equational,TIMEOUT,116,1136.993,164141.937,,,31452,1908942,30772,1873905,,,,,,,,,false,
7425,starexec,GEO274+1.p,e1a,first-negative,TIMEOUT,116,3364.345,162906.129,,,18167,2004718,16819,1984420,,,,,,,,,false,
7425,starexec,GEO274+1.p,e1a,occurrence,TIMEOUT,116,2009.586,164193.140,,,24127,151434,24104,119554,,,,,,,,,false,
7425,starexec,GEO274+1.p,e1a,subsumption-light,TIMEOUT,116,1182.461,164861.672,,,17337,382235,17265,364857,,,,,,,,,false,
7425,starexec,GEO274+1.p,e1a,unary-redundancy,TIMEOUT,116,1921.228,164762.138,,,17668,386514,17598,368254,,,,,,,,,false,
7425,starexec,GEO274+1.p,e1a,weight-greedy,TIMEOUT,116,1164.753,164156.594,,,12007,7377619,9601,7147845,,,,,,,,,false,
7425,starexec,GEO277+1.p,e1a,age-fair,TIMEOUT,126,3647.749,163145.470,,,24190,2102849,23728,2077044,,,,,,,,,false,
7425,starexec,GEO277+1.p,e1a,balanced,TIMEOUT,126,899.521,164461.986,,,23524,1385062,23476,1354331,,,,,,,,,false,
7425,starexec,GEO277+1.p,e1a,equational,TIMEOUT,126,1781.037,163183.203,,,17692,122377,17682,104586,,,,,,,,,false,
7425,starexec,GEO277+1.p,e1a,first-negative,HARD_TIMEOUT,126,0.000,,,,,,,,,,,,,,,,false,
7425,starexec,GEO277+1.p,e1a,occurrence,TIMEOUT,126,3276.111,163050.008,,,15712,3115343,15387,3099189,,,,,,,,,false,
7425,starexec,GEO277+1.p,e1a,subsumption-light,TIMEOUT,126,1837.786,164434.315,,,14500,144458,14243,127568,,,,,,,,,false,
7425,starexec,GEO277+1.p,e1a,unary-redundancy,HARD_TIMEOUT,126,0.000,,,,,,,,,,,,,,,,false,
7425,starexec,GEO277+1.p,e1a,weight-greedy,TIMEOUT,126,1979.778,163067.099,,,13617,5116277,10180,4933715,,,,,,,,,false,
7425,starexec,GEO282+1.p,e1a,age-fair,REFUTED,123,3366.344,33217.285,,,9034,298748,8931,289118,282,,,,,,,,false,
7425,starexec,GEO282+1.p,e1a,balanced,REFUTED,123,900.427,2615.105,,,1162,2908,1140,1676,284,,,,,,,,false,
7425,starexec,GEO282+1.p,e1a,equational,REFUTED,123,1800.661,4537.147,,,1103,2908,1085,1758,284,,,,,,,,false,
7425,starexec,GEO282+1.p,e1a,first-negative,HARD_TIMEOUT,123,0.000,,,,,,,,,,,,,,,,false,
7425,starexec,GEO282+1.p,e1a,occurrence,REFUTED,123,3236.359,22209.470,,,5274,17678,5199,11972,282,,,,,,,,false,
7425,starexec,GEO282+1.p,e1a,subsumption-light,REFUTED,123,1853.570,13502.617,,,1231,2852,1219,1544,284,,,,,,,,false,
7425,starexec,GEO282+1.p,e1a,unary-redundancy,REFUTED,123,3447.586,13284.524,,,1195,2748,1182,1488,282,,,,,,,,false,
7425,starexec,GEO282+1.p,e1a,weight-greedy,REFUTED,123,1860.639,2484.710,,,445,788,412,284,284,,,,,,,,false,
7425,starexec,GEO285+1.p,e1a,age-fair,REFUTED,132,1740.542,6336.446,,,5441,162566,5353,156814,296,,,,,,,,false,
7425,starexec,GEO285+1.p,e1a,balanced,REFUTED,132,879.300,3006.322,,,2216,15733,1984,13245,298,,,,,,,,false,
7425,starexec,GEO285+1.p,e1a,equational,REFUTED,132,965.604,2818.678,,,2216,11138,2082,8684,298,,,,,,,,false,
7425,starexec,GEO285+1.p,e1a,first-negative,TIMEOUT,132,1812.608,164004.587,,,25393,4087021,25259,4061415,,,,,,,,,false,
7425,starexec,GEO285+1.p,e1a,occurrence,TIMEOUT,132,1124.175,164999.985,,,28890,126340,27532,96138,,,,,,,,,false,
7425,starexec,GEO285+1.p,e1a,subsumption-light,REFUTED,132,969.020,6325.477,,,2188,14823,2065,12427,298,,,,,,,,false,
7425,starexec,GEO285+1.p,e1a,unary-redundancy,REFUTED,132,1779.357,7725.510,,,3160,16762,2954,13113,296,,,,,,,,false,
7425,starexec,GEO285+1.p,e1a,weight-greedy,REFUTED,132,682.914,1463.199,,,737,4772,703,2513,298,,,,,,,,false,
7425,starexec,GEO298+1.p,e1a,age-fair,TIMEOUT,157,3779.881,162938.400,,,21589,1451074,21436,1428095,,,,,,,,,false,
7425,starexec,GEO298+1.p,e1a,balanced,TIMEOUT,157,912.085,164387.808,,,26030,1231891,25583,1196700,,,,,,,,,false,
7425,starexec,GEO298+1.p,e1a,equational,TIMEOUT,157,1906.454,162966.191,,,20392,727366,20230,699541,,,,,,,,,false,
7425,starexec,GEO298+1.p,e1a,first-negative,HARD_TIMEOUT,157,0.000,,,,,,,,,,,,,,,,false,
7425,starexec,GEO298+1.p,e1a,occurrence,TIMEOUT,157,3450.139,163011.914,,,17097,164035,16981,137528,,,,,,,,,false,
7425,starexec,GEO298+1.p,e1a,subsumption-light,TIMEOUT,157,1803.279,164037.077,,,13835,347810,13695,328882,,,,,,,,,false,
7425,starexec,GEO298+1.p,e1a,unary-redundancy,HARD_TIMEOUT,157,0.000,,,,,,,,,,,,,,,,false,
7425,starexec,GEO298+1.p,e1a,weight-greedy,TIMEOUT,157,1894.966,162942.695,,,14681,5511572,10547,5289940,,,,,,,,,false,
7425,starexec,GEO306+1.p,e1a,age-fair,TIMEOUT,126,3243.784,163196.322,,,24994,1429584,24676,1403353,,,,,,,,,false,
7425,starexec,GEO306+1.p,e1a,balanced,TIMEOUT,126,886.788,164557.637,,,30357,996435,29557,951680,,,,,,,,,false,
7425,starexec,GEO306+1.p,e1a,equational,TIMEOUT,126,1682.373,163334.532,,,21589,424860,21467,397030,,,,,,,,,false,
7425,starexec,GEO306+1.p,e1a,first-negative,TIMEOUT,126,3603.001,162738.275,,,18565,5313617,18557,5295036,,,,,,,,,false,
7425,starexec,GEO306+1.p,e1a,occurrence,TIMEOUT,126,3225.361,163200.976,,,19038,180183,18160,157841,,,,,,,,,false,
7425,starexec,GEO306+1.p,e1a,subsumption-light,TIMEOUT,126,1836.162,164934.449,,,16991,250757,16803,227369,,,,,,,,,false,
7425,starexec,GEO306+1.p,e1a,unary-redundancy,HARD_TIMEOUT,126,0.000,,,,,,,,,,,,,,,,false,
7425,starexec,GEO306+1.p,e1a,weight-greedy,TIMEOUT,126,1899.026,162999.307,,,30661,283499,27086,227023,,,,,,,,,false,
7425,starexec,GEO307+1.p,e1a,age-fair,TIMEOUT,145,3512.724,163003.519,,,25004,1879833,24679,1853308,,,,,,,,,false,
7425,starexec,GEO307+1.p,e1a,balanced,TIMEOUT,145,1005.654,164583.668,,,25254,746330,25122,712777,,,,,,,,,false,
7425,starexec,GEO307+1.p,e1a,equational,TIMEOUT,145,2038.005,163250.402,,,20322,561093,20184,534543,,,,,,,,,false,
7425,starexec,GEO307+1.p,e1a,first-negative,HARD_TIMEOUT,145,0.000,,,,,,,,,,,,,,,,false,
7425,starexec,GEO307+1.p,e1a,occurrence,TIMEOUT,145,3579.744,162982.296,,,17333,84913,16964,58927,,,,,,,,,false,
7425,starexec,GEO307+1.p,e1a,subsumption-light,HARD_TIMEOUT,145,0.000,,,,,,,,,,,,,,,,false,
7425,starexec,GEO307+1.p,e1a,unary-redundancy,HARD_TIMEOUT,145,0.000,,,,,,,,,,,,,,,,false,
7425,starexec,GEO307+1.p,e1a,weight-greedy,TIMEOUT,145,1941.760,163013.023,,,11888,4888205,9470,4731124,,,,,,,,,false,
7425,starexec,GEO308+1.p,e1a,age-fair,TIMEOUT,146,3625.017,163084.268,,,30551,1974181,30497,1940081,,,,,,,,,false,
7425,starexec,GEO308+1.p,e1a,balanced,TIMEOUT,146,925.495,164477.138,,,32175,958525,31755,917444,,,,,,,,,false,
7425,starexec,GEO308+1.p,e1a,equational,TIMEOUT,146,1919.268,163133.893,,,25628,652559,25290,619564,,,,,,,,,false,
7425,starexec,GEO308+1.p,e1a,first-negative,HARD_TIMEOUT,146,0.000,,,,,,,,,,,,,,,,false,
7425,starexec,GEO308+1.p,e1a,occurrence,TIMEOUT,146,3341.929,163088.803,,,22307,182312,21696,148942,,,,,,,,,false,
7425,starexec,GEO308+1.p,e1a,subsumption-light,TIMEOUT,146,2011.624,164613.348,,,17833,397514,17428,374604,,,,,,,,,false,
7425,starexec,GEO308+1.p,e1a,unary-redundancy,HARD_TIMEOUT,146,0.000,,,,,,,,,,,,,,,,false,
7425,starexec,GEO308+1.p,e1a,weight-greedy,TIMEOUT,146,1869.139,163339.802,,,11713,5106776,9570,4943352,,,,,,,,,false,
7425,starexec,GEO310+1.p,e1a,age-fair,TIMEOUT,148,3394.826,162922.324,,,24692,1213588,24530,1184193,,,,,,,,,false,
7425,starexec,GEO310+1.p,e1a,balanced,TIMEOUT,148,603.684,164980.384,,,32445,1480317,30630,1434370,,,,,,,,,false,
7425,starexec,GEO310+1.p,e1a,equational,TIMEOUT,148,1964.835,163127.838,,,24112,722385,23808,691029,,,,,,,,,false,
7425,starexec,GEO310+1.p,e1a,first-negative,TIMEOUT,148,3539.279,162685.263,,,17577,4877927,17568,4860329,,,,,,,,,false,
7425,starexec,GEO310+1.p,e1a,occurrence,TIMEOUT,148,2173.991,163931.666,,,21441,104342,20929,81161,,,,,,,,,false,
7425,starexec,GEO310+1.p,e1a,subsumption-light,TIMEOUT,148,1999.115,164801.594,,,16405,511484,16017,489804,,,,,,,,,false,
7425,starexec,GEO310+1.p,e1a,unary-redundancy,HARD_TIMEOUT,148,0.000,,,,,,,,,,,,,,,,false,
7425,starexec,GEO310+1.p,e1a,weight-greedy,TIMEOUT,148,1776.188,163297.965,,,13399,7053286,11641,6871724,,,,,,,,,false,
7425,starexec,GEO321+1.p,e1a,age-fair,TIMEOUT,177,3447.539,163220.928,,,28326,1271284,28244,1239737,,,,,,,,,false,
7425,starexec,GEO321+1.p,e1a,balanced,TIMEOUT,177,924.672,164441.818,,,29632,1446913,28673,1405533,,,,,,,,,false,
7425,starexec,GEO321+1.p,e1a,equational,TIMEOUT,177,1710.672,163255.767,,,23079,541476,22745,511117,,,,,,,,,false,
7425,starexec,GEO321+1.p,e1a,first-negative,HARD_TIMEOUT,177,0.000,,,,,,,,,,,,,,,,false,
7425,starexec,GEO321+1.p,e1a,occurrence,TIMEOUT,177,3294.408,163332.684,,,19569,92149,18960,70621,,,,,,,,,false,
7425,starexec,GEO321+1.p,e1a,subsumption-light,TIMEOUT,177,1940.296,164958.893,,,16782,425901,16254,402968,,,,,,,,,false,
7425,starexec,GEO321+1.p,e1a,unary-redundancy,HARD_TIMEOUT,177,0.000,,,,,,,,,,,,,,,,false,
7425,starexec,GEO321+1.p,e1a,weight-greedy,TIMEOUT,177,1895.498,163613.628,,,11115,5100782,9157,4945496,,,,,,,,,false,
7425,starexec,GEO323+1.p,e1a,age-fair,TIMEOUT,179,3619.674,162900.979,,,27027,1835628,26774,1806107,,,,,,,,,false,
7425,starexec,GEO323+1.p,e1a,balanced,TIMEOUT,179,965.743,164466.716,,,27799,1272519,27578,1234956,,,,,,,,,false,
7425,starexec,GEO323+1.p,e1a,equational,TIMEOUT,179,1830.783,163008.144,,,21136,874764,20868,845562,,,,,,,,,false,
7425,starexec,GEO323+1.p,e1a,first-negative,HARD_TIMEOUT,179,0.000,,,,,,,,,,,,,,,,false,
7425,starexec,GEO323+1.p,e1a,occurrence,TIMEOUT,179,3574.316,162972.622,,,18982,76048,18331,56464,,,,,,,,,false,
7425,starexec,GEO323+1.p,e1a,subsumption-light,TIMEOUT,179,1864.668,164723.043,,,17442,567725,17379,544155,,,,,,,,,false,
7425,starexec,GEO323+1.p,e1a,unary-redundancy,HARD_TIMEOUT,179,0.000,,,,,,,,,,,,,,,,false,
7425,starexec,GEO323+1.p,e1a,weight-greedy,HARD_TIMEOUT,179,0.000,,,,,,,,,,,,,,,,false,
7425,starexec,GEO328+1.p,e1a,age-fair,TIMEOUT,185,3636.934,163067.440,,,22391,632168,21537,603137,,,,,,,,,false,
7425,starexec,GEO328+1.p,e1a,balanced,TIMEOUT,185,915.345,164327.283,,,41461,697578,40681,643253,,,,,,,,,false,
7425,starexec,GEO328+1.p,e1a,equational,TIMEOUT,185,1982.179,163176.228,,,29443,350397,28843,319087,,,,,,,,,false,
7425,starexec,GEO328+1.p,e1a,first-negative,HARD_TIMEOUT,185,0.000,,,,,,,,,,,,,,,,false,
7425,starexec,GEO328+1.p,e1a,occurrence,TIMEOUT,185,3665.697,162920.450,,,18860,104116,18572,84169,,,,,,,,,false,
7425,starexec,GEO328+1.p,e1a,subsumption-light,TIMEOUT,185,1910.965,164393.675,,,18390,386559,17595,360987,,,,,,,,,false,
7425,starexec,GEO328+1.p,e1a,unary-redundancy,HARD_TIMEOUT,185,0.000,,,,,,,,,,,,,,,,false,
7425,starexec,GEO328+1.p,e1a,weight-greedy,TIMEOUT,185,1856.524,163166.075,,,15545,6785430,13416,6594284,,,,,,,,,false,
7425,starexec,GEO330+1.p,e1a,age-fair,TIMEOUT,187,2940.173,162542.732,,,24274,765427,23277,733609,,,,,,,,,false,
7425,starexec,GEO330+1.p,e1a,balanced,TIMEOUT,187,664.084,164919.399,,,27545,780541,26966,744358,,,,,,,,,false,
7425,starexec,GEO330+1.p,e1a,equational,TIMEOUT,187,1258.249,164015.898,,,22829,425911,22295,396177,,,,,,,,,false,
7425,starexec,GEO330+1.p,e1a,first-negative,TIMEOUT,187,3042.777,162080.963,,,19796,5905064,19782,5885218,,,,,,,,,false,
7425,starexec,GEO330+1.p,e1a,occurrence,TIMEOUT,187,2898.648,162694.062,,,19951,143269,19548,112645,,,,,,,,,false,
7425,starexec,GEO330+1.p,e1a,subsumption-light,TIMEOUT,187,1290.871,163268.140,,,11472,218630,11091,203103,,,,,,,,,false,
7425,starexec,GEO330+1.p,e1a,unary-redundancy,TIMEOUT,187,2833.238,163452.018,,,12504,230106,12091,213186,,,,,,,,,false,
7425,starexec,GEO330+1.p,e1a,weight-greedy,TIMEOUT,187,1216.566,164017.638,,,14998,5224507,12772,5050442,,,,,,,,,false,
7425,starexec,GEO331+1.p,e1a,age-fair,REFUTED,125,3641.571,91074.792,,,21149,677503,20684,654463,277,,,,,,,,false,
7425,starexec,GEO331+1.p,e1a,balanced,REFUTED,125,929.588,3169.360,,,1185,4372,1146,3157,279,,,,,,,,false,
7425,starexec,GEO331+1.p,e1a,equational,REFUTED,125,2035.154,5744.314,,,1174,4814,1135,3599,279,,,,,,,,false,
7425,starexec,GEO331+1.p,e1a,first-negative,HARD_TIMEOUT,125,0.000,,,,,,,,,,,,,,,,false,
7425,starexec,GEO331+1.p,e1a,occurrence,REFUTED,125,3875.849,29852.883,,,6330,36555,6213,29942,277,,,,,,,,false,
7425,starexec,GEO331+1.p,e1a,subsumption-light,REFUTED,125,1838.235,12943.404,,,1034,3958,996,2847,279,,,,,,,,false,
7425,starexec,GEO331+1.p,e1a,unary-redundancy,REFUTED,125,3568.852,12932.513,,,1013,3506,978,2419,277,,,,,,,,false,
7425,starexec,GEO331+1.p,e1a,weight-greedy,REFUTED,125,1827.412,29864.655,,,5809,367687,4972,340626,279,,,,,,,,false,
7425,starexec,GEO337+1.p,e1a,age-fair,TIMEOUT,129,3292.580,163288.348,,,32878,1353605,31937,1317639,,,,,,,,,false,
7425,starexec,GEO337+1.p,e1a,balanced,TIMEOUT,129,948.181,164508.341,,,34009,703946,33356,657362,,,,,,,,,false,
7425,starexec,GEO337+1.p,e1a,equational,TIMEOUT,129,1993.593,163212.128,,,25326,649277,24830,615904,,,,,,,,,false,
7425,starexec,GEO337+1.p,e1a,first-negative,HARD_TIMEOUT,129,0.000,,,,,,,,,,,,,,,,false,
7425,starexec,GEO337+1.p,e1a,occurrence,TIMEOUT,129,3261.429,163144.386,,,18168,100079,17881,80045,,,,,,,,,false,
7425,starexec,GEO337+1.p,e1a,subsumption-light,TIMEOUT,129,1930.660,164581.876,,,16843,340692,16329,316039,,,,,,,,,false,
7425,starexec,GEO337+1.p,e1a,unary-redundancy,HARD_TIMEOUT,129,0.000,,,,,,,,,,,,,,,,false,
7425,starexec,GEO337+1.p,e1a,weight-greedy,TIMEOUT,129,1747.800,163097.596,,,11157,6739710,8894,6573210,,,,,,,,,false,
7425,starexec,GEO343+1.p,e1a,age-fair,HARD_TIMEOUT,124,0.000,,,,,,,,,,,,,,,,false,
7425,starexec,GEO343+1.p,e1a,balanced,TIMEOUT,124,1025.614,164488.005,,,25914,421009,25746,391557,,,,,,,,,false,
7425,starexec,GEO343+1.p,e1a,equational,TIMEOUT,124,1975.378,163043.323,,,18888,273327,18762,253084,,,,,,,,,false,
7425,starexec,GEO343+1.p,e1a,first-negative,HARD_TIMEOUT,124,0.000,,,,,,,,,,,,,,,,false,
7425,starexec,GEO343+1.p,e1a,occurrence,HARD_TIMEOUT,124,0.000,,,,,,,,,,,,,,,,false,
7425,starexec,GEO343+1.p,e1a,subsumption-light,TIMEOUT,124,2008.280,164679.252,,,13406,205311,13107,187939,,,,,,,,,false,
7425,starexec,GEO343+1.p,e1a,unary-redundancy,HARD_TIMEOUT,124,0.000,,,,,,,,,,,,,,,,false,
7425,starexec,GEO343+1.p,e1a,weight-greedy,TIMEOUT,124,2100.251,163041.175,,,10910,4626054,8774,4449714,,,,,,,,,false,
7425,starexec,GEO349+1.p,e1a,age-fair,TIMEOUT,130,3603.199,163370.825,,,25930,1403760,25496,1375982,,,,,,,,,false,
7425,starexec,GEO349+1.p,e1a,balanced,TIMEOUT,130,956.010,164516.581,,,27749,418189,27227,378516,,,,,,,,,false,
7425,starexec,GEO349+1.p,e1a,equational,TIMEOUT,130,1957.857,163215.669,,,21299,372324,20689,344377,,,,,,,,,false,
7425,starexec,GEO349+1.p,e1a,first-negative,HARD_TIMEOUT,130,0.000,,,,,,,,,,,,,,,,false,
7425,starexec,GEO349+1.p,e1a,occurrence,TIMEOUT,130,3613.016,163195.045,,,19049,271949,18166,242827,,,,,,,,,false,
7425,starexec,GEO349+1.p,e1a,subsumption-light,HARD_TIMEOUT,130,0.000,,,,,,,,,,,,,,,,false,
7425,starexec,GEO349+1.p,e1a,unary-redundancy,HARD_TIMEOUT,130,0.000,,,,,,,,,,,,,,,,false,
7425,starexec,GEO349+1.p,e1a,weight-greedy,TIMEOUT,130,1985.485,163249.933,,,11675,4730843,8192,4646317,,,,,,,,,false,
7425,starexec,GEO351+1.p,e1a,age-fair,TIMEOUT,136,3478.296,163093.548,,,22655,931455,22393,906995,,,,,,,,,false,
7425,starexec,GEO351+1.p,e1a,balanced,TIMEOUT,136,984.964,164469.934,,,27321,606010,26684,570228,,,,,,,,,false,
7425,starexec,GEO351+1.p,e1a,equational,TIMEOUT,136,1908.083,163161.944,,,21254,384995,20817,357301,,,,,,,,,false,
7425,starexec,GEO351+1.p,e1a,first-negative,HARD_TIMEOUT,136,0.000,,,,,,,,,,,,,,,,false,
7425,starexec,GEO351+1.p,e1a,occurrence,TIMEOUT,136,3521.175,163075.799,,,17960,167734,17394,141435,,,,,,,,,false,
7425,starexec,GEO351+1.p,e1a,subsumption-light,TIMEOUT,136,1805.895,164892.267,,,12332,261058,11749,244296,,,,,,,,,false,
7425,starexec,GEO351+1.p,e1a,unary-redundancy,HARD_TIMEOUT,136,0.000,,,,,,,,,,,,,,,,false,
7425,starexec,GEO351+1.p,e1a,weight-greedy,TIMEOUT,136,1911.604,163131.362,,,10156,3926919,7522,3670704,,,,,,,,,false,
7425,starexec,GEO480+1.p,e1a,age-fair,HARD_TIMEOUT,3634,0.000,,,,,,,,,,,,,,,,false,
7425,starexec,GEO480+1.p,e1a,balanced,HARD_TIMEOUT,3634,0.000,,,,,,,,,,,,,,,,false,
7425,starexec,GEO480+1.p,e1a,equational,HARD_TIMEOUT,3634,0.000,,,,,,,,,,,,,,,,false,
7425,starexec,GEO480+1.p,e1a,first-negative,HARD_TIMEOUT,3634,0.000,,,,,,,,,,,,,,,,false,
7425,starexec,GEO480+1.p,e1a,subsumption-light,HARD_TIMEOUT,3634,0.000,,,,,,,,,,,,,,,,false,
7425,starexec,GEO480+1.p,e1a,unary-redundancy,HARD_TIMEOUT,3634,0.000,,,,,,,,,,,,,,,,false,
7425,starexec,GEO480+1.p,e1a,weight-greedy,HARD_TIMEOUT,3634,0.000,,,,,,,,,,,,,,,,false,
7425,starexec,GEO491+1.p,e1a,age-fair,TIMEOUT,44,1472.994,163466.532,,,7088,3846010,6921,3836237,,,,,,,,,false,
7425,starexec,GEO491+1.p,e1a,balanced,TIMEOUT,44,391.853,164775.386,,,20505,6184605,19540,6143378,,,,,,,,,false,
7425,starexec,GEO491+1.p,e1a,equational,TIMEOUT,44,769.163,164383.823,,,15117,3723770,14378,3693982,,,,,,,,,false,
7425,starexec,GEO491+1.p,e1a,first-negative,TIMEOUT,44,1575.452,163279.772,,,20058,6641342,13703,6569383,,,,,,,,,false,
7425,starexec,GEO491+1.p,e1a,occurrence,TIMEOUT,44,1564.941,163587.505,,,20795,3373524,18635,3285591,,,,,,,,,false,
7425,starexec,GEO491+1.p,e1a,subsumption-light,TIMEOUT,44,824.254,163741.577,,,6816,799673,6431,785951,,,,,,,,,false,
7425,starexec,GEO491+1.p,e1a,unary-redundancy,TIMEOUT,44,1486.352,163613.505,,,6314,748926,5937,735540,,,,,,,,,false,
7425,starexec,GEO494+1.p,e1a,age-fair,TIMEOUT,66,1690.380,163507.839,,,7109,3844486,6588,3834824,,,,,,,,,false,
7425,starexec,GEO494+1.p,e1a,balanced,REFUTED,66,428.490,54185.962,,,10342,2779074,9691,2758188,101,,,,,,,,false,
7425,starexec,GEO494+1.p,e1a,equational,TIMEOUT,66,846.157,163528.281,,,12762,4830774,12051,4805101,,,,,,,,,false,
7425,starexec,GEO494+1.p,e1a,first-negative,TIMEOUT,66,1834.257,164159.766,,,23256,6497627,20198,6437171,,,,,,,,,false,
7425,starexec,GEO494+1.p,e1a,occurrence,REFUTED,66,1644.870,75270.987,,,11279,2280438,8848,2234880,101,,,,,,,,false,
7425,starexec,GEO494+1.p,e1a,subsumption-light,TIMEOUT,66,874.916,163752.240,,,5752,1104461,5227,1092901,,,,,,,,,false,
7425,starexec,GEO494+1.p,e1a,unary-redundancy,TIMEOUT,66,1726.760,163899.375,,,5636,1086020,5125,1074626,,,,,,,,,false,
7425,starexec,GEO494+1.p,e1a,weight-greedy,TIMEOUT,66,881.385,163489.891,,,12264,5899648,10669,5732961,,,,,,,,,false,
7425,starexec,GEO498+1.p,e1a,age-fair,REFUTED,109,2071.316,3613.081,,,611,11656,581,10926,162,,,,,,,,false,
7425,starexec,GEO498+1.p,e1a,balanced,REFUTED,109,539.212,691.971,,,75,267,72,182,162,,,,,,,,false,
7425,starexec,GEO498+1.p,e1a,equational,REFUTED,109,1089.611,1299.494,,,100,288,97,175,162,,,,,,,,false,
7425,starexec,GEO498+1.p,e1a,first-negative,REFUTED,109,2276.653,1175.864,,,65,217,61,162,162,,,,,,,,false,
7425,starexec,GEO498+1.p,e1a,occurrence,REFUTED,109,2102.152,1062.518,,,38,183,35,162,162,,,,,,,,false,
7425,starexec,GEO498+1.p,e1a,subsumption-light,REFUTED,109,1091.422,1498.398,,,75,267,72,182,162,,,,,,,,false,
7425,starexec,GEO498+1.p,e1a,unary-redundancy,REFUTED,109,2035.796,1293.984,,,66,240,62,170,162,,,,,,,,false,
7425,starexec,GEO498+1.p,e1a,weight-greedy,REFUTED,109,1075.345,1059.475,,,32,173,30,162,162,,,,,,,,false,
7425,starexec,GEO501+1.p,e1a,age-fair,TIMEOUT,122,2162.831,163358.301,,,12567,4453261,11598,4436468,,,,,,,,,false,
7425,starexec,GEO501+1.p,e1a,balanced,TIMEOUT,122,552.843,164618.143,,,26603,11621589,24644,11563916,,,,,,,,,false,
7425,starexec,GEO501+1.p,e1a,equational,TIMEOUT,122,1123.472,165817.028,,,19302,6608145,18902,6566409,,,,,,,,,false,
7425,starexec,GEO501+1.p,e1a,first-negative,TIMEOUT,122,2536.667,163010.852,,,21551,7294937,16787,7240145,,,,,,,,,false,
7425,starexec,GEO501+1.p,e1a,occurrence,TIMEOUT,122,2079.556,163455.860,,,25384,5856168,22826,5759597,,,,,,,,,false,
7425,starexec,GEO501+1.p,e1a,subsumption-light,TIMEOUT,122,1188.006,163373.911,,,9292,1393768,9049,1375680,,,,,,,,,false,
7425,starexec,GEO501+1.p,e1a,unary-redundancy,TIMEOUT,122,2094.136,163395.780,,,9010,1317622,8786,1299970,,,,,,,,,false,
7425,starexec,GEO501+1.p,e1a,weight-greedy,TIMEOUT,122,1169.618,163250.270,,,23830,4285089,20496,4125611,,,,,,,,,false,
7425,starexec,GEO504+1.p,e1a,age-fair,REFUTED,130,2356.819,44981.194,,,5877,982569,5769,974180,191,,,,,,,,false,
7425,starexec,GEO504+1.p,e1a,balanced,REFUTED,130,644.876,2216.666,,,716,12977,677,11709,191,,,,,,,,false,
7425,starexec,GEO504+1.p,e1a,equational,REFUTED,130,1251.627,8542.564,,,1559,66248,1494,63182,191,,,,,,,,false,
7425,starexec,GEO504+1.p,e1a,first-negative,REFUTED,130,2575.976,3577.485,,,642,9932,609,8727,191,,,,,,,,false,
7425,starexec,GEO504+1.p,e1a,occurrence,REFUTED,130,2308.389,5799.253,,,1072,27919,1027,24212,191,,,,,,,,false,
7425,starexec,GEO504+1.p,e1a,subsumption-light,REFUTED,130,1272.291,6158.971,,,709,12725,672,11457,191,,,,,,,,false,
7425,starexec,GEO504+1.p,e1a,unary-redundancy,REFUTED,130,2439.352,6186.656,,,708,12673,670,11449,191,,,,,,,,false,
7425,starexec,GEO504+1.p,e1a,weight-greedy,REFUTED,130,1225.915,139108.969,,,12802,4692297,12282,4493999,191,,,,,,,,false,
7425,starexec,GEO513+1.p,e1a,age-fair,TIMEOUT,172,2851.221,163227.698,,,14342,3824779,14155,3806275,,,,,,,,,false,
7425,starexec,GEO513+1.p,e1a,balanced,TIMEOUT,172,767.845,164373.767,,,27729,8484150,24846,8427046,,,,,,,,,false,
7425,starexec,GEO513+1.p,e1a,equational,TIMEOUT,172,1454.598,164147.555,,,17714,3955996,16983,3920186,,,,,,,,,false,
7425,starexec,GEO513+1.p,e1a,first-negative,TIMEOUT,172,1962.102,165294.153,,,18609,7310032,16469,7268782,,,,,,,,,false,
7425,starexec,GEO513+1.p,e1a,occurrence,TIMEOUT,172,2904.926,163013.674,,,24694,4150736,22616,4049559,,,,,,,,,false,
7425,starexec,GEO513+1.p,e1a,subsumption-light,TIMEOUT,172,1467.789,163281.418,,,8640,923403,8426,906605,,,,,,,,,false,
7425,starexec,GEO513+1.p,e1a,unary-redundancy,TIMEOUT,172,2721.422,163195.313,,,8781,874917,8531,857651,,,,,,,,,false,
7425,starexec,GEO513+1.p,e1a,weight-greedy,TIMEOUT,172,1550.860,163086.592,,,26352,3421816,21895,3269079,,,,,,,,,false,
7425,starexec,GEO514+1.p,e1a,age-fair,TIMEOUT,173,2656.196,163138.969,,,13950,4013566,13615,3995076,,,,,,,,,false,
7425,starexec,GEO514+1.p,e1a,balanced,TIMEOUT,173,717.529,166748.262,,,21770,7579777,20412,7531107,,,,,,,,,false,
7425,starexec,GEO514+1.p,e1a,equational,TIMEOUT,173,1438.634,163227.218,,,16946,3964600,16507,3929014,,,,,,,,,false,
7425,starexec,GEO514+1.p,e1a,first-negative,TIMEOUT,173,3240.924,162766.336,,,17276,6975204,14727,6934965,,,,,,,,,false,
7425,starexec,GEO514+1.p,e1a,occurrence,TIMEOUT,173,2603.438,163670.894,,,17643,4254303,14054,4179506,,,,,,,,,false,
7425,starexec,GEO514+1.p,e1a,subsumption-light,TIMEOUT,173,1445.912,163412.392,,,7972,952630,7506,935496,,,,,,,,,false,
7425,starexec,GEO514+1.p,e1a,unary-redundancy,TIMEOUT,173,2773.924,163929.594,,,7641,854126,7365,839216,,,,,,,,,false,
7425,starexec,GEO514+1.p,e1a,weight-greedy,TIMEOUT,173,1474.656,163116.268,,,20581,2202665,19715,2035508,,,,,,,,,false,
7425,starexec,GEO517+1.p,e1a,age-fair,TIMEOUT,180,2893.666,163873.107,,,16234,3723317,15964,3702833,,,,,,,,,false,
7425,starexec,GEO517+1.p,e1a,balanced,TIMEOUT,180,770.416,164383.879,,,29208,6256903,28322,6195775,,,,,,,,,false,
7425,starexec,GEO517+1.p,e1a,equational,TIMEOUT,180,1554.313,163122.826,,,20415,3479538,19590,3437458,,,,,,,,,false,
7425,starexec,GEO517+1.p,e1a,first-negative,TIMEOUT,180,1967.350,163877.582,,,15737,13746702,15104,13713070,,,,,,,,,false,
7425,starexec,GEO517+1.p,e1a,occurrence,TIMEOUT,180,2858.406,163048.896,,,22628,4772519,20797,4661951,,,,,,,,,false,
7425,starexec,GEO517+1.p,e1a,subsumption-light,TIMEOUT,180,1521.450,163412.938,,,7512,630458,7282,615350,,,,,,,,,false,
7425,starexec,GEO517+1.p,e1a,unary-redundancy,TIMEOUT,180,2783.935,163401.939,,,7578,628550,7320,613402,,,,,,,,,false,
7425,starexec,GEO517+1.p,e1a,weight-greedy,TIMEOUT,180,1546.243,163144.515,,,24641,5227484,21278,4973587,,,,,,,,,false,
7425,starexec,GEO520+1.p,e1a,age-fair,TIMEOUT,193,2909.467,163090.933,,,12692,3867374,12561,3850472,,,,,,,,,false,
7425,starexec,GEO520+1.p,e1a,balanced,TIMEOUT,193,740.599,164505.832,,,24176,6588507,23605,6542453,,,,,,,,,false,
7425,starexec,GEO520+1.p,e1a,equational,TIMEOUT,193,1526.787,163136.750,,,17410,3660899,16873,3628799,,,,,,,,,false,
7425,starexec,GEO520+1.p,e1a,first-negative,TIMEOUT,193,3253.251,162655.422,,,17945,5227053,16258,5196119,,,,,,,,,false,
7425,starexec,GEO520+1.p,e1a,occurrence,TIMEOUT,193,3166.580,163002.181,,,24096,3123248,21774,3033821,,,,,,,,,false,
7425,starexec,GEO520+1.p,e1a,subsumption-light,TIMEOUT,193,1517.018,163272.286,,,8176,827927,7866,812623,,,,,,,,,false,
7425,starexec,GEO520+1.p,e1a,unary-redundancy,TIMEOUT,193,2942.180,163233.695,,,8281,748915,7935,733799,,,,,,,,,false,
7425,starexec,GEO520+1.p,e1a,weight-greedy,TIMEOUT,193,1612.669,163711.197,,,30012,1661835,27728,1476921,,,,,,,,,false,
7425,starexec,GEO523+1.p,e1a,age-fair,TIMEOUT,200,1616.963,164426.768,,,17766,6442156,17507,6419558,,,,,,,,,false,
7425,starexec,GEO523+1.p,e1a,balanced,TIMEOUT,200,779.934,164401.903,,,19437,7786663,19098,7749709,,,,,,,,,false,
7425,starexec,GEO523+1.p,e1a,equational,TIMEOUT,200,868.311,164398.702,,,19460,7941750,18542,7904534,,,,,,,,,false,
7425,starexec,GEO523+1.p,e1a,first-negative,TIMEOUT,200,1716.821,164133.152,,,17763,10399914,17043,10355584,,,,,,,,,false,
7425,starexec,GEO523+1.p,e1a,occurrence,REFUTED,200,1654.214,1506.329,,,387,2862,369,1877,294,,,,,,,,false,
7425,starexec,GEO523+1.p,e1a,subsumption-light,TIMEOUT,200,905.393,164529.119,,,8402,1477614,8337,1461334,,,,,,,,,false,
7425,starexec,GEO523+1.p,e1a,unary-redundancy,TIMEOUT,200,1647.074,164583.414,,,8384,1490352,8301,1474138,,,,,,,,,false,
7425,starexec,GEO523+1.p,e1a,weight-greedy,REFUTED,200,888.339,1885.170,,,500,6210,481,3555,294,,,,,,,,false,
7425,starexec,GEO526+1.p,e1a,age-fair,TIMEOUT,209,2975.958,162913.473,,,12031,3368284,11828,3353012,,,,,,,,,false,
7425,starexec,GEO526+1.p,e1a,balanced,TIMEOUT,209,769.880,164523.743,,,25087,6126043,24010,6070445,,,,,,,,,false,
7425,starexec,GEO526+1.p,e1a,equational,TIMEOUT,209,1523.839,163071.718,,,19115,3513998,18099,3469844,,,,,,,,,false,
7425,starexec,GEO526+1.p,e1a,first-negative,TIMEOUT,209,3218.682,162809.022,,,17830,5946012,17070,5908546,,,,,,,,,false,
7425,starexec,GEO526+1.p,e1a,occurrence,TIMEOUT,209,2985.059,163136.071,,,25630,3492102,23305,3391790,,,,,,,,,false,
7425,starexec,GEO526+1.p,e1a,subsumption-light,TIMEOUT,209,1576.302,163003.883,,,9373,1051368,8937,1032334,,,,,,,,,false,
7425,starexec,GEO526+1.p,e1a,unary-redundancy,TIMEOUT,209,2991.949,163150.905,,,8574,861782,7908,844240,,,,,,,,,false,
7425,starexec,GEO526+1.p,e1a,weight-greedy,TIMEOUT,209,1474.503,163093.669,,,30798,3674746,26484,3452031,,,,,,,,,false,
7425,starexec,GEO528+1.p,e1a,age-fair,TIMEOUT,212,2951.867,163108.103,,,12755,3698174,12418,3681739,,,,,,,,,false,
7425,starexec,GEO528+1.p,e1a,balanced,REFUTED,212,844.130,66213.770,,,12805,2694880,12042,2660253,307,,,,,,,,false,
7425,starexec,GEO528+1.p,e1a,equational,REFUTED,212,1578.112,116750.775,,,12487,2638800,11896,2604723,307,,,,,,,,false,
7425,starexec,GEO528+1.p,e1a,first-negative,TIMEOUT,212,3364.398,162564.471,,,16130,6776300,14078,6750703,,,,,,,,,false,
7425,starexec,GEO528+1.p,e1a,occurrence,TIMEOUT,212,3052.164,162942.598,,,20688,4394001,18211,4294859,,,,,,,,,false,
7425,starexec,GEO528+1.p,e1a,subsumption-light,TIMEOUT,212,1654.244,163330.337,,,6671,865702,6178,851342,,,,,,,,,false,
7425,starexec,GEO528+1.p,e1a,unary-redundancy,TIMEOUT,212,3159.667,163087.172,,,6663,839093,6155,824943,,,,,,,,,false,
7425,starexec,GEO528+1.p,e1a,weight-greedy,REFUTED,212,1625.133,24750.226,,,7307,563417,6332,502952,307,,,,,,,,false,
7425,starexec,GEO535+1.p,e1a,age-fair,TIMEOUT,227,2079.717,162475.370,,,17358,5612328,17082,5589569,,,,,,,,,false,
7425,starexec,GEO535+1.p,e1a,balanced,HARD_TIMEOUT,227,0.000,,,,,,,,,,,,,,,,false,
7425,starexec,GEO535+1.p,e1a,equational,TIMEOUT,227,1345.674,162676.843,,,23309,8194363,22471,8143094,,,,,,,,,false,
7425,starexec,GEO535+1.p,e1a,first-negative,TIMEOUT,227,2336.477,162227.789,,,24800,7117926,22118,7055230,,,,,,,,,false,
7425,starexec,GEO535+1.p,e1a,occurrence,TIMEOUT,227,2201.729,162731.891,,,33113,7087666,30618,6960711,,,,,,,,,false,
7425,starexec,GEO535+1.p,e1a,subsumption-light,TIMEOUT,227,1416.899,162895.729,,,14217,2655931,13402,2628119,,,,,,,,,false,
7425,starexec,GEO535+1.p,e1a,unary-redundancy,TIMEOUT,227,2168.188,162790.081,,,14273,2691964,13411,2664120,,,,,,,,,false,
7425,starexec,GEO535+1.p,e1a,weight-greedy,TIMEOUT,227,1137.081,162960.932,,,19240,3481400,18103,3356943,,,,,,,,,false,
7425,starexec,GRA005+1.p,e1a,age-fair,REFUTED,17,587.018,1600.142,,,678,4276,665,3512,70,,,,,,,,false,
7425,starexec,GRA005+1.p,e1a,balanced,REFUTED,17,335.303,978.987,,,265,842,255,544,83,,,,,,,,false,
7425,starexec,GRA005+1.p,e1a,equational,REFUTED,17,340.509,814.402,,,200,395,198,172,83,,,,,,,,false,
7425,starexec,GRA005+1.p,e1a,first-negative,REFUTED,17,658.335,1437.950,,,745,4488,731,3615,70,,,,,,,,false,
7425,starexec,GRA005+1.p,e1a,occurrence,REFUTED,17,585.390,804.888,,,208,428,196,176,70,,,,,,,,false,
7425,starexec,GRA005+1.p,e1a,subsumption-light,REFUTED,17,334.275,1062.614,,,264,829,254,531,83,,,,,,,,false,
7425,starexec,GRA005+1.p,e1a,unary-redundancy,REFUTED,17,572.655,905.598,,,210,552,205,318,70,,,,,,,,false,
7425,starexec,GRA005+1.p,e1a,weight-greedy,REFUTED,17,346.820,3954.434,,,673,43952,602,39230,83,,,,,,,,false,
7425,starexec,GRA008+1.p,e1a,age-fair,TIMEOUT,17,1005.254,164009.522,,,31721,2196983,30383,2159017,,,,,,,,,false,
7425,starexec,GRA008+1.p,e1a,balanced,TIMEOUT,17,303.822,164966.169,,,44895,4628124,43294,4546606,,,,,,,,,false,
7425,starexec,GRA008+1.p,e1a,equational,TIMEOUT,17,629.981,164048.298,,,34902,2848688,33516,2787614,,,,,,,,,false,
7425,starexec,GRA008+1.p,e1a,first-negative,TIMEOUT,17,1119.213,165656.429,,,18959,10808573,18736,10778961,,,,,,,,,false,
7425,starexec,GRA008+1.p,e1a,occurrence,TIMEOUT,17,1013.589,164015.379,,,42431,6620785,37473,6507945,,,,,,,,,false,
7425,starexec,GRA008+1.p,e1a,subsumption-light,TIMEOUT,17,625.166,164178.887,,,17076,1019338,16460,990204,,,,,,,,,false,
7425,starexec,GRA008+1.p,e1a,unary-redundancy,TIMEOUT,17,739.495,163796.406,,,23759,1731370,22313,1692126,,,,,,,,,false,
7425,starexec,GRA008+1.p,e1a,weight-greedy,TIMEOUT,17,421.300,164654.091,,,8669,7374898,8439,7354077,,,,,,,,,false,
7425,starexec,GRP652+2.p,e1a,age-fair,KILLED,,0.000,,,,,,,,,,,,,,,,false,killed before finishing
7425,starexec,GRP652+2.p,e1a,balanced,HARD_TIMEOUT,5675,0.000,,,,,,,,,,,,,,,,false,
7425,starexec,GRP652+2.p,e1a,equational,HARD_TIMEOUT,5675,0.000,,,,,,,,,,,,,,,,false,
7425,starexec,GRP652+2.p,e1a,first-negative,HARD_TIMEOUT,5675,0.000,,,,,,,,,,,,,,,,false,
7425,starexec,GRP652+2.p,e1a,occurrence,HARD_TIMEOUT,5675,0.000,,,,,,,,,,,,,,,,false,
7425,starexec,GRP652+2.p,e1a,subsumption-light,HARD_TIMEOUT,5675,0.000,,,,,,,,,,,,,,,,false,
7425,starexec,GRP652+2.p,e1a,unary-redundancy,HARD_TIMEOUT,5675,0.000,,,,,,,,,,,,,,,,false,
7425,starexec,GRP652+2.p,e1a,weight-greedy,TIMEOUT,5675,2728.290,159412.272,,,22295,3742336,21024,3431183,,,,,,,,,false,
7425,starexec,GRP654+1.p,e1a,age-fair,HARD_TIMEOUT,5,0.000,,,,,,,,,,,,,,,,false,
7425,starexec,GRP654+1.p,e1a,balanced,TIMEOUT,5,115.199,165494.123,,,439,1588484,332,1585538,,,,,,,,,false,
7425,starexec,GRP654+1.p,e1a,equational,HARD_TIMEOUT,5,0.000,,,,,,,,,,,,,,,,false,
7425,starexec,GRP654+1.p,e1a,first-negative,TIMEOUT,5,457.530,164879.470,,,561,837005,505,834931,,,,,,,,,false,
7425,starexec,GRP654+1.p,e1a,occurrence,HARD_TIMEOUT,5,0.000,,,,,,,,,,,,,,,,false,
7425,starexec,GRP654+1.p,e1a,subsumption-light,TIMEOUT,5,264.058,165696.436,,,301,790722,256,788910,,,,,,,,,false,
7425,starexec,GRP654+1.p,e1a,unary-redundancy,HARD_TIMEOUT,5,0.000,,,,,,,,,,,,,,,,false,
7425,starexec,GRP654+1.p,e1a,weight-greedy,TIMEOUT,5,255.215,164398.314,,,2505,3450438,1886,3408369,,,,,,,,,false,
7425,starexec,GRP655+3.p,e1a,age-fair,TIMEOUT,5,244.521,165725.625,,,809,2185559,539,2183966,,,,,,,,,false,
7425,starexec,GRP655+3.p,e1a,balanced,TIMEOUT,5,149.167,165439.856,,,1001,2570925,670,2567689,,,,,,,,,false,
7425,starexec,GRP655+3.p,e1a,equational,TIMEOUT,5,165.716,165128.919,,,1054,2567737,614,2564235,,,,,,,,,false,
7425,starexec,GRP655+3.p,e1a,first-negative,TIMEOUT,5,234.305,164959.120,,,944,2405174,647,2402024,,,,,,,,,false,
7425,starexec,GRP655+3.p,e1a,occurrence,TIMEOUT,5,237.750,166551.301,,,1727,4476806,1010,4463694,,,,,,,,,false,
7425,starexec,GRP655+3.p,e1a,subsumption-light,TIMEOUT,5,173.690,165318.690,,,997,2536212,667,2532984,,,,,,,,,false,
7425,starexec,GRP655+3.p,e1a,unary-redundancy,TIMEOUT,5,238.325,165208.416,,,924,2464403,635,2461463,,,,,,,,,false,
7425,starexec,GRP655+3.p,e1a,weight-greedy,TIMEOUT,5,178.309,165169.119,,,2581,7354088,1710,7296371,,,,,,,,,false,
7425,starexec,GRP748+1.p,e1a,age-fair,TIMEOUT,11,565.232,164624.177,,,1048,2526568,837,2524108,,,,,,,,,false,
7425,starexec,GRP748+1.p,e1a,balanced,TIMEOUT,11,112.537,165778.287,,,1484,4438926,1131,4433980,,,,,,,,,false,
7425,starexec,GRP748+1.p,e1a,equational,TIMEOUT,11,357.037,164478.650,,,1196,2586260,963,2582142,,,,,,,,,false,
7425,starexec,GRP748+1.p,e1a,first-negative,TIMEOUT,11,411.770,164637.781,,,1327,3444655,1284,3440755,,,,,,,,,false,
7425,starexec,GRP748+1.p,e1a,occurrence,TIMEOUT,11,524.010,164683.125,,,1438,2781009,1235,2771472,,,,,,,,,false,
7425,starexec,GRP748+1.p,e1a,subsumption-light,TIMEOUT,11,342.478,164300.968,,,1198,2576581,963,2572449,,,,,,,,,false,
7425,starexec,GRP748+1.p,e1a,unary-redundancy,TIMEOUT,11,550.650,164361.599,,,1199,2529180,948,2525038,,,,,,,,,false,
7425,starexec,GRP748+1.p,e1a,weight-greedy,REFUTED,11,237.538,30506.764,,,1733,688365,1183,669986,15,,,,,,,,false,
7425,starexec,HWV051+1.p,e1a,age-fair,HARD_TIMEOUT,724,0.000,,,,,,,,,,,,,,,,false,
7425,starexec,HWV051+1.p,e1a,balanced,TIMEOUT,724,762.689,164330.656,,,52838,232050,50917,147680,,,,,,,,,false,
7425,starexec,HWV051+1.p,e1a,equational,TIMEOUT,724,1783.167,162849.893,,,42242,174882,39299,107816,,,,,,,,,false,
7425,starexec,HWV051+1.p,e1a,first-negative,TIMEOUT,724,3725.020,163709.908,,,43520,158489,39135,77331,,,,,,,,,false,
7425,starexec,HWV051+1.p,e1a,occurrence,HARD_TIMEOUT,724,0.000,,,,,,,,,,,,,,,,false,
7425,starexec,HWV051+1.p,e1a,subsumption-light,TIMEOUT,724,1671.017,163061.165,,,26841,102133,25298,66331,,,,,,,,,false,
7425,starexec,HWV051+1.p,e1a,unary-redundancy,HARD_TIMEOUT,724,0.000,,,,,,,,,,,,,,,,false,
7425,starexec,HWV051+1.p,e1a,weight-greedy,TIMEOUT,724,1832.664,163653.910,,,16216,35397,14016,10581,,,,,,,,,false,
7425,starexec,ITP002+2.p,e1a,age-fair,TIMEOUT,33,1010.429,163728.239,,,15263,1334583,15080,1318608,,,,,,,,,false,
7425,starexec,ITP002+2.p,e1a,balanced,TIMEOUT,33,305.551,164815.053,,,19102,821965,19034,802663,,,,,,,,,false,
7425,starexec,ITP002+2.p,e1a,equational,TIMEOUT,33,639.344,163837.703,,,15659,441277,15591,425398,,,,,,,,,false,
7425,starexec,ITP002+2.p,e1a,first-negative,TIMEOUT,33,1056.461,165281.521,,,8717,8945021,8662,8936297,,,,,,,,,false,
7425,starexec,ITP002+2.p,e1a,occurrence,TIMEOUT,33,971.158,163923.413,,,14123,80342,14083,66185,,,,,,,,,false,
7425,starexec,ITP002+2.p,e1a,subsumption-light,TIMEOUT,33,660.937,163837.371,,,12245,385729,12074,373097,,,,,,,,,false,
7425,starexec,ITP002+2.p,e1a,unary-redundancy,TIMEOUT,33,1058.565,163782.140,,,12688,401874,12524,388855,,,,,,,,,false,
7425,starexec,ITP002+2.p,e1a,weight-greedy,TIMEOUT,33,591.514,163909.406,,,3794,2104729,3630,2066135,,,,,,,,,false,
7425,starexec,ITP004+1.p,e1a,age-fair,TIMEOUT,30,1055.991,163864.696,,,1022,1603660,964,1600730,,,,,,,,,false,
7425,starexec,ITP004+1.p,e1a,balanced,HARD_TIMEOUT,30,0.000,,,,,,,,,,,,,,,,false,
7425,starexec,ITP004+1.p,e1a,equational,TIMEOUT,30,538.661,163877.836,,,2164,4115201,2072,4104299,,,,,,,,,false,
7425,starexec,ITP004+1.p,e1a,first-negative,REFUTED,30,1132.123,54376.663,,,1048,906213,913,898527,56,,,,,,,,false,
7425,starexec,ITP004+1.p,e1a,occurrence,TIMEOUT,30,1033.515,163739.735,,,2371,4414284,2204,4381277,,,,,,,,,false,
7425,starexec,ITP004+1.p,e1a,subsumption-light,TIMEOUT,30,515.292,164009.685,,,1480,1906664,1373,1898956,,,,,,,,,false,
7425,starexec,ITP004+1.p,e1a,unary-redundancy,TIMEOUT,30,1048.316,163687.887,,,1457,1846443,1361,1838135,,,,,,,,,false,
7425,starexec,ITP004+1.p,e1a,weight-greedy,TIMEOUT,30,565.432,163768.159,,,2713,4968692,2419,4881633,,,,,,,,,false,
7425,starexec,ITP004+4.p,e1a,age-fair,HARD_TIMEOUT,3173,0.000,,,,,,,,,,,,,,,,false,
7425,starexec,ITP004+4.p,e1a,balanced,TIMEOUT,3173,2242.758,164429.118,,,7452,6567531,6692,6547237,,,,,,,,,false,
7425,starexec,ITP004+4.p,e1a,equational,TIMEOUT,3173,2835.092,161381.320,,,5982,4064951,5752,4047055,,,,,,,,,false,
7425,starexec,ITP004+4.p,e1a,first-negative,REFUTED,3173,4431.784,1787.825,,,40,560,40,520,524,,,,,,,,false,
7425,starexec,ITP004+4.p,e1a,occurrence,HARD_TIMEOUT,3173,0.000,,,,,,,,,,,,,,,,false,
7425,starexec,ITP004+4.p,e1a,subsumption-light,HARD_TIMEOUT,3173,0.000,,,,,,,,,,,,,,,,false,
7425,starexec,ITP004+4.p,e1a,unary-redundancy,HARD_TIMEOUT,3173,0.000,,,,,,,,,,,,,,,,false,
7425,starexec,ITP006+2.p,e1a,age-fair,TIMEOUT,51,1456.463,163271.204,,,19797,1997878,19426,1974378,,,,,,,,,false,
7425,starexec,ITP006+2.p,e1a,balanced,HARD_TIMEOUT,51,0.000,,,,,,,,,,,,,,,,false,
7425,starexec,ITP006+2.p,e1a,equational,TIMEOUT,51,885.002,163490.812,,,19875,6621247,15642,6587177,,,,,,,,,false,
7425,starexec,ITP006+2.p,e1a,first-negative,TIMEOUT,51,1819.385,163318.998,,,16375,9580203,16359,9563712,,,,,,,,,false,
7425,starexec,ITP006+2.p,e1a,occurrence,REFUTED,51,1481.776,13915.185,,,5774,190681,3220,172196,136,,,,,,,,false,
7425,starexec,ITP006+2.p,e1a,subsumption-light,TIMEOUT,51,851.080,163484.814,,,14268,2518772,11984,2494670,,,,,,,,,false,
7425,starexec,ITP006+2.p,e1a,unary-redundancy,REFUTED,51,1350.135,12341.086,,,3031,55073,2623,49396,136,,,,,,,,false,
7425,starexec,ITP006+2.p,e1a,weight-greedy,REFUTED,51,660.809,1979.603,,,860,2799,842,1372,243,,,,,,,,false,
7425,starexec,ITP006+4.p,e1a,age-fair,HARD_TIMEOUT,5652,0.000,,,,,,,,,,,,,,,,false,
7425,starexec,ITP006+4.p,e1a,balanced,REFUTED,5652,6556.170,5785.518,,,18,10399,18,10382,11553,,,,,,,,false,
7425,starexec,ITP006+4.p,e1a,equational,REFUTED,5652,8916.267,7657.108,,,104,3938,100,3776,4470,,,,,,,,false,
7425,starexec,ITP006+4.p,e1a,first-negative,REFUTED,5652,10237.258,3938.577,,,18,752,18,743,980,,,,,,,,false,
7425,starexec,ITP006+4.p,e1a,occurrence,REFUTED,5652,20009.093,9019.984,,,16,7258,16,7250,7695,,,,,,,,false,
7425,starexec,ITP006+4.p,e1a,subsumption-light,HARD_TIMEOUT,5652,0.000,,,,,,,,,,,,,,,,false,
7425,starexec,ITP006+4.p,e1a,unary-redundancy,REFUTED,5652,18400.065,8193.348,,,18,5967,18,5955,6369,,,,,,,,false,
7425,starexec,ITP006+4.p,e1a,weight-greedy,REFUTED,5652,6958.931,6055.399,,,16,1528,16,1520,2165,,,,,,,,false,
7425,starexec,ITP009+2.p,e1a,age-fair,TIMEOUT,36,1292.209,163722.534,,,11871,2387095,11593,2373274,,,,,,,,,false,
7425,starexec,ITP009+2.p,e1a,balanced,TIMEOUT,36,453.054,164880.335,,,20437,1656261,20236,1630878,,,,,,,,,false,
7425,starexec,ITP009+2.p,e1a,equational,TIMEOUT,36,858.937,163734.520,,,15952,1291994,15881,1272801,,,,,,,,,false,
7425,starexec,ITP009+2.p,e1a,first-negative,TIMEOUT,36,1509.612,165172.618,,,9725,7984045,9702,7974304,,,,,,,,,false,
7425,starexec,ITP009+2.p,e1a,occurrence,TIMEOUT,36,1313.123,163823.775,,,21182,144563,21171,119803,,,,,,,,,false,
7425,starexec,ITP009+2.p,e1a,subsumption-light,TIMEOUT,36,572.072,164643.766,,,10588,577885,10548,565411,,,,,,,,,false,
7425,starexec,ITP009+2.p,e1a,unary-redundancy,TIMEOUT,36,900.085,164542.259,,,11059,665996,11039,652956,,,,,,,,,false,
7425,starexec,ITP009+2.p,e1a,weight-greedy,TIMEOUT,36,628.713,164804.681,,,9333,2491147,9068,2421615,,,,,,,,,false,
7425,starexec,ITP012+4.p,e1a,age-fair,HARD_TIMEOUT,14071,0.000,,,,,,,,,,,,,,,,false,
7425,starexec,ITP012+4.p,e1a,balanced,HARD_TIMEOUT,14071,0.000,,,,,,,,,,,,,,,,false,
7425,starexec,ITP012+4.p,e1a,equational,HARD_TIMEOUT,14071,0.000,,,,,,,,,,,,,,,,false,
7425,starexec,ITP012+4.p,e1a,first-negative,REFUTED,14071,8224.162,18409.493,,,1260,199726,1140,196712,856,,,,,,,,false,
7425,starexec,ITP012+4.p,e1a,occurrence,HARD_TIMEOUT,14071,0.000,,,,,,,,,,,,,,,,false,
7425,starexec,ITP012+4.p,e1a,subsumption-light,HARD_TIMEOUT,14071,0.000,,,,,,,,,,,,,,,,false,
7425,starexec,ITP012+4.p,e1a,unary-redundancy,HARD_TIMEOUT,14071,0.000,,,,,,,,,,,,,,,,false,
7425,starexec,ITP012+4.p,e1a,weight-greedy,HARD_TIMEOUT,14071,0.000,,,,,,,,,,,,,,,,false,
7425,starexec,ITP012+5.p,e1a,age-fair,HARD_TIMEOUT,10256,0.000,,,,,,,,,,,,,,,,false,
7425,starexec,ITP012+5.p,e1a,equational,HARD_TIMEOUT,10256,0.000,,,,,,,,,,,,,,,,false,
7425,starexec,ITP012+5.p,e1a,first-negative,HARD_TIMEOUT,10256,0.000,,,,,,,,,,,,,,,,false,
7425,starexec,ITP012+5.p,e1a,occurrence,HARD_TIMEOUT,10256,0.000,,,,,,,,,,,,,,,,false,
7425,starexec,ITP012+5.p,e1a,subsumption-light,HARD_TIMEOUT,10256,0.000,,,,,,,,,,,,,,,,false,
7425,starexec,ITP012+5.p,e1a,unary-redundancy,HARD_TIMEOUT,10256,0.000,,,,,,,,,,,,,,,,false,
7425,starexec,ITP012+5.p,e1a,weight-greedy,HARD_TIMEOUT,10256,0.000,,,,,,,,,,,,,,,,false,
7425,starexec,ITP013+1.p,e1a,age-fair,TIMEOUT,45,1288.770,163806.420,,,841,1466540,813,1463959,,,,,,,,,false,
7425,starexec,ITP013+1.p,e1a,balanced,TIMEOUT,45,325.632,168220.874,,,1194,2672073,1157,2666941,,,,,,,,,false,
7425,starexec,ITP013+1.p,e1a,equational,TIMEOUT,45,733.954,164955.121,,,1050,1486529,997,1481789,,,,,,,,,false,
7425,starexec,ITP013+1.p,e1a,first-negative,TIMEOUT,45,1416.645,163686.004,,,1432,2445671,1336,2438691,,,,,,,,,false,
7425,starexec,ITP013+1.p,e1a,occurrence,TIMEOUT,45,1279.644,164129.620,,,2329,2018386,2117,2003554,,,,,,,,,false,
7425,starexec,ITP013+1.p,e1a,subsumption-light,TIMEOUT,45,706.730,164966.895,,,1019,1394985,984,1390285,,,,,,,,,false,
7425,starexec,ITP013+1.p,e1a,unary-redundancy,TIMEOUT,45,1344.011,163826.978,,,986,1362573,940,1357993,,,,,,,,,false,
7425,starexec,ITP013+1.p,e1a,weight-greedy,TIMEOUT,45,490.762,164372.832,,,5763,7852576,5399,7755521,,,,,,,,,false,
7425,starexec,ITP018+5.p,e1a,age-fair,HARD_TIMEOUT,16278,0.000,,,,,,,,,,,,,,,,false,
7425,starexec,ITP018+5.p,e1a,equational,HARD_TIMEOUT,16278,0.000,,,,,,,,,,,,,,,,false,
7425,starexec,ITP018+5.p,e1a,first-negative,HARD_TIMEOUT,16278,0.000,,,,,,,,,,,,,,,,false,
7425,starexec,ITP018+5.p,e1a,occurrence,HARD_TIMEOUT,16278,0.000,,,,,,,,,,,,,,,,false,
7425,starexec,ITP018+5.p,e1a,subsumption-light,HARD_TIMEOUT,16278,0.000,,,,,,,,,,,,,,,,false,
7425,starexec,ITP018+5.p,e1a,unary-redundancy,HARD_TIMEOUT,16278,0.000,,,,,,,,,,,,,,,,false,
7425,starexec,ITP018+5.p,e1a,weight-greedy,HARD_TIMEOUT,16278,0.000,,,,,,,,,,,,,,,,false,
7425,starexec,ITP020+2.p,e1a,age-fair,TIMEOUT,62,1831.819,163727.391,,,17746,3211758,16840,3189469,,,,,,,,,false,
7425,starexec,ITP020+2.p,e1a,balanced,REFUTED,62,338.162,23105.160,,,12548,1446868,11135,1422563,293,,,,,,,,false,
7425,starexec,ITP020+2.p,e1a,equational,REFUTED,62,698.552,33859.328,,,10681,1164765,9558,1144163,293,,,,,,,,false,
7425,starexec,ITP020+2.p,e1a,first-negative,TIMEOUT,62,1196.961,164323.426,,,20862,14017609,20542,13996176,,,,,,,,,false,
7425,starexec,ITP020+2.p,e1a,occurrence,TIMEOUT,62,1122.580,164542.086,,,25665,4480803,19387,4404843,,,,,,,,,false,
7425,starexec,ITP020+2.p,e1a,subsumption-light,TIMEOUT,62,679.712,164632.580,,,11070,1156265,10530,1135043,,,,,,,,,false,
7425,starexec,ITP020+2.p,e1a,unary-redundancy,REFUTED,62,1802.109,82233.586,,,6930,800786,6217,788050,175,,,,,,,,false,
7425,starexec,ITP020+2.p,e1a,weight-greedy,REFUTED,62,653.804,17042.903,,,9240,244955,8710,210765,293,,,,,,,,false,
7425,starexec,ITP020+4.p,e1a,age-fair,HARD_TIMEOUT,25152,0.000,,,,,,,,,,,,,,,,false,
7425,starexec,ITP020+4.p,e1a,balanced,HARD_TIMEOUT,25152,0.000,,,,,,,,,,,,,,,,false,
7425,starexec,ITP020+4.p,e1a,equational,HARD_TIMEOUT,25152,0.000,,,,,,,,,,,,,,,,false,
7425,starexec,ITP020+4.p,e1a,first-negative,HARD_TIMEOUT,25152,0.000,,,,,,,,,,,,,,,,false,
7425,starexec,ITP020+4.p,e1a,occurrence,HARD_TIMEOUT,25152,0.000,,,,,,,,,,,,,,,,false,
7425,starexec,ITP020+4.p,e1a,subsumption-light,REFUTED,25152,9016.324,138106.204,,,7564,2866347,7272,2849021,10136,,,,,,,,false,
7425,starexec,ITP020+4.p,e1a,unary-redundancy,HARD_TIMEOUT,25152,0.000,,,,,,,,,,,,,,,,false,
7425,starexec,ITP020+4.p,e1a,weight-greedy,REFUTED,25152,6706.253,16054.884,,,4832,272562,4752,251429,4612,,,,,,,,false,
7425,starexec,ITP023+2.p,e1a,age-fair,TIMEOUT,58,1443.781,163775.406,,,15431,2243983,15217,2227289,,,,,,,,,false,
7425,starexec,ITP023+2.p,e1a,balanced,TIMEOUT,58,428.208,164833.343,,,30410,5848727,27880,5797092,,,,,,,,,false,
7425,starexec,ITP023+2.p,e1a,equational,TIMEOUT,58,876.830,163496.869,,,22835,3551055,21584,3512047,,,,,,,,,false,
7425,starexec,ITP023+2.p,e1a,first-negative,TIMEOUT,58,1735.629,163296.847,,,38854,11942627,33127,11835628,,,,,,,,,false,
7425,starexec,ITP023+2.p,e1a,occurrence,TIMEOUT,58,1489.401,163731.178,,,28458,2181585,26607,2054113,,,,,,,,,false,
7425,starexec,ITP023+2.p,e1a,subsumption-light,REFUTED,58,825.516,3911.832,,,751,5853,661,4791,239,,,,,,,,false,
7425,starexec,ITP023+2.p,e1a,unary-redundancy,REFUTED,58,1421.951,2465.617,,,394,1830,383,1362,103,,,,,,,,false,
7425,starexec,ITP023+2.p,e1a,weight-greedy,REFUTED,58,857.788,5653.104,,,1830,14078,1769,8942,239,,,,,,,,false,
7425,starexec,KLE100+1.p,e1a,age-fair,TIMEOUT,26,589.710,164010.191,,,2087,4686167,1948,4678547,,,,,,,,,false,
7425,starexec,KLE100+1.p,e1a,balanced,TIMEOUT,26,195.371,165107.761,,,3129,7696920,2512,7677492,,,,,,,,,false,
7425,starexec,KLE100+1.p,e1a,equational,TIMEOUT,26,376.617,164161.814,,,2765,4602475,2159,4588525,,,,,,,,,false,
7425,starexec,KLE100+1.p,e1a,first-negative,TIMEOUT,26,704.878,167283.910,,,3147,5588694,2628,5571810,,,,,,,,,false,
7425,starexec,KLE100+1.p,e1a,occurrence,TIMEOUT,26,570.676,164036.704,,,4259,3796461,3060,3753719,,,,,,,,,false,
7425,starexec,KLE100+1.p,e1a,subsumption-light,TIMEOUT,26,409.555,164025.798,,,2646,4420502,2354,4406310,,,,,,,,,false,
7425,starexec,KLE100+1.p,e1a,unary-redundancy,TIMEOUT,26,600.261,164080.357,,,3001,4360953,2530,4345913,,,,,,,,,false,
7425,starexec,KLE100+1.p,e1a,weight-greedy,TIMEOUT,26,266.914,165099.476,,,7049,6905306,5281,6683029,,,,,,,,,false,
7425,starexec,KLE169+1.p,e1a,age-fair,TIMEOUT,17,503.178,164738.492,,,1625,5044715,1540,5037011,,,,,,,,,false,
7425,starexec,KLE169+1.p,e1a,balanced,TIMEOUT,17,147.024,164964.385,,,2433,8904764,2316,8877130,,,,,,,,,false,
7425,starexec,KLE169+1.p,e1a,equational,TIMEOUT,17,305.457,164397.436,,,1856,5148730,1744,5136058,,,,,,,,,false,
7425,starexec,KLE169+1.p,e1a,first-negative,TIMEOUT,17,627.290,163695.339,,,1769,4835104,1703,4822148,,,,,,,,,false,
7425,starexec,KLE169+1.p,e1a,occurrence,TIMEOUT,17,495.928,164126.899,,,2352,5266145,2258,5233058,,,,,,,,,false,
7425,starexec,KLE169+1.p,e1a,subsumption-light,TIMEOUT,17,318.785,164087.613,,,1866,5247657,1771,5234135,,,,,,,,,false,
7425,starexec,KLE169+1.p,e1a,unary-redundancy,TIMEOUT,17,507.865,164208.149,,,1889,5232814,1789,5220158,,,,,,,,,false,
7425,starexec,KLE169+1.p,e1a,weight-greedy,REFUTED,17,324.854,55231.996,,,3552,2556541,3146,2485639,19,,,,,,,,false,
7425,starexec,KLE170+1.002.p,e1a,age-fair,TIMEOUT,16,513.989,164385.795,,,1622,5228446,1526,5220436,,,,,,,,,false,
7425,starexec,KLE170+1.002.p,e1a,balanced,TIMEOUT,16,150.840,165448.392,,,2140,9839338,2024,9817994,,,,,,,,,false,
7425,starexec,KLE170+1.002.p,e1a,equational,TIMEOUT,16,312.196,164549.266,,,1710,5153085,1667,5140469,,,,,,,,,false,
7425,starexec,KLE170+1.002.p,e1a,first-negative,TIMEOUT,16,520.442,163926.186,,,1715,4877328,1647,4864366,,,,,,,,,false,
7425,starexec,KLE170+1.002.p,e1a,occurrence,TIMEOUT,16,506.486,164119.106,,,2171,5395577,2054,5364360,,,,,,,,,false,
7425,starexec,KLE170+1.002.p,e1a,subsumption-light,TIMEOUT,16,330.933,164136.980,,,1692,5167358,1582,5153762,,,,,,,,,false,
7425,starexec,KLE170+1.002.p,e1a,unary-redundancy,TIMEOUT,16,497.360,164320.252,,,1810,5302815,1712,5291277,,,,,,,,,false,
7425,starexec,KLE170+1.002.p,e1a,weight-greedy,TIMEOUT,16,345.950,164092.076,,,5363,7085571,4979,6958363,,,,,,,,,false,
7425,starexec,KRS187+1.p,e1a,age-fair,TIMEOUT,32,713.994,164999.456,,,9050,13123727,8489,13110610,,,,,,,,,false,
7425,starexec,KRS187+1.p,e1a,balanced,TIMEOUT,32,343.637,164984.694,,,12005,16794226,10964,16761284,,,,,,,,,false,
7425,starexec,KRS187+1.p,e1a,equational,TIMEOUT,32,381.203,164970.877,,,11921,16567036,10880,16534254,,,,,,,,,false,
7425,starexec,KRS187+1.p,e1a,first-negative,REFUTED,32,779.981,28214.377,,,6245,1797663,5897,1776621,120,,,,,,,,false,
7425,starexec,KRS187+1.p,e1a,occurrence,TIMEOUT,32,740.904,164937.888,,,11628,13999843,10699,13926411,,,,,,,,,false,
7425,starexec,KRS187+1.p,e1a,subsumption-light,TIMEOUT,32,377.782,165129.291,,,6814,4608368,6287,4589648,,,,,,,,,false,
7425,starexec,KRS187+1.p,e1a,unary-redundancy,TIMEOUT,32,738.321,164979.679,,,6534,4600178,6148,4582614,,,,,,,,,false,
7425,starexec,KRS187+1.p,e1a,weight-greedy,REFUTED,32,387.167,6100.386,,,4171,95989,3817,74575,129,,,,,,,,false,
7425,starexec,KRS190+1.p,e1a,age-fair,TIMEOUT,32,1288.423,164243.223,,,6828,7331571,6394,7322162,,,,,,,,,false,
7425,starexec,KRS190+1.p,e1a,balanced,TIMEOUT,32,348.731,164963.639,,,11027,14215159,9998,14184105,,,,,,,,,false,
7425,starexec,KRS190+1.p,e1a,equational,TIMEOUT,32,659.216,164167.977,,,8526,8352058,7731,8327272,,,,,,,,,false,
7425,starexec,KRS190+1.p,e1a,first-negative,REFUTED,32,1461.977,52253.459,,,6419,1887702,6046,1865904,120,,,,,,,,false,
7425,starexec,KRS190+1.p,e1a,occurrence,TIMEOUT,32,1311.539,164149.920,,,9033,8553283,8247,8496651,,,,,,,,,false,
7425,starexec,KRS190+1.p,e1a,subsumption-light,TIMEOUT,32,701.504,164239.569,,,5856,3399652,5367,3382532,,,,,,,,,false,
7425,starexec,KRS190+1.p,e1a,unary-redundancy,TIMEOUT,32,1374.226,164152.422,,,5431,3255823,5064,3241477,,,,,,,,,false,
7425,starexec,KRS190+1.p,e1a,weight-greedy,REFUTED,32,638.890,10212.913,,,4013,90923,3677,70367,129,,,,,,,,false,
7425,starexec,KRS192+1.p,e1a,age-fair,TIMEOUT,32,1324.576,164086.216,,,6879,7479751,6445,7470283,,,,,,,,,false,
7425,starexec,KRS192+1.p,e1a,balanced,TIMEOUT,32,320.951,164944.876,,,11214,14783917,10180,14752491,,,,,,,,,false,
7425,starexec,KRS192+1.p,e1a,equational,TIMEOUT,32,672.335,164120.296,,,8516,8318219,7721,8293465,,,,,,,,,false,
7425,starexec,KRS192+1.p,e1a,first-negative,TIMEOUT,32,1423.571,163745.829,,,13150,7212508,12450,7172548,,,,,,,,,false,
7425,starexec,KRS192+1.p,e1a,occurrence,TIMEOUT,32,1260.342,164055.972,,,9019,8512301,8233,8455754,,,,,,,,,false,
7425,starexec,KRS192+1.p,e1a,subsumption-light,TIMEOUT,32,681.291,164359.473,,,5866,3414965,5377,3397827,,,,,,,,,false,
7425,starexec,KRS192+1.p,e1a,unary-redundancy,TIMEOUT,32,1362.885,164892.804,,,5440,3273253,5073,3258889,,,,,,,,,false,
7425,starexec,KRS192+1.p,e1a,weight-greedy,TIMEOUT,32,635.249,166743.111,,,26819,4583994,24355,4151835,,,,,,,,,false,
7425,starexec,KRS195+1.p,e1a,age-fair,TIMEOUT,32,891.859,163891.282,,,6799,7251838,6365,7242462,,,,,,,,,false,
7425,starexec,KRS195+1.p,e1a,balanced,TIMEOUT,32,209.778,165331.223,,,11206,14767956,10174,14736542,,,,,,,,,false,
7425,starexec,KRS195+1.p,e1a,equational,TIMEOUT,32,596.662,164259.472,,,8460,8186571,7669,8162071,,,,,,,,,false,
7425,starexec,KRS195+1.p,e1a,first-negative,REFUTED,32,900.955,43141.978,,,6247,1801030,5897,1779873,120,,,,,,,,false,
7425,starexec,KRS195+1.p,e1a,occurrence,HARD_TIMEOUT,32,0.000,,,,,,,,,,,,,,,,false,
7425,starexec,KRS195+1.p,e1a,subsumption-light,TIMEOUT,32,478.291,164582.507,,,5853,3394068,5364,3376954,,,,,,,,,false,
7425,starexec,KRS195+1.p,e1a,unary-redundancy,TIMEOUT,32,859.409,163953.575,,,5351,3168948,4984,3154868,,,,,,,,,false,
7425,starexec,KRS195+1.p,e1a,weight-greedy,REFUTED,32,439.727,6447.538,,,4119,93852,3777,72785,129,,,,,,,,false,
7425,starexec,KRS196+1.p,e1a,age-fair,TIMEOUT,32,994.915,163824.938,,,6786,7232070,6352,7222709,,,,,,,,,false,
7425,starexec,KRS196+1.p,e1a,balanced,TIMEOUT,32,321.205,165040.032,,,11140,14566080,10107,14534798,,,,,,,,,false,
7425,starexec,KRS196+1.p,e1a,equational,TIMEOUT,32,526.564,163878.785,,,8500,8292004,7708,8267298,,,,,,,,,false,
7425,starexec,KRS196+1.p,e1a,first-negative,REFUTED,32,900.797,43785.831,,,6244,1800014,5894,1778863,120,,,,,,,,false,
7425,starexec,KRS196+1.p,e1a,occurrence,TIMEOUT,32,1017.904,163939.910,,,9019,8512301,8233,8455754,,,,,,,,,false,
7425,starexec,KRS196+1.p,e1a,subsumption-light,TIMEOUT,32,572.424,164489.522,,,5853,3394068,5364,3376954,,,,,,,,,false,
7425,starexec,KRS196+1.p,e1a,unary-redundancy,TIMEOUT,32,982.651,163876.725,,,5376,3197538,5009,3183402,,,,,,,,,false,
7425,starexec,KRS196+1.p,e1a,weight-greedy,REFUTED,32,529.344,6165.634,,,4121,94706,3762,73644,129,,,,,,,,false,
7425,starexec,KRS216+1.p,e1a,age-fair,TIMEOUT,32,1308.118,164231.749,,,6852,7404058,6418,7394622,,,,,,,,,false,
7425,starexec,KRS216+1.p,e1a,balanced,TIMEOUT,32,324.488,164994.930,,,11139,14587572,10116,14556268,,,,,,,,,false,
7425,starexec,KRS216+1.p,e1a,equational,TIMEOUT,32,685.326,164090.912,,,8561,8431696,7763,8406796,,,,,,,,,false,
7425,starexec,KRS216+1.p,e1a,occurrence,TIMEOUT,32,1222.834,164005.640,,,9149,8668246,8316,8611129,,,,,,,,,false,
7425,starexec,KRS216+1.p,e1a,subsumption-light,TIMEOUT,32,685.613,164526.038,,,5853,3394068,5364,3376954,,,,,,,,,false,
7425,starexec,KRS216+1.p,e1a,unary-redundancy,TIMEOUT,32,1326.323,164130.932,,,5429,3253373,5062,3239031,,,,,,,,,false,
7425,starexec,KRS216+1.p,e1a,weight-greedy,REFUTED,32,677.337,7800.554,,,2845,59761,2629,46701,129,,,,,,,,false,
7425,starexec,KRS233+1.p,e1a,age-fair,HARD_TIMEOUT,32,0.000,,,,,,,,,,,,,,,,false,
7425,starexec,KRS233+1.p,e1a,balanced,TIMEOUT,32,442.368,165052.763,,,11231,14810237,10199,14778795,,,,,,,,,false,
7425,starexec,KRS233+1.p,e1a,equational,TIMEOUT,32,586.131,164054.266,,,8479,8243403,7688,8218837,,,,,,,,,false,
7425,starexec,KRS233+1.p,e1a,first-negative,TIMEOUT,32,902.555,163525.979,,,15836,9821153,15193,9771055,,,,,,,,,false,
7425,starexec,KRS233+1.p,e1a,occurrence,TIMEOUT,32,1075.719,163953.201,,,8979,8435581,8200,8379239,,,,,,,,,false,
7425,starexec,KRS233+1.p,e1a,subsumption-light,TIMEOUT,32,547.619,163904.866,,,5849,3382670,5360,3365564,,,,,,,,,false,
7425,starexec,KRS233+1.p,e1a,unary-redundancy,TIMEOUT,32,964.954,163805.784,,,5389,3205996,5022,3191834,,,,,,,,,false,
7425,starexec,KRS233+1.p,e1a,weight-greedy,TIMEOUT,32,587.655,166149.610,,,32896,8284206,29806,7713344,,,,,,,,,false,
7425,starexec,KRS234+1.p,e1a,age-fair,HARD_TIMEOUT,32,0.000,,,,,,,,,,,,,,,,false,
7425,starexec,KRS234+1.p,e1a,balanced,TIMEOUT,32,314.364,164927.744,,,12342,17340644,11245,17307364,,,,,,,,,false,
7425,starexec,KRS234+1.p,e1a,equational,TIMEOUT,32,507.562,167175.039,,,8461,8188184,7670,8163682,,,,,,,,,false,
7425,starexec,KRS234+1.p,e1a,first-negative,TIMEOUT,32,883.422,165273.750,,,14014,8178195,13422,8136327,,,,,,,,,false,
7425,starexec,KRS234+1.p,e1a,occurrence,TIMEOUT,32,886.491,163879.327,,,8928,8322819,8190,8267017,,,,,,,,,false,
7425,starexec,KRS234+1.p,e1a,subsumption-light,TIMEOUT,32,487.823,164204.287,,,5846,3374596,5357,3357496,,,,,,,,,false,
7425,starexec,KRS234+1.p,e1a,unary-redundancy,TIMEOUT,32,890.491,164701.394,,,5375,3195970,5008,3181838,,,,,,,,,false,
7425,starexec,KRS234+1.p,e1a,weight-greedy,REFUTED,32,502.420,4909.437,,,2842,59749,2625,46702,129,,,,,,,,false,
7425,starexec,KRS251+1.p,e1a,age-fair,TIMEOUT,32,1024.210,163861.427,,,6866,7450814,6432,7441361,,,,,,,,,false,
7425,starexec,KRS251+1.p,e1a,balanced,TIMEOUT,32,370.609,164900.299,,,11204,14761568,10172,14730158,,,,,,,,,false,
7425,starexec,KRS251+1.p,e1a,equational,TIMEOUT,32,445.385,164724.379,,,8534,8365063,7739,8340259,,,,,,,,,false,
7425,starexec,KRS251+1.p,e1a,first-negative,TIMEOUT,32,853.386,163436.677,,,12851,6996137,12268,6956745,,,,,,,,,false,
7425,starexec,KRS251+1.p,e1a,occurrence,TIMEOUT,32,834.019,165588.689,,,8934,8342976,8196,8287039,,,,,,,,,false,
7425,starexec,KRS251+1.p,e1a,subsumption-light,TIMEOUT,32,554.330,164131.311,,,5848,3379984,5359,3362880,,,,,,,,,false,
7425,starexec,KRS251+1.p,e1a,unary-redundancy,TIMEOUT,32,1006.274,164067.651,,,5333,3151465,4968,3137431,,,,,,,,,false,
7425,starexec,KRS251+1.p,e1a,weight-greedy,TIMEOUT,32,577.822,163803.893,,,26359,3924114,23792,3528007,,,,,,,,,false,
7425,starexec,KRS261+1.p,e1a,age-fair,TIMEOUT,32,1279.768,164207.637,,,6973,7747537,6538,7737912,,,,,,,,,false,
7425,starexec,KRS261+1.p,e1a,balanced,TIMEOUT,32,325.616,165014.556,,,10763,15283627,9995,15251859,,,,,,,,,false,
7425,starexec,KRS261+1.p,e1a,equational,TIMEOUT,32,801.636,164158.010,,,8546,8628706,7916,8603438,,,,,,,,,false,
7425,starexec,KRS261+1.p,e1a,first-negative,TIMEOUT,32,1418.331,163836.344,,,13159,7386963,12573,7346715,,,,,,,,,false,
7425,starexec,KRS261+1.p,e1a,occurrence,TIMEOUT,32,1258.546,164163.394,,,9210,8791702,8377,8734190,,,,,,,,,false,
7425,starexec,KRS261+1.p,e1a,subsumption-light,TIMEOUT,32,638.946,164187.179,,,5890,3461207,5401,3444023,,,,,,,,,false,
7425,starexec,KRS261+1.p,e1a,unary-redundancy,TIMEOUT,32,1290.592,164268.490,,,5545,3389837,5178,3375087,,,,,,,,,false,
7425,starexec,KRS261+1.p,e1a,weight-greedy,TIMEOUT,32,650.693,164197.807,,,28329,5064943,24191,4616974,,,,,,,,,false,
7425,starexec,KRS262+1.p,e1a,age-fair,HARD_TIMEOUT,32,0.000,,,,,,,,,,,,,,,,false,
7425,starexec,KRS262+1.p,e1a,balanced,REFUTED,32,325.421,2438.461,,,700,30564,685,29454,129,,,,,,,,false,
7425,starexec,KRS262+1.p,e1a,equational,REFUTED,32,642.670,4481.288,,,700,30564,685,29454,129,,,,,,,,false,
7425,starexec,KRS262+1.p,e1a,first-negative,REFUTED,32,1332.726,17446.881,,,2820,348932,2783,341558,120,,,,,,,,false,
7425,starexec,KRS262+1.p,e1a,occurrence,REFUTED,32,1199.031,5664.106,,,1077,41354,1054,37606,120,,,,,,,,false,
7425,starexec,KRS262+1.p,e1a,subsumption-light,REFUTED,32,663.268,6253.863,,,703,28706,688,27588,129,,,,,,,,false,
7425,starexec,KRS262+1.p,e1a,unary-redundancy,TIMEOUT,32,1282.432,164162.533,,,5475,3316984,5108,3302470,,,,,,,,,false,
7425,starexec,KRS262+1.p,e1a,weight-greedy,REFUTED,32,641.733,1366.808,,,301,597,301,236,129,,,,,,,,false,
7425,starexec,LAT258+1.p,e1a,age-fair,TIMEOUT,17,618.456,164070.460,,,15276,8070566,14714,8050294,,,,,,,,,false,
7425,starexec,LAT258+1.p,e1a,balanced,TIMEOUT,17,123.611,165292.171,,,30199,19305129,28424,19222171,,,,,,,,,false,
7425,starexec,LAT258+1.p,e1a,equational,TIMEOUT,17,282.999,164739.680,,,18156,10040983,17157,9997645,,,,,,,,,false,
7425,starexec,LAT258+1.p,e1a,first-negative,TIMEOUT,17,655.327,163873.048,,,30383,6725546,30075,6635916,,,,,,,,,false,
7425,starexec,LAT258+1.p,e1a,occurrence,TIMEOUT,17,422.887,165509.406,,,32744,9837703,26786,9571686,,,,,,,,,false,
7425,starexec,LAT258+1.p,e1a,subsumption-light,TIMEOUT,17,284.797,164750.801,,,10904,3915751,10682,3889577,,,,,,,,,false,
7425,starexec,LAT258+1.p,e1a,unary-redundancy,TIMEOUT,17,428.176,164894.836,,,11170,4154550,10941,4127812,,,,,,,,,false,
7425,starexec,LAT258+1.p,e1a,weight-greedy,HARD_TIMEOUT,17,0.000,,,,,,,,,,,,,,,,false,
7425,starexec,LAT287+3.p,e1a,age-fair,HARD_TIMEOUT,12371,0.000,,,,,,,,,,,,,,,,false,
7425,starexec,LAT287+3.p,e1a,balanced,HARD_TIMEOUT,12371,0.000,,,,,,,,,,,,,,,,false,
7425,starexec,LAT287+3.p,e1a,equational,HARD_TIMEOUT,12371,0.000,,,,,,,,,,,,,,,,false,
7425,starexec,LAT287+3.p,e1a,first-negative,SATURATED,12371,5372.234,1428.168,,,177,192,164,74,,,,,,,,,false,
7425,starexec,LAT287+3.p,e1a,occurrence,HARD_TIMEOUT,12371,0.000,,,,,,,,,,,,,,,,false,
7425,starexec,LAT287+3.p,e1a,subsumption-light,HARD_TIMEOUT,12371,0.000,,,,,,,,,,,,,,,,false,
7425,starexec,LAT287+3.p,e1a,unary-redundancy,HARD_TIMEOUT,12371,0.000,,,,,,,,,,,,,,,,false,
7425,starexec,LAT287+3.p,e1a,weight-greedy,HARD_TIMEOUT,12371,0.000,,,,,,,,,,,,,,,,false,
7425,starexec,LAT303+4.p,e1a,age-fair,HARD_TIMEOUT,34684,0.000,,,,,,,,,,,,,,,,false,
7425,starexec,LAT303+4.p,e1a,balanced,HARD_TIMEOUT,34684,0.000,,,,,,,,,,,,,,,,false,
7425,starexec,LAT303+4.p,e1a,equational,HARD_TIMEOUT,34684,0.000,,,,,,,,,,,,,,,,false,
7425,starexec,LAT303+4.p,e1a,first-negative,HARD_TIMEOUT,34684,0.000,,,,,,,,,,,,,,,,false,
7425,starexec,LAT303+4.p,e1a,occurrence,HARD_TIMEOUT,34684,0.000,,,,,,,,,,,,,,,,false,
7425,starexec,LAT303+4.p,e1a,subsumption-light,HARD_TIMEOUT,34684,0.000,,,,,,,,,,,,,,,,false,
7425,starexec,LAT305+3.p,e1a,age-fair,HARD_TIMEOUT,13616,0.000,,,,,,,,,,,,,,,,false,
7425,starexec,LAT305+3.p,e1a,balanced,HARD_TIMEOUT,13616,0.000,,,,,,,,,,,,,,,,false,
7425,starexec,LAT305+3.p,e1a,equational,HARD_TIMEOUT,13616,0.000,,,,,,,,,,,,,,,,false,
7425,starexec,LAT305+3.p,e1a,first-negative,HARD_TIMEOUT,13616,0.000,,,,,,,,,,,,,,,,false,
7425,starexec,LAT305+3.p,e1a,occurrence,HARD_TIMEOUT,13616,0.000,,,,,,,,,,,,,,,,false,
7425,starexec,LAT305+3.p,e1a,subsumption-light,HARD_TIMEOUT,13616,0.000,,,,,,,,,,,,,,,,false,
7425,starexec,LAT305+3.p,e1a,unary-redundancy,HARD_TIMEOUT,13616,0.000,,,,,,,,,,,,,,,,false,
7425,starexec,LAT305+3.p,e1a,weight-greedy,HARD_TIMEOUT,13616,0.000,,,,,,,,,,,,,,,,false,
7425,starexec,LAT351+3.p,e1a,age-fair,HARD_TIMEOUT,17808,0.000,,,,,,,,,,,,,,,,false,
7425,starexec,LAT351+3.p,e1a,balanced,HARD_TIMEOUT,17808,0.000,,,,,,,,,,,,,,,,false,
7425,starexec,LAT351+3.p,e1a,equational,HARD_TIMEOUT,17808,0.000,,,,,,,,,,,,,,,,false,
7425,starexec,LAT351+3.p,e1a,first-negative,HARD_TIMEOUT,17808,0.000,,,,,,,,,,,,,,,,false,
7425,starexec,LAT351+3.p,e1a,occurrence,HARD_TIMEOUT,17808,0.000,,,,,,,,,,,,,,,,false,
7425,starexec,LAT351+3.p,e1a,subsumption-light,HARD_TIMEOUT,17808,0.000,,,,,,,,,,,,,,,,false,
7425,starexec,LAT351+3.p,e1a,unary-redundancy,HARD_TIMEOUT,17808,0.000,,,,,,,,,,,,,,,,false,
7425,starexec,LAT351+3.p,e1a,weight-greedy,HARD_TIMEOUT,17808,0.000,,,,,,,,,,,,,,,,false,
7425,starexec,LCL062+2.p,e1a,age-fair,TIMEOUT,2,471.141,164305.917,,,7377,4749658,6761,4723582,,,,,,,,,false,
7425,starexec,LCL062+2.p,e1a,balanced,TIMEOUT,2,134.601,165063.279,,,10717,10410917,9939,10336791,,,,,,,,,false,
7425,starexec,LCL062+2.p,e1a,equational,TIMEOUT,2,308.653,164319.698,,,7836,6113013,7208,6058199,,,,,,,,,false,
7425,starexec,LCL062+2.p,e1a,first-negative,TIMEOUT,2,467.496,164034.427,,,10600,2589804,10215,2405564,,,,,,,,,false,
7425,starexec,LCL062+2.p,e1a,occurrence,TIMEOUT,2,475.818,164328.350,,,8290,5960814,8016,5816572,,,,,,,,,false,
7425,starexec,LCL062+2.p,e1a,subsumption-light,TIMEOUT,2,318.481,164360.820,,,7795,5338205,7265,5287359,,,,,,,,,false,
7425,starexec,LCL062+2.p,e1a,unary-redundancy,TIMEOUT,2,474.613,164273.238,,,7188,4597146,6707,4550966,,,,,,,,,false,
7425,starexec,LCL062+2.p,e1a,weight-greedy,TIMEOUT,2,304.162,164369.292,,,16637,6376491,16061,5800784,,,,,,,,,false,
7425,starexec,LCL073+1.p,e1a,age-fair,TIMEOUT,2,442.787,164310.407,,,6604,6052201,6144,5957548,,,,,,,,,false,
7425,starexec,LCL073+1.p,e1a,balanced,TIMEOUT,2,140.113,165082.386,,,7401,10876585,6761,10667941,,,,,,,,,false,
7425,starexec,LCL073+1.p,e1a,equational,TIMEOUT,2,270.840,164385.708,,,6094,6963901,5686,6867715,,,,,,,,,false,
7425,starexec,LCL073+1.p,e1a,first-negative,TIMEOUT,2,414.405,164121.793,,,6190,3586556,5199,3217162,,,,,,,,,false,
7425,starexec,LCL073+1.p,e1a,occurrence,TIMEOUT,2,460.312,164280.828,,,6511,7941027,6109,7828140,,,,,,,,,false,
7425,starexec,LCL073+1.p,e1a,subsumption-light,TIMEOUT,2,283.552,164356.319,,,7527,2936178,6847,2743146,,,,,,,,,false,
7425,starexec,LCL073+1.p,e1a,unary-redundancy,TIMEOUT,2,430.074,164427.694,,,7563,3120784,6883,2927680,,,,,,,,,false,
7425,starexec,LCL073+1.p,e1a,weight-greedy,TIMEOUT,2,262.416,164315.536,,,13340,512096,11998,352471,,,,,,,,,false,
7425,starexec,LCL109+1.p,e1a,age-fair,TIMEOUT,5,410.613,164187.031,,,6993,6891765,6658,6878328,,,,,,,,,false,
7425,starexec,LCL109+1.p,e1a,balanced,TIMEOUT,5,118.648,165121.473,,,9072,11387636,8626,11354572,,,,,,,,,false,
7425,starexec,LCL109+1.p,e1a,equational,TIMEOUT,5,265.154,164355.178,,,7145,6905714,6741,6879114,,,,,,,,,false,
7425,starexec,LCL109+1.p,e1a,first-negative,TIMEOUT,5,414.504,163962.775,,,10519,5315931,10380,5187421,,,,,,,,,false,
7425,starexec,LCL109+1.p,e1a,occurrence,TIMEOUT,5,411.683,164249.342,,,7012,7358786,6415,7288404,,,,,,,,,false,
7425,starexec,LCL109+1.p,e1a,subsumption-light,TIMEOUT,5,269.137,164288.644,,,3851,2227367,3661,2213603,,,,,,,,,false,
7425,starexec,LCL109+1.p,e1a,unary-redundancy,TIMEOUT,5,444.312,164244.858,,,3873,2255192,3686,2241370,,,,,,,,,false,
7425,starexec,LCL109+1.p,e1a,weight-greedy,TIMEOUT,5,268.869,164350.176,,,13716,7442490,12563,7060192,,,,,,,,,false,
7425,starexec,LCL368+1.p,e1a,age-fair,TIMEOUT,4,421.774,164288.390,,,7878,5224278,7532,5209500,,,,,,,,,false,
7425,starexec,LCL368+1.p,e1a,balanced,REFUTED,4,127.564,26990.350,,,3993,1560678,3726,1549562,5,,,,,,,,false,
7425,starexec,LCL368+1.p,e1a,equational,REFUTED,4,258.755,68563.386,,,4756,2238247,4457,2224649,5,,,,,,,,false,
7425,starexec,LCL368+1.p,e1a,first-negative,TIMEOUT,4,420.518,164059.388,,,13270,3199433,11800,3079543,,,,,,,,,false,
7425,starexec,LCL368+1.p,e1a,occurrence,REFUTED,4,397.237,12391.706,,,1721,234634,1606,225447,5,,,,,,,,false,
7425,starexec,LCL368+1.p,e1a,subsumption-light,REFUTED,4,235.785,77365.244,,,3964,1556224,3706,1545088,5,,,,,,,,false,
7425,starexec,LCL368+1.p,e1a,unary-redundancy,REFUTED,4,408.072,79674.640,,,3965,1558637,3705,1547505,5,,,,,,,,false,
7425,starexec,LCL368+1.p,e1a,weight-greedy,REFUTED,4,246.163,38994.586,,,10065,1272427,9726,1161282,5,,,,,,,,false,
7425,starexec,LCL368+2.p,e1a,age-fair,TIMEOUT,2,478.404,164199.980,,,7331,4756686,6771,4730533,,,,,,,,,false,
7425,starexec,LCL368+2.p,e1a,balanced,REFUTED,2,148.385,150970.530,,,8841,7431462,8103,7370188,3,,,,,,,,false,
7425,starexec,LCL368+2.p,e1a,equational,HARD_TIMEOUT,2,0.000,,,,,,,,,,,,,,,,false,
7425,starexec,LCL368+2.p,e1a,first-negative,TIMEOUT,2,476.581,163918.148,,,9329,2388200,8968,2218110,,,,,,,,,false,
7425,starexec,LCL368+2.p,e1a,occurrence,REFUTED,2,468.865,57808.572,,,4146,1753670,4032,1691998,3,,,,,,,,false,
7425,starexec,LCL368+2.p,e1a,subsumption-light,TIMEOUT,2,294.239,164309.578,,,7175,4638134,6713,4593578,,,,,,,,,false,
7425,starexec,LCL368+2.p,e1a,unary-redundancy,TIMEOUT,2,470.073,164217.720,,,7215,4691532,6742,4646354,,,,,,,,,false,
7425,starexec,LCL368+2.p,e1a,weight-greedy,TIMEOUT,2,316.097,164331.915,,,15482,4922423,15217,4402646,,,,,,,,,false,
7425,starexec,LCL369+1.p,e1a,age-fair,TIMEOUT,4,409.545,164314.239,,,7694,5116998,7386,5102705,,,,,,,,,false,
7425,starexec,LCL369+1.p,e1a,balanced,HARD_TIMEOUT,4,0.000,,,,,,,,,,,,,,,,false,
7425,starexec,LCL369+1.p,e1a,equational,TIMEOUT,4,233.113,164345.135,,,7930,5283708,7453,5258002,,,,,,,,,false,
7425,starexec,LCL369+1.p,e1a,first-negative,TIMEOUT,4,403.272,164022.412,,,12897,3042306,11441,2928654,,,,,,,,,false,
7425,starexec,LCL369+1.p,e1a,occurrence,TIMEOUT,4,377.191,164319.342,,,7825,5768947,7369,5713995,,,,,,,,,false,
7425,starexec,LCL369+1.p,e1a,subsumption-light,TIMEOUT,4,248.793,164452.201,,,6366,3675804,5997,3654720,,,,,,,,,false,
7425,starexec,LCL369+1.p,e1a,unary-redundancy,TIMEOUT,4,360.297,164307.359,,,6322,3615856,5952,3594958,,,,,,,,,false,
7425,starexec,LCL369+1.p,e1a,weight-greedy,TIMEOUT,4,245.440,164389.188,,,24769,5355611,22654,5077676,,,,,,,,,false,
7425,starexec,LCL369+2.p,e1a,age-fair,TIMEOUT,2,461.481,164336.542,,,7020,4994869,6513,4968150,,,,,,,,,false,
7425,starexec,LCL369+2.p,e1a,balanced,TIMEOUT,2,139.123,165544.040,,,9587,8553457,8668,8485175,,,,,,,,,false,
7425,starexec,LCL369+2.p,e1a,equational,TIMEOUT,2,304.535,164257.616,,,6946,5130120,6427,5080616,,,,,,,,,false,
7425,starexec,LCL369+2.p,e1a,first-negative,TIMEOUT,2,478.393,163979.041,,,9311,2383708,8955,2214241,,,,,,,,,false,
7425,starexec,LCL369+2.p,e1a,occurrence,TIMEOUT,2,301.337,164810.551,,,9191,7461536,8937,7282864,,,,,,,,,false,
7425,starexec,LCL369+2.p,e1a,subsumption-light,TIMEOUT,2,324.479,164304.130,,,6829,4807593,6575,4759963,,,,,,,,,false,
7425,starexec,LCL369+2.p,e1a,unary-redundancy,TIMEOUT,2,489.581,164274.639,,,6833,4815284,6578,4767612,,,,,,,,,false,
7425,starexec,LCL369+2.p,e1a,weight-greedy,TIMEOUT,2,295.185,164269.197,,,16309,4821393,15939,4293460,,,,,,,,,false,
7425,starexec,LCL370+1.p,e1a,age-fair,TIMEOUT,4,402.543,164363.311,,,7745,5158248,7466,5143692,,,,,,,,,false,
7425,starexec,LCL370+1.p,e1a,balanced,HARD_TIMEOUT,4,0.000,,,,,,,,,,,,,,,,false,
7425,starexec,LCL370+1.p,e1a,equational,TIMEOUT,4,256.955,164332.122,,,8104,5278229,7812,5251539,,,,,,,,,false,
7425,starexec,LCL370+1.p,e1a,first-negative,TIMEOUT,4,387.017,163962.323,,,11652,3556664,10367,3451718,,,,,,,,,false,
7425,starexec,LCL370+1.p,e1a,occurrence,REFUTED,4,409.319,13212.136,,,1584,235108,1464,226246,5,,,,,,,,false,
7425,starexec,LCL370+1.p,e1a,subsumption-light,TIMEOUT,4,275.266,164387.273,,,6217,3608809,5917,3589458,,,,,,,,,false,
7425,starexec,LCL370+1.p,e1a,unary-redundancy,TIMEOUT,4,412.453,164318.495,,,6158,3557236,5858,3538120,,,,,,,,,false,
7425,starexec,LCL370+1.p,e1a,weight-greedy,TIMEOUT,4,265.782,164341.976,,,22521,5285734,19603,5008496,,,,,,,,,false,
7425,starexec,LCL372+2.p,e1a,age-fair,TIMEOUT,2,442.635,164372.722,,,7329,4750211,6772,4723950,,,,,,,,,false,
7425,starexec,LCL372+2.p,e1a,balanced,TIMEOUT,2,135.320,165141.207,,,9534,8612671,8682,8542991,,,,,,,,,false,
7425,starexec,LCL372+2.p,e1a,equational,TIMEOUT,2,293.444,164421.921,,,7283,4908679,6826,4861023,,,,,,,,,false,
7425,starexec,LCL372+2.p,e1a,first-negative,TIMEOUT,2,464.846,164023.669,,,9045,2314974,8729,2154712,,,,,,,,,false,
7425,starexec,LCL372+2.p,e1a,occurrence,TIMEOUT,2,432.610,164409.725,,,7444,4826512,7220,4702590,,,,,,,,,false,
7425,starexec,LCL372+2.p,e1a,subsumption-light,TIMEOUT,2,283.619,164462.495,,,7185,4659266,6736,4614684,,,,,,,,,false,
7425,starexec,LCL372+2.p,e1a,unary-redundancy,TIMEOUT,2,453.960,164433.383,,,7199,4680734,6747,4635876,,,,,,,,,false,
7425,starexec,LCL372+2.p,e1a,weight-greedy,TIMEOUT,2,286.956,164417.430,,,16673,4343212,16345,3843512,,,,,,,,,false,
7425,starexec,LCL373+2.p,e1a,age-fair,TIMEOUT,2,474.654,164288.045,,,7242,4663374,6685,4637526,,,,,,,,,false,
7425,starexec,LCL373+2.p,e1a,balanced,TIMEOUT,2,140.698,165124.825,,,9421,8471939,8609,8402747,,,,,,,,,false,
7425,starexec,LCL373+2.p,e1a,equational,TIMEOUT,2,286.557,164363.915,,,7187,4813215,6731,4766005,,,,,,,,,false,
7425,starexec,LCL373+2.p,e1a,first-negative,TIMEOUT,2,453.845,164033.421,,,9092,2331465,8776,2169749,,,,,,,,,false,
7425,starexec,LCL373+2.p,e1a,occurrence,TIMEOUT,2,479.406,164315.670,,,7319,4726392,7129,4603955,,,,,,,,,false,
7425,starexec,LCL373+2.p,e1a,subsumption-light,TIMEOUT,2,274.828,164402.340,,,7172,4703554,6715,4658550,,,,,,,,,false,
7425,starexec,LCL373+2.p,e1a,unary-redundancy,TIMEOUT,2,445.823,164432.634,,,7078,4597763,6634,4553487,,,,,,,,,false,
7425,starexec,LCL373+2.p,e1a,weight-greedy,TIMEOUT,2,292.923,164371.599,,,15604,4370398,15126,3874676,,,,,,,,,false,
7425,starexec,LCL374+1.p,e1a,age-fair,TIMEOUT,4,395.154,164221.784,,,7857,5194829,7536,5180258,,,,,,,,,false,
7425,starexec,LCL374+1.p,e1a,balanced,TIMEOUT,4,103.698,168851.569,,,10559,9266103,10075,9233070,,,,,,,,,false,
7425,starexec,LCL374+1.p,e1a,equational,TIMEOUT,4,262.999,164333.459,,,7982,5380667,7562,5354897,,,,,,,,,false,
7425,starexec,LCL374+1.p,e1a,first-negative,TIMEOUT,4,434.297,164696.498,,,12411,3001951,11215,2885113,,,,,,,,,false,
7425,starexec,LCL374+1.p,e1a,occurrence,TIMEOUT,4,412.406,164259.489,,,8887,7762498,8393,7698016,,,,,,,,,false,
7425,starexec,LCL374+1.p,e1a,subsumption-light,TIMEOUT,4,251.743,164366.906,,,6322,3677081,5983,3655879,,,,,,,,,false,
7425,starexec,LCL374+1.p,e1a,unary-redundancy,TIMEOUT,4,379.983,164324.807,,,6250,3622325,5911,3601381,,,,,,,,,false,
7425,starexec,LCL374+1.p,e1a,weight-greedy,TIMEOUT,4,255.399,164289.104,,,26150,5726992,25565,5400477,,,,,,,,,false,
7425,starexec,LCL375+1.p,e1a,age-fair,TIMEOUT,4,230.947,165148.754,,,9833,8310546,9556,8292483,,,,,,,,,false,
7425,starexec,LCL375+1.p,e1a,balanced,TIMEOUT,4,122.679,165101.464,,,10039,8700283,9620,8669097,,,,,,,,,false,
7425,starexec,LCL375+1.p,e1a,equational,TIMEOUT,4,150.775,165136.952,,,10224,8550251,9850,8518113,,,,,,,,,false,
7425,starexec,LCL375+1.p,e1a,first-negative,TIMEOUT,4,235.030,165078.370,,,14852,5470151,13465,5346497,,,,,,,,,false,
7425,starexec,LCL375+1.p,e1a,occurrence,TIMEOUT,4,222.636,165064.022,,,9887,9662548,9285,9589236,,,,,,,,,false,
7425,starexec,LCL375+1.p,e1a,subsumption-light,TIMEOUT,4,156.881,165124.160,,,8149,5756813,7710,5730329,,,,,,,,,false,
7425,starexec,LCL375+1.p,e1a,unary-redundancy,TIMEOUT,4,228.003,165062.526,,,7967,5506144,7560,5479962,,,,,,,,,false,
7425,starexec,LCL375+1.p,e1a,weight-greedy,TIMEOUT,4,156.841,165090.088,,,28980,9372657,26833,9015911,,,,,,,,,false,
7425,starexec,LCL382+1.p,e1a,age-fair,TIMEOUT,4,360.317,164604.857,,,7624,5027398,7307,5013214,,,,,,,,,false,
7425,starexec,LCL382+1.p,e1a,balanced,TIMEOUT,4,78.675,165416.978,,,10663,9250441,10298,9217213,,,,,,,,,false,
7425,starexec,LCL382+1.p,e1a,equational,REFUTED,4,249.419,138489.888,,,7455,4650226,7175,4625492,5,,,,,,,,false,
7425,starexec,LCL382+1.p,e1a,first-negative,TIMEOUT,4,383.977,163829.297,,,12877,3026721,11480,2912956,,,,,,,,,false,
7425,starexec,LCL382+1.p,e1a,occurrence,REFUTED,4,277.375,7910.424,,,1528,227446,1426,218744,5,,,,,,,,false,
7425,starexec,LCL382+1.p,e1a,subsumption-light,TIMEOUT,4,246.746,164334.954,,,6225,3588672,5954,3569440,,,,,,,,,false,
7425,starexec,LCL382+1.p,e1a,unary-redundancy,TIMEOUT,4,353.596,164285.496,,,6313,3694227,6041,3674611,,,,,,,,,false,
7425,starexec,LCL382+1.p,e1a,weight-greedy,TIMEOUT,4,167.395,164908.153,,,20173,4796221,19481,4520241,,,,,,,,,false,
7425,starexec,LCL382+2.p,e1a,age-fair,TIMEOUT,2,476.434,164569.216,,,7122,4635686,6642,4609919,,,,,,,,,false,
7425,starexec,LCL382+2.p,e1a,balanced,TIMEOUT,2,138.284,165360.397,,,9114,8079813,8444,8012479,,,,,,,,,false,
7425,starexec,LCL382+2.p,e1a,equational,TIMEOUT,2,317.367,164746.779,,,7108,4706741,6667,4660549,,,,,,,,,false,
7425,starexec,LCL382+2.p,e1a,first-negative,TIMEOUT,2,495.495,164203.764,,,8882,2287364,8599,2130566,,,,,,,,,false,
7425,starexec,LCL382+2.p,e1a,occurrence,TIMEOUT,2,472.512,164461.659,,,7192,4628905,6982,4508033,,,,,,,,,false,
7425,starexec,LCL382+2.p,e1a,subsumption-light,TIMEOUT,2,307.731,164634.681,,,6929,4405671,6500,4363207,,,,,,,,,false,
7425,starexec,LCL382+2.p,e1a,unary-redundancy,TIMEOUT,2,489.956,164568.321,,,7012,4490627,6581,4447531,,,,,,,,,false,
7425,starexec,LCL382+2.p,e1a,weight-greedy,TIMEOUT,2,304.368,164575.341,,,14045,3986589,13644,3491768,,,,,,,,,false,
7425,starexec,LCL383+1.p,e1a,age-fair,TIMEOUT,4,376.039,164258.091,,,8010,5308450,7642,5293230,,,,,,,,,false,
7425,starexec,LCL383+1.p,e1a,balanced,TIMEOUT,4,108.829,166858.967,,,10667,9354980,10212,9320920,,,,,,,,,false,
7425,starexec,LCL383+1.p,e1a,equational,TIMEOUT,4,256.758,164377.284,,,8065,5375458,7588,5348284,,,,,,,,,false,
7425,starexec,LCL383+1.p,e1a,first-negative,TIMEOUT,4,361.471,163887.904,,,15042,2932259,13950,2839797,,,,,,,,,false,
7425,starexec,LCL383+1.p,e1a,occurrence,REFUTED,4,359.904,8979.661,,,1900,321693,1760,310686,5,,,,,,,,false,
7425,starexec,LCL383+1.p,e1a,subsumption-light,TIMEOUT,4,225.581,164356.022,,,6476,3800338,6054,3778412,,,,,,,,,false,
7425,starexec,LCL383+1.p,e1a,unary-redundancy,TIMEOUT,4,375.404,164318.354,,,6383,3712364,5974,3691012,,,,,,,,,false,
7425,starexec,LCL383+1.p,e1a,weight-greedy,TIMEOUT,4,249.759,164776.996,,,22842,5239364,21872,4933362,,,,,,,,,false,
7425,starexec,LCL390+2.p,e1a,age-fair,TIMEOUT,2,447.647,164286.982,,,7304,4726674,6749,4700447,,,,,,,,,false,
7425,starexec,LCL390+2.p,e1a,balanced,TIMEOUT,2,137.081,165150.307,,,9463,8548353,8605,8479307,,,,,,,,,false,
7425,starexec,LCL390+2.p,e1a,equational,HARD_TIMEOUT,2,0.000,,,,,,,,,,,,,,,,false,
7425,starexec,LCL390+2.p,e1a,first-negative,TIMEOUT,2,471.651,164006.994,,,8848,2282090,8569,2125783,,,,,,,,,false,
7425,starexec,LCL390+2.p,e1a,occurrence,TIMEOUT,2,459.715,164247.597,,,7293,4710703,7070,4589441,,,,,,,,,false,
7425,starexec,LCL390+2.p,e1a,subsumption-light,TIMEOUT,2,310.724,164372.355,,,7051,4577773,6643,4533471,,,,,,,,,false,
7425,starexec,LCL390+2.p,e1a,unary-redundancy,TIMEOUT,2,436.945,164361.991,,,7036,4564895,6629,4520639,,,,,,,,,false,
7425,starexec,LCL390+2.p,e1a,weight-greedy,TIMEOUT,2,308.057,164333.047,,,14832,4264786,14443,3769846,,,,,,,,,false,
7425,starexec,LCL391+2.p,e1a,age-fair,TIMEOUT,2,436.593,164477.797,,,7252,4792771,6763,4766454,,,,,,,,,false,
7425,starexec,LCL391+2.p,e1a,balanced,TIMEOUT,2,132.407,165146.285,,,9593,8831932,8888,8757864,,,,,,,,,false,
7425,starexec,LCL391+2.p,e1a,equational,HARD_TIMEOUT,2,0.000,,,,,,,,,,,,,,,,false,
7425,starexec,LCL391+2.p,e1a,first-negative,TIMEOUT,2,477.734,163977.852,,,9117,2337434,8798,2174598,,,,,,,,,false,
7425,starexec,LCL391+2.p,e1a,occurrence,TIMEOUT,2,426.052,164423.563,,,7438,4868306,7230,4744454,,,,,,,,,false,
7425,starexec,LCL391+2.p,e1a,subsumption-light,TIMEOUT,2,275.369,164485.798,,,7176,4706778,6722,4661440,,,,,,,,,false,
7425,starexec,LCL391+2.p,e1a,unary-redundancy,TIMEOUT,2,455.706,164398.599,,,7182,4714541,6728,4669189,,,,,,,,,false,
7425,starexec,LCL391+2.p,e1a,weight-greedy,TIMEOUT,2,292.504,164455.654,,,13193,3586170,12831,3124006,,,,,,,,,false,
7425,starexec,LCL392+2.p,e1a,age-fair,TIMEOUT,2,479.946,164309.287,,,7180,4696945,6698,4671083,,,,,,,,,false,
7425,starexec,LCL392+2.p,e1a,balanced,TIMEOUT,2,142.998,165142.675,,,9438,8422842,8577,8354984,,,,,,,,,false,
7425,starexec,LCL392+2.p,e1a,equational,HARD_TIMEOUT,2,0.000,,,,,,,,,,,,,,,,false,
7425,starexec,LCL392+2.p,e1a,first-negative,TIMEOUT,2,462.447,164083.465,,,9166,2349059,8838,2184519,,,,,,,,,false,
7425,starexec,LCL392+2.p,e1a,occurrence,TIMEOUT,2,437.199,164304.229,,,8367,6254246,8101,6101384,,,,,,,,,false,
7425,starexec,LCL392+2.p,e1a,subsumption-light,TIMEOUT,2,278.533,164441.433,,,7147,4634274,6692,4590014,,,,,,,,,false,
7425,starexec,LCL392+2.p,e1a,unary-redundancy,TIMEOUT,2,449.135,164347.592,,,7173,4659714,6717,4615196,,,,,,,,,false,
7425,starexec,LCL392+2.p,e1a,weight-greedy,TIMEOUT,2,295.963,164438.051,,,15881,4498104,15577,3988323,,,,,,,,,false,
7425,starexec,LCL393+1.p,e1a,age-fair,TIMEOUT,4,409.209,164310.455,,,7854,5217301,7529,5202734,,,,,,,,,false,
7425,starexec,LCL393+1.p,e1a,balanced,TIMEOUT,4,119.641,166533.699,,,10524,9283218,10098,9250394,,,,,,,,,false,
7425,starexec,LCL393+1.p,e1a,equational,TIMEOUT,4,255.187,164447.580,,,8080,5447882,7702,5421840,,,,,,,,,false,
7425,starexec,LCL393+1.p,e1a,first-negative,TIMEOUT,4,427.782,164038.595,,,12691,3007007,11245,2895051,,,,,,,,,false,
7425,starexec,LCL393+1.p,e1a,occurrence,TIMEOUT,4,399.220,164334.547,,,7694,5861336,7243,5806309,,,,,,,,,false,
7425,starexec,LCL393+1.p,e1a,subsumption-light,TIMEOUT,4,247.159,164400.655,,,6173,3585743,5889,3566121,,,,,,,,,false,
7425,starexec,LCL393+1.p,e1a,unary-redundancy,TIMEOUT,4,404.210,164419.680,,,6183,3581874,5901,3562222,,,,,,,,,false,
7425,starexec,LCL393+1.p,e1a,weight-greedy,TIMEOUT,4,246.893,164344.646,,,22237,5592439,21488,5320454,,,,,,,,,false,
7425,starexec,LCL393+2.p,e1a,age-fair,TIMEOUT,2,479.555,164309.739,,,6983,4957722,6476,4931042,,,,,,,,,false,
7425,starexec,LCL393+2.p,e1a,balanced,TIMEOUT,2,146.353,165117.346,,,9587,8601369,8650,8532781,,,,,,,,,false,
7425,starexec,LCL393+2.p,e1a,equational,TIMEOUT,2,266.119,164728.095,,,6844,5026543,6338,4977617,,,,,,,,,false,
7425,starexec,LCL393+2.p,e1a,first-negative,TIMEOUT,2,367.180,163848.821,,,9238,2366777,8896,2199721,,,,,,,,,false,
7425,starexec,LCL393+2.p,e1a,occurrence,TIMEOUT,2,470.719,164266.925,,,9006,7180869,8744,7006677,,,,,,,,,false,
7425,starexec,LCL393+2.p,e1a,subsumption-light,TIMEOUT,2,270.928,164337.315,,,6700,4696435,6460,4649551,,,,,,,,,false,
7425,starexec,LCL393+2.p,e1a,unary-redundancy,TIMEOUT,2,415.298,164275.323,,,6745,4741017,6499,4693703,,,,,,,,,false,
7425,starexec,LCL393+2.p,e1a,weight-greedy,TIMEOUT,2,288.943,164344.022,,,15455,4542942,15153,4039213,,,,,,,,,false,
7425,starexec,LCL395+1.p,e1a,age-fair,TIMEOUT,4,406.537,164254.839,,,7740,5131085,7418,5116698,,,,,,,,,false,
7425,starexec,LCL395+1.p,e1a,balanced,TIMEOUT,4,71.034,165391.041,,,10874,10056733,10442,10022163,,,,,,,,,false,
7425,starexec,LCL395+1.p,e1a,equational,TIMEOUT,4,252.683,164272.563,,,7912,5323033,7452,5296255,,,,,,,,,false,
7425,starexec,LCL395+1.p,e1a,first-negative,TIMEOUT,4,469.662,164373.542,,,12370,3000918,11100,2883884,,,,,,,,,false,
7425,starexec,LCL395+1.p,e1a,subsumption-light,TIMEOUT,4,250.735,164326.713,,,6489,3800457,6078,3778461,,,,,,,,,false,
7425,starexec,LCL395+1.p,e1a,unary-redundancy,TIMEOUT,4,394.001,164356.679,,,6492,3805650,6081,3783622,,,,,,,,,false,
7425,starexec,LCL395+1.p,e1a,weight-greedy,TIMEOUT,4,174.595,165290.228,,,24706,5824277,23969,5508551,,,,,,,,,false,
7425,starexec,LCL395+2.p,e1a,age-fair,TIMEOUT,2,462.398,164373.891,,,7020,4896302,6418,4869934,,,,,,,,,false,
7425,starexec,LCL395+2.p,e1a,balanced,TIMEOUT,2,150.175,165144.562,,,9528,8613744,8686,8544740,,,,,,,,,false,
7425,starexec,LCL395+2.p,e1a,equational,TIMEOUT,2,292.612,164359.614,,,6860,5066122,6374,5016944,,,,,,,,,false,
7425,starexec,LCL395+2.p,e1a,first-negative,TIMEOUT,2,429.604,164043.979,,,9058,2319138,8742,2158432,,,,,,,,,false,
7425,starexec,LCL395+2.p,e1a,occurrence,TIMEOUT,2,462.356,164386.813,,,7377,4872207,7204,4757120,,,,,,,,,false,
7425,starexec,LCL395+2.p,e1a,subsumption-light,HARD_TIMEOUT,2,0.000,,,,,,,,,,,,,,,,false,
7425,starexec,LCL395+2.p,e1a,unary-redundancy,TIMEOUT,2,471.499,167594.778,,,6848,4821962,6594,4774402,,,,,,,,,false,
7425,starexec,LCL395+2.p,e1a,weight-greedy,TIMEOUT,2,306.604,164414.535,,,15481,4865621,14962,4341594,,,,,,,,,false,
7425,starexec,LCL484+1.p,e1a,age-fair,REFUTED,44,926.138,1533.744,,,123,793,90,666,74,,,,,,,,false,
7425,starexec,LCL484+1.p,e1a,balanced,REFUTED,44,237.563,661.923,,,119,264,108,138,74,,,,,,,,false,
7425,starexec,LCL484+1.p,e1a,equational,REFUTED,44,459.171,1184.159,,,129,323,117,185,74,,,,,,,,false,
7425,starexec,LCL484+1.p,e1a,first-negative,REFUTED,44,1028.987,976.876,,,65,91,56,74,74,,,,,,,,false,
7425,starexec,LCL484+1.p,e1a,occurrence,REFUTED,44,872.038,887.276,,,68,110,63,74,74,,,,,,,,false,
7425,starexec,LCL484+1.p,e1a,subsumption-light,REFUTED,44,480.029,1007.951,,,81,152,70,74,74,,,,,,,,false,
7425,starexec,LCL484+1.p,e1a,unary-redundancy,REFUTED,44,965.688,1044.589,,,81,152,70,74,74,,,,,,,,false,
7425,starexec,LCL484+1.p,e1a,weight-greedy,REFUTED,44,466.476,868.939,,,60,105,56,74,74,,,,,,,,false,
7425,starexec,LCL556+1.p,e1a,age-fair,HARD_TIMEOUT,76,0.000,,,,,,,,,,,,,,,,false,
7425,starexec,LCL556+1.p,e1a,balanced,TIMEOUT,76,317.497,164822.609,,,22057,8644888,16996,8580596,,,,,,,,,false,
7425,starexec,LCL556+1.p,e1a,equational,TIMEOUT,76,651.391,163880.713,,,19889,5591254,17246,5528080,,,,,,,,,false,
7425,starexec,LCL556+1.p,e1a,first-negative,TIMEOUT,76,1415.961,165667.128,,,6752,4440817,6164,4415985,,,,,,,,,false,
7425,starexec,LCL556+1.p,e1a,occurrence,TIMEOUT,76,1317.011,163990.498,,,14627,5169844,11201,5098722,,,,,,,,,false,
7425,starexec,LCL556+1.p,e1a,subsumption-light,TIMEOUT,76,667.613,163941.852,,,14354,4178336,10289,4136396,,,,,,,,,false,
7425,starexec,LCL556+1.p,e1a,unary-redundancy,TIMEOUT,76,1387.610,164160.092,,,11137,3892218,7690,3863694,,,,,,,,,false,
7425,starexec,LCL556+1.p,e1a,weight-greedy,TIMEOUT,76,654.801,163802.467,,,11461,4655403,10241,4554251,,,,,,,,,false,
7425,starexec,LCL638+1.020.p,e1a,age-fair,HARD_TIMEOUT,0,0.000,,,,,,,,,,,,,,,,false,
7425,starexec,LCL638+1.020.p,e1a,balanced,TIMEOUT,0,763.712,166542.512,,,618,3235,618,2617,,,,,,,,,false,
7425,starexec,LCL638+1.020.p,e1a,equational,HARD_TIMEOUT,0,0.000,,,,,,,,,,,,,,,,false,
7425,starexec,LCL638+1.020.p,e1a,first-negative,HARD_TIMEOUT,0,0.000,,,,,,,,,,,,,,,,false,
7425,starexec,LCL638+1.020.p,e1a,occurrence,HARD_TIMEOUT,0,0.000,,,,,,,,,,,,,,,,false,
7425,starexec,LCL638+1.020.p,e1a,subsumption-light,HARD_TIMEOUT,0,0.000,,,,,,,,,,,,,,,,false,
7425,starexec,LCL638+1.020.p,e1a,unary-redundancy,HARD_TIMEOUT,0,0.000,,,,,,,,,,,,,,,,false,
7425,starexec,LCL638+1.020.p,e1a,weight-greedy,HARD_TIMEOUT,0,0.000,,,,,,,,,,,,,,,,false,
7425,starexec,LCL646+1.010.p,e1a,equational,TIMEOUT,0,1524.890,163367.682,,,53282,3890658,53282,3837377,,,,,,,,,false,
7425,starexec,LCL646+1.010.p,e1a,first-negative,HARD_TIMEOUT,0,0.000,,,,,,,,,,,,,,,,false,
7425,starexec,LCL646+1.010.p,e1a,occurrence,HARD_TIMEOUT,0,0.000,,,,,,,,,,,,,,,,false,
7425,starexec,LCL646+1.010.p,e1a,subsumption-light,TIMEOUT,0,1634.017,164836.045,,,11688,1019872,11688,1008184,,,,,,,,,false,
7425,starexec,LCL646+1.010.p,e1a,unary-redundancy,HARD_TIMEOUT,0,0.000,,,,,,,,,,,,,,,,false,
7425,starexec,LCL646+1.010.p,e1a,weight-greedy,TIMEOUT,0,1432.037,163425.140,,,20114,2795494,20114,2775380,,,,,,,,,false,
7425,starexec,LCL646+1.015.p,e1a,age-fair,HARD_TIMEOUT,0,0.000,,,,,,,,,,,,,,,,false,
7425,starexec,LCL646+1.015.p,e1a,balanced,TIMEOUT,0,1191.013,164513.485,,,55031,3873169,55031,3818137,,,,,,,,,false,
7425,starexec,LCL646+1.015.p,e1a,equational,TIMEOUT,0,1545.065,163820.577,,,40825,3043781,40825,3002955,,,,,,,,,false,
7425,starexec,LCL646+1.015.p,e1a,first-negative,HARD_TIMEOUT,0,0.000,,,,,,,,,,,,,,,,false,
7425,starexec,LCL646+1.015.p,e1a,occurrence,HARD_TIMEOUT,0,0.000,,,,,,,,,,,,,,,,false,
7425,starexec,LCL646+1.015.p,e1a,subsumption-light,HARD_TIMEOUT,0,0.000,,,,,,,,,,,,,,,,false,
7425,starexec,LCL646+1.015.p,e1a,unary-redundancy,HARD_TIMEOUT,0,0.000,,,,,,,,,,,,,,,,false,
7425,starexec,LCL646+1.015.p,e1a,weight-greedy,TIMEOUT,0,1452.178,164207.350,,,3333,644920,3333,641586,,,,,,,,,false,
7425,starexec,LCL648+1.010.p,e1a,age-fair,HARD_TIMEOUT,0,0.000,,,,,,,,,,,,,,,,false,
7425,starexec,LCL648+1.010.p,e1a,balanced,TIMEOUT,0,531.207,165161.261,,,5202,717680,5078,712428,,,,,,,,,false,
7425,starexec,LCL648+1.010.p,e1a,equational,TIMEOUT,0,1021.828,164791.872,,,4047,419183,4012,415089,,,,,,,,,false,
7425,starexec,LCL648+1.010.p,e1a,first-negative,HARD_TIMEOUT,0,0.000,,,,,,,,,,,,,,,,false,
7425,starexec,LCL648+1.010.p,e1a,occurrence,HARD_TIMEOUT,0,0.000,,,,,,,,,,,,,,,,false,
7425,starexec,LCL648+1.010.p,e1a,subsumption-light,HARD_TIMEOUT,0,0.000,,,,,,,,,,,,,,,,false,
7425,starexec,LCL648+1.010.p,e1a,unary-redundancy,HARD_TIMEOUT,0,0.000,,,,,,,,,,,,,,,,false,
7425,starexec,LCL648+1.010.p,e1a,weight-greedy,TIMEOUT,0,1065.106,165509.972,,,13475,619447,13196,602836,,,,,,,,,false,
7425,starexec,LCL650+1.010.p,e1a,age-fair,HARD_TIMEOUT,0,0.000,,,,,,,,,,,,,,,,false,
7425,starexec,LCL650+1.010.p,e1a,balanced,TIMEOUT,0,564.418,165000.842,,,5251,101868,5168,96610,,,,,,,,,false,
7425,starexec,LCL650+1.010.p,e1a,equational,TIMEOUT,0,1049.904,167274.352,,,5113,99740,5030,94620,,,,,,,,,false,
7425,starexec,LCL650+1.010.p,e1a,first-negative,HARD_TIMEOUT,0,0.000,,,,,,,,,,,,,,,,false,
7425,starexec,LCL650+1.010.p,e1a,occurrence,HARD_TIMEOUT,0,0.000,,,,,,,,,,,,,,,,false,
7425,starexec,LCL650+1.010.p,e1a,subsumption-light,HARD_TIMEOUT,0,0.000,,,,,,,,,,,,,,,,false,
7425,starexec,LCL650+1.010.p,e1a,unary-redundancy,HARD_TIMEOUT,0,0.000,,,,,,,,,,,,,,,,false,
7425,starexec,LCL650+1.010.p,e1a,weight-greedy,TIMEOUT,0,1055.634,166441.775,,,43953,436098,43361,391488,,,,,,,,,false,
7425,starexec,LCL652+1.010.p,e1a,age-fair,TIMEOUT,0,2367.964,163643.817,,,33090,7870389,30819,7831205,,,,,,,,,false,
7425,starexec,LCL652+1.010.p,e1a,balanced,TIMEOUT,0,485.712,164798.878,,,56291,8314931,53085,8245239,,,,,,,,,false,
7425,starexec,LCL652+1.010.p,e1a,equational,TIMEOUT,0,955.054,163534.296,,,44062,4374304,41569,4320721,,,,,,,,,false,
7425,starexec,LCL652+1.010.p,e1a,first-negative,TIMEOUT,0,2665.819,163164.592,,,31080,6629958,28449,6596601,,,,,,,,,false,
7425,starexec,LCL652+1.010.p,e1a,occurrence,TIMEOUT,0,2490.616,163763.165,,,49890,5912079,47979,5855707,,,,,,,,,false,
7425,starexec,LCL652+1.010.p,e1a,subsumption-light,TIMEOUT,0,1101.134,163687.647,,,21578,1549546,20006,1525092,,,,,,,,,false,
7425,starexec,LCL652+1.010.p,e1a,unary-redundancy,TIMEOUT,0,2392.284,163837.983,,,20070,1856103,18580,1833269,,,,,,,,,false,
7425,starexec,LCL652+1.010.p,e1a,weight-greedy,TIMEOUT,0,958.573,163628.261,,,55346,1497184,46966,1418375,,,,,,,,,false,
7425,starexec,LCL662+1.020.p,e1a,age-fair,EXHAUSTED,1,131.535,0.000,,,0,0,0,0,,,,,,,,,false,StackOverflowError:  at Syntax$Expression.betaNormalForm$:269
7425,starexec,LCL662+1.020.p,e1a,balanced,HARD_TIMEOUT,1,0.000,,,,,,,,,,,,,,,,false,
7425,starexec,LCL662+1.020.p,e1a,equational,HARD_TIMEOUT,1,0.000,,,,,,,,,,,,,,,,false,
7425,starexec,LCL662+1.020.p,e1a,first-negative,EXHAUSTED,1,132.386,0.000,,,0,0,0,0,,,,,,,,,false,StackOverflowError:  at Syntax$Expression.lisa$kernel$fol$Syntax$Expression$$x$1:269
7425,starexec,LCL662+1.020.p,e1a,occurrence,EXHAUSTED,1,135.667,0.000,,,0,0,0,0,,,,,,,,,false,StackOverflowError:  at Syntax$Expression.lisa$kernel$fol$Syntax$Expression$$x$1:269
7425,starexec,LCL662+1.020.p,e1a,subsumption-light,HARD_TIMEOUT,1,0.000,,,,,,,,,,,,,,,,false,
7425,starexec,LCL662+1.020.p,e1a,unary-redundancy,EXHAUSTED,1,132.307,0.000,,,0,0,0,0,,,,,,,,,false,StackOverflowError:  at Syntax$Expression.isBetaNormal$:269
7425,starexec,LCL662+1.020.p,e1a,weight-greedy,HARD_TIMEOUT,1,0.000,,,,,,,,,,,,,,,,false,
7425,starexec,LCL664+1.010.p,e1a,balanced,TIMEOUT,1,836.655,164316.976,,,47012,10592297,22831,10528066,,,,,,,,,false,
7425,starexec,LCL664+1.010.p,e1a,equational,TIMEOUT,1,1514.317,162902.293,,,31617,7032475,14206,6989784,,,,,,,,,false,
7425,starexec,LCL664+1.010.p,e1a,subsumption-light,TIMEOUT,1,1468.574,163777.336,,,6249,1122380,3521,1115467,,,,,,,,,false,
7425,starexec,LCL664+1.010.p,e1a,unary-redundancy,HARD_TIMEOUT,1,0.000,,,,,,,,,,,,,,,,false,
7425,starexec,LCL664+1.010.p,e1a,weight-greedy,TIMEOUT,1,1198.519,162699.582,,,41244,1549416,29038,1449611,,,,,,,,,false,
7425,starexec,LCL666+1.010.p,e1a,age-fair,HARD_TIMEOUT,1,0.000,,,,,,,,,,,,,,,,false,
7425,starexec,LCL666+1.010.p,e1a,balanced,TIMEOUT,1,534.704,166852.337,,,5088,656208,5020,651092,,,,,,,,,false,
7425,starexec,LCL666+1.010.p,e1a,equational,TIMEOUT,1,1026.655,164378.343,,,4089,420325,4037,416215,,,,,,,,,false,
7425,starexec,LCL666+1.010.p,e1a,first-negative,HARD_TIMEOUT,1,0.000,,,,,,,,,,,,,,,,false,
7425,starexec,LCL666+1.010.p,e1a,occurrence,HARD_TIMEOUT,1,0.000,,,,,,,,,,,,,,,,false,
7425,starexec,LCL666+1.010.p,e1a,subsumption-light,HARD_TIMEOUT,1,0.000,,,,,,,,,,,,,,,,false,
7425,starexec,LCL666+1.010.p,e1a,unary-redundancy,HARD_TIMEOUT,1,0.000,,,,,,,,,,,,,,,,false,
7425,starexec,LCL666+1.010.p,e1a,weight-greedy,TIMEOUT,1,1037.947,165466.793,,,12944,1263739,12468,1248199,,,,,,,,,false,
7425,starexec,LCL688+1.001.p,e1a,age-fair,REFUTED,2,436.999,163683.857,,,22750,4173323,21089,4126270,28,,,,,,,,false,
7425,starexec,LCL688+1.001.p,e1a,balanced,REFUTED,2,126.876,11946.126,,,12405,682043,11595,656163,28,,,,,,,,false,
7425,starexec,LCL688+1.001.p,e1a,equational,REFUTED,2,280.248,12621.626,,,7848,368716,7196,352502,28,,,,,,,,false,
7425,starexec,LCL688+1.001.p,e1a,first-negative,REFUTED,2,503.935,2631.395,,,1847,19883,1747,16650,28,,,,,,,,false,
7425,starexec,LCL688+1.001.p,e1a,occurrence,REFUTED,2,473.523,6245.027,,,4155,70906,3883,61207,28,,,,,,,,false,
7425,starexec,LCL688+1.001.p,e1a,subsumption-light,REFUTED,2,289.579,11763.352,,,4679,135043,3910,124656,28,,,,,,,,false,
7425,starexec,LCL688+1.001.p,e1a,unary-redundancy,REFUTED,2,464.921,4625.915,,,1653,28795,1487,25735,28,,,,,,,,false,
7425,starexec,LCL688+1.001.p,e1a,weight-greedy,REFUTED,2,316.080,4268.691,,,2780,49115,2263,43220,28,,,,,,,,false,
7425,starexec,LCL688+1.015.p,e1a,age-fair,HARD_TIMEOUT,2,0.000,,,,,,,,,,,,,,,,false,
7425,starexec,LCL688+1.015.p,e1a,balanced,TIMEOUT,2,629.615,164563.467,,,34076,13415132,23152,13357096,,,,,,,,,false,
7425,starexec,LCL688+1.015.p,e1a,equational,TIMEOUT,2,1212.629,163225.847,,,25321,8499324,20024,8461724,,,,,,,,,false,
7425,starexec,LCL688+1.015.p,e1a,first-negative,HARD_TIMEOUT,2,0.000,,,,,,,,,,,,,,,,false,
7425,starexec,LCL688+1.015.p,e1a,occurrence,HARD_TIMEOUT,2,0.000,,,,,,,,,,,,,,,,false,
7425,starexec,LCL688+1.015.p,e1a,subsumption-light,TIMEOUT,2,1184.432,163321.315,,,17923,4854465,17241,4829031,,,,,,,,,false,
7425,starexec,LCL688+1.015.p,e1a,unary-redundancy,HARD_TIMEOUT,2,0.000,,,,,,,,,,,,,,,,false,
7425,starexec,LCL688+1.015.p,e1a,weight-greedy,HARD_TIMEOUT,2,0.000,,,,,,,,,,,,,,,,false,
7425,starexec,LCL891+1.p,e1a,age-fair,TIMEOUT,12,511.552,165304.116,,,1375,4432119,1349,4427925,,,,,,,,,false,
7425,starexec,LCL891+1.p,e1a,balanced,TIMEOUT,12,108.815,166455.256,,,2256,9267385,2077,9258697,,,,,,,,,false,
7425,starexec,LCL891+1.p,e1a,equational,TIMEOUT,12,224.531,165470.579,,,1937,5929694,1772,5921996,,,,,,,,,false,
7425,starexec,LCL891+1.p,e1a,first-negative,TIMEOUT,12,377.635,165002.321,,,1736,5307294,1510,5299982,,,,,,,,,false,
7425,starexec,LCL891+1.p,e1a,occurrence,TIMEOUT,12,354.170,164865.222,,,3462,8669428,2925,8622481,,,,,,,,,false,
7425,starexec,LCL891+1.p,e1a,subsumption-light,TIMEOUT,12,217.988,165649.983,,,2025,5784017,1857,5776017,,,,,,,,,false,
7425,starexec,LCL891+1.p,e1a,unary-redundancy,TIMEOUT,12,372.637,164897.917,,,2128,5953213,1815,5944669,,,,,,,,,false,
7425,starexec,LCL891+1.p,e1a,weight-greedy,TIMEOUT,12,224.729,165019.074,,,5612,8981157,5031,8802876,,,,,,,,,false,
7425,starexec,LCL898+1.p,e1a,age-fair,KILLED,,0.000,,,,,,,,,,,,,,,,false,killed before finishing
7425,starexec,LCL898+1.p,e1a,balanced,TIMEOUT,14,150.667,165174.734,,,6365,12311113,6121,12282213,,,,,,,,,false,
7425,starexec,LCL898+1.p,e1a,equational,TIMEOUT,14,224.075,164814.628,,,5513,7318328,5274,7292990,,,,,,,,,false,
7425,starexec,LCL898+1.p,e1a,first-negative,TIMEOUT,14,388.900,164761.945,,,1784,6331412,1729,6317812,,,,,,,,,false,
7425,starexec,LCL898+1.p,e1a,occurrence,TIMEOUT,14,543.625,164276.657,,,6993,7271727,6622,7197375,,,,,,,,,false,
7425,starexec,LCL898+1.p,e1a,subsumption-light,TIMEOUT,14,235.642,164935.086,,,5009,5988050,4739,5965954,,,,,,,,,false,
7425,starexec,LCL898+1.p,e1a,unary-redundancy,TIMEOUT,14,541.756,164330.901,,,4940,5269850,4699,5248004,,,,,,,,,false,
7425,starexec,LCL898+1.p,e1a,weight-greedy,TIMEOUT,14,235.902,164775.586,,,6525,8127667,5745,7882867,,,,,,,,,false,
7425,starexec,LCL901+1.p,e1a,age-fair,TIMEOUT,14,356.799,164815.227,,,4459,10650060,4274,10633236,,,,,,,,,false,
7425,starexec,LCL901+1.p,e1a,balanced,REFUTED,14,144.117,161195.112,,,2349,10470272,2227,10444321,16,,,,,,,,false,
7425,starexec,LCL901+1.p,e1a,equational,TIMEOUT,14,327.878,164548.113,,,1938,5992525,1823,5976447,,,,,,,,,false,
7425,starexec,LCL901+1.p,e1a,first-negative,TIMEOUT,14,400.777,164663.476,,,1753,7900644,1649,7875184,,,,,,,,,false,
7425,starexec,LCL901+1.p,e1a,occurrence,REFUTED,14,345.834,8366.943,,,787,196412,725,185854,16,,,,,,,,false,
7425,starexec,LCL901+1.p,e1a,subsumption-light,TIMEOUT,14,298.673,164550.494,,,1942,6107997,1828,6091355,,,,,,,,,false,
7425,starexec,LCL901+1.p,e1a,unary-redundancy,TIMEOUT,14,361.551,165203.440,,,2361,9513757,2232,9490955,,,,,,,,,false,
7425,starexec,LCL901+1.p,e1a,weight-greedy,REFUTED,14,337.054,84330.033,,,4169,3817887,3801,3624456,16,,,,,,,,false,
7425,starexec,LCL978+1.p,e1a,age-fair,TIMEOUT,2,427.672,164349.955,,,5039,5347747,4451,5301450,,,,,,,,,false,
7425,starexec,LCL978+1.p,e1a,balanced,TIMEOUT,2,144.484,165133.000,,,7470,11471263,6978,11401589,,,,,,,,,false,
7425,starexec,LCL978+1.p,e1a,equational,TIMEOUT,2,291.060,164376.099,,,5545,5976050,5091,5929534,,,,,,,,,false,
7425,starexec,LCL978+1.p,e1a,first-negative,TIMEOUT,2,482.522,164011.558,,,8778,3343531,7341,3178869,,,,,,,,,false,
7425,starexec,LCL978+1.p,e1a,occurrence,TIMEOUT,2,419.469,164277.633,,,6203,6806451,5689,6645124,,,,,,,,,false,
7425,starexec,LCL978+1.p,e1a,subsumption-light,TIMEOUT,2,280.170,164343.744,,,8772,4450118,7967,4397930,,,,,,,,,false,
7425,starexec,LCL978+1.p,e1a,unary-redundancy,TIMEOUT,2,433.523,164256.800,,,8782,4496813,7975,4444497,,,,,,,,,false,
7425,starexec,LCL978+1.p,e1a,weight-greedy,TIMEOUT,2,281.460,166481.154,,,91,455,66,296,,,,,,,,,false,
7425,starexec,LCL979+1.p,e1a,age-fair,TIMEOUT,2,450.285,164501.999,,,4175,1450987,3479,1440082,,,,,,,,,false,
7425,starexec,LCL979+1.p,e1a,balanced,TIMEOUT,2,128.708,165406.602,,,6148,4525873,4645,4486411,,,,,,,,,false,
7425,starexec,LCL979+1.p,e1a,equational,HARD_TIMEOUT,2,0.000,,,,,,,,,,,,,,,,false,
7425,starexec,LCL979+1.p,e1a,first-negative,TIMEOUT,2,443.999,164327.934,,,10122,1202199,10021,1167225,,,,,,,,,false,
7425,starexec,LCL979+1.p,e1a,occurrence,TIMEOUT,2,427.091,164548.430,,,4149,2621338,3496,2581296,,,,,,,,,false,
7425,starexec,LCL979+1.p,e1a,subsumption-light,TIMEOUT,2,282.410,166866.956,,,2016,516777,1745,506341,,,,,,,,,false,
7425,starexec,LCL979+1.p,e1a,unary-redundancy,TIMEOUT,2,438.148,164840.282,,,2016,516777,1745,506341,,,,,,,,,false,
7425,starexec,LCL979+1.p,e1a,weight-greedy,HARD_TIMEOUT,2,0.000,,,,,,,,,,,,,,,,false,
7425,starexec,LCL982+1.p,e1a,age-fair,REFUTED,2,444.829,613.159,,,27,96,26,68,3,,,,,,,,false,
7425,starexec,LCL982+1.p,e1a,balanced,REFUTED,2,127.642,355.973,,,24,67,23,41,3,,,,,,,,false,
7425,starexec,LCL982+1.p,e1a,equational,REFUTED,2,280.369,601.259,,,24,67,23,41,3,,,,,,,,false,
7425,starexec,LCL982+1.p,e1a,first-negative,REFUTED,2,461.013,592.103,,,17,39,16,21,3,,,,,,,,false,
7425,starexec,LCL982+1.p,e1a,occurrence,REFUTED,2,403.861,660.432,,,35,103,34,66,3,,,,,,,,false,
7425,starexec,LCL982+1.p,e1a,subsumption-light,REFUTED,2,268.793,664.829,,,24,67,23,41,3,,,,,,,,false,
7425,starexec,LCL982+1.p,e1a,unary-redundancy,REFUTED,2,430.926,653.255,,,24,67,23,41,3,,,,,,,,false,
7425,starexec,LCL982+1.p,e1a,weight-greedy,REFUTED,2,265.718,727.690,,,34,173,33,122,3,,,,,,,,false,
7425,starexec,LCL983+1.p,e1a,age-fair,TIMEOUT,2,416.449,164331.789,,,5208,5330642,4893,5281555,,,,,,,,,false,
7425,starexec,LCL983+1.p,e1a,balanced,TIMEOUT,2,141.279,165434.597,,,7734,10757237,7265,10563945,,,,,,,,,false,
7425,starexec,LCL983+1.p,e1a,equational,TIMEOUT,2,290.470,164362.315,,,6965,7849872,6579,7723590,,,,,,,,,false,
7425,starexec,LCL983+1.p,e1a,first-negative,TIMEOUT,2,489.152,163988.260,,,10567,3311766,9158,2988388,,,,,,,,,false,
7425,starexec,LCL983+1.p,e1a,occurrence,TIMEOUT,2,466.131,164329.222,,,7422,5907495,7180,5663968,,,,,,,,,false,
7425,starexec,LCL983+1.p,e1a,subsumption-light,TIMEOUT,2,269.309,164379.868,,,11581,3953597,11267,3842867,,,,,,,,,false,
7425,starexec,LCL983+1.p,e1a,unary-redundancy,TIMEOUT,2,400.576,164545.501,,,10360,3308321,10102,3211989,,,,,,,,,false,
7425,starexec,LCL983+1.p,e1a,weight-greedy,TIMEOUT,2,271.972,164313.685,,,22295,4372944,18782,3866852,,,,,,,,,false,
7425,starexec,MGT005+1.p,e1a,age-fair,REFUTED,10,1244.980,11865.371,,,1728,20783,1585,18092,29,,,,,,,,false,
7425,starexec,MGT005+1.p,e1a,balanced,REFUTED,10,318.311,2602.220,,,838,7143,749,5819,29,,,,,,,,false,
7425,starexec,MGT005+1.p,e1a,equational,REFUTED,10,668.839,5806.980,,,1016,8821,910,7175,29,,,,,,,,false,
7425,starexec,MGT005+1.p,e1a,first-negative,REFUTED,10,1333.231,5909.261,,,2203,3770,1104,911,29,,,,,,,,false,
7425,starexec,MGT005+1.p,e1a,occurrence,REFUTED,10,1165.359,3869.862,,,744,6129,627,4619,29,,,,,,,,false,
7425,starexec,MGT005+1.p,e1a,subsumption-light,TIMEOUT,10,637.152,164591.462,,,2780,63074,2534,56246,,,,,,,,,false,
7425,starexec,MGT005+1.p,e1a,unary-redundancy,REFUTED,10,1187.364,27160.868,,,1106,13136,978,11230,29,,,,,,,,false,
7425,starexec,MGT005+1.p,e1a,weight-greedy,REFUTED,10,661.102,133136.297,,,6903,1692907,6847,1672329,29,,,,,,,,false,
7425,starexec,MGT035+2.p,e1a,age-fair,TIMEOUT,19,855.997,163921.974,,,12482,7600634,12010,7582465,,,,,,,,,false,
7425,starexec,MGT035+2.p,e1a,balanced,HARD_TIMEOUT,19,0.000,,,,,,,,,,,,,,,,false,
7425,starexec,MGT035+2.p,e1a,first-negative,TIMEOUT,19,973.599,163527.861,,,26064,11909418,20415,11794309,,,,,,,,,false,
7425,starexec,MGT035+2.p,e1a,occurrence,TIMEOUT,19,816.000,163895.799,,,14970,9520110,14515,9493237,,,,,,,,,false,
7425,starexec,MGT035+2.p,e1a,subsumption-light,TIMEOUT,19,492.369,163974.738,,,4817,1035857,4627,1028297,,,,,,,,,false,
7425,starexec,MGT035+2.p,e1a,unary-redundancy,TIMEOUT,19,850.758,164049.096,,,6993,1854849,6767,1843214,,,,,,,,,false,
7425,starexec,MGT035+2.p,e1a,weight-greedy,TIMEOUT,19,512.880,163920.285,,,8000,4609710,7717,4585424,,,,,,,,,false,
7425,starexec,MGT067+1.p,e1a,age-fair,REFUTED,157,2077.138,5765.466,,,1338,15643,1285,14184,177,,,,,,,,false,
7425,starexec,MGT067+1.p,e1a,balanced,REFUTED,157,484.862,1077.773,,,804,1238,762,418,177,,,,,,,,false,
7425,starexec,MGT067+1.p,e1a,equational,REFUTED,157,1038.072,1758.763,,,804,1238,762,418,177,,,,,,,,false,
7425,starexec,MGT067+1.p,e1a,first-negative,REFUTED,157,1847.711,1373.811,,,698,751,653,177,177,,,,,,,,false,
7425,starexec,MGT067+1.p,e1a,occurrence,REFUTED,157,2150.712,1544.102,,,718,816,684,239,177,,,,,,,,false,
7425,starexec,MGT067+1.p,e1a,subsumption-light,REFUTED,157,1068.881,3107.433,,,788,1162,743,367,177,,,,,,,,false,
7425,starexec,MGT067+1.p,e1a,unary-redundancy,REFUTED,157,2048.311,2024.813,,,769,964,728,238,177,,,,,,,,false,
7425,starexec,MGT067+1.p,e1a,weight-greedy,REFUTED,157,821.031,1294.796,,,651,757,614,180,177,,,,,,,,false,
7425,starexec,MGT068+1.p,e1a,age-fair,TIMEOUT,59,1015.596,163987.938,,,6685,8450630,6594,8436272,,,,,,,,,false,
7425,starexec,MGT068+1.p,e1a,balanced,REFUTED,59,252.592,7485.133,,,1658,411435,1628,405807,85,,,,,,,,false,
7425,starexec,MGT068+1.p,e1a,equational,REFUTED,59,548.713,9831.322,,,1271,219771,1244,214934,85,,,,,,,,false,
7425,starexec,MGT068+1.p,e1a,first-negative,REFUTED,59,1083.120,113249.988,,,24450,2508998,22823,2459582,85,,,,,,,,false,
7425,starexec,MGT068+1.p,e1a,occurrence,REFUTED,59,967.460,5671.297,,,778,60909,766,57734,85,,,,,,,,false,
7425,starexec,MGT068+1.p,e1a,subsumption-light,TIMEOUT,59,521.034,164016.620,,,2405,1319615,2331,1310139,,,,,,,,,false,
7425,starexec,MGT068+1.p,e1a,unary-redundancy,REFUTED,59,980.458,67426.104,,,1948,534948,1496,526777,85,,,,,,,,false,
7425,starexec,MGT068+1.p,e1a,weight-greedy,REFUTED,59,580.579,7283.892,,,1334,70801,1263,54190,85,,,,,,,,false,
7425,starexec,MGT076+1.p,e1a,age-fair,REFUTED,34,850.021,1089.735,,,103,340,103,231,54,,,,,,,,false,
7425,starexec,MGT076+1.p,e1a,balanced,REFUTED,34,235.956,501.117,,,54,110,46,54,54,,,,,,,,false,
7425,starexec,MGT076+1.p,e1a,equational,REFUTED,34,515.972,902.008,,,54,110,46,54,54,,,,,,,,false,
7425,starexec,MGT076+1.p,e1a,first-negative,REFUTED,34,924.308,979.360,,,92,229,82,121,54,,,,,,,,false,
7425,starexec,MGT076+1.p,e1a,occurrence,REFUTED,34,895.883,765.371,,,35,92,33,55,54,,,,,,,,false,
7425,starexec,MGT076+1.p,e1a,subsumption-light,REFUTED,34,488.051,820.966,,,42,100,38,57,54,,,,,,,,false,
7425,starexec,MGT076+1.p,e1a,unary-redundancy,REFUTED,34,809.841,849.047,,,54,110,46,54,54,,,,,,,,false,
7425,starexec,MGT076+1.p,e1a,weight-greedy,REFUTED,34,482.981,817.168,,,42,83,41,54,54,,,,,,,,false,
7425,starexec,MGT077+1.p,e1a,age-fair,REFUTED,44,923.256,32810.386,,,3663,1700151,3636,1694030,64,,,,,,,,false,
7425,starexec,MGT077+1.p,e1a,balanced,REFUTED,44,244.931,508.071,,,72,190,70,110,64,,,,,,,,false,
7425,starexec,MGT077+1.p,e1a,equational,REFUTED,44,458.134,965.534,,,72,190,70,110,64,,,,,,,,false,
7425,starexec,MGT077+1.p,e1a,first-negative,REFUTED,44,964.392,2164.509,,,664,2728,640,1792,64,,,,,,,,false,
7425,starexec,MGT077+1.p,e1a,occurrence,REFUTED,44,852.567,958.297,,,93,239,91,116,64,,,,,,,,false,
7425,starexec,MGT077+1.p,e1a,subsumption-light,REFUTED,44,484.247,1153.930,,,105,297,101,164,64,,,,,,,,false,
7425,starexec,MGT077+1.p,e1a,unary-redundancy,REFUTED,44,870.276,952.461,,,72,190,70,110,64,,,,,,,,false,
7425,starexec,MGT077+1.p,e1a,weight-greedy,REFUTED,44,481.439,1111.465,,,134,380,132,170,64,,,,,,,,false,
7425,starexec,MGT078+1.p,e1a,age-fair,REFUTED,56,890.949,4229.959,,,609,29676,583,28525,80,,,,,,,,false,
7425,starexec,MGT078+1.p,e1a,balanced,REFUTED,56,235.898,667.394,,,180,644,180,430,80,,,,,,,,false,
7425,starexec,MGT078+1.p,e1a,equational,REFUTED,56,361.232,801.788,,,180,644,180,430,80,,,,,,,,false,
7425,starexec,MGT078+1.p,e1a,first-negative,REFUTED,56,599.871,960.451,,,218,854,195,560,80,,,,,,,,false,
7425,starexec,MGT078+1.p,e1a,occurrence,REFUTED,56,820.725,1271.568,,,178,506,160,272,80,,,,,,,,false,
7425,starexec,MGT078+1.p,e1a,subsumption-light,REFUTED,56,338.909,995.078,,,197,900,184,652,80,,,,,,,,false,
7425,starexec,MGT078+1.p,e1a,unary-redundancy,REFUTED,56,917.652,1432.945,,,197,900,184,652,80,,,,,,,,false,
7425,starexec,MGT078+1.p,e1a,weight-greedy,REFUTED,56,360.251,897.094,,,201,605,167,307,80,,,,,,,,false,
7425,starexec,MGT079+1.p,e1a,age-fair,TIMEOUT,56,827.143,164017.747,,,8984,7655414,8958,7623384,,,,,,,,,false,
7425,starexec,MGT079+1.p,e1a,balanced,REFUTED,56,212.069,1326.292,,,382,9521,369,8734,77,,,,,,,,false,
7425,starexec,MGT079+1.p,e1a,equational,REFUTED,56,508.393,2470.588,,,382,9561,369,8774,77,,,,,,,,false,
7425,starexec,MGT079+1.p,e1a,first-negative,REFUTED,56,879.149,1750.227,,,424,1699,412,945,77,,,,,,,,false,
7425,starexec,MGT079+1.p,e1a,occurrence,REFUTED,56,802.955,1142.331,,,136,405,121,205,77,,,,,,,,false,
7425,starexec,MGT079+1.p,e1a,subsumption-light,REFUTED,56,476.198,15321.158,,,1124,153296,1024,147238,77,,,,,,,,false,
7425,starexec,MGT079+1.p,e1a,unary-redundancy,REFUTED,56,856.897,3156.762,,,376,9517,347,8610,77,,,,,,,,false,
7425,starexec,MGT079+1.p,e1a,weight-greedy,REFUTED,56,494.518,1151.140,,,160,422,154,132,77,,,,,,,,false,
7425,starexec,MGT080+1.p,e1a,age-fair,REFUTED,73,990.645,5878.267,,,936,82814,836,79880,99,,,,,,,,false,
7425,starexec,MGT080+1.p,e1a,balanced,REFUTED,73,266.438,899.249,,,272,1355,255,1007,99,,,,,,,,false,
7425,starexec,MGT080+1.p,e1a,equational,REFUTED,73,552.960,1793.707,,,272,1355,255,1007,99,,,,,,,,false,
7425,starexec,MGT080+1.p,e1a,first-negative,REFUTED,73,1014.979,1467.389,,,157,617,142,439,99,,,,,,,,false,
7425,starexec,MGT080+1.p,e1a,occurrence,REFUTED,73,984.816,1460.447,,,205,583,176,316,99,,,,,,,,false,
7425,starexec,MGT080+1.p,e1a,subsumption-light,REFUTED,73,559.613,1869.882,,,304,1645,255,1216,99,,,,,,,,false,
7425,starexec,MGT080+1.p,e1a,unary-redundancy,REFUTED,73,975.311,1802.984,,,269,1324,255,984,99,,,,,,,,false,
7425,starexec,MGT080+1.p,e1a,weight-greedy,REFUTED,73,542.181,1566.590,,,230,839,185,506,99,,,,,,,,false,
7425,starexec,MGT082+1.p,e1a,age-fair,REFUTED,56,811.134,3863.790,,,615,31619,538,30225,80,,,,,,,,false,
7425,starexec,MGT082+1.p,e1a,balanced,REFUTED,56,225.149,698.595,,,180,776,171,546,80,,,,,,,,false,
7425,starexec,MGT082+1.p,e1a,equational,REFUTED,56,462.051,1206.251,,,180,776,171,546,80,,,,,,,,false,
7425,starexec,MGT082+1.p,e1a,first-negative,REFUTED,56,906.753,1083.749,,,116,409,104,279,80,,,,,,,,false,
7425,starexec,MGT082+1.p,e1a,occurrence,REFUTED,56,805.656,970.851,,,110,299,103,165,80,,,,,,,,false,
7425,starexec,MGT082+1.p,e1a,subsumption-light,REFUTED,56,508.757,1294.528,,,191,841,171,579,80,,,,,,,,false,
7425,starexec,MGT082+1.p,e1a,unary-redundancy,REFUTED,56,807.569,1294.626,,,191,841,171,579,80,,,,,,,,false,
7425,starexec,MGT082+1.p,e1a,weight-greedy,REFUTED,56,435.004,1226.197,,,162,704,145,456,80,,,,,,,,false,
7425,starexec,MGT085+1.p,e1a,age-fair,TIMEOUT,43,886.006,164132.986,,,8999,7957873,8866,7929014,,,,,,,,,false,
7425,starexec,MGT085+1.p,e1a,balanced,REFUTED,43,234.908,12772.031,,,2785,1559604,2766,1539796,65,,,,,,,,false,
7425,starexec,MGT085+1.p,e1a,equational,REFUTED,43,495.641,23471.651,,,2785,1553434,2766,1533626,65,,,,,,,,false,
7425,starexec,MGT085+1.p,e1a,first-negative,REFUTED,43,971.896,8514.389,,,2936,62347,2757,56154,65,,,,,,,,false,
7425,starexec,MGT085+1.p,e1a,occurrence,REFUTED,43,899.319,8881.495,,,1270,192205,1248,180847,65,,,,,,,,false,
7425,starexec,MGT085+1.p,e1a,subsumption-light,TIMEOUT,43,501.201,164257.775,,,5881,1959526,4970,1929158,,,,,,,,,false,
7425,starexec,MGT085+1.p,e1a,unary-redundancy,TIMEOUT,43,859.239,164684.242,,,5809,1892845,4924,1863407,,,,,,,,,false,
7425,starexec,MGT085+1.p,e1a,weight-greedy,REFUTED,43,513.626,2218.721,,,386,4703,351,2184,65,,,,,,,,false,
7425,starexec,MGT086+1.p,e1a,age-fair,TIMEOUT,43,804.802,164105.317,,,8117,7560626,8084,7535824,,,,,,,,,false,
7425,starexec,MGT086+1.p,e1a,balanced,REFUTED,43,231.802,504.088,,,78,195,67,112,63,,,,,,,,false,
7425,starexec,MGT086+1.p,e1a,equational,REFUTED,43,439.902,903.102,,,78,195,67,112,63,,,,,,,,false,
7425,starexec,MGT086+1.p,e1a,first-negative,REFUTED,43,895.352,1374.806,,,246,918,240,524,63,,,,,,,,false,
7425,starexec,MGT086+1.p,e1a,occurrence,REFUTED,43,803.767,896.954,,,79,208,72,108,63,,,,,,,,false,
7425,starexec,MGT086+1.p,e1a,subsumption-light,REFUTED,43,451.249,886.115,,,72,177,69,101,63,,,,,,,,false,
7425,starexec,MGT086+1.p,e1a,unary-redundancy,REFUTED,43,793.898,804.135,,,72,177,69,101,63,,,,,,,,false,
7425,starexec,MGT086+1.p,e1a,weight-greedy,REFUTED,43,457.368,962.229,,,103,242,100,79,63,,,,,,,,false,
7425,starexec,MGT088+1.p,e1a,age-fair,REFUTED,39,878.914,1967.914,,,275,3403,275,3077,59,,,,,,,,false,
7425,starexec,MGT088+1.p,e1a,balanced,REFUTED,39,212.175,436.108,,,49,128,49,79,59,,,,,,,,false,
7425,starexec,MGT088+1.p,e1a,equational,REFUTED,39,512.590,836.588,,,49,128,49,79,59,,,,,,,,false,
7425,starexec,MGT088+1.p,e1a,first-negative,REFUTED,39,969.037,1417.686,,,239,853,239,517,59,,,,,,,,false,
7425,starexec,MGT088+1.p,e1a,occurrence,REFUTED,39,920.709,810.182,,,66,164,66,84,59,,,,,,,,false,
7425,starexec,MGT088+1.p,e1a,subsumption-light,REFUTED,39,492.364,883.046,,,49,128,49,79,59,,,,,,,,false,
7425,starexec,MGT088+1.p,e1a,unary-redundancy,REFUTED,39,854.287,810.780,,,49,128,49,79,59,,,,,,,,false,
7425,starexec,MGT088+1.p,e1a,weight-greedy,REFUTED,39,477.273,937.637,,,94,249,94,115,59,,,,,,,,false,
7425,starexec,MGT090+1.p,e1a,age-fair,REFUTED,59,927.492,1170.898,,,150,519,142,357,90,,,,,,,,false,
7425,starexec,MGT090+1.p,e1a,balanced,REFUTED,59,262.629,516.001,,,106,176,100,90,90,,,,,,,,false,
7425,starexec,MGT090+1.p,e1a,equational,REFUTED,59,513.426,980.575,,,106,176,100,90,90,,,,,,,,false,
7425,starexec,MGT090+1.p,e1a,first-negative,REFUTED,59,1015.388,2372.734,,,501,4352,497,3664,90,,,,,,,,false,
7425,starexec,MGT090+1.p,e1a,occurrence,REFUTED,59,915.052,1070.453,,,127,396,126,208,90,,,,,,,,false,
7425,starexec,MGT090+1.p,e1a,subsumption-light,REFUTED,59,519.535,1027.901,,,106,176,100,90,90,,,,,,,,false,
7425,starexec,MGT090+1.p,e1a,unary-redundancy,REFUTED,59,926.277,1072.562,,,106,176,100,90,90,,,,,,,,false,
7425,starexec,MGT090+1.p,e1a,weight-greedy,REFUTED,59,507.870,1382.552,,,204,980,203,618,90,,,,,,,,false,
7425,starexec,MGT091+1.p,e1a,age-fair,TIMEOUT,46,1103.211,163849.854,,,7198,6551177,7164,6536771,,,,,,,,,false,
7425,starexec,MGT091+1.p,e1a,balanced,REFUTED,46,310.416,1644.345,,,381,9431,380,8717,83,,,,,,,,false,
7425,starexec,MGT091+1.p,e1a,equational,REFUTED,46,606.495,3097.050,,,381,9431,380,8717,83,,,,,,,,false,
7425,starexec,MGT091+1.p,e1a,first-negative,TIMEOUT,46,1271.843,163781.655,,,21360,3712767,20392,3670963,,,,,,,,,false,
7425,starexec,MGT091+1.p,e1a,occurrence,REFUTED,46,1050.025,4659.812,,,452,23494,439,21967,83,,,,,,,,false,
7425,starexec,MGT091+1.p,e1a,subsumption-light,REFUTED,46,620.710,4247.900,,,372,7935,335,7029,83,,,,,,,,false,
7425,starexec,MGT091+1.p,e1a,unary-redundancy,REFUTED,46,1125.995,4166.506,,,374,7935,337,7027,83,,,,,,,,false,
7425,starexec,MGT091+1.p,e1a,weight-greedy,REFUTED,46,608.554,1549.437,,,201,1320,200,752,83,,,,,,,,false,
7425,starexec,NLP147+1.p,e1a,age-fair,REFUTED,61,1182.516,1144.414,,,226,255,221,92,92,,,,,,,,false,
7425,starexec,NLP147+1.p,e1a,balanced,REFUTED,61,333.606,628.050,,,229,256,226,94,94,,,,,,,,false,
7425,starexec,NLP147+1.p,e1a,equational,REFUTED,61,452.247,819.215,,,229,256,226,94,94,,,,,,,,false,
7425,starexec,NLP147+1.p,e1a,first-negative,REFUTED,61,869.306,874.099,,,233,253,225,92,92,,,,,,,,false,
7425,starexec,NLP147+1.p,e1a,occurrence,REFUTED,61,1200.211,1194.605,,,210,260,192,92,92,,,,,,,,false,
7425,starexec,NLP147+1.p,e1a,subsumption-light,REFUTED,61,443.970,835.250,,,229,256,226,94,94,,,,,,,,false,
7425,starexec,NLP147+1.p,e1a,unary-redundancy,REFUTED,61,783.516,839.860,,,224,251,221,92,92,,,,,,,,false,
7425,starexec,NLP147+1.p,e1a,weight-greedy,REFUTED,61,473.977,812.892,,,234,320,232,94,94,,,,,,,,false,
7425,starexec,NLP260+1.p,e1a,age-fair,KILLED,,0.000,,,,,,,,,,,,,,,,false,killed before finishing
7425,starexec,NLP260+1.p,e1a,balanced,KILLED,,0.000,,,,,,,,,,,,,,,,false,killed before finishing
7425,starexec,NLP260+1.p,e1a,equational,REFUTED,1026860,23029.292,1748.467,,,522,850,522,414,414,,,,,,,,false,
7425,starexec,NLP260+1.p,e1a,first-negative,SATURATED,1026860,23710.037,424.605,,,22,29,22,16,,,,,,,,,false,
7425,starexec,NLP260+1.p,e1a,subsumption-light,REFUTED,1026860,21831.856,908.563,,,152,231,152,119,119,,,,,,,,false,
7425,starexec,NLP260+1.p,e1a,unary-redundancy,KILLED,,0.000,,,,,,,,,,,,,,,,false,killed before finishing
7425,starexec,NLP260+1.p,e1a,weight-greedy,REFUTED,1026860,21371.724,650.092,,,45,78,45,44,44,,,,,,,,false,
7425,starexec,NLP261+1.p,e1a,age-fair,KILLED,,0.000,,,,,,,,,,,,,,,,false,killed before finishing
7425,starexec,NLP261+1.p,e1a,equational,REFUTED,1026860,23518.176,1961.120,,,739,1136,739,559,559,,,,,,,,false,
7425,starexec,NLP261+1.p,e1a,first-negative,SATURATED,1026860,24527.396,748.257,,,50,72,50,24,,,,,,,,,false,
7425,starexec,NLP261+1.p,e1a,occurrence,KILLED,,0.000,,,,,,,,,,,,,,,,false,killed before finishing
7425,starexec,NLP261+1.p,e1a,subsumption-light,REFUTED,1026860,22935.685,1110.766,,,219,334,219,171,171,,,,,,,,false,
7425,starexec,NLP261+1.p,e1a,unary-redundancy,KILLED,,0.000,,,,,,,,,,,,,,,,false,killed before finishing
7425,starexec,NLP261+1.p,e1a,weight-greedy,REFUTED,1026860,22545.180,833.700,,,114,175,114,73,73,,,,,,,,false,
7425,starexec,NLP262+1.p,e1a,age-fair,KILLED,,0.000,,,,,,,,,,,,,,,,false,killed before finishing
7425,starexec,NLP262+1.p,e1a,balanced,KILLED,,0.000,,,,,,,,,,,,,,,,false,killed before finishing
7425,starexec,NLP262+1.p,e1a,equational,SATURATED,1026860,14100.010,497.366,,,89,119,89,52,,,,,,,,,false,
7425,starexec,NLP262+1.p,e1a,first-negative,SATURATED,1026860,15955.072,283.196,,,9,11,9,8,,,,,,,,,false,
7425,starexec,NLP262+1.p,e1a,occurrence,KILLED,,0.000,,,,,,,,,,,,,,,,false,killed before finishing
7425,starexec,NLP262+1.p,e1a,subsumption-light,SATURATED,1026860,14808.420,397.136,,,60,84,60,31,,,,,,,,,false,
7425,starexec,NLP262+1.p,e1a,unary-redundancy,KILLED,,0.000,,,,,,,,,,,,,,,,false,killed before finishing
7425,starexec,NLP262+1.p,e1a,weight-greedy,SATURATED,1026860,14732.922,348.123,,,18,23,18,13,,,,,,,,,false,
7425,starexec,NUM292+1.p,e1a,age-fair,TIMEOUT,401,1720.452,163297.282,,,17529,66431,17529,48898,,,,,,,,,false,
7425,starexec,NUM292+1.p,e1a,balanced,TIMEOUT,401,400.318,164442.494,,,26407,97185,26407,70362,,,,,,,,,false,
7425,starexec,NUM292+1.p,e1a,equational,TIMEOUT,401,976.495,163070.018,,,18943,81816,18943,62483,,,,,,,,,false,
7425,starexec,NUM292+1.p,e1a,first-negative,TIMEOUT,401,1893.783,162864.285,,,18477,168702,18477,150191,,,,,,,,,false,
7425,starexec,NUM292+1.p,e1a,occurrence,TIMEOUT,401,1703.970,163209.022,,,18904,59933,18904,40747,,,,,,,,,false,
7425,starexec,NUM292+1.p,e1a,subsumption-light,TIMEOUT,401,924.018,163397.800,,,17511,66302,17510,48472,,,,,,,,,false,
7425,starexec,NUM292+1.p,e1a,unary-redundancy,TIMEOUT,401,1698.815,163205.458,,,17404,66088,17403,48366,,,,,,,,,false,
7425,starexec,NUM292+1.p,e1a,weight-greedy,TIMEOUT,401,891.890,163312.530,,,19346,52392,19346,32571,,,,,,,,,false,
7425,starexec,NUM321+1.p,e1a,age-fair,TIMEOUT,401,1667.288,163216.715,,,17496,66358,17496,48862,,,,,,,,,false,
7425,starexec,NUM321+1.p,e1a,balanced,TIMEOUT,401,390.605,164482.326,,,25522,96271,25522,70348,,,,,,,,,false,
7425,starexec,NUM321+1.p,e1a,equational,TIMEOUT,401,948.519,163197.885,,,18745,81237,18745,62106,,,,,,,,,false,
7425,starexec,NUM321+1.p,e1a,first-negative,TIMEOUT,401,1195.484,163942.665,,,23255,178053,23255,154755,,,,,,,,,false,
7425,starexec,NUM321+1.p,e1a,occurrence,TIMEOUT,401,1649.418,163221.428,,,18866,68557,18866,49248,,,,,,,,,false,
7425,starexec,NUM321+1.p,e1a,subsumption-light,TIMEOUT,401,984.012,163156.066,,,18151,68451,18150,49956,,,,,,,,,false,
7425,starexec,NUM321+1.p,e1a,unary-redundancy,TIMEOUT,401,1693.664,163252.208,,,18632,80029,18631,61013,,,,,,,,,false,
7425,starexec,NUM321+1.p,e1a,weight-greedy,TIMEOUT,401,624.537,164113.032,,,22279,57763,22279,34916,,,,,,,,,false,
7425,starexec,NUM335+1.p,e1a,age-fair,TIMEOUT,401,1696.374,163209.624,,,17630,66622,17630,48991,,,,,,,,,false,
7425,starexec,NUM335+1.p,e1a,balanced,TIMEOUT,401,388.191,164572.066,,,27816,98976,27815,70664,,,,,,,,,false,
7425,starexec,NUM335+1.p,e1a,equational,TIMEOUT,401,637.874,164088.184,,,21896,89752,21896,67469,,,,,,,,,false,
7425,starexec,NUM335+1.p,e1a,first-negative,TIMEOUT,401,1273.517,163784.160,,,23387,178404,23387,154973,,,,,,,,,false,
7425,starexec,NUM335+1.p,e1a,occurrence,TIMEOUT,401,1719.552,163285.648,,,18670,57336,18670,38411,,,,,,,,,false,
7425,starexec,NUM335+1.p,e1a,subsumption-light,TIMEOUT,401,625.596,164215.449,,,21419,88294,21418,66488,,,,,,,,,false,
7425,starexec,NUM335+1.p,e1a,unary-redundancy,TIMEOUT,401,1092.441,164188.499,,,21673,89068,21672,67008,,,,,,,,,false,
7425,starexec,NUM335+1.p,e1a,weight-greedy,TIMEOUT,401,640.122,164229.559,,,22356,57841,22356,34923,,,,,,,,,false,
7425,starexec,NUM639+4.p,e1a,age-fair,TIMEOUT,316,2962.242,162904.050,,,10289,3842245,10051,3829782,,,,,,,,,false,
7425,starexec,NUM639+4.p,e1a,balanced,TIMEOUT,316,706.006,164340.175,,,18990,8275711,17647,8242497,,,,,,,,,false,
7425,starexec,NUM639+4.p,e1a,equational,TIMEOUT,316,1639.175,162912.466,,,16642,5228639,13370,5200439,,,,,,,,,false,
7425,starexec,NUM639+4.p,e1a,first-negative,TIMEOUT,316,1924.206,163835.019,,,17022,6966763,15364,6928867,,,,,,,,,false,
7425,starexec,NUM639+4.p,e1a,occurrence,TIMEOUT,316,2866.795,162955.316,,,16624,5056099,12466,4992977,,,,,,,,,false,
7425,starexec,NUM639+4.p,e1a,subsumption-light,KILLED,,0.000,,,,,,,,,,,,,,,,false,killed before finishing
7425,starexec,NUM639+4.p,e1a,unary-redundancy,TIMEOUT,316,2960.190,162958.014,,,14305,3778863,10990,3755121,,,,,,,,,false,
7425,starexec,NUM639+4.p,e1a,weight-greedy,TIMEOUT,316,1042.198,164160.538,,,30002,5333039,26799,5150559,,,,,,,,,false,
7425,starexec,NUM647+4.p,e1a,age-fair,TIMEOUT,346,1615.397,164274.457,,,15372,5303412,14448,5284020,,,,,,,,,false,
7425,starexec,NUM647+4.p,e1a,balanced,TIMEOUT,346,738.964,164231.649,,,18243,7505811,16988,7470396,,,,,,,,,false,
7425,starexec,NUM647+4.p,e1a,equational,TIMEOUT,346,908.917,164275.476,,,18180,7929432,17527,7896900,,,,,,,,,false,
7425,starexec,NUM647+4.p,e1a,first-negative,TIMEOUT,346,1718.660,164030.930,,,19214,8696955,16963,8658689,,,,,,,,,false,
7425,starexec,NUM647+4.p,e1a,occurrence,TIMEOUT,346,1613.963,164348.874,,,22556,8890487,19353,8803945,,,,,,,,,false,
7425,starexec,NUM647+4.p,e1a,subsumption-light,TIMEOUT,346,851.540,164333.072,,,15655,5305309,14527,5277279,,,,,,,,,false,
7425,starexec,NUM647+4.p,e1a,unary-redundancy,TIMEOUT,346,1627.575,164336.110,,,15826,4581047,15056,4553879,,,,,,,,,false,
7425,starexec,NUM647+4.p,e1a,weight-greedy,TIMEOUT,346,895.016,164299.120,,,49053,2339368,43134,2101581,,,,,,,,,false,
7425,starexec,NUM653+4.p,e1a,age-fair,TIMEOUT,393,3264.450,162533.356,,,15287,2553663,14854,2534978,,,,,,,,,false,
7425,starexec,NUM653+4.p,e1a,balanced,TIMEOUT,393,773.218,164290.444,,,22816,6661236,21591,6620492,,,,,,,,,false,
7425,starexec,NUM653+4.p,e1a,equational,TIMEOUT,393,1763.273,162837.247,,,18611,4169593,15935,4136269,,,,,,,,,false,
7425,starexec,NUM653+4.p,e1a,first-negative,HARD_TIMEOUT,393,0.000,,,,,,,,,,,,,,,,false,
7425,starexec,NUM653+4.p,e1a,occurrence,HARD_TIMEOUT,393,0.000,,,,,,,,,,,,,,,,false,
7425,starexec,NUM653+4.p,e1a,subsumption-light,TIMEOUT,393,1744.261,163021.123,,,15671,3049421,14782,3023587,,,,,,,,,false,
7425,starexec,NUM653+4.p,e1a,unary-redundancy,TIMEOUT,393,3275.836,162820.950,,,14834,2547104,13915,2521500,,,,,,,,,false,
7425,starexec,NUM653+4.p,e1a,weight-greedy,TIMEOUT,393,1650.236,162856.738,,,41364,1206579,35772,1016591,,,,,,,,,false,
7425,starexec,NUM656+4.p,e1a,age-fair,TIMEOUT,402,3234.532,162902.741,,,14587,3745575,14203,3727756,,,,,,,,,false,
7425,starexec,NUM656+4.p,e1a,balanced,TIMEOUT,402,753.747,166441.677,,,21513,8467191,20322,8424295,,,,,,,,,false,
7425,starexec,NUM656+4.p,e1a,equational,TIMEOUT,402,1125.412,164035.590,,,21610,7732327,19152,7691475,,,,,,,,,false,
7425,starexec,NUM656+4.p,e1a,first-negative,TIMEOUT,402,2270.884,163592.930,,,17654,7586492,17338,7549850,,,,,,,,,false,
7425,starexec,NUM656+4.p,e1a,occurrence,TIMEOUT,402,3166.215,162918.388,,,20063,4788684,16770,4707822,,,,,,,,,false,
7425,starexec,NUM656+4.p,e1a,subsumption-light,TIMEOUT,402,1121.858,163952.521,,,17865,5499138,17041,5465184,,,,,,,,,false,
7425,starexec,NUM656+4.p,e1a,unary-redundancy,TIMEOUT,402,3194.987,162993.655,,,14963,3506044,13089,3478688,,,,,,,,,false,
7425,starexec,NUM656+4.p,e1a,weight-greedy,TIMEOUT,402,1150.444,163851.028,,,49315,1163170,42933,996007,,,,,,,,,false,
7425,starexec,NUM657+4.p,e1a,age-fair,TIMEOUT,405,3136.493,162786.689,,,14193,3889559,13924,3872465,,,,,,,,,false,
7425,starexec,NUM657+4.p,e1a,balanced,TIMEOUT,405,789.096,164389.257,,,21157,7696959,19487,7653223,,,,,,,,,false,
7425,starexec,NUM657+4.p,e1a,equational,TIMEOUT,405,1085.589,163969.099,,,17768,5153288,16418,5119208,,,,,,,,,false,
7425,starexec,NUM657+4.p,e1a,first-negative,TIMEOUT,405,2200.648,163466.509,,,13935,4044689,13582,4015833,,,,,,,,,false,
7425,starexec,NUM657+4.p,e1a,occurrence,TIMEOUT,405,3197.104,162734.345,,,19928,4381563,17730,4323551,,,,,,,,,false,
7425,starexec,NUM657+4.p,e1a,subsumption-light,TIMEOUT,405,1092.408,163987.294,,,15753,3773505,14874,3745567,,,,,,,,,false,
7425,starexec,NUM657+4.p,e1a,unary-redundancy,TIMEOUT,405,3261.168,163089.633,,,15569,3585891,12740,3558195,,,,,,,,,false,
7425,starexec,NUM657+4.p,e1a,weight-greedy,TIMEOUT,405,1091.861,163958.335,,,43441,995830,38697,855488,,,,,,,,,false,
7425,starexec,NUM658+4.p,e1a,age-fair,TIMEOUT,408,3350.499,162729.114,,,14347,4362353,14035,4343956,,,,,,,,,false,
7425,starexec,NUM658+4.p,e1a,balanced,TIMEOUT,408,804.946,164368.220,,,18587,10706824,17952,10670568,,,,,,,,,false,
7425,starexec,NUM658+4.p,e1a,equational,TIMEOUT,408,1849.073,162768.581,,,14136,6296633,13848,6269871,,,,,,,,,false,
7425,starexec,NUM658+4.p,e1a,first-negative,TIMEOUT,408,2246.044,163619.654,,,15895,5818257,15353,5784829,,,,,,,,,false,
7425,starexec,NUM658+4.p,e1a,occurrence,TIMEOUT,408,3202.066,162875.372,,,21103,4670539,17710,4574752,,,,,,,,,false,
7425,starexec,NUM658+4.p,e1a,subsumption-light,TIMEOUT,408,1164.192,164092.079,,,14957,6431452,14540,6402794,,,,,,,,,false,
7425,starexec,NUM658+4.p,e1a,unary-redundancy,HARD_TIMEOUT,408,0.000,,,,,,,,,,,,,,,,false,
7425,starexec,NUM658+4.p,e1a,weight-greedy,TIMEOUT,408,1173.834,164045.487,,,49093,1153983,43860,982835,,,,,,,,,false,
7425,starexec,NUM663+4.p,e1a,age-fair,TIMEOUT,419,3107.622,163081.999,,,13142,3893077,12417,3877503,,,,,,,,,false,
7425,starexec,NUM663+4.p,e1a,equational,TIMEOUT,419,1764.259,162746.498,,,17950,5320151,15533,5287781,,,,,,,,,false,
7425,starexec,NUM663+4.p,e1a,first-negative,TIMEOUT,419,2197.619,163816.662,,,17536,6007191,16937,5971843,,,,,,,,,false,
7425,starexec,NUM663+4.p,e1a,occurrence,TIMEOUT,419,3128.226,162996.691,,,21881,5078156,14038,4995331,,,,,,,,,false,
7425,starexec,NUM663+4.p,e1a,subsumption-light,TIMEOUT,419,1191.654,164365.629,,,17020,4449195,16542,4421923,,,,,,,,,false,
7425,starexec,NUM663+4.p,e1a,unary-redundancy,HARD_TIMEOUT,419,0.000,,,,,,,,,,,,,,,,false,
7425,starexec,NUM663+4.p,e1a,weight-greedy,TIMEOUT,419,1167.962,163949.896,,,43766,1583462,35583,1350881,,,,,,,,,false,
7425,starexec,NUM664+4.p,e1a,age-fair,HARD_TIMEOUT,423,0.000,,,,,,,,,,,,,,,,false,
7425,starexec,NUM664+4.p,e1a,balanced,HARD_TIMEOUT,423,0.000,,,,,,,,,,,,,,,,false,
7425,starexec,NUM664+4.p,e1a,equational,TIMEOUT,423,1857.685,163481.665,,,17289,5010513,15649,4981261,,,,,,,,,false,
7425,starexec,NUM664+4.p,e1a,first-negative,HARD_TIMEOUT,423,0.000,,,,,,,,,,,,,,,,false,
7425,starexec,NUM664+4.p,e1a,occurrence,HARD_TIMEOUT,423,0.000,,,,,,,,,,,,,,,,false,
7425,starexec,NUM664+4.p,e1a,subsumption-light,TIMEOUT,423,1886.678,163042.954,,,14357,3715658,13416,3690584,,,,,,,,,false,
7425,starexec,NUM664+4.p,e1a,unary-redundancy,TIMEOUT,423,3330.439,162851.624,,,13773,3680157,13272,3657177,,,,,,,,,false,
7425,starexec,NUM664+4.p,e1a,weight-greedy,TIMEOUT,423,1783.029,163056.565,,,39661,1043500,34167,878685,,,,,,,,,false,
7425,starexec,NUM669+4.p,e1a,age-fair,TIMEOUT,443,3440.301,162722.697,,,15512,3929053,15233,3910533,,,,,,,,,false,
7425,starexec,NUM669+4.p,e1a,balanced,TIMEOUT,443,813.024,164317.209,,,19662,7386551,18366,7348349,,,,,,,,,false,
7425,starexec,NUM669+4.p,e1a,equational,TIMEOUT,443,1674.079,162207.524,,,23536,8514933,20223,8476517,,,,,,,,,false,
7425,starexec,NUM669+4.p,e1a,first-negative,HARD_TIMEOUT,443,0.000,,,,,,,,,,,,,,,,false,
7425,starexec,NUM669+4.p,e1a,occurrence,TIMEOUT,443,3421.742,162808.197,,,17218,5011289,15166,4952542,,,,,,,,,false,
7425,starexec,NUM669+4.p,e1a,subsumption-light,TIMEOUT,443,1658.913,163372.139,,,16764,5709185,15863,5679173,,,,,,,,,false,
7425,starexec,NUM669+4.p,e1a,unary-redundancy,TIMEOUT,443,2827.179,162190.542,,,22495,5041461,20251,5005778,,,,,,,,,false,
7425,starexec,NUM669+4.p,e1a,weight-greedy,TIMEOUT,443,1687.524,162182.868,,,46154,1195455,38794,1050013,,,,,,,,,false,
7425,starexec,NUM671+4.p,e1a,age-fair,TIMEOUT,453,3453.370,162716.824,,,13747,3921535,12402,3903759,,,,,,,,,false,
7425,starexec,NUM671+4.p,e1a,balanced,TIMEOUT,453,838.814,165636.905,,,23660,8860844,21820,8818848,,,,,,,,,false,
7425,starexec,NUM671+4.p,e1a,equational,TIMEOUT,453,1169.593,164029.228,,,20128,6658667,18879,6620103,,,,,,,,,false,
7425,starexec,NUM671+4.p,e1a,first-negative,TIMEOUT,453,2327.232,163625.770,,,17257,5350009,16446,5313567,,,,,,,,,false,
7425,starexec,NUM671+4.p,e1a,occurrence,TIMEOUT,453,3305.323,162920.369,,,20107,4451607,18589,4361630,,,,,,,,,false,
7425,starexec,NUM671+4.p,e1a,subsumption-light,TIMEOUT,453,1154.414,164067.190,,,17338,4854247,15866,4824709,,,,,,,,,false,
7425,starexec,NUM671+4.p,e1a,unary-redundancy,TIMEOUT,453,3338.423,162749.560,,,18468,3439577,15080,3405265,,,,,,,,,false,
7425,starexec,NUM671+4.p,e1a,weight-greedy,TIMEOUT,453,1166.512,163973.242,,,45754,1076668,38053,897986,,,,,,,,,false,
7425,starexec,NUM689+4.p,e1a,age-fair,TIMEOUT,554,3177.863,162439.307,,,14495,4222947,14328,4205762,,,,,,,,,false,
7425,starexec,NUM689+4.p,e1a,balanced,TIMEOUT,554,850.072,164239.638,,,26654,9338987,24647,9292575,,,,,,,,,false,
7425,starexec,NUM689+4.p,e1a,equational,SATURATED,554,575.851,312.394,,,7,7,7,7,,,,,,,,,false,
7425,starexec,NUM689+4.p,e1a,first-negative,SATURATED,554,698.094,277.540,,,3,3,3,3,,,,,,,,,false,
7425,starexec,NUM689+4.p,e1a,occurrence,TIMEOUT,554,3031.591,162306.993,,,23621,5397188,18353,5288141,,,,,,,,,false,
7425,starexec,NUM689+4.p,e1a,subsumption-light,SATURATED,554,556.742,304.009,,,7,7,7,7,,,,,,,,,false,
7425,starexec,NUM689+4.p,e1a,unary-redundancy,SATURATED,554,1145.788,561.119,,,11,11,11,11,,,,,,,,,false,
7425,starexec,NUM689+4.p,e1a,weight-greedy,SATURATED,554,546.412,322.127,,,5,5,5,5,,,,,,,,,false,
7425,starexec,NUM690+4.p,e1a,age-fair,TIMEOUT,559,3428.165,162217.586,,,13933,3089174,13757,3071325,,,,,,,,,false,
7425,starexec,NUM690+4.p,e1a,balanced,TIMEOUT,559,971.009,164405.692,,,25482,6411298,23435,6360434,,,,,,,,,false,
7425,starexec,NUM690+4.p,e1a,equational,SATURATED,559,897.696,629.896,,,7,7,7,7,,,,,,,,,false,
7425,starexec,NUM690+4.p,e1a,first-negative,SATURATED,559,1121.574,445.181,,,3,3,3,3,,,,,,,,,false,
7425,starexec,NUM690+4.p,e1a,occurrence,TIMEOUT,559,3477.215,162474.099,,,16007,4611865,12444,4538271,,,,,,,,,false,
7425,starexec,NUM690+4.p,e1a,subsumption-light,SATURATED,559,893.112,537.685,,,7,7,7,7,,,,,,,,,false,
7425,starexec,NUM690+4.p,e1a,unary-redundancy,SATURATED,559,1178.539,680.350,,,11,11,11,11,,,,,,,,,false,
7425,starexec,NUM690+4.p,e1a,weight-greedy,SATURATED,559,915.760,431.787,,,5,5,5,5,,,,,,,,,false,
7425,starexec,NUM691+4.p,e1a,age-fair,HARD_TIMEOUT,564,0.000,,,,,,,,,,,,,,,,false,
7425,starexec,NUM691+4.p,e1a,balanced,TIMEOUT,564,861.930,164366.231,,,23699,8989280,22611,8945852,,,,,,,,,false,
7425,starexec,NUM691+4.p,e1a,equational,SATURATED,564,861.451,466.276,,,7,7,7,7,,,,,,,,,false,
7425,starexec,NUM691+4.p,e1a,first-negative,SATURATED,564,767.115,315.353,,,3,3,3,3,,,,,,,,,false,
7425,starexec,NUM691+4.p,e1a,occurrence,HARD_TIMEOUT,564,0.000,,,,,,,,,,,,,,,,false,
7425,starexec,NUM691+4.p,e1a,subsumption-light,SATURATED,564,927.589,473.120,,,7,7,7,7,,,,,,,,,false,
7425,starexec,NUM691+4.p,e1a,unary-redundancy,SATURATED,564,1141.160,522.232,,,11,11,11,11,,,,,,,,,false,
7425,starexec,NUM691+4.p,e1a,weight-greedy,SATURATED,564,600.545,306.776,,,5,5,5,5,,,,,,,,,false,
7425,starexec,NUM694+4.p,e1a,age-fair,HARD_TIMEOUT,572,0.000,,,,,,,,,,,,,,,,false,
7425,starexec,NUM694+4.p,e1a,balanced,TIMEOUT,572,947.838,164192.996,,,25388,7542073,24505,7496445,,,,,,,,,false,
7425,starexec,NUM694+4.p,e1a,equational,TIMEOUT,572,1132.178,161217.928,,,11701,8388142,10817,8360252,,,,,,,,,false,
7425,starexec,NUM694+4.p,e1a,first-negative,SATURATED,572,976.289,380.624,,,3,3,3,3,,,,,,,,,false,
7425,starexec,NUM694+4.p,e1a,occurrence,TIMEOUT,572,3189.173,162092.786,,,17534,4621617,14345,4550080,,,,,,,,,false,
7425,starexec,NUM694+4.p,e1a,subsumption-light,TIMEOUT,572,1049.798,161282.181,,,3077,6244117,2947,6231599,,,,,,,,,false,
7425,starexec,NUM694+4.p,e1a,unary-redundancy,TIMEOUT,572,1419.246,161168.633,,,10050,6821066,9536,6798966,,,,,,,,,false,
7425,starexec,NUM694+4.p,e1a,weight-greedy,SATURATED,572,762.117,466.049,,,17,20,17,13,,,,,,,,,false,
7425,starexec,NUM695+4.p,e1a,age-fair,TIMEOUT,574,3285.252,162171.152,,,12345,4494313,11636,4478946,,,,,,,,,false,
7425,starexec,NUM695+4.p,e1a,balanced,TIMEOUT,574,903.535,164405.751,,,25831,7310865,23413,7264138,,,,,,,,,false,
7425,starexec,NUM695+4.p,e1a,equational,TIMEOUT,574,711.621,163498.228,,,14392,5701903,12688,5652287,,,,,,,,,false,
7425,starexec,NUM695+4.p,e1a,first-negative,SATURATED,574,774.781,303.574,,,3,3,3,3,,,,,,,,,false,
7425,starexec,NUM695+4.p,e1a,occurrence,TIMEOUT,574,3031.238,162349.813,,,17254,5051469,16004,4968353,,,,,,,,,false,
7425,starexec,NUM695+4.p,e1a,subsumption-light,TIMEOUT,574,646.388,163317.293,,,8666,406145,7145,375542,,,,,,,,,false,
7425,starexec,NUM695+4.p,e1a,unary-redundancy,TIMEOUT,574,1934.998,161601.995,,,7858,3858492,7600,3841176,,,,,,,,,false,
7425,starexec,NUM695+4.p,e1a,weight-greedy,SATURATED,574,591.827,401.370,,,11,11,11,7,,,,,,,,,false,
7425,starexec,NUM698+4.p,e1a,age-fair,TIMEOUT,585,2038.225,165156.401,,,15701,6160290,15035,6139506,,,,,,,,,false,
7425,starexec,NUM698+4.p,e1a,balanced,TIMEOUT,585,591.109,164823.054,,,29524,10965782,26610,10902332,,,,,,,,,false,
7425,starexec,NUM698+4.p,e1a,equational,SATURATED,585,586.668,445.903,,,12,12,12,12,,,,,,,,,false,
7425,starexec,NUM698+4.p,e1a,first-negative,SATURATED,585,1055.039,392.076,,,3,3,3,3,,,,,,,,,false,
7425,starexec,NUM698+4.p,e1a,occurrence,TIMEOUT,585,1911.968,163493.259,,,21659,5705460,19539,5594088,,,,,,,,,false,
7425,starexec,NUM698+4.p,e1a,subsumption-light,SATURATED,585,588.887,442.447,,,10,10,10,10,,,,,,,,,false,
7425,starexec,NUM698+4.p,e1a,unary-redundancy,TIMEOUT,585,1694.759,161781.161,,,8957,4193996,8440,4173490,,,,,,,,,false,
7425,starexec,NUM698+4.p,e1a,weight-greedy,SATURATED,585,583.198,361.212,,,6,6,6,6,,,,,,,,,false,
7425,starexec,NUM707+4.p,e1a,age-fair,HARD_TIMEOUT,634,0.000,,,,,,,,,,,,,,,,false,
7425,starexec,NUM707+4.p,e1a,balanced,TIMEOUT,634,1006.728,164238.362,,,27683,9176333,27188,9134018,,,,,,,,,false,
7425,starexec,NUM707+4.p,e1a,equational,SATURATED,634,629.144,447.174,,,15,15,15,10,,,,,,,,,false,
7425,starexec,NUM707+4.p,e1a,first-negative,SATURATED,634,728.591,335.733,,,3,3,3,3,,,,,,,,,false,
7425,starexec,NUM707+4.p,e1a,occurrence,TIMEOUT,634,3138.287,162007.004,,,14226,4993525,13299,4944168,,,,,,,,,false,
7425,starexec,NUM707+4.p,e1a,subsumption-light,SATURATED,634,626.421,424.618,,,6,6,6,6,,,,,,,,,false,
7425,starexec,NUM707+4.p,e1a,unary-redundancy,TIMEOUT,634,1380.876,161148.185,,,2258,3103551,2132,3094533,,,,,,,,,false,
7425,starexec,NUM707+4.p,e1a,weight-greedy,SATURATED,634,612.378,316.158,,,5,5,5,5,,,,,,,,,false,
7425,starexec,NUM709+4.p,e1a,age-fair,TIMEOUT,639,3379.982,162151.550,,,13005,3007635,12813,2991294,,,,,,,,,false,
7425,starexec,NUM709+4.p,e1a,balanced,TIMEOUT,639,1099.879,164254.760,,,25796,7857568,24440,7807706,,,,,,,,,false,
7425,starexec,NUM709+4.p,e1a,equational,SATURATED,639,942.961,635.535,,,15,15,15,10,,,,,,,,,false,
7425,starexec,NUM709+4.p,e1a,first-negative,SATURATED,639,1131.929,503.702,,,3,3,3,3,,,,,,,,,false,
7425,starexec,NUM709+4.p,e1a,occurrence,TIMEOUT,639,3133.233,161840.669,,,14937,4959093,12909,4897116,,,,,,,,,false,
7425,starexec,NUM709+4.p,e1a,subsumption-light,SATURATED,639,997.358,633.291,,,6,6,6,6,,,,,,,,,false,
7425,starexec,NUM709+4.p,e1a,unary-redundancy,TIMEOUT,639,1298.551,161326.274,,,3792,3210674,3381,3198086,,,,,,,,,false,
7425,starexec,NUM709+4.p,e1a,weight-greedy,SATURATED,639,939.702,442.104,,,5,5,5,5,,,,,,,,,false,
7425,starexec,NUM743+4.p,e1a,age-fair,TIMEOUT,907,2255.452,163975.290,,,13677,3242612,13333,3224991,,,,,,,,,false,
7425,starexec,NUM743+4.p,e1a,balanced,TIMEOUT,907,791.847,164779.285,,,30108,6419528,29922,6372650,,,,,,,,,false,
7425,starexec,NUM743+4.p,e1a,equational,SATURATED,907,668.371,383.695,,,9,9,9,9,,,,,,,,,false,
7425,starexec,NUM743+4.p,e1a,first-negative,SATURATED,907,1162.852,485.640,,,3,3,3,3,,,,,,,,,false,
7425,starexec,NUM743+4.p,e1a,occurrence,TIMEOUT,907,2169.930,164114.995,,,17925,5197719,16505,5128772,,,,,,,,,false,
7425,starexec,NUM743+4.p,e1a,subsumption-light,SATURATED,907,694.124,405.981,,,9,9,9,9,,,,,,,,,false,
7425,starexec,NUM743+4.p,e1a,unary-redundancy,TIMEOUT,907,1844.854,163031.114,,,12513,3983226,10826,3955534,,,,,,,,,false,
7425,starexec,NUM743+4.p,e1a,weight-greedy,SATURATED,907,656.406,367.658,,,5,5,5,5,,,,,,,,,false,
7425,starexec,NUM747+4.p,e1a,age-fair,HARD_TIMEOUT,943,0.000,,,,,,,,,,,,,,,,false,
7425,starexec,NUM747+4.p,e1a,balanced,TIMEOUT,943,731.297,164844.830,,,27684,6642303,24888,6588949,,,,,,,,,false,
7425,starexec,NUM747+4.p,e1a,equational,SATURATED,943,673.606,411.651,,,7,7,7,7,,,,,,,,,false,
7425,starexec,NUM747+4.p,e1a,first-negative,SATURATED,943,1150.622,584.005,,,3,3,3,3,,,,,,,,,false,
7425,starexec,NUM747+4.p,e1a,occurrence,TIMEOUT,943,2291.042,163558.328,,,17097,5302597,14883,5223105,,,,,,,,,false,
7425,starexec,NUM747+4.p,e1a,subsumption-light,SATURATED,943,667.784,428.710,,,7,7,7,7,,,,,,,,,false,
7425,starexec,NUM747+4.p,e1a,unary-redundancy,TIMEOUT,943,1414.568,162927.309,,,8712,4474697,8113,4457117,,,,,,,,,false,
7425,starexec,NUM747+4.p,e1a,weight-greedy,SATURATED,943,635.137,356.824,,,5,5,5,5,,,,,,,,,false,
7425,starexec,NUM750+4.p,e1a,age-fair,HARD_TIMEOUT,964,0.000,,,,,,,,,,,,,,,,false,
7425,starexec,NUM750+4.p,e1a,balanced,TIMEOUT,964,1137.197,164150.266,,,29926,7935645,28846,7886658,,,,,,,,,false,
7425,starexec,NUM750+4.p,e1a,equational,SATURATED,964,648.859,385.203,,,8,8,8,8,,,,,,,,,false,
7425,starexec,NUM750+4.p,e1a,first-negative,SATURATED,964,809.322,449.389,,,3,3,3,3,,,,,,,,,false,
7425,starexec,NUM750+4.p,e1a,subsumption-light,SATURATED,964,639.417,461.032,,,8,8,8,8,,,,,,,,,false,
7425,starexec,NUM750+4.p,e1a,unary-redundancy,SATURATED,964,1329.155,786.464,,,15,15,15,15,,,,,,,,,false,
7425,starexec,NUM750+4.p,e1a,weight-greedy,SATURATED,964,663.742,386.105,,,5,5,5,5,,,,,,,,,false,
7425,starexec,NUM757+4.p,e1a,age-fair,HARD_TIMEOUT,1012,0.000,,,,,,,,,,,,,,,,false,
7425,starexec,NUM757+4.p,e1a,balanced,TIMEOUT,1012,1296.683,163849.751,,,26892,10652876,26043,10607070,,,,,,,,,false,
7425,starexec,NUM757+4.p,e1a,equational,SATURATED,1012,1010.677,371.743,,,8,8,8,8,,,,,,,,,false,
7425,starexec,NUM757+4.p,e1a,first-negative,SATURATED,1012,1260.484,387.637,,,3,3,3,3,,,,,,,,,false,
7425,starexec,NUM757+4.p,e1a,occurrence,TIMEOUT,1012,3644.936,161311.009,,,22726,4348161,14718,4280419,,,,,,,,,false,
7425,starexec,NUM757+4.p,e1a,subsumption-light,SATURATED,1012,1106.249,402.559,,,8,8,8,8,,,,,,,,,false,
7425,starexec,NUM757+4.p,e1a,unary-redundancy,SATURATED,1012,1291.566,424.577,,,8,8,8,8,,,,,,,,,false,
7425,starexec,NUM757+4.p,e1a,weight-greedy,SATURATED,1012,961.530,336.435,,,5,5,5,5,,,,,,,,,false,
7425,starexec,NUM783+4.p,e1a,age-fair,HARD_TIMEOUT,1257,0.000,,,,,,,,,,,,,,,,false,
7425,starexec,NUM783+4.p,e1a,balanced,TIMEOUT,1257,816.596,164600.603,,,35727,6720699,35363,6668054,,,,,,,,,false,
7425,starexec,NUM783+4.p,e1a,equational,TIMEOUT,1257,918.480,162565.617,,,12585,4839603,11365,4810183,,,,,,,,,false,
7425,starexec,NUM783+4.p,e1a,first-negative,SATURATED,1257,909.950,307.049,,,5,5,5,5,,,,,,,,,false,
7425,starexec,NUM783+4.p,e1a,occurrence,TIMEOUT,1257,2140.996,162807.491,,,23039,5526611,16826,5432949,,,,,,,,,false,
7425,starexec,NUM783+4.p,e1a,subsumption-light,TIMEOUT,1257,823.193,162402.639,,,18645,494665,16000,445121,,,,,,,,,false,
7425,starexec,NUM783+4.p,e1a,unary-redundancy,TIMEOUT,1257,1789.784,162718.521,,,15443,5872661,14695,5841375,,,,,,,,,false,
7425,starexec,NUM783+4.p,e1a,weight-greedy,SATURATED,1257,763.907,498.196,,,14,15,14,12,,,,,,,,,false,
7425,starexec,NUM785+4.p,e1a,age-fair,HARD_TIMEOUT,1274,0.000,,,,,,,,,,,,,,,,false,
7425,starexec,NUM785+4.p,e1a,balanced,TIMEOUT,1274,1275.104,164018.155,,,30395,5373002,29902,5314140,,,,,,,,,false,
7425,starexec,NUM785+4.p,e1a,equational,TIMEOUT,1274,1389.271,160468.931,,,10359,3050938,9260,3025504,,,,,,,,,false,
7425,starexec,NUM785+4.p,e1a,first-negative,SATURATED,1274,1289.892,548.556,,,3,3,3,3,,,,,,,,,false,
7425,starexec,NUM785+4.p,e1a,occurrence,TIMEOUT,1274,3493.777,161307.081,,,17156,5299433,13833,5230796,,,,,,,,,false,
7425,starexec,NUM785+4.p,e1a,subsumption-light,SATURATED,1274,1207.240,664.748,,,8,8,8,8,,,,,,,,,false,
7425,starexec,NUM785+4.p,e1a,unary-redundancy,TIMEOUT,1274,1832.960,160250.202,,,4351,3902130,4249,3890494,,,,,,,,,false,
7425,starexec,NUM785+4.p,e1a,weight-greedy,SATURATED,1274,769.148,389.949,,,6,6,6,6,,,,,,,,,false,
7425,starexec,NUM786+4.p,e1a,age-fair,HARD_TIMEOUT,1277,0.000,,,,,,,,,,,,,,,,false,
7425,starexec,NUM786+4.p,e1a,balanced,TIMEOUT,1277,1262.718,163928.783,,,33669,5029899,32857,4980333,,,,,,,,,false,
7425,starexec,NUM786+4.p,e1a,equational,TIMEOUT,1277,885.483,162437.324,,,12687,4440655,12014,4411151,,,,,,,,,false,
7425,starexec,NUM786+4.p,e1a,first-negative,SATURATED,1277,890.860,377.448,,,3,3,3,3,,,,,,,,,false,
7425,starexec,NUM786+4.p,e1a,occurrence,HARD_TIMEOUT,1277,0.000,,,,,,,,,,,,,,,,false,
7425,starexec,NUM786+4.p,e1a,subsumption-light,SATURATED,1277,766.027,433.361,,,12,12,12,11,,,,,,,,,false,
7425,starexec,NUM786+4.p,e1a,unary-redundancy,TIMEOUT,1277,1995.508,160704.901,,,5771,3124372,4918,3110828,,,,,,,,,false,
7425,starexec,NUM786+4.p,e1a,weight-greedy,SATURATED,1277,732.518,405.517,,,6,6,6,6,,,,,,,,,false,
7425,starexec,NUM787+4.p,e1a,age-fair,TIMEOUT,1280,2446.660,163059.618,,,17463,6122846,16782,6101381,,,,,,,,,false,
7425,starexec,NUM787+4.p,e1a,balanced,TIMEOUT,1280,856.719,164775.191,,,35818,8501206,33834,8429228,,,,,,,,,false,
7425,starexec,NUM787+4.p,e1a,equational,SATURATED,1280,764.051,494.950,,,17,17,17,16,,,,,,,,,false,
7425,starexec,NUM787+4.p,e1a,first-negative,SATURATED,1280,1252.432,511.006,,,3,3,3,3,,,,,,,,,false,
7425,starexec,NUM787+4.p,e1a,occurrence,TIMEOUT,1280,2292.639,162924.293,,,20178,7309835,17565,7234413,,,,,,,,,false,
7425,starexec,NUM787+4.p,e1a,subsumption-light,SATURATED,1280,744.739,423.650,,,12,12,12,11,,,,,,,,,false,
7425,starexec,NUM787+4.p,e1a,unary-redundancy,TIMEOUT,1280,1228.474,162500.567,,,5556,2919068,5120,2906122,,,,,,,,,false,
7425,starexec,NUM787+4.p,e1a,weight-greedy,SATURATED,1280,735.375,391.021,,,6,6,6,6,,,,,,,,,false,
7425,starexec,NUM789+4.p,e1a,age-fair,TIMEOUT,1286,2346.126,162970.108,,,14213,4230642,13953,4213785,,,,,,,,,false,
7425,starexec,NUM789+4.p,e1a,balanced,TIMEOUT,1286,840.532,164613.852,,,31680,6460180,29850,6403348,,,,,,,,,false,
7425,starexec,NUM789+4.p,e1a,equational,SATURATED,1286,736.250,444.760,,,18,18,18,17,,,,,,,,,false,
7425,starexec,NUM789+4.p,e1a,first-negative,SATURATED,1286,860.066,295.933,,,3,3,3,3,,,,,,,,,false,
7425,starexec,NUM789+4.p,e1a,occurrence,TIMEOUT,1286,2208.480,162898.398,,,17310,5076180,13660,5022252,,,,,,,,,false,
7425,starexec,NUM789+4.p,e1a,subsumption-light,SATURATED,1286,732.583,431.253,,,15,15,15,14,,,,,,,,,false,
7425,starexec,NUM789+4.p,e1a,unary-redundancy,TIMEOUT,1286,1216.026,162391.331,,,5484,3683891,5315,3669109,,,,,,,,,false,
7425,starexec,NUM789+4.p,e1a,weight-greedy,SATURATED,1286,708.368,400.559,,,6,6,6,6,,,,,,,,,false,
7425,starexec,NUM795+4.p,e1a,age-fair,HARD_TIMEOUT,1411,0.000,,,,,,,,,,,,,,,,false,
7425,starexec,NUM795+4.p,e1a,balanced,TIMEOUT,1411,875.171,164657.048,,,37701,11795143,36728,11737789,,,,,,,,,false,
7425,starexec,NUM795+4.p,e1a,equational,SATURATED,1411,773.910,390.369,,,7,7,7,7,,,,,,,,,false,
7425,starexec,NUM795+4.p,e1a,first-negative,SATURATED,1411,927.711,377.720,,,3,3,3,3,,,,,,,,,false,
7425,starexec,NUM795+4.p,e1a,occurrence,TIMEOUT,1411,2131.067,162799.761,,,20455,7383474,19342,7320052,,,,,,,,,false,
7425,starexec,NUM795+4.p,e1a,subsumption-light,SATURATED,1411,760.938,439.442,,,7,7,7,7,,,,,,,,,false,
7425,starexec,NUM795+4.p,e1a,unary-redundancy,TIMEOUT,1411,1258.416,162516.767,,,5697,6297120,5550,6282234,,,,,,,,,false,
7425,starexec,NUM795+4.p,e1a,weight-greedy,SATURATED,1411,727.221,405.375,,,5,5,5,5,,,,,,,,,false,
7425,starexec,NUM796+4.p,e1a,age-fair,HARD_TIMEOUT,1416,0.000,,,,,,,,,,,,,,,,false,
7425,starexec,NUM796+4.p,e1a,balanced,TIMEOUT,1416,859.265,164643.867,,,35843,7799880,35403,7740862,,,,,,,,,false,
7425,starexec,NUM796+4.p,e1a,equational,SATURATED,1416,736.736,430.564,,,7,7,7,7,,,,,,,,,false,
7425,starexec,NUM796+4.p,e1a,first-negative,SATURATED,1416,1446.064,607.526,,,3,3,3,3,,,,,,,,,false,
7425,starexec,NUM796+4.p,e1a,occurrence,KILLED,,0.000,,,,,,,,,,,,,,,,false,killed before finishing
7425,starexec,NUM796+4.p,e1a,subsumption-light,SATURATED,1416,743.074,468.271,,,7,7,7,7,,,,,,,,,false,
7425,starexec,NUM796+4.p,e1a,unary-redundancy,TIMEOUT,1416,1229.989,162486.139,,,5054,3450776,4792,3438632,,,,,,,,,false,
7425,starexec,NUM796+4.p,e1a,weight-greedy,SATURATED,1416,727.238,325.727,,,5,5,5,5,,,,,,,,,false,
7425,starexec,NUM835+1.p,e1a,age-fair,REFUTED,38,805.800,2632.534,,,197,5345,178,4936,49,,,,,,,,false,
7425,starexec,NUM835+1.p,e1a,balanced,REFUTED,38,237.813,2053.069,,,327,11144,316,10168,49,,,,,,,,false,
7425,starexec,NUM835+1.p,e1a,equational,REFUTED,38,460.787,5127.075,,,434,25528,418,24386,49,,,,,,,,false,
7425,starexec,NUM835+1.p,e1a,first-negative,TIMEOUT,38,873.658,163552.120,,,4572,5206651,4206,5152129,,,,,,,,,false,
7425,starexec,NUM835+1.p,e1a,occurrence,REFUTED,38,804.810,2869.932,,,180,4882,175,4042,49,,,,,,,,false,
7425,starexec,NUM835+1.p,e1a,subsumption-light,REFUTED,38,471.649,4065.656,,,325,11036,312,10060,49,,,,,,,,false,
7425,starexec,NUM835+1.p,e1a,unary-redundancy,REFUTED,38,822.228,3624.803,,,227,7960,220,7211,49,,,,,,,,false,
7425,starexec,NUM835+1.p,e1a,weight-greedy,REFUTED,38,478.556,2723.945,,,262,2509,227,1021,49,,,,,,,,false,
7425,starexec,NUM840+1.p,e1a,age-fair,REFUTED,38,819.317,12444.282,,,1077,165743,992,163728,47,,,,,,,,false,
7425,starexec,NUM840+1.p,e1a,balanced,REFUTED,38,229.059,7868.793,,,1654,191175,1630,187146,47,,,,,,,,false,
7425,starexec,NUM840+1.p,e1a,equational,REFUTED,38,470.759,25549.770,,,2322,673576,2310,667203,47,,,,,,,,false,
7425,starexec,NUM840+1.p,e1a,first-negative,TIMEOUT,38,942.154,163613.128,,,4998,5569096,4566,5538376,,,,,,,,,false,
7425,starexec,NUM840+1.p,e1a,occurrence,REFUTED,38,814.838,4737.144,,,744,21600,711,19278,47,,,,,,,,false,
7425,starexec,NUM840+1.p,e1a,subsumption-light,REFUTED,38,496.439,6793.247,,,655,41203,631,39536,47,,,,,,,,false,
7425,starexec,NUM840+1.p,e1a,unary-redundancy,TIMEOUT,38,820.279,164233.901,,,4537,3876642,4144,3862896,,,,,,,,,false,
7425,starexec,NUM840+1.p,e1a,weight-greedy,REFUTED,38,488.616,2472.245,,,349,4733,341,3008,47,,,,,,,,false,
7425,starexec,NUM853+2.p,e1a,age-fair,REFUTED,36,813.165,14222.354,,,1668,192181,1570,189586,41,,,,,,,,false,
7425,starexec,NUM853+2.p,e1a,balanced,REFUTED,36,204.643,3535.333,,,765,33837,742,32351,41,,,,,,,,false,
7425,starexec,NUM853+2.p,e1a,equational,REFUTED,36,454.982,9335.606,,,911,67054,894,65322,41,,,,,,,,false,
7425,starexec,NUM853+2.p,e1a,first-negative,TIMEOUT,36,896.527,163570.341,,,6490,6619807,6109,6597821,,,,,,,,,false,
7425,starexec,NUM853+2.p,e1a,occurrence,REFUTED,36,812.923,4903.304,,,668,21274,664,19331,41,,,,,,,,false,
7425,starexec,NUM853+2.p,e1a,subsumption-light,REFUTED,36,455.089,6768.009,,,675,29373,633,27887,41,,,,,,,,false,
7425,starexec,NUM853+2.p,e1a,unary-redundancy,REFUTED,36,802.313,7441.945,,,701,36673,668,35221,41,,,,,,,,false,
7425,starexec,NUM853+2.p,e1a,weight-greedy,REFUTED,36,476.580,3131.959,,,454,8806,441,6592,41,,,,,,,,false,
7425,starexec,NUM859+1.p,e1a,age-fair,TIMEOUT,13,714.563,164426.853,,,11849,10825103,11657,10804961,,,,,,,,,false,
7425,starexec,NUM859+1.p,e1a,balanced,TIMEOUT,13,206.666,165384.785,,,23587,21683931,22187,21615547,,,,,,,,,false,
7425,starexec,NUM859+1.p,e1a,equational,TIMEOUT,13,410.757,167199.065,,,16466,12629419,14944,12582919,,,,,,,,,false,
7425,starexec,NUM859+1.p,e1a,first-negative,HARD_TIMEOUT,13,0.000,,,,,,,,,,,,,,,,false,
7425,starexec,NUM859+1.p,e1a,occurrence,TIMEOUT,13,714.961,164505.979,,,17252,13637738,16075,13534324,,,,,,,,,false,
7425,starexec,NUM859+1.p,e1a,subsumption-light,TIMEOUT,13,400.478,164541.750,,,11450,6607525,11360,6578073,,,,,,,,,false,
7425,starexec,NUM859+1.p,e1a,unary-redundancy,TIMEOUT,13,696.464,164535.641,,,10573,6028435,9301,5997251,,,,,,,,,false,
7425,starexec,NUM859+1.p,e1a,weight-greedy,TIMEOUT,13,427.234,164555.341,,,16334,10416638,13751,10112472,,,,,,,,,false,
7425,starexec,NUM860+1.p,e1a,age-fair,TIMEOUT,13,375.941,165823.669,,,12201,12046823,11990,12028321,,,,,,,,,false,
7425,starexec,NUM860+1.p,e1a,balanced,TIMEOUT,13,186.742,165019.466,,,14034,15833543,13224,15799548,,,,,,,,,false,
7425,starexec,NUM860+1.p,e1a,equational,HARD_TIMEOUT,13,0.000,,,,,,,,,,,,,,,,false,
7425,starexec,NUM860+1.p,e1a,first-negative,TIMEOUT,13,266.784,165206.397,,,22705,21618775,20152,21564083,,,,,,,,,false,
7425,starexec,NUM860+1.p,e1a,occurrence,TIMEOUT,13,384.708,165051.051,,,16057,15223758,15525,15132086,,,,,,,,,false,
7425,starexec,NUM860+1.p,e1a,subsumption-light,HARD_TIMEOUT,13,0.000,,,,,,,,,,,,,,,,false,
7425,starexec,NUM860+1.p,e1a,unary-redundancy,TIMEOUT,13,390.775,166067.537,,,10224,7694981,9795,7670255,,,,,,,,,false,
7425,starexec,NUM860+1.p,e1a,weight-greedy,REFUTED,13,211.725,93262.110,,,29330,10415613,19054,10135346,30,,,,,,,,false,
7425,starexec,NUN054+1.p,e1a,age-fair,REFUTED,18,932.473,46366.976,,,10226,1504699,9658,1490804,59,,,,,,,,false,
7425,starexec,NUN054+1.p,e1a,balanced,REFUTED,18,247.307,967.302,,,397,2597,386,2071,59,,,,,,,,false,
7425,starexec,NUN054+1.p,e1a,equational,REFUTED,18,513.021,1884.907,,,423,3042,421,2466,59,,,,,,,,false,
7425,starexec,NUN054+1.p,e1a,first-negative,TIMEOUT,18,976.672,163787.322,,,31478,1108583,30350,1069480,,,,,,,,,false,
7425,starexec,NUN054+1.p,e1a,occurrence,REFUTED,18,873.285,2698.357,,,698,5867,642,4310,59,,,,,,,,false,
7425,starexec,NUN054+1.p,e1a,subsumption-light,REFUTED,18,485.949,3121.365,,,531,5071,517,4231,59,,,,,,,,false,
7425,starexec,NUN054+1.p,e1a,unary-redundancy,REFUTED,18,906.700,2570.146,,,400,2502,387,1974,59,,,,,,,,false,
7425,starexec,NUN054+1.p,e1a,weight-greedy,REFUTED,18,527.570,18200.166,,,6039,135572,5975,105655,59,,,,,,,,false,
7425,starexec,NUN054+2.p,e1a,age-fair,REFUTED,11,460.954,1146.184,,,192,1763,167,1439,40,,,,,,,,false,
7425,starexec,NUN054+2.p,e1a,balanced,REFUTED,11,130.607,319.952,,,58,94,48,32,40,,,,,,,,false,
7425,starexec,NUN054+2.p,e1a,equational,REFUTED,11,300.651,624.153,,,58,94,48,32,40,,,,,,,,false,
7425,starexec,NUN054+2.p,e1a,first-negative,REFUTED,11,748.023,1307.403,,,147,447,99,213,40,,,,,,,,false,
7425,starexec,NUN054+2.p,e1a,occurrence,REFUTED,11,475.595,533.489,,,47,72,39,32,40,,,,,,,,false,
7425,starexec,NUN054+2.p,e1a,subsumption-light,REFUTED,11,311.597,704.107,,,73,151,60,59,40,,,,,,,,false,
7425,starexec,NUN054+2.p,e1a,unary-redundancy,REFUTED,11,449.377,624.699,,,57,94,48,32,40,,,,,,,,false,
7425,starexec,NUN054+2.p,e1a,weight-greedy,REFUTED,11,322.496,2266.003,,,454,8967,432,8080,40,,,,,,,,false,
7425,starexec,NUN056+1.p,e1a,age-fair,TIMEOUT,18,923.042,163953.461,,,27498,8258784,25078,8218437,,,,,,,,,false,
7425,starexec,NUN056+1.p,e1a,balanced,TIMEOUT,18,243.433,164892.951,,,42614,12392696,38068,12295582,,,,,,,,,false,
7425,starexec,NUN056+1.p,e1a,equational,TIMEOUT,18,541.530,163961.287,,,32604,6671046,29481,6602662,,,,,,,,,false,
7425,starexec,NUN056+1.p,e1a,first-negative,TIMEOUT,18,976.195,163507.648,,,26226,1102341,26132,1070050,,,,,,,,,false,
7425,starexec,NUN056+1.p,e1a,occurrence,TIMEOUT,18,877.741,163898.711,,,37133,4074047,36203,3945585,,,,,,,,,false,
7425,starexec,NUN056+1.p,e1a,subsumption-light,TIMEOUT,18,536.060,164184.939,,,12584,2451128,12341,2419880,,,,,,,,,false,
7425,starexec,NUN056+1.p,e1a,unary-redundancy,TIMEOUT,18,902.600,163967.333,,,11607,1038363,11143,1015927,,,,,,,,,false,
7425,starexec,NUN056+1.p,e1a,weight-greedy,REFUTED,18,544.040,17745.930,,,4929,73469,4771,51422,59,,,,,,,,false,
7425,starexec,NUN057+1.p,e1a,age-fair,TIMEOUT,18,556.824,164680.224,,,24443,7102510,22131,7066636,,,,,,,,,false,
7425,starexec,NUN057+1.p,e1a,balanced,TIMEOUT,18,165.374,165268.216,,,38021,9401164,34437,9321215,,,,,,,,,false,
7425,starexec,NUN057+1.p,e1a,equational,TIMEOUT,18,344.473,164705.758,,,31627,6648813,28611,6585433,,,,,,,,,false,
7425,starexec,NUN057+1.p,e1a,first-negative,TIMEOUT,18,918.090,163651.953,,,33749,1139837,33657,1098802,,,,,,,,,false,
7425,starexec,NUN057+1.p,e1a,occurrence,HARD_TIMEOUT,18,0.000,,,,,,,,,,,,,,,,false,
7425,starexec,NUN057+1.p,e1a,subsumption-light,TIMEOUT,18,321.749,164945.226,,,12494,2388410,12211,2357326,,,,,,,,,false,
7425,starexec,NUN057+1.p,e1a,unary-redundancy,TIMEOUT,18,549.185,164740.120,,,9207,797317,8832,780553,,,,,,,,,false,
7425,starexec,NUN057+1.p,e1a,weight-greedy,TIMEOUT,18,338.742,164750.930,,,35458,1302249,31304,1130247,,,,,,,,,false,
7425,starexec,NUN060+1.p,e1a,age-fair,TIMEOUT,18,898.058,164015.427,,,21561,6306774,19515,6274323,,,,,,,,,false,
7425,starexec,NUN060+1.p,e1a,balanced,REFUTED,18,242.351,420.337,,,47,134,43,84,59,,,,,,,,false,
7425,starexec,NUN060+1.p,e1a,equational,REFUTED,18,497.171,753.778,,,45,124,41,72,59,,,,,,,,false,
7425,starexec,NUN060+1.p,e1a,first-negative,REFUTED,18,925.538,802.954,,,53,208,52,146,59,,,,,,,,false,
7425,starexec,NUN060+1.p,e1a,occurrence,REFUTED,18,951.172,635.132,,,23,59,20,43,59,,,,,,,,false,
7425,starexec,NUN060+1.p,e1a,subsumption-light,REFUTED,18,489.528,1476.649,,,172,1238,167,994,59,,,,,,,,false,
7425,starexec,NUN060+1.p,e1a,unary-redundancy,REFUTED,18,840.272,819.459,,,48,137,44,85,59,,,,,,,,false,
7425,starexec,NUN060+1.p,e1a,weight-greedy,REFUTED,18,325.017,451.389,,,21,56,18,43,59,,,,,,,,false,
7425,starexec,NUN062+1.p,e1a,age-fair,REFUTED,18,819.566,1309.199,,,288,1999,273,1638,60,,,,,,,,false,
7425,starexec,NUN062+1.p,e1a,balanced,REFUTED,18,164.153,335.469,,,79,268,58,163,60,,,,,,,,false,
7425,starexec,NUN062+1.p,e1a,equational,REFUTED,18,334.810,598.108,,,78,257,54,157,60,,,,,,,,false,
7425,starexec,NUN062+1.p,e1a,first-negative,REFUTED,18,691.537,607.029,,,67,281,55,202,60,,,,,,,,false,
7425,starexec,NUN062+1.p,e1a,occurrence,REFUTED,18,567.029,550.087,,,65,190,46,105,60,,,,,,,,false,
7425,starexec,NUN062+1.p,e1a,subsumption-light,REFUTED,18,302.677,649.395,,,79,268,58,163,60,,,,,,,,false,
7425,starexec,NUN062+1.p,e1a,unary-redundancy,REFUTED,18,575.304,590.059,,,79,268,58,163,60,,,,,,,,false,
7425,starexec,NUN062+1.p,e1a,weight-greedy,REFUTED,18,326.416,511.568,,,56,106,40,44,60,,,,,,,,false,
7425,starexec,NUN065+1.p,e1a,age-fair,REFUTED,18,916.730,23922.027,,,8005,1053418,7766,1042752,63,,,,,,,,false,
7425,starexec,NUN065+1.p,e1a,balanced,REFUTED,18,290.202,4349.713,,,2407,121684,2255,115685,63,,,,,,,,false,
7425,starexec,NUN065+1.p,e1a,equational,REFUTED,18,515.371,9276.231,,,2500,129169,2318,122891,63,,,,,,,,false,
7425,starexec,NUN065+1.p,e1a,first-negative,TIMEOUT,18,1025.979,163645.404,,,11014,11162684,10779,11136692,,,,,,,,,false,
7425,starexec,NUN065+1.p,e1a,occurrence,REFUTED,18,919.079,7442.833,,,1640,62495,1501,54558,63,,,,,,,,false,
7425,starexec,NUN065+1.p,e1a,subsumption-light,REFUTED,18,549.184,3561.537,,,647,9586,607,8292,63,,,,,,,,false,
7425,starexec,NUN065+1.p,e1a,unary-redundancy,REFUTED,18,913.529,4014.831,,,693,12352,654,10948,63,,,,,,,,false,
7425,starexec,NUN065+1.p,e1a,weight-greedy,REFUTED,18,481.611,5276.076,,,1148,36063,1060,25188,63,,,,,,,,false,
7425,starexec,NUN066+1.p,e1a,age-fair,REFUTED,18,920.809,8917.093,,,2808,97020,2692,93392,64,,,,,,,,false,
7425,starexec,NUN066+1.p,e1a,balanced,REFUTED,18,265.301,2743.476,,,1155,33489,1094,30917,64,,,,,,,,false,
7425,starexec,NUN066+1.p,e1a,equational,REFUTED,18,525.550,9127.152,,,2394,120286,2253,114384,64,,,,,,,,false,
7425,starexec,NUN066+1.p,e1a,first-negative,TIMEOUT,18,1034.556,163629.096,,,10577,11518669,10334,11493546,,,,,,,,,false,
7425,starexec,NUN066+1.p,e1a,occurrence,REFUTED,18,908.456,9582.574,,,2570,121922,2364,107174,64,,,,,,,,false,
7425,starexec,NUN066+1.p,e1a,subsumption-light,REFUTED,18,551.575,6411.617,,,1220,40695,1171,37909,64,,,,,,,,false,
7425,starexec,NUN066+1.p,e1a,unary-redundancy,REFUTED,18,916.974,8855.879,,,1757,81078,1664,76749,64,,,,,,,,false,
7425,starexec,NUN066+1.p,e1a,weight-greedy,REFUTED,18,524.343,5346.638,,,1131,35212,1043,24507,64,,,,,,,,false,
7425,starexec,NUN075+1.p,e1a,age-fair,TIMEOUT,18,916.809,164610.486,,,21074,5759987,18829,5729553,,,,,,,,,false,
7425,starexec,NUN075+1.p,e1a,balanced,REFUTED,18,162.317,4050.686,,,3071,147194,2960,141350,59,,,,,,,,false,
7425,starexec,NUN075+1.p,e1a,equational,TIMEOUT,18,366.397,164623.869,,,25426,5340409,24259,5285389,,,,,,,,,false,
7425,starexec,NUN075+1.p,e1a,first-negative,TIMEOUT,18,647.179,164405.374,,,23836,9417553,23362,9360585,,,,,,,,,false,
7425,starexec,NUN075+1.p,e1a,occurrence,REFUTED,18,629.743,14991.225,,,6095,208303,5521,193646,59,,,,,,,,false,
7425,starexec,NUN075+1.p,e1a,subsumption-light,TIMEOUT,18,359.479,166779.527,,,984,22333,971,20341,,,,,,,,,false,
7425,starexec,NUN075+1.p,e1a,unary-redundancy,TIMEOUT,18,612.241,165979.640,,,786,11897,781,10541,,,,,,,,,false,
7425,starexec,NUN075+1.p,e1a,weight-greedy,REFUTED,18,350.222,13147.677,,,3975,73890,3786,52604,59,,,,,,,,false,
7425,starexec,NUN076+1.p,e1a,age-fair,REFUTED,18,919.534,39424.924,,,9030,1238732,8339,1226581,59,,,,,,,,false,
7425,starexec,NUN076+1.p,e1a,balanced,REFUTED,18,238.247,609.685,,,150,525,144,355,59,,,,,,,,false,
7425,starexec,NUN076+1.p,e1a,equational,REFUTED,18,495.672,1097.124,,,141,493,135,334,59,,,,,,,,false,
7425,starexec,NUN076+1.p,e1a,first-negative,TIMEOUT,18,954.394,163647.078,,,34756,1076825,34523,1035112,,,,,,,,,false,
7425,starexec,NUN076+1.p,e1a,occurrence,REFUTED,18,867.224,1101.014,,,192,487,188,250,59,,,,,,,,false,
7425,starexec,NUN076+1.p,e1a,subsumption-light,REFUTED,18,533.181,1568.663,,,211,1393,205,1096,59,,,,,,,,false,
7425,starexec,NUN076+1.p,e1a,unary-redundancy,REFUTED,18,865.226,1269.906,,,150,525,144,355,59,,,,,,,,false,
7425,starexec,NUN076+1.p,e1a,weight-greedy,REFUTED,18,526.470,1008.360,,,147,251,142,81,59,,,,,,,,false,
7425,starexec,NUN080+1.p,e1a,age-fair,REFUTED,18,868.266,3262.904,,,657,11533,633,10641,59,,,,,,,,false,
7425,starexec,NUN080+1.p,e1a,balanced,REFUTED,18,227.872,415.383,,,43,122,40,76,59,,,,,,,,false,
7425,starexec,NUN080+1.p,e1a,equational,REFUTED,18,477.980,782.973,,,41,113,38,65,59,,,,,,,,false,
7425,starexec,NUN080+1.p,e1a,first-negative,REFUTED,18,942.044,690.855,,,41,109,36,67,59,,,,,,,,false,
7425,starexec,NUN080+1.p,e1a,occurrence,REFUTED,18,872.492,630.119,,,20,55,17,43,59,,,,,,,,false,
7425,starexec,NUN080+1.p,e1a,subsumption-light,REFUTED,18,526.439,818.442,,,46,129,43,79,59,,,,,,,,false,
7425,starexec,NUN080+1.p,e1a,unary-redundancy,REFUTED,18,851.490,736.333,,,43,123,40,77,59,,,,,,,,false,
7425,starexec,NUN080+1.p,e1a,weight-greedy,REFUTED,18,495.491,636.169,,,18,52,15,43,59,,,,,,,,false,
7425,starexec,NUN082+1.p,e1a,age-fair,TIMEOUT,18,873.518,163959.695,,,24610,7257349,22443,7220430,,,,,,,,,false,
7425,starexec,NUN082+1.p,e1a,balanced,REFUTED,18,245.645,3585.959,,,1967,57833,1684,53969,59,,,,,,,,false,
7425,starexec,NUN082+1.p,e1a,equational,REFUTED,18,474.522,6652.921,,,2008,59558,1688,55540,59,,,,,,,,false,
7425,starexec,NUN082+1.p,e1a,first-negative,REFUTED,18,944.514,50270.842,,,10085,2372862,9564,2358168,59,,,,,,,,false,
7425,starexec,NUN082+1.p,e1a,occurrence,REFUTED,18,830.856,12778.053,,,4763,212718,3367,193196,59,,,,,,,,false,
7425,starexec,NUN082+1.p,e1a,subsumption-light,REFUTED,18,548.979,4148.045,,,777,10686,742,9352,59,,,,,,,,false,
7425,starexec,NUN082+1.p,e1a,unary-redundancy,REFUTED,18,897.146,10215.274,,,1921,52617,1623,48887,59,,,,,,,,false,
7425,starexec,NUN082+1.p,e1a,weight-greedy,REFUTED,18,466.883,25722.209,,,9146,354626,8817,308241,59,,,,,,,,false,
7425,starexec,NUN085+1.p,e1a,age-fair,REFUTED,18,840.588,123258.081,,,18002,4458249,16085,4431400,64,,,,,,,,false,
7425,starexec,NUN085+1.p,e1a,balanced,REFUTED,18,235.634,90959.401,,,22456,6149587,20287,6088180,64,,,,,,,,false,
7425,starexec,NUN085+1.p,e1a,equational,TIMEOUT,18,497.926,164116.920,,,21688,5953843,19647,5894579,,,,,,,,,false,
7425,starexec,NUN085+1.p,e1a,first-negative,TIMEOUT,18,654.269,164399.376,,,16101,20400735,15728,20365097,,,,,,,,,false,
7425,starexec,NUN085+1.p,e1a,occurrence,TIMEOUT,18,836.408,164908.317,,,22971,6898350,21780,6741403,,,,,,,,,false,
7425,starexec,NUN085+1.p,e1a,subsumption-light,REFUTED,18,331.375,6671.750,,,1864,52587,1783,48411,64,,,,,,,,false,
7425,starexec,NUN085+1.p,e1a,unary-redundancy,REFUTED,18,851.081,10041.012,,,1829,51577,1746,47429,64,,,,,,,,false,
7425,starexec,NUN085+1.p,e1a,weight-greedy,REFUTED,18,339.041,110794.950,,,22484,3806897,20930,3371014,64,,,,,,,,false,
7425,starexec,NUN086+1.p,e1a,age-fair,TIMEOUT,18,833.648,164043.512,,,21945,6334704,19911,6301841,,,,,,,,,false,
7425,starexec,NUN086+1.p,e1a,balanced,REFUTED,18,240.615,3348.056,,,1977,52013,1694,48149,59,,,,,,,,false,
7425,starexec,NUN086+1.p,e1a,equational,REFUTED,18,308.091,3860.911,,,2012,52722,1659,48712,59,,,,,,,,false,
7425,starexec,NUN086+1.p,e1a,first-negative,TIMEOUT,18,586.577,164448.419,,,36051,6047263,35632,6004320,,,,,,,,,false,
7425,starexec,NUN086+1.p,e1a,occurrence,REFUTED,18,822.962,8032.137,,,3133,59461,2484,51653,59,,,,,,,,false,
7425,starexec,NUN086+1.p,e1a,subsumption-light,REFUTED,18,325.877,2224.565,,,699,7259,670,6046,59,,,,,,,,false,
7425,starexec,NUN086+1.p,e1a,unary-redundancy,REFUTED,18,570.865,6780.951,,,1932,55589,1593,51859,59,,,,,,,,false,
7425,starexec,NUN086+1.p,e1a,weight-greedy,REFUTED,18,342.003,15459.773,,,9128,354952,8795,308550,59,,,,,,,,false,
7425,starexec,PRD001+1.p,e1a,age-fair,HARD_TIMEOUT,1614,0.000,,,,,,,,,,,,,,,,false,
7425,starexec,PRD001+1.p,e1a,balanced,TIMEOUT,1614,623.092,164932.624,,,42871,381754,37265,317876,,,,,,,,,false,
7425,starexec,PRD001+1.p,e1a,equational,TIMEOUT,1614,1429.695,163985.926,,,30452,365377,27661,317876,,,,,,,,,false,
7425,starexec,PRD001+1.p,e1a,first-negative,HARD_TIMEOUT,1614,0.000,,,,,,,,,,,,,,,,false,
7425,starexec,PRD001+1.p,e1a,occurrence,TIMEOUT,1614,3003.993,163876.973,,,33139,368206,27940,318814,,,,,,,,,false,
7425,starexec,PRD001+1.p,e1a,subsumption-light,TIMEOUT,1614,1406.705,163887.247,,,22993,367039,21834,328214,,,,,,,,,false,
7425,starexec,PRD001+1.p,e1a,unary-redundancy,TIMEOUT,1614,2782.729,163904.407,,,22910,367006,21733,328214,,,,,,,,,false,
7425,starexec,PRD001+1.p,e1a,weight-greedy,TIMEOUT,1614,1513.661,163936.631,,,33241,180306,26034,130434,,,,,,,,,false,
7425,starexec,PRO011+1.p,e1a,age-fair,REFUTED,48,1132.465,4600.294,,,1193,14052,1111,12302,95,,,,,,,,false,
7425,starexec,PRO011+1.p,e1a,balanced,REFUTED,48,319.679,779.811,,,221,623,201,365,95,,,,,,,,false,
7425,starexec,PRO011+1.p,e1a,equational,REFUTED,48,623.455,1122.371,,,118,262,110,139,95,,,,,,,,false,
7425,starexec,PRO011+1.p,e1a,first-negative,REFUTED,48,765.012,1048.438,,,245,638,220,272,95,,,,,,,,false,
7425,starexec,PRO011+1.p,e1a,occurrence,REFUTED,48,1159.761,1429.500,,,189,378,181,167,95,,,,,,,,false,
7425,starexec,PRO011+1.p,e1a,subsumption-light,REFUTED,48,609.800,1921.064,,,259,937,231,607,95,,,,,,,,false,
7425,starexec,PRO011+1.p,e1a,unary-redundancy,REFUTED,48,1151.019,1227.081,,,87,207,81,118,95,,,,,,,,false,
7425,starexec,PRO011+1.p,e1a,weight-greedy,REFUTED,48,425.641,1159.518,,,312,1207,222,719,95,,,,,,,,false,
7425,starexec,PUZ129+2.p,e1a,age-fair,REFUTED,0,638.906,697.482,,,36,45,35,18,18,,,,,,,,false,
7425,starexec,PUZ129+2.p,e1a,balanced,REFUTED,0,156.410,392.436,,,35,41,33,18,18,,,,,,,,false,
7425,starexec,PUZ129+2.p,e1a,equational,REFUTED,0,364.906,742.084,,,35,41,33,18,18,,,,,,,,false,
7425,starexec,PUZ129+2.p,e1a,first-negative,REFUTED,0,685.814,710.430,,,35,38,31,18,18,,,,,,,,false,
7425,starexec,PUZ129+2.p,e1a,occurrence,REFUTED,0,647.970,665.646,,,32,40,31,18,18,,,,,,,,false,
7425,starexec,PUZ129+2.p,e1a,subsumption-light,REFUTED,0,331.144,777.548,,,35,41,33,18,18,,,,,,,,false,
7425,starexec,PUZ129+2.p,e1a,unary-redundancy,REFUTED,0,657.397,729.700,,,36,43,34,18,18,,,,,,,,false,
7425,starexec,PUZ129+2.p,e1a,weight-greedy,REFUTED,0,352.560,769.288,,,41,74,38,26,18,,,,,,,,false,
7425,starexec,PUZ133+1.p,e1a,age-fair,TIMEOUT,9,440.818,164854.493,,,20407,3480373,19170,3302002,,,,,,,,,false,
7425,starexec,PUZ133+1.p,e1a,balanced,TIMEOUT,9,116.392,165437.720,,,28653,8272347,27117,8145457,,,,,,,,,false,
7425,starexec,PUZ133+1.p,e1a,equational,TIMEOUT,9,409.073,164310.389,,,24330,6133703,22441,6034403,,,,,,,,,false,
7425,starexec,PUZ133+1.p,e1a,first-negative,TIMEOUT,9,792.787,163851.698,,,16596,647266,11733,458659,,,,,,,,,false,
7425,starexec,PUZ133+1.p,e1a,occurrence,TIMEOUT,9,613.308,164294.199,,,20983,4693556,19201,4608841,,,,,,,,,false,
7425,starexec,PUZ133+1.p,e1a,subsumption-light,TIMEOUT,9,255.677,164835.041,,,18476,4124582,17215,4035455,,,,,,,,,false,
7425,starexec,PUZ133+1.p,e1a,unary-redundancy,TIMEOUT,9,416.460,164885.747,,,16333,2870514,14884,2784231,,,,,,,,,false,
7425,starexec,PUZ133+1.p,e1a,weight-greedy,TIMEOUT,9,252.392,164846.885,,,38452,1449284,31499,1285937,,,,,,,,,false,
7425,starexec,REL020+2.p,e1a,age-fair,TIMEOUT,16,560.542,164006.373,,,1819,4100767,1741,4094705,,,,,,,,,false,
7425,starexec,REL020+2.p,e1a,balanced,TIMEOUT,16,185.345,164904.280,,,3149,6011406,2161,5995050,,,,,,,,,false,
7425,starexec,REL020+2.p,e1a,equational,TIMEOUT,16,384.931,164337.879,,,2372,3377715,1989,3366361,,,,,,,,,false,
7425,starexec,REL020+2.p,e1a,first-negative,TIMEOUT,16,628.216,163697.948,,,2385,3496471,1631,3483995,,,,,,,,,false,
7425,starexec,REL020+2.p,e1a,occurrence,TIMEOUT,16,568.389,163918.379,,,2687,3245610,2093,3199853,,,,,,,,,false,
7425,starexec,REL020+2.p,e1a,subsumption-light,TIMEOUT,16,383.991,163935.565,,,2781,3232817,1825,3220431,,,,,,,,,false,
7425,starexec,REL020+2.p,e1a,unary-redundancy,TIMEOUT,16,545.638,164075.232,,,2413,3403024,1772,3390594,,,,,,,,,false,
7425,starexec,REL020+2.p,e1a,weight-greedy,TIMEOUT,16,349.414,164014.915,,,3671,4031876,2520,3795302,,,,,,,,,false,
7425,starexec,REL021+1.p,e1a,age-fair,TIMEOUT,13,499.395,164599.224,,,1361,4590200,1295,4583434,,,,,,,,,false,
7425,starexec,REL021+1.p,e1a,balanced,TIMEOUT,13,149.075,165161.309,,,2029,8326070,1708,8303980,,,,,,,,,false,
7425,starexec,REL021+1.p,e1a,equational,TIMEOUT,13,357.440,164439.366,,,1626,4542198,1352,4529558,,,,,,,,,false,
7425,starexec,REL021+1.p,e1a,first-negative,TIMEOUT,13,553.543,164638.399,,,1559,4087517,1296,4076515,,,,,,,,,false,
7425,starexec,REL021+1.p,e1a,occurrence,TIMEOUT,13,488.496,164479.582,,,2078,4131488,1430,4086286,,,,,,,,,false,
7425,starexec,REL021+1.p,e1a,subsumption-light,TIMEOUT,13,368.421,164328.086,,,1576,4339363,1331,4326851,,,,,,,,,false,
7425,starexec,REL021+1.p,e1a,unary-redundancy,TIMEOUT,13,488.847,164450.951,,,1647,4540719,1443,4529605,,,,,,,,,false,
7425,starexec,REL021+1.p,e1a,weight-greedy,TIMEOUT,13,342.182,164370.179,,,3542,4397053,2491,4080460,,,,,,,,,false,
7425,starexec,REL040+2.p,e1a,age-fair,TIMEOUT,13,496.376,164595.098,,,1360,4982828,1288,4975369,,,,,,,,,false,
7425,starexec,REL040+2.p,e1a,balanced,TIMEOUT,13,165.499,164967.698,,,2075,8486584,1804,8465058,,,,,,,,,false,
7425,starexec,REL040+2.p,e1a,equational,TIMEOUT,13,369.298,164220.725,,,1583,4771764,1328,4761256,,,,,,,,,false,
7425,starexec,REL040+2.p,e1a,first-negative,TIMEOUT,13,579.050,163927.074,,,1524,4518923,1292,4508629,,,,,,,,,false,
7425,starexec,REL040+2.p,e1a,occurrence,TIMEOUT,13,578.718,164307.086,,,2115,5030877,1399,4987570,,,,,,,,,false,
7425,starexec,REL040+2.p,e1a,subsumption-light,TIMEOUT,13,386.645,164114.322,,,1551,4699595,1318,4689077,,,,,,,,,false,
7425,starexec,REL040+2.p,e1a,unary-redundancy,TIMEOUT,13,520.757,164116.280,,,1609,4731645,1365,4720961,,,,,,,,,false,
7425,starexec,REL040+2.p,e1a,weight-greedy,TIMEOUT,13,352.664,164168.067,,,3785,5853707,2931,5432326,,,,,,,,,false,
7425,starexec,SCT115+1.p,e1a,age-fair,TIMEOUT,527,2520.025,161966.988,,,12752,6262291,12140,6243365,,,,,,,,,false,
7425,starexec,SCT115+1.p,e1a,balanced,TIMEOUT,527,741.222,164794.213,,,25399,11374800,23226,11327148,,,,,,,,,false,
7425,starexec,SCT115+1.p,e1a,equational,TIMEOUT,527,1418.351,164312.530,,,14860,6734900,13512,6705586,,,,,,,,,false,
7425,starexec,SCT115+1.p,e1a,first-negative,TIMEOUT,527,1103.488,161174.158,,,22697,3072833,22136,3019077,,,,,,,,,false,
7425,starexec,SCT115+1.p,e1a,occurrence,TIMEOUT,527,2482.752,161907.425,,,31206,6904748,22597,6796759,,,,,,,,,false,
7425,starexec,SCT115+1.p,e1a,subsumption-light,REFUTED,527,1111.483,58480.901,,,4547,973392,3344,963100,290,,,,,,,,false,
7425,starexec,SCT115+1.p,e1a,unary-redundancy,TIMEOUT,527,2513.454,163684.590,,,15601,5288852,13589,5258204,,,,,,,,,false,
7425,starexec,SCT115+1.p,e1a,weight-greedy,REFUTED,527,776.485,4551.206,,,2244,39919,1436,29880,96,,,,,,,,false,
7425,starexec,SCT117+1.p,e1a,age-fair,TIMEOUT,527,3635.761,162675.550,,,11035,4867429,10306,4851717,,,,,,,,,false,
7425,starexec,SCT117+1.p,e1a,balanced,TIMEOUT,527,1102.148,164265.011,,,22645,8689986,20035,8649217,,,,,,,,,false,
7425,starexec,SCT117+1.p,e1a,equational,TIMEOUT,527,2002.858,162377.738,,,15321,6437697,13489,6410248,,,,,,,,,false,
7425,starexec,SCT117+1.p,e1a,first-negative,TIMEOUT,527,1518.693,161422.439,,,23958,3937411,21980,3864280,,,,,,,,,false,
7425,starexec,SCT117+1.p,e1a,occurrence,HARD_TIMEOUT,527,0.000,,,,,,,,,,,,,,,,false,
7425,starexec,SCT117+1.p,e1a,subsumption-light,TIMEOUT,527,1790.910,161783.486,,,7541,2989849,6310,2972747,,,,,,,,,false,
7425,starexec,SCT117+1.p,e1a,unary-redundancy,HARD_TIMEOUT,527,0.000,,,,,,,,,,,,,,,,false,
7425,starexec,SCT117+1.p,e1a,weight-greedy,REFUTED,527,1159.358,101131.289,,,16630,1725603,10770,1656336,102,,,,,,,,false,
7425,starexec,SCT120+1.p,e1a,age-fair,HARD_TIMEOUT,526,0.000,,,,,,,,,,,,,,,,false,
7425,starexec,SCT120+1.p,e1a,balanced,TIMEOUT,526,1221.003,163978.096,,,14537,7055002,12883,7017554,,,,,,,,,false,
7425,starexec,SCT120+1.p,e1a,equational,TIMEOUT,526,2434.311,162041.391,,,11597,4189003,9783,4161703,,,,,,,,,false,
7425,starexec,SCT120+1.p,e1a,first-negative,SATURATED,526,1326.749,653.466,,,16,20,16,19,,,,,,,,,false,
7425,starexec,SCT120+1.p,e1a,occurrence,HARD_TIMEOUT,526,0.000,,,,,,,,,,,,,,,,false,
7425,starexec,SCT120+1.p,e1a,subsumption-light,TIMEOUT,526,2089.510,162081.580,,,7917,3161396,6815,3142682,,,,,,,,,false,
7425,starexec,SCT120+1.p,e1a,unary-redundancy,HARD_TIMEOUT,526,0.000,,,,,,,,,,,,,,,,false,
7425,starexec,SCT120+1.p,e1a,weight-greedy,REFUTED,526,1193.940,1181.617,,,76,110,70,60,62,,,,,,,,false,
7425,starexec,SCT123+1.p,e1a,age-fair,HARD_TIMEOUT,528,0.000,,,,,,,,,,,,,,,,false,
7425,starexec,SCT123+1.p,e1a,balanced,TIMEOUT,528,1260.373,165351.000,,,13700,6858898,12950,6832126,,,,,,,,,false,
7425,starexec,SCT123+1.p,e1a,equational,TIMEOUT,528,2414.664,161889.034,,,10909,4410379,10124,4389411,,,,,,,,,false,
7425,starexec,SCT123+1.p,e1a,first-negative,REFUTED,528,1455.607,13650.588,,,1359,69885,1095,66290,33,,,,,,,,false,
7425,starexec,SCT123+1.p,e1a,occurrence,HARD_TIMEOUT,528,0.000,,,,,,,,,,,,,,,,false,
7425,starexec,SCT123+1.p,e1a,subsumption-light,TIMEOUT,528,2262.119,161700.855,,,7002,3365666,6739,3347858,,,,,,,,,false,
7425,starexec,SCT123+1.p,e1a,weight-greedy,TIMEOUT,528,1853.975,161731.845,,,8198,4202563,7428,4128826,,,,,,,,,false,
7425,starexec,SCT124+1.p,e1a,age-fair,HARD_TIMEOUT,528,0.000,,,,,,,,,,,,,,,,false,
7425,starexec,SCT124+1.p,e1a,balanced,TIMEOUT,528,1322.417,164363.567,,,12689,6153903,12129,6125445,,,,,,,,,false,
7425,starexec,SCT124+1.p,e1a,equational,TIMEOUT,528,2323.880,161781.691,,,6781,2942211,6470,2924889,,,,,,,,,false,
7425,starexec,SCT124+1.p,e1a,first-negative,SATURATED,528,1264.952,715.713,,,14,14,14,9,,,,,,,,,false,
7425,starexec,SCT124+1.p,e1a,occurrence,HARD_TIMEOUT,528,0.000,,,,,,,,,,,,,,,,false,
7425,starexec,SCT124+1.p,e1a,subsumption-light,TIMEOUT,528,2070.853,161854.948,,,4440,1726303,4225,1715121,,,,,,,,,false,
7425,starexec,SCT124+1.p,e1a,unary-redundancy,HARD_TIMEOUT,528,0.000,,,,,,,,,,,,,,,,false,
7425,starexec,SCT124+1.p,e1a,weight-greedy,TIMEOUT,528,1409.145,161153.181,,,11951,7295215,10689,7251039,,,,,,,,,false,
7425,starexec,SCT125+1.p,e1a,age-fair,HARD_TIMEOUT,528,0.000,,,,,,,,,,,,,,,,false,
7425,starexec,SCT125+1.p,e1a,balanced,TIMEOUT,528,1267.565,164419.247,,,13077,6391509,11969,6362457,,,,,,,,,false,
7425,starexec,SCT125+1.p,e1a,equational,TIMEOUT,528,2648.175,162339.071,,,8613,3319032,7900,3300410,,,,,,,,,false,
7425,starexec,SCT125+1.p,e1a,first-negative,TIMEOUT,528,1612.290,160382.296,,,2873,198250,1072,5688,,,,,,,,,false,
7425,starexec,SCT125+1.p,e1a,occurrence,HARD_TIMEOUT,528,0.000,,,,,,,,,,,,,,,,false,
7425,starexec,SCT125+1.p,e1a,subsumption-light,TIMEOUT,528,2385.328,162363.137,,,6468,2311471,6069,2297759,,,,,,,,,false,
7425,starexec,SCT125+1.p,e1a,unary-redundancy,HARD_TIMEOUT,528,0.000,,,,,,,,,,,,,,,,false,
7425,starexec,SCT125+1.p,e1a,weight-greedy,TIMEOUT,528,1379.365,161202.183,,,10687,2771607,8426,2704013,,,,,,,,,false,
7425,starexec,SCT155+1.p,e1a,age-fair,HARD_TIMEOUT,528,0.000,,,,,,,,,,,,,,,,false,
7425,starexec,SCT155+1.p,e1a,balanced,TIMEOUT,528,1139.426,164089.583,,,19603,6333139,17075,6298059,,,,,,,,,false,
7425,starexec,SCT155+1.p,e1a,equational,TIMEOUT,528,2442.938,162330.146,,,12963,3680494,10463,3656270,,,,,,,,,false,
7425,starexec,SCT155+1.p,e1a,first-negative,TIMEOUT,528,1808.740,160810.018,,,7141,4751621,6286,4739602,,,,,,,,,false,
7425,starexec,SCT155+1.p,e1a,occurrence,HARD_TIMEOUT,528,0.000,,,,,,,,,,,,,,,,false,
7425,starexec,SCT155+1.p,e1a,subsumption-light,TIMEOUT,528,1610.185,162018.390,,,2882,2720525,2754,2710263,,,,,,,,,false,
7425,starexec,SCT155+1.p,e1a,unary-redundancy,HARD_TIMEOUT,528,0.000,,,,,,,,,,,,,,,,false,
7425,starexec,SCT155+1.p,e1a,weight-greedy,SATURATED,528,1198.031,1306.714,,,58,76,58,37,,,,,,,,,false,
7425,starexec,SCT158+1.p,e1a,age-fair,HARD_TIMEOUT,528,0.000,,,,,,,,,,,,,,,,false,
7425,starexec,SCT158+1.p,e1a,balanced,TIMEOUT,528,1178.423,163938.808,,,19369,6622587,17330,6585861,,,,,,,,,false,
7425,starexec,SCT158+1.p,e1a,equational,TIMEOUT,528,2308.737,162177.400,,,14120,4066956,12065,4042724,,,,,,,,,false,
7425,starexec,SCT158+1.p,e1a,first-negative,REFUTED,528,1290.801,1252.922,,,183,1076,173,820,55,,,,,,,,false,
7425,starexec,SCT158+1.p,e1a,occurrence,HARD_TIMEOUT,528,0.000,,,,,,,,,,,,,,,,false,
7425,starexec,SCT158+1.p,e1a,subsumption-light,TIMEOUT,528,1646.284,161727.235,,,3173,3030909,2999,3019843,,,,,,,,,false,
7425,starexec,SCT158+1.p,e1a,unary-redundancy,HARD_TIMEOUT,528,0.000,,,,,,,,,,,,,,,,false,
7425,starexec,SCT158+1.p,e1a,weight-greedy,SATURATED,528,1198.540,1379.505,,,71,95,64,43,,,,,,,,,false,
7425,starexec,SCT170+3.p,e1a,age-fair,HARD_TIMEOUT,1578,0.000,,,,,,,,,,,,,,,,false,
7425,starexec,SCT170+3.p,e1a,balanced,TIMEOUT,1578,1762.946,163658.454,,,29574,4133517,28436,4070187,,,,,,,,,false,
7425,starexec,SCT170+3.p,e1a,equational,REFUTED,1578,3090.566,36155.219,,,9070,684041,7924,670657,889,,,,,,,,false,
7425,starexec,SCT170+3.p,e1a,first-negative,TIMEOUT,1578,2292.948,158700.880,,,4728,10813619,4699,10779641,,,,,,,,,false,
7425,starexec,SCT170+3.p,e1a,occurrence,HARD_TIMEOUT,1578,0.000,,,,,,,,,,,,,,,,false,
7425,starexec,SCT170+3.p,e1a,subsumption-light,TIMEOUT,1578,2165.322,160017.991,,,9523,2876934,8973,2856080,,,,,,,,,false,
7425,starexec,SCT170+3.p,e1a,unary-redundancy,HARD_TIMEOUT,1578,0.000,,,,,,,,,,,,,,,,false,
7425,starexec,SCT170+3.p,e1a,weight-greedy,TIMEOUT,1578,1507.401,159144.661,,,34147,3324021,26277,3250551,,,,,,,,,false,
7425,starexec,SET017+1.p,e1a,age-fair,REFUTED,43,1091.864,18537.250,,,3981,823717,3885,818598,93,,,,,,,,false,
7425,starexec,SET017+1.p,e1a,balanced,REFUTED,43,277.263,895.266,,,187,816,178,596,93,,,,,,,,false,
7425,starexec,SET017+1.p,e1a,equational,REFUTED,43,530.854,1874.548,,,248,1430,187,1142,93,,,,,,,,false,
7425,starexec,SET017+1.p,e1a,first-negative,REFUTED,43,1140.525,2929.672,,,414,7537,405,7016,93,,,,,,,,false,
7425,starexec,SET017+1.p,e1a,occurrence,REFUTED,43,1057.024,2255.462,,,359,1866,324,1381,93,,,,,,,,false,
7425,starexec,SET017+1.p,e1a,subsumption-light,REFUTED,43,564.328,1723.225,,,176,651,154,445,93,,,,,,,,false,
7425,starexec,SET017+1.p,e1a,unary-redundancy,REFUTED,43,1080.083,1864.419,,,194,860,163,638,93,,,,,,,,false,
7425,starexec,SET017+1.p,e1a,weight-greedy,REFUTED,43,544.633,3675.835,,,598,12809,559,10989,93,,,,,,,,false,
7425,starexec,SET101+1.p,e1a,age-fair,REFUTED,43,1046.616,2434.131,,,314,4842,284,4477,90,,,,,,,,false,
7425,starexec,SET101+1.p,e1a,balanced,REFUTED,43,253.030,1374.004,,,354,4654,331,4132,90,,,,,,,,false,
7425,starexec,SET101+1.p,e1a,equational,REFUTED,43,539.481,2502.978,,,357,4667,334,4141,90,,,,,,,,false,
7425,starexec,SET101+1.p,e1a,first-negative,TIMEOUT,43,1158.483,163701.046,,,31280,10496506,31078,10436310,,,,,,,,,false,
7425,starexec,SET101+1.p,e1a,occurrence,REFUTED,43,1029.699,2111.362,,,354,2589,323,1957,90,,,,,,,,false,
7425,starexec,SET101+1.p,e1a,subsumption-light,REFUTED,43,557.456,2718.709,,,325,3934,304,3454,90,,,,,,,,false,
7425,starexec,SET101+1.p,e1a,unary-redundancy,REFUTED,43,1064.819,2592.085,,,323,3958,302,3478,90,,,,,,,,false,
7425,starexec,SET101+1.p,e1a,weight-greedy,REFUTED,43,547.197,1457.937,,,189,656,180,329,90,,,,,,,,false,
7425,starexec,SET716+4.p,e1a,age-fair,TIMEOUT,28,921.077,165010.331,,,21502,7599303,21426,7575576,,,,,,,,,false,
7425,starexec,SET716+4.p,e1a,balanced,TIMEOUT,28,501.005,164942.331,,,19859,8429988,19603,8399484,,,,,,,,,false,
7425,starexec,SET716+4.p,e1a,equational,HARD_TIMEOUT,28,0.000,,,,,,,,,,,,,,,,false,
7425,starexec,SET716+4.p,e1a,first-negative,HARD_TIMEOUT,28,0.000,,,,,,,,,,,,,,,,false,
7425,starexec,SET716+4.p,e1a,occurrence,TIMEOUT,28,903.511,164844.375,,,23810,4719749,23561,4660737,,,,,,,,,false,
7425,starexec,SET716+4.p,e1a,subsumption-light,TIMEOUT,28,538.750,165067.774,,,14952,4259264,14794,4237506,,,,,,,,,false,
7425,starexec,SET716+4.p,e1a,unary-redundancy,TIMEOUT,28,917.406,167421.554,,,15723,3911975,15577,3888871,,,,,,,,,false,
7425,starexec,SET716+4.p,e1a,weight-greedy,TIMEOUT,28,498.683,164925.022,,,22664,339186,22478,299538,,,,,,,,,false,
7425,starexec,SET733+4.p,e1a,age-fair,TIMEOUT,28,1755.923,164185.952,,,15402,4841911,15336,4825020,,,,,,,,,false,
7425,starexec,SET733+4.p,e1a,balanced,TIMEOUT,28,564.663,164984.345,,,22085,7733809,21847,7701421,,,,,,,,,false,
7425,starexec,SET733+4.p,e1a,equational,TIMEOUT,28,1044.220,164099.541,,,15974,5144763,15792,5122119,,,,,,,,,false,
7425,starexec,SET733+4.p,e1a,first-negative,TIMEOUT,28,1877.560,164904.589,,,7711,7171851,7673,7161395,,,,,,,,,false,
7425,starexec,SET733+4.p,e1a,occurrence,TIMEOUT,28,1763.754,164131.152,,,20410,3163821,20183,3119959,,,,,,,,,false,
7425,starexec,SET733+4.p,e1a,subsumption-light,TIMEOUT,28,1033.644,164263.157,,,12015,3380904,11805,3363236,,,,,,,,,false,
7425,starexec,SET733+4.p,e1a,unary-redundancy,TIMEOUT,28,1781.508,164287.907,,,12278,3384454,12109,3367198,,,,,,,,,false,
7425,starexec,SET733+4.p,e1a,weight-greedy,TIMEOUT,28,1028.495,164434.860,,,25826,3405201,25593,3266122,,,,,,,,,false,
7425,starexec,SET817+4.p,e1a,age-fair,TIMEOUT,22,984.864,164250.449,,,11692,5665116,11655,5651876,,,,,,,,,false,
7425,starexec,SET817+4.p,e1a,balanced,TIMEOUT,22,294.486,165221.646,,,19287,10577063,19047,10543323,,,,,,,,,false,
7425,starexec,SET817+4.p,e1a,equational,TIMEOUT,22,584.381,164378.680,,,16571,6502213,16338,6473125,,,,,,,,,false,
7425,starexec,SET817+4.p,e1a,first-negative,TIMEOUT,22,1094.853,163865.392,,,15055,5002669,15020,4978797,,,,,,,,,false,
7425,starexec,SET817+4.p,e1a,occurrence,TIMEOUT,22,994.112,164127.157,,,18783,5621440,18031,5554896,,,,,,,,,false,
7425,starexec,SET817+4.p,e1a,subsumption-light,TIMEOUT,22,561.469,164277.608,,,13363,3905981,13250,3883759,,,,,,,,,false,
7425,starexec,SET817+4.p,e1a,unary-redundancy,TIMEOUT,22,988.256,164240.866,,,12756,3674803,12615,3653407,,,,,,,,,false,
7425,starexec,SET817+4.p,e1a,weight-greedy,TIMEOUT,22,564.277,164295.221,,,19886,2207565,19436,2016868,,,,,,,,,false,
7425,starexec,SET964+1.p,e1a,age-fair,TIMEOUT,12,709.756,165718.036,,,7800,3317317,7736,3304703,,,,,,,,,false,
7425,starexec,SET964+1.p,e1a,balanced,REFUTED,12,216.652,777.337,,,122,1082,107,932,33,,,,,,,,false,
7425,starexec,SET964+1.p,e1a,equational,REFUTED,12,427.778,1329.686,,,116,798,107,657,33,,,,,,,,false,
7425,starexec,SET964+1.p,e1a,first-negative,TIMEOUT,12,540.971,164568.444,,,18453,10116581,18410,10084587,,,,,,,,,false,
7425,starexec,SET964+1.p,e1a,occurrence,REFUTED,12,669.581,1241.695,,,132,528,114,344,29,,,,,,,,false,
7425,starexec,SET964+1.p,e1a,subsumption-light,REFUTED,12,436.853,1580.895,,,125,986,100,828,33,,,,,,,,false,
7425,starexec,SET964+1.p,e1a,unary-redundancy,REFUTED,12,700.242,1115.651,,,81,335,72,243,29,,,,,,,,false,
7425,starexec,SET964+1.p,e1a,weight-greedy,REFUTED,12,432.524,3379.394,,,581,8241,546,6773,33,,,,,,,,false,
7425,starexec,SEU269+1.p,e1a,age-fair,TIMEOUT,51,542.511,165834.394,,,975,1198968,931,1197011,,,,,,,,,false,
7425,starexec,SEU269+1.p,e1a,balanced,TIMEOUT,51,278.627,165180.670,,,1429,1356641,1395,1353547,,,,,,,,,false,
7425,starexec,SEU269+1.p,e1a,equational,TIMEOUT,51,205.828,168503.306,,,1591,1829556,1551,1826158,,,,,,,,,false,
7425,starexec,SEU269+1.p,e1a,first-negative,REFUTED,51,356.339,34872.604,,,847,411203,803,409113,90,,,,,,,,false,
7425,starexec,SEU269+1.p,e1a,occurrence,TIMEOUT,51,503.757,165078.061,,,5543,1598041,5469,1585954,,,,,,,,,false,
7425,starexec,SEU269+1.p,e1a,subsumption-light,TIMEOUT,51,296.988,166021.952,,,1440,1337412,1411,1334300,,,,,,,,,false,
7425,starexec,SEU269+1.p,e1a,unary-redundancy,TIMEOUT,51,522.500,165731.236,,,1589,1319447,1548,1316119,,,,,,,,,false,
7425,starexec,SEU269+1.p,e1a,weight-greedy,TIMEOUT,51,304.221,164847.733,,,15791,1640220,15569,1489732,,,,,,,,,false,
7425,starexec,SEU427+4.p,e1a,balanced,HARD_TIMEOUT,71107,0.000,,,,,,,,,,,,,,,,false,
7425,starexec,SEU427+4.p,e1a,first-negative,HARD_TIMEOUT,71107,0.000,,,,,,,,,,,,,,,,false,
7425,starexec,SEU427+4.p,e1a,subsumption-light,KILLED,,0.000,,,,,,,,,,,,,,,,false,killed before finishing
7425,starexec,SEU427+4.p,e1a,unary-redundancy,KILLED,,0.000,,,,,,,,,,,,,,,,false,killed before finishing
7425,starexec,SEU440+4.p,e1a,balanced,HARD_TIMEOUT,71133,0.000,,,,,,,,,,,,,,,,false,
7425,starexec,SEU440+4.p,e1a,equational,KILLED,,0.000,,,,,,,,,,,,,,,,false,killed before finishing
7425,starexec,SEU440+4.p,e1a,first-negative,KILLED,,0.000,,,,,,,,,,,,,,,,false,killed before finishing
7425,starexec,SEU440+4.p,e1a,occurrence,HARD_TIMEOUT,71133,0.000,,,,,,,,,,,,,,,,false,
7425,starexec,SEU440+4.p,e1a,subsumption-light,HARD_TIMEOUT,71133,0.000,,,,,,,,,,,,,,,,false,
7425,starexec,SEU440+4.p,e1a,unary-redundancy,HARD_TIMEOUT,71133,0.000,,,,,,,,,,,,,,,,false,
7425,starexec,SEU440+4.p,e1a,weight-greedy,HARD_TIMEOUT,71133,0.000,,,,,,,,,,,,,,,,false,
7425,starexec,SEV522+1.p,e1a,age-fair,TIMEOUT,19,1027.401,164728.177,,,11831,5539848,11666,5526269,,,,,,,,,false,
7425,starexec,SEV522+1.p,e1a,balanced,TIMEOUT,19,290.304,165049.465,,,17601,11164911,15913,11135613,,,,,,,,,false,
7425,starexec,SEV522+1.p,e1a,equational,TIMEOUT,19,592.378,164152.050,,,14489,6278601,13138,6254732,,,,,,,,,false,
7425,starexec,SEV522+1.p,e1a,first-negative,TIMEOUT,19,727.642,164524.053,,,14439,5594952,14364,5571962,,,,,,,,,false,
7425,starexec,SEV522+1.p,e1a,occurrence,TIMEOUT,19,1023.234,164117.850,,,23316,5216935,20531,5153622,,,,,,,,,false,
7425,starexec,SEV522+1.p,e1a,subsumption-light,TIMEOUT,19,616.873,164238.840,,,9196,2786208,8467,2771700,,,,,,,,,false,
7425,starexec,SEV522+1.p,e1a,unary-redundancy,TIMEOUT,19,1013.446,165944.222,,,10783,3279836,9592,3260472,,,,,,,,,false,
7425,starexec,SEV522+1.p,e1a,weight-greedy,TIMEOUT,19,599.907,167525.290,,,26460,3180049,17313,2813340,,,,,,,,,false,
7425,starexec,SEV563+1.p,e1a,age-fair,TIMEOUT,25,954.561,163989.739,,,10103,5023950,9619,5006467,,,,,,,,,false,
7425,starexec,SEV563+1.p,e1a,balanced,TIMEOUT,25,274.464,165779.514,,,24994,15436081,24230,15385805,,,,,,,,,false,
7425,starexec,SEV563+1.p,e1a,equational,TIMEOUT,25,501.314,163993.199,,,20849,9302825,19519,9256262,,,,,,,,,false,
7425,starexec,SEV563+1.p,e1a,first-negative,TIMEOUT,25,1034.770,163686.672,,,16744,5714781,16262,5675693,,,,,,,,,false,
7425,starexec,SEV563+1.p,e1a,occurrence,TIMEOUT,25,933.730,163915.088,,,22965,4574368,20975,4491501,,,,,,,,,false,
7425,starexec,SEV563+1.p,e1a,subsumption-light,TIMEOUT,25,522.829,164115.466,,,8809,2968677,7903,2942717,,,,,,,,,false,
7425,starexec,SEV563+1.p,e1a,unary-redundancy,TIMEOUT,25,954.646,164028.319,,,10824,4117629,8184,4099025,,,,,,,,,false,
7425,starexec,SEV563+1.p,e1a,weight-greedy,TIMEOUT,25,527.852,164202.944,,,19598,3952730,18667,3718791,,,,,,,,,false,
7425,starexec,SEV569+1.p,e1a,age-fair,TIMEOUT,25,928.603,164692.046,,,10179,5066536,9695,5048968,,,,,,,,,false,
7425,starexec,SEV569+1.p,e1a,balanced,REFUTED,25,259.300,2720.051,,,917,20462,817,19204,80,,,,,,,,false,
7425,starexec,SEV569+1.p,e1a,equational,REFUTED,25,525.531,4767.591,,,977,18768,747,17538,80,,,,,,,,false,
7425,starexec,SEV569+1.p,e1a,first-negative,TIMEOUT,25,1049.202,163804.180,,,17657,5589782,17090,5546844,,,,,,,,,false,
7425,starexec,SEV569+1.p,e1a,occurrence,TIMEOUT,25,943.817,164194.022,,,17179,5969072,14180,5804575,,,,,,,,,false,
7425,starexec,SEV569+1.p,e1a,subsumption-light,TIMEOUT,25,502.239,164313.644,,,8884,2980882,7978,2954716,,,,,,,,,false,
7425,starexec,SEV569+1.p,e1a,unary-redundancy,REFUTED,25,926.736,5845.994,,,920,16404,841,15126,80,,,,,,,,false,
7425,starexec,SEV569+1.p,e1a,weight-greedy,TIMEOUT,25,515.612,164414.992,,,13628,7095482,10451,7037811,,,,,,,,,false,
7425,starexec,SEV581+1.p,e1a,age-fair,TIMEOUT,25,927.912,163986.790,,,10566,5361744,10082,5343855,,,,,,,,,false,
7425,starexec,SEV581+1.p,e1a,balanced,TIMEOUT,25,246.575,164961.644,,,16857,10196551,15847,10148091,,,,,,,,,false,
7425,starexec,SEV581+1.p,e1a,equational,HARD_TIMEOUT,25,0.000,,,,,,,,,,,,,,,,false,
7425,starexec,SEV581+1.p,e1a,first-negative,TIMEOUT,25,963.199,163772.487,,,22084,7218365,20940,7166033,,,,,,,,,false,
7425,starexec,SEV581+1.p,e1a,occurrence,TIMEOUT,25,876.055,164177.467,,,17202,6031508,16227,5941101,,,,,,,,,false,
7425,starexec,SEV581+1.p,e1a,subsumption-light,TIMEOUT,25,520.578,164072.387,,,8813,3013860,8070,2988050,,,,,,,,,false,
7425,starexec,SEV581+1.p,e1a,unary-redundancy,TIMEOUT,25,923.356,164173.814,,,8796,3012214,8121,2987002,,,,,,,,,false,
7425,starexec,SEV581+1.p,e1a,weight-greedy,TIMEOUT,25,492.510,164690.425,,,23797,6813564,23550,6558472,,,,,,,,,false,
7425,starexec,SEV606+1.p,e1a,age-fair,HARD_TIMEOUT,1727,0.000,,,,,,,,,,,,,,,,false,
7425,starexec,SEV606+1.p,e1a,balanced,REFUTED,1727,2055.798,46300.015,,,21512,1678251,20420,1649465,3673,,,,,,,,false,
7425,starexec,SEV606+1.p,e1a,equational,REFUTED,1727,1896.835,4034.604,,,1173,29241,1012,27613,599,,,,,,,,false,
7425,starexec,SEV606+1.p,e1a,first-negative,REFUTED,1727,2857.489,2527.494,,,492,1886,416,932,134,,,,,,,,false,
7425,starexec,SEV606+1.p,e1a,occurrence,REFUTED,1727,7913.961,8573.699,,,2353,25330,1963,22743,2921,,,,,,,,false,
7425,starexec,SEV606+1.p,e1a,subsumption-light,REFUTED,1727,1430.093,3477.358,,,565,9717,527,8735,240,,,,,,,,false,
7425,starexec,SEV606+1.p,e1a,unary-redundancy,REFUTED,1727,2070.333,1423.551,,,129,839,129,680,233,,,,,,,,false,
7425,starexec,SEV606+1.p,e1a,weight-greedy,REFUTED,1727,1837.675,1753.054,,,245,1557,222,892,176,,,,,,,,false,
7425,starexec,SEV607+1.p,e1a,age-fair,HARD_TIMEOUT,2360,0.000,,,,,,,,,,,,,,,,false,
7425,starexec,SEV607+1.p,e1a,balanced,HARD_TIMEOUT,2360,0.000,,,,,,,,,,,,,,,,false,
7425,starexec,SEV607+1.p,e1a,equational,TIMEOUT,2360,3057.327,159275.733,,,29355,4718783,26295,4653673,,,,,,,,,false,
7425,starexec,SEV607+1.p,e1a,first-negative,SATURATED,2360,2388.690,2177.436,,,137,473,98,326,,,,,,,,,false,
7425,starexec,SEV607+1.p,e1a,occurrence,HARD_TIMEOUT,2360,0.000,,,,,,,,,,,,,,,,false,
7425,starexec,SEV607+1.p,e1a,subsumption-light,TIMEOUT,2360,2941.341,159328.794,,,12573,1334856,10785,1304935,,,,,,,,,false,
7425,starexec,SEV607+1.p,e1a,unary-redundancy,HARD_TIMEOUT,2360,0.000,,,,,,,,,,,,,,,,false,
7425,starexec,SEV607+1.p,e1a,weight-greedy,TIMEOUT,2360,2420.117,159267.045,,,5124,5093600,4896,5016571,,,,,,,,,false,
7425,starexec,SEV608+1.p,e1a,age-fair,HARD_TIMEOUT,2867,0.000,,,,,,,,,,,,,,,,false,
7425,starexec,SEV608+1.p,e1a,balanced,HARD_TIMEOUT,2867,0.000,,,,,,,,,,,,,,,,false,
7425,starexec,SEV608+1.p,e1a,equational,REFUTED,2867,3404.333,16944.342,,,6043,113920,5777,102004,973,,,,,,,,false,
7425,starexec,SEV608+1.p,e1a,first-negative,REFUTED,2867,2530.571,1236.535,,,108,175,105,69,69,,,,,,,,false,
7425,starexec,SEV608+1.p,e1a,occurrence,HARD_TIMEOUT,2867,0.000,,,,,,,,,,,,,,,,false,
7425,starexec,SEV608+1.p,e1a,subsumption-light,REFUTED,2867,2415.310,8071.319,,,1373,16223,1288,13759,385,,,,,,,,false,
7425,starexec,SEV608+1.p,e1a,unary-redundancy,HARD_TIMEOUT,2867,0.000,,,,,,,,,,,,,,,,false,
7425,starexec,SEV608+1.p,e1a,weight-greedy,REFUTED,2867,2177.987,3922.310,,,588,9773,557,8534,202,,,,,,,,false,
7425,starexec,SEV609+1.p,e1a,age-fair,HARD_TIMEOUT,2900,0.000,,,,,,,,,,,,,,,,false,
7425,starexec,SEV609+1.p,e1a,balanced,HARD_TIMEOUT,2900,0.000,,,,,,,,,,,,,,,,false,
7425,starexec,SEV609+1.p,e1a,equational,TIMEOUT,2900,2709.189,158545.078,,,26434,1435761,26276,1402226,,,,,,,,,false,
7425,starexec,SEV609+1.p,e1a,first-negative,TIMEOUT,2900,2603.246,157595.909,,,37010,269367,33376,217672,,,,,,,,,false,
7425,starexec,SEV609+1.p,e1a,occurrence,HARD_TIMEOUT,2900,0.000,,,,,,,,,,,,,,,,false,
7425,starexec,SEV609+1.p,e1a,subsumption-light,TIMEOUT,2900,2650.417,158717.720,,,13612,801744,13506,784782,,,,,,,,,false,
7425,starexec,SEV609+1.p,e1a,unary-redundancy,HARD_TIMEOUT,2900,0.000,,,,,,,,,,,,,,,,false,
7425,starexec,SEV609+1.p,e1a,weight-greedy,TIMEOUT,2900,2425.266,158732.387,,,26021,820276,23052,736352,,,,,,,,,false,
7425,starexec,SEV610+1.p,e1a,age-fair,HARD_TIMEOUT,2777,0.000,,,,,,,,,,,,,,,,false,
7425,starexec,SEV610+1.p,e1a,balanced,HARD_TIMEOUT,2777,0.000,,,,,,,,,,,,,,,,false,
7425,starexec,SEV610+1.p,e1a,equational,REFUTED,2777,1195.947,1566.271,,,606,1080,559,326,113,,,,,,,,false,
7425,starexec,SEV610+1.p,e1a,first-negative,TIMEOUT,2777,1296.008,159525.217,,,23362,245412,20127,184782,,,,,,,,,false,
7425,starexec,SEV610+1.p,e1a,occurrence,HARD_TIMEOUT,2777,0.000,,,,,,,,,,,,,,,,false,
7425,starexec,SEV610+1.p,e1a,subsumption-light,REFUTED,2777,1184.861,1061.745,,,194,351,194,139,92,,,,,,,,false,
7425,starexec,SEV610+1.p,e1a,unary-redundancy,REFUTED,2777,5874.528,16177.224,,,3338,32246,3226,27796,821,,,,,,,,false,
7425,starexec,SEV610+1.p,e1a,weight-greedy,TIMEOUT,2777,1112.143,160759.224,,,4452,52205,3285,9664,,,,,,,,,false,
7425,starexec,SEV612+1.p,e1a,age-fair,HARD_TIMEOUT,2852,0.000,,,,,,,,,,,,,,,,false,
7425,starexec,SEV612+1.p,e1a,balanced,HARD_TIMEOUT,2852,0.000,,,,,,,,,,,,,,,,false,
7425,starexec,SEV612+1.p,e1a,equational,TIMEOUT,2852,2981.495,155957.169,,,35846,10871739,34466,10820074,,,,,,,,,false,
7425,starexec,SEV612+1.p,e1a,first-negative,SATURATED,2852,1385.350,413.128,,,4,4,4,4,,,,,,,,,false,
7425,starexec,SEV612+1.p,e1a,occurrence,HARD_TIMEOUT,2852,0.000,,,,,,,,,,,,,,,,false,
7425,starexec,SEV612+1.p,e1a,subsumption-light,REFUTED,2852,1853.450,1352.191,,,100,140,98,92,103,,,,,,,,false,
7425,starexec,SEV612+1.p,e1a,unary-redundancy,REFUTED,2852,3840.524,7253.352,,,1216,13538,1143,11736,444,,,,,,,,false,
7425,starexec,SEV612+1.p,e1a,weight-greedy,SATURATED,2852,1526.459,715.023,,,7,16,7,15,,,,,,,,,false,
7425,starexec,SEV616+1.p,e1a,age-fair,HARD_TIMEOUT,2862,0.000,,,,,,,,,,,,,,,,false,
7425,starexec,SEV616+1.p,e1a,balanced,HARD_TIMEOUT,2862,0.000,,,,,,,,,,,,,,,,false,
7425,starexec,SEV616+1.p,e1a,equational,REFUTED,2862,2528.271,17728.781,,,3922,65078,3707,57828,242,,,,,,,,false,
7425,starexec,SEV616+1.p,e1a,first-negative,SATURATED,2862,2039.910,747.143,,,20,20,20,18,,,,,,,,,false,
7425,starexec,SEV616+1.p,e1a,occurrence,HARD_TIMEOUT,2862,0.000,,,,,,,,,,,,,,,,false,
7425,starexec,SEV616+1.p,e1a,subsumption-light,REFUTED,2862,2258.845,16120.966,,,2047,30473,1970,26814,162,,,,,,,,false,
7425,starexec,SEV616+1.p,e1a,unary-redundancy,HARD_TIMEOUT,2862,0.000,,,,,,,,,,,,,,,,false,
7425,starexec,SEV616+1.p,e1a,weight-greedy,TIMEOUT,2862,1834.310,158175.462,,,22136,4169127,15056,3961628,,,,,,,,,false,
7425,starexec,SEV618+1.p,e1a,age-fair,HARD_TIMEOUT,2435,0.000,,,,,,,,,,,,,,,,false,
7425,starexec,SEV618+1.p,e1a,balanced,HARD_TIMEOUT,2435,0.000,,,,,,,,,,,,,,,,false,
7425,starexec,SEV618+1.p,e1a,equational,TIMEOUT,2435,3071.047,157043.484,,,21579,6989598,20760,6933382,,,,,,,,,false,
7425,starexec,SEV618+1.p,e1a,first-negative,SATURATED,2435,1427.155,786.619,,,88,205,86,44,,,,,,,,,false,
7425,starexec,SEV618+1.p,e1a,occurrence,HARD_TIMEOUT,2435,0.000,,,,,,,,,,,,,,,,false,
7425,starexec,SEV618+1.p,e1a,subsumption-light,TIMEOUT,2435,1768.658,160349.381,,,11891,1282980,10960,1253020,,,,,,,,,false,
7425,starexec,SEV618+1.p,e1a,unary-redundancy,HARD_TIMEOUT,2435,0.000,,,,,,,,,,,,,,,,false,
7425,starexec,SEV618+1.p,e1a,weight-greedy,TIMEOUT,2435,2040.397,156329.270,,,12486,938340,11429,843592,,,,,,,,,false,
7425,starexec,SEV620+1.p,e1a,age-fair,HARD_TIMEOUT,2723,0.000,,,,,,,,,,,,,,,,false,
7425,starexec,SEV620+1.p,e1a,balanced,HARD_TIMEOUT,2723,0.000,,,,,,,,,,,,,,,,false,
7425,starexec,SEV620+1.p,e1a,equational,TIMEOUT,2723,2804.994,158782.309,,,37288,1709064,34777,1648200,,,,,,,,,false,
7425,starexec,SEV620+1.p,e1a,first-negative,SATURATED,2723,2323.284,1897.114,,,686,906,682,212,,,,,,,,,false,
7425,starexec,SEV620+1.p,e1a,occurrence,HARD_TIMEOUT,2723,0.000,,,,,,,,,,,,,,,,false,
7425,starexec,SEV620+1.p,e1a,subsumption-light,TIMEOUT,2723,2484.199,158851.706,,,10065,340867,9567,325195,,,,,,,,,false,
7425,starexec,SEV620+1.p,e1a,unary-redundancy,HARD_TIMEOUT,2723,0.000,,,,,,,,,,,,,,,,false,
7425,starexec,SEV620+1.p,e1a,weight-greedy,TIMEOUT,2723,1963.389,158284.146,,,29096,346684,25626,279906,,,,,,,,,false,
7425,starexec,SEV621+1.p,e1a,age-fair,HARD_TIMEOUT,2708,0.000,,,,,,,,,,,,,,,,false,
7425,starexec,SEV621+1.p,e1a,balanced,HARD_TIMEOUT,2708,0.000,,,,,,,,,,,,,,,,false,
7425,starexec,SEV621+1.p,e1a,equational,TIMEOUT,2708,3408.573,159467.346,,,39347,1885094,38194,1823848,,,,,,,,,false,
7425,starexec,SEV621+1.p,e1a,first-negative,SATURATED,2708,2610.808,1279.583,,,286,315,286,65,,,,,,,,,false,
7425,starexec,SEV621+1.p,e1a,occurrence,HARD_TIMEOUT,2708,0.000,,,,,,,,,,,,,,,,false,
7425,starexec,SEV621+1.p,e1a,subsumption-light,TIMEOUT,2708,3007.902,159117.026,,,13437,411725,13299,390153,,,,,,,,,false,
7425,starexec,SEV621+1.p,e1a,unary-redundancy,HARD_TIMEOUT,2708,0.000,,,,,,,,,,,,,,,,false,
7425,starexec,SEV621+1.p,e1a,weight-greedy,HARD_TIMEOUT,2708,0.000,,,,,,,,,,,,,,,,false,
7425,starexec,SEV622+1.p,e1a,age-fair,HARD_TIMEOUT,2761,0.000,,,,,,,,,,,,,,,,false,
7425,starexec,SEV622+1.p,e1a,balanced,HARD_TIMEOUT,2761,0.000,,,,,,,,,,,,,,,,false,
7425,starexec,SEV622+1.p,e1a,equational,TIMEOUT,2761,3428.390,158692.656,,,37651,1457013,36813,1403962,,,,,,,,,false,
7425,starexec,SEV622+1.p,e1a,first-negative,SATURATED,2761,2465.879,1003.066,,,95,101,95,44,,,,,,,,,false,
7425,starexec,SEV622+1.p,e1a,occurrence,HARD_TIMEOUT,2761,0.000,,,,,,,,,,,,,,,,false,
7425,starexec,SEV622+1.p,e1a,subsumption-light,HARD_TIMEOUT,2761,0.000,,,,,,,,,,,,,,,,false,
7425,starexec,SEV622+1.p,e1a,unary-redundancy,HARD_TIMEOUT,2761,0.000,,,,,,,,,,,,,,,,false,
7425,starexec,SEV622+1.p,e1a,weight-greedy,TIMEOUT,2761,2500.292,158553.274,,,22729,477271,18841,393099,,,,,,,,,false,
7425,starexec,SEV625+1.p,e1a,age-fair,HARD_TIMEOUT,2847,0.000,,,,,,,,,,,,,,,,false,
7425,starexec,SEV625+1.p,e1a,balanced,HARD_TIMEOUT,2847,0.000,,,,,,,,,,,,,,,,false,
7425,starexec,SEV625+1.p,e1a,equational,REFUTED,2847,734.448,6125.257,,,5408,91416,5311,84931,206,,,,,,,,false,
7425,starexec,SEV625+1.p,e1a,first-negative,SATURATED,2847,656.365,289.607,,,52,55,52,18,,,,,,,,,false,
7425,starexec,SEV625+1.p,e1a,occurrence,TIMEOUT,2847,2909.720,162728.714,,,59703,2053574,58757,1971135,,,,,,,,,false,
7425,starexec,SEV625+1.p,e1a,subsumption-light,TIMEOUT,2847,704.265,163320.029,,,16889,596480,15963,567136,,,,,,,,,false,
7425,starexec,SEV625+1.p,e1a,unary-redundancy,TIMEOUT,2847,1776.324,163794.716,,,24745,1112194,24300,1078798,,,,,,,,,false,
7425,starexec,SEV625+1.p,e1a,weight-greedy,TIMEOUT,2847,590.668,163719.720,,,7362,206092,6151,186591,,,,,,,,,false,
7425,starexec,SEV626+1.p,e1a,age-fair,HARD_TIMEOUT,2838,0.000,,,,,,,,,,,,,,,,false,
7425,starexec,SEV626+1.p,e1a,balanced,HARD_TIMEOUT,2838,0.000,,,,,,,,,,,,,,,,false,
7425,starexec,SEV626+1.p,e1a,equational,TIMEOUT,2838,2085.425,157852.035,,,32431,1332059,29584,1276066,,,,,,,,,false,
7425,starexec,SEV626+1.p,e1a,first-negative,SATURATED,2838,1884.294,768.231,,,35,37,35,17,,,,,,,,,false,
7425,starexec,SEV626+1.p,e1a,occurrence,HARD_TIMEOUT,2838,0.000,,,,,,,,,,,,,,,,false,
7425,starexec,SEV626+1.p,e1a,subsumption-light,SATURATED,2838,1640.825,3889.942,,,453,872,440,253,,,,,,,,,false,
7425,starexec,SEV626+1.p,e1a,unary-redundancy,SATURATED,2838,1921.324,3554.254,,,356,626,353,150,,,,,,,,,false,
7425,starexec,SEV626+1.p,e1a,weight-greedy,TIMEOUT,2838,1698.595,159955.054,,,1176,7553,1032,4746,,,,,,,,,false,
7425,starexec,SEV627+1.p,e1a,age-fair,HARD_TIMEOUT,2813,0.000,,,,,,,,,,,,,,,,false,
7425,starexec,SEV627+1.p,e1a,balanced,HARD_TIMEOUT,2813,0.000,,,,,,,,,,,,,,,,false,
7425,starexec,SEV627+1.p,e1a,equational,REFUTED,2813,2024.106,131233.781,,,47836,518821,41518,394882,190,,,,,,,,false,
7425,starexec,SEV627+1.p,e1a,first-negative,TIMEOUT,2813,1830.347,156942.225,,,16640,790345,13852,742082,,,,,,,,,false,
7425,starexec,SEV627+1.p,e1a,occurrence,HARD_TIMEOUT,2813,0.000,,,,,,,,,,,,,,,,false,
7425,starexec,SEV627+1.p,e1a,subsumption-light,TIMEOUT,2813,1872.582,158614.760,,,24973,278155,24443,221695,,,,,,,,,false,
7425,starexec,SEV627+1.p,e1a,unary-redundancy,HARD_TIMEOUT,2813,0.000,,,,,,,,,,,,,,,,false,
7425,starexec,SEV627+1.p,e1a,weight-greedy,HARD_TIMEOUT,2813,0.000,,,,,,,,,,,,,,,,false,
7425,starexec,SEV629+1.p,e1a,age-fair,HARD_TIMEOUT,2962,0.000,,,,,,,,,,,,,,,,false,
7425,starexec,SEV629+1.p,e1a,balanced,HARD_TIMEOUT,2962,0.000,,,,,,,,,,,,,,,,false,
7425,starexec,SEV629+1.p,e1a,equational,REFUTED,2962,1962.211,1603.859,,,207,466,198,221,145,,,,,,,,false,
7425,starexec,SEV629+1.p,e1a,first-negative,HARD_TIMEOUT,2962,0.000,,,,,,,,,,,,,,,,false,
7425,starexec,SEV629+1.p,e1a,occurrence,HARD_TIMEOUT,2962,0.000,,,,,,,,,,,,,,,,false,
7425,starexec,SEV629+1.p,e1a,subsumption-light,REFUTED,2962,1855.759,1522.484,,,111,216,110,98,80,,,,,,,,false,
7425,starexec,SEV629+1.p,e1a,unary-redundancy,REFUTED,2962,2442.028,1833.276,,,197,455,192,224,105,,,,,,,,false,
7425,starexec,SEV629+1.p,e1a,weight-greedy,SATURATED,2962,1569.467,792.485,,,23,24,23,14,,,,,,,,,false,
7425,starexec,SEV630+1.p,e1a,age-fair,HARD_TIMEOUT,2559,0.000,,,,,,,,,,,,,,,,false,
7425,starexec,SEV630+1.p,e1a,balanced,HARD_TIMEOUT,2559,0.000,,,,,,,,,,,,,,,,false,
7425,starexec,SEV630+1.p,e1a,equational,HARD_TIMEOUT,2559,0.000,,,,,,,,,,,,,,,,false,
7425,starexec,SEV630+1.p,e1a,first-negative,TIMEOUT,2559,2180.021,156143.680,,,20161,5198732,15979,5030521,,,,,,,,,false,
7425,starexec,SEV630+1.p,e1a,occurrence,HARD_TIMEOUT,2559,0.000,,,,,,,,,,,,,,,,false,
7425,starexec,SEV630+1.p,e1a,subsumption-light,TIMEOUT,2559,2700.235,158194.958,,,9465,498477,8658,478695,,,,,,,,,false,
7425,starexec,SEV630+1.p,e1a,unary-redundancy,HARD_TIMEOUT,2559,0.000,,,,,,,,,,,,,,,,false,
7425,starexec,SEV630+1.p,e1a,weight-greedy,TIMEOUT,2559,2111.619,157752.070,,,3743,472850,3711,458618,,,,,,,,,false,
7425,starexec,SEV631+1.p,e1a,age-fair,HARD_TIMEOUT,3117,0.000,,,,,,,,,,,,,,,,false,
7425,starexec,SEV631+1.p,e1a,balanced,REFUTED,3117,4527.872,32027.799,,,11136,1186834,10791,1171926,8797,,,,,,,,false,
7425,starexec,SEV631+1.p,e1a,equational,REFUTED,3117,1653.591,1666.963,,,314,1042,271,647,202,,,,,,,,false,
7425,starexec,SEV631+1.p,e1a,first-negative,REFUTED,3117,1431.634,720.544,,,42,74,34,27,27,,,,,,,,false,
7425,starexec,SEV631+1.p,e1a,occurrence,REFUTED,3117,8064.949,18487.576,,,10424,294243,9719,278316,4404,,,,,,,,false,
7425,starexec,SEV631+1.p,e1a,subsumption-light,REFUTED,3117,1341.090,1194.519,,,161,425,132,231,94,,,,,,,,false,
7425,starexec,SEV631+1.p,e1a,unary-redundancy,REFUTED,3117,4113.628,4496.197,,,1454,9791,1325,7825,1158,,,,,,,,false,
7425,starexec,SEV631+1.p,e1a,weight-greedy,REFUTED,3117,1200.034,1002.797,,,117,403,105,194,43,,,,,,,,false,
7425,starexec,SEV634+1.p,e1a,age-fair,HARD_TIMEOUT,2534,0.000,,,,,,,,,,,,,,,,false,
7425,starexec,SEV634+1.p,e1a,balanced,EXHAUSTED,2534,1967.283,147061.124,,,0,0,0,0,,,,,,,,,false,OutOfMemoryError: Java heap space at Arrays.copyOf:3623
7425,starexec,SEV634+1.p,e1a,equational,HARD_TIMEOUT,2534,0.000,,,,,,,,,,,,,,,,false,
7425,starexec,SEV634+1.p,e1a,first-negative,TIMEOUT,2534,1483.265,160114.641,,,21865,4954837,17382,4863209,,,,,,,,,false,
7425,starexec,SEV634+1.p,e1a,occurrence,HARD_TIMEOUT,2534,0.000,,,,,,,,,,,,,,,,false,
7425,starexec,SEV634+1.p,e1a,subsumption-light,TIMEOUT,2534,1680.844,160759.709,,,12610,1691899,11601,1664593,,,,,,,,,false,
7425,starexec,SEV634+1.p,e1a,unary-redundancy,HARD_TIMEOUT,2534,0.000,,,,,,,,,,,,,,,,false,
7425,starexec,SEV634+1.p,e1a,weight-greedy,TIMEOUT,2534,1973.123,158803.663,,,7838,2291603,6919,2251071,,,,,,,,,false,
7425,starexec,SEV636+1.p,e1a,age-fair,EXHAUSTED,2935,4427.629,0.000,,,0,0,0,0,,,,,,,,,false,StackOverflowError:  at OLEquivalenceChecker.polarize:419
7425,starexec,SEV636+1.p,e1a,balanced,EXHAUSTED,2935,3241.653,1554.166,,,0,0,0,0,,,,,,,,,false,StackOverflowError:  at BoxesRunTime.boxToInteger:63
7425,starexec,SEV636+1.p,e1a,equational,EXHAUSTED,2935,2650.870,855.989,,,0,0,0,0,,,,,,,,,false,StackOverflowError:  at Clausal$.term:173
7425,starexec,SEV636+1.p,e1a,first-negative,SATURATED,2935,2127.595,20128.287,,,3530,80692,2861,41729,,,,,,,,,false,
7425,starexec,SEV636+1.p,e1a,occurrence,EXHAUSTED,2935,3705.577,0.000,,,0,0,0,0,,,,,,,,,false,StackOverflowError:  at OLEquivalenceChecker.polarize:419
7425,starexec,SEV636+1.p,e1a,subsumption-light,EXHAUSTED,2935,2665.952,826.007,,,0,0,0,0,,,,,,,,,false,StackOverflowError:  at BoxesRunTime.boxToInteger:63
7425,starexec,SEV636+1.p,e1a,unary-redundancy,EXHAUSTED,2935,2554.662,0.000,,,0,0,0,0,,,,,,,,,false,StackOverflowError:  at OLEquivalenceChecker.polarize:419
7425,starexec,SEV636+1.p,e1a,weight-greedy,HARD_TIMEOUT,2935,0.000,,,,,,,,,,,,,,,,false,
7425,starexec,SEV637+1.p,e1a,age-fair,HARD_TIMEOUT,2981,0.000,,,,,,,,,,,,,,,,false,
7425,starexec,SEV637+1.p,e1a,balanced,HARD_TIMEOUT,2981,0.000,,,,,,,,,,,,,,,,false,
7425,starexec,SEV637+1.p,e1a,equational,REFUTED,2981,2517.561,48347.008,,,11314,1412298,10106,1386541,344,,,,,,,,false,
7425,starexec,SEV637+1.p,e1a,first-negative,SATURATED,2981,2054.752,605.263,,,41,57,40,28,,,,,,,,,false,
7425,starexec,SEV637+1.p,e1a,occurrence,HARD_TIMEOUT,2981,0.000,,,,,,,,,,,,,,,,false,
7425,starexec,SEV637+1.p,e1a,subsumption-light,REFUTED,2981,2432.138,40627.797,,,7707,641896,6030,626137,301,,,,,,,,false,
7425,starexec,SEV637+1.p,e1a,unary-redundancy,REFUTED,2981,3379.827,28425.052,,,6862,472441,5447,457456,325,,,,,,,,false,
7425,starexec,SEV637+1.p,e1a,weight-greedy,TIMEOUT,2981,2173.135,155949.763,,,20344,4675313,17161,4581182,,,,,,,,,false,
7425,starexec,SEV640+1.p,e1a,age-fair,HARD_TIMEOUT,2766,0.000,,,,,,,,,,,,,,,,false,
7425,starexec,SEV640+1.p,e1a,balanced,HARD_TIMEOUT,2766,0.000,,,,,,,,,,,,,,,,false,
7425,starexec,SEV640+1.p,e1a,first-negative,SATURATED,2766,1867.914,877.266,,,22,25,22,23,,,,,,,,,false,
7425,starexec,SEV640+1.p,e1a,occurrence,TIMEOUT,2766,2976.778,156038.930,,,38422,10255280,32977,10017743,,,,,,,,,false,
7425,starexec,SEV640+1.p,e1a,subsumption-light,SATURATED,2766,1460.056,1016.384,,,35,44,34,31,,,,,,,,,false,
7425,starexec,SEV640+1.p,e1a,unary-redundancy,SATURATED,2766,1723.345,910.580,,,35,39,34,28,,,,,,,,,false,
7425,starexec,SEV640+1.p,e1a,weight-greedy,TIMEOUT,2766,1473.159,156497.250,,,4836,4928080,4741,4817993,,,,,,,,,false,
7425,starexec,SEV641+1.p,e1a,equational,HARD_TIMEOUT,3078,0.000,,,,,,,,,,,,,,,,false,
7425,starexec,SEV641+1.p,e1a,first-negative,TIMEOUT,3078,2489.937,155763.549,,,22800,2381625,19141,2319852,,,,,,,,,false,
7425,starexec,SEV641+1.p,e1a,occurrence,HARD_TIMEOUT,3078,0.000,,,,,,,,,,,,,,,,false,
7425,starexec,SEV641+1.p,e1a,subsumption-light,REFUTED,3078,3224.730,12332.439,,,2005,18706,1981,15798,514,,,,,,,,false,
7425,starexec,SEV641+1.p,e1a,unary-redundancy,HARD_TIMEOUT,3078,0.000,,,,,,,,,,,,,,,,false,
7425,starexec,SEV641+1.p,e1a,weight-greedy,TIMEOUT,3078,2649.888,157097.926,,,23231,2009988,17861,1925323,,,,,,,,,false,
7425,starexec,SEV643+1.p,e1a,age-fair,HARD_TIMEOUT,2960,0.000,,,,,,,,,,,,,,,,false,
7425,starexec,SEV643+1.p,e1a,balanced,TIMEOUT,2960,3075.777,164716.096,,,43282,4740909,43176,4689177,,,,,,,,,false,
7425,starexec,SEV643+1.p,e1a,equational,TIMEOUT,2960,2735.521,160923.969,,,39280,5324677,37162,5238016,,,,,,,,,false,
7425,starexec,SEV643+1.p,e1a,first-negative,SATURATED,2960,1565.884,747.979,,,87,142,82,57,,,,,,,,,false,
7425,starexec,SEV643+1.p,e1a,occurrence,HARD_TIMEOUT,2960,0.000,,,,,,,,,,,,,,,,false,
7425,starexec,SEV643+1.p,e1a,subsumption-light,REFUTED,2960,1760.883,11446.437,,,2327,51229,2230,46659,323,,,,,,,,false,
7425,starexec,SEV643+1.p,e1a,unary-redundancy,HARD_TIMEOUT,2960,0.000,,,,,,,,,,,,,,,,false,
7425,starexec,SEV643+1.p,e1a,weight-greedy,HARD_TIMEOUT,2960,0.000,,,,,,,,,,,,,,,,false,
7425,starexec,SEV644+1.p,e1a,age-fair,REFUTED,2363,6280.922,1954.986,,,0,4195,0,4195,4254,,,,,,,,false,
7425,starexec,SEV644+1.p,e1a,balanced,REFUTED,2363,2357.238,1993.753,,,4,6477,4,6477,6586,,,,,,,,false,
7425,starexec,SEV644+1.p,e1a,equational,REFUTED,2363,1482.351,722.614,,,4,83,4,83,98,,,,,,,,false,
7425,starexec,SEV644+1.p,e1a,first-negative,REFUTED,2363,1009.186,355.174,,,0,4,0,4,5,,,,,,,,false,
7425,starexec,SEV644+1.p,e1a,occurrence,REFUTED,2363,2153.986,629.482,,,0,80,0,80,81,,,,,,,,false,
7425,starexec,SEV644+1.p,e1a,subsumption-light,REFUTED,2363,1508.234,1166.876,,,4,83,4,83,98,,,,,,,,false,
7425,starexec,SEV644+1.p,e1a,unary-redundancy,REFUTED,2363,2110.731,959.061,,,0,80,0,80,81,,,,,,,,false,
7425,starexec,SEV644+1.p,e1a,weight-greedy,REFUTED,2363,2224.236,864.883,,,3,76,3,76,91,,,,,,,,false,
7425,starexec,SEV645+1.p,e1a,age-fair,HARD_TIMEOUT,1984,0.000,,,,,,,,,,,,,,,,false,
7425,starexec,SEV645+1.p,e1a,balanced,HARD_TIMEOUT,1984,0.000,,,,,,,,,,,,,,,,false,
7425,starexec,SEV645+1.p,e1a,equational,TIMEOUT,1984,2783.776,157225.860,,,24859,3231978,22388,3170834,,,,,,,,,false,
7425,starexec,SEV645+1.p,e1a,first-negative,TIMEOUT,1984,2033.056,155853.859,,,13401,776412,13152,654352,,,,,,,,,false,
7425,starexec,SEV645+1.p,e1a,occurrence,HARD_TIMEOUT,1984,0.000,,,,,,,,,,,,,,,,false,
7425,starexec,SEV645+1.p,e1a,subsumption-light,TIMEOUT,1984,2308.530,158095.325,,,11825,1372782,11004,1339934,,,,,,,,,false,
7425,starexec,SEV645+1.p,e1a,unary-redundancy,HARD_TIMEOUT,1984,0.000,,,,,,,,,,,,,,,,false,
7425,starexec,SEV645+1.p,e1a,weight-greedy,TIMEOUT,1984,2161.323,157682.572,,,1515,7583,1481,5255,,,,,,,,,false,
7425,starexec,SEV646+1.p,e1a,age-fair,HARD_TIMEOUT,3067,0.000,,,,,,,,,,,,,,,,false,
7425,starexec,SEV646+1.p,e1a,balanced,HARD_TIMEOUT,3067,0.000,,,,,,,,,,,,,,,,false,
7425,starexec,SEV646+1.p,e1a,equational,REFUTED,3067,2312.783,3924.983,,,1289,4767,1282,3248,268,,,,,,,,false,
7425,starexec,SEV646+1.p,e1a,first-negative,SATURATED,3067,2001.655,1215.210,,,109,115,109,34,,,,,,,,,false,
7425,starexec,SEV646+1.p,e1a,subsumption-light,REFUTED,3067,2147.498,3923.844,,,367,1715,362,1306,128,,,,,,,,false,
7425,starexec,SEV646+1.p,e1a,unary-redundancy,REFUTED,3067,3125.617,4287.955,,,602,3049,599,2422,159,,,,,,,,false,
7425,starexec,SEV646+1.p,e1a,weight-greedy,REFUTED,3067,1843.573,4220.352,,,342,10090,328,6696,52,,,,,,,,false,
7425,starexec,SEV650+1.p,e1a,age-fair,HARD_TIMEOUT,3015,0.000,,,,,,,,,,,,,,,,false,
7425,starexec,SEV650+1.p,e1a,balanced,HARD_TIMEOUT,3015,0.000,,,,,,,,,,,,,,,,false,
7425,starexec,SEV650+1.p,e1a,equational,TIMEOUT,3015,2523.831,158876.159,,,26697,3061184,24030,3006621,,,,,,,,,false,
7425,starexec,SEV650+1.p,e1a,first-negative,SATURATED,3015,2229.297,2216.111,,,516,619,460,225,,,,,,,,,false,
7425,starexec,SEV650+1.p,e1a,occurrence,HARD_TIMEOUT,3015,0.000,,,,,,,,,,,,,,,,false,
7425,starexec,SEV650+1.p,e1a,subsumption-light,TIMEOUT,3015,2189.083,158287.380,,,12786,488205,11535,458126,,,,,,,,,false,
7425,starexec,SEV650+1.p,e1a,unary-redundancy,TIMEOUT,3015,3234.924,158665.066,,,11932,442756,10665,413384,,,,,,,,,false,
7425,starexec,SEV650+1.p,e1a,weight-greedy,TIMEOUT,3015,2177.983,158400.006,,,4976,3985812,4819,3886547,,,,,,,,,false,
7425,starexec,SEV651+1.p,e1a,age-fair,HARD_TIMEOUT,2743,0.000,,,,,,,,,,,,,,,,false,
7425,starexec,SEV651+1.p,e1a,balanced,TIMEOUT,2743,2002.095,164471.840,,,45734,4557908,45271,4505056,,,,,,,,,false,
7425,starexec,SEV651+1.p,e1a,equational,TIMEOUT,2743,1789.760,161791.551,,,29765,3538253,28877,3483038,,,,,,,,,false,
7425,starexec,SEV651+1.p,e1a,first-negative,TIMEOUT,2743,1948.418,160760.491,,,32210,1288952,27040,1091084,,,,,,,,,false,
7425,starexec,SEV651+1.p,e1a,occurrence,HARD_TIMEOUT,2743,0.000,,,,,,,,,,,,,,,,false,
7425,starexec,SEV651+1.p,e1a,subsumption-light,TIMEOUT,2743,1718.277,162292.034,,,13631,969646,13273,947768,,,,,,,,,false,
7425,starexec,SEV651+1.p,e1a,unary-redundancy,TIMEOUT,2743,2678.897,161902.659,,,12856,761974,12478,740850,,,,,,,,,false,
7425,starexec,SEV651+1.p,e1a,weight-greedy,TIMEOUT,2743,2207.949,159345.793,,,11401,2506012,11034,2390354,,,,,,,,,false,
7425,starexec,SEV654+1.p,e1a,age-fair,HARD_TIMEOUT,3190,0.000,,,,,,,,,,,,,,,,false,
7425,starexec,SEV654+1.p,e1a,balanced,HARD_TIMEOUT,3190,0.000,,,,,,,,,,,,,,,,false,
7425,starexec,SEV654+1.p,e1a,equational,TIMEOUT,3190,3481.432,157840.978,,,41270,2297274,39040,2204524,,,,,,,,,false,
7425,starexec,SEV654+1.p,e1a,first-negative,TIMEOUT,3190,2524.833,156541.611,,,12132,6768423,10608,6613893,,,,,,,,,false,
7425,starexec,SEV654+1.p,e1a,occurrence,HARD_TIMEOUT,3190,0.000,,,,,,,,,,,,,,,,false,
7425,starexec,SEV654+1.p,e1a,subsumption-light,TIMEOUT,3190,2507.067,157346.252,,,22187,1420571,21514,1369187,,,,,,,,,false,
7425,starexec,SEV654+1.p,e1a,unary-redundancy,HARD_TIMEOUT,3190,0.000,,,,,,,,,,,,,,,,false,
7425,starexec,SEV654+1.p,e1a,weight-greedy,TIMEOUT,3190,2097.253,156905.832,,,12186,7548309,10832,7427804,,,,,,,,,false,
7425,starexec,SEV655+1.p,e1a,equational,TIMEOUT,3248,1900.084,161392.001,,,30881,2547007,29996,2480253,,,,,,,,,false,
7425,starexec,SEV655+1.p,e1a,first-negative,TIMEOUT,3248,1580.950,160202.852,,,29048,4181973,25601,4091889,,,,,,,,,false,
7425,starexec,SEV655+1.p,e1a,occurrence,HARD_TIMEOUT,3248,0.000,,,,,,,,,,,,,,,,false,
7425,starexec,SEV655+1.p,e1a,subsumption-light,TIMEOUT,3248,1765.555,161097.503,,,14637,1118854,13694,1085176,,,,,,,,,false,
7425,starexec,SEV655+1.p,e1a,unary-redundancy,HARD_TIMEOUT,3248,0.000,,,,,,,,,,,,,,,,false,
7425,starexec,SEV655+1.p,e1a,weight-greedy,TIMEOUT,3248,1525.051,158049.007,,,15610,5133825,12059,4836424,,,,,,,,,false,
7425,starexec,SEV656+1.p,e1a,age-fair,HARD_TIMEOUT,3041,0.000,,,,,,,,,,,,,,,,false,
7425,starexec,SEV656+1.p,e1a,balanced,HARD_TIMEOUT,3041,0.000,,,,,,,,,,,,,,,,false,
7425,starexec,SEV656+1.p,e1a,equational,TIMEOUT,3041,2657.779,158767.364,,,31877,2467759,29774,2393269,,,,,,,,,false,
7425,starexec,SEV656+1.p,e1a,first-negative,TIMEOUT,3041,1510.042,160296.698,,,18195,5151807,13208,4957800,,,,,,,,,false,
7425,starexec,SEV656+1.p,e1a,occurrence,HARD_TIMEOUT,3041,0.000,,,,,,,,,,,,,,,,false,
7425,starexec,SEV656+1.p,e1a,subsumption-light,TIMEOUT,3041,2402.141,158447.904,,,10169,792861,9416,768827,,,,,,,,,false,
7425,starexec,SEV656+1.p,e1a,unary-redundancy,HARD_TIMEOUT,3041,0.000,,,,,,,,,,,,,,,,false,
7425,starexec,SEV656+1.p,e1a,weight-greedy,TIMEOUT,3041,2101.649,157598.228,,,20560,3948056,16115,3608088,,,,,,,,,false,
7425,starexec,SEV657+1.p,e1a,age-fair,HARD_TIMEOUT,3067,0.000,,,,,,,,,,,,,,,,false,
7425,starexec,SEV657+1.p,e1a,balanced,HARD_TIMEOUT,3067,0.000,,,,,,,,,,,,,,,,false,
7425,starexec,SEV657+1.p,e1a,equational,TIMEOUT,3067,2503.157,158332.577,,,23268,4018311,22948,3983309,,,,,,,,,false,
7425,starexec,SEV657+1.p,e1a,first-negative,SATURATED,3067,2424.413,1430.023,,,212,227,212,44,,,,,,,,,false,
7425,starexec,SEV657+1.p,e1a,occurrence,HARD_TIMEOUT,3067,0.000,,,,,,,,,,,,,,,,false,
7425,starexec,SEV657+1.p,e1a,subsumption-light,TIMEOUT,3067,2400.629,158726.625,,,10022,606020,9921,588548,,,,,,,,,false,
7425,starexec,SEV657+1.p,e1a,unary-redundancy,TIMEOUT,3067,3482.816,158560.436,,,10319,745266,9999,728527,,,,,,,,,false,
7425,starexec,SEV657+1.p,e1a,weight-greedy,TIMEOUT,3067,2030.282,158203.174,,,8631,3721413,7983,3608497,,,,,,,,,false,
7425,starexec,SEV658+1.p,e1a,age-fair,HARD_TIMEOUT,3118,0.000,,,,,,,,,,,,,,,,false,
7425,starexec,SEV658+1.p,e1a,balanced,KILLED,,0.000,,,,,,,,,,,,,,,,false,killed before finishing
7425,starexec,SEV658+1.p,e1a,equational,TIMEOUT,3118,2658.137,157696.632,,,27228,2045133,26252,1996545,,,,,,,,,false,
7425,starexec,SEV658+1.p,e1a,first-negative,TIMEOUT,3118,2520.923,156832.558,,,16809,1593675,11581,1542031,,,,,,,,,false,
7425,starexec,SEV658+1.p,e1a,occurrence,HARD_TIMEOUT,3118,0.000,,,,,,,,,,,,,,,,false,
7425,starexec,SEV658+1.p,e1a,subsumption-light,TIMEOUT,3118,2466.907,157926.101,,,11941,668106,11669,644501,,,,,,,,,false,
7425,starexec,SEV658+1.p,e1a,unary-redundancy,TIMEOUT,3118,3695.536,157770.354,,,11674,553138,11303,530062,,,,,,,,,false,
7425,starexec,SEV658+1.p,e1a,weight-greedy,TIMEOUT,3118,2187.482,158138.953,,,8695,2713473,7061,2630678,,,,,,,,,false,
7425,starexec,SEV660+1.p,e1a,age-fair,HARD_TIMEOUT,2689,0.000,,,,,,,,,,,,,,,,false,
7425,starexec,SEV660+1.p,e1a,balanced,KILLED,,0.000,,,,,,,,,,,,,,,,false,killed before finishing
7425,starexec,SEV660+1.p,e1a,equational,REFUTED,2689,1356.042,6397.506,,,3343,60228,3324,55802,212,,,,,,,,false,
7425,starexec,SEV660+1.p,e1a,first-negative,TIMEOUT,2689,1194.598,159386.096,,,2901,5015561,2889,5006937,,,,,,,,,false,
7425,starexec,SEV660+1.p,e1a,occurrence,HARD_TIMEOUT,2689,0.000,,,,,,,,,,,,,,,,false,
7425,starexec,SEV660+1.p,e1a,subsumption-light,REFUTED,2689,1123.929,1425.454,,,310,1246,307,892,90,,,,,,,,false,
7425,starexec,SEV660+1.p,e1a,unary-redundancy,HARD_TIMEOUT,2689,0.000,,,,,,,,,,,,,,,,false,
7425,starexec,SEV660+1.p,e1a,weight-greedy,REFUTED,2689,1004.205,1438.908,,,187,761,185,400,48,,,,,,,,false,
7425,starexec,SEV661+1.p,e1a,age-fair,HARD_TIMEOUT,2456,0.000,,,,,,,,,,,,,,,,false,
7425,starexec,SEV661+1.p,e1a,balanced,HARD_TIMEOUT,2456,0.000,,,,,,,,,,,,,,,,false,
7425,starexec,SEV661+1.p,e1a,equational,REFUTED,2456,2179.372,1828.654,,,290,566,264,178,151,,,,,,,,false,
7425,starexec,SEV661+1.p,e1a,first-negative,SATURATED,2456,1114.008,502.392,,,14,18,14,11,,,,,,,,,false,
7425,starexec,SEV661+1.p,e1a,occurrence,HARD_TIMEOUT,2456,0.000,,,,,,,,,,,,,,,,false,
7425,starexec,SEV661+1.p,e1a,subsumption-light,REFUTED,2456,1726.342,1577.083,,,148,295,126,110,89,,,,,,,,false,
7425,starexec,SEV661+1.p,e1a,unary-redundancy,REFUTED,2456,5594.753,76935.302,,,17608,812027,17149,789867,1158,,,,,,,,false,
7425,starexec,SEV661+1.p,e1a,weight-greedy,SATURATED,2456,1572.847,933.376,,,46,63,34,37,,,,,,,,,false,
7425,starexec,SEV667+1.p,e1a,age-fair,HARD_TIMEOUT,2862,0.000,,,,,,,,,,,,,,,,false,
7425,starexec,SEV667+1.p,e1a,balanced,HARD_TIMEOUT,2862,0.000,,,,,,,,,,,,,,,,false,
7425,starexec,SEV667+1.p,e1a,equational,TIMEOUT,2862,1787.832,159286.283,,,28622,4023826,28384,3980740,,,,,,,,,false,
7425,starexec,SEV667+1.p,e1a,first-negative,SATURATED,2862,1677.461,590.562,,,20,23,20,11,,,,,,,,,false,
7425,starexec,SEV667+1.p,e1a,occurrence,HARD_TIMEOUT,2862,0.000,,,,,,,,,,,,,,,,false,
7425,starexec,SEV667+1.p,e1a,subsumption-light,TIMEOUT,2862,1463.198,158721.072,,,4746,32444,4625,16710,,,,,,,,,false,
7425,starexec,SEV667+1.p,e1a,unary-redundancy,HARD_TIMEOUT,2862,0.000,,,,,,,,,,,,,,,,false,
7425,starexec,SEV667+1.p,e1a,weight-greedy,TIMEOUT,2862,1423.077,159049.298,,,7901,770352,7666,748277,,,,,,,,,false,
7425,starexec,SEV668+1.p,e1a,age-fair,REFUTED,2820,7847.428,24129.839,,,5672,377706,5622,371824,5809,,,,,,,,false,
7425,starexec,SEV668+1.p,e1a,balanced,REFUTED,2820,2260.746,2324.470,,,718,10430,716,9714,7418,,,,,,,,false,
7425,starexec,SEV668+1.p,e1a,equational,REFUTED,2820,1919.258,1031.798,,,14,430,14,426,426,,,,,,,,false,
7425,starexec,SEV668+1.p,e1a,first-negative,REFUTED,2820,1106.424,531.334,,,18,25,17,21,21,,,,,,,,false,
7425,starexec,SEV668+1.p,e1a,occurrence,REFUTED,2820,2915.475,1031.854,,,22,513,21,513,513,,,,,,,,false,
7425,starexec,SEV668+1.p,e1a,subsumption-light,REFUTED,2820,923.997,516.291,,,16,27,16,21,21,,,,,,,,false,
7425,starexec,SEV668+1.p,e1a,unary-redundancy,REFUTED,2820,1070.040,489.191,,,14,26,14,21,21,,,,,,,,false,
7425,starexec,SEV668+1.p,e1a,weight-greedy,REFUTED,2820,952.159,452.291,,,6,21,6,21,21,,,,,,,,false,
7425,starexec,SEV671+1.p,e1a,age-fair,HARD_TIMEOUT,2497,0.000,,,,,,,,,,,,,,,,false,
7425,starexec,SEV671+1.p,e1a,balanced,HARD_TIMEOUT,2497,0.000,,,,,,,,,,,,,,,,false,
7425,starexec,SEV671+1.p,e1a,equational,TIMEOUT,2497,3070.361,155983.132,,,36156,4193425,34306,4145770,,,,,,,,,false,
7425,starexec,SEV671+1.p,e1a,first-negative,TIMEOUT,2497,2282.889,154366.590,,,6857,5162336,6496,5146634,,,,,,,,,false,
7425,starexec,SEV671+1.p,e1a,occurrence,HARD_TIMEOUT,2497,0.000,,,,,,,,,,,,,,,,false,
7425,starexec,SEV671+1.p,e1a,subsumption-light,TIMEOUT,2497,2718.882,155915.291,,,16454,2106957,14324,2079787,,,,,,,,,false,
7425,starexec,SEV671+1.p,e1a,unary-redundancy,HARD_TIMEOUT,2497,0.000,,,,,,,,,,,,,,,,false,
7425,starexec,SEV671+1.p,e1a,weight-greedy,TIMEOUT,2497,1980.298,155557.084,,,12834,4375128,12039,4324674,,,,,,,,,false,
7425,starexec,SEV673+1.p,e1a,age-fair,HARD_TIMEOUT,2701,0.000,,,,,,,,,,,,,,,,false,
7425,starexec,SEV673+1.p,e1a,balanced,HARD_TIMEOUT,2701,0.000,,,,,,,,,,,,,,,,false,
7425,starexec,SEV673+1.p,e1a,equational,TIMEOUT,2701,3189.750,156258.313,,,26495,4605798,23591,4552480,,,,,,,,,false,
7425,starexec,SEV673+1.p,e1a,first-negative,TIMEOUT,2701,2355.762,154368.162,,,22622,582189,21398,436977,,,,,,,,,false,
7425,starexec,SEV673+1.p,e1a,occurrence,HARD_TIMEOUT,2701,0.000,,,,,,,,,,,,,,,,false,
7425,starexec,SEV673+1.p,e1a,subsumption-light,TIMEOUT,2701,3021.169,156464.480,,,13132,1423839,12080,1396681,,,,,,,,,false,
7425,starexec,SEV673+1.p,e1a,unary-redundancy,HARD_TIMEOUT,2701,0.000,,,,,,,,,,,,,,,,false,
7425,starexec,SEV673+1.p,e1a,weight-greedy,REFUTED,2701,2428.981,81051.360,,,9856,2061503,4934,1941676,279,,,,,,,,false,
7425,starexec,SEV675+1.p,e1a,equational,TIMEOUT,3187,3088.922,157618.055,,,37277,2291838,34598,2228318,,,,,,,,,false,
7425,starexec,SEV675+1.p,e1a,first-negative,SATURATED,3187,2141.616,692.249,,,57,59,55,49,,,,,,,,,false,
7425,starexec,SEV675+1.p,e1a,occurrence,HARD_TIMEOUT,3187,0.000,,,,,,,,,,,,,,,,false,
7425,starexec,SEV675+1.p,e1a,subsumption-light,TIMEOUT,3187,2896.517,157690.399,,,18233,620533,16862,589465,,,,,,,,,false,
7425,starexec,SEV675+1.p,e1a,unary-redundancy,HARD_TIMEOUT,3187,0.000,,,,,,,,,,,,,,,,false,
7425,starexec,SEV675+1.p,e1a,weight-greedy,HARD_TIMEOUT,3187,0.000,,,,,,,,,,,,,,,,false,
7425,starexec,SEV676+1.p,e1a,age-fair,HARD_TIMEOUT,3004,0.000,,,,,,,,,,,,,,,,false,
7425,starexec,SEV676+1.p,e1a,balanced,HARD_TIMEOUT,3004,0.000,,,,,,,,,,,,,,,,false,
7425,starexec,SEV676+1.p,e1a,equational,HARD_TIMEOUT,3004,0.000,,,,,,,,,,,,,,,,false,
7425,starexec,SEV676+1.p,e1a,first-negative,TIMEOUT,3004,2496.453,157267.796,,,2142,27565,1963,15861,,,,,,,,,false,
7425,starexec,SEV676+1.p,e1a,occurrence,HARD_TIMEOUT,3004,0.000,,,,,,,,,,,,,,,,false,
7425,starexec,SEV676+1.p,e1a,subsumption-light,TIMEOUT,3004,2582.197,158882.775,,,10008,1681254,9142,1650636,,,,,,,,,false,
7425,starexec,SEV676+1.p,e1a,unary-redundancy,HARD_TIMEOUT,3004,0.000,,,,,,,,,,,,,,,,false,
7425,starexec,SEV676+1.p,e1a,weight-greedy,TIMEOUT,3004,2169.349,158395.553,,,15362,6001676,11498,5920868,,,,,,,,,false,
7425,starexec,SEV677+1.p,e1a,age-fair,HARD_TIMEOUT,3185,0.000,,,,,,,,,,,,,,,,false,
7425,starexec,SEV677+1.p,e1a,balanced,TIMEOUT,3185,2204.446,162928.499,,,48226,2087924,46246,2007725,,,,,,,,,false,
7425,starexec,SEV677+1.p,e1a,equational,REFUTED,3185,1075.947,1776.557,,,1529,10736,1470,8504,501,,,,,,,,false,
7425,starexec,SEV677+1.p,e1a,first-negative,SATURATED,3185,716.360,292.433,,,20,22,20,14,,,,,,,,,false,
7425,starexec,SEV677+1.p,e1a,occurrence,TIMEOUT,3185,3670.094,162911.845,,,47488,1589316,45459,1482244,,,,,,,,,false,
7425,starexec,SEV677+1.p,e1a,subsumption-light,REFUTED,3185,900.395,1535.216,,,716,4235,651,3231,243,,,,,,,,false,
7425,starexec,SEV677+1.p,e1a,unary-redundancy,TIMEOUT,3185,2988.225,163222.470,,,17721,1041955,17202,1013067,,,,,,,,,false,
7425,starexec,SEV677+1.p,e1a,weight-greedy,REFUTED,3185,633.524,414.798,,,59,140,57,68,38,,,,,,,,false,
7425,starexec,SEV678+1.p,e1a,age-fair,REFUTED,2924,10131.136,16011.970,,,3117,140849,3092,137703,5135,,,,,,,,false,
7425,starexec,SEV678+1.p,e1a,balanced,REFUTED,2924,3700.090,15273.242,,,7676,297359,7558,289428,8011,,,,,,,,false,
7425,starexec,SEV678+1.p,e1a,equational,REFUTED,2924,2115.453,1221.835,,,21,246,21,242,262,,,,,,,,false,
7425,starexec,SEV678+1.p,e1a,first-negative,REFUTED,2924,1756.730,755.227,,,10,18,10,14,14,,,,,,,,false,
7425,starexec,SEV678+1.p,e1a,occurrence,REFUTED,2924,3085.285,1151.442,,,17,242,17,238,247,,,,,,,,false,
7425,starexec,SEV678+1.p,e1a,subsumption-light,REFUTED,2924,2186.447,1396.023,,,25,231,25,226,246,,,,,,,,false,
7425,starexec,SEV678+1.p,e1a,unary-redundancy,REFUTED,2924,3169.754,1372.521,,,24,244,24,238,247,,,,,,,,false,
7425,starexec,SEV678+1.p,e1a,weight-greedy,REFUTED,2924,1714.907,891.951,,,14,89,14,86,97,,,,,,,,false,
7425,starexec,SEV679+1.p,e1a,age-fair,HARD_TIMEOUT,3356,0.000,,,,,,,,,,,,,,,,false,
7425,starexec,SEV679+1.p,e1a,balanced,REFUTED,3356,3950.388,5251.541,,,2755,45713,2723,42801,9747,,,,,,,,false,
7425,starexec,SEV679+1.p,e1a,equational,REFUTED,3356,3429.628,1916.271,,,309,957,309,815,822,,,,,,,,false,
7425,starexec,SEV679+1.p,e1a,first-negative,REFUTED,3356,2972.129,7021.270,,,2875,43514,2708,36225,70,,,,,,,,false,
7425,starexec,SEV679+1.p,e1a,occurrence,REFUTED,3356,8958.500,4909.118,,,2773,15423,2757,12539,4434,,,,,,,,false,
7425,starexec,SEV679+1.p,e1a,subsumption-light,REFUTED,3356,2996.186,3430.798,,,755,2144,747,1326,431,,,,,,,,false,
7425,starexec,SEV679+1.p,e1a,unary-redundancy,REFUTED,3356,4828.948,1592.596,,,292,781,292,655,656,,,,,,,,false,
7425,starexec,SEV679+1.p,e1a,weight-greedy,REFUTED,3356,2620.513,1786.802,,,420,886,417,399,293,,,,,,,,false,
7425,starexec,SWB012+1.p,e1a,age-fair,HARD_TIMEOUT,559,0.000,,,,,,,,,,,,,,,,false,
7425,starexec,SWB012+1.p,e1a,balanced,TIMEOUT,559,1252.473,164953.063,,,32276,9561368,31705,9514236,,,,,,,,,false,
7425,starexec,SWB012+1.p,e1a,equational,HARD_TIMEOUT,559,0.000,,,,,,,,,,,,,,,,false,
7425,starexec,SWB012+1.p,e1a,first-negative,SATURATED,559,1026.054,540.066,,,13,14,13,13,,,,,,,,,false,
7425,starexec,SWB012+1.p,e1a,occurrence,HARD_TIMEOUT,559,0.000,,,,,,,,,,,,,,,,false,
7425,starexec,SWB012+1.p,e1a,subsumption-light,TIMEOUT,559,1963.767,163395.320,,,19513,1516651,19383,1480025,,,,,,,,,false,
7425,starexec,SWB012+1.p,e1a,unary-redundancy,HARD_TIMEOUT,559,0.000,,,,,,,,,,,,,,,,false,
7425,starexec,SWB012+1.p,e1a,weight-greedy,SATURATED,559,971.256,1899.932,,,266,1605,216,261,,,,,,,,,false,
7425,starexec,SWB013+2.p,e1a,age-fair,REFUTED,8,1009.565,65121.394,,,14776,438310,14692,411864,56,,,,,,,,false,
7425,starexec,SWB013+2.p,e1a,balanced,TIMEOUT,8,286.186,164913.425,,,23320,8963580,23216,8934106,,,,,,,,,false,
7425,starexec,SWB013+2.p,e1a,equational,HARD_TIMEOUT,8,0.000,,,,,,,,,,,,,,,,false,
7425,starexec,SWB013+2.p,e1a,first-negative,REFUTED,8,1230.280,7355.509,,,2307,14387,2283,11380,56,,,,,,,,false,
7425,starexec,SWB013+2.p,e1a,occurrence,REFUTED,8,1078.011,44923.082,,,9623,503906,9316,475491,56,,,,,,,,false,
7425,starexec,SWB013+2.p,e1a,subsumption-light,TIMEOUT,8,584.864,164634.179,,,7044,1345823,7042,1337491,,,,,,,,,false,
7425,starexec,SWB013+2.p,e1a,unary-redundancy,REFUTED,8,1028.269,82294.445,,,8175,305928,8005,290734,56,,,,,,,,false,
7425,starexec,SWB013+2.p,e1a,weight-greedy,TIMEOUT,8,572.277,164080.034,,,18524,660086,18208,626710,,,,,,,,,false,
7425,starexec,SWB017+1.p,e1a,age-fair,REFUTED,559,4367.475,26303.927,,,9209,401307,9152,389570,1055,,,,,,,,false,
7425,starexec,SWB017+1.p,e1a,balanced,REFUTED,559,1135.899,73903.646,,,29528,3855429,29442,3818281,1382,,,,,,,,false,
7425,starexec,SWB017+1.p,e1a,equational,REFUTED,559,966.890,1300.546,,,179,613,177,349,115,,,,,,,,false,
7425,starexec,SWB017+1.p,e1a,first-negative,SATURATED,559,902.282,475.137,,,7,7,7,6,,,,,,,,,false,
7425,starexec,SWB017+1.p,e1a,occurrence,REFUTED,559,4111.997,40156.182,,,17506,236058,17407,192147,993,,,,,,,,false,
7425,starexec,SWB017+1.p,e1a,subsumption-light,REFUTED,559,950.280,979.917,,,101,288,97,135,73,,,,,,,,false,
7425,starexec,SWB017+1.p,e1a,unary-redundancy,REFUTED,559,2601.870,3941.609,,,694,2170,689,1163,357,,,,,,,,false,
7425,starexec,SWB017+1.p,e1a,weight-greedy,SATURATED,559,774.776,538.382,,,8,20,7,16,,,,,,,,,false,
7425,starexec,SWB020+1.p,e1a,age-fair,HARD_TIMEOUT,559,0.000,,,,,,,,,,,,,,,,false,
7425,starexec,SWB020+1.p,e1a,balanced,TIMEOUT,559,1236.848,164657.332,,,30732,9608807,30192,9561755,,,,,,,,,false,
7425,starexec,SWB020+1.p,e1a,equational,TIMEOUT,559,1578.507,163991.284,,,26554,4186004,26326,4109442,,,,,,,,,false,
7425,starexec,SWB020+1.p,e1a,first-negative,SATURATED,559,1065.669,495.572,,,11,14,11,14,,,,,,,,,false,
7425,starexec,SWB020+1.p,e1a,occurrence,HARD_TIMEOUT,559,0.000,,,,,,,,,,,,,,,,false,
7425,starexec,SWB020+1.p,e1a,subsumption-light,TIMEOUT,559,1571.051,162870.502,,,15199,1425616,15165,1391744,,,,,,,,,false,
7425,starexec,SWB020+1.p,e1a,unary-redundancy,TIMEOUT,559,2782.772,162945.505,,,7820,1320041,7684,1303955,,,,,,,,,false,
7425,starexec,SWB020+1.p,e1a,weight-greedy,TIMEOUT,559,941.673,162236.331,,,9621,612073,9605,565910,,,,,,,,,false,
7425,starexec,SWB021+2.p,e1a,age-fair,REFUTED,7,689.626,106603.233,,,16676,945409,13292,857368,69,,,,,,,,false,
7425,starexec,SWB021+2.p,e1a,balanced,REFUTED,7,305.925,7860.217,,,2830,184791,2440,173492,78,,,,,,,,false,
7425,starexec,SWB021+2.p,e1a,equational,REFUTED,7,344.344,7005.834,,,2817,184169,2353,172465,78,,,,,,,,false,
7425,starexec,SWB021+2.p,e1a,first-negative,TIMEOUT,7,729.454,164805.105,,,54563,3342102,37733,3072616,,,,,,,,,false,
7425,starexec,SWB021+2.p,e1a,occurrence,REFUTED,7,655.418,6451.673,,,2668,121205,2440,114478,69,,,,,,,,false,
7425,starexec,SWB021+2.p,e1a,subsumption-light,REFUTED,7,362.720,5783.252,,,1136,32586,1060,28627,78,,,,,,,,false,
7425,starexec,SWB021+2.p,e1a,unary-redundancy,REFUTED,7,817.754,7613.142,,,1585,44315,1446,40780,69,,,,,,,,false,
7425,starexec,SWB021+2.p,e1a,weight-greedy,REFUTED,7,323.775,2404.775,,,1799,8683,898,1311,78,,,,,,,,false,
7425,starexec,SWB023+1.p,e1a,age-fair,HARD_TIMEOUT,559,0.000,,,,,,,,,,,,,,,,false,
7425,starexec,SWB023+1.p,e1a,balanced,REFUTED,559,1272.840,18564.557,,,10055,809661,9925,794287,1386,,,,,,,,false,
7425,starexec,SWB023+1.p,e1a,equational,REFUTED,559,1315.974,2445.214,,,641,2265,611,1119,165,,,,,,,,false,
7425,starexec,SWB023+1.p,e1a,first-negative,SATURATED,559,1014.235,537.151,,,15,16,14,13,,,,,,,,,false,
7425,starexec,SWB023+1.p,e1a,occurrence,HARD_TIMEOUT,559,0.000,,,,,,,,,,,,,,,,false,
7425,starexec,SWB023+1.p,e1a,subsumption-light,REFUTED,559,1187.856,1934.638,,,343,851,318,305,135,,,,,,,,false,
7425,starexec,SWB023+1.p,e1a,unary-redundancy,REFUTED,559,2727.292,10254.509,,,2099,9021,2067,5050,363,,,,,,,,false,
7425,starexec,SWB023+1.p,e1a,weight-greedy,REFUTED,559,1197.174,1277.363,,,120,231,97,84,93,,,,,,,,false,
7425,starexec,SWB027+1.p,e1a,age-fair,HARD_TIMEOUT,559,0.000,,,,,,,,,,,,,,,,false,
7425,starexec,SWB027+1.p,e1a,balanced,TIMEOUT,559,1280.895,164810.943,,,31075,9647895,30886,9599321,,,,,,,,,false,
7425,starexec,SWB027+1.p,e1a,equational,TIMEOUT,559,2034.018,163219.766,,,18235,5302480,17854,5268934,,,,,,,,,false,
7425,starexec,SWB027+1.p,e1a,first-negative,SATURATED,559,1164.035,1826.439,,,329,2557,213,1086,,,,,,,,,false,
7425,starexec,SWB027+1.p,e1a,occurrence,HARD_TIMEOUT,559,0.000,,,,,,,,,,,,,,,,false,
7425,starexec,SWB027+1.p,e1a,subsumption-light,TIMEOUT,559,1247.376,162882.511,,,22132,1600675,21324,1563381,,,,,,,,,false,
7425,starexec,SWB027+1.p,e1a,unary-redundancy,TIMEOUT,559,2813.717,163291.028,,,18862,1117695,18024,1073329,,,,,,,,,false,
7425,starexec,SWB027+1.p,e1a,weight-greedy,TIMEOUT,559,1132.956,162608.716,,,28542,2297345,27881,2237202,,,,,,,,,false,
7425,starexec,SWB032+1.p,e1a,age-fair,HARD_TIMEOUT,558,0.000,,,,,,,,,,,,,,,,false,
7425,starexec,SWB032+1.p,e1a,balanced,TIMEOUT,558,1242.496,167240.100,,,33730,9559203,33557,9510073,,,,,,,,,false,
7425,starexec,SWB032+1.p,e1a,equational,TIMEOUT,558,1307.904,162509.524,,,34549,2552371,31964,2456637,,,,,,,,,false,
7425,starexec,SWB032+1.p,e1a,first-negative,SATURATED,558,1228.010,518.225,,,28,33,28,33,,,,,,,,,false,
7425,starexec,SWB032+1.p,e1a,occurrence,HARD_TIMEOUT,558,0.000,,,,,,,,,,,,,,,,false,
7425,starexec,SWB032+1.p,e1a,subsumption-light,REFUTED,558,1274.113,18835.249,,,4787,37181,4718,25117,233,,,,,,,,false,
7425,starexec,SWB032+1.p,e1a,unary-redundancy,REFUTED,558,2847.186,30905.906,,,6582,91193,5695,67336,398,,,,,,,,false,
7425,starexec,SWB032+1.p,e1a,weight-greedy,REFUTED,558,1003.016,1807.355,,,656,2024,648,534,101,,,,,,,,false,
7425,starexec,SWB040+1.p,e1a,age-fair,HARD_TIMEOUT,559,0.000,,,,,,,,,,,,,,,,false,
7425,starexec,SWB040+1.p,e1a,balanced,TIMEOUT,559,1240.096,164744.233,,,30764,9721882,30575,9673648,,,,,,,,,false,
7425,starexec,SWB040+1.p,e1a,equational,TIMEOUT,559,1184.867,162537.673,,,35446,2015976,33709,1934599,,,,,,,,,false,
7425,starexec,SWB040+1.p,e1a,first-negative,SATURATED,559,1094.711,522.981,,,11,14,11,14,,,,,,,,,false,
7425,starexec,SWB040+1.p,e1a,occurrence,HARD_TIMEOUT,559,0.000,,,,,,,,,,,,,,,,false,
7425,starexec,SWB040+1.p,e1a,subsumption-light,REFUTED,559,1158.549,12446.317,,,3038,29548,2982,20734,198,,,,,,,,false,
7425,starexec,SWB040+1.p,e1a,unary-redundancy,REFUTED,559,2726.089,106295.097,,,6752,73843,6465,51354,351,,,,,,,,false,
7425,starexec,SWB040+1.p,e1a,weight-greedy,TIMEOUT,559,871.757,162436.944,,,9715,620730,9699,573880,,,,,,,,,false,
7425,starexec,SWB042+1.p,e1a,age-fair,HARD_TIMEOUT,559,0.000,,,,,,,,,,,,,,,,false,
7425,starexec,SWB042+1.p,e1a,balanced,TIMEOUT,559,1099.905,164776.520,,,33863,11139764,33664,11091050,,,,,,,,,false,
7425,starexec,SWB042+1.p,e1a,equational,TIMEOUT,559,1893.257,162980.242,,,24403,5193190,24153,5158546,,,,,,,,,false,
7425,starexec,SWB042+1.p,e1a,first-negative,SATURATED,559,908.298,505.864,,,49,52,49,32,,,,,,,,,false,
7425,starexec,SWB042+1.p,e1a,occurrence,HARD_TIMEOUT,559,0.000,,,,,,,,,,,,,,,,false,
7425,starexec,SWB042+1.p,e1a,subsumption-light,TIMEOUT,559,1581.084,163229.943,,,18677,269180,18410,244422,,,,,,,,,false,
7425,starexec,SWB042+1.p,e1a,unary-redundancy,TIMEOUT,559,2590.021,163131.355,,,11262,773604,10579,742996,,,,,,,,,false,
7425,starexec,SWB042+1.p,e1a,weight-greedy,TIMEOUT,559,644.445,165832.602,,,1787,3436,1787,929,,,,,,,,,false,
7425,starexec,SWB046+1.p,e1a,age-fair,HARD_TIMEOUT,559,0.000,,,,,,,,,,,,,,,,false,
7425,starexec,SWB046+1.p,e1a,balanced,TIMEOUT,559,1303.752,164523.353,,,31834,12112955,31653,12063133,,,,,,,,,false,
7425,starexec,SWB046+1.p,e1a,equational,REFUTED,559,1217.874,14008.237,,,7254,340662,7211,330584,502,,,,,,,,false,
7425,starexec,SWB046+1.p,e1a,first-negative,SATURATED,559,649.728,1241.203,,,287,2664,186,887,,,,,,,,,false,
7425,starexec,SWB046+1.p,e1a,occurrence,HARD_TIMEOUT,559,0.000,,,,,,,,,,,,,,,,false,
7425,starexec,SWB046+1.p,e1a,subsumption-light,REFUTED,559,778.767,1615.646,,,637,2117,619,970,157,,,,,,,,false,
7425,starexec,SWB046+1.p,e1a,unary-redundancy,REFUTED,559,1661.335,4911.722,,,1661,6756,1635,3698,353,,,,,,,,false,
7425,starexec,SWB046+1.p,e1a,weight-greedy,SATURATED,559,617.346,768.416,,,185,616,122,122,,,,,,,,,false,
7425,starexec,SWB047+1.p,e1a,age-fair,TIMEOUT,559,2250.883,164552.098,,,62930,5334823,61732,5243254,,,,,,,,,false,
7425,starexec,SWB047+1.p,e1a,balanced,TIMEOUT,559,762.028,167343.785,,,41720,15625000,41479,15557104,,,,,,,,,false,
7425,starexec,SWB047+1.p,e1a,equational,TIMEOUT,559,688.313,164858.516,,,35526,15480689,34477,15414181,,,,,,,,,false,
7425,starexec,SWB047+1.p,e1a,first-negative,SATURATED,559,519.354,279.175,,,13,14,13,13,,,,,,,,,false,
7425,starexec,SWB047+1.p,e1a,occurrence,TIMEOUT,559,1480.438,164998.858,,,73660,2708164,70004,2498047,,,,,,,,,false,
7425,starexec,SWB047+1.p,e1a,subsumption-light,TIMEOUT,559,394.895,164738.224,,,41682,2638326,39052,2563274,,,,,,,,,false,
7425,starexec,SWB047+1.p,e1a,unary-redundancy,REFUTED,559,931.848,4249.182,,,2296,22049,2275,17655,368,,,,,,,,false,
7425,starexec,SWB047+1.p,e1a,weight-greedy,SATURATED,559,317.297,395.423,,,151,384,99,89,,,,,,,,,false,
7425,starexec,SWB053+1.p,e1a,age-fair,REFUTED,559,4262.685,23124.777,,,8532,350841,8480,339861,1045,,,,,,,,false,
7425,starexec,SWB053+1.p,e1a,balanced,REFUTED,559,1176.166,31929.031,,,18429,1982787,18291,1954316,1380,,,,,,,,false,
7425,starexec,SWB053+1.p,e1a,equational,REFUTED,559,767.380,1122.651,,,572,1934,559,865,234,,,,,,,,false,
7425,starexec,SWB053+1.p,e1a,first-negative,SATURATED,559,597.867,397.510,,,25,47,25,17,,,,,,,,,false,
7425,starexec,SWB053+1.p,e1a,occurrence,REFUTED,559,4090.285,42926.937,,,15736,227275,15683,186886,983,,,,,,,,false,
7425,starexec,SWB053+1.p,e1a,subsumption-light,REFUTED,559,710.974,1073.103,,,423,1315,418,577,194,,,,,,,,false,
7425,starexec,SWB053+1.p,e1a,unary-redundancy,REFUTED,559,2571.579,3714.074,,,664,2098,661,1128,347,,,,,,,,false,
7425,starexec,SWB053+1.p,e1a,weight-greedy,REFUTED,559,627.761,662.309,,,167,469,167,121,73,,,,,,,,false,
7425,starexec,SWB055+1.p,e1a,age-fair,HARD_TIMEOUT,559,0.000,,,,,,,,,,,,,,,,false,
7425,starexec,SWB055+1.p,e1a,balanced,TIMEOUT,559,1255.502,164667.064,,,33907,10458745,33708,10410797,,,,,,,,,false,
7425,starexec,SWB055+1.p,e1a,equational,TIMEOUT,559,1898.431,162936.775,,,22202,4935028,22017,4905304,,,,,,,,,false,
7425,starexec,SWB055+1.p,e1a,first-negative,SATURATED,559,1505.082,1193.663,,,152,171,143,44,,,,,,,,,false,
7425,starexec,SWB055+1.p,e1a,occurrence,HARD_TIMEOUT,559,0.000,,,,,,,,,,,,,,,,false,
7425,starexec,SWB055+1.p,e1a,subsumption-light,TIMEOUT,559,1552.201,162950.627,,,13528,463962,12065,369242,,,,,,,,,false,
7425,starexec,SWB055+1.p,e1a,unary-redundancy,TIMEOUT,559,2579.718,163007.821,,,16067,967433,15647,915225,,,,,,,,,false,
7425,starexec,SWB055+1.p,e1a,weight-greedy,REFUTED,559,1084.718,2290.443,,,725,4768,496,619,83,,,,,,,,false,
7425,starexec,SWB063+1.p,e1a,age-fair,HARD_TIMEOUT,559,0.000,,,,,,,,,,,,,,,,false,
7425,starexec,SWB063+1.p,e1a,balanced,TIMEOUT,559,1202.447,164590.146,,,31447,11698822,31285,11649358,,,,,,,,,false,
7425,starexec,SWB063+1.p,e1a,equational,REFUTED,559,1237.630,2535.290,,,642,2775,629,1261,144,,,,,,,,false,
7425,starexec,SWB063+1.p,e1a,first-negative,SATURATED,559,1001.247,537.436,,,8,10,8,10,,,,,,,,,false,
7425,starexec,SWB063+1.p,e1a,occurrence,HARD_TIMEOUT,559,0.000,,,,,,,,,,,,,,,,false,
7425,starexec,SWB063+1.p,e1a,subsumption-light,REFUTED,559,1122.694,1792.492,,,207,486,191,171,99,,,,,,,,false,
7425,starexec,SWB063+1.p,e1a,unary-redundancy,TIMEOUT,559,2770.902,162585.957,,,13461,477811,12923,437531,,,,,,,,,false,
7425,starexec,SWB063+1.p,e1a,weight-greedy,SATURATED,559,833.330,532.581,,,19,22,18,16,,,,,,,,,false,
7425,starexec,SWB068+1.p,e1a,age-fair,HARD_TIMEOUT,559,0.000,,,,,,,,,,,,,,,,false,
7425,starexec,SWB068+1.p,e1a,balanced,TIMEOUT,559,1239.162,167080.319,,,34013,10519901,33699,10471769,,,,,,,,,false,
7425,starexec,SWB068+1.p,e1a,equational,HARD_TIMEOUT,559,0.000,,,,,,,,,,,,,,,,false,
7425,starexec,SWB068+1.p,e1a,first-negative,SATURATED,559,1523.309,1439.127,,,170,318,156,85,,,,,,,,,false,
7425,starexec,SWB068+1.p,e1a,occurrence,HARD_TIMEOUT,559,0.000,,,,,,,,,,,,,,,,false,
7425,starexec,SWB068+1.p,e1a,subsumption-light,TIMEOUT,559,1541.226,163228.636,,,15116,426007,14343,360873,,,,,,,,,false,
7425,starexec,SWB068+1.p,e1a,unary-redundancy,REFUTED,559,2705.732,28297.562,,,4731,47946,4552,36770,355,,,,,,,,false,
7425,starexec,SWB068+1.p,e1a,weight-greedy,REFUTED,559,1035.479,1335.092,,,180,356,167,73,73,,,,,,,,false,
7425,starexec,SWB073+1.p,e1a,age-fair,REFUTED,559,4600.405,25781.809,,,8634,371367,8576,360243,1047,,,,,,,,false,
7425,starexec,SWB073+1.p,e1a,balanced,REFUTED,559,1166.612,41357.933,,,18800,2426457,18660,2397153,1380,,,,,,,,false,
7425,starexec,SWB073+1.p,e1a,equational,REFUTED,559,1081.765,2081.973,,,548,5302,540,4244,161,,,,,,,,false,
7425,starexec,SWB073+1.p,e1a,first-negative,SATURATED,559,1074.088,510.571,,,16,19,16,16,,,,,,,,,false,
7425,starexec,SWB073+1.p,e1a,occurrence,REFUTED,559,4361.482,42730.948,,,16194,231337,16144,189352,985,,,,,,,,false,
7425,starexec,SWB073+1.p,e1a,subsumption-light,REFUTED,559,1040.319,2006.574,,,431,3400,428,2602,135,,,,,,,,false,
7425,starexec,SWB073+1.p,e1a,unary-redundancy,REFUTED,559,2726.079,4205.192,,,775,2501,773,1264,372,,,,,,,,false,
7425,starexec,SWB073+1.p,e1a,weight-greedy,REFUTED,559,927.138,1134.149,,,224,750,222,216,62,,,,,,,,false,
7425,starexec,SWB090+1.p,e1a,age-fair,HARD_TIMEOUT,559,0.000,,,,,,,,,,,,,,,,false,
7425,starexec,SWB090+1.p,e1a,balanced,TIMEOUT,559,1335.140,166260.001,,,30400,9783009,30221,9735687,,,,,,,,,false,
7425,starexec,SWB090+1.p,e1a,equational,TIMEOUT,559,2043.070,162906.505,,,36763,4357426,36191,4294462,,,,,,,,,false,
7425,starexec,SWB090+1.p,e1a,first-negative,SATURATED,559,1074.497,491.809,,,11,14,11,14,,,,,,,,,false,
7425,starexec,SWB090+1.p,e1a,occurrence,HARD_TIMEOUT,559,0.000,,,,,,,,,,,,,,,,false,
7425,starexec,SWB090+1.p,e1a,subsumption-light,TIMEOUT,559,2019.818,163151.930,,,25123,1296592,24903,1256164,,,,,,,,,false,
7425,starexec,SWB090+1.p,e1a,unary-redundancy,HARD_TIMEOUT,559,0.000,,,,,,,,,,,,,,,,false,
7425,starexec,SWB090+1.p,e1a,weight-greedy,TIMEOUT,559,972.564,162219.683,,,13248,952711,13228,888823,,,,,,,,,false,
7425,starexec,SWB091+1.p,e1a,balanced,TIMEOUT,559,1329.795,164863.834,,,31630,9898174,30912,9850016,,,,,,,,,false,
7425,starexec,SWB091+1.p,e1a,equational,TIMEOUT,559,2595.204,163375.278,,,25765,5641695,25490,5600257,,,,,,,,,false,
7425,starexec,SWB091+1.p,e1a,first-negative,SATURATED,559,945.675,506.951,,,6,6,6,6,,,,,,,,,false,
7425,starexec,SWB091+1.p,e1a,occurrence,HARD_TIMEOUT,559,0.000,,,,,,,,,,,,,,,,false,
7425,starexec,SWB091+1.p,e1a,subsumption-light,TIMEOUT,559,1986.330,163405.372,,,24025,1153778,22463,1107762,,,,,,,,,false,
7425,starexec,SWB091+1.p,e1a,unary-redundancy,HARD_TIMEOUT,559,0.000,,,,,,,,,,,,,,,,false,
7425,starexec,SWB091+1.p,e1a,weight-greedy,SATURATED,559,891.450,759.823,,,52,91,52,31,,,,,,,,,false,
7425,starexec,SWB093+1.p,e1a,age-fair,HARD_TIMEOUT,559,0.000,,,,,,,,,,,,,,,,false,
7425,starexec,SWB093+1.p,e1a,balanced,TIMEOUT,559,1073.799,164852.664,,,34046,12642022,33819,12588640,,,,,,,,,false,
7425,starexec,SWB093+1.p,e1a,equational,TIMEOUT,559,2025.317,163043.630,,,41122,4693971,40575,4622349,,,,,,,,,false,
7425,starexec,SWB093+1.p,e1a,first-negative,SATURATED,559,600.244,410.938,,,11,14,11,14,,,,,,,,,false,
7425,starexec,SWB093+1.p,e1a,occurrence,HARD_TIMEOUT,559,0.000,,,,,,,,,,,,,,,,false,
7425,starexec,SWB093+1.p,e1a,subsumption-light,TIMEOUT,559,1248.933,164205.585,,,35722,2109886,31425,2039732,,,,,,,,,false,
7425,starexec,SWB093+1.p,e1a,unary-redundancy,TIMEOUT,559,2297.499,164420.728,,,30091,497322,29629,445566,,,,,,,,,false,
7425,starexec,SWB093+1.p,e1a,weight-greedy,TIMEOUT,559,605.639,163673.418,,,12270,865756,12252,807340,,,,,,,,,false,
7425,starexec,SWB095+1.p,e1a,age-fair,HARD_TIMEOUT,559,0.000,,,,,,,,,,,,,,,,false,
7425,starexec,SWB095+1.p,e1a,balanced,TIMEOUT,559,1234.329,166803.629,,,30372,9779425,30202,9732123,,,,,,,,,false,
7425,starexec,SWB095+1.p,e1a,equational,TIMEOUT,559,2011.942,162912.210,,,35452,4364661,34880,4303857,,,,,,,,,false,
7425,starexec,SWB095+1.p,e1a,first-negative,SATURATED,559,1048.230,346.757,,,11,14,11,14,,,,,,,,,false,
7425,starexec,SWB095+1.p,e1a,occurrence,HARD_TIMEOUT,559,0.000,,,,,,,,,,,,,,,,false,
7425,starexec,SWB095+1.p,e1a,subsumption-light,TIMEOUT,559,2195.584,162898.816,,,24737,1231671,24405,1191815,,,,,,,,,false,
7425,starexec,SWB095+1.p,e1a,unary-redundancy,HARD_TIMEOUT,559,0.000,,,,,,,,,,,,,,,,false,
7425,starexec,SWB095+1.p,e1a,weight-greedy,TIMEOUT,559,931.328,162396.602,,,13245,952711,13225,888823,,,,,,,,,false,
7425,starexec,SWB099+1.p,e1a,age-fair,HARD_TIMEOUT,559,0.000,,,,,,,,,,,,,,,,false,
7425,starexec,SWB099+1.p,e1a,balanced,TIMEOUT,559,1253.916,164680.600,,,30473,9913192,30294,9865164,,,,,,,,,false,
7425,starexec,SWB099+1.p,e1a,equational,TIMEOUT,559,1271.058,162584.400,,,32814,3257622,31874,3193888,,,,,,,,,false,
7425,starexec,SWB099+1.p,e1a,first-negative,SATURATED,559,1003.553,596.869,,,11,14,11,14,,,,,,,,,false,
7425,starexec,SWB099+1.p,e1a,occurrence,HARD_TIMEOUT,559,0.000,,,,,,,,,,,,,,,,false,
7425,starexec,SWB099+1.p,e1a,subsumption-light,TIMEOUT,559,1224.665,162487.752,,,15425,674794,14950,645864,,,,,,,,,false,
7425,starexec,SWB099+1.p,e1a,unary-redundancy,HARD_TIMEOUT,559,0.000,,,,,,,,,,,,,,,,false,
7425,starexec,SWB099+1.p,e1a,weight-greedy,TIMEOUT,559,929.824,162365.471,,,9620,612071,9604,565910,,,,,,,,,false,
7425,starexec,SWB103+1.p,e1a,age-fair,HARD_TIMEOUT,559,0.000,,,,,,,,,,,,,,,,false,
7425,starexec,SWB103+1.p,e1a,balanced,TIMEOUT,559,1336.012,164604.121,,,30473,10653315,29961,10606193,,,,,,,,,false,
7425,starexec,SWB103+1.p,e1a,equational,TIMEOUT,559,1979.543,163045.226,,,45294,2205349,42532,2132397,,,,,,,,,false,
7425,starexec,SWB103+1.p,e1a,first-negative,SATURATED,559,1031.570,488.390,,,8,10,8,10,,,,,,,,,false,
7425,starexec,SWB103+1.p,e1a,occurrence,HARD_TIMEOUT,559,0.000,,,,,,,,,,,,,,,,false,
7425,starexec,SWB103+1.p,e1a,subsumption-light,TIMEOUT,559,2139.278,162945.375,,,30830,560204,25903,510796,,,,,,,,,false,
7425,starexec,SWB103+1.p,e1a,unary-redundancy,HARD_TIMEOUT,559,0.000,,,,,,,,,,,,,,,,false,
7425,starexec,SWB103+1.p,e1a,weight-greedy,SATURATED,559,822.731,469.749,,,19,22,18,16,,,,,,,,,false,
7425,starexec,SWC012+1.p,e1a,age-fair,REFUTED,95,1903.942,67548.288,,,31729,1058616,31378,1022597,211,,,,,,,,false,
7425,starexec,SWC012+1.p,e1a,balanced,REFUTED,95,533.490,1081.324,,,346,1291,338,919,220,,,,,,,,false,
7425,starexec,SWC012+1.p,e1a,equational,REFUTED,95,1052.584,1991.140,,,344,1278,338,906,220,,,,,,,,false,
7425,starexec,SWC012+1.p,e1a,occurrence,REFUTED,95,1802.714,2291.149,,,546,2019,535,1421,211,,,,,,,,false,
7425,starexec,SWC012+1.p,e1a,subsumption-light,REFUTED,95,691.699,22356.272,,,10131,214880,9986,202343,220,,,,,,,,false,
7425,starexec,SWC012+1.p,e1a,unary-redundancy,REFUTED,95,1250.107,1610.006,,,410,1513,403,1077,211,,,,,,,,false,
7425,starexec,SWC012+1.p,e1a,weight-greedy,REFUTED,95,688.989,3094.567,,,1518,10904,1337,8418,220,,,,,,,,false,
7425,starexec,SWV014+1.p,e1a,age-fair,REFUTED,28,745.510,795.590,,,145,255,140,79,38,,,,,,,,false,
7425,starexec,SWV014+1.p,e1a,balanced,REFUTED,28,215.084,428.683,,,63,82,61,38,38,,,,,,,,false,
7425,starexec,SWV014+1.p,e1a,equational,REFUTED,28,458.417,645.024,,,77,110,74,38,38,,,,,,,,false,
7425,starexec,SWV014+1.p,e1a,first-negative,TIMEOUT,28,713.486,164020.109,,,8191,15190816,8191,15174842,,,,,,,,,false,
7425,starexec,SWV014+1.p,e1a,occurrence,REFUTED,28,710.455,522.531,,,62,72,60,38,38,,,,,,,,false,
7425,starexec,SWV014+1.p,e1a,subsumption-light,REFUTED,28,436.211,706.232,,,63,82,61,38,38,,,,,,,,false,
7425,starexec,SWV014+1.p,e1a,unary-redundancy,REFUTED,28,728.164,668.118,,,63,82,61,38,38,,,,,,,,false,
7425,starexec,SWV014+1.p,e1a,weight-greedy,REFUTED,28,437.498,637.755,,,63,70,61,38,38,,,,,,,,false,
7425,starexec,SWV041+1.p,e1a,age-fair,REFUTED,99,1637.868,12240.366,,,3946,151229,3792,146578,178,,,,,,,,false,
7425,starexec,SWV041+1.p,e1a,balanced,REFUTED,99,472.110,1132.171,,,268,1581,243,1269,178,,,,,,,,false,
7425,starexec,SWV041+1.p,e1a,equational,REFUTED,99,899.897,2022.359,,,251,1459,237,1167,178,,,,,,,,false,
7425,starexec,SWV041+1.p,e1a,first-negative,REFUTED,99,1707.338,2230.627,,,363,1851,342,1373,178,,,,,,,,false,
7425,starexec,SWV041+1.p,e1a,occurrence,REFUTED,99,1627.120,2312.621,,,383,2506,366,1927,178,,,,,,,,false,
7425,starexec,SWV041+1.p,e1a,subsumption-light,REFUTED,99,918.531,2204.895,,,237,1414,226,1136,178,,,,,,,,false,
7425,starexec,SWV041+1.p,e1a,unary-redundancy,REFUTED,99,1584.635,2421.638,,,261,1684,241,1381,178,,,,,,,,false,
7425,starexec,SWV041+1.p,e1a,weight-greedy,REFUTED,99,896.219,2957.102,,,729,4178,683,2365,178,,,,,,,,false,
7425,starexec,SWV114+1.p,e1a,age-fair,TIMEOUT,101,1700.104,164308.660,,,21829,3824714,21434,3797473,,,,,,,,,false,
7425,starexec,SWV114+1.p,e1a,balanced,TIMEOUT,101,477.098,165132.200,,,31955,9351051,31028,9291921,,,,,,,,,false,
7425,starexec,SWV114+1.p,e1a,equational,TIMEOUT,101,1006.764,164076.991,,,22410,5915756,21708,5874500,,,,,,,,,false,
7425,starexec,SWV114+1.p,e1a,first-negative,TIMEOUT,101,1920.394,163690.638,,,30021,1912432,28607,1852266,,,,,,,,,false,
7425,starexec,SWV114+1.p,e1a,occurrence,TIMEOUT,101,1722.159,164041.252,,,29361,4938005,25868,4795143,,,,,,,,,false,
7425,starexec,SWV114+1.p,e1a,subsumption-light,TIMEOUT,101,970.659,164023.073,,,14205,3053750,13495,3028062,,,,,,,,,false,
7425,starexec,SWV114+1.p,e1a,unary-redundancy,TIMEOUT,101,1705.854,164232.087,,,15323,2381532,14444,2353468,,,,,,,,,false,
7425,starexec,SWV114+1.p,e1a,weight-greedy,REFUTED,101,1018.921,3351.258,,,1020,5026,934,3076,199,,,,,,,,false,
7425,starexec,SWV202+1.p,e1a,age-fair,TIMEOUT,91,1670.287,163994.530,,,18960,6855323,18067,6826909,,,,,,,,,false,
7425,starexec,SWV202+1.p,e1a,balanced,TIMEOUT,91,382.622,164841.106,,,30766,9455502,29537,9391076,,,,,,,,,false,
7425,starexec,SWV202+1.p,e1a,equational,TIMEOUT,91,830.354,163737.455,,,23852,5901529,22732,5852476,,,,,,,,,false,
7425,starexec,SWV202+1.p,e1a,first-negative,TIMEOUT,91,1282.304,164199.293,,,31987,2631224,30705,2568740,,,,,,,,,false,
7425,starexec,SWV202+1.p,e1a,occurrence,TIMEOUT,91,1679.335,163867.900,,,26897,4796098,25121,4667872,,,,,,,,,false,
7425,starexec,SWV202+1.p,e1a,subsumption-light,TIMEOUT,91,877.249,164058.105,,,16551,2930315,15825,2899007,,,,,,,,,false,
7425,starexec,SWV202+1.p,e1a,unary-redundancy,TIMEOUT,91,1771.779,164023.635,,,17354,1903065,16439,1869139,,,,,,,,,false,
7425,starexec,SWV202+1.p,e1a,weight-greedy,REFUTED,91,861.302,1790.645,,,253,757,233,400,203,,,,,,,,false,
7425,starexec,SWV203+1.p,e1a,age-fair,TIMEOUT,91,1873.231,164137.479,,,18983,6771855,18054,6743360,,,,,,,,,false,
7425,starexec,SWV203+1.p,e1a,balanced,TIMEOUT,91,475.622,165067.623,,,32368,9885383,31087,9817385,,,,,,,,,false,
7425,starexec,SWV203+1.p,e1a,equational,TIMEOUT,91,958.341,164017.024,,,23794,6092682,22733,6044154,,,,,,,,,false,
7425,starexec,SWV203+1.p,e1a,first-negative,TIMEOUT,91,2118.539,163686.907,,,24557,1596320,24101,1549848,,,,,,,,,false,
7425,starexec,SWV203+1.p,e1a,occurrence,TIMEOUT,91,1892.825,164134.161,,,27216,4880928,25505,4749031,,,,,,,,,false,
7425,starexec,SWV203+1.p,e1a,subsumption-light,TIMEOUT,91,953.129,164216.434,,,20100,4101200,19254,4062610,,,,,,,,,false,
7425,starexec,SWV203+1.p,e1a,unary-redundancy,TIMEOUT,91,1866.848,164060.482,,,17600,1982634,16656,1948142,,,,,,,,,false,
7425,starexec,SWV203+1.p,e1a,weight-greedy,REFUTED,91,893.413,1955.239,,,259,768,228,391,203,,,,,,,,false,
7425,starexec,SWV234+1.p,e1a,age-fair,TIMEOUT,25,699.205,164537.734,,,5430,4364074,4754,4347351,,,,,,,,,false,
7425,starexec,SWV234+1.p,e1a,balanced,TIMEOUT,25,213.969,165078.314,,,7049,10829349,6386,10783881,,,,,,,,,false,
7425,starexec,SWV234+1.p,e1a,equational,TIMEOUT,25,437.093,164916.289,,,5377,4105148,4764,4074960,,,,,,,,,false,
7425,starexec,SWV234+1.p,e1a,first-negative,TIMEOUT,25,765.764,163711.077,,,13840,6567440,13806,6548090,,,,,,,,,false,
7425,starexec,SWV234+1.p,e1a,occurrence,TIMEOUT,25,677.365,164213.594,,,4412,6151184,4148,6102417,,,,,,,,,false,
7425,starexec,SWV234+1.p,e1a,subsumption-light,TIMEOUT,25,453.414,164329.064,,,2330,473057,2026,461699,,,,,,,,,false,
7425,starexec,SWV234+1.p,e1a,unary-redundancy,TIMEOUT,25,636.621,164238.390,,,3112,820093,2575,803855,,,,,,,,,false,
7425,starexec,SWV234+1.p,e1a,weight-greedy,TIMEOUT,25,460.315,165189.134,,,4600,6105984,4171,5932208,,,,,,,,,false,
7425,starexec,SWV234+2.p,e1a,age-fair,REFUTED,21,488.269,97867.632,,,995,2717992,933,2710328,22,,,,,,,,false,
7425,starexec,SWV234+2.p,e1a,balanced,REFUTED,21,152.781,79197.648,,,1207,4422545,1172,4407522,22,,,,,,,,false,
7425,starexec,SWV234+2.p,e1a,equational,REFUTED,21,335.625,128919.875,,,1137,3714204,1104,3700524,22,,,,,,,,false,
7425,starexec,SWV234+2.p,e1a,first-negative,TIMEOUT,21,422.222,164481.711,,,17987,9137312,17978,9117338,,,,,,,,,false,
7425,starexec,SWV234+2.p,e1a,occurrence,REFUTED,21,523.409,28889.107,,,682,794832,656,785498,22,,,,,,,,false,
7425,starexec,SWV234+2.p,e1a,subsumption-light,TIMEOUT,21,228.952,164929.937,,,1134,4121395,1096,4107387,,,,,,,,,false,
7425,starexec,SWV234+2.p,e1a,unary-redundancy,TIMEOUT,21,380.197,164798.073,,,1174,4213069,1125,4199015,,,,,,,,,false,
7425,starexec,SWV234+2.p,e1a,weight-greedy,REFUTED,21,231.393,4386.376,,,203,22262,187,17743,22,,,,,,,,false,
7425,starexec,SWV390+1.p,e1a,age-fair,REFUTED,42,906.449,1958.069,,,203,1589,199,1336,55,,,,,,,,false,
7425,starexec,SWV390+1.p,e1a,balanced,REFUTED,42,254.596,631.311,,,99,304,97,172,55,,,,,,,,false,
7425,starexec,SWV390+1.p,e1a,equational,REFUTED,42,545.497,1177.888,,,97,316,95,186,55,,,,,,,,false,
7425,starexec,SWV390+1.p,e1a,first-negative,REFUTED,42,645.840,866.126,,,134,421,131,255,55,,,,,,,,false,
7425,starexec,SWV390+1.p,e1a,occurrence,REFUTED,42,1026.359,1604.816,,,130,1332,128,952,55,,,,,,,,false,
7425,starexec,SWV390+1.p,e1a,subsumption-light,REFUTED,42,541.483,1273.641,,,97,319,96,191,55,,,,,,,,false,
7425,starexec,SWV390+1.p,e1a,unary-redundancy,REFUTED,42,625.093,839.774,,,97,319,96,191,55,,,,,,,,false,
7425,starexec,SWV390+1.p,e1a,weight-greedy,REFUTED,42,389.167,7969.995,,,290,4812,287,3650,55,,,,,,,,false,
7425,starexec,SWV406+1.p,e1a,age-fair,TIMEOUT,41,1112.678,163878.108,,,3002,1941061,2969,1936203,,,,,,,,,false,
7425,starexec,SWV406+1.p,e1a,balanced,REFUTED,41,320.021,68747.474,,,2901,1737646,2160,1729051,59,,,,,,,,false,
7425,starexec,SWV406+1.p,e1a,equational,TIMEOUT,41,618.714,163880.375,,,3767,2441996,3462,2428874,,,,,,,,,false,
7425,starexec,SWV406+1.p,e1a,first-negative,TIMEOUT,41,1222.684,163496.805,,,11225,3875034,10784,3847102,,,,,,,,,false,
7425,starexec,SWV406+1.p,e1a,occurrence,REFUTED,41,1099.912,102031.311,,,2670,3473839,2522,3452366,58,,,,,,,,false,
7425,starexec,SWV406+1.p,e1a,subsumption-light,TIMEOUT,41,599.711,163828.947,,,1689,443633,1567,438809,,,,,,,,,false,
7425,starexec,SWV406+1.p,e1a,unary-redundancy,REFUTED,41,1121.809,9922.912,,,431,14063,302,13198,58,,,,,,,,false,
7425,starexec,SWV406+1.p,e1a,weight-greedy,REFUTED,41,661.288,2832.743,,,355,4737,232,3340,59,,,,,,,,false,
7425,starexec,SWV452+1.p,e1a,age-fair,HARD_TIMEOUT,66,0.000,,,,,,,,,,,,,,,,false,
7425,starexec,SWV452+1.p,e1a,balanced,TIMEOUT,66,381.567,164782.606,,,17177,17039515,14874,16940351,,,,,,,,,false,
7425,starexec,SWV452+1.p,e1a,equational,TIMEOUT,66,745.724,165426.058,,,9915,9672435,8541,9608811,,,,,,,,,false,
7425,starexec,SWV452+1.p,e1a,first-negative,TIMEOUT,66,1474.808,163360.228,,,12211,6610501,9435,6522683,,,,,,,,,false,
7425,starexec,SWV452+1.p,e1a,occurrence,TIMEOUT,66,1312.752,163775.370,,,12335,9936018,11109,9802321,,,,,,,,,false,
7425,starexec,SWV452+1.p,e1a,subsumption-light,TIMEOUT,66,738.506,163821.796,,,7039,4166756,5985,4122934,,,,,,,,,false,
7425,starexec,SWV452+1.p,e1a,unary-redundancy,TIMEOUT,66,1451.416,163883.897,,,7031,4254420,5991,4212228,,,,,,,,,false,
7425,starexec,SWV452+1.p,e1a,weight-greedy,REFUTED,66,747.592,2380.556,,,346,1309,287,413,130,,,,,,,,false,
7425,starexec,SWV453+1.p,e1a,age-fair,TIMEOUT,66,1394.362,163835.391,,,16216,6205219,15677,6169771,,,,,,,,,false,
7425,starexec,SWV453+1.p,e1a,balanced,TIMEOUT,66,380.208,166758.202,,,16565,16697017,14354,16597355,,,,,,,,,false,
7425,starexec,SWV453+1.p,e1a,equational,TIMEOUT,66,765.091,166998.153,,,10176,9617671,8551,9549129,,,,,,,,,false,
7425,starexec,SWV453+1.p,e1a,first-negative,KILLED,,0.000,,,,,,,,,,,,,,,,false,killed before finishing
7425,starexec,SWV453+1.p,e1a,occurrence,TIMEOUT,66,1344.996,163878.499,,,12053,9649569,10865,9521814,,,,,,,,,false,
7425,starexec,SWV453+1.p,e1a,subsumption-light,TIMEOUT,66,782.760,163734.250,,,6965,4179883,6018,4142455,,,,,,,,,false,
7425,starexec,SWV453+1.p,e1a,unary-redundancy,TIMEOUT,66,1411.330,163963.701,,,7018,4385631,6059,4349341,,,,,,,,,false,
7425,starexec,SWV453+1.p,e1a,weight-greedy,REFUTED,66,768.331,2387.383,,,340,1320,286,425,130,,,,,,,,false,
7425,starexec,SWV454+1.p,e1a,age-fair,TIMEOUT,66,1291.331,164669.486,,,15632,6258926,15227,6225530,,,,,,,,,false,
7425,starexec,SWV454+1.p,e1a,balanced,TIMEOUT,66,405.712,165278.378,,,13101,19441893,12248,19382591,,,,,,,,,false,
7425,starexec,SWV454+1.p,e1a,equational,TIMEOUT,66,780.484,165137.997,,,9224,10170114,8603,10127652,,,,,,,,,false,
7425,starexec,SWV454+1.p,e1a,first-negative,REFUTED,66,1524.270,75019.099,,,7684,3522610,6777,3481783,124,,,,,,,,false,
7425,starexec,SWV454+1.p,e1a,occurrence,REFUTED,66,1278.638,1481.778,,,157,309,145,124,124,,,,,,,,false,
7425,starexec,SWV454+1.p,e1a,subsumption-light,TIMEOUT,66,762.212,163969.062,,,6472,4210444,6018,4180002,,,,,,,,,false,
7425,starexec,SWV454+1.p,e1a,unary-redundancy,TIMEOUT,66,1391.057,163987.302,,,6475,4443190,6034,4413076,,,,,,,,,false,
7425,starexec,SWV454+1.p,e1a,weight-greedy,REFUTED,66,755.610,1368.284,,,165,304,151,127,127,,,,,,,,false,
7425,starexec,SWV467+1.p,e1a,age-fair,TIMEOUT,66,1751.752,164407.625,,,15090,5709935,14485,5676025,,,,,,,,,false,
7425,starexec,SWV467+1.p,e1a,balanced,TIMEOUT,66,400.684,167414.034,,,16727,14313830,14987,14221440,,,,,,,,,false,
7425,starexec,SWV467+1.p,e1a,equational,TIMEOUT,66,879.706,163490.442,,,11887,8232661,10698,8175529,,,,,,,,,false,
7425,starexec,SWV467+1.p,e1a,first-negative,TIMEOUT,66,1831.626,163469.204,,,11427,5941521,8748,5863201,,,,,,,,,false,
7425,starexec,SWV467+1.p,e1a,occurrence,HARD_TIMEOUT,66,0.000,,,,,,,,,,,,,,,,false,
7425,starexec,SWV467+1.p,e1a,subsumption-light,TIMEOUT,66,854.822,163762.681,,,5723,3714692,5060,3685724,,,,,,,,,false,
7425,starexec,SWV467+1.p,e1a,unary-redundancy,TIMEOUT,66,1703.830,163733.903,,,7075,3806958,6424,3772850,,,,,,,,,false,
7425,starexec,SWV467+1.p,e1a,weight-greedy,HARD_TIMEOUT,66,0.000,,,,,,,,,,,,,,,,false,
7425,starexec,SWV473+1.p,e1a,age-fair,TIMEOUT,66,1539.145,163752.001,,,14779,5320759,14306,5288422,,,,,,,,,false,
7425,starexec,SWV473+1.p,e1a,balanced,TIMEOUT,66,398.685,164791.217,,,15290,13791956,13911,13698110,,,,,,,,,false,
7425,starexec,SWV473+1.p,e1a,equational,TIMEOUT,66,830.579,163716.370,,,10680,7934627,9614,7875809,,,,,,,,,false,
7425,starexec,SWV473+1.p,e1a,first-negative,TIMEOUT,66,1637.596,163358.444,,,12478,5560571,10668,5477925,,,,,,,,,false,
7425,starexec,SWV473+1.p,e1a,occurrence,TIMEOUT,66,1532.087,163702.921,,,9245,9011721,8880,8789319,,,,,,,,,false,
7425,starexec,SWV473+1.p,e1a,subsumption-light,TIMEOUT,66,776.245,163718.925,,,4545,2809335,4293,2784093,,,,,,,,,false,
7425,starexec,SWV473+1.p,e1a,unary-redundancy,TIMEOUT,66,1536.433,163830.881,,,4652,2734862,4384,2707506,,,,,,,,,false,
7425,starexec,SWV473+1.p,e1a,weight-greedy,REFUTED,66,792.963,2853.495,,,745,2330,541,947,126,,,,,,,,false,
7425,starexec,SWV474+1.p,e1a,age-fair,TIMEOUT,66,1535.588,163794.226,,,15347,5749488,14814,5716036,,,,,,,,,false,
7425,starexec,SWV474+1.p,e1a,balanced,TIMEOUT,66,414.798,167879.847,,,16253,14325198,15004,14229942,,,,,,,,,false,
7425,starexec,SWV474+1.p,e1a,equational,TIMEOUT,66,819.641,163818.402,,,11235,8490965,10429,8430693,,,,,,,,,false,
7425,starexec,SWV474+1.p,e1a,first-negative,TIMEOUT,66,1733.261,163346.521,,,13135,5954889,10773,5860651,,,,,,,,,false,
7425,starexec,SWV474+1.p,e1a,occurrence,HARD_TIMEOUT,66,0.000,,,,,,,,,,,,,,,,false,
7425,starexec,SWV474+1.p,e1a,subsumption-light,TIMEOUT,66,820.373,163874.009,,,5331,3541689,5021,3513249,,,,,,,,,false,
7425,starexec,SWV474+1.p,e1a,unary-redundancy,TIMEOUT,66,1576.115,164088.614,,,5405,3693392,5146,3663838,,,,,,,,,false,
7425,starexec,SWV474+1.p,e1a,weight-greedy,HARD_TIMEOUT,66,0.000,,,,,,,,,,,,,,,,false,
7425,starexec,SWV479+1.p,e1a,age-fair,TIMEOUT,66,1729.764,163747.030,,,15303,5583260,14826,5550403,,,,,,,,,false,
7425,starexec,SWV479+1.p,e1a,balanced,TIMEOUT,66,456.576,164771.362,,,17488,14479718,15858,14380780,,,,,,,,,false,
7425,starexec,SWV479+1.p,e1a,equational,TIMEOUT,66,1027.077,163495.143,,,12352,8378728,11079,8316236,,,,,,,,,false,
7425,starexec,SWV479+1.p,e1a,first-negative,TIMEOUT,66,1961.093,163316.137,,,12823,5191377,10447,5105651,,,,,,,,,false,
7425,starexec,SWV479+1.p,e1a,occurrence,TIMEOUT,66,1852.991,163506.779,,,9507,9576454,8566,9362412,,,,,,,,,false,
7425,starexec,SWV479+1.p,e1a,subsumption-light,TIMEOUT,66,915.303,163746.388,,,5691,3783181,5103,3753119,,,,,,,,,false,
7425,starexec,SWV479+1.p,e1a,unary-redundancy,TIMEOUT,66,1892.632,163876.763,,,5628,3781617,5124,3750227,,,,,,,,,false,
7425,starexec,SWV479+1.p,e1a,weight-greedy,TIMEOUT,66,898.157,163688.618,,,15261,11714591,14171,11341029,,,,,,,,,false,
7425,starexec,SWV487+3.p,e1a,age-fair,TIMEOUT,12,393.699,164845.453,,,10663,6635218,10425,6618288,,,,,,,,,false,
7425,starexec,SWV487+3.p,e1a,balanced,HARD_TIMEOUT,12,0.000,,,,,,,,,,,,,,,,false,
7425,starexec,SWV487+3.p,e1a,equational,TIMEOUT,12,252.076,165087.050,,,11806,8227110,10719,8187252,,,,,,,,,false,
7425,starexec,SWV487+3.p,e1a,first-negative,REFUTED,12,436.517,141424.357,,,11434,6734569,10457,6703247,23,,,,,,,,false,
7425,starexec,SWV487+3.p,e1a,occurrence,TIMEOUT,12,426.908,166759.875,,,13449,8563747,11723,8484578,,,,,,,,,false,
7425,starexec,SWV487+3.p,e1a,subsumption-light,TIMEOUT,12,266.595,164977.593,,,8135,3702463,7086,3677303,,,,,,,,,false,
7425,starexec,SWV487+3.p,e1a,unary-redundancy,TIMEOUT,12,392.603,164862.101,,,8230,4310701,6800,4284085,,,,,,,,,false,
7425,starexec,SWV487+3.p,e1a,weight-greedy,TIMEOUT,12,237.282,164764.760,,,22188,11574653,11891,11164505,,,,,,,,,false,
7425,starexec,SWV488+3.p,e1a,age-fair,REFUTED,12,415.506,5700.627,,,789,46371,696,44903,24,,,,,,,,false,
7425,starexec,SWV488+3.p,e1a,balanced,REFUTED,12,123.826,275.698,,,26,62,21,35,24,,,,,,,,false,
7425,starexec,SWV488+3.p,e1a,equational,REFUTED,12,273.584,541.869,,,24,60,17,37,24,,,,,,,,false,
7425,starexec,SWV488+3.p,e1a,first-negative,REFUTED,12,449.565,485.184,,,20,49,16,29,24,,,,,,,,false,
7425,starexec,SWV488+3.p,e1a,occurrence,REFUTED,12,452.117,502.772,,,17,52,14,34,24,,,,,,,,false,
7425,starexec,SWV488+3.p,e1a,subsumption-light,REFUTED,12,254.740,606.202,,,23,56,18,34,24,,,,,,,,false,
7425,starexec,SWV488+3.p,e1a,unary-redundancy,REFUTED,12,426.723,573.393,,,22,57,16,37,24,,,,,,,,false,
7425,starexec,SWV488+3.p,e1a,weight-greedy,REFUTED,12,284.301,526.524,,,29,70,23,35,24,,,,,,,,false,
7425,starexec,SWW102+1.p,e1a,age-fair,TIMEOUT,44,918.410,164124.144,,,3271,5324159,3117,5317870,,,,,,,,,false,
7425,starexec,SWW102+1.p,e1a,balanced,TIMEOUT,44,281.991,165120.970,,,5163,10201179,5072,10185767,,,,,,,,,false,
7425,starexec,SWW102+1.p,e1a,equational,TIMEOUT,44,529.680,163998.873,,,4518,5151117,4369,5137883,,,,,,,,,false,
7425,starexec,SWW102+1.p,e1a,first-negative,REFUTED,44,1045.174,22329.091,,,4246,947106,3422,938458,83,,,,,,,,false,
7425,starexec,SWW102+1.p,e1a,occurrence,TIMEOUT,44,945.820,164005.522,,,7876,5816975,7545,5760383,,,,,,,,,false,
7425,starexec,SWW102+1.p,e1a,subsumption-light,TIMEOUT,44,550.850,164095.042,,,4171,3649803,4081,3637837,,,,,,,,,false,
7425,starexec,SWW102+1.p,e1a,unary-redundancy,TIMEOUT,44,935.782,164102.548,,,4093,3948396,3905,3937256,,,,,,,,,false,
7425,starexec,SWW102+1.p,e1a,weight-greedy,REFUTED,44,534.564,1838.726,,,245,1131,186,547,89,,,,,,,,false,
7425,starexec,SWW186+1.p,e1a,age-fair,HARD_TIMEOUT,1181,0.000,,,,,,,,,,,,,,,,false,
7425,starexec,SWW186+1.p,e1a,balanced,TIMEOUT,1181,1359.384,163726.420,,,22526,9689684,20733,9601092,,,,,,,,,false,
7425,starexec,SWW186+1.p,e1a,equational,KILLED,,0.000,,,,,,,,,,,,,,,,false,killed before finishing
7425,starexec,SWW186+1.p,e1a,first-negative,SATURATED,1181,1663.867,3204.510,,,118,2644,114,1377,,,,,,,,,false,
7425,starexec,SWW186+1.p,e1a,occurrence,HARD_TIMEOUT,1181,0.000,,,,,,,,,,,,,,,,false,
7425,starexec,SWW186+1.p,e1a,subsumption-light,TIMEOUT,1181,2530.533,160962.249,,,9378,4333088,8850,4298084,,,,,,,,,false,
7425,starexec,SWW186+1.p,e1a,unary-redundancy,HARD_TIMEOUT,1181,0.000,,,,,,,,,,,,,,,,false,
7425,starexec,SWW186+1.p,e1a,weight-greedy,TIMEOUT,1181,1681.752,160618.185,,,6250,6436300,6045,6307863,,,,,,,,,false,
7425,starexec,SWW278+1.p,e1a,age-fair,HARD_TIMEOUT,1199,0.000,,,,,,,,,,,,,,,,false,
7425,starexec,SWW278+1.p,e1a,balanced,TIMEOUT,1199,910.582,165046.657,,,24506,9445380,23070,9362438,,,,,,,,,false,
7425,starexec,SWW278+1.p,e1a,equational,TIMEOUT,1199,2696.571,163257.407,,,15397,7684460,14002,7632786,,,,,,,,,false,
7425,starexec,SWW278+1.p,e1a,first-negative,TIMEOUT,1199,1477.890,161717.729,,,4283,2717217,3653,2707542,,,,,,,,,false,
7425,starexec,SWW278+1.p,e1a,occurrence,HARD_TIMEOUT,1199,0.000,,,,,,,,,,,,,,,,false,
7425,starexec,SWW278+1.p,e1a,subsumption-light,TIMEOUT,1199,2488.680,163302.817,,,12755,5962683,11856,5921459,,,,,,,,,false,
7425,starexec,SWW278+1.p,e1a,unary-redundancy,HARD_TIMEOUT,1199,0.000,,,,,,,,,,,,,,,,false,
7425,starexec,SWW278+1.p,e1a,weight-greedy,TIMEOUT,1199,2169.274,162745.803,,,16848,9624264,13956,9332451,,,,,,,,,false,
7425,starexec,SWW279+1.p,e1a,first-negative,TIMEOUT,1213,3283.932,162365.867,,,5744,4137066,5288,4117302,,,,,,,,,false,
7425,starexec,SWW279+1.p,e1a,occurrence,HARD_TIMEOUT,1213,0.000,,,,,,,,,,,,,,,,false,
7425,starexec,SWW279+1.p,e1a,subsumption-light,TIMEOUT,1213,2491.864,163247.254,,,10091,3230807,9323,3201355,,,,,,,,,false,
7425,starexec,SWW279+1.p,e1a,unary-redundancy,HARD_TIMEOUT,1213,0.000,,,,,,,,,,,,,,,,false,
7425,starexec,SWW279+1.p,e1a,weight-greedy,TIMEOUT,1213,2313.985,163097.853,,,16268,691397,15420,590419,,,,,,,,,false,
7425,starexec,SWW298+1.p,e1a,age-fair,REFUTED,5224,17528.536,40442.199,,,6350,522651,5653,515396,6703,,,,,,,,false,
7425,starexec,SWW298+1.p,e1a,balanced,REFUTED,5224,4097.490,19803.175,,,6336,317486,5670,308782,7615,,,,,,,,false,
7425,starexec,SWW298+1.p,e1a,equational,REFUTED,5224,5976.903,12516.491,,,2081,43718,1943,40847,2621,,,,,,,,false,
7425,starexec,SWW298+1.p,e1a,first-negative,REFUTED,5224,3240.991,860.541,,,21,38,20,20,22,,,,,,,,false,
7425,starexec,SWW298+1.p,e1a,occurrence,REFUTED,5224,17101.407,38671.326,,,8547,380639,7908,362766,6533,,,,,,,,false,
7425,starexec,SWW298+1.p,e1a,subsumption-light,REFUTED,5224,4729.230,7903.301,,,1232,16054,1165,14384,1556,,,,,,,,false,
7425,starexec,SWW298+1.p,e1a,unary-redundancy,REFUTED,5224,16560.191,33917.599,,,5092,210872,4397,203884,6064,,,,,,,,false,
7425,starexec,SWW298+1.p,e1a,weight-greedy,REFUTED,5224,3164.736,3134.147,,,436,6092,414,4570,274,,,,,,,,false,
7425,starexec,SWW350+1.p,e1a,age-fair,HARD_TIMEOUT,5228,0.000,,,,,,,,,,,,,,,,false,
7425,starexec,SWW350+1.p,e1a,balanced,HARD_TIMEOUT,5228,0.000,,,,,,,,,,,,,,,,false,
7425,starexec,SWW350+1.p,e1a,equational,HARD_TIMEOUT,5228,0.000,,,,,,,,,,,,,,,,false,
7425,starexec,SWW350+1.p,e1a,first-negative,TIMEOUT,5228,3670.677,155171.741,,,8157,4014144,7712,4001618,,,,,,,,,false,
7425,starexec,SWW350+1.p,e1a,occurrence,HARD_TIMEOUT,5228,0.000,,,,,,,,,,,,,,,,false,
7425,starexec,SWW350+1.p,e1a,subsumption-light,HARD_TIMEOUT,5228,0.000,,,,,,,,,,,,,,,,false,
7425,starexec,SWW350+1.p,e1a,unary-redundancy,HARD_TIMEOUT,5228,0.000,,,,,,,,,,,,,,,,false,
7425,starexec,SWW350+1.p,e1a,weight-greedy,REFUTED,5228,3289.028,1703.925,,,135,436,133,254,192,,,,,,,,false,
7425,starexec,SWW374+1.p,e1a,age-fair,HARD_TIMEOUT,5248,0.000,,,,,,,,,,,,,,,,false,
7425,starexec,SWW374+1.p,e1a,balanced,HARD_TIMEOUT,5248,0.000,,,,,,,,,,,,,,,,false,
7425,starexec,SWW374+1.p,e1a,equational,HARD_TIMEOUT,5248,0.000,,,,,,,,,,,,,,,,false,
7425,starexec,SWW374+1.p,e1a,first-negative,TIMEOUT,5248,3457.633,154246.972,,,1723,3087319,1708,3080837,,,,,,,,,false,
7425,starexec,SWW374+1.p,e1a,occurrence,HARD_TIMEOUT,5248,0.000,,,,,,,,,,,,,,,,false,
7425,starexec,SWW374+1.p,e1a,subsumption-light,HARD_TIMEOUT,5248,0.000,,,,,,,,,,,,,,,,false,
7425,starexec,SWW374+1.p,e1a,unary-redundancy,HARD_TIMEOUT,5248,0.000,,,,,,,,,,,,,,,,false,
7425,starexec,SWW374+1.p,e1a,weight-greedy,HARD_TIMEOUT,5248,0.000,,,,,,,,,,,,,,,,false,
7425,starexec,SWW394+1.p,e1a,age-fair,REFUTED,5223,12739.268,40316.521,,,6284,518620,5664,511413,6720,,,,,,,,false,
7425,starexec,SWW394+1.p,e1a,balanced,REFUTED,5223,2421.161,14014.654,,,5931,326082,5550,317246,7606,,,,,,,,false,
7425,starexec,SWW394+1.p,e1a,equational,REFUTED,5223,4014.001,16179.155,,,2676,90264,2538,86128,3432,,,,,,,,false,
7425,starexec,SWW394+1.p,e1a,first-negative,REFUTED,5223,2358.413,2042.376,,,286,4603,267,4097,135,,,,,,,,false,
7425,starexec,SWW394+1.p,e1a,occurrence,REFUTED,5223,12790.394,33290.671,,,6901,319844,6397,301407,6563,,,,,,,,false,
7425,starexec,SWW394+1.p,e1a,subsumption-light,REFUTED,5223,3035.782,6886.363,,,1190,24726,1113,22878,1557,,,,,,,,false,
7425,starexec,SWW394+1.p,e1a,unary-redundancy,REFUTED,5223,11427.133,31534.498,,,4526,205994,4019,198996,6066,,,,,,,,false,
7425,starexec,SWW394+1.p,e1a,weight-greedy,REFUTED,5223,2318.058,90803.713,,,13760,3234071,12440,3073436,571,,,,,,,,false,
7425,starexec,SWW470+5.p,e1a,age-fair,REFUTED,162,1995.503,113617.971,,,3708,943269,3004,938248,235,,,,,,,,false,
7425,starexec,SWW470+5.p,e1a,balanced,REFUTED,162,753.210,98685.464,,,5842,1376675,5133,1363575,240,,,,,,,,false,
7425,starexec,SWW470+5.p,e1a,equational,TIMEOUT,162,1152.169,163255.114,,,5876,1582761,4933,1570471,,,,,,,,,false,
7425,starexec,SWW470+5.p,e1a,first-negative,TIMEOUT,162,2265.090,162007.036,,,9741,3575194,9025,3552918,,,,,,,,,false,
7425,starexec,SWW470+5.p,e1a,occurrence,REFUTED,162,1863.609,49207.649,,,3192,699137,3001,677505,235,,,,,,,,false,
7425,starexec,SWW470+5.p,e1a,subsumption-light,REFUTED,162,1167.710,154720.344,,,5797,1371838,5080,1358762,240,,,,,,,,false,
7425,starexec,SWW470+5.p,e1a,unary-redundancy,TIMEOUT,162,1872.030,163022.274,,,4530,1377894,3710,1366328,,,,,,,,,false,
7425,starexec,SWW470+5.p,e1a,weight-greedy,REFUTED,162,1208.221,116145.334,,,9048,4134302,8245,3961986,240,,,,,,,,false,
7425,starexec,SWW473+2.p,e1a,age-fair,REFUTED,916,3011.390,31902.587,,,7683,677219,7258,666850,1356,,,,,,,,false,
7425,starexec,SWW473+2.p,e1a,balanced,REFUTED,916,706.873,2315.250,,,1343,10065,1276,7980,1396,,,,,,,,false,
7425,starexec,SWW473+2.p,e1a,equational,REFUTED,916,1589.862,2800.985,,,887,6149,851,4784,920,,,,,,,,false,
7425,starexec,SWW473+2.p,e1a,first-negative,REFUTED,916,1406.473,2805.315,,,679,14005,667,12551,117,,,,,,,,false,
7425,starexec,SWW473+2.p,e1a,occurrence,REFUTED,916,3000.832,7108.669,,,1851,14386,1811,10463,1250,,,,,,,,false,
7425,starexec,SWW473+2.p,e1a,subsumption-light,REFUTED,916,1189.481,1612.189,,,315,1117,301,646,369,,,,,,,,false,
7425,starexec,SWW473+2.p,e1a,unary-redundancy,REFUTED,916,2662.453,3569.987,,,920,6436,885,5027,955,,,,,,,,false,
7425,starexec,SWW473+2.p,e1a,weight-greedy,REFUTED,916,1166.471,1861.816,,,348,3716,334,2133,246,,,,,,,,false,
7425,starexec,SWW473+6.p,e1a,age-fair,HARD_TIMEOUT,608,0.000,,,,,,,,,,,,,,,,false,
7425,starexec,SWW473+6.p,e1a,balanced,REFUTED,608,730.221,3698.780,,,1357,35321,1250,33085,845,,,,,,,,false,
7425,starexec,SWW473+6.p,e1a,equational,REFUTED,608,1573.971,4273.103,,,685,12044,623,11016,603,,,,,,,,false,
7425,starexec,SWW473+6.p,e1a,first-negative,TIMEOUT,608,1887.728,162404.466,,,6528,1879904,5765,1861800,,,,,,,,,false,
7425,starexec,SWW473+6.p,e1a,occurrence,REFUTED,608,2828.074,5574.257,,,956,18837,787,16329,613,,,,,,,,false,
7425,starexec,SWW473+6.p,e1a,subsumption-light,REFUTED,608,1456.627,104750.820,,,6184,1254059,5669,1238481,514,,,,,,,,false,
7425,starexec,SWW473+6.p,e1a,unary-redundancy,REFUTED,608,2619.746,3945.679,,,557,10018,490,9122,526,,,,,,,,false,
7425,starexec,SWW473+6.p,e1a,weight-greedy,REFUTED,608,1379.894,6007.762,,,1254,35593,1199,30645,350,,,,,,,,false,
7425,starexec,SWW474+3.p,e1a,age-fair,HARD_TIMEOUT,1440,0.000,,,,,,,,,,,,,,,,false,
7425,starexec,SWW474+3.p,e1a,balanced,TIMEOUT,1440,1435.434,163749.570,,,26293,6771219,24576,6709885,,,,,,,,,false,
7425,starexec,SWW474+3.p,e1a,equational,TIMEOUT,1440,3163.456,161579.763,,,13487,3431488,12849,3399406,,,,,,,,,false,
7425,starexec,SWW474+3.p,e1a,first-negative,TIMEOUT,1440,1716.459,159237.645,,,6643,6673949,5892,6649443,,,,,,,,,false,
7425,starexec,SWW474+3.p,e1a,occurrence,HARD_TIMEOUT,1440,0.000,,,,,,,,,,,,,,,,false,
7425,starexec,SWW474+3.p,e1a,subsumption-light,REFUTED,1440,2940.212,57021.441,,,7381,984944,6629,967324,1164,,,,,,,,false,
7425,starexec,SWW474+3.p,e1a,unary-redundancy,HARD_TIMEOUT,1440,0.000,,,,,,,,,,,,,,,,false,
7425,starexec,SWW474+3.p,e1a,weight-greedy,TIMEOUT,1440,2628.340,160591.825,,,6395,542759,6026,477981,,,,,,,,,false,
7425,starexec,SWW937+1.p,e1a,age-fair,TIMEOUT,28,1479.170,163726.482,,,5448,4392457,5415,4383448,,,,,,,,,false,
7425,starexec,SWW937+1.p,e1a,balanced,TIMEOUT,28,427.189,164847.252,,,11226,11493014,11052,11461679,,,,,,,,,false,
7425,starexec,SWW937+1.p,e1a,equational,TIMEOUT,28,847.348,163912.696,,,7943,6099341,7892,6077885,,,,,,,,,false,
7425,starexec,SWW937+1.p,e1a,first-negative,TIMEOUT,28,1543.922,163590.013,,,3922,3719513,3865,3712085,,,,,,,,,false,
7425,starexec,SWW937+1.p,e1a,occurrence,TIMEOUT,28,1419.800,164045.413,,,10125,5263743,9297,5209966,,,,,,,,,false,
7425,starexec,SWW937+1.p,e1a,subsumption-light,TIMEOUT,28,917.859,163945.530,,,5806,2510976,5793,2495358,,,,,,,,,false,
7425,starexec,SWW937+1.p,e1a,unary-redundancy,TIMEOUT,28,1507.067,164928.276,,,1597,255227,1526,252137,,,,,,,,,false,
7425,starexec,SWW937+1.p,e1a,weight-greedy,TIMEOUT,28,835.140,163873.735,,,34324,3919049,33923,3828569,,,,,,,,,false,
7425,starexec,SWW961+1.p,e1a,age-fair,REFUTED,176,1222.809,1462.860,,,197,273,186,177,177,,,,,,,,false,
7425,starexec,SWW961+1.p,e1a,balanced,REFUTED,176,353.664,790.445,,,193,242,185,177,177,,,,,,,,false,
7425,starexec,SWW961+1.p,e1a,equational,REFUTED,176,675.809,1424.159,,,198,272,190,177,177,,,,,,,,false,
7425,starexec,SWW961+1.p,e1a,first-negative,REFUTED,176,1342.316,4294.702,,,550,38435,508,37755,177,,,,,,,,false,
7425,starexec,SWW961+1.p,e1a,occurrence,REFUTED,176,1233.375,1333.586,,,185,219,181,177,177,,,,,,,,false,
7425,starexec,SWW961+1.p,e1a,subsumption-light,REFUTED,176,665.106,1689.410,,,192,257,185,177,177,,,,,,,,false,
7425,starexec,SWW961+1.p,e1a,unary-redundancy,REFUTED,176,1288.458,1588.791,,,193,239,185,177,177,,,,,,,,false,
7425,starexec,SWW961+1.p,e1a,weight-greedy,REFUTED,176,711.693,1417.997,,,184,219,181,177,177,,,,,,,,false,
7425,starexec,SWX051+1.p,e1a,age-fair,TIMEOUT,292,3133.319,163134.170,,,15629,3388649,14518,3368707,,,,,,,,,false,
7425,starexec,SWX051+1.p,e1a,balanced,TIMEOUT,292,796.645,164444.338,,,38717,10529760,34912,10434986,,,,,,,,,false,
7425,starexec,SWX051+1.p,e1a,equational,TIMEOUT,292,1630.268,163126.341,,,31461,5857837,28103,5783438,,,,,,,,,false,
7425,starexec,SWX051+1.p,e1a,first-negative,TIMEOUT,292,2059.085,163846.674,,,23707,8345079,20480,8298559,,,,,,,,,false,
7425,starexec,SWX051+1.p,e1a,occurrence,TIMEOUT,292,3104.462,163072.247,,,35833,4430504,30858,4269132,,,,,,,,,false,
7425,starexec,SWX051+1.p,e1a,subsumption-light,TIMEOUT,292,1695.303,163242.901,,,22099,3718159,20103,3667185,,,,,,,,,false,
7425,starexec,SWX051+1.p,e1a,unary-redundancy,HARD_TIMEOUT,292,0.000,,,,,,,,,,,,,,,,false,
7425,starexec,SWX051+1.p,e1a,weight-greedy,TIMEOUT,292,1179.657,164202.584,,,60470,6219367,49836,5853561,,,,,,,,,false,
7425,starexec,SWX185+1.p,e1a,age-fair,TIMEOUT,40,586.634,164414.073,,,1372,2620085,1323,2617754,,,,,,,,,false,
7425,starexec,SWX185+1.p,e1a,balanced,TIMEOUT,40,166.083,165347.375,,,2979,5394227,2937,5388629,,,,,,,,,false,
7425,starexec,SWX185+1.p,e1a,equational,TIMEOUT,40,398.394,164265.177,,,1453,2729416,1411,2725476,,,,,,,,,false,
7425,starexec,SWX185+1.p,e1a,first-negative,TIMEOUT,40,721.515,163873.296,,,2295,2953852,2170,2944744,,,,,,,,,false,
7425,starexec,SWX185+1.p,e1a,occurrence,TIMEOUT,40,636.132,164181.430,,,3853,3516798,3288,3495406,,,,,,,,,false,
7425,starexec,SWX185+1.p,e1a,subsumption-light,TIMEOUT,40,410.766,164378.039,,,2071,3184804,1979,3180716,,,,,,,,,false,
7425,starexec,SWX185+1.p,e1a,unary-redundancy,TIMEOUT,40,597.489,164758.665,,,2144,2147203,2081,2142395,,,,,,,,,false,
7425,starexec,SWX185+1.p,e1a,weight-greedy,REFUTED,40,418.233,7037.909,,,632,31044,497,22457,41,,,,,,,,false,
7425,starexec,SWX187+1.p,e1a,age-fair,REFUTED,16,589.893,13175.294,,,1247,34853,1200,31006,18,,,,,,,,false,
7425,starexec,SWX187+1.p,e1a,balanced,REFUTED,16,147.532,9311.827,,,2408,42255,2354,34848,18,,,,,,,,false,
7425,starexec,SWX187+1.p,e1a,equational,REFUTED,16,337.398,18483.461,,,2631,47943,2575,39707,18,,,,,,,,false,
7425,starexec,SWX187+1.p,e1a,first-negative,REFUTED,16,640.220,2658.935,,,168,1168,147,741,18,,,,,,,,false,
7425,starexec,SWX187+1.p,e1a,occurrence,REFUTED,16,578.727,9994.535,,,1691,14236,1578,8908,18,,,,,,,,false,
7425,starexec,SWX187+1.p,e1a,subsumption-light,REFUTED,16,328.783,23136.334,,,2508,58390,2443,51025,18,,,,,,,,false,
7425,starexec,SWX187+1.p,e1a,unary-redundancy,REFUTED,16,526.899,13445.058,,,1413,25513,1348,21388,18,,,,,,,,false,
7425,starexec,SWX187+1.p,e1a,weight-greedy,TIMEOUT,16,344.078,164128.934,,,10516,2253778,6272,2006664,,,,,,,,,false,
7425,starexec,SWX189+1.p,e1a,age-fair,TIMEOUT,53,763.024,164007.745,,,3173,2777052,3022,2770880,,,,,,,,,false,
7425,starexec,SWX189+1.p,e1a,balanced,TIMEOUT,53,142.541,165293.940,,,7245,7668726,7100,7647514,,,,,,,,,false,
7425,starexec,SWX189+1.p,e1a,equational,HARD_TIMEOUT,53,0.000,,,,,,,,,,,,,,,,false,
7425,starexec,SWX189+1.p,e1a,first-negative,TIMEOUT,53,937.010,163612.551,,,8470,4104021,6431,4084227,,,,,,,,,false,
7425,starexec,SWX189+1.p,e1a,occurrence,TIMEOUT,53,514.531,164692.041,,,12079,3906938,11775,3844291,,,,,,,,,false,
7425,starexec,SWX189+1.p,e1a,subsumption-light,TIMEOUT,53,468.311,164132.430,,,5024,1950948,4694,1937064,,,,,,,,,false,
7425,starexec,SWX189+1.p,e1a,unary-redundancy,TIMEOUT,53,543.138,164659.956,,,7887,4529353,6847,4511741,,,,,,,,,false,
7425,starexec,SWX189+1.p,e1a,weight-greedy,TIMEOUT,53,315.577,164645.455,,,18868,2782278,17519,2648860,,,,,,,,,false,
7425,starexec,SWX194+1.p,e1a,age-fair,TIMEOUT,71,933.847,163843.139,,,2616,5332567,2477,5328718,,,,,,,,,false,
7425,starexec,SWX194+1.p,e1a,balanced,TIMEOUT,71,267.680,168450.080,,,7890,10295444,7747,10279796,,,,,,,,,false,
7425,starexec,SWX194+1.p,e1a,equational,TIMEOUT,71,551.829,163823.892,,,5612,6122946,5417,6113970,,,,,,,,,false,
7425,starexec,SWX194+1.p,e1a,first-negative,TIMEOUT,71,1055.990,163339.104,,,5029,7464550,4936,7453984,,,,,,,,,false,
7425,starexec,SWX194+1.p,e1a,occurrence,TIMEOUT,71,1009.879,163699.223,,,5824,6117935,5141,6098068,,,,,,,,,false,
7425,starexec,SWX194+1.p,e1a,subsumption-light,TIMEOUT,71,537.557,163738.079,,,5639,5849568,5524,5838752,,,,,,,,,false,
7425,starexec,SWX194+1.p,e1a,weight-greedy,TIMEOUT,71,529.486,163844.459,,,4885,4770924,4684,4738974,,,,,,,,,false,
7425,starexec,SWX197+1.p,e1a,age-fair,TIMEOUT,73,942.084,164005.603,,,3446,3784283,3133,3778344,,,,,,,,,false,
7425,starexec,SWX197+1.p,e1a,balanced,TIMEOUT,73,268.966,164778.075,,,5430,6101699,4881,6085051,,,,,,,,,false,
7425,starexec,SWX197+1.p,e1a,equational,TIMEOUT,73,593.892,163846.220,,,3953,3523392,3715,3512732,,,,,,,,,false,
7425,starexec,SWX197+1.p,e1a,first-negative,TIMEOUT,73,1077.493,163184.047,,,4094,7244477,3986,7233107,,,,,,,,,false,
7425,starexec,SWX197+1.p,e1a,occurrence,TIMEOUT,73,931.937,164504.277,,,5340,3899029,4866,3872024,,,,,,,,,false,
7425,starexec,SWX197+1.p,e1a,subsumption-light,TIMEOUT,73,522.256,163882.351,,,4247,4142788,3830,4131434,,,,,,,,,false,
7425,starexec,SWX197+1.p,e1a,unary-redundancy,TIMEOUT,73,931.321,163912.852,,,4009,4148721,3766,4138289,,,,,,,,,false,
7425,starexec,SWX197+1.p,e1a,weight-greedy,TIMEOUT,73,511.037,163907.216,,,6255,4491559,5814,4438432,,,,,,,,,false,
7425,starexec,SWX199+1.p,e1a,age-fair,REFUTED,12,571.889,40595.908,,,1078,575457,586,572108,14,,,,,,,,false,
7425,starexec,SWX199+1.p,e1a,balanced,REFUTED,12,156.012,3687.492,,,127,38581,110,37828,14,,,,,,,,false,
7425,starexec,SWX199+1.p,e1a,equational,REFUTED,12,323.365,6814.869,,,129,39222,109,38459,14,,,,,,,,false,
7425,starexec,SWX199+1.p,e1a,first-negative,REFUTED,12,577.032,3604.392,,,102,8059,87,7236,14,,,,,,,,false,
7425,starexec,SWX199+1.p,e1a,occurrence,REFUTED,12,586.950,46245.858,,,782,934414,553,928350,14,,,,,,,,false,
7425,starexec,SWX199+1.p,e1a,subsumption-light,REFUTED,12,324.833,8722.383,,,171,44221,136,43519,14,,,,,,,,false,
7425,starexec,SWX199+1.p,e1a,unary-redundancy,TIMEOUT,12,565.557,164247.640,,,964,2395121,751,2391451,,,,,,,,,false,
7425,starexec,SWX199+1.p,e1a,weight-greedy,REFUTED,12,339.143,1493.357,,,75,969,65,761,14,,,,,,,,false,
7425,starexec,SWX200+1.p,e1a,age-fair,REFUTED,15,600.557,686.829,,,26,41,19,19,19,,,,,,,,false,
7425,starexec,SWX200+1.p,e1a,balanced,REFUTED,15,162.745,384.460,,,16,23,14,19,19,,,,,,,,false,
7425,starexec,SWX200+1.p,e1a,equational,REFUTED,15,353.153,674.394,,,16,23,14,19,19,,,,,,,,false,
7425,starexec,SWX200+1.p,e1a,first-negative,REFUTED,15,669.256,681.559,,,23,33,19,19,19,,,,,,,,false,
7425,starexec,SWX200+1.p,e1a,occurrence,REFUTED,15,557.312,585.200,,,18,25,14,19,19,,,,,,,,false,
7425,starexec,SWX200+1.p,e1a,subsumption-light,REFUTED,15,365.918,693.530,,,16,23,14,19,19,,,,,,,,false,
7425,starexec,SWX200+1.p,e1a,unary-redundancy,REFUTED,15,588.155,610.894,,,16,23,14,19,19,,,,,,,,false,
7425,starexec,SWX200+1.p,e1a,weight-greedy,REFUTED,15,342.671,650.299,,,16,20,12,19,19,,,,,,,,false,
7425,starexec,SWX201+1.p,e1a,age-fair,TIMEOUT,28,663.233,165228.334,,,3295,3861149,3158,3852884,,,,,,,,,false,
7425,starexec,SWX201+1.p,e1a,balanced,TIMEOUT,28,185.210,165272.424,,,2456,4979030,2361,4974310,,,,,,,,,false,
7425,starexec,SWX201+1.p,e1a,equational,TIMEOUT,28,428.284,164291.065,,,2207,3100202,2117,3096052,,,,,,,,,false,
7425,starexec,SWX201+1.p,e1a,first-negative,TIMEOUT,28,699.816,163787.132,,,2535,2405468,2448,2399156,,,,,,,,,false,
7425,starexec,SWX201+1.p,e1a,occurrence,TIMEOUT,28,648.700,163990.500,,,2804,2968263,2471,2957136,,,,,,,,,false,
7425,starexec,SWX201+1.p,e1a,subsumption-light,TIMEOUT,28,428.762,164090.935,,,1099,786136,1054,783882,,,,,,,,,false,
7425,starexec,SWX201+1.p,e1a,unary-redundancy,TIMEOUT,28,643.378,164869.432,,,440,129379,425,128583,,,,,,,,,false,
7425,starexec,SWX201+1.p,e1a,weight-greedy,TIMEOUT,28,398.398,164019.176,,,5470,5562559,4886,5523532,,,,,,,,,false,
7425,starexec,SWX202+1.p,e1a,age-fair,TIMEOUT,28,372.894,164908.979,,,3528,5629150,3347,5622492,,,,,,,,,false,
7425,starexec,SWX202+1.p,e1a,balanced,TIMEOUT,28,172.073,164947.614,,,2162,2765875,2080,2761509,,,,,,,,,false,
7425,starexec,SWX202+1.p,e1a,equational,TIMEOUT,28,221.090,164927.735,,,2201,2822542,2122,2818080,,,,,,,,,false,
7425,starexec,SWX202+1.p,e1a,first-negative,TIMEOUT,28,367.300,164769.147,,,2829,2768882,2769,2761808,,,,,,,,,false,
7425,starexec,SWX202+1.p,e1a,occurrence,TIMEOUT,28,351.656,164940.845,,,4708,3521061,4445,3497134,,,,,,,,,false,
7425,starexec,SWX202+1.p,e1a,subsumption-light,TIMEOUT,28,231.245,165459.149,,,1205,787649,1183,785315,,,,,,,,,false,
7425,starexec,SWX202+1.p,e1a,unary-redundancy,TIMEOUT,28,350.210,165345.986,,,1038,354873,1001,352869,,,,,,,,,false,
7425,starexec,SWX202+1.p,e1a,weight-greedy,TIMEOUT,28,216.655,164970.223,,,8291,509189,8260,482880,,,,,,,,,false,
7425,starexec,SWX203+1.p,e1a,age-fair,REFUTED,21,615.602,30983.478,,,6752,93956,5013,74433,29,,,,,,,,false,
7425,starexec,SWX203+1.p,e1a,balanced,REFUTED,21,175.024,4472.503,,,1383,19484,934,14216,29,,,,,,,,false,
7425,starexec,SWX203+1.p,e1a,equational,REFUTED,21,354.428,7914.099,,,1158,19605,768,14301,29,,,,,,,,false,
7425,starexec,SWX203+1.p,e1a,first-negative,REFUTED,21,658.841,1610.332,,,137,1508,119,1265,29,,,,,,,,false,
7425,starexec,SWX203+1.p,e1a,occurrence,REFUTED,21,619.694,7438.111,,,1166,21816,998,18122,29,,,,,,,,false,
7425,starexec,SWX203+1.p,e1a,subsumption-light,REFUTED,21,324.847,9101.265,,,1060,14961,787,10583,29,,,,,,,,false,
7425,starexec,SWX203+1.p,e1a,unary-redundancy,REFUTED,21,617.036,12042.603,,,1289,21934,1137,17281,29,,,,,,,,false,
7425,starexec,SWX203+1.p,e1a,weight-greedy,REFUTED,21,374.140,2380.761,,,138,2818,102,2087,29,,,,,,,,false,
7425,starexec,SWX209+1.p,e1a,age-fair,TIMEOUT,49,804.976,164079.607,,,3247,3068014,3129,3062019,,,,,,,,,false,
7425,starexec,SWX209+1.p,e1a,balanced,TIMEOUT,49,240.750,164898.807,,,5313,7291974,4865,7272708,,,,,,,,,false,
7425,starexec,SWX209+1.p,e1a,equational,TIMEOUT,49,458.281,164286.503,,,4924,3136039,4369,3123043,,,,,,,,,false,
7425,starexec,SWX209+1.p,e1a,first-negative,TIMEOUT,49,920.007,163578.766,,,6450,5053235,5831,5039583,,,,,,,,,false,
7425,starexec,SWX209+1.p,e1a,occurrence,TIMEOUT,49,785.260,164219.311,,,7639,5444234,6026,5369020,,,,,,,,,false,
7425,starexec,SWX209+1.p,e1a,subsumption-light,TIMEOUT,49,500.232,163952.084,,,2867,1395566,2649,1386292,,,,,,,,,false,
7425,starexec,SWX209+1.p,e1a,unary-redundancy,TIMEOUT,49,543.001,164665.670,,,3287,2137358,3073,2124870,,,,,,,,,false,
7425,starexec,SWX209+1.p,e1a,weight-greedy,TIMEOUT,49,323.146,164660.291,,,26652,4649234,23061,4527465,,,,,,,,,false,
7425,starexec,SWX210+1.p,e1a,age-fair,TIMEOUT,49,792.869,164105.957,,,3129,3806822,3064,3801021,,,,,,,,,false,
7425,starexec,SWX210+1.p,e1a,balanced,TIMEOUT,49,224.915,165190.832,,,4909,6824208,4502,6806878,,,,,,,,,false,
7425,starexec,SWX210+1.p,e1a,equational,TIMEOUT,49,491.380,163993.452,,,4352,3831465,3823,3818879,,,,,,,,,false,
7425,starexec,SWX210+1.p,e1a,first-negative,TIMEOUT,49,961.642,164534.726,,,6625,5038255,5902,5023517,,,,,,,,,false,
7425,starexec,SWX210+1.p,e1a,occurrence,TIMEOUT,49,852.725,164325.759,,,10386,5484927,7140,5416865,,,,,,,,,false,
7425,starexec,SWX210+1.p,e1a,subsumption-light,TIMEOUT,49,503.788,163907.888,,,3230,1680525,3006,1671243,,,,,,,,,false,
7425,starexec,SWX210+1.p,e1a,unary-redundancy,TIMEOUT,49,791.526,164368.863,,,2948,1665665,2775,1655751,,,,,,,,,false,
7425,starexec,SWX210+1.p,e1a,weight-greedy,REFUTED,49,319.929,79402.156,,,22216,1861959,19786,1763028,56,,,,,,,,false,
7425,starexec,SWX211+1.p,e1a,age-fair,TIMEOUT,49,811.663,164295.460,,,3037,2966268,2949,2960766,,,,,,,,,false,
7425,starexec,SWX211+1.p,e1a,balanced,TIMEOUT,49,219.921,165072.219,,,4747,5385833,4079,5368515,,,,,,,,,false,
7425,starexec,SWX211+1.p,e1a,equational,TIMEOUT,49,482.609,164276.410,,,4199,3180959,3966,3168165,,,,,,,,,false,
7425,starexec,SWX211+1.p,e1a,first-negative,TIMEOUT,49,534.623,164443.674,,,7245,4469886,6441,4457359,,,,,,,,,false,
7425,starexec,SWX211+1.p,e1a,occurrence,TIMEOUT,49,803.265,163936.901,,,6668,3412611,5830,3365419,,,,,,,,,false,
7425,starexec,SWX211+1.p,e1a,subsumption-light,TIMEOUT,49,509.579,164191.280,,,2650,1341917,2392,1333783,,,,,,,,,false,
7425,starexec,SWX211+1.p,e1a,unary-redundancy,TIMEOUT,49,571.182,165147.590,,,2331,1272756,2152,1264942,,,,,,,,,false,
7425,starexec,SWX211+1.p,e1a,weight-greedy,TIMEOUT,49,314.047,164666.516,,,17682,1698648,17649,1641329,,,,,,,,,false,
7425,starexec,SWX212+1.p,e1a,age-fair,TIMEOUT,49,900.044,164397.968,,,3913,4737158,3862,4731291,,,,,,,,,false,
7425,starexec,SWX212+1.p,e1a,balanced,TIMEOUT,49,248.752,164980.340,,,10673,11096177,10348,11076183,,,,,,,,,false,
7425,starexec,SWX212+1.p,e1a,equational,TIMEOUT,49,535.028,164042.743,,,8788,5710273,8372,5694341,,,,,,,,,false,
7425,starexec,SWX212+1.p,e1a,first-negative,TIMEOUT,49,994.328,163678.040,,,5531,4761364,5355,4750662,,,,,,,,,false,
7425,starexec,SWX212+1.p,e1a,occurrence,TIMEOUT,49,862.147,164844.124,,,11272,4286358,10217,4248056,,,,,,,,,false,
7425,starexec,SWX212+1.p,e1a,subsumption-light,TIMEOUT,49,502.918,164025.985,,,3758,1312813,3685,1305405,,,,,,,,,false,
7425,starexec,SWX212+1.p,e1a,unary-redundancy,TIMEOUT,49,912.080,166244.368,,,3532,1132265,3448,1125505,,,,,,,,,false,
7425,starexec,SWX212+1.p,e1a,weight-greedy,TIMEOUT,49,495.931,163964.185,,,22760,4050733,20366,3847700,,,,,,,,,false,
7425,starexec,SWX217+1.p,e1a,age-fair,TIMEOUT,23,544.575,164826.047,,,3789,4435719,3204,4427812,,,,,,,,,false,
7425,starexec,SWX217+1.p,e1a,balanced,TIMEOUT,23,166.198,167208.540,,,9265,6948916,8242,6922134,,,,,,,,,false,
7425,starexec,SWX217+1.p,e1a,equational,TIMEOUT,23,328.774,164574.023,,,6418,4822713,5189,4797813,,,,,,,,,false,
7425,starexec,SWX217+1.p,e1a,first-negative,REFUTED,23,608.465,39137.328,,,1938,569341,1554,564099,25,,,,,,,,false,
7425,starexec,SWX217+1.p,e1a,occurrence,TIMEOUT,23,567.375,164188.433,,,12990,2975297,10325,2921075,,,,,,,,,false,
7425,starexec,SWX217+1.p,e1a,subsumption-light,TIMEOUT,23,324.901,164431.746,,,6605,4380486,5721,4362740,,,,,,,,,false,
7425,starexec,SWX217+1.p,e1a,unary-redundancy,TIMEOUT,23,540.428,164231.062,,,7800,4407928,6656,4387806,,,,,,,,,false,
7425,starexec,SWX217+1.p,e1a,weight-greedy,TIMEOUT,23,331.967,164156.018,,,10455,3181016,9874,3044286,,,,,,,,,false,
7425,starexec,SWX219+1.p,e1a,age-fair,REFUTED,31,674.973,2018.754,,,353,872,341,439,36,,,,,,,,false,
7425,starexec,SWX219+1.p,e1a,balanced,REFUTED,31,205.417,13115.406,,,5396,17248,5368,9382,36,,,,,,,,false,
7425,starexec,SWX219+1.p,e1a,equational,REFUTED,31,424.884,23836.730,,,5618,18007,5587,9735,36,,,,,,,,false,
7425,starexec,SWX219+1.p,e1a,first-negative,TIMEOUT,31,818.113,163719.750,,,17303,6817633,17296,6784988,,,,,,,,,false,
7425,starexec,SWX219+1.p,e1a,occurrence,TIMEOUT,31,687.167,163938.576,,,21233,67090,21130,31157,,,,,,,,,false,
7425,starexec,SWX219+1.p,e1a,subsumption-light,REFUTED,31,411.106,16792.952,,,2660,7907,2646,4095,36,,,,,,,,false,
7425,starexec,SWX219+1.p,e1a,unary-redundancy,REFUTED,31,725.616,43602.777,,,5444,17440,5410,9414,36,,,,,,,,false,
7425,starexec,SWX219+1.p,e1a,weight-greedy,TIMEOUT,31,433.553,163974.554,,,35944,161202,35931,114178,,,,,,,,,false,
7425,starexec,SWX220+1.p,e1a,age-fair,REFUTED,31,693.638,1775.827,,,300,717,293,352,36,,,,,,,,false,
7425,starexec,SWX220+1.p,e1a,balanced,REFUTED,31,196.207,6276.371,,,2743,8889,2739,5093,36,,,,,,,,false,
7425,starexec,SWX220+1.p,e1a,equational,REFUTED,31,401.556,11559.943,,,2720,8836,2716,5058,36,,,,,,,,false,
7425,starexec,SWX220+1.p,e1a,first-negative,TIMEOUT,31,709.936,163658.205,,,17573,6386050,17566,6353130,,,,,,,,,false,
7425,starexec,SWX220+1.p,e1a,occurrence,TIMEOUT,31,435.533,164583.770,,,24441,67511,24299,31102,,,,,,,,,false,
7425,starexec,SWX220+1.p,e1a,subsumption-light,REFUTED,31,264.276,4652.051,,,1298,3738,1294,1974,36,,,,,,,,false,
7425,starexec,SWX220+1.p,e1a,unary-redundancy,REFUTED,31,638.498,21444.800,,,2994,9813,2985,5657,36,,,,,,,,false,
7425,starexec,SWX220+1.p,e1a,weight-greedy,TIMEOUT,31,301.290,164738.798,,,37570,340804,37537,283642,,,,,,,,,false,
7425,starexec,SWX221+1.p,e1a,age-fair,REFUTED,35,494.559,1736.569,,,604,1352,594,668,43,,,,,,,,false,
7425,starexec,SWX221+1.p,e1a,balanced,REFUTED,35,136.262,3127.723,,,2564,5662,2549,2768,43,,,,,,,,false,
7425,starexec,SWX221+1.p,e1a,equational,REFUTED,35,303.477,5451.023,,,2516,5576,2502,2728,43,,,,,,,,false,
7425,starexec,SWX221+1.p,e1a,first-negative,TIMEOUT,35,818.444,163588.585,,,16362,4538538,14440,4513618,,,,,,,,,false,
7425,starexec,SWX221+1.p,e1a,occurrence,REFUTED,35,470.807,114850.730,,,40297,86928,39987,39188,43,,,,,,,,false,
7425,starexec,SWX221+1.p,e1a,subsumption-light,REFUTED,35,275.628,1474.205,,,342,631,337,245,43,,,,,,,,false,
7425,starexec,SWX221+1.p,e1a,unary-redundancy,REFUTED,35,479.005,10066.913,,,2559,5677,2548,2775,43,,,,,,,,false,
7425,starexec,SWX221+1.p,e1a,weight-greedy,TIMEOUT,35,443.868,164011.002,,,48379,202573,47884,125959,,,,,,,,,false,
7425,starexec,SWX222+1.p,e1a,age-fair,REFUTED,35,682.860,902.842,,,92,128,86,43,43,,,,,,,,false,
7425,starexec,SWX222+1.p,e1a,balanced,REFUTED,35,202.336,791.394,,,214,357,207,126,43,,,,,,,,false,
7425,starexec,SWX222+1.p,e1a,equational,REFUTED,35,446.953,1493.730,,,216,361,209,128,43,,,,,,,,false,
7425,starexec,SWX222+1.p,e1a,first-negative,REFUTED,35,540.374,784.152,,,96,286,94,148,43,,,,,,,,false,
7425,starexec,SWX222+1.p,e1a,occurrence,REFUTED,35,688.535,1422.040,,,235,406,234,146,43,,,,,,,,false,
7425,starexec,SWX222+1.p,e1a,subsumption-light,REFUTED,35,420.620,996.123,,,70,104,69,43,43,,,,,,,,false,
7425,starexec,SWX222+1.p,e1a,unary-redundancy,REFUTED,35,679.670,1824.490,,,211,359,203,128,43,,,,,,,,false,
7425,starexec,SWX222+1.p,e1a,weight-greedy,REFUTED,35,436.221,2101.653,,,392,698,389,268,43,,,,,,,,false,
7425,starexec,SWX223+1.p,e1a,age-fair,REFUTED,35,727.405,2524.951,,,544,1120,523,507,43,,,,,,,,false,
7425,starexec,SWX223+1.p,e1a,balanced,REFUTED,35,206.261,1152.756,,,362,737,354,337,43,,,,,,,,false,
7425,starexec,SWX223+1.p,e1a,equational,REFUTED,35,410.076,2000.526,,,383,784,375,359,43,,,,,,,,false,
7425,starexec,SWX223+1.p,e1a,first-negative,TIMEOUT,35,550.914,164388.769,,,16043,648352,14145,622342,,,,,,,,,false,
7425,starexec,SWX223+1.p,e1a,occurrence,REFUTED,35,749.931,4425.689,,,1247,2580,1241,1178,43,,,,,,,,false,
7425,starexec,SWX223+1.p,e1a,subsumption-light,REFUTED,35,421.241,1343.250,,,141,234,134,76,43,,,,,,,,false,
7425,starexec,SWX223+1.p,e1a,unary-redundancy,REFUTED,35,702.821,2264.415,,,302,604,296,272,43,,,,,,,,false,
7425,starexec,SWX223+1.p,e1a,weight-greedy,REFUTED,35,412.556,30545.103,,,8794,100481,7987,87910,43,,,,,,,,false,
7425,starexec,SWX224+1.p,e1a,age-fair,REFUTED,31,680.181,1322.096,,,176,349,170,138,36,,,,,,,,false,
7425,starexec,SWX224+1.p,e1a,balanced,REFUTED,31,186.051,1661.301,,,697,1902,687,1006,36,,,,,,,,false,
7425,starexec,SWX224+1.p,e1a,equational,REFUTED,31,401.065,3603.567,,,846,2646,836,1466,36,,,,,,,,false,
7425,starexec,SWX224+1.p,e1a,first-negative,REFUTED,31,735.602,46297.091,,,6902,1298245,6896,1285172,36,,,,,,,,false,
7425,starexec,SWX224+1.p,e1a,occurrence,REFUTED,31,685.700,8763.460,,,2739,7768,2735,4027,36,,,,,,,,false,
7425,starexec,SWX224+1.p,e1a,subsumption-light,REFUTED,31,419.260,1389.060,,,128,234,123,90,36,,,,,,,,false,
7425,starexec,SWX224+1.p,e1a,unary-redundancy,REFUTED,31,653.975,3248.851,,,336,892,334,472,36,,,,,,,,false,
7425,starexec,SWX224+1.p,e1a,weight-greedy,TIMEOUT,31,276.374,164688.153,,,44215,204347,44080,143831,,,,,,,,,false,
7425,starexec,SWX240_1.p,e1a,age-fair,TIMEOUT,56,890.195,167307.659,,,3485,4062585,3413,4056464,,,,,,,,,false,
7425,starexec,SWX240_1.p,e1a,balanced,REFUTED,56,237.592,8124.062,,,1025,112943,952,110677,70,,,,,,,,false,
7425,starexec,SWX240_1.p,e1a,equational,REFUTED,56,469.941,24318.681,,,2076,321835,1979,317721,70,,,,,,,,false,
7425,starexec,SWX240_1.p,e1a,first-negative,TIMEOUT,56,635.109,164432.002,,,13922,5480393,13676,5446603,,,,,,,,,false,
7425,starexec,SWX240_1.p,e1a,occurrence,REFUTED,56,897.711,11367.426,,,1344,66626,1247,62929,70,,,,,,,,false,
7425,starexec,SWX240_1.p,e1a,subsumption-light,REFUTED,56,514.436,48377.625,,,2473,761579,2418,755029,70,,,,,,,,false,
7425,starexec,SWX240_1.p,e1a,unary-redundancy,REFUTED,56,887.353,82528.738,,,2175,316377,2136,312107,70,,,,,,,,false,
7425,starexec,SWX240_1.p,e1a,weight-greedy,REFUTED,56,459.998,153531.099,,,14572,5260851,12121,5185348,70,,,,,,,,false,
7425,starexec,SWX241_1.p,e1a,age-fair,TIMEOUT,64,589.931,168289.380,,,10258,7405281,10022,7384911,,,,,,,,,false,
7425,starexec,SWX241_1.p,e1a,balanced,TIMEOUT,64,164.838,165231.011,,,30986,12562264,28515,12469043,,,,,,,,,false,
7425,starexec,SWX241_1.p,e1a,equational,TIMEOUT,64,342.094,164626.697,,,25126,4369677,22297,4295529,,,,,,,,,false,
7425,starexec,SWX241_1.p,e1a,first-negative,TIMEOUT,64,973.706,163613.637,,,12930,5130377,12592,5089285,,,,,,,,,false,
7425,starexec,SWX241_1.p,e1a,occurrence,REFUTED,64,645.409,114480.515,,,16316,3223763,12994,3104046,79,,,,,,,,false,
7425,starexec,SWX241_1.p,e1a,subsumption-light,REFUTED,64,328.901,11324.511,,,2002,113180,1915,108996,79,,,,,,,,false,
7425,starexec,SWX241_1.p,e1a,unary-redundancy,TIMEOUT,64,629.135,165016.384,,,19221,3183632,17338,3118532,,,,,,,,,false,
7425,starexec,SWX241_1.p,e1a,weight-greedy,REFUTED,64,315.114,13462.785,,,4254,403812,3389,386087,79,,,,,,,,false,
7425,starexec,SYN076+1.p,e1a,age-fair,TIMEOUT,1,753.955,164491.381,,,1305,2293114,1116,2290256,,,,,,,,,false,
7425,starexec,SYN076+1.p,e1a,balanced,TIMEOUT,1,226.192,165471.212,,,1792,4297775,1631,4291831,,,,,,,,,false,
7425,starexec,SYN076+1.p,e1a,equational,TIMEOUT,1,449.835,164780.036,,,1392,2302700,1240,2297982,,,,,,,,,false,
7425,starexec,SYN076+1.p,e1a,first-negative,TIMEOUT,1,806.158,164042.625,,,1338,428698,1166,394480,,,,,,,,,false,
7425,starexec,SYN076+1.p,e1a,occurrence,TIMEOUT,1,746.513,164460.551,,,1679,2268766,1326,2258099,,,,,,,,,false,
7425,starexec,SYN076+1.p,e1a,subsumption-light,TIMEOUT,1,442.713,167557.031,,,95,7544,90,7368,,,,,,,,,false,
7425,starexec,SYN076+1.p,e1a,unary-redundancy,TIMEOUT,1,696.431,164977.739,,,106,11044,99,10854,,,,,,,,,false,
7425,starexec,SYN076+1.p,e1a,weight-greedy,TIMEOUT,1,462.504,164603.236,,,2721,381448,2311,364907,,,,,,,,,false,
7425,starexec,SYN077+1.p,e1a,age-fair,REFUTED,1,520.082,897.649,,,86,203,48,71,7,,,,,,,,false,
7425,starexec,SYN077+1.p,e1a,balanced,REFUTED,1,165.203,441.277,,,53,88,36,19,9,,,,,,,,false,
7425,starexec,SYN077+1.p,e1a,equational,REFUTED,1,314.246,702.605,,,52,87,36,20,9,,,,,,,,false,
7425,starexec,SYN077+1.p,e1a,first-negative,REFUTED,1,540.806,1592.417,,,284,1721,191,1161,7,,,,,,,,false,
7425,starexec,SYN077+1.p,e1a,occurrence,REFUTED,1,492.767,756.440,,,45,83,31,23,7,,,,,,,,false,
7425,starexec,SYN077+1.p,e1a,subsumption-light,REFUTED,1,306.280,635.275,,,40,62,32,13,9,,,,,,,,false,
7425,starexec,SYN077+1.p,e1a,unary-redundancy,REFUTED,1,545.302,780.615,,,38,69,31,24,7,,,,,,,,false,
7425,starexec,SYN077+1.p,e1a,weight-greedy,REFUTED,1,224.240,574.812,,,62,119,46,36,9,,,,,,,,false,
7425,starexec,SYN353+1.p,e1a,age-fair,REFUTED,0,899.180,995.249,,,97,367,44,81,19,,,,,,,,false,
7425,starexec,SYN353+1.p,e1a,balanced,REFUTED,0,220.816,502.668,,,74,282,32,81,21,,,,,,,,false,
7425,starexec,SYN353+1.p,e1a,equational,REFUTED,0,452.333,934.135,,,74,282,32,81,21,,,,,,,,false,
7425,starexec,SYN353+1.p,e1a,first-negative,TIMEOUT,0,1003.082,164023.339,,,10989,6247138,9940,6207740,,,,,,,,,false,
7425,starexec,SYN353+1.p,e1a,occurrence,REFUTED,0,917.431,831.221,,,70,236,37,60,19,,,,,,,,false,
7425,starexec,SYN353+1.p,e1a,subsumption-light,REFUTED,0,452.694,953.754,,,62,177,26,34,21,,,,,,,,false,
7425,starexec,SYN353+1.p,e1a,unary-redundancy,REFUTED,0,929.051,975.315,,,67,177,32,30,19,,,,,,,,false,
7425,starexec,SYN353+1.p,e1a,weight-greedy,REFUTED,0,416.890,807.002,,,66,211,30,57,21,,,,,,,,false,
7425,starexec,SYN986+1.004.p,e1a,age-fair,EXHAUSTED,2,443.565,1012.343,,,0,0,0,0,,,,,,,,,false,StackOverflowError:  at Core$Trail$Applier.apply:975
7425,starexec,SYN986+1.004.p,e1a,balanced,EXHAUSTED,2,127.927,624.625,,,0,0,0,0,,,,,,,,,false,StackOverflowError:  at Core$Trail$Applier.apply:975
7425,starexec,SYN986+1.004.p,e1a,equational,EXHAUSTED,2,289.106,1100.961,,,0,0,0,0,,,,,,,,,false,StackOverflowError:  at Core$Trail$Applier.apply:975
7425,starexec,SYN986+1.004.p,e1a,first-negative,EXHAUSTED,2,454.022,890.915,,,0,0,0,0,,,,,,,,,false,StackOverflowError:  at Core$Trail$Applier.apply:975
7425,starexec,SYN986+1.004.p,e1a,occurrence,EXHAUSTED,2,434.225,1037.723,,,0,0,0,0,,,,,,,,,false,StackOverflowError:  at Core$Trail$Applier.apply:975
7425,starexec,SYN986+1.004.p,e1a,subsumption-light,EXHAUSTED,2,296.249,1368.949,,,0,0,0,0,,,,,,,,,false,StackOverflowError:  at Core$Trail$Applier.apply:975
7425,starexec,SYN986+1.004.p,e1a,unary-redundancy,EXHAUSTED,2,476.785,1344.364,,,0,0,0,0,,,,,,,,,false,StackOverflowError:  at Core$Trail$Applier.apply:975
7425,starexec,SYN986+1.004.p,e1a,weight-greedy,HARD_TIMEOUT,2,0.000,,,,,,,,,,,,,,,,false,
7425,starexec,SYO525+1.018.p,e1a,age-fair,TIMEOUT,29,1536.349,163428.195,,,35567,35572,35562,30,,,,,,,,,false,
7425,starexec,SYO525+1.018.p,e1a,balanced,TIMEOUT,29,437.629,164579.985,,,43925,43935,43925,30,,,,,,,,,false,
7425,starexec,SYO525+1.018.p,e1a,equational,TIMEOUT,29,879.195,163279.446,,,35755,35765,35755,30,,,,,,,,,false,
7425,starexec,SYO525+1.018.p,e1a,first-negative,TIMEOUT,29,1673.917,162990.412,,,29215,29225,29215,30,,,,,,,,,false,
7425,starexec,SYO525+1.018.p,e1a,occurrence,TIMEOUT,29,1497.989,163391.888,,,29673,29683,29673,30,,,,,,,,,false,
7425,starexec,SYO525+1.018.p,e1a,subsumption-light,TIMEOUT,29,840.818,163605.439,,,35835,35845,35835,30,,,,,,,,,false,
7425,starexec,SYO525+1.018.p,e1a,unary-redundancy,TIMEOUT,29,1505.664,163218.361,,,35951,35961,35951,30,,,,,,,,,false,
7425,starexec,SYO525+1.018.p,e1a,weight-greedy,TIMEOUT,29,801.835,163687.559,,,35839,35849,35839,30,,,,,,,,,false,
7425,starexec,SYO525+1.021.p,e1a,age-fair,TIMEOUT,29,1522.756,163380.599,,,30050,30051,30044,30,,,,,,,,,false,
7425,starexec,SYO525+1.021.p,e1a,balanced,TIMEOUT,29,429.161,164569.925,,,45152,45159,45152,30,,,,,,,,,false,
7425,starexec,SYO525+1.021.p,e1a,equational,TIMEOUT,29,816.942,163343.475,,,36262,36269,36262,30,,,,,,,,,false,
7425,starexec,SYO525+1.021.p,e1a,first-negative,TIMEOUT,29,1612.836,163082.193,,,35058,35065,35058,30,,,,,,,,,false,
7425,starexec,SYO525+1.021.p,e1a,occurrence,TIMEOUT,29,1491.963,163375.710,,,30073,30080,30073,30,,,,,,,,,false,
7425,starexec,SYO525+1.021.p,e1a,subsumption-light,TIMEOUT,29,915.701,163356.701,,,36219,36226,36219,30,,,,,,,,,false,
7425,starexec,SYO525+1.021.p,e1a,unary-redundancy,TIMEOUT,29,1440.913,163386.477,,,36331,36338,36331,30,,,,,,,,,false,
7425,starexec,SYO525+1.021.p,e1a,weight-greedy,TIMEOUT,29,815.220,163340.316,,,30280,30287,30280,30,,,,,,,,,false,
7425,starexec,SYO525+1.024.p,e1a,age-fair,TIMEOUT,29,1032.169,163431.337,,,37262,37266,37262,30,,,,,,,,,false,
7425,starexec,SYO525+1.024.p,e1a,balanced,TIMEOUT,29,371.570,164665.015,,,53597,53601,53597,30,,,,,,,,,false,
7425,starexec,SYO525+1.024.p,e1a,equational,TIMEOUT,29,642.980,163315.111,,,43533,43537,43533,30,,,,,,,,,false,
7425,starexec,SYO525+1.024.p,e1a,first-negative,TIMEOUT,29,1084.177,163049.488,,,41086,41090,41086,30,,,,,,,,,false,
7425,starexec,SYO525+1.024.p,e1a,occurrence,TIMEOUT,29,1234.259,163460.396,,,43267,43271,43267,30,,,,,,,,,false,
7425,starexec,SYO525+1.024.p,e1a,subsumption-light,TIMEOUT,29,487.145,163523.881,,,43361,43365,43361,30,,,,,,,,,false,
7425,starexec,SYO525+1.024.p,e1a,unary-redundancy,TIMEOUT,29,1009.185,163299.755,,,43560,43564,43560,30,,,,,,,,,false,
7425,starexec,SYO525+1.024.p,e1a,weight-greedy,TIMEOUT,29,724.445,163465.963,,,36549,36553,36549,30,,,,,,,,,false,
7425,starexec,SYO525+1.027.p,e1a,age-fair,TIMEOUT,29,1566.985,163753.666,,,35626,35627,35626,30,,,,,,,,,false,
7425,starexec,SYO525+1.027.p,e1a,balanced,TIMEOUT,29,271.952,165087.010,,,50554,50555,50554,30,,,,,,,,,false,
7425,starexec,SYO525+1.027.p,e1a,equational,TIMEOUT,29,533.421,164496.287,,,41022,41023,41022,30,,,,,,,,,false,
7425,starexec,SYO525+1.027.p,e1a,first-negative,TIMEOUT,29,1662.986,163140.106,,,36242,36243,36242,30,,,,,,,,,false,
7425,starexec,SYO525+1.027.p,e1a,occurrence,TIMEOUT,29,945.154,164529.816,,,41098,41099,41098,30,,,,,,,,,false,
7425,starexec,SYO525+1.027.p,e1a,subsumption-light,TIMEOUT,29,523.516,164374.613,,,40387,40388,40387,30,,,,,,,,,false,
7425,starexec,SYO525+1.027.p,e1a,unary-redundancy,TIMEOUT,29,1532.745,163324.306,,,40584,40585,40584,30,,,,,,,,,false,
7425,starexec,SYO525+1.027.p,e1a,weight-greedy,TIMEOUT,29,840.500,163421.924,,,36043,36044,36043,30,,,,,,,,,false,
7425,starexec,SYO525+1.030.p,e1a,age-fair,TIMEOUT,32,1474.738,163271.787,,,38084,38085,38084,33,,,,,,,,,false,
7425,starexec,SYO525+1.030.p,e1a,balanced,TIMEOUT,32,502.171,164700.206,,,48993,48994,48993,33,,,,,,,,,false,
7425,starexec,SYO525+1.030.p,e1a,equational,TIMEOUT,32,994.807,163423.265,,,38333,38334,38333,33,,,,,,,,,false,
7425,starexec,SYO525+1.030.p,e1a,first-negative,TIMEOUT,32,1458.377,162690.661,,,36442,36443,36442,33,,,,,,,,,false,
7425,starexec,SYO525+1.030.p,e1a,occurrence,TIMEOUT,32,1541.338,163342.074,,,38199,38200,38199,33,,,,,,,,,false,
7425,starexec,SYO525+1.030.p,e1a,subsumption-light,TIMEOUT,32,954.339,163419.779,,,43475,43476,43475,33,,,,,,,,,false,
7425,starexec,SYO525+1.030.p,e1a,unary-redundancy,TIMEOUT,32,1601.950,163287.509,,,38472,38473,38472,33,,,,,,,,,false,
7425,starexec,SYO525+1.030.p,e1a,weight-greedy,TIMEOUT,32,874.920,163355.614,,,35489,35490,35489,33,,,,,,,,,false,
7425,starexec,SYO605+1.p,e1a,age-fair,REFUTED,4,863.228,64464.794,,,12250,737117,7180,609900,48,,,,,,,,false,
7425,starexec,SYO605+1.p,e1a,balanced,REFUTED,4,265.712,3352.365,,,2460,22910,1451,13662,48,,,,,,,,false,
7425,starexec,SYO605+1.p,e1a,equational,TIMEOUT,4,480.743,164063.524,,,8595,2579710,6967,2545300,,,,,,,,,false,
7425,starexec,SYO605+1.p,e1a,first-negative,TIMEOUT,4,952.878,164962.392,,,15915,6652303,12919,6580357,,,,,,,,,false,
7425,starexec,SYO605+1.p,e1a,occurrence,TIMEOUT,4,839.867,164224.596,,,25239,2608057,18332,2428385,,,,,,,,,false,
7425,starexec,SYO605+1.p,e1a,subsumption-light,REFUTED,4,477.576,7403.226,,,1778,12623,1060,7545,48,,,,,,,,false,
7425,starexec,SYO605+1.p,e1a,unary-redundancy,TIMEOUT,4,884.468,164176.998,,,3451,292678,2928,281052,,,,,,,,,false,
7425,starexec,SYO605+1.p,e1a,weight-greedy,TIMEOUT,4,487.185,164125.008,,,31163,558763,22383,441940,,,,,,,,,false,
7425,starexec,TOP020+1.p,e1a,age-fair,TIMEOUT,8,708.398,164173.143,,,40490,257680,40062,215341,,,,,,,,,false,
7425,starexec,TOP020+1.p,e1a,balanced,TIMEOUT,8,133.726,165355.530,,,47191,451562,46156,389913,,,,,,,,,false,
7425,starexec,TOP020+1.p,e1a,equational,TIMEOUT,8,280.541,164842.144,,,37033,376487,36106,326574,,,,,,,,,false,
7425,starexec,TOP020+1.p,e1a,first-negative,TIMEOUT,8,776.245,163780.538,,,16071,6291826,16067,6263318,,,,,,,,,false,
7425,starexec,TOP020+1.p,e1a,occurrence,TIMEOUT,8,430.585,164750.851,,,26140,165370,25785,130637,,,,,,,,,false,
7425,starexec,TOP020+1.p,e1a,subsumption-light,TIMEOUT,8,279.746,164833.000,,,24140,261767,23223,227317,,,,,,,,,false,
7425,starexec,TOP020+1.p,e1a,unary-redundancy,TIMEOUT,8,467.221,164832.299,,,24387,266876,23458,232359,,,,,,,,,false,
7425,starexec,TOP020+1.p,e1a,weight-greedy,TIMEOUT,8,384.037,164175.066,,,9386,5739017,8987,5697102,,,,,,,,,false,
7425,starexec,TOP029+1.p,e1a,age-fair,TIMEOUT,108,1231.369,164336.849,,,40677,849240,38783,750067,,,,,,,,,false,
7425,starexec,TOP029+1.p,e1a,balanced,TIMEOUT,108,313.753,165102.996,,,48865,1047729,47453,865142,,,,,,,,,false,
7425,starexec,TOP029+1.p,e1a,equational,TIMEOUT,108,693.191,164327.412,,,33145,704349,31878,593196,,,,,,,,,false,
7425,starexec,TOP029+1.p,e1a,first-negative,TIMEOUT,108,1960.021,162937.731,,,33141,266651,27997,212782,,,,,,,,,false,
7425,starexec,TOP029+1.p,e1a,occurrence,TIMEOUT,108,1783.309,163551.405,,,20547,717785,18826,612942,,,,,,,,,false,
7425,starexec,TOP029+1.p,e1a,subsumption-light,TIMEOUT,108,682.283,164350.223,,,27954,438187,26686,381543,,,,,,,,,false,
7425,starexec,TOP029+1.p,e1a,unary-redundancy,TIMEOUT,108,1843.680,163371.677,,,25928,594547,24519,520606,,,,,,,,,false,
7425,starexec,TOP029+1.p,e1a,weight-greedy,REFUTED,108,1024.702,15086.181,,,7497,57244,6912,37059,306,,,,,,,,false,
7425,starexec,TOP046+3.p,e1a,age-fair,HARD_TIMEOUT,18710,0.000,,,,,,,,,,,,,,,,false,
7425,starexec,TOP046+3.p,e1a,balanced,HARD_TIMEOUT,18710,0.000,,,,,,,,,,,,,,,,false,
7425,starexec,TOP046+3.p,e1a,equational,HARD_TIMEOUT,18710,0.000,,,,,,,,,,,,,,,,false,
7425,starexec,TOP046+3.p,e1a,first-negative,HARD_TIMEOUT,18710,0.000,,,,,,,,,,,,,,,,false,
7425,starexec,TOP046+3.p,e1a,occurrence,HARD_TIMEOUT,18710,0.000,,,,,,,,,,,,,,,,false,
7425,starexec,TOP046+3.p,e1a,subsumption-light,HARD_TIMEOUT,18710,0.000,,,,,,,,,,,,,,,,false,
7425,starexec,TOP046+3.p,e1a,unary-redundancy,HARD_TIMEOUT,18710,0.000,,,,,,,,,,,,,,,,false,
7425,starexec,TOP046+3.p,e1a,weight-greedy,HARD_TIMEOUT,18710,0.000,,,,,,,,,,,,,,,,false,
7425,starexec,AGT007+2.p,e1b,age-fair,REFUTED,922,3728.118,11710.377,123.192,3304.704,4843,190165,3694,182325,728,7,3850,1005532,3136,615,923,false,false,
7425,starexec,AGT007+2.p,e1b,balanced,TIMEOUT,922,874.976,164464.660,,,38186,6729617,37933,6678444,1022,13,,,,,,,false,
7425,starexec,AGT007+2.p,e1b,equational,SATURATED,922,1270.462,1059.477,,,682,1312,680,703,653,4,,,,,,,false,
7425,starexec,AGT007+2.p,e1b,first-negative,SATURATED,922,1176.512,459.640,,,96,109,96,109,109,1,,,,,,,false,
7425,starexec,AGT007+2.p,e1b,occurrence,TIMEOUT,922,2516.096,162818.418,,,30715,1221810,30340,1129780,667,4,,,,,,,false,
7425,starexec,AGT007+2.p,e1b,subsumption-light,SATURATED,922,1265.494,1052.823,,,580,1099,580,622,587,2,,,,,,,false,
7425,starexec,AGT007+2.p,e1b,unary-redundancy,SATURATED,922,1553.964,1048.041,,,566,1073,564,622,585,2,,,,,,,false,
7425,starexec,AGT007+2.p,e1b,weight-greedy,SATURATED,922,1148.980,791.476,,,447,779,446,460,460,2,,,,,,,false,
7425,starexec,AGT022+1.p,e1b,age-fair,TIMEOUT,555,2470.700,162853.404,,,16742,8373603,12898,8271374,362,7,,,,,,,false,
7425,starexec,AGT022+1.p,e1b,balanced,TIMEOUT,555,898.619,164358.154,,,33501,170711,29763,127375,655,13,,,,,,,false,
7425,starexec,AGT022+1.p,e1b,equational,SATURATED,555,1401.927,6060.931,,,916,39671,878,19927,67,0,,,,,,,false,
7425,starexec,AGT022+1.p,e1b,first-negative,SATURATED,555,1247.504,335.473,,,1,1,1,1,1,0,,,,,,,false,
7425,starexec,AGT022+1.p,e1b,occurrence,SATURATED,555,2000.622,6288.032,,,1088,37336,1087,18614,276,0,,,,,,,false,
7425,starexec,AGT022+1.p,e1b,subsumption-light,SATURATED,555,1346.432,4959.437,,,679,24032,645,7894,59,0,,,,,,,false,
7425,starexec,AGT022+1.p,e1b,unary-redundancy,SATURATED,555,1979.930,6693.712,,,1104,34703,1005,19285,276,0,,,,,,,false,
7425,starexec,AGT022+1.p,e1b,weight-greedy,SATURATED,555,1068.939,296.678,,,1,1,1,1,1,0,,,,,,,false,
7425,starexec,ALG040+1.p,e1b,age-fair,REFUTED,4,1263.186,7353.058,164.235,1054.127,2970,16319,2925,12934,12,2,225,42487,623,398,5,false,false,
7425,starexec,ALG040+1.p,e1b,balanced,REFUTED,4,599.271,1611.539,93.310,538.389,928,7216,919,6132,12,2,219,40643,602,388,5,false,false,
7425,starexec,ALG040+1.p,e1b,equational,REFUTED,4,1089.309,3068.836,157.304,1082.737,928,7216,919,6132,12,2,219,40643,602,388,5,false,false,
7425,starexec,ALG040+1.p,e1b,first-negative,REFUTED,4,1441.059,1393.530,153.593,892.552,142,1399,112,1195,12,2,188,33600,561,398,5,false,false,
7425,starexec,ALG040+1.p,e1b,occurrence,REFUTED,4,1198.842,3355.631,176.896,940.557,1048,9266,1031,7960,12,2,237,44672,626,398,5,false,false,
7425,starexec,ALG040+1.p,e1b,subsumption-light,REFUTED,4,1087.597,4317.027,179.029,1056.308,941,8383,930,7274,12,2,219,40643,602,388,5,false,false,
7425,starexec,ALG040+1.p,e1b,unary-redundancy,REFUTED,4,1277.763,4322.960,167.157,974.776,980,8773,970,7615,12,2,225,42487,623,398,5,false,false,
7425,starexec,ALG040+1.p,e1b,weight-greedy,REFUTED,4,1083.465,944.056,155.999,1028.638,50,407,43,331,12,2,182,31985,542,388,5,false,false,
7425,starexec,ALG213+1.p,e1b,age-fair,TIMEOUT,4,922.132,164402.342,,,797,5398768,767,5396253,5,5,,,,,,,false,
7425,starexec,ALG213+1.p,e1b,balanced,TIMEOUT,4,409.939,165043.061,,,1052,8730731,967,8725293,5,5,,,,,,,false,
7425,starexec,ALG213+1.p,e1b,equational,TIMEOUT,4,842.759,164219.769,,,803,5188226,748,5184092,5,5,,,,,,,false,
7425,starexec,ALG213+1.p,e1b,first-negative,TIMEOUT,4,1004.760,163891.753,,,776,4892644,734,4888534,5,5,,,,,,,false,
7425,starexec,ALG213+1.p,e1b,occurrence,TIMEOUT,4,894.185,164160.182,,,875,5370305,812,5358423,5,5,,,,,,,false,
7425,starexec,ALG213+1.p,e1b,subsumption-light,TIMEOUT,4,839.237,164237.969,,,811,5060078,734,5056038,5,5,,,,,,,false,
7425,starexec,ALG213+1.p,e1b,unary-redundancy,TIMEOUT,4,900.629,164128.424,,,808,5388276,775,5384170,5,5,,,,,,,false,
7425,starexec,ALG213+1.p,e1b,weight-greedy,TIMEOUT,4,827.012,164604.134,,,859,4829041,794,4792370,5,5,,,,,,,false,
7425,starexec,BIO006+1.p,e1b,age-fair,PARSE_ERR,,0.000,,,,,,,,,,,,,,,,false,StackOverflowError
7425,starexec,BIO006+1.p,e1b,balanced,PARSE_ERR,,0.000,,,,,,,,,,,,,,,,false,StackOverflowError
7425,starexec,BIO006+1.p,e1b,equational,PARSE_ERR,,0.000,,,,,,,,,,,,,,,,false,StackOverflowError
7425,starexec,BIO006+1.p,e1b,first-negative,PARSE_ERR,,0.000,,,,,,,,,,,,,,,,false,StackOverflowError
7425,starexec,BIO006+1.p,e1b,occurrence,PARSE_ERR,,0.000,,,,,,,,,,,,,,,,false,StackOverflowError
7425,starexec,BIO006+1.p,e1b,subsumption-light,PARSE_ERR,,0.000,,,,,,,,,,,,,,,,false,StackOverflowError
7425,starexec,BIO006+1.p,e1b,unary-redundancy,PARSE_ERR,,0.000,,,,,,,,,,,,,,,,false,StackOverflowError
7425,starexec,BIO006+1.p,e1b,weight-greedy,PARSE_ERR,,0.000,,,,,,,,,,,,,,,,false,StackOverflowError
7425,starexec,COM008+1.p,e1b,age-fair,TIMEOUT,10,1024.361,164641.418,,,9654,3306180,9634,3295501,15,3,,,,,,,false,
7425,starexec,COM008+1.p,e1b,balanced,TIMEOUT,10,482.790,164892.359,,,12815,6996133,12605,6977167,15,3,,,,,,,false,
7425,starexec,COM008+1.p,e1b,equational,TIMEOUT,10,911.354,164057.392,,,8453,3933952,8307,3921329,15,3,,,,,,,false,
7425,starexec,COM008+1.p,e1b,first-negative,TIMEOUT,10,1123.496,163761.154,,,50962,2484344,46777,2410145,15,3,,,,,,,false,
7425,starexec,COM008+1.p,e1b,occurrence,TIMEOUT,10,997.751,164009.718,,,12368,5475336,11337,5434325,15,3,,,,,,,false,
7425,starexec,COM008+1.p,e1b,subsumption-light,TIMEOUT,10,909.843,164074.394,,,3608,588844,3566,583560,15,3,,,,,,,false,
7425,starexec,COM008+1.p,e1b,unary-redundancy,TIMEOUT,10,1041.718,164220.535,,,3599,580927,3559,575667,15,3,,,,,,,false,
7425,starexec,COM008+1.p,e1b,weight-greedy,TIMEOUT,10,916.317,164103.634,,,18367,3334210,12138,3245685,15,3,,,,,,,false,
7425,starexec,COM008+2.p,e1b,age-fair,TIMEOUT,8,924.448,164303.922,,,10174,3636346,10029,3624933,13,3,,,,,,,false,
7425,starexec,COM008+2.p,e1b,balanced,TIMEOUT,8,326.216,165275.729,,,17421,7343526,16220,7310332,13,3,,,,,,,false,
7425,starexec,COM008+2.p,e1b,equational,TIMEOUT,8,600.383,164769.398,,,12845,4334295,11681,4309855,13,3,,,,,,,false,
7425,starexec,COM008+2.p,e1b,first-negative,TIMEOUT,8,704.922,166333.048,,,38772,12721256,34481,12583029,13,3,,,,,,,false,
7425,starexec,COM008+2.p,e1b,occurrence,TIMEOUT,8,626.337,164740.666,,,19462,5519001,17491,5445351,13,3,,,,,,,false,
7425,starexec,COM008+2.p,e1b,subsumption-light,TIMEOUT,8,592.959,164753.191,,,4157,386998,4120,380052,13,3,,,,,,,false,
7425,starexec,COM008+2.p,e1b,unary-redundancy,TIMEOUT,8,922.046,164253.588,,,3987,389571,3512,382759,13,3,,,,,,,false,
7425,starexec,COM008+2.p,e1b,weight-greedy,TIMEOUT,8,561.902,164718.023,,,14009,7422322,12320,7343418,13,3,,,,,,,false,
7425,starexec,COM131+1.p,e1b,age-fair,TIMEOUT,59,3971.772,163649.694,,,4586,5088067,4442,5083020,154,95,,,,,,,false,
7425,starexec,COM131+1.p,e1b,balanced,TIMEOUT,59,1584.147,164963.294,,,18131,8807779,17532,8778447,157,95,,,,,,,false,
7425,starexec,COM131+1.p,e1b,equational,TIMEOUT,59,2226.394,164374.296,,,11564,5575586,11355,5555656,157,95,,,,,,,false,
7425,starexec,COM131+1.p,e1b,first-negative,TIMEOUT,59,2889.362,164198.203,,,18016,8122447,17243,8100885,154,95,,,,,,,false,
7425,starexec,COM131+1.p,e1b,occurrence,TIMEOUT,59,3896.340,163694.143,,,21796,7513403,21160,7485821,154,95,,,,,,,false,
7425,starexec,COM131+1.p,e1b,subsumption-light,TIMEOUT,59,2135.770,164435.229,,,9180,2888258,9148,2873562,157,95,,,,,,,false,
7425,starexec,COM131+1.p,e1b,unary-redundancy,TIMEOUT,59,2749.733,164397.953,,,9280,3089610,8944,3076518,154,95,,,,,,,false,
7425,starexec,COM131+1.p,e1b,weight-greedy,TIMEOUT,59,2103.444,164666.897,,,25905,7766119,22584,7685969,157,95,,,,,,,false,
7425,starexec,COM136+1.p,e1b,age-fair,TIMEOUT,56,2576.015,164423.709,,,4564,5685687,4353,5680233,149,94,,,,,,,false,
7425,starexec,COM136+1.p,e1b,balanced,REFUTED,56,2965.785,923.527,87.041,23401.693,544,2432,452,1719,152,94,2939,13637390,17792,9820,57,false,false,
7425,starexec,COM136+1.p,e1b,equational,REFUTED,56,5635.949,1724.148,149.074,43403.271,578,2434,470,1676,152,94,2925,13637616,17798,9820,57,false,false,
7425,starexec,COM136+1.p,e1b,first-negative,HARD_TIMEOUT,56,0.000,,,,,,,,,,,,,,,,false,
7425,starexec,COM136+1.p,e1b,occurrence,TIMEOUT,56,2643.490,164443.752,,,29402,3603233,25510,3488235,149,94,,,,,,,false,
7425,starexec,COM136+1.p,e1b,subsumption-light,REFUTED,56,8641.726,5908.882,235.829,73208.990,1470,9907,1195,8107,152,94,2927,13602642,17784,9820,57,false,false,
7425,starexec,COM136+1.p,e1b,unary-redundancy,TIMEOUT,56,4107.672,163705.172,,,3650,1776616,3557,1771676,149,94,,,,,,,false,
7425,starexec,COM136+1.p,e1b,weight-greedy,TIMEOUT,56,2211.335,164959.158,,,34995,6046904,34027,5927961,152,94,,,,,,,false,
7425,starexec,COM139+1.p,e1b,age-fair,TIMEOUT,55,2682.831,164444.838,,,2848,3783768,2714,3780431,149,94,,,,,,,false,
7425,starexec,COM139+1.p,e1b,balanced,TIMEOUT,55,1635.684,164952.982,,,6409,8231242,5827,8214250,152,94,,,,,,,false,
7425,starexec,COM139+1.p,e1b,equational,TIMEOUT,55,2975.248,163869.396,,,5815,4587034,4970,4572100,152,94,,,,,,,false,
7425,starexec,COM139+1.p,e1b,first-negative,TIMEOUT,55,2909.460,164264.261,,,8663,3485199,8240,3466194,149,94,,,,,,,false,
7425,starexec,COM139+1.p,e1b,occurrence,TIMEOUT,55,2715.177,164525.051,,,9133,5730329,8261,5687592,149,94,,,,,,,false,
7425,starexec,COM139+1.p,e1b,subsumption-light,TIMEOUT,55,2087.580,164972.552,,,5590,3680945,4686,3668489,152,94,,,,,,,false,
7425,starexec,COM139+1.p,e1b,unary-redundancy,HARD_TIMEOUT,55,0.000,,,,,,,,,,,,,,,,false,
7425,starexec,COM139+1.p,e1b,weight-greedy,HARD_TIMEOUT,55,0.000,,,,,,,,,,,,,,,,false,
7425,starexec,CSR005+2.p,e1b,age-fair,TIMEOUT,55,1880.226,163924.262,,,18781,4288891,14013,4239087,109,14,,,,,,,false,
7425,starexec,CSR005+2.p,e1b,balanced,TIMEOUT,55,795.335,164870.804,,,34525,6171866,32399,6075327,120,18,,,,,,,false,
7425,starexec,CSR005+2.p,e1b,equational,TIMEOUT,55,1586.729,163799.254,,,30251,3804701,27587,3727676,120,18,,,,,,,false,
7425,starexec,CSR005+2.p,e1b,first-negative,REFUTED,55,2102.302,147858.818,143.701,2779.624,24541,6402807,17480,6251062,109,14,1288,578204,4044,1081,56,false,false,
7425,starexec,CSR005+2.p,e1b,occurrence,TIMEOUT,55,1343.146,164549.087,,,45416,4823989,39054,4652927,109,14,,,,,,,false,
7425,starexec,CSR005+2.p,e1b,subsumption-light,TIMEOUT,55,1106.999,164565.074,,,11281,1776471,10237,1738779,120,18,,,,,,,false,
7425,starexec,CSR005+2.p,e1b,unary-redundancy,TIMEOUT,55,1321.876,164520.978,,,14725,1767543,13201,1721093,109,14,,,,,,,false,
7425,starexec,CSR005+2.p,e1b,weight-greedy,HARD_TIMEOUT,55,0.000,,,,,,,,,,,,,,,,false,
7425,starexec,CSR021+1.p,e1b,age-fair,REFUTED,47,2090.443,4413.377,109.499,5488.350,1992,43512,1717,36595,120,17,967,585475,3915,1419,48,false,false,
7425,starexec,CSR021+1.p,e1b,balanced,REFUTED,47,1437.116,2510.581,91.058,6299.749,1183,25392,1156,21337,137,21,1040,664001,4515,1464,48,false,false,
7425,starexec,CSR021+1.p,e1b,equational,REFUTED,47,2482.670,2001.816,153.713,11993.206,536,2150,530,736,137,21,1040,664001,4515,1464,48,false,false,
7425,starexec,CSR021+1.p,e1b,first-negative,REFUTED,47,2281.198,68817.962,152.092,4786.218,27023,4015620,18349,3898787,120,17,1091,694010,3984,1419,48,false,false,
7425,starexec,CSR021+1.p,e1b,occurrence,REFUTED,47,1974.640,3738.555,111.884,5318.833,1374,27401,1343,19274,120,17,967,585475,3915,1419,48,false,false,
7425,starexec,CSR021+1.p,e1b,subsumption-light,TIMEOUT,47,1040.787,164866.670,,,9199,2195594,9044,2159680,137,21,,,,,,,false,
7425,starexec,CSR021+1.p,e1b,unary-redundancy,TIMEOUT,47,2090.539,163922.075,,,8607,2694223,7655,2663612,120,17,,,,,,,false,
7425,starexec,CSR021+1.p,e1b,weight-greedy,REFUTED,47,2811.794,2266.401,165.532,12554.861,752,2655,751,883,137,21,1040,664001,4515,1464,48,false,false,
7425,starexec,CSR022+1.p,e1b,age-fair,REFUTED,47,3198.450,6884.335,159.104,9159.249,1974,43439,1696,36577,120,17,967,585475,3915,1419,48,false,false,
7425,starexec,CSR022+1.p,e1b,balanced,REFUTED,47,1053.328,1706.748,56.401,4482.725,1182,24945,1163,21033,137,21,1037,662932,4511,1464,48,false,false,
7425,starexec,CSR022+1.p,e1b,equational,REFUTED,47,1873.506,2857.363,110.331,8432.072,1173,25133,1151,21134,137,21,1036,661850,4505,1464,48,false,false,
7425,starexec,CSR022+1.p,e1b,first-negative,REFUTED,47,2207.182,38486.398,122.844,4837.948,18280,1835079,11662,1733621,120,17,1039,653751,3958,1419,48,false,false,
7425,starexec,CSR022+1.p,e1b,occurrence,REFUTED,47,2046.967,1354.345,96.458,5607.662,534,3608,520,2231,120,17,966,584438,3909,1419,48,false,false,
7425,starexec,CSR022+1.p,e1b,subsumption-light,REFUTED,47,1767.889,7624.435,94.482,8066.969,1830,64095,1733,58333,137,21,1040,666122,4509,1464,48,false,false,
7425,starexec,CSR022+1.p,e1b,unary-redundancy,TIMEOUT,47,1434.174,164613.257,,,11274,2642218,9379,2592402,120,17,,,,,,,false,
7425,starexec,CSR022+1.p,e1b,weight-greedy,REFUTED,47,1743.159,1352.823,105.829,8442.513,721,2146,720,761,137,21,1037,662932,4511,1464,48,false,false,
7425,starexec,CSR025+5.p,e1b,age-fair,KILLED,,0.000,,,,,,,,,,,,,,,,false,killed before finishing
7425,starexec,CSR025+5.p,e1b,balanced,HARD_TIMEOUT,540249,0.000,,,,,,,,,,,,,,,,false,
7425,starexec,CSR025+5.p,e1b,equational,REFUTED,540249,21931.600,860.953,45.778,1079.913,60,176,60,176,176,0,750,20203,1642,62,540250,false,false,
7425,starexec,CSR025+5.p,e1b,first-negative,REFUTED,540249,24955.904,618.859,34.552,426.126,5,19,5,19,19,0,148,4507,382,59,540250,false,false,
7425,starexec,CSR025+5.p,e1b,subsumption-light,REFUTED,540249,23319.168,785.363,40.857,904.625,43,128,43,121,121,0,563,15049,1387,59,540250,false,false,
7425,starexec,CSR025+5.p,e1b,unary-redundancy,REFUTED,540249,43595.432,19997.121,883.788,14178.929,8663,32680,8638,28990,28990,0,172461,4423548,268172,121,540250,false,false,
7425,starexec,CSR025+5.p,e1b,weight-greedy,REFUTED,540249,21302.798,579.813,46.511,598.213,24,53,24,48,48,0,247,6873,677,59,540250,false,false,
7425,starexec,CSR030+3.p,e1b,age-fair,REFUTED,8005,8151.575,16132.841,227.197,5175.978,8144,24193,8062,14138,3296,0,23250,662265,41334,89,8006,false,false,
7425,starexec,CSR030+3.p,e1b,balanced,REFUTED,8005,2497.431,43008.090,105.155,4435.131,30323,85148,29204,44547,8007,0,44051,1238415,103763,89,8006,false,false,
7425,starexec,CSR030+3.p,e1b,equational,REFUTED,8005,1726.778,445.917,63.468,592.397,81,142,77,70,70,0,407,11559,1071,59,8006,false,false,
7425,starexec,CSR030+3.p,e1b,first-negative,SATURATED,8005,2653.574,474.690,,,10,12,10,10,10,0,,,,,,,false,
7425,starexec,CSR030+3.p,e1b,occurrence,REFUTED,8005,7167.232,40281.877,189.015,4721.357,12773,39716,12665,13863,2280,0,16157,456554,28347,89,8006,false,false,
7425,starexec,CSR030+3.p,e1b,subsumption-light,REFUTED,8005,1717.369,451.486,49.487,518.089,40,66,39,42,42,0,296,8657,858,59,8006,false,false,
7425,starexec,CSR030+3.p,e1b,unary-redundancy,REFUTED,8005,4830.512,2710.206,126.632,1598.684,1298,4006,1292,2108,556,0,3911,114192,7826,82,8006,false,false,
7425,starexec,CSR030+3.p,e1b,weight-greedy,SATURATED,8005,2266.549,572.557,,,27,37,26,22,22,0,,,,,,,false,
7425,starexec,CSR033+3.p,e1b,age-fair,HARD_TIMEOUT,8005,0.000,,,,,,,,,,,,,,,,false,
7425,starexec,CSR033+3.p,e1b,balanced,REFUTED,8005,2379.526,48440.203,101.222,3289.542,34375,182647,33727,134791,8007,0,44079,1339440,103767,89,8006,false,false,
7425,starexec,CSR033+3.p,e1b,equational,REFUTED,8005,1904.992,898.413,84.690,740.672,363,664,316,159,151,0,935,29152,2421,59,8006,false,false,
7425,starexec,CSR033+3.p,e1b,first-negative,SATURATED,8005,1686.000,415.141,,,27,37,26,21,21,0,,,,,,,false,
7425,starexec,CSR033+3.p,e1b,occurrence,REFUTED,8005,4466.910,23423.412,131.770,3012.169,12850,39278,12779,13680,2251,0,15780,473172,27145,89,8006,false,false,
7425,starexec,CSR033+3.p,e1b,subsumption-light,REFUTED,8005,1732.627,661.197,71.168,579.217,157,301,135,76,76,0,453,13734,1009,59,8006,false,false,
7425,starexec,CSR033+3.p,e1b,unary-redundancy,REFUTED,8005,2729.510,1586.938,80.655,1111.268,1183,3416,1158,1546,416,0,3188,102628,6895,82,8006,false,false,
7425,starexec,CSR033+3.p,e1b,weight-greedy,SATURATED,8005,1463.155,432.484,,,71,109,63,40,40,0,,,,,,,false,
7425,starexec,CSR036+5.p,e1b,age-fair,HARD_TIMEOUT,540249,0.000,,,,,,,,,,,,,,,,false,
7425,starexec,CSR036+5.p,e1b,balanced,HARD_TIMEOUT,540249,0.000,,,,,,,,,,,,,,,,false,
7425,starexec,CSR036+5.p,e1b,equational,SATURATED,540249,21445.085,1268.251,,,251,521,250,144,146,0,,,,,,,false,
7425,starexec,CSR036+5.p,e1b,first-negative,SATURATED,540249,14251.012,421.218,,,20,25,20,21,21,0,,,,,,,false,
7425,starexec,CSR036+5.p,e1b,occurrence,HARD_TIMEOUT,540249,0.000,,,,,,,,,,,,,,,,false,
7425,starexec,CSR036+5.p,e1b,subsumption-light,SATURATED,540249,21290.330,820.355,,,130,188,130,62,62,0,,,,,,,false,
7425,starexec,CSR036+5.p,e1b,unary-redundancy,KILLED,,0.000,,,,,,,,,,,,,,,,false,killed before finishing
7425,starexec,CSR036+5.p,e1b,weight-greedy,SATURATED,540249,22294.490,690.019,,,73,103,73,48,48,0,,,,,,,false,
7425,starexec,CSR038+4.p,e1b,age-fair,HARD_TIMEOUT,44216,0.000,,,,,,,,,,,,,,,,false,
7425,starexec,CSR038+4.p,e1b,balanced,HARD_TIMEOUT,44216,0.000,,,,,,,,,,,,,,,,false,
7425,starexec,CSR038+4.p,e1b,equational,REFUTED,44216,3835.986,639.508,68.581,726.795,109,157,103,115,116,0,879,30668,2790,82,44217,false,false,
7425,starexec,CSR038+4.p,e1b,first-negative,SATURATED,44216,3835.919,366.402,,,12,16,12,14,14,0,,,,,,,false,
7425,starexec,CSR038+4.p,e1b,occurrence,REFUTED,44216,9024.950,19976.297,205.381,4097.335,12956,31224,12314,11840,6404,0,38271,1236629,57293,89,44217,false,false,
7425,starexec,CSR038+4.p,e1b,subsumption-light,REFUTED,44216,3778.033,557.736,45.800,626.466,75,118,73,73,73,0,531,19043,1666,82,44217,false,false,
7425,starexec,CSR038+4.p,e1b,unary-redundancy,REFUTED,44216,5347.566,1826.647,71.608,1625.211,1305,2951,1277,1304,850,0,5936,196772,11682,82,44217,false,false,
7425,starexec,CSR038+4.p,e1b,weight-greedy,SATURATED,44216,5210.987,595.773,,,32,44,31,28,28,0,,,,,,,false,
7425,starexec,CSR042+3.p,e1b,age-fair,REFUTED,8005,7973.328,7858.873,223.515,4965.023,4683,13743,4664,8708,3302,0,23024,653602,40459,89,8006,false,false,
7425,starexec,CSR042+3.p,e1b,balanced,REFUTED,8005,3776.383,11281.441,205.740,6067.399,11322,20411,11258,8007,8007,0,44041,1238170,103750,89,8006,false,false,
7425,starexec,CSR042+3.p,e1b,equational,REFUTED,8005,1701.940,445.308,62.107,466.990,47,80,47,69,69,0,330,8817,709,59,8006,false,false,
7425,starexec,CSR042+3.p,e1b,first-negative,SATURATED,8005,1623.844,355.450,,,9,9,9,8,8,0,,,,,,,false,
7425,starexec,CSR042+3.p,e1b,occurrence,REFUTED,8005,4493.802,6029.165,133.621,2586.982,4934,9096,4930,2371,2254,0,15811,445067,27415,89,8006,false,false,
7425,starexec,CSR042+3.p,e1b,subsumption-light,REFUTED,8005,1627.216,397.050,47.426,360.951,21,32,21,27,27,0,190,5503,554,59,8006,false,false,
7425,starexec,CSR042+3.p,e1b,unary-redundancy,REFUTED,8005,2752.748,925.424,74.072,846.678,335,785,334,387,387,0,3032,93448,6830,82,8006,false,false,
7425,starexec,CSR042+3.p,e1b,weight-greedy,SATURATED,8005,2125.378,432.740,,,19,22,19,18,18,0,,,,,,,false,
7425,starexec,CSR044+3.p,e1b,age-fair,HARD_TIMEOUT,8005,0.000,,,,,,,,,,,,,,,,false,
7425,starexec,CSR044+3.p,e1b,balanced,REFUTED,8005,4041.687,75777.737,172.251,6444.553,28869,83415,28433,44500,8007,0,44067,1439544,103800,89,8006,false,false,
7425,starexec,CSR044+3.p,e1b,equational,REFUTED,8005,3010.837,854.466,105.834,1038.132,132,197,125,117,117,0,853,30559,2844,89,8006,false,false,
7425,starexec,CSR044+3.p,e1b,first-negative,SATURATED,8005,2556.740,461.824,,,12,15,12,12,12,0,,,,,,,false,
7425,starexec,CSR044+3.p,e1b,occurrence,REFUTED,8005,6940.668,42279.540,208.326,4513.822,12595,38962,12547,13577,2221,0,15705,502162,27397,89,8006,false,false,
7425,starexec,CSR044+3.p,e1b,subsumption-light,REFUTED,8005,2629.395,664.168,65.020,735.483,34,53,33,32,32,0,235,8891,784,82,8006,false,false,
7425,starexec,CSR044+3.p,e1b,unary-redundancy,REFUTED,8005,4698.954,2285.423,120.815,1635.578,1025,3155,1018,1517,403,0,3151,108198,7015,82,8006,false,false,
7425,starexec,CSR044+3.p,e1b,weight-greedy,SATURATED,8005,2427.129,580.295,,,39,56,36,24,24,0,,,,,,,false,
7425,starexec,CSR045+3.p,e1b,age-fair,HARD_TIMEOUT,8005,0.000,,,,,,,,,,,,,,,,false,
7425,starexec,CSR045+3.p,e1b,balanced,REFUTED,8005,3721.866,4541.293,206.551,6243.863,5306,11024,5302,8006,8006,0,44064,1004693,103756,89,8006,false,false,
7425,starexec,CSR045+3.p,e1b,equational,SATURATED,8005,2213.387,504.637,,,22,30,22,24,24,0,,,,,,,false,
7425,starexec,CSR045+3.p,e1b,first-negative,SATURATED,8005,1666.641,373.447,,,6,9,6,8,8,0,,,,,,,false,
7425,starexec,CSR045+3.p,e1b,occurrence,REFUTED,8005,4441.062,2911.604,104.394,2399.489,2554,4774,2553,2219,2219,0,15706,354761,27370,89,8006,false,false,
7425,starexec,CSR045+3.p,e1b,subsumption-light,SATURATED,8005,1479.589,398.644,,,22,30,22,24,24,0,,,,,,,false,
7425,starexec,CSR045+3.p,e1b,unary-redundancy,SATURATED,8005,2449.047,26236.149,,,13262,45152,12901,13829,388,0,,,,,,,false,
7425,starexec,CSR045+3.p,e1b,weight-greedy,SATURATED,8005,1397.839,219.330,,,11,15,11,12,12,0,,,,,,,false,
7425,starexec,CSR048+3.p,e1b,age-fair,REFUTED,8005,5256.682,7606.396,160.505,3569.466,6599,18012,6484,9928,3303,0,23030,653749,40466,89,8006,false,false,
7425,starexec,CSR048+3.p,e1b,balanced,REFUTED,8005,3703.154,61946.876,162.063,5912.531,29094,83500,28899,44435,8007,0,44043,1238212,103749,89,8006,false,false,
7425,starexec,CSR048+3.p,e1b,equational,REFUTED,8005,2679.181,686.074,78.061,711.077,70,158,70,73,73,0,344,9179,726,59,8006,false,false,
7425,starexec,CSR048+3.p,e1b,first-negative,REFUTED,8005,1769.641,383.802,36.555,151.471,17,21,17,16,16,0,116,2909,192,48,8006,false,false,
7425,starexec,CSR048+3.p,e1b,occurrence,REFUTED,8005,4438.400,24521.269,139.181,2516.390,12746,39262,12699,13666,2255,0,15817,445214,27419,89,8006,false,false,
7425,starexec,CSR048+3.p,e1b,subsumption-light,REFUTED,8005,1674.807,411.372,56.785,418.711,40,79,39,46,46,0,249,6742,580,59,8006,false,false,
7425,starexec,CSR048+3.p,e1b,unary-redundancy,REFUTED,8005,4310.967,2173.133,99.456,1506.392,1033,3095,1029,1480,407,0,3114,94974,6859,82,8006,false,false,
7425,starexec,CSR048+3.p,e1b,weight-greedy,REFUTED,8005,2495.989,550.863,75.322,534.200,30,52,29,31,31,0,181,4833,422,59,8006,false,false,
7425,starexec,CSR050+5.p,e1b,age-fair,KILLED,,0.000,,,,,,,,,,,,,,,,false,killed before finishing
7425,starexec,CSR050+5.p,e1b,balanced,HARD_TIMEOUT,540249,0.000,,,,,,,,,,,,,,,,false,
7425,starexec,CSR050+5.p,e1b,equational,KILLED,,0.000,,,,,,,,,,,,,,,,false,killed before finishing
7425,starexec,CSR050+5.p,e1b,first-negative,SATURATED,540249,16444.438,431.051,,,36,40,36,40,40,0,,,,,,,false,
7425,starexec,CSR050+5.p,e1b,subsumption-light,KILLED,,0.000,,,,,,,,,,,,,,,,false,killed before finishing
7425,starexec,CSR050+5.p,e1b,unary-redundancy,KILLED,,0.000,,,,,,,,,,,,,,,,false,killed before finishing
7425,starexec,CSR050+5.p,e1b,weight-greedy,KILLED,,0.000,,,,,,,,,,,,,,,,false,killed before finishing
7425,starexec,CSR052+3.p,e1b,age-fair,HARD_TIMEOUT,8005,0.000,,,,,,,,,,,,,,,,false,
7425,starexec,CSR052+3.p,e1b,balanced,TIMEOUT,8005,2867.045,163233.457,,,47670,255816,44244,181820,8007,0,,,,,,,false,
7425,starexec,CSR052+3.p,e1b,equational,SATURATED,8005,1605.317,631.229,,,218,269,218,92,92,0,,,,,,,false,
7425,starexec,CSR052+3.p,e1b,first-negative,SATURATED,8005,1657.544,403.463,,,19,24,19,18,18,0,,,,,,,false,
7425,starexec,CSR052+3.p,e1b,occurrence,TIMEOUT,8005,3937.748,161822.674,,,34718,210106,32164,126497,2300,0,,,,,,,false,
7425,starexec,CSR052+3.p,e1b,subsumption-light,SATURATED,8005,1532.580,484.981,,,92,121,92,49,49,0,,,,,,,false,
7425,starexec,CSR052+3.p,e1b,unary-redundancy,REFUTED,8005,1829.408,534.965,53.778,444.969,122,243,122,95,67,0,502,15712,811,59,8006,false,false,
7425,starexec,CSR052+3.p,e1b,weight-greedy,SATURATED,8005,2258.788,540.499,,,48,63,48,33,33,0,,,,,,,false,
7425,starexec,CSR054+3.p,e1b,age-fair,REFUTED,8005,8498.083,4929.183,226.713,5849.878,3072,8440,3051,4879,3229,0,22728,732375,40291,89,8006,false,false,
7425,starexec,CSR054+3.p,e1b,balanced,REFUTED,8005,4044.900,4538.641,214.574,6412.751,5183,10962,5179,8007,8007,0,44037,1438507,103741,89,8006,false,false,
7425,starexec,CSR054+3.p,e1b,equational,REFUTED,8005,2017.846,541.301,69.751,871.674,76,229,76,227,227,0,1393,46277,3911,82,8006,false,false,
7425,starexec,CSR054+3.p,e1b,first-negative,SATURATED,8005,1662.125,349.949,,,9,10,9,9,9,0,,,,,,,false,
7425,starexec,CSR054+3.p,e1b,occurrence,REFUTED,8005,4465.781,2454.266,103.620,2493.285,2262,4339,2261,2261,2261,0,15974,510122,27764,89,8006,false,false,
7425,starexec,CSR054+3.p,e1b,subsumption-light,REFUTED,8005,1901.821,479.974,59.572,685.999,33,128,33,126,126,0,906,30569,2801,82,8006,false,false,
7425,starexec,CSR054+3.p,e1b,unary-redundancy,REFUTED,8005,2886.546,784.290,72.850,913.658,217,622,217,527,527,0,3683,120059,7233,82,8006,false,false,
7425,starexec,CSR054+3.p,e1b,weight-greedy,SATURATED,8005,2381.488,512.968,,,57,61,57,43,43,0,,,,,,,false,
7425,starexec,CSR056+3.p,e1b,age-fair,HARD_TIMEOUT,8005,0.000,,,,,,,,,,,,,,,,false,
7425,starexec,CSR056+3.p,e1b,balanced,REFUTED,8005,3809.969,78266.410,176.869,6414.904,29056,83608,28551,44412,8007,0,44057,1238544,103754,89,8006,false,false,
7425,starexec,CSR056+3.p,e1b,equational,REFUTED,8005,3092.928,1073.446,98.922,1156.067,240,367,224,164,164,0,1085,30284,2654,59,8006,false,false,
7425,starexec,CSR056+3.p,e1b,first-negative,SATURATED,8005,1629.461,368.901,,,10,12,10,10,10,0,,,,,,,false,
7425,starexec,CSR056+3.p,e1b,occurrence,REFUTED,8005,6786.883,38490.272,207.145,3709.998,12553,38779,12513,13504,2260,0,15976,450106,27715,89,8006,false,false,
7425,starexec,CSR056+3.p,e1b,subsumption-light,SATURATED,8005,2318.736,558.377,,,48,63,47,43,43,0,,,,,,,false,
7425,starexec,CSR056+3.p,e1b,unary-redundancy,TIMEOUT,8005,3962.800,159429.343,,,28892,212152,28378,131669,433,0,,,,,,,false,
7425,starexec,CSR056+3.p,e1b,weight-greedy,SATURATED,8005,2189.993,486.760,,,32,44,31,24,24,0,,,,,,,false,
7425,starexec,CSR058+3.p,e1b,age-fair,HARD_TIMEOUT,8005,0.000,,,,,,,,,,,,,,,,false,
7425,starexec,CSR058+3.p,e1b,balanced,REFUTED,8005,3991.536,1671.298,175.912,6973.789,689,8015,689,8007,8007,0,44037,1438501,103742,89,8006,false,false,
7425,starexec,CSR058+3.p,e1b,equational,SATURATED,8005,2825.371,1361.925,,,385,696,382,154,154,0,,,,,,,false,
7425,starexec,CSR058+3.p,e1b,first-negative,SATURATED,8005,1648.683,389.987,,,8,8,8,7,7,0,,,,,,,false,
7425,starexec,CSR058+3.p,e1b,occurrence,HARD_TIMEOUT,8005,0.000,,,,,,,,,,,,,,,,false,
7425,starexec,CSR058+3.p,e1b,subsumption-light,SATURATED,8005,2508.789,904.368,,,152,230,150,76,76,0,,,,,,,false,
7425,starexec,CSR058+3.p,e1b,unary-redundancy,SATURATED,8005,3834.960,48157.167,,,15988,62414,15714,13571,502,0,,,,,,,false,
7425,starexec,CSR058+3.p,e1b,weight-greedy,SATURATED,8005,2281.647,599.223,,,47,67,47,39,39,0,,,,,,,false,
7425,starexec,CSR066+5.p,e1b,age-fair,KILLED,,0.000,,,,,,,,,,,,,,,,false,killed before finishing
7425,starexec,CSR066+5.p,e1b,equational,REFUTED,540249,23974.297,6777.846,197.948,3206.679,3377,13954,3350,7831,3410,0,11278,481304,12314,82,540250,false,false,
7425,starexec,CSR066+5.p,e1b,first-negative,SATURATED,540249,23643.331,1005.162,,,139,142,139,142,142,0,,,,,,,false,
7425,starexec,CSR066+5.p,e1b,occurrence,KILLED,,0.000,,,,,,,,,,,,,,,,false,killed before finishing
7425,starexec,CSR066+5.p,e1b,subsumption-light,REFUTED,540249,24595.725,4806.926,191.366,2420.119,2427,10560,2423,6028,2535,0,7937,339599,6477,82,540250,false,false,
7425,starexec,CSR066+5.p,e1b,unary-redundancy,KILLED,,0.000,,,,,,,,,,,,,,,,false,killed before finishing
7425,starexec,CSR066+5.p,e1b,weight-greedy,KILLED,,0.000,,,,,,,,,,,,,,,,false,killed before finishing
7425,starexec,CSR067+3.p,e1b,age-fair,REFUTED,8005,8429.995,8092.276,224.642,5745.548,4692,13767,4671,8711,3303,0,23028,653703,40463,89,8006,false,false,
7425,starexec,CSR067+3.p,e1b,balanced,REFUTED,8005,4035.360,13984.526,214.588,6848.039,11314,20399,11250,8007,8007,0,44041,1238170,103750,89,8006,false,false,
7425,starexec,CSR067+3.p,e1b,equational,REFUTED,8005,2724.201,622.386,78.815,772.968,54,85,54,70,70,0,333,8897,714,59,8006,false,false,
7425,starexec,CSR067+3.p,e1b,first-negative,REFUTED,8005,2946.542,508.276,72.342,272.581,11,14,11,10,10,0,90,2419,184,48,8006,false,false,
7425,starexec,CSR067+3.p,e1b,occurrence,REFUTED,8005,7113.205,9929.076,212.486,4830.714,4950,9122,4946,2371,2255,0,15815,445168,27419,89,8006,false,false,
7425,starexec,CSR067+3.p,e1b,subsumption-light,REFUTED,8005,2632.193,583.837,76.672,570.856,19,32,19,27,27,0,190,5503,554,59,8006,false,false,
7425,starexec,CSR067+3.p,e1b,unary-redundancy,REFUTED,8005,4626.998,1378.044,102.314,1428.884,335,785,334,387,387,0,3032,93448,6830,82,8006,false,false,
7425,starexec,CSR067+3.p,e1b,weight-greedy,REFUTED,8005,2594.526,436.693,77.022,524.401,17,25,17,20,20,0,146,4098,407,59,8006,false,false,
7425,starexec,CSR113+13.p,e1b,age-fair,REFUTED,10188,11764.597,19366.987,82.933,57439.696,8171,163814,8115,155281,650,72,4171,9666176,17476,6324,10189,false,false,
7425,starexec,CSR113+13.p,e1b,balanced,TIMEOUT,10188,2828.807,163295.857,,,44078,233847,44040,189718,10593,79,,,,,,,false,
7425,starexec,CSR113+13.p,e1b,equational,TIMEOUT,10188,3758.738,159506.393,,,28752,3374216,28699,3337973,441,36,,,,,,,false,
7425,starexec,CSR113+13.p,e1b,first-negative,SATURATED,10188,2473.546,543.650,,,5,5,5,5,5,0,,,,,,,false,
7425,starexec,CSR113+13.p,e1b,occurrence,REFUTED,10188,11694.131,11767.987,120.531,26209.995,5093,23578,5043,18141,535,53,3175,5806989,13902,5258,10189,false,false,
7425,starexec,CSR113+13.p,e1b,subsumption-light,TIMEOUT,10188,3381.867,159222.019,,,11554,482568,11386,469144,378,23,,,,,,,false,
7425,starexec,CSR113+13.p,e1b,unary-redundancy,HARD_TIMEOUT,10188,0.000,,,,,,,,,,,,,,,,false,
7425,starexec,CSR113+13.p,e1b,weight-greedy,HARD_TIMEOUT,10188,0.000,,,,,,,,,,,,,,,,false,
7425,starexec,CSR113+30.p,e1b,age-fair,REFUTED,10188,11177.515,17815.310,117.621,35245.757,7610,102337,7363,94272,616,72,4129,9446177,17293,6055,10189,false,false,
7425,starexec,CSR113+30.p,e1b,balanced,TIMEOUT,10188,2910.133,163315.097,,,44912,286549,44896,241594,10559,79,,,,,,,false,
7425,starexec,CSR113+30.p,e1b,equational,TIMEOUT,10188,3601.473,159291.068,,,38461,807271,34147,754679,417,39,,,,,,,false,
7425,starexec,CSR113+30.p,e1b,first-negative,SATURATED,10188,2598.003,438.578,,,12,12,12,11,11,4,,,,,,,false,
7425,starexec,CSR113+30.p,e1b,occurrence,REFUTED,10188,11253.373,8869.316,150.043,22322.719,3903,21919,3635,15024,509,57,3246,6219725,14340,5222,10189,false,false,
7425,starexec,CSR113+30.p,e1b,subsumption-light,SATURATED,10188,2673.200,710.339,,,44,44,43,27,27,7,,,,,,,false,
7425,starexec,CSR113+30.p,e1b,unary-redundancy,HARD_TIMEOUT,10188,0.000,,,,,,,,,,,,,,,,false,
7425,starexec,CSR113+30.p,e1b,weight-greedy,TIMEOUT,10188,2461.976,159331.851,,,263,1998,185,805,17,5,,,,,,,false,
7425,starexec,CSR113+4.p,e1b,age-fair,REFUTED,10188,12181.963,17761.413,126.017,60336.645,7776,115930,7527,107667,631,72,4194,9582326,17330,6089,10189,false,false,
7425,starexec,CSR113+4.p,e1b,balanced,TIMEOUT,10188,2764.599,163509.969,,,43026,268484,43011,225420,10564,79,,,,,,,false,
7425,starexec,CSR113+4.p,e1b,equational,TIMEOUT,10188,3147.737,159931.921,,,35936,1736381,33117,1689122,361,24,,,,,,,false,
7425,starexec,CSR113+4.p,e1b,first-negative,SATURATED,10188,1884.787,352.445,,,12,12,12,11,11,4,,,,,,,false,
7425,starexec,CSR113+4.p,e1b,occurrence,REFUTED,10188,10869.009,7587.176,124.217,37809.302,4022,20830,3476,14102,522,57,3299,6313607,14373,5256,10189,false,false,
7425,starexec,CSR113+4.p,e1b,subsumption-light,SATURATED,10188,2673.111,654.648,,,44,44,43,27,27,7,,,,,,,false,
7425,starexec,CSR113+4.p,e1b,unary-redundancy,TIMEOUT,10188,2986.691,160466.608,,,196,4487,196,2571,45,9,,,,,,,false,
7425,starexec,CSR113+4.p,e1b,weight-greedy,TIMEOUT,10188,2417.794,160375.921,,,263,1998,185,805,17,5,,,,,,,false,
7425,starexec,CSR114+8.p,e1b,age-fair,HARD_TIMEOUT,10188,0.000,,,,,,,,,,,,,,,,false,
7425,starexec,CSR114+8.p,e1b,balanced,TIMEOUT,10188,2784.625,163227.035,,,41042,258805,41027,217717,10478,79,,,,,,,false,
7425,starexec,CSR114+8.p,e1b,equational,TIMEOUT,10188,3295.892,160063.939,,,26199,2587913,25373,2554177,276,26,,,,,,,false,
7425,starexec,CSR114+8.p,e1b,first-negative,SATURATED,10188,2274.711,492.033,,,2,2,2,2,2,0,,,,,,,false,
7425,starexec,CSR114+8.p,e1b,occurrence,REFUTED,10188,9876.360,6857.133,130.863,35630.142,3670,17711,2986,11986,428,57,3167,5939971,14016,4568,10189,false,false,
7425,starexec,CSR114+8.p,e1b,subsumption-light,SATURATED,10188,2903.251,1489.657,,,475,494,475,191,191,12,,,,,,,false,
7425,starexec,CSR114+8.p,e1b,unary-redundancy,REFUTED,10188,7743.815,2266.201,127.786,13039.014,890,1425,852,457,277,29,1837,1879363,8134,2760,10189,false,false,
7425,starexec,CSR114+8.p,e1b,weight-greedy,SATURATED,10188,2094.064,438.477,,,2,2,2,2,2,0,,,,,,,false,
7425,starexec,CSR115+8.p,e1b,age-fair,HARD_TIMEOUT,10188,0.000,,,,,,,,,,,,,,,,false,
7425,starexec,CSR115+8.p,e1b,balanced,TIMEOUT,10188,2618.728,163588.749,,,50689,260375,50682,209668,10631,79,,,,,,,false,
7425,starexec,CSR115+8.p,e1b,equational,REFUTED,10188,3131.903,1477.837,94.276,9501.461,1180,1746,1163,530,440,26,1943,1762087,8726,3556,10189,false,false,
7425,starexec,CSR115+8.p,e1b,first-negative,SATURATED,10188,1799.646,445.713,,,19,19,19,15,15,3,,,,,,,false,
7425,starexec,CSR115+8.p,e1b,occurrence,REFUTED,10188,8199.699,2551.197,89.558,24631.468,2289,4597,2281,2164,583,57,3360,6721922,14834,5832,10189,false,false,
7425,starexec,CSR115+8.p,e1b,subsumption-light,REFUTED,10188,2778.182,1718.175,97.060,6279.149,1139,1615,1136,440,365,14,1332,792557,5818,2965,10189,false,false,
7425,starexec,CSR115+8.p,e1b,unary-redundancy,REFUTED,10188,6261.396,1675.833,79.224,9942.959,1080,1388,1077,435,435,29,2044,2301356,8958,4024,10189,false,false,
7425,starexec,CSR115+8.p,e1b,weight-greedy,TIMEOUT,10188,2385.950,159291.107,,,4186,2408494,4186,2397172,24,5,,,,,,,false,
7425,starexec,CSR116+10.p,e1b,age-fair,HARD_TIMEOUT,10188,0.000,,,,,,,,,,,,,,,,false,
7425,starexec,CSR116+10.p,e1b,balanced,TIMEOUT,10188,1842.752,164167.238,,,60284,369530,60272,309235,10739,79,,,,,,,false,
7425,starexec,CSR116+10.p,e1b,equational,REFUTED,10188,4201.295,2028.636,119.217,22470.547,1669,2458,1630,774,607,38,2593,4246316,12461,5629,10189,false,false,
7425,starexec,CSR116+10.p,e1b,first-negative,SATURATED,10188,1834.032,316.151,,,14,14,14,13,13,4,,,,,,,false,
7425,starexec,CSR116+10.p,e1b,occurrence,REFUTED,10188,14935.401,1918.223,137.579,54550.093,1743,2464,1673,773,721,61,3767,8411406,16445,7015,10189,false,false,
7425,starexec,CSR116+10.p,e1b,subsumption-light,REFUTED,10188,4256.529,3661.220,116.061,18808.065,2150,3883,2084,1502,526,29,1987,2613452,9497,4957,10189,false,false,
7425,starexec,CSR116+10.p,e1b,unary-redundancy,REFUTED,10188,10675.566,2022.904,107.338,26564.547,1452,1923,1426,568,562,35,2426,3499208,10950,5364,10189,false,false,
7425,starexec,CSR116+10.p,e1b,weight-greedy,TIMEOUT,10188,1581.523,161611.005,,,286,2371,201,972,19,5,,,,,,,false,
7425,starexec,CSR116+13.p,e1b,age-fair,KILLED,,0.000,,,,,,,,,,,,,,,,false,killed before finishing
7425,starexec,CSR116+13.p,e1b,balanced,REFUTED,10188,21124.911,14550.528,179.081,77088.448,13701,107063,13541,93354,10594,79,53838,134029576,54000,6739,10189,false,false,
7425,starexec,CSR116+13.p,e1b,equational,REFUTED,10188,3980.848,1740.064,104.701,15560.100,1221,1837,1171,605,463,42,2523,4228755,12551,4695,10189,false,false,
7425,starexec,CSR116+13.p,e1b,first-negative,SATURATED,10188,2896.999,565.153,,,14,14,14,13,13,4,,,,,,,false,
7425,starexec,CSR116+13.p,e1b,occurrence,REFUTED,10188,8366.277,2896.420,122.994,28320.219,2255,3522,2116,1230,573,65,3640,8250709,16197,6081,10189,false,false,
7425,starexec,CSR116+13.p,e1b,subsumption-light,REFUTED,10188,3111.863,2313.098,116.873,8885.703,1303,2118,1287,750,366,25,1733,1876067,8593,3495,10189,false,false,
7425,starexec,CSR116+13.p,e1b,unary-redundancy,REFUTED,10188,6290.290,2491.168,93.895,10299.480,1373,2171,1353,755,396,31,2073,2524658,9573,3902,10189,false,false,
7425,starexec,CSR116+13.p,e1b,weight-greedy,TIMEOUT,10188,1612.839,162294.040,,,284,2279,200,929,19,5,,,,,,,false,
7425,starexec,CSR116+19.p,e1b,age-fair,HARD_TIMEOUT,10188,0.000,,,,,,,,,,,,,,,,false,
7425,starexec,CSR116+19.p,e1b,balanced,REFUTED,10188,32967.816,30071.302,214.548,98585.522,17855,144362,16353,126485,10671,79,53915,134412551,54325,7335,10189,false,false,
7425,starexec,CSR116+19.p,e1b,equational,REFUTED,10188,7502.216,3258.458,179.240,30943.295,1672,2336,1615,629,549,46,2666,5202933,13403,5693,10189,false,false,
7425,starexec,CSR116+19.p,e1b,first-negative,SATURATED,10188,3048.329,587.010,,,14,14,14,13,13,4,,,,,,,false,
7425,starexec,CSR116+19.p,e1b,occurrence,REFUTED,10188,14855.199,6213.430,200.342,46535.637,2565,3631,2505,1188,632,59,3524,7558676,15376,6352,10189,false,false,
7425,starexec,CSR116+19.p,e1b,subsumption-light,REFUTED,10188,5625.568,4140.741,188.319,19109.066,1562,3146,1548,1494,441,30,1823,2547077,8681,4559,10189,false,false,
7425,starexec,CSR116+19.p,e1b,unary-redundancy,REFUTED,10188,12879.515,3954.857,161.013,19733.274,1573,2576,1558,947,462,30,2093,2715600,9101,4559,10189,false,false,
7425,starexec,CSR116+19.p,e1b,weight-greedy,TIMEOUT,10188,2615.677,158654.762,,,263,1999,185,805,19,5,,,,,,,false,
7425,starexec,CSR116+3.p,e1b,age-fair,HARD_TIMEOUT,10188,0.000,,,,,,,,,,,,,,,,false,
7425,starexec,CSR116+3.p,e1b,balanced,TIMEOUT,10188,2927.603,163262.374,,,45835,237812,45727,191881,10689,79,,,,,,,false,
7425,starexec,CSR116+3.p,e1b,equational,REFUTED,10188,6413.939,4059.397,175.022,25618.248,1943,2861,1912,858,553,37,2506,4001077,12132,5186,10189,false,false,
7425,starexec,CSR116+3.p,e1b,first-negative,SATURATED,10188,3038.512,463.232,,,17,17,17,17,17,5,,,,,,,false,
7425,starexec,CSR116+3.p,e1b,occurrence,REFUTED,10188,16752.722,3742.273,146.640,40653.944,1979,3211,1952,1072,630,52,3311,6476732,14539,6089,10189,false,false,
7425,starexec,CSR116+3.p,e1b,subsumption-light,REFUTED,10188,5615.495,5450.371,186.054,18780.700,1809,3964,1792,2050,480,28,1966,2487813,9543,4514,10189,false,false,
7425,starexec,CSR116+3.p,e1b,unary-redundancy,REFUTED,10188,12851.205,3145.960,150.150,19568.424,1374,1764,1363,492,492,28,2127,2529398,9409,4514,10189,false,false,
7425,starexec,CSR116+3.p,e1b,weight-greedy,HARD_TIMEOUT,10188,0.000,,,,,,,,,,,,,,,,false,
7425,starexec,CSR116+38.p,e1b,balanced,TIMEOUT,10188,2518.846,163353.227,,,46723,294638,46720,247892,10654,79,,,,,,,false,
7425,starexec,CSR116+38.p,e1b,equational,REFUTED,10188,6443.756,3363.805,170.834,22076.023,1768,2984,1754,1158,525,40,2565,4307554,12499,5136,10189,false,false,
7425,starexec,CSR116+38.p,e1b,first-negative,SATURATED,10188,2997.790,435.137,,,16,16,16,16,16,5,,,,,,,false,
7425,starexec,CSR116+38.p,e1b,occurrence,REFUTED,10188,12732.776,3296.802,149.653,32255.655,1914,3451,1848,1313,595,54,3317,6640877,14393,5982,10189,false,false,
7425,starexec,CSR116+38.p,e1b,subsumption-light,REFUTED,10188,4841.271,3791.577,177.076,14633.223,1533,2786,1527,1162,433,24,1785,1917597,8693,3971,10189,false,false,
7425,starexec,CSR116+38.p,e1b,unary-redundancy,REFUTED,10188,10692.673,2758.589,150.027,14775.565,1278,1700,1268,450,446,24,1971,1980807,8714,3971,10189,false,false,
7425,starexec,CSR116+38.p,e1b,weight-greedy,TIMEOUT,10188,2589.381,159034.353,,,402,419,399,28,28,7,,,,,,,false,
7425,starexec,CSR116+8.p,e1b,age-fair,HARD_TIMEOUT,10188,0.000,,,,,,,,,,,,,,,,false,
7425,starexec,CSR116+8.p,e1b,balanced,TIMEOUT,10188,2784.648,163148.925,,,51472,267770,51457,216280,10748,79,,,,,,,false,
7425,starexec,CSR116+8.p,e1b,equational,REFUTED,10188,6479.604,3122.833,182.989,30645.010,1648,2372,1628,718,623,37,2612,4208254,12514,5653,10189,false,false,
7425,starexec,CSR116+8.p,e1b,first-negative,SATURATED,10188,2969.599,567.054,,,14,14,14,13,13,4,,,,,,,false,
7425,starexec,CSR116+8.p,e1b,occurrence,REFUTED,10188,18784.910,3030.954,159.023,46105.012,1693,2435,1672,804,694,52,3402,6721932,14844,6556,10189,false,false,
7425,starexec,CSR116+8.p,e1b,subsumption-light,REFUTED,10188,4931.364,39850.797,115.781,12212.160,8073,282952,8008,272053,545,28,2057,2628008,9871,4981,10189,false,false,
7425,starexec,CSR116+8.p,e1b,unary-redundancy,REFUTED,10188,16520.766,3311.575,175.888,20531.782,1460,2048,1448,569,554,28,2206,2654736,9722,4981,10189,false,false,
7425,starexec,CSR116+8.p,e1b,weight-greedy,TIMEOUT,10188,2517.277,158760.012,,,263,1999,185,805,19,5,,,,,,,false,
7425,starexec,CSR117+1.p,e1b,age-fair,REFUTED,268,2804.906,4590.200,225.852,3561.659,1027,1364,991,624,270,17,1899,442206,2157,563,269,false,false,
7425,starexec,CSR117+1.p,e1b,balanced,REFUTED,268,1182.693,1614.200,125.964,2115.235,856,1354,843,624,270,17,1632,440427,2138,563,269,false,false,
7425,starexec,CSR117+1.p,e1b,equational,REFUTED,268,2297.368,3112.021,217.673,3985.500,856,1354,843,624,270,17,1632,440427,2138,563,269,false,false,
7425,starexec,CSR117+1.p,e1b,first-negative,REFUTED,268,3130.405,6507.823,231.892,4212.488,1877,2234,1827,807,270,17,1901,442877,2169,563,269,false,false,
7425,starexec,CSR117+1.p,e1b,occurrence,REFUTED,268,2716.064,3897.635,213.472,3516.504,941,1362,924,481,270,17,1899,442206,2157,563,269,false,false,
7425,starexec,CSR117+1.p,e1b,subsumption-light,REFUTED,268,2295.896,4639.763,249.508,4073.275,856,1354,843,624,270,17,1632,440427,2138,563,269,false,false,
7425,starexec,CSR117+1.p,e1b,unary-redundancy,REFUTED,268,2889.549,5605.136,217.496,3483.545,956,1363,924,624,270,17,1899,442206,2157,563,269,false,false,
7425,starexec,CSR117+1.p,e1b,weight-greedy,REFUTED,268,2294.502,2763.176,240.524,3856.789,803,921,796,270,270,17,1632,440427,2138,563,269,false,false,
7425,starexec,CSR208+1.p,e1b,age-fair,HARD_TIMEOUT,7432,0.000,,,,,,,,,,,,,,,,false,
7425,starexec,CSR208+1.p,e1b,balanced,HARD_TIMEOUT,7432,0.000,,,,,,,,,,,,,,,,false,
7425,starexec,CSR208+1.p,e1b,equational,TIMEOUT,7432,4150.190,159663.457,,,38129,1556438,35594,1506440,593,79,,,,,,,false,
7425,starexec,CSR208+1.p,e1b,first-negative,SATURATED,7432,2926.083,536.755,,,24,24,24,24,24,3,,,,,,,false,
7425,starexec,CSR208+1.p,e1b,occurrence,HARD_TIMEOUT,7432,0.000,,,,,,,,,,,,,,,,false,
7425,starexec,CSR208+1.p,e1b,subsumption-light,TIMEOUT,7432,3376.046,159090.242,,,21156,1683504,18828,1653548,227,29,,,,,,,false,
7425,starexec,CSR208+1.p,e1b,unary-redundancy,HARD_TIMEOUT,7432,0.000,,,,,,,,,,,,,,,,false,
7425,starexec,CSR208+1.p,e1b,weight-greedy,TIMEOUT,7432,3146.008,158724.149,,,7545,530459,7315,507728,68,9,,,,,,,false,
7425,starexec,GEO085+1.p,e1b,age-fair,REFUTED,16,2368.213,4158.567,170.332,3438.576,577,24493,570,23835,50,16,703,296681,2743,1169,17,false,false,
7425,starexec,GEO085+1.p,e1b,balanced,REFUTED,16,1064.824,409.850,66.752,2261.804,65,126,61,58,56,17,684,329282,2900,1406,17,false,false,
7425,starexec,GEO085+1.p,e1b,equational,REFUTED,16,1936.479,746.783,129.597,4328.967,64,123,60,58,56,17,684,329282,2900,1406,17,false,false,
7425,starexec,GEO085+1.p,e1b,first-negative,REFUTED,16,2373.357,955.918,162.561,3931.737,103,310,96,183,50,16,701,293725,2740,1169,17,false,false,
7425,starexec,GEO085+1.p,e1b,occurrence,REFUTED,16,2269.474,838.336,127.787,3457.352,69,170,65,63,50,16,717,307258,2754,1169,17,false,false,
7425,starexec,GEO085+1.p,e1b,subsumption-light,REFUTED,16,2070.782,1061.869,154.813,4378.371,65,126,61,58,56,17,694,334258,2902,1406,17,false,false,
7425,starexec,GEO085+1.p,e1b,unary-redundancy,REFUTED,16,2912.402,968.847,138.701,3780.308,63,132,59,60,50,16,695,293626,2741,1169,17,false,false,
7425,starexec,GEO085+1.p,e1b,weight-greedy,REFUTED,16,2170.150,705.409,151.373,4429.113,40,83,38,51,56,17,659,310382,2884,1406,17,false,false,
7425,starexec,GEO087+1.p,e1b,age-fair,REFUTED,16,2359.384,1845.574,82.562,4080.130,266,3248,258,2961,50,18,703,299906,2722,1180,17,false,false,
7425,starexec,GEO087+1.p,e1b,balanced,REFUTED,16,1033.354,499.914,52.900,2413.163,105,245,102,124,56,19,691,336523,2894,1417,17,false,false,
7425,starexec,GEO087+1.p,e1b,equational,REFUTED,16,1964.986,907.959,90.683,4615.748,103,241,101,121,56,19,691,336523,2894,1417,17,false,false,
7425,starexec,GEO087+1.p,e1b,first-negative,REFUTED,16,2472.045,2053.558,92.918,4223.032,464,4037,408,3331,50,18,703,299929,2729,1180,17,false,false,
7425,starexec,GEO087+1.p,e1b,occurrence,REFUTED,16,2228.405,714.416,74.654,3930.481,60,131,53,62,50,18,703,299906,2722,1180,17,false,false,
7425,starexec,GEO087+1.p,e1b,subsumption-light,REFUTED,16,2051.032,1082.697,81.139,4617.238,97,207,93,91,56,19,690,335691,2893,1417,17,false,false,
7425,starexec,GEO087+1.p,e1b,unary-redundancy,REFUTED,16,2414.640,1031.145,88.547,4022.503,84,203,76,109,50,18,702,299145,2721,1180,17,false,false,
7425,starexec,GEO087+1.p,e1b,weight-greedy,REFUTED,16,2116.874,1254.025,109.003,4882.841,188,591,177,244,56,19,691,336523,2894,1417,17,false,false,
7425,starexec,GEO089+1.p,e1b,age-fair,TIMEOUT,16,1774.016,164030.802,,,11538,6562859,11148,6546497,51,18,,,,,,,false,
7425,starexec,GEO089+1.p,e1b,equational,TIMEOUT,16,979.149,164621.205,,,13966,8053736,13546,8015550,57,19,,,,,,,false,
7425,starexec,GEO089+1.p,e1b,first-negative,TIMEOUT,16,1752.163,163697.413,,,29108,6669421,28432,6620518,51,18,,,,,,,false,
7425,starexec,GEO089+1.p,e1b,occurrence,TIMEOUT,16,1121.581,164634.605,,,16163,8850646,14489,8779339,51,18,,,,,,,false,
7425,starexec,GEO089+1.p,e1b,subsumption-light,TIMEOUT,16,942.610,164920.981,,,9451,3798551,8921,3774921,57,19,,,,,,,false,
7425,starexec,GEO089+1.p,e1b,unary-redundancy,TIMEOUT,16,1105.157,164671.887,,,15174,5576314,14803,5543748,51,18,,,,,,,false,
7425,starexec,GEO089+1.p,e1b,weight-greedy,TIMEOUT,16,945.895,164955.953,,,15199,8135865,7555,7372000,57,19,,,,,,,false,
7425,starexec,GEO093+1.p,e1b,age-fair,TIMEOUT,16,1675.785,164036.472,,,11962,6560061,11804,6542048,53,19,,,,,,,false,
7425,starexec,GEO093+1.p,e1b,balanced,REFUTED,16,1163.856,4422.524,103.363,2968.140,1363,97552,1327,95198,59,20,771,465317,3094,1585,17,false,false,
7425,starexec,GEO093+1.p,e1b,equational,REFUTED,16,2202.425,8555.353,152.410,5276.600,1416,98843,1379,96381,59,20,771,465317,3094,1585,17,false,false,
7425,starexec,GEO093+1.p,e1b,first-negative,TIMEOUT,16,1802.164,163664.623,,,29660,6255521,28665,6205203,53,19,,,,,,,false,
7425,starexec,GEO093+1.p,e1b,occurrence,REFUTED,16,2615.450,4959.941,193.608,4509.873,1285,32425,980,29640,53,19,879,503042,2975,1354,17,false,false,
7425,starexec,GEO093+1.p,e1b,subsumption-light,REFUTED,16,2127.442,12207.014,148.218,4839.790,1455,91332,1405,88964,59,20,771,465317,3102,1585,17,false,false,
7425,starexec,GEO093+1.p,e1b,unary-redundancy,REFUTED,16,2487.698,21713.680,189.937,4005.595,2444,226607,2333,222623,53,19,791,437065,2937,1354,17,false,false,
7425,starexec,GEO093+1.p,e1b,weight-greedy,REFUTED,16,2324.281,22788.034,168.167,5779.550,4954,603796,3922,561371,59,20,825,521449,3116,1585,17,false,false,
7425,starexec,GEO095+1.p,e1b,age-fair,TIMEOUT,16,1750.659,164191.958,,,11299,5563260,11004,5546676,51,18,,,,,,,false,
7425,starexec,GEO095+1.p,e1b,balanced,TIMEOUT,16,737.262,166529.130,,,16114,12072955,13533,12008391,57,19,,,,,,,false,
7425,starexec,GEO095+1.p,e1b,equational,TIMEOUT,16,1442.704,164446.136,,,10638,7005591,9292,6969249,57,19,,,,,,,false,
7425,starexec,GEO095+1.p,e1b,first-negative,TIMEOUT,16,1847.643,163915.173,,,29441,5955995,28001,5897229,51,18,,,,,,,false,
7425,starexec,GEO095+1.p,e1b,occurrence,TIMEOUT,16,1700.326,164083.974,,,22165,5926974,20541,5798861,51,18,,,,,,,false,
7425,starexec,GEO095+1.p,e1b,subsumption-light,TIMEOUT,16,1474.621,164199.570,,,6513,2342627,5969,2325201,57,19,,,,,,,false,
7425,starexec,GEO095+1.p,e1b,unary-redundancy,TIMEOUT,16,1802.370,164202.635,,,8894,3442428,8536,3418346,51,18,,,,,,,false,
7425,starexec,GEO095+1.p,e1b,weight-greedy,TIMEOUT,16,1549.075,164021.721,,,19180,3482747,14229,3291375,57,19,,,,,,,false,
7425,starexec,GEO111+1.p,e1b,age-fair,REFUTED,17,2695.518,30170.872,166.299,5010.868,4385,850350,4255,845102,57,21,853,551860,3436,1595,18,false,false,
7425,starexec,GEO111+1.p,e1b,balanced,REFUTED,17,1222.235,5296.658,87.554,3445.199,1274,122284,1234,120014,64,22,827,594367,3583,1819,18,false,false,
7425,starexec,GEO111+1.p,e1b,equational,REFUTED,17,2320.967,11747.042,167.790,6108.283,1426,178511,1383,175867,64,22,827,594367,3583,1819,18,false,false,
7425,starexec,GEO111+1.p,e1b,first-negative,REFUTED,17,2807.462,12892.056,236.816,5942.507,3625,135955,3505,130925,57,21,855,549501,3435,1595,18,false,false,
7425,starexec,GEO111+1.p,e1b,occurrence,REFUTED,17,2538.189,22820.343,167.012,4878.778,4768,548092,4678,531415,57,21,853,551860,3454,1595,18,false,false,
7425,starexec,GEO111+1.p,e1b,subsumption-light,REFUTED,17,2390.346,9790.371,204.477,6993.376,979,45903,929,44275,64,22,827,594367,3583,1819,18,false,false,
7425,starexec,GEO111+1.p,e1b,unary-redundancy,REFUTED,17,2834.572,7506.921,181.208,6004.756,907,30907,881,29545,57,21,853,551860,3444,1595,18,false,false,
7425,starexec,GEO111+1.p,e1b,weight-greedy,REFUTED,17,2601.586,2072.688,189.950,6985.669,427,2121,325,786,64,22,827,594367,3601,1819,18,false,false,
7425,starexec,GEO117+1.p,e1b,age-fair,REFUTED,27,3414.669,2278.392,83.086,9919.539,347,4229,346,3859,98,29,1159,819094,5207,1826,28,false,false,
7425,starexec,GEO117+1.p,e1b,balanced,REFUTED,27,1631.853,1542.791,62.414,6555.791,575,6687,474,5847,113,34,1255,1095974,5908,2245,28,false,false,
7425,starexec,GEO117+1.p,e1b,equational,REFUTED,27,3263.894,2719.189,101.202,12437.707,541,6009,441,5227,113,34,1255,1095974,5909,2245,28,false,false,
7425,starexec,GEO117+1.p,e1b,first-negative,REFUTED,27,4065.384,2035.663,95.709,11655.310,402,3120,401,2631,98,29,1157,816364,5213,1826,28,false,false,
7425,starexec,GEO117+1.p,e1b,occurrence,REFUTED,27,3556.878,1832.601,91.370,9999.916,356,2290,349,1803,98,29,1168,831508,5221,1826,28,false,false,
7425,starexec,GEO117+1.p,e1b,subsumption-light,REFUTED,27,3435.915,4061.587,123.432,13505.815,576,6686,475,5854,113,34,1254,1094314,5907,2245,28,false,false,
7425,starexec,GEO117+1.p,e1b,unary-redundancy,REFUTED,27,3668.109,1881.467,92.255,10182.105,250,1233,250,933,98,29,1159,819094,5207,1826,28,false,false,
7425,starexec,GEO117+1.p,e1b,weight-greedy,TIMEOUT,27,1880.540,163812.190,,,25031,3117931,15982,2891846,113,34,,,,,,,false,
7425,starexec,GEO138+1.p,e1b,age-fair,TIMEOUT,27,2177.000,164804.126,,,13881,5341115,11020,5321773,101,31,,,,,,,false,
7425,starexec,GEO138+1.p,e1b,balanced,HARD_TIMEOUT,27,0.000,,,,,,,,,,,,,,,,false,
7425,starexec,GEO138+1.p,e1b,equational,TIMEOUT,27,1814.238,163979.996,,,13202,6180516,12866,6154004,116,36,,,,,,,false,
7425,starexec,GEO138+1.p,e1b,first-negative,TIMEOUT,27,2348.067,163687.257,,,20207,7017966,19338,6988052,101,31,,,,,,,false,
7425,starexec,GEO138+1.p,e1b,occurrence,TIMEOUT,27,2211.129,163944.969,,,15191,6672840,14323,6610138,101,31,,,,,,,false,
7425,starexec,GEO138+1.p,e1b,subsumption-light,TIMEOUT,27,1944.306,163986.679,,,12023,2544505,11338,2507555,116,36,,,,,,,false,
7425,starexec,GEO138+1.p,e1b,unary-redundancy,HARD_TIMEOUT,27,0.000,,,,,,,,,,,,,,,,false,
7425,starexec,GEO138+1.p,e1b,weight-greedy,TIMEOUT,27,1878.317,163850.202,,,15630,6990421,14856,6739856,116,36,,,,,,,false,
7425,starexec,GEO260+1.p,e1b,age-fair,TIMEOUT,31,1446.030,164852.989,,,9116,5180270,7995,5166097,65,5,,,,,,,false,
7425,starexec,GEO260+1.p,e1b,balanced,REFUTED,31,617.568,17525.483,96.874,1277.658,5401,1886051,4611,1873779,70,7,804,325407,2515,864,32,false,false,
7425,starexec,GEO260+1.p,e1b,first-negative,TIMEOUT,31,1677.843,163539.863,,,35691,4925304,24833,4793410,65,5,,,,,,,false,
7425,starexec,GEO260+1.p,e1b,occurrence,REFUTED,31,1400.763,21863.502,252.695,2398.934,5874,1338995,5231,1315397,65,5,904,309868,2226,765,32,false,false,
7425,starexec,GEO260+1.p,e1b,subsumption-light,TIMEOUT,31,1120.531,164111.380,,,2870,739411,2604,732721,70,7,,,,,,,false,
7425,starexec,GEO260+1.p,e1b,unary-redundancy,TIMEOUT,31,1513.573,163996.099,,,3126,676660,2430,670508,65,5,,,,,,,false,
7425,starexec,GEO260+1.p,e1b,weight-greedy,TIMEOUT,31,1118.757,163834.600,,,3056,7402,2957,2151,70,7,,,,,,,false,
7425,starexec,GEO274+1.p,e1b,age-fair,HARD_TIMEOUT,116,0.000,,,,,,,,,,,,,,,,false,
7425,starexec,GEO274+1.p,e1b,balanced,TIMEOUT,116,2281.966,164410.842,,,25758,884456,25708,853012,265,57,,,,,,,false,
7425,starexec,GEO274+1.p,e1b,equational,HARD_TIMEOUT,116,0.000,,,,,,,,,,,,,,,,false,
7425,starexec,GEO274+1.p,e1b,first-negative,HARD_TIMEOUT,116,0.000,,,,,,,,,,,,,,,,false,
7425,starexec,GEO274+1.p,e1b,occurrence,HARD_TIMEOUT,116,0.000,,,,,,,,,,,,,,,,false,
7425,starexec,GEO274+1.p,e1b,subsumption-light,HARD_TIMEOUT,116,0.000,,,,,,,,,,,,,,,,false,
7425,starexec,GEO274+1.p,e1b,unary-redundancy,HARD_TIMEOUT,116,0.000,,,,,,,,,,,,,,,,false,
7425,starexec,GEO274+1.p,e1b,weight-greedy,HARD_TIMEOUT,116,0.000,,,,,,,,,,,,,,,,false,
7425,starexec,GEO277+1.p,e1b,age-fair,HARD_TIMEOUT,126,0.000,,,,,,,,,,,,,,,,false,
7425,starexec,GEO277+1.p,e1b,balanced,TIMEOUT,126,2575.884,164107.803,,,38692,747837,33120,698258,279,57,,,,,,,false,
7425,starexec,GEO277+1.p,e1b,equational,HARD_TIMEOUT,126,0.000,,,,,,,,,,,,,,,,false,
7425,starexec,GEO277+1.p,e1b,first-negative,HARD_TIMEOUT,126,0.000,,,,,,,,,,,,,,,,false,
7425,starexec,GEO277+1.p,e1b,occurrence,HARD_TIMEOUT,126,0.000,,,,,,,,,,,,,,,,false,
7425,starexec,GEO277+1.p,e1b,subsumption-light,HARD_TIMEOUT,126,0.000,,,,,,,,,,,,,,,,false,
7425,starexec,GEO277+1.p,e1b,unary-redundancy,HARD_TIMEOUT,126,0.000,,,,,,,,,,,,,,,,false,
7425,starexec,GEO277+1.p,e1b,weight-greedy,HARD_TIMEOUT,126,0.000,,,,,,,,,,,,,,,,false,
7425,starexec,GEO282+1.p,e1b,age-fair,REFUTED,123,9528.102,36435.763,200.066,52154.016,9083,305184,8995,295493,282,55,5235,7296745,34872,13068,124,false,false,
7425,starexec,GEO282+1.p,e1b,balanced,REFUTED,123,4629.840,2442.054,137.804,29388.737,1106,2528,1077,1358,284,55,4834,7157468,36079,13064,124,false,false,
7425,starexec,GEO282+1.p,e1b,equational,REFUTED,123,7140.725,4272.406,256.244,54896.782,1059,2626,1029,1516,284,55,4847,7187768,36082,13064,124,false,false,
7425,starexec,GEO282+1.p,e1b,first-negative,HARD_TIMEOUT,123,0.000,,,,,,,,,,,,,,,,false,
7425,starexec,GEO282+1.p,e1b,occurrence,REFUTED,123,9447.295,25469.911,186.995,52011.815,5349,17913,5274,12131,282,55,5215,7209910,34848,13068,124,false,false,
7425,starexec,GEO282+1.p,e1b,subsumption-light,REFUTED,123,8836.399,13860.499,250.452,54685.529,1236,2917,1221,1603,284,55,4834,7157452,36079,13064,124,false,false,
7425,starexec,GEO282+1.p,e1b,unary-redundancy,REFUTED,123,10135.290,13425.346,228.742,54610.431,1155,2605,1140,1389,282,55,5215,7209910,34854,13068,124,false,false,
7425,starexec,GEO282+1.p,e1b,weight-greedy,REFUTED,123,8148.807,2206.502,248.720,57051.824,461,818,415,284,284,55,4900,7444231,36124,13064,124,false,false,
7425,starexec,GEO285+1.p,e1b,age-fair,REFUTED,132,8977.647,19795.224,211.723,57244.710,5476,169893,5392,164060,296,56,5326,7487220,34896,13068,133,false,false,
7425,starexec,GEO285+1.p,e1b,balanced,REFUTED,132,4160.961,3384.647,138.199,30293.195,1876,8354,1740,6314,298,56,4839,7395831,36348,13064,133,false,false,
7425,starexec,GEO285+1.p,e1b,equational,REFUTED,132,8510.871,6886.983,248.792,56553.847,1975,9352,1834,7184,298,56,4864,7461601,36353,13064,133,false,false,
7425,starexec,GEO285+1.p,e1b,first-negative,HARD_TIMEOUT,132,0.000,,,,,,,,,,,,,,,,false,
7425,starexec,GEO285+1.p,e1b,occurrence,HARD_TIMEOUT,132,0.000,,,,,,,,,,,,,,,,false,
7425,starexec,GEO285+1.p,e1b,subsumption-light,REFUTED,132,8131.214,18258.748,254.065,56978.442,1876,7754,1805,5604,298,56,4839,7395831,36348,13064,133,false,false,
7425,starexec,GEO285+1.p,e1b,unary-redundancy,REFUTED,132,9994.966,17679.450,247.102,59407.942,1850,7724,1739,5678,296,56,5355,7587669,34907,13068,133,false,false,
7425,starexec,GEO285+1.p,e1b,weight-greedy,REFUTED,132,9188.553,4149.011,264.041,63161.625,782,5865,739,3274,298,56,4911,7667549,36388,13064,133,false,false,
7425,starexec,GEO298+1.p,e1b,age-fair,HARD_TIMEOUT,157,0.000,,,,,,,,,,,,,,,,false,
7425,starexec,GEO298+1.p,e1b,balanced,TIMEOUT,157,1879.501,164021.606,,,30332,1870874,29890,1830038,321,63,,,,,,,false,
7425,starexec,GEO298+1.p,e1b,equational,TIMEOUT,157,3017.934,162539.815,,,24333,479252,24155,447036,321,63,,,,,,,false,
7425,starexec,GEO298+1.p,e1b,first-negative,HARD_TIMEOUT,157,0.000,,,,,,,,,,,,,,,,false,
7425,starexec,GEO298+1.p,e1b,occurrence,TIMEOUT,157,4019.303,163774.786,,,20493,258668,20375,227169,319,63,,,,,,,false,
7425,starexec,GEO298+1.p,e1b,subsumption-light,TIMEOUT,157,3191.936,163241.173,,,13980,338861,13848,320212,321,63,,,,,,,false,
7425,starexec,GEO298+1.p,e1b,unary-redundancy,HARD_TIMEOUT,157,0.000,,,,,,,,,,,,,,,,false,
7425,starexec,GEO298+1.p,e1b,weight-greedy,TIMEOUT,157,2907.497,163769.815,,,14893,5736276,10692,5500510,321,63,,,,,,,false,
7425,starexec,GEO306+1.p,e1b,age-fair,HARD_TIMEOUT,126,0.000,,,,,,,,,,,,,,,,false,
7425,starexec,GEO306+1.p,e1b,balanced,TIMEOUT,126,2386.800,164194.596,,,26274,779008,25946,744259,289,60,,,,,,,false,
7425,starexec,GEO306+1.p,e1b,equational,HARD_TIMEOUT,126,0.000,,,,,,,,,,,,,,,,false,
7425,starexec,GEO306+1.p,e1b,first-negative,HARD_TIMEOUT,126,0.000,,,,,,,,,,,,,,,,false,
7425,starexec,GEO306+1.p,e1b,occurrence,HARD_TIMEOUT,126,0.000,,,,,,,,,,,,,,,,false,
7425,starexec,GEO306+1.p,e1b,subsumption-light,HARD_TIMEOUT,126,0.000,,,,,,,,,,,,,,,,false,
7425,starexec,GEO306+1.p,e1b,unary-redundancy,HARD_TIMEOUT,126,0.000,,,,,,,,,,,,,,,,false,
7425,starexec,GEO306+1.p,e1b,weight-greedy,HARD_TIMEOUT,126,0.000,,,,,,,,,,,,,,,,false,
7425,starexec,GEO307+1.p,e1b,age-fair,HARD_TIMEOUT,145,0.000,,,,,,,,,,,,,,,,false,
7425,starexec,GEO307+1.p,e1b,balanced,TIMEOUT,145,2655.102,164066.940,,,25382,839660,25287,805325,308,60,,,,,,,false,
7425,starexec,GEO307+1.p,e1b,equational,HARD_TIMEOUT,145,0.000,,,,,,,,,,,,,,,,false,
7425,starexec,GEO307+1.p,e1b,first-negative,HARD_TIMEOUT,145,0.000,,,,,,,,,,,,,,,,false,
7425,starexec,GEO307+1.p,e1b,occurrence,HARD_TIMEOUT,145,0.000,,,,,,,,,,,,,,,,false,
7425,starexec,GEO307+1.p,e1b,subsumption-light,HARD_TIMEOUT,145,0.000,,,,,,,,,,,,,,,,false,
7425,starexec,GEO307+1.p,e1b,unary-redundancy,HARD_TIMEOUT,145,0.000,,,,,,,,,,,,,,,,false,
7425,starexec,GEO307+1.p,e1b,weight-greedy,HARD_TIMEOUT,145,0.000,,,,,,,,,,,,,,,,false,
7425,starexec,GEO308+1.p,e1b,age-fair,HARD_TIMEOUT,146,0.000,,,,,,,,,,,,,,,,false,
7425,starexec,GEO308+1.p,e1b,balanced,TIMEOUT,146,1995.317,164106.123,,,32869,897355,32460,855344,309,60,,,,,,,false,
7425,starexec,GEO308+1.p,e1b,equational,TIMEOUT,146,3298.560,162353.465,,,26573,579554,26209,545544,309,60,,,,,,,false,
7425,starexec,GEO308+1.p,e1b,first-negative,HARD_TIMEOUT,146,0.000,,,,,,,,,,,,,,,,false,
7425,starexec,GEO308+1.p,e1b,occurrence,HARD_TIMEOUT,146,0.000,,,,,,,,,,,,,,,,false,
7425,starexec,GEO308+1.p,e1b,subsumption-light,HARD_TIMEOUT,146,0.000,,,,,,,,,,,,,,,,false,
7425,starexec,GEO308+1.p,e1b,unary-redundancy,HARD_TIMEOUT,146,0.000,,,,,,,,,,,,,,,,false,
7425,starexec,GEO308+1.p,e1b,weight-greedy,TIMEOUT,146,3310.069,162529.372,,,13719,8101502,11416,7909595,309,60,,,,,,,false,
7425,starexec,GEO310+1.p,e1b,age-fair,HARD_TIMEOUT,148,0.000,,,,,,,,,,,,,,,,false,
7425,starexec,GEO310+1.p,e1b,balanced,TIMEOUT,148,2567.554,164132.772,,,25719,1127146,25370,1090363,311,60,,,,,,,false,
7425,starexec,GEO310+1.p,e1b,equational,HARD_TIMEOUT,148,0.000,,,,,,,,,,,,,,,,false,
7425,starexec,GEO310+1.p,e1b,first-negative,HARD_TIMEOUT,148,0.000,,,,,,,,,,,,,,,,false,
7425,starexec,GEO310+1.p,e1b,occurrence,HARD_TIMEOUT,148,0.000,,,,,,,,,,,,,,,,false,
7425,starexec,GEO310+1.p,e1b,subsumption-light,HARD_TIMEOUT,148,0.000,,,,,,,,,,,,,,,,false,
7425,starexec,GEO310+1.p,e1b,unary-redundancy,HARD_TIMEOUT,148,0.000,,,,,,,,,,,,,,,,false,
7425,starexec,GEO310+1.p,e1b,weight-greedy,HARD_TIMEOUT,148,0.000,,,,,,,,,,,,,,,,false,
7425,starexec,GEO321+1.p,e1b,age-fair,HARD_TIMEOUT,177,0.000,,,,,,,,,,,,,,,,false,
7425,starexec,GEO321+1.p,e1b,balanced,TIMEOUT,177,1725.471,163981.894,,,27444,840521,26923,804597,340,60,,,,,,,false,
7425,starexec,GEO321+1.p,e1b,equational,TIMEOUT,177,3007.282,162287.104,,,21547,407222,21189,379196,340,60,,,,,,,false,
7425,starexec,GEO321+1.p,e1b,first-negative,HARD_TIMEOUT,177,0.000,,,,,,,,,,,,,,,,false,
7425,starexec,GEO321+1.p,e1b,occurrence,HARD_TIMEOUT,177,0.000,,,,,,,,,,,,,,,,false,
7425,starexec,GEO321+1.p,e1b,subsumption-light,TIMEOUT,177,2759.871,163285.386,,,14843,391508,14381,372394,340,60,,,,,,,false,
7425,starexec,GEO321+1.p,e1b,unary-redundancy,HARD_TIMEOUT,177,0.000,,,,,,,,,,,,,,,,false,
7425,starexec,GEO321+1.p,e1b,weight-greedy,TIMEOUT,177,2672.723,162493.592,,,10812,4714492,8998,4561820,340,60,,,,,,,false,
7425,starexec,GEO323+1.p,e1b,age-fair,TIMEOUT,179,2128.570,164764.156,,,39381,2498907,38532,2454257,340,60,,,,,,,false,
7425,starexec,GEO323+1.p,e1b,balanced,TIMEOUT,179,1600.817,164781.616,,,31237,1442621,31117,1400471,342,60,,,,,,,false,
7425,starexec,GEO323+1.p,e1b,equational,TIMEOUT,179,1501.200,164772.891,,,31469,1116749,31317,1073120,342,60,,,,,,,false,
7425,starexec,GEO323+1.p,e1b,first-negative,TIMEOUT,179,3432.314,164044.297,,,19764,12998648,19738,12978811,340,60,,,,,,,false,
7425,starexec,GEO323+1.p,e1b,occurrence,TIMEOUT,179,3466.809,164286.622,,,22246,85346,21578,62494,340,60,,,,,,,false,
7425,starexec,GEO323+1.p,e1b,subsumption-light,TIMEOUT,179,1613.171,165376.454,,,26027,927539,25962,891578,342,60,,,,,,,false,
7425,starexec,GEO323+1.p,e1b,unary-redundancy,TIMEOUT,179,2099.906,165231.276,,,27551,825095,27433,785626,340,60,,,,,,,false,
7425,starexec,GEO323+1.p,e1b,weight-greedy,TIMEOUT,179,1640.905,164810.774,,,16574,13151852,14918,12902919,342,60,,,,,,,false,
7425,starexec,GEO328+1.p,e1b,age-fair,HARD_TIMEOUT,185,0.000,,,,,,,,,,,,,,,,false,
7425,starexec,GEO328+1.p,e1b,balanced,TIMEOUT,185,2296.710,164065.868,,,43456,659052,42724,603287,348,60,,,,,,,false,
7425,starexec,GEO328+1.p,e1b,equational,HARD_TIMEOUT,185,0.000,,,,,,,,,,,,,,,,false,
7425,starexec,GEO328+1.p,e1b,first-negative,HARD_TIMEOUT,185,0.000,,,,,,,,,,,,,,,,false,
7425,starexec,GEO328+1.p,e1b,occurrence,HARD_TIMEOUT,185,0.000,,,,,,,,,,,,,,,,false,
7425,starexec,GEO328+1.p,e1b,subsumption-light,HARD_TIMEOUT,185,0.000,,,,,,,,,,,,,,,,false,
7425,starexec,GEO328+1.p,e1b,unary-redundancy,HARD_TIMEOUT,185,0.000,,,,,,,,,,,,,,,,false,
7425,starexec,GEO328+1.p,e1b,weight-greedy,HARD_TIMEOUT,185,0.000,,,,,,,,,,,,,,,,false,
7425,starexec,GEO330+1.p,e1b,age-fair,HARD_TIMEOUT,187,0.000,,,,,,,,,,,,,,,,false,
7425,starexec,GEO330+1.p,e1b,balanced,TIMEOUT,187,2252.665,164205.043,,,28081,587935,27420,550538,350,60,,,,,,,false,
7425,starexec,GEO330+1.p,e1b,equational,HARD_TIMEOUT,187,0.000,,,,,,,,,,,,,,,,false,
7425,starexec,GEO330+1.p,e1b,first-negative,HARD_TIMEOUT,187,0.000,,,,,,,,,,,,,,,,false,
7425,starexec,GEO330+1.p,e1b,occurrence,HARD_TIMEOUT,187,0.000,,,,,,,,,,,,,,,,false,
7425,starexec,GEO330+1.p,e1b,subsumption-light,HARD_TIMEOUT,187,0.000,,,,,,,,,,,,,,,,false,
7425,starexec,GEO330+1.p,e1b,unary-redundancy,HARD_TIMEOUT,187,0.000,,,,,,,,,,,,,,,,false,
7425,starexec,GEO330+1.p,e1b,weight-greedy,HARD_TIMEOUT,187,0.000,,,,,,,,,,,,,,,,false,
7425,starexec,GEO331+1.p,e1b,age-fair,REFUTED,125,8505.187,82611.889,153.751,42809.952,21103,642868,20685,619809,277,60,5777,7997500,39076,13068,126,false,false,
7425,starexec,GEO331+1.p,e1b,balanced,REFUTED,125,3978.006,2677.325,133.353,30971.346,1023,3609,987,2556,279,60,5297,7952486,40539,13064,126,false,false,
7425,starexec,GEO331+1.p,e1b,equational,REFUTED,125,8559.615,4441.358,248.609,52678.630,872,3244,835,2358,279,60,5297,7952486,40539,13064,126,false,false,
7425,starexec,GEO331+1.p,e1b,first-negative,HARD_TIMEOUT,125,0.000,,,,,,,,,,,,,,,,false,
7425,starexec,GEO331+1.p,e1b,occurrence,REFUTED,125,9787.889,27842.397,216.064,48082.587,5252,28400,5226,23029,277,60,5777,7997505,39076,13068,126,false,false,
7425,starexec,GEO331+1.p,e1b,subsumption-light,REFUTED,125,8834.632,13922.777,270.908,48656.795,1098,3929,1062,2801,279,60,5297,7952486,40539,13064,126,false,false,
7425,starexec,GEO331+1.p,e1b,unary-redundancy,REFUTED,125,9888.619,12257.282,241.022,48798.077,1019,3380,984,2335,277,60,5777,7997505,39076,13068,126,false,false,
7425,starexec,GEO331+1.p,e1b,weight-greedy,REFUTED,125,8623.161,21302.795,256.215,42144.060,4139,159253,3516,143973,279,60,5297,7952486,40539,13064,126,false,false,
7425,starexec,GEO337+1.p,e1b,age-fair,TIMEOUT,129,3675.411,162807.084,,,29143,1245954,28201,1214006,281,60,,,,,,,false,
7425,starexec,GEO337+1.p,e1b,balanced,TIMEOUT,129,1635.468,164212.107,,,28247,540373,27786,501728,283,60,,,,,,,false,
7425,starexec,GEO337+1.p,e1b,equational,TIMEOUT,129,2859.080,162843.018,,,22259,493093,21870,463840,283,60,,,,,,,false,
7425,starexec,GEO337+1.p,e1b,first-negative,HARD_TIMEOUT,129,0.000,,,,,,,,,,,,,,,,false,
7425,starexec,GEO337+1.p,e1b,occurrence,TIMEOUT,129,3664.495,162568.915,,,18027,99877,17738,79902,281,60,,,,,,,false,
7425,starexec,GEO337+1.p,e1b,subsumption-light,TIMEOUT,129,2966.515,163957.325,,,14779,363032,14535,342752,283,60,,,,,,,false,
7425,starexec,GEO337+1.p,e1b,unary-redundancy,HARD_TIMEOUT,129,0.000,,,,,,,,,,,,,,,,false,
7425,starexec,GEO337+1.p,e1b,weight-greedy,TIMEOUT,129,2991.893,162690.559,,,10525,5184903,8367,5026702,283,60,,,,,,,false,
7425,starexec,GEO343+1.p,e1b,age-fair,HARD_TIMEOUT,124,0.000,,,,,,,,,,,,,,,,false,
7425,starexec,GEO343+1.p,e1b,balanced,TIMEOUT,124,2375.618,164181.352,,,27531,538796,27409,504578,292,61,,,,,,,false,
7425,starexec,GEO343+1.p,e1b,equational,HARD_TIMEOUT,124,0.000,,,,,,,,,,,,,,,,false,
7425,starexec,GEO343+1.p,e1b,first-negative,HARD_TIMEOUT,124,0.000,,,,,,,,,,,,,,,,false,
7425,starexec,GEO343+1.p,e1b,occurrence,HARD_TIMEOUT,124,0.000,,,,,,,,,,,,,,,,false,
7425,starexec,GEO343+1.p,e1b,subsumption-light,HARD_TIMEOUT,124,0.000,,,,,,,,,,,,,,,,false,
7425,starexec,GEO343+1.p,e1b,unary-redundancy,HARD_TIMEOUT,124,0.000,,,,,,,,,,,,,,,,false,
7425,starexec,GEO343+1.p,e1b,weight-greedy,HARD_TIMEOUT,124,0.000,,,,,,,,,,,,,,,,false,
7425,starexec,GEO349+1.p,e1b,age-fair,HARD_TIMEOUT,130,0.000,,,,,,,,,,,,,,,,false,
7425,starexec,GEO349+1.p,e1b,balanced,TIMEOUT,130,2301.525,164156.151,,,26402,427791,25732,392651,302,66,,,,,,,false,
7425,starexec,GEO349+1.p,e1b,equational,HARD_TIMEOUT,130,0.000,,,,,,,,,,,,,,,,false,
7425,starexec,GEO349+1.p,e1b,first-negative,HARD_TIMEOUT,130,0.000,,,,,,,,,,,,,,,,false,
7425,starexec,GEO349+1.p,e1b,occurrence,HARD_TIMEOUT,130,0.000,,,,,,,,,,,,,,,,false,
7425,starexec,GEO349+1.p,e1b,subsumption-light,HARD_TIMEOUT,130,0.000,,,,,,,,,,,,,,,,false,
7425,starexec,GEO349+1.p,e1b,unary-redundancy,HARD_TIMEOUT,130,0.000,,,,,,,,,,,,,,,,false,
7425,starexec,GEO351+1.p,e1b,age-fair,HARD_TIMEOUT,136,0.000,,,,,,,,,,,,,,,,false,
7425,starexec,GEO351+1.p,e1b,balanced,TIMEOUT,136,2508.421,164212.395,,,26596,583979,25946,548961,311,69,,,,,,,false,
7425,starexec,GEO351+1.p,e1b,equational,HARD_TIMEOUT,136,0.000,,,,,,,,,,,,,,,,false,
7425,starexec,GEO351+1.p,e1b,first-negative,HARD_TIMEOUT,136,0.000,,,,,,,,,,,,,,,,false,
7425,starexec,GEO351+1.p,e1b,occurrence,HARD_TIMEOUT,136,0.000,,,,,,,,,,,,,,,,false,
7425,starexec,GEO351+1.p,e1b,subsumption-light,HARD_TIMEOUT,136,0.000,,,,,,,,,,,,,,,,false,
7425,starexec,GEO351+1.p,e1b,unary-redundancy,HARD_TIMEOUT,136,0.000,,,,,,,,,,,,,,,,false,
7425,starexec,GEO351+1.p,e1b,weight-greedy,HARD_TIMEOUT,136,0.000,,,,,,,,,,,,,,,,false,
7425,starexec,GEO480+1.p,e1b,age-fair,HARD_TIMEOUT,3634,0.000,,,,,,,,,,,,,,,,false,
7425,starexec,GEO480+1.p,e1b,balanced,HARD_TIMEOUT,3634,0.000,,,,,,,,,,,,,,,,false,
7425,starexec,GEO480+1.p,e1b,equational,KILLED,,0.000,,,,,,,,,,,,,,,,false,killed before finishing
7425,starexec,GEO480+1.p,e1b,occurrence,HARD_TIMEOUT,3634,0.000,,,,,,,,,,,,,,,,false,
7425,starexec,GEO480+1.p,e1b,unary-redundancy,HARD_TIMEOUT,3634,0.000,,,,,,,,,,,,,,,,false,
7425,starexec,GEO480+1.p,e1b,weight-greedy,HARD_TIMEOUT,3634,0.000,,,,,,,,,,,,,,,,false,
7425,starexec,GEO491+1.p,e1b,age-fair,TIMEOUT,44,2227.776,163627.530,,,7180,3938947,7013,3929050,75,6,,,,,,,false,
7425,starexec,GEO491+1.p,e1b,balanced,TIMEOUT,44,758.081,164654.321,,,20270,6064848,19312,6024304,75,6,,,,,,,false,
7425,starexec,GEO491+1.p,e1b,equational,HARD_TIMEOUT,44,0.000,,,,,,,,,,,,,,,,false,
7425,starexec,GEO491+1.p,e1b,first-negative,TIMEOUT,44,2318.355,163252.190,,,20063,6664277,13706,6591992,75,6,,,,,,,false,
7425,starexec,GEO491+1.p,e1b,occurrence,TIMEOUT,44,1464.452,164245.983,,,23905,4404654,21579,4305442,75,6,,,,,,,false,
7425,starexec,GEO491+1.p,e1b,subsumption-light,TIMEOUT,44,1506.529,163479.581,,,6794,792447,6409,778769,75,6,,,,,,,false,
7425,starexec,GEO491+1.p,e1b,unary-redundancy,TIMEOUT,44,1436.368,164360.975,,,6924,902094,6519,887488,75,6,,,,,,,false,
7425,starexec,GEO491+1.p,e1b,weight-greedy,TIMEOUT,44,983.024,164183.371,,,20030,5867327,18746,5601207,75,6,,,,,,,false,
7425,starexec,GEO494+1.p,e1b,age-fair,TIMEOUT,66,2596.282,163201.927,,,7037,3724513,6516,3714948,101,6,,,,,,,false,
7425,starexec,GEO494+1.p,e1b,balanced,REFUTED,66,1151.974,58832.716,125.325,2144.496,10342,2779074,9691,2758188,101,6,1011,264698,7237,675,67,false,false,
7425,starexec,GEO494+1.p,e1b,equational,TIMEOUT,66,1606.342,163263.678,,,12202,4449103,11493,4424687,101,6,,,,,,,false,
7425,starexec,GEO494+1.p,e1b,first-negative,TIMEOUT,66,2687.401,162841.055,,,22696,6174649,19647,6115455,101,6,,,,,,,false,
7425,starexec,GEO494+1.p,e1b,occurrence,REFUTED,66,3225.401,82521.942,184.862,2591.816,11279,2280438,8848,2234880,101,6,1012,245795,7325,675,67,false,false,
7425,starexec,GEO494+1.p,e1b,subsumption-light,TIMEOUT,66,1635.638,163739.540,,,5657,1067263,5132,1055877,101,6,,,,,,,false,
7425,starexec,GEO494+1.p,e1b,unary-redundancy,TIMEOUT,66,2529.054,163473.897,,,5576,1058403,5065,1047095,101,6,,,,,,,false,
7425,starexec,GEO494+1.p,e1b,weight-greedy,TIMEOUT,66,1590.677,163364.417,,,12454,6089142,10857,5918868,101,6,,,,,,,false,
7425,starexec,GEO498+1.p,e1b,age-fair,REFUTED,109,3478.205,3297.998,148.964,2532.289,611,11656,581,10926,162,4,1430,242216,10899,618,110,false,false,
7425,starexec,GEO498+1.p,e1b,balanced,REFUTED,109,1235.647,546.749,98.391,1855.714,75,267,72,182,162,4,1331,237862,10578,618,110,false,false,
7425,starexec,GEO498+1.p,e1b,equational,REFUTED,109,2293.891,1080.474,127.800,3038.431,100,288,97,175,162,4,1331,237862,10578,618,110,false,false,
7425,starexec,GEO498+1.p,e1b,first-negative,REFUTED,109,3692.860,937.025,172.016,2812.473,65,217,61,162,162,4,1430,242216,10899,618,110,false,false,
7425,starexec,GEO498+1.p,e1b,occurrence,REFUTED,109,3386.727,893.251,112.361,2462.693,38,183,35,162,162,4,1430,242216,10899,618,110,false,false,
7425,starexec,GEO498+1.p,e1b,subsumption-light,REFUTED,109,2517.798,1216.674,163.361,3275.414,75,267,72,182,162,4,1331,237862,10578,618,110,false,false,
7425,starexec,GEO498+1.p,e1b,unary-redundancy,REFUTED,109,3257.218,1078.890,132.483,2588.328,66,240,62,170,162,4,1430,242216,10899,618,110,false,false,
7425,starexec,GEO498+1.p,e1b,weight-greedy,REFUTED,109,2350.240,839.846,105.531,3116.135,32,173,30,162,162,4,1322,235796,10567,618,110,false,false,
7425,starexec,GEO501+1.p,e1b,age-fair,TIMEOUT,122,3024.480,163547.339,,,12468,4356731,11499,4340072,179,5,,,,,,,false,
7425,starexec,GEO501+1.p,e1b,balanced,TIMEOUT,122,1034.118,164380.866,,,24869,10345974,23337,10292062,179,5,,,,,,,false,
7425,starexec,GEO501+1.p,e1b,equational,TIMEOUT,122,2024.884,163233.898,,,18477,5942147,18092,5902533,179,5,,,,,,,false,
7425,starexec,GEO501+1.p,e1b,first-negative,TIMEOUT,122,3394.767,162580.250,,,21991,7461535,17225,7405583,179,5,,,,,,,false,
7425,starexec,GEO501+1.p,e1b,occurrence,TIMEOUT,122,3212.359,163047.220,,,24808,5571580,22269,5477683,179,5,,,,,,,false,
7425,starexec,GEO501+1.p,e1b,subsumption-light,TIMEOUT,122,2036.940,163053.581,,,9007,1304678,8764,1287051,179,5,,,,,,,false,
7425,starexec,GEO501+1.p,e1b,unary-redundancy,TIMEOUT,122,3175.549,163096.940,,,8714,1234973,8492,1217921,179,5,,,,,,,false,
7425,starexec,GEO501+1.p,e1b,weight-greedy,TIMEOUT,122,1971.989,162909.483,,,24205,4449913,20867,4287646,179,5,,,,,,,false,
7425,starexec,GEO504+1.p,e1b,age-fair,REFUTED,130,3635.847,43795.860,161.554,3601.369,5877,982569,5769,974180,191,3,1711,221063,13144,791,131,false,false,
7425,starexec,GEO504+1.p,e1b,balanced,REFUTED,130,1316.744,2057.769,118.929,2090.352,716,12977,677,11709,191,3,1625,217857,12823,791,131,false,false,
7425,starexec,GEO504+1.p,e1b,equational,REFUTED,130,2527.875,8183.734,242.533,3976.192,1559,66248,1494,63182,191,3,1627,218108,12826,791,131,false,false,
7425,starexec,GEO504+1.p,e1b,first-negative,REFUTED,130,4023.879,3398.419,169.030,2958.584,642,9932,609,8727,191,3,1698,218997,13117,791,131,false,false,
7425,starexec,GEO504+1.p,e1b,occurrence,REFUTED,130,3715.975,5360.141,204.240,2957.935,1072,27919,1027,24212,191,3,1757,226501,13231,791,131,false,false,
7425,starexec,GEO504+1.p,e1b,subsumption-light,REFUTED,130,2607.788,5817.421,220.937,3924.558,709,12725,672,11457,191,3,1627,218108,12826,791,131,false,false,
7425,starexec,GEO504+1.p,e1b,unary-redundancy,REFUTED,130,3713.995,5940.364,223.406,2812.357,708,12673,670,11449,191,3,1744,225406,13224,791,131,false,false,
7425,starexec,GEO504+1.p,e1b,weight-greedy,REFUTED,130,2466.889,138883.927,167.035,3352.110,12802,4692297,12282,4493999,191,3,1597,214769,12738,791,131,false,false,
7425,starexec,GEO513+1.p,e1b,age-fair,TIMEOUT,172,3646.144,162951.082,,,14668,3978635,14478,3959736,265,5,,,,,,,false,
7425,starexec,GEO513+1.p,e1b,balanced,TIMEOUT,172,1184.595,164237.037,,,26071,7706244,23234,7652400,265,5,,,,,,,false,
7425,starexec,GEO513+1.p,e1b,equational,TIMEOUT,172,2260.011,162964.215,,,18561,4319975,17830,4282707,265,5,,,,,,,false,
7425,starexec,GEO513+1.p,e1b,first-negative,TIMEOUT,172,3870.151,162557.512,,,18224,6987031,16170,6948005,265,5,,,,,,,false,
7425,starexec,GEO513+1.p,e1b,occurrence,TIMEOUT,172,3423.094,162992.250,,,24222,3947461,22177,3848374,265,5,,,,,,,false,
7425,starexec,GEO513+1.p,e1b,subsumption-light,TIMEOUT,172,2253.377,163237.250,,,8767,962176,8553,945072,265,5,,,,,,,false,
7425,starexec,GEO513+1.p,e1b,unary-redundancy,TIMEOUT,172,3438.191,163179.828,,,8958,921016,8705,903322,265,5,,,,,,,false,
7425,starexec,GEO513+1.p,e1b,weight-greedy,TIMEOUT,172,2341.567,163346.808,,,25841,3300464,21711,3150794,265,5,,,,,,,false,
7425,starexec,GEO514+1.p,e1b,age-fair,TIMEOUT,173,3576.772,162821.403,,,13785,3888612,13450,3870329,264,4,,,,,,,false,
7425,starexec,GEO514+1.p,e1b,balanced,TIMEOUT,173,1245.136,164283.609,,,25583,9704092,24098,9647198,264,4,,,,,,,false,
7425,starexec,GEO514+1.p,e1b,equational,TIMEOUT,173,2336.674,162759.902,,,18066,4627192,17539,4589222,264,4,,,,,,,false,
7425,starexec,GEO514+1.p,e1b,first-negative,TIMEOUT,173,4099.346,162313.215,,,17208,6951798,14663,6911684,264,4,,,,,,,false,
7425,starexec,GEO514+1.p,e1b,occurrence,TIMEOUT,173,3600.781,162870.559,,,17349,4021580,13793,3948173,264,4,,,,,,,false,
7425,starexec,GEO514+1.p,e1b,subsumption-light,TIMEOUT,173,2440.752,162928.020,,,7971,952233,7505,935101,264,4,,,,,,,false,
7425,starexec,GEO514+1.p,e1b,unary-redundancy,TIMEOUT,173,3682.073,163111.233,,,7373,779336,7111,765354,264,4,,,,,,,false,
7425,starexec,GEO514+1.p,e1b,weight-greedy,TIMEOUT,173,2141.528,162466.481,,,25166,2945217,24121,2737777,264,4,,,,,,,false,
7425,starexec,GEO517+1.p,e1b,age-fair,TIMEOUT,180,3815.590,162752.392,,,16315,3755793,16045,3735213,277,8,,,,,,,false,
7425,starexec,GEO517+1.p,e1b,balanced,TIMEOUT,180,1342.996,164280.716,,,28651,6057856,27767,5997996,277,8,,,,,,,false,
7425,starexec,GEO517+1.p,e1b,equational,TIMEOUT,180,2605.869,162898.442,,,20586,3549875,19758,3507445,277,8,,,,,,,false,
7425,starexec,GEO517+1.p,e1b,first-negative,HARD_TIMEOUT,180,0.000,,,,,,,,,,,,,,,,false,
7425,starexec,GEO517+1.p,e1b,occurrence,TIMEOUT,180,4039.894,162812.193,,,22365,4636960,20534,4527598,277,8,,,,,,,false,
7425,starexec,GEO517+1.p,e1b,subsumption-light,TIMEOUT,180,2439.029,163058.707,,,7534,633704,7304,618552,277,8,,,,,,,false,
7425,starexec,GEO517+1.p,e1b,unary-redundancy,HARD_TIMEOUT,180,0.000,,,,,,,,,,,,,,,,false,
7425,starexec,GEO517+1.p,e1b,weight-greedy,TIMEOUT,180,2582.461,162729.318,,,24909,5268063,21513,5011395,277,8,,,,,,,false,
7425,starexec,GEO520+1.p,e1b,age-fair,TIMEOUT,193,3888.386,162874.468,,,13125,4005667,12981,3988173,287,5,,,,,,,false,
7425,starexec,GEO520+1.p,e1b,balanced,TIMEOUT,193,1311.522,164242.916,,,24445,6832074,23874,6785588,287,5,,,,,,,false,
7425,starexec,GEO520+1.p,e1b,equational,TIMEOUT,193,2416.502,162753.128,,,17514,3739982,16977,3707686,287,5,,,,,,,false,
7425,starexec,GEO520+1.p,e1b,first-negative,HARD_TIMEOUT,193,0.000,,,,,,,,,,,,,,,,false,
7425,starexec,GEO520+1.p,e1b,occurrence,TIMEOUT,193,3939.498,162827.067,,,24773,3221957,22352,3129225,287,5,,,,,,,false,
7425,starexec,GEO520+1.p,e1b,subsumption-light,TIMEOUT,193,2441.151,162940.630,,,8331,862329,8019,846729,287,5,,,,,,,false,
7425,starexec,GEO520+1.p,e1b,unary-redundancy,TIMEOUT,193,3905.570,163106.842,,,8589,793153,8222,777391,287,5,,,,,,,false,
7425,starexec,GEO520+1.p,e1b,weight-greedy,TIMEOUT,193,1611.748,163888.280,,,35914,3363536,33303,3099127,287,5,,,,,,,false,
7425,starexec,GEO523+1.p,e1b,age-fair,TIMEOUT,200,3865.228,162777.464,,,13743,4067685,13490,4050072,294,4,,,,,,,false,
7425,starexec,GEO523+1.p,e1b,balanced,TIMEOUT,200,1297.805,164225.212,,,20633,8345608,19220,8306410,294,4,,,,,,,false,
7425,starexec,GEO523+1.p,e1b,equational,TIMEOUT,200,2465.879,162819.437,,,13907,4517160,13814,4490554,294,4,,,,,,,false,
7425,starexec,GEO523+1.p,e1b,first-negative,HARD_TIMEOUT,200,0.000,,,,,,,,,,,,,,,,false,
7425,starexec,GEO523+1.p,e1b,occurrence,REFUTED,200,4936.454,2404.555,218.622,4652.511,387,2862,369,1877,294,4,2671,502352,23190,983,201,false,false,
7425,starexec,GEO523+1.p,e1b,subsumption-light,TIMEOUT,200,2575.972,162844.781,,,7120,983723,7056,969922,294,4,,,,,,,false,
7425,starexec,GEO523+1.p,e1b,unary-redundancy,HARD_TIMEOUT,200,0.000,,,,,,,,,,,,,,,,false,
7425,starexec,GEO523+1.p,e1b,weight-greedy,REFUTED,200,3422.255,3065.942,241.642,5244.238,500,6210,481,3555,294,4,2489,491287,22087,983,201,false,false,
7425,starexec,GEO526+1.p,e1b,age-fair,TIMEOUT,209,3951.174,162882.892,,,12153,3468911,11949,3453482,307,5,,,,,,,false,
7425,starexec,GEO526+1.p,e1b,balanced,TIMEOUT,209,1377.740,164122.731,,,25442,6310759,24316,6254557,307,5,,,,,,,false,
7425,starexec,GEO526+1.p,e1b,equational,TIMEOUT,209,2588.785,162881.030,,,19405,3610389,18389,3565701,307,5,,,,,,,false,
7425,starexec,GEO526+1.p,e1b,first-negative,HARD_TIMEOUT,209,0.000,,,,,,,,,,,,,,,,false,
7425,starexec,GEO526+1.p,e1b,occurrence,TIMEOUT,209,3897.176,162707.136,,,26195,3619748,23834,3516576,307,5,,,,,,,false,
7425,starexec,GEO526+1.p,e1b,subsumption-light,TIMEOUT,209,2559.768,162840.013,,,9458,1068593,9019,1049359,307,5,,,,,,,false,
7425,starexec,GEO526+1.p,e1b,unary-redundancy,TIMEOUT,209,3895.809,163005.778,,,8636,875669,7970,858021,307,5,,,,,,,false,
7425,starexec,GEO526+1.p,e1b,weight-greedy,TIMEOUT,209,2572.560,163252.867,,,30589,3538015,26276,3318900,307,5,,,,,,,false,
7425,starexec,GEO528+1.p,e1b,age-fair,TIMEOUT,212,4028.663,162785.844,,,12855,3776569,12517,3760013,307,4,,,,,,,false,
7425,starexec,GEO528+1.p,e1b,balanced,REFUTED,212,1958.226,59030.250,161.488,2922.674,12805,2694880,12042,2660253,307,4,2727,599856,23275,983,213,false,false,
7425,starexec,GEO528+1.p,e1b,equational,REFUTED,212,3681.373,109581.232,277.758,6171.075,12487,2638800,11896,2604723,307,4,2707,595738,23270,983,213,false,false,
7425,starexec,GEO528+1.p,e1b,first-negative,HARD_TIMEOUT,212,0.000,,,,,,,,,,,,,,,,false,
7425,starexec,GEO528+1.p,e1b,occurrence,TIMEOUT,212,4041.502,162774.414,,,20823,4452849,18341,4352972,307,4,,,,,,,false,
7425,starexec,GEO528+1.p,e1b,subsumption-light,TIMEOUT,212,2566.453,162815.357,,,6592,840946,6099,826752,307,4,,,,,,,false,
7425,starexec,GEO528+1.p,e1b,unary-redundancy,TIMEOUT,212,4016.443,162948.674,,,6570,810056,6062,796081,307,4,,,,,,,false,
7425,starexec,GEO528+1.p,e1b,weight-greedy,REFUTED,212,3253.019,22663.466,179.523,4970.175,7307,563417,6332,502952,307,4,2599,565306,23097,983,213,false,false,
7425,starexec,GEO535+1.p,e1b,age-fair,HARD_TIMEOUT,227,0.000,,,,,,,,,,,,,,,,false,
7425,starexec,GEO535+1.p,e1b,balanced,TIMEOUT,227,1429.268,164310.531,,,27200,9219285,25720,9163287,335,6,,,,,,,false,
7425,starexec,GEO535+1.p,e1b,equational,TIMEOUT,227,2639.896,162732.314,,,19941,6201670,19180,6157862,335,6,,,,,,,false,
7425,starexec,GEO535+1.p,e1b,first-negative,HARD_TIMEOUT,227,0.000,,,,,,,,,,,,,,,,false,
7425,starexec,GEO535+1.p,e1b,occurrence,TIMEOUT,227,4110.558,162777.731,,,26904,4658703,25056,4557126,335,6,,,,,,,false,
7425,starexec,GEO535+1.p,e1b,subsumption-light,TIMEOUT,227,2652.354,163581.032,,,12658,2075740,11846,2050678,335,6,,,,,,,false,
7425,starexec,GEO535+1.p,e1b,unary-redundancy,HARD_TIMEOUT,227,0.000,,,,,,,,,,,,,,,,false,
7425,starexec,GEO535+1.p,e1b,weight-greedy,TIMEOUT,227,2877.096,162789.745,,,18962,3395683,17830,3274674,335,6,,,,,,,false,
7425,starexec,GRA005+1.p,e1b,age-fair,REFUTED,17,2982.740,1996.102,133.019,5926.304,432,2058,419,1571,70,19,787,505728,3586,1991,18,false,false,
7425,starexec,GRA005+1.p,e1b,balanced,REFUTED,17,1425.438,511.292,79.481,4597.730,94,140,93,78,83,21,844,566297,3819,2303,18,false,false,
7425,starexec,GRA005+1.p,e1b,equational,REFUTED,17,2503.625,884.342,147.013,8460.351,78,130,78,78,83,21,844,566324,3823,2303,18,false,false,
7425,starexec,GRA005+1.p,e1b,first-negative,REFUTED,17,3082.242,2299.844,157.520,6745.941,574,3991,561,3343,70,19,788,506959,3589,1991,18,false,false,
7425,starexec,GRA005+1.p,e1b,occurrence,REFUTED,17,2811.245,1180.931,131.781,6328.637,183,374,172,159,70,19,787,505755,3592,1991,18,false,false,
7425,starexec,GRA005+1.p,e1b,subsumption-light,REFUTED,17,2569.701,1080.991,128.037,8408.895,94,140,93,78,83,21,860,584608,3844,2303,18,false,false,
7425,starexec,GRA005+1.p,e1b,unary-redundancy,REFUTED,17,2893.696,1406.587,154.415,6445.376,186,378,182,173,70,19,787,505755,3592,1991,18,false,false,
7425,starexec,GRA005+1.p,e1b,weight-greedy,REFUTED,17,2817.972,5145.137,158.829,8277.804,520,24715,437,21503,83,21,844,566297,3819,2303,18,false,false,
7425,starexec,GRA008+1.p,e1b,age-fair,TIMEOUT,17,1599.127,163690.258,,,32018,1613886,30937,1575880,70,18,,,,,,,false,
7425,starexec,GRA008+1.p,e1b,balanced,TIMEOUT,17,849.269,164821.767,,,47992,3699825,46301,3610608,83,20,,,,,,,false,
7425,starexec,GRA008+1.p,e1b,equational,TIMEOUT,17,1159.472,163733.624,,,35986,2560501,34379,2494949,83,20,,,,,,,false,
7425,starexec,GRA008+1.p,e1b,first-negative,TIMEOUT,17,1528.476,163331.759,,,16828,9271529,16562,9243917,70,18,,,,,,,false,
7425,starexec,GRA008+1.p,e1b,occurrence,TIMEOUT,17,1674.466,163987.511,,,41404,6215941,36553,6105467,70,18,,,,,,,false,
7425,starexec,GRA008+1.p,e1b,subsumption-light,TIMEOUT,17,1271.949,163770.301,,,18149,1060461,17590,1029868,83,20,,,,,,,false,
7425,starexec,GRA008+1.p,e1b,unary-redundancy,TIMEOUT,17,1441.782,163680.880,,,17429,1245125,16688,1217463,70,18,,,,,,,false,
7425,starexec,GRA008+1.p,e1b,weight-greedy,TIMEOUT,17,1395.996,163762.066,,,8972,6991721,8743,6971146,83,20,,,,,,,false,
7425,starexec,GRP652+2.p,e1b,age-fair,HARD_TIMEOUT,5675,0.000,,,,,,,,,,,,,,,,false,
7425,starexec,GRP652+2.p,e1b,balanced,HARD_TIMEOUT,5675,0.000,,,,,,,,,,,,,,,,false,
7425,starexec,GRP652+2.p,e1b,equational,HARD_TIMEOUT,5675,0.000,,,,,,,,,,,,,,,,false,
7425,starexec,GRP652+2.p,e1b,first-negative,HARD_TIMEOUT,5675,0.000,,,,,,,,,,,,,,,,false,
7425,starexec,GRP652+2.p,e1b,occurrence,HARD_TIMEOUT,5675,0.000,,,,,,,,,,,,,,,,false,
7425,starexec,GRP652+2.p,e1b,subsumption-light,HARD_TIMEOUT,5675,0.000,,,,,,,,,,,,,,,,false,
7425,starexec,GRP652+2.p,e1b,unary-redundancy,HARD_TIMEOUT,5675,0.000,,,,,,,,,,,,,,,,false,
7425,starexec,GRP654+1.p,e1b,age-fair,TIMEOUT,5,887.068,167183.825,,,270,757861,214,756942,6,1,,,,,,,false,
7425,starexec,GRP654+1.p,e1b,balanced,TIMEOUT,5,376.410,167969.547,,,420,1399110,332,1396272,6,1,,,,,,,false,
7425,starexec,GRP654+1.p,e1b,equational,TIMEOUT,5,742.798,167686.588,,,295,743822,251,742038,6,1,,,,,,,false,
7425,starexec,GRP654+1.p,e1b,first-negative,TIMEOUT,5,863.765,165887.297,,,528,797756,472,795834,6,1,,,,,,,false,
7425,starexec,GRP654+1.p,e1b,occurrence,TIMEOUT,5,836.503,167394.433,,,550,902181,410,896744,6,1,,,,,,,false,
7425,starexec,GRP654+1.p,e1b,subsumption-light,TIMEOUT,5,787.493,164474.933,,,295,743822,251,742038,6,1,,,,,,,false,
7425,starexec,GRP654+1.p,e1b,unary-redundancy,TIMEOUT,5,829.304,165243.102,,,337,814602,271,812786,6,1,,,,,,,false,
7425,starexec,GRP654+1.p,e1b,weight-greedy,TIMEOUT,5,771.235,164210.787,,,2337,3121913,1756,3081121,6,1,,,,,,,false,
7425,starexec,GRP655+3.p,e1b,age-fair,TIMEOUT,5,890.697,166910.356,,,643,1284045,395,1282778,6,2,,,,,,,false,
7425,starexec,GRP655+3.p,e1b,balanced,TIMEOUT,5,390.219,165159.539,,,1007,2580461,669,2577195,6,2,,,,,,,false,
7425,starexec,GRP655+3.p,e1b,equational,TIMEOUT,5,787.040,164665.724,,,742,1492874,507,1490584,6,2,,,,,,,false,
7425,starexec,GRP655+3.p,e1b,first-negative,TIMEOUT,5,986.386,165345.286,,,736,1380967,463,1378579,6,2,,,,,,,false,
7425,starexec,GRP655+3.p,e1b,occurrence,TIMEOUT,5,878.715,164756.475,,,1099,1959400,739,1952103,6,2,,,,,,,false,
7425,starexec,GRP655+3.p,e1b,subsumption-light,TIMEOUT,5,790.739,164616.151,,,765,1487140,490,1484670,6,2,,,,,,,false,
7425,starexec,GRP655+3.p,e1b,unary-redundancy,TIMEOUT,5,885.712,164475.645,,,747,1457055,500,1454707,6,2,,,,,,,false,
7425,starexec,GRP655+3.p,e1b,weight-greedy,TIMEOUT,5,784.113,164405.622,,,1837,3428543,1337,3388466,6,2,,,,,,,false,
7425,starexec,GRP748+1.p,e1b,age-fair,TIMEOUT,11,1089.508,164146.861,,,1027,2397903,837,2395470,15,12,,,,,,,false,
7425,starexec,GRP748+1.p,e1b,balanced,TIMEOUT,11,516.500,165090.607,,,1541,4922637,1184,4917539,15,12,,,,,,,false,
7425,starexec,GRP748+1.p,e1b,equational,TIMEOUT,11,950.226,165368.997,,,1204,2649052,963,2644918,15,12,,,,,,,false,
7425,starexec,GRP748+1.p,e1b,first-negative,TIMEOUT,11,788.982,164840.105,,,1294,3208172,1251,3204436,15,12,,,,,,,false,
7425,starexec,GRP748+1.p,e1b,occurrence,TIMEOUT,11,1189.820,164374.099,,,1417,2642222,1226,2632845,15,12,,,,,,,false,
7425,starexec,GRP748+1.p,e1b,subsumption-light,TIMEOUT,11,998.004,164326.103,,,1163,2431325,963,2427287,15,12,,,,,,,false,
7425,starexec,GRP748+1.p,e1b,unary-redundancy,TIMEOUT,11,1121.115,164384.873,,,1181,2432657,948,2428559,15,12,,,,,,,false,
7425,starexec,GRP748+1.p,e1b,weight-greedy,REFUTED,11,1529.652,30532.204,417.431,2935.502,1733,688365,1183,669986,15,12,987,536118,1852,1110,12,false,false,
7425,starexec,HWV051+1.p,e1b,age-fair,HARD_TIMEOUT,724,0.000,,,,,,,,,,,,,,,,false,
7425,starexec,HWV051+1.p,e1b,balanced,TIMEOUT,724,1158.842,164351.723,,,52169,237737,50281,156175,919,5,,,,,,,false,
7425,starexec,HWV051+1.p,e1b,equational,TIMEOUT,724,2450.109,162821.448,,,40695,169562,37123,105866,919,5,,,,,,,false,
7425,starexec,HWV051+1.p,e1b,first-negative,HARD_TIMEOUT,724,0.000,,,,,,,,,,,,,,,,false,
7425,starexec,HWV051+1.p,e1b,occurrence,HARD_TIMEOUT,724,0.000,,,,,,,,,,,,,,,,false,
7425,starexec,HWV051+1.p,e1b,subsumption-light,TIMEOUT,724,2478.314,162868.751,,,25582,101854,24075,67511,919,5,,,,,,,false,
7425,starexec,HWV051+1.p,e1b,unary-redundancy,HARD_TIMEOUT,724,0.000,,,,,,,,,,,,,,,,false,
7425,starexec,HWV051+1.p,e1b,weight-greedy,TIMEOUT,724,2505.093,163009.331,,,13880,28667,11172,8214,919,5,,,,,,,false,
7425,starexec,ITP002+2.p,e1b,age-fair,TIMEOUT,33,1762.184,163521.722,,,15137,1319504,14940,1303662,49,8,,,,,,,false,
7425,starexec,ITP002+2.p,e1b,balanced,TIMEOUT,33,839.378,164737.980,,,19179,827643,19111,808257,58,9,,,,,,,false,
7425,starexec,ITP002+2.p,e1b,equational,TIMEOUT,33,1378.261,163527.214,,,15537,437621,15469,421853,58,9,,,,,,,false,
7425,starexec,ITP002+2.p,e1b,first-negative,TIMEOUT,33,1775.650,164363.345,,,8779,8999555,8689,8990769,49,8,,,,,,,false,
7425,starexec,ITP002+2.p,e1b,occurrence,TIMEOUT,33,1750.347,163532.142,,,13829,77615,13789,63751,49,8,,,,,,,false,
7425,starexec,ITP002+2.p,e1b,subsumption-light,TIMEOUT,33,1292.168,163598.951,,,11973,378552,11804,366178,58,9,,,,,,,false,
7425,starexec,ITP002+2.p,e1b,unary-redundancy,TIMEOUT,33,1860.091,163567.933,,,12404,392775,12235,380041,49,8,,,,,,,false,
7425,starexec,ITP002+2.p,e1b,weight-greedy,TIMEOUT,33,1597.228,163909.036,,,3631,2140603,3095,2103116,58,9,,,,,,,false,
7425,starexec,ITP004+1.p,e1b,age-fair,TIMEOUT,30,1669.089,163713.987,,,985,1565997,929,1563216,56,6,,,,,,,false,
7425,starexec,ITP004+1.p,e1b,balanced,TIMEOUT,30,663.366,164955.025,,,3090,8171627,2961,8154377,56,6,,,,,,,false,
7425,starexec,ITP004+1.p,e1b,equational,TIMEOUT,30,1277.603,163944.680,,,2185,4119700,2091,4107930,56,6,,,,,,,false,
7425,starexec,ITP004+1.p,e1b,first-negative,REFUTED,30,2469.249,57962.473,123.420,2086.080,1156,1028110,1005,1019984,56,6,519,151569,2592,836,31,false,false,
7425,starexec,ITP004+1.p,e1b,occurrence,TIMEOUT,30,1632.408,163783.162,,,2406,4543948,2237,4510376,56,6,,,,,,,false,
7425,starexec,ITP004+1.p,e1b,subsumption-light,TIMEOUT,30,904.912,164496.172,,,1781,2773104,1696,2763368,56,6,,,,,,,false,
7425,starexec,ITP004+1.p,e1b,unary-redundancy,TIMEOUT,30,1159.560,164490.892,,,1797,2752542,1705,2742654,56,6,,,,,,,false,
7425,starexec,ITP004+1.p,e1b,weight-greedy,TIMEOUT,30,871.769,164448.814,,,3309,6961018,2742,6829674,56,6,,,,,,,false,
7425,starexec,ITP004+4.p,e1b,age-fair,HARD_TIMEOUT,3173,0.000,,,,,,,,,,,,,,,,false,
7425,starexec,ITP004+4.p,e1b,balanced,HARD_TIMEOUT,3173,0.000,,,,,,,,,,,,,,,,false,
7425,starexec,ITP004+4.p,e1b,equational,HARD_TIMEOUT,3173,0.000,,,,,,,,,,,,,,,,false,
7425,starexec,ITP004+4.p,e1b,first-negative,HARD_TIMEOUT,3173,0.000,,,,,,,,,,,,,,,,false,
7425,starexec,ITP004+4.p,e1b,occurrence,HARD_TIMEOUT,3173,0.000,,,,,,,,,,,,,,,,false,
7425,starexec,ITP004+4.p,e1b,subsumption-light,HARD_TIMEOUT,3173,0.000,,,,,,,,,,,,,,,,false,
7425,starexec,ITP004+4.p,e1b,weight-greedy,TIMEOUT,3173,4188.423,157636.993,,,23656,5910915,22472,5830775,1018,232,,,,,,,false,
7425,starexec,ITP006+2.p,e1b,age-fair,TIMEOUT,51,2944.508,163610.250,,,20540,2933543,20253,2910281,136,31,,,,,,,false,
7425,starexec,ITP006+2.p,e1b,first-negative,TIMEOUT,51,3130.772,162988.086,,,15365,9836192,15357,9820762,136,31,,,,,,,false,
7425,starexec,ITP006+2.p,e1b,occurrence,REFUTED,51,4937.747,9756.626,183.999,21647.959,2626,59686,1888,54539,136,31,1654,2347103,7073,4330,52,false,false,
7425,starexec,ITP006+2.p,e1b,subsumption-light,TIMEOUT,51,2301.248,163632.423,,,12930,3093383,11448,3072446,243,40,,,,,,,false,
7425,starexec,ITP006+2.p,e1b,unary-redundancy,REFUTED,51,4823.357,30640.266,139.524,21395.236,5352,170527,4330,159338,136,31,1652,2341290,7072,4330,52,false,false,
7425,starexec,ITP006+2.p,e1b,weight-greedy,REFUTED,51,4258.785,3452.206,155.715,41214.176,994,4245,973,2384,243,40,1989,2704222,9221,4001,52,false,false,
7425,starexec,ITP006+4.p,e1b,age-fair,HARD_TIMEOUT,5652,0.000,,,,,,,,,,,,,,,,false,
7425,starexec,ITP006+4.p,e1b,balanced,HARD_TIMEOUT,5652,0.000,,,,,,,,,,,,,,,,false,
7425,starexec,ITP006+4.p,e1b,equational,KILLED,,0.000,,,,,,,,,,,,,,,,false,killed before finishing
7425,starexec,ITP006+4.p,e1b,first-negative,HARD_TIMEOUT,5652,0.000,,,,,,,,,,,,,,,,false,
7425,starexec,ITP006+4.p,e1b,occurrence,HARD_TIMEOUT,5652,0.000,,,,,,,,,,,,,,,,false,
7425,starexec,ITP006+4.p,e1b,subsumption-light,HARD_TIMEOUT,5652,0.000,,,,,,,,,,,,,,,,false,
7425,starexec,ITP006+4.p,e1b,unary-redundancy,HARD_TIMEOUT,5652,0.000,,,,,,,,,,,,,,,,false,
7425,starexec,ITP006+4.p,e1b,weight-greedy,HARD_TIMEOUT,5652,0.000,,,,,,,,,,,,,,,,false,
7425,starexec,ITP009+2.p,e1b,age-fair,TIMEOUT,36,2817.647,163537.312,,,11760,2343921,11478,2330254,66,15,,,,,,,false,
7425,starexec,ITP009+2.p,e1b,balanced,TIMEOUT,36,1275.131,164677.972,,,20664,1713332,20544,1687712,99,18,,,,,,,false,
7425,starexec,ITP009+2.p,e1b,equational,TIMEOUT,36,2420.280,163546.118,,,16132,1251866,16063,1232511,99,18,,,,,,,false,
7425,starexec,ITP009+2.p,e1b,first-negative,TIMEOUT,36,2940.825,163414.996,,,9613,7881497,9551,7871868,66,15,,,,,,,false,
7425,starexec,ITP009+2.p,e1b,occurrence,TIMEOUT,36,2817.565,163521.290,,,20606,140567,20593,116361,66,15,,,,,,,false,
7425,starexec,ITP009+2.p,e1b,subsumption-light,TIMEOUT,36,2473.298,163680.894,,,9983,532315,9943,520517,99,18,,,,,,,false,
7425,starexec,ITP009+2.p,e1b,unary-redundancy,TIMEOUT,36,2655.684,163760.361,,,10269,587155,10247,575070,66,15,,,,,,,false,
7425,starexec,ITP009+2.p,e1b,weight-greedy,HARD_TIMEOUT,36,0.000,,,,,,,,,,,,,,,,false,
7425,starexec,ITP012+4.p,e1b,age-fair,HARD_TIMEOUT,14071,0.000,,,,,,,,,,,,,,,,false,
7425,starexec,ITP012+4.p,e1b,balanced,HARD_TIMEOUT,14071,0.000,,,,,,,,,,,,,,,,false,
7425,starexec,ITP012+4.p,e1b,equational,HARD_TIMEOUT,14071,0.000,,,,,,,,,,,,,,,,false,
7425,starexec,ITP012+4.p,e1b,first-negative,HARD_TIMEOUT,14071,0.000,,,,,,,,,,,,,,,,false,
7425,starexec,ITP012+4.p,e1b,occurrence,HARD_TIMEOUT,14071,0.000,,,,,,,,,,,,,,,,false,
7425,starexec,ITP012+4.p,e1b,subsumption-light,HARD_TIMEOUT,14071,0.000,,,,,,,,,,,,,,,,false,
7425,starexec,ITP012+4.p,e1b,unary-redundancy,HARD_TIMEOUT,14071,0.000,,,,,,,,,,,,,,,,false,
7425,starexec,ITP012+4.p,e1b,weight-greedy,HARD_TIMEOUT,14071,0.000,,,,,,,,,,,,,,,,false,
7425,starexec,ITP012+5.p,e1b,age-fair,HARD_TIMEOUT,10256,0.000,,,,,,,,,,,,,,,,false,
7425,starexec,ITP012+5.p,e1b,balanced,HARD_TIMEOUT,10256,0.000,,,,,,,,,,,,,,,,false,
7425,starexec,ITP012+5.p,e1b,equational,HARD_TIMEOUT,10256,0.000,,,,,,,,,,,,,,,,false,
7425,starexec,ITP012+5.p,e1b,first-negative,HARD_TIMEOUT,10256,0.000,,,,,,,,,,,,,,,,false,
7425,starexec,ITP012+5.p,e1b,occurrence,HARD_TIMEOUT,10256,0.000,,,,,,,,,,,,,,,,false,
7425,starexec,ITP012+5.p,e1b,subsumption-light,HARD_TIMEOUT,10256,0.000,,,,,,,,,,,,,,,,false,
7425,starexec,ITP012+5.p,e1b,unary-redundancy,HARD_TIMEOUT,10256,0.000,,,,,,,,,,,,,,,,false,
7425,starexec,ITP013+1.p,e1b,age-fair,TIMEOUT,45,2101.440,164412.947,,,835,1452820,807,1450243,84,7,,,,,,,false,
7425,starexec,ITP013+1.p,e1b,balanced,TIMEOUT,45,813.184,165961.034,,,1194,2672094,1157,2666954,108,8,,,,,,,false,
7425,starexec,ITP013+1.p,e1b,equational,TIMEOUT,45,1544.569,165442.886,,,1057,1492930,1006,1488198,108,8,,,,,,,false,
7425,starexec,ITP013+1.p,e1b,first-negative,TIMEOUT,45,2324.733,163175.385,,,1265,1876663,1160,1869951,84,7,,,,,,,false,
7425,starexec,ITP013+1.p,e1b,occurrence,TIMEOUT,45,2023.545,164438.615,,,2318,2068973,2151,2053881,84,7,,,,,,,false,
7425,starexec,ITP013+1.p,e1b,subsumption-light,TIMEOUT,45,1531.109,165382.689,,,1020,1378814,983,1374110,108,8,,,,,,,false,
7425,starexec,ITP013+1.p,e1b,unary-redundancy,HARD_TIMEOUT,45,0.000,,,,,,,,,,,,,,,,false,
7425,starexec,ITP013+1.p,e1b,weight-greedy,TIMEOUT,45,1604.066,163361.667,,,4855,5030509,4482,4955572,108,8,,,,,,,false,
7425,starexec,ITP018+5.p,e1b,age-fair,HARD_TIMEOUT,16278,0.000,,,,,,,,,,,,,,,,false,
7425,starexec,ITP018+5.p,e1b,equational,HARD_TIMEOUT,16278,0.000,,,,,,,,,,,,,,,,false,
7425,starexec,ITP018+5.p,e1b,first-negative,HARD_TIMEOUT,16278,0.000,,,,,,,,,,,,,,,,false,
7425,starexec,ITP018+5.p,e1b,occurrence,HARD_TIMEOUT,16278,0.000,,,,,,,,,,,,,,,,false,
7425,starexec,ITP018+5.p,e1b,subsumption-light,HARD_TIMEOUT,16278,0.000,,,,,,,,,,,,,,,,false,
7425,starexec,ITP018+5.p,e1b,unary-redundancy,HARD_TIMEOUT,16278,0.000,,,,,,,,,,,,,,,,false,
7425,starexec,ITP018+5.p,e1b,weight-greedy,HARD_TIMEOUT,16278,0.000,,,,,,,,,,,,,,,,false,
7425,starexec,ITP020+2.p,e1b,age-fair,REFUTED,62,5550.138,32486.338,119.475,63450.155,5735,623388,5555,616844,175,45,2154,2986627,8457,3507,63,false,false,
7425,starexec,ITP020+2.p,e1b,balanced,REFUTED,62,2764.943,9566.154,98.724,45438.022,3368,109907,2963,103309,293,55,2558,2950700,10988,2968,63,false,false,
7425,starexec,ITP020+2.p,e1b,equational,REFUTED,62,5208.218,15429.571,171.172,84539.837,3394,110878,3034,104398,293,55,2558,2950700,10988,2968,63,false,false,
7425,starexec,ITP020+2.p,e1b,occurrence,REFUTED,62,5664.399,21149.305,136.374,63898.402,4353,287967,4094,278093,175,45,2154,2986627,8457,3507,63,false,false,
7425,starexec,ITP020+2.p,e1b,subsumption-light,REFUTED,62,5354.178,42065.873,148.078,75728.597,3649,151304,3327,144532,293,55,2558,2950700,10993,2968,63,false,false,
7425,starexec,ITP020+2.p,e1b,unary-redundancy,REFUTED,62,5849.996,9254.718,148.368,64461.919,1195,25192,1113,23528,175,45,2154,2986627,8462,3507,63,false,false,
7425,starexec,ITP020+2.p,e1b,weight-greedy,REFUTED,62,4959.751,38447.036,177.422,79195.712,14052,638362,12874,560439,293,55,2561,2958464,11009,2968,63,false,false,
7425,starexec,ITP020+4.p,e1b,age-fair,HARD_TIMEOUT,25152,0.000,,,,,,,,,,,,,,,,false,
7425,starexec,ITP020+4.p,e1b,balanced,HARD_TIMEOUT,25152,0.000,,,,,,,,,,,,,,,,false,
7425,starexec,ITP020+4.p,e1b,equational,HARD_TIMEOUT,25152,0.000,,,,,,,,,,,,,,,,false,
7425,starexec,ITP020+4.p,e1b,first-negative,HARD_TIMEOUT,25152,0.000,,,,,,,,,,,,,,,,false,
7425,starexec,ITP020+4.p,e1b,occurrence,HARD_TIMEOUT,25152,0.000,,,,,,,,,,,,,,,,false,
7425,starexec,ITP020+4.p,e1b,subsumption-light,HARD_TIMEOUT,25152,0.000,,,,,,,,,,,,,,,,false,
7425,starexec,ITP020+4.p,e1b,unary-redundancy,HARD_TIMEOUT,25152,0.000,,,,,,,,,,,,,,,,false,
7425,starexec,ITP020+4.p,e1b,weight-greedy,HARD_TIMEOUT,25152,0.000,,,,,,,,,,,,,,,,false,
7425,starexec,ITP023+2.p,e1b,age-fair,TIMEOUT,58,2394.967,163511.210,,,15543,2113837,15317,2096957,103,15,,,,,,,false,
7425,starexec,ITP023+2.p,e1b,balanced,TIMEOUT,58,1028.077,164749.686,,,32436,4818055,30331,4765126,239,27,,,,,,,false,
7425,starexec,ITP023+2.p,e1b,equational,TIMEOUT,58,1740.172,163601.296,,,25158,2492866,22312,2450148,239,27,,,,,,,false,
7425,starexec,ITP023+2.p,e1b,first-negative,TIMEOUT,58,2276.935,163078.133,,,37943,8780613,32623,8706438,103,15,,,,,,,false,
7425,starexec,ITP023+2.p,e1b,occurrence,TIMEOUT,58,2375.333,163165.962,,,25785,2390637,23774,2253785,103,15,,,,,,,false,
7425,starexec,ITP023+2.p,e1b,subsumption-light,REFUTED,58,3463.127,3589.894,138.920,31648.903,666,5677,580,4765,239,27,1525,1086404,5978,1519,59,false,false,
7425,starexec,ITP023+2.p,e1b,unary-redundancy,REFUTED,58,3477.016,2633.200,127.929,10148.848,428,2278,407,1738,103,15,1052,473421,3304,1026,59,false,false,
7425,starexec,ITP023+2.p,e1b,weight-greedy,REFUTED,58,3648.342,5409.088,143.496,31103.273,1806,13623,1755,8466,239,27,1525,1086438,5997,1519,59,false,false,
7425,starexec,KLE100+1.p,e1b,age-fair,TIMEOUT,26,1084.591,164177.413,,,2086,4679433,1947,4671814,29,3,,,,,,,false,
7425,starexec,KLE100+1.p,e1b,balanced,TIMEOUT,26,490.569,164960.167,,,3126,7630236,2509,7610814,29,3,,,,,,,false,
7425,starexec,KLE100+1.p,e1b,equational,TIMEOUT,26,951.490,164127.633,,,2726,4289468,2120,4275654,29,3,,,,,,,false,
7425,starexec,KLE100+1.p,e1b,first-negative,TIMEOUT,26,1187.370,163539.946,,,2889,4033766,2405,4018666,29,3,,,,,,,false,
7425,starexec,KLE100+1.p,e1b,occurrence,TIMEOUT,26,1049.282,163809.971,,,4186,3622317,3060,3580265,29,3,,,,,,,false,
7425,starexec,KLE100+1.p,e1b,subsumption-light,TIMEOUT,26,979.606,164359.972,,,2643,4407181,2351,4393007,29,3,,,,,,,false,
7425,starexec,KLE100+1.p,e1b,unary-redundancy,TIMEOUT,26,1055.174,163926.185,,,2992,4284576,2521,4269660,29,3,,,,,,,false,
7425,starexec,KLE100+1.p,e1b,weight-greedy,TIMEOUT,26,925.980,163942.671,,,5775,4737015,4127,4559856,29,3,,,,,,,false,
7425,starexec,KLE169+1.p,e1b,age-fair,TIMEOUT,17,925.183,164117.190,,,1627,5061819,1542,5054078,19,0,,,,,,,false,
7425,starexec,KLE169+1.p,e1b,balanced,TIMEOUT,17,409.573,165083.506,,,2413,8771990,2296,8745606,19,0,,,,,,,false,
7425,starexec,KLE169+1.p,e1b,equational,TIMEOUT,17,769.611,164109.625,,,1845,5080117,1733,5067481,19,0,,,,,,,false,
7425,starexec,KLE169+1.p,e1b,first-negative,TIMEOUT,17,994.843,163793.139,,,1913,5461092,1842,5447172,19,0,,,,,,,false,
7425,starexec,KLE169+1.p,e1b,occurrence,TIMEOUT,17,897.085,164107.084,,,2337,5246948,2245,5214448,19,0,,,,,,,false,
7425,starexec,KLE169+1.p,e1b,subsumption-light,TIMEOUT,17,735.842,164068.495,,,1852,5174299,1757,5160851,19,0,,,,,,,false,
7425,starexec,KLE169+1.p,e1b,unary-redundancy,TIMEOUT,17,898.666,164397.253,,,1852,5094342,1752,5082298,19,0,,,,,,,false,
7425,starexec,KLE169+1.p,e1b,weight-greedy,REFUTED,17,967.623,59401.720,186.884,545.072,3552,2556541,3146,2485639,19,0,278,12603,697,88,18,false,false,
7425,starexec,KLE170+1.002.p,e1b,age-fair,TIMEOUT,16,965.258,164415.588,,,1624,5266706,1528,5258692,18,0,,,,,,,false,
7425,starexec,KLE170+1.002.p,e1b,balanced,TIMEOUT,16,411.494,164994.974,,,2148,10011823,2032,9990405,18,0,,,,,,,false,
7425,starexec,KLE170+1.002.p,e1b,equational,TIMEOUT,16,766.957,163850.620,,,1724,5217055,1681,5204373,18,0,,,,,,,false,
7425,starexec,KLE170+1.002.p,e1b,first-negative,TIMEOUT,16,1028.608,163741.100,,,1689,4782995,1621,4770485,18,0,,,,,,,false,
7425,starexec,KLE170+1.002.p,e1b,occurrence,TIMEOUT,16,985.373,164611.295,,,2171,5395577,2054,5364360,18,0,,,,,,,false,
7425,starexec,KLE170+1.002.p,e1b,subsumption-light,TIMEOUT,16,797.493,164038.061,,,1693,5174709,1583,5161111,18,0,,,,,,,false,
7425,starexec,KLE170+1.002.p,e1b,unary-redundancy,TIMEOUT,16,926.406,163910.759,,,1807,5277828,1709,5266300,18,0,,,,,,,false,
7425,starexec,KLE170+1.002.p,e1b,weight-greedy,TIMEOUT,16,782.096,163903.446,,,6324,10624798,5924,10471422,18,0,,,,,,,false,
7425,starexec,KRS187+1.p,e1b,age-fair,TIMEOUT,32,1412.093,164795.815,,,9107,13304468,8417,13290986,120,70,,,,,,,false,
7425,starexec,KRS187+1.p,e1b,balanced,REFUTED,32,2428.993,103266.268,65.744,14966.536,13223,9897406,12009,9861216,129,74,2138,2391295,6027,2717,33,false,false,
7425,starexec,KRS187+1.p,e1b,equational,REFUTED,32,2390.692,105264.209,50.342,14470.275,13223,9896260,12009,9860070,129,74,2138,2391295,6027,2717,33,false,false,
7425,starexec,KRS187+1.p,e1b,first-negative,REFUTED,32,2537.766,32481.937,57.241,6837.502,7184,2559987,6813,2538177,120,70,2083,2134166,5601,2511,33,false,false,
7425,starexec,KRS187+1.p,e1b,occurrence,TIMEOUT,32,1490.908,164803.073,,,11534,13894900,10375,13818743,120,70,,,,,,,false,
7425,starexec,KRS187+1.p,e1b,subsumption-light,TIMEOUT,32,1200.148,164831.949,,,8946,6925325,8175,6896289,129,74,,,,,,,false,
7425,starexec,KRS187+1.p,e1b,unary-redundancy,TIMEOUT,32,1491.741,164800.916,,,6465,4582687,6037,4564987,120,70,,,,,,,false,
7425,starexec,KRS187+1.p,e1b,weight-greedy,REFUTED,32,2436.175,1559.480,66.386,9809.064,1022,9093,965,5490,129,74,2138,2391295,6027,2717,33,false,false,
7425,starexec,KRS190+1.p,e1b,age-fair,TIMEOUT,32,2562.684,163819.159,,,6865,7530454,6346,7520659,120,70,,,,,,,false,
7425,starexec,KRS190+1.p,e1b,balanced,REFUTED,32,2290.920,98505.119,66.571,14465.293,12523,9368628,11333,9333644,129,74,2138,2391295,6027,2717,33,false,false,
7425,starexec,KRS190+1.p,e1b,equational,TIMEOUT,32,2073.973,163889.926,,,12427,9267973,11237,9233149,129,74,,,,,,,false,
7425,starexec,KRS190+1.p,e1b,first-negative,REFUTED,32,4949.297,68570.134,89.124,22149.677,7430,2738437,7035,2715871,120,70,2083,2134166,5601,2511,33,false,false,
7425,starexec,KRS190+1.p,e1b,occurrence,TIMEOUT,32,2636.799,163826.140,,,8748,8236298,8066,8183701,120,70,,,,,,,false,
7425,starexec,KRS190+1.p,e1b,subsumption-light,TIMEOUT,32,2061.825,163990.898,,,5429,4132634,4896,4117890,129,74,,,,,,,false,
7425,starexec,KRS190+1.p,e1b,unary-redundancy,TIMEOUT,32,2615.400,164221.136,,,5262,3101892,4921,3088132,120,70,,,,,,,false,
7425,starexec,KRS190+1.p,e1b,weight-greedy,REFUTED,32,2757.129,1513.407,60.395,16703.772,872,7456,815,4853,129,74,2138,2391295,6027,2717,33,false,false,
7425,starexec,KRS192+1.p,e1b,age-fair,TIMEOUT,32,2506.453,163860.681,,,6961,7819212,6441,7809240,120,70,,,,,,,false,
7425,starexec,KRS192+1.p,e1b,balanced,TIMEOUT,32,1108.565,166122.204,,,18819,16484404,17194,16431512,129,74,,,,,,,false,
7425,starexec,KRS192+1.p,e1b,equational,TIMEOUT,32,2015.295,163886.000,,,12598,9411785,11407,9376683,129,74,,,,,,,false,
7425,starexec,KRS192+1.p,e1b,first-negative,TIMEOUT,32,2653.956,163552.054,,,11841,7223752,11011,7189292,120,70,,,,,,,false,
7425,starexec,KRS192+1.p,e1b,occurrence,TIMEOUT,32,2398.698,163905.176,,,8783,8325727,8079,8272825,120,70,,,,,,,false,
7425,starexec,KRS192+1.p,e1b,subsumption-light,TIMEOUT,32,2056.979,164006.075,,,5455,4174673,4922,4159871,129,74,,,,,,,false,
7425,starexec,KRS192+1.p,e1b,unary-redundancy,TIMEOUT,32,2545.068,163932.477,,,5286,3141978,4945,3128160,120,70,,,,,,,false,
7425,starexec,KRS192+1.p,e1b,weight-greedy,TIMEOUT,32,1980.284,163892.137,,,27766,4734912,25071,4296845,129,74,,,,,,,false,
7425,starexec,KRS195+1.p,e1b,age-fair,HARD_TIMEOUT,32,0.000,,,,,,,,,,,,,,,,false,
7425,starexec,KRS195+1.p,e1b,balanced,REFUTED,32,2311.915,105319.912,62.666,11575.754,13657,10307985,12426,10270949,129,74,2138,2391295,6028,2717,33,false,false,
7425,starexec,KRS195+1.p,e1b,equational,TIMEOUT,32,2117.808,164809.367,,,11583,8762623,10508,8729171,129,74,,,,,,,false,
7425,starexec,KRS195+1.p,e1b,first-negative,REFUTED,32,5572.843,65558.113,156.363,22395.151,7177,2559872,6806,2538021,120,70,2083,2134160,5601,2511,33,false,false,
7425,starexec,KRS195+1.p,e1b,occurrence,TIMEOUT,32,2630.672,164156.940,,,8729,8156881,8047,8104554,120,70,,,,,,,false,
7425,starexec,KRS195+1.p,e1b,subsumption-light,TIMEOUT,32,2062.656,164202.834,,,5301,3948400,4775,3933960,129,74,,,,,,,false,
7425,starexec,KRS195+1.p,e1b,unary-redundancy,TIMEOUT,32,2492.324,164221.787,,,5208,3008023,4869,2994409,120,70,,,,,,,false,
7425,starexec,KRS195+1.p,e1b,weight-greedy,REFUTED,32,4414.474,3448.348,108.519,27906.103,1275,9570,1218,5636,129,74,2138,2391295,6028,2717,33,false,false,
7425,starexec,KRS196+1.p,e1b,age-fair,HARD_TIMEOUT,32,0.000,,,,,,,,,,,,,,,,false,
7425,starexec,KRS196+1.p,e1b,balanced,REFUTED,32,2213.547,94815.600,51.900,15319.486,12685,9450237,11494,9415041,129,74,2138,2391295,6026,2717,33,false,false,
7425,starexec,KRS196+1.p,e1b,equational,TIMEOUT,32,2130.791,164336.778,,,11466,8700511,10455,8667285,129,74,,,,,,,false,
7425,starexec,KRS196+1.p,e1b,first-negative,REFUTED,32,5589.414,63940.487,139.462,21911.377,7173,2558403,6802,2536606,120,70,2083,2134160,5604,2511,33,false,false,
7425,starexec,KRS196+1.p,e1b,occurrence,TIMEOUT,32,2644.423,163782.769,,,8691,8012419,8009,7960282,120,70,,,,,,,false,
7425,starexec,KRS196+1.p,e1b,subsumption-light,TIMEOUT,32,2096.955,163953.549,,,5295,3938171,4775,3923753,129,74,,,,,,,false,
7425,starexec,KRS196+1.p,e1b,unary-redundancy,TIMEOUT,32,2599.346,163902.832,,,5208,3008023,4869,2994409,120,70,,,,,,,false,
7425,starexec,KRS196+1.p,e1b,weight-greedy,REFUTED,32,4624.295,2492.486,88.508,28835.588,882,7660,825,4904,129,74,2138,2391295,6026,2717,33,false,false,
7425,starexec,KRS216+1.p,e1b,age-fair,TIMEOUT,32,1794.816,163739.750,,,6902,7636608,6383,7626713,120,70,,,,,,,false,
7425,starexec,KRS216+1.p,e1b,balanced,REFUTED,32,2216.321,131929.985,84.048,16176.643,16681,14203066,15062,14155664,129,74,2227,2590026,6129,2717,33,false,false,
7425,starexec,KRS216+1.p,e1b,equational,TIMEOUT,32,1429.966,163767.016,,,12419,9258756,11229,9223948,129,74,,,,,,,false,
7425,starexec,KRS216+1.p,e1b,first-negative,TIMEOUT,32,1797.623,163423.598,,,11703,7067894,10974,7034078,120,70,,,,,,,false,
7425,starexec,KRS216+1.p,e1b,occurrence,TIMEOUT,32,1631.305,164627.148,,,8751,8247103,8069,8194486,120,70,,,,,,,false,
7425,starexec,KRS216+1.p,e1b,subsumption-light,TIMEOUT,32,1433.537,163918.164,,,5434,4139548,4901,4124792,129,74,,,,,,,false,
7425,starexec,KRS216+1.p,e1b,unary-redundancy,TIMEOUT,32,1718.125,163918.404,,,5245,3072827,4904,3059121,120,70,,,,,,,false,
7425,starexec,KRS216+1.p,e1b,weight-greedy,REFUTED,32,2949.419,4666.140,92.067,25171.889,2849,51395,2597,38919,129,74,2199,2527337,6094,2717,33,false,false,
7425,starexec,KRS233+1.p,e1b,age-fair,TIMEOUT,32,2556.295,163889.945,,,6957,7802983,6437,7793017,120,70,,,,,,,false,
7425,starexec,KRS233+1.p,e1b,balanced,TIMEOUT,32,1071.147,165202.194,,,18951,16476137,17240,16423181,129,74,,,,,,,false,
7425,starexec,KRS233+1.p,e1b,equational,HARD_TIMEOUT,32,0.000,,,,,,,,,,,,,,,,false,
7425,starexec,KRS233+1.p,e1b,occurrence,TIMEOUT,32,2563.051,163946.680,,,8824,8406953,8079,8353736,120,70,,,,,,,false,
7425,starexec,KRS233+1.p,e1b,subsumption-light,TIMEOUT,32,1958.893,164044.575,,,5478,4209215,4942,4194285,129,74,,,,,,,false,
7425,starexec,KRS233+1.p,e1b,unary-redundancy,TIMEOUT,32,2603.931,164006.152,,,5291,3150526,4950,3136700,120,70,,,,,,,false,
7425,starexec,KRS233+1.p,e1b,weight-greedy,TIMEOUT,32,2003.363,163952.055,,,28144,4935049,25415,4488950,129,74,,,,,,,false,
7425,starexec,KRS234+1.p,e1b,age-fair,TIMEOUT,32,2510.105,163866.500,,,6915,7668372,6395,7658460,120,70,,,,,,,false,
7425,starexec,KRS234+1.p,e1b,balanced,REFUTED,32,2169.436,74179.560,62.404,15299.913,10635,8184479,9808,8153028,129,74,2165,2451610,6054,2717,33,false,false,
7425,starexec,KRS234+1.p,e1b,equational,REFUTED,32,4321.294,130293.435,129.604,30499.359,10414,8235388,9603,8203864,129,74,2175,2473938,6075,2717,33,false,false,
7425,starexec,KRS234+1.p,e1b,first-negative,TIMEOUT,32,2707.950,163543.693,,,12065,7392757,11336,7357955,120,70,,,,,,,false,
7425,starexec,KRS234+1.p,e1b,occurrence,TIMEOUT,32,2561.626,163850.282,,,8818,8393638,8079,8340451,120,70,,,,,,,false,
7425,starexec,KRS234+1.p,e1b,subsumption-light,TIMEOUT,32,1930.006,164002.572,,,5450,4167912,4917,4153122,129,74,,,,,,,false,
7425,starexec,KRS234+1.p,e1b,unary-redundancy,TIMEOUT,32,2466.507,164558.657,,,5271,3116455,4930,3102667,120,70,,,,,,,false,
7425,starexec,KRS234+1.p,e1b,weight-greedy,REFUTED,32,4802.575,7745.345,117.781,27092.119,2847,51234,2593,38847,129,74,2167,2456060,6063,2717,33,false,false,
7425,starexec,KRS251+1.p,e1b,age-fair,TIMEOUT,32,2464.581,163873.046,,,6940,7747178,6420,7737232,120,70,,,,,,,false,
7425,starexec,KRS251+1.p,e1b,balanced,TIMEOUT,32,1109.909,166938.719,,,18949,16477751,17220,16424803,129,74,,,,,,,false,
7425,starexec,KRS251+1.p,e1b,equational,TIMEOUT,32,1967.413,163783.400,,,12632,9428292,11442,9393158,129,74,,,,,,,false,
7425,starexec,KRS251+1.p,e1b,first-negative,TIMEOUT,32,2801.947,163539.012,,,12633,7961298,11894,7925070,120,70,,,,,,,false,
7425,starexec,KRS251+1.p,e1b,occurrence,TIMEOUT,32,2534.327,163913.361,,,8821,8406920,8076,8353703,120,70,,,,,,,false,
7425,starexec,KRS251+1.p,e1b,subsumption-light,TIMEOUT,32,1921.306,164196.016,,,5468,4194419,4933,4179505,129,74,,,,,,,false,
7425,starexec,KRS251+1.p,e1b,unary-redundancy,TIMEOUT,32,2458.515,164004.406,,,5263,3100353,4919,3086593,120,70,,,,,,,false,
7425,starexec,KRS261+1.p,e1b,age-fair,TIMEOUT,32,2525.831,163887.824,,,6949,7779232,6429,7769275,120,70,,,,,,,false,
7425,starexec,KRS261+1.p,e1b,balanced,TIMEOUT,32,712.536,165211.677,,,20131,18096861,18266,18041493,129,74,,,,,,,false,
7425,starexec,KRS261+1.p,e1b,equational,HARD_TIMEOUT,32,0.000,,,,,,,,,,,,,,,,false,
7425,starexec,KRS261+1.p,e1b,first-negative,TIMEOUT,32,2587.270,163532.608,,,12081,7465411,11349,7430387,120,70,,,,,,,false,
7425,starexec,KRS261+1.p,e1b,occurrence,TIMEOUT,32,1636.465,166306.498,,,8997,8817643,8203,8762686,120,70,,,,,,,false,
7425,starexec,KRS261+1.p,e1b,subsumption-light,TIMEOUT,32,1952.251,164027.232,,,5478,4209215,4942,4194285,129,74,,,,,,,false,
7425,starexec,KRS261+1.p,e1b,unary-redundancy,TIMEOUT,32,2547.704,163985.817,,,5287,3143370,4946,3129550,120,70,,,,,,,false,
7425,starexec,KRS261+1.p,e1b,weight-greedy,TIMEOUT,32,1977.193,164039.380,,,26996,4775962,25431,4337258,129,74,,,,,,,false,
7425,starexec,KRS262+1.p,e1b,age-fair,TIMEOUT,32,2475.395,163887.120,,,6892,7607333,6373,7597466,120,70,,,,,,,false,
7425,starexec,KRS262+1.p,e1b,balanced,REFUTED,32,1450.442,7374.651,32.261,8265.840,2888,959144,2844,952758,129,74,2143,2402369,6026,2717,33,false,false,
7425,starexec,KRS262+1.p,e1b,equational,REFUTED,32,2683.555,12914.364,79.785,16667.430,2888,959264,2844,952878,129,74,2143,2402369,6026,2717,33,false,false,
7425,starexec,KRS262+1.p,e1b,first-negative,REFUTED,32,4792.525,16186.427,82.595,21138.910,2742,293097,2704,285717,120,70,2073,2113797,5587,2511,33,false,false,
7425,starexec,KRS262+1.p,e1b,occurrence,REFUTED,32,3188.930,3239.997,70.762,13167.640,1023,41720,1003,38192,120,70,2085,2138147,5610,2511,33,false,false,
7425,starexec,KRS262+1.p,e1b,subsumption-light,REFUTED,32,3049.902,18377.576,87.967,16227.856,2893,900105,2714,893710,129,74,2143,2402369,6026,2717,33,false,false,
7425,starexec,KRS262+1.p,e1b,unary-redundancy,TIMEOUT,32,1632.875,164706.349,,,5901,3771058,5545,3754948,120,70,,,,,,,false,
7425,starexec,KRS262+1.p,e1b,weight-greedy,REFUTED,32,2662.814,754.705,60.645,16413.801,271,683,271,357,129,74,2145,2406840,6027,2717,33,false,false,
7425,starexec,LAT258+1.p,e1b,age-fair,TIMEOUT,17,1055.356,164062.634,,,18327,8236698,16348,8206374,23,1,,,,,,,false,
7425,starexec,LAT258+1.p,e1b,balanced,TIMEOUT,17,451.806,167031.301,,,26607,13936911,24691,13862691,23,1,,,,,,,false,
7425,starexec,LAT258+1.p,e1b,equational,TIMEOUT,17,824.870,163797.339,,,18676,8295807,17651,8247945,23,1,,,,,,,false,
7425,starexec,LAT258+1.p,e1b,first-negative,TIMEOUT,17,882.537,163764.538,,,33554,6065972,33338,5973566,23,1,,,,,,,false,
7425,starexec,LAT258+1.p,e1b,occurrence,TIMEOUT,17,722.941,164673.610,,,25947,6501199,21174,6330282,23,1,,,,,,,false,
7425,starexec,LAT258+1.p,e1b,subsumption-light,TIMEOUT,17,752.666,163831.801,,,11546,3264758,11002,3237548,23,1,,,,,,,false,
7425,starexec,LAT258+1.p,e1b,unary-redundancy,TIMEOUT,17,934.445,164001.579,,,11582,3276916,11036,3249622,23,1,,,,,,,false,
7425,starexec,LAT258+1.p,e1b,weight-greedy,TIMEOUT,17,759.917,163881.300,,,38153,6661894,26433,6322147,23,1,,,,,,,false,
7425,starexec,LAT287+3.p,e1b,age-fair,HARD_TIMEOUT,12371,0.000,,,,,,,,,,,,,,,,false,
7425,starexec,LAT287+3.p,e1b,balanced,KILLED,,0.000,,,,,,,,,,,,,,,,false,killed before finishing
7425,starexec,LAT287+3.p,e1b,equational,HARD_TIMEOUT,12371,0.000,,,,,,,,,,,,,,,,false,
7425,starexec,LAT287+3.p,e1b,first-negative,SATURATED,12371,6392.916,811.146,,,165,180,164,74,74,9,,,,,,,false,
7425,starexec,LAT287+3.p,e1b,occurrence,HARD_TIMEOUT,12371,0.000,,,,,,,,,,,,,,,,false,
7425,starexec,LAT287+3.p,e1b,subsumption-light,HARD_TIMEOUT,12371,0.000,,,,,,,,,,,,,,,,false,
7425,starexec,LAT287+3.p,e1b,unary-redundancy,HARD_TIMEOUT,12371,0.000,,,,,,,,,,,,,,,,false,
7425,starexec,LAT287+3.p,e1b,weight-greedy,HARD_TIMEOUT,12371,0.000,,,,,,,,,,,,,,,,false,
7425,starexec,LAT303+4.p,e1b,age-fair,HARD_TIMEOUT,34684,0.000,,,,,,,,,,,,,,,,false,
7425,starexec,LAT303+4.p,e1b,balanced,HARD_TIMEOUT,34684,0.000,,,,,,,,,,,,,,,,false,
7425,starexec,LAT303+4.p,e1b,equational,HARD_TIMEOUT,34684,0.000,,,,,,,,,,,,,,,,false,
7425,starexec,LAT303+4.p,e1b,first-negative,HARD_TIMEOUT,34684,0.000,,,,,,,,,,,,,,,,false,
7425,starexec,LAT303+4.p,e1b,occurrence,HARD_TIMEOUT,34684,0.000,,,,,,,,,,,,,,,,false,
7425,starexec,LAT303+4.p,e1b,subsumption-light,HARD_TIMEOUT,34684,0.000,,,,,,,,,,,,,,,,false,
7425,starexec,LAT303+4.p,e1b,unary-redundancy,HARD_TIMEOUT,34684,0.000,,,,,,,,,,,,,,,,false,
7425,starexec,LAT303+4.p,e1b,weight-greedy,HARD_TIMEOUT,34684,0.000,,,,,,,,,,,,,,,,false,
7425,starexec,LAT305+3.p,e1b,age-fair,HARD_TIMEOUT,13616,0.000,,,,,,,,,,,,,,,,false,
7425,starexec,LAT305+3.p,e1b,balanced,HARD_TIMEOUT,13616,0.000,,,,,,,,,,,,,,,,false,
7425,starexec,LAT305+3.p,e1b,equational,HARD_TIMEOUT,13616,0.000,,,,,,,,,,,,,,,,false,
7425,starexec,LAT305+3.p,e1b,first-negative,HARD_TIMEOUT,13616,0.000,,,,,,,,,,,,,,,,false,
7425,starexec,LAT305+3.p,e1b,occurrence,HARD_TIMEOUT,13616,0.000,,,,,,,,,,,,,,,,false,
7425,starexec,LAT305+3.p,e1b,subsumption-light,HARD_TIMEOUT,13616,0.000,,,,,,,,,,,,,,,,false,
7425,starexec,LAT305+3.p,e1b,unary-redundancy,HARD_TIMEOUT,13616,0.000,,,,,,,,,,,,,,,,false,
7425,starexec,LAT305+3.p,e1b,weight-greedy,HARD_TIMEOUT,13616,0.000,,,,,,,,,,,,,,,,false,
7425,starexec,LAT351+3.p,e1b,age-fair,HARD_TIMEOUT,17808,0.000,,,,,,,,,,,,,,,,false,
7425,starexec,LAT351+3.p,e1b,balanced,HARD_TIMEOUT,17808,0.000,,,,,,,,,,,,,,,,false,
7425,starexec,LAT351+3.p,e1b,equational,HARD_TIMEOUT,17808,0.000,,,,,,,,,,,,,,,,false,
7425,starexec,LAT351+3.p,e1b,first-negative,HARD_TIMEOUT,17808,0.000,,,,,,,,,,,,,,,,false,
7425,starexec,LAT351+3.p,e1b,occurrence,HARD_TIMEOUT,17808,0.000,,,,,,,,,,,,,,,,false,
7425,starexec,LAT351+3.p,e1b,subsumption-light,HARD_TIMEOUT,17808,0.000,,,,,,,,,,,,,,,,false,
7425,starexec,LAT351+3.p,e1b,unary-redundancy,HARD_TIMEOUT,17808,0.000,,,,,,,,,,,,,,,,false,
7425,starexec,LAT351+3.p,e1b,weight-greedy,HARD_TIMEOUT,17808,0.000,,,,,,,,,,,,,,,,false,
7425,starexec,LCL062+2.p,e1b,age-fair,TIMEOUT,2,827.008,164195.495,,,7390,4770766,6774,4744669,3,0,,,,,,,false,
7425,starexec,LCL062+2.p,e1b,balanced,TIMEOUT,2,403.591,165427.828,,,9426,8498577,8682,8431587,3,0,,,,,,,false,
7425,starexec,LCL062+2.p,e1b,equational,TIMEOUT,2,705.862,164153.138,,,6943,5086468,6413,5037376,3,0,,,,,,,false,
7425,starexec,LCL062+2.p,e1b,first-negative,TIMEOUT,2,938.168,163783.088,,,9224,2363853,8885,2197299,3,0,,,,,,,false,
7425,starexec,LCL062+2.p,e1b,occurrence,TIMEOUT,2,835.281,164351.101,,,7642,5034314,7368,4899422,3,0,,,,,,,false,
7425,starexec,LCL062+2.p,e1b,subsumption-light,TIMEOUT,2,705.026,164176.346,,,7207,4619756,6726,4573534,3,0,,,,,,,false,
7425,starexec,LCL062+2.p,e1b,unary-redundancy,TIMEOUT,2,839.321,164117.408,,,7247,4670627,6766,4624217,3,0,,,,,,,false,
7425,starexec,LCL062+2.p,e1b,weight-greedy,TIMEOUT,2,714.850,164173.575,,,15676,5257586,15165,4717256,3,0,,,,,,,false,
7425,starexec,LCL073+1.p,e1b,age-fair,TIMEOUT,2,862.059,164233.374,,,6616,6066421,6156,5971754,3,3,,,,,,,false,
7425,starexec,LCL073+1.p,e1b,balanced,TIMEOUT,2,404.358,165083.110,,,7436,10992321,6786,10775653,3,3,,,,,,,false,
7425,starexec,LCL073+1.p,e1b,equational,TIMEOUT,2,776.993,164234.061,,,6148,7072279,5740,6975985,3,3,,,,,,,false,
7425,starexec,LCL073+1.p,e1b,first-negative,TIMEOUT,2,897.483,163910.510,,,5897,3517447,4912,3158371,3,3,,,,,,,false,
7425,starexec,LCL073+1.p,e1b,occurrence,TIMEOUT,2,829.144,164265.166,,,6540,8035068,6137,7921826,3,3,,,,,,,false,
7425,starexec,LCL073+1.p,e1b,subsumption-light,TIMEOUT,2,766.401,164378.558,,,7565,3132225,6885,2939117,3,3,,,,,,,false,
7425,starexec,LCL073+1.p,e1b,unary-redundancy,TIMEOUT,2,855.705,164209.849,,,7595,3188413,6913,2994577,3,3,,,,,,,false,
7425,starexec,LCL073+1.p,e1b,weight-greedy,HARD_TIMEOUT,2,0.000,,,,,,,,,,,,,,,,false,
7425,starexec,LCL109+1.p,e1b,age-fair,TIMEOUT,5,761.940,164224.610,,,6948,6823614,6613,6810232,6,0,,,,,,,false,
7425,starexec,LCL109+1.p,e1b,balanced,TIMEOUT,5,331.725,165010.981,,,9127,11565170,8680,11531928,6,0,,,,,,,false,
7425,starexec,LCL109+1.p,e1b,equational,TIMEOUT,5,635.545,164181.878,,,7067,6739356,6664,6712956,6,0,,,,,,,false,
7425,starexec,LCL109+1.p,e1b,first-negative,TIMEOUT,5,807.291,163804.487,,,10514,5307007,10375,5178517,6,0,,,,,,,false,
7425,starexec,LCL109+1.p,e1b,occurrence,TIMEOUT,5,758.913,164116.569,,,7006,7347626,6409,7277449,6,0,,,,,,,false,
7425,starexec,LCL109+1.p,e1b,subsumption-light,TIMEOUT,5,652.494,164217.513,,,3813,2186225,3623,2172573,6,0,,,,,,,false,
7425,starexec,LCL109+1.p,e1b,unary-redundancy,TIMEOUT,5,787.723,164247.497,,,3868,2249455,3681,2235647,6,0,,,,,,,false,
7425,starexec,LCL109+1.p,e1b,weight-greedy,TIMEOUT,5,659.400,164202.337,,,13720,7451789,12567,7069321,6,0,,,,,,,false,
7425,starexec,LCL368+1.p,e1b,age-fair,TIMEOUT,4,796.402,164162.646,,,7897,5253903,7551,5239103,5,0,,,,,,,false,
7425,starexec,LCL368+1.p,e1b,balanced,REFUTED,4,469.698,27309.019,101.530,206.720,3993,1560678,3726,1549562,5,0,164,9316,420,103,5,false,false,
7425,starexec,LCL368+1.p,e1b,equational,REFUTED,4,900.364,68040.481,194.822,367.925,4756,2238247,4457,2224649,5,0,164,9318,415,103,5,false,false,
7425,starexec,LCL368+1.p,e1b,first-negative,TIMEOUT,4,777.208,163886.310,,,13270,3199433,11800,3079543,5,0,,,,,,,false,
7425,starexec,LCL368+1.p,e1b,occurrence,REFUTED,4,931.750,12818.252,227.078,393.791,1721,234634,1606,225447,5,0,194,11246,492,135,5,false,false,
7425,starexec,LCL368+1.p,e1b,subsumption-light,REFUTED,4,910.273,76460.311,206.496,430.223,3964,1556224,3706,1545088,5,0,170,9800,441,119,5,false,false,
7425,starexec,LCL368+1.p,e1b,unary-redundancy,REFUTED,4,963.256,80424.902,227.666,277.044,3965,1558637,3705,1547505,5,0,176,9962,430,119,5,false,false,
7425,starexec,LCL368+1.p,e1b,weight-greedy,REFUTED,4,877.818,38928.829,226.694,393.431,10065,1272427,9726,1161282,5,0,175,10405,481,149,5,false,false,
7425,starexec,LCL368+2.p,e1b,age-fair,TIMEOUT,2,836.527,164192.611,,,7351,4781573,6791,4755393,3,0,,,,,,,false,
7425,starexec,LCL368+2.p,e1b,balanced,REFUTED,2,463.305,146567.209,69.830,164.829,8841,7431462,8103,7370188,3,0,127,15446,1067,971,3,false,false,
7425,starexec,LCL368+2.p,e1b,equational,TIMEOUT,2,731.558,164164.504,,,7369,4892744,6800,4845112,3,0,,,,,,,false,
7425,starexec,LCL368+2.p,e1b,first-negative,TIMEOUT,2,923.725,163822.026,,,9299,2380794,8944,2211720,3,0,,,,,,,false,
7425,starexec,LCL368+2.p,e1b,occurrence,REFUTED,2,1074.783,57364.213,212.793,444.518,4146,1753670,4032,1691998,3,0,134,16696,1097,971,3,false,false,
7425,starexec,LCL368+2.p,e1b,subsumption-light,TIMEOUT,2,697.071,164186.763,,,7178,4640838,6715,4596234,3,0,,,,,,,false,
7425,starexec,LCL368+2.p,e1b,unary-redundancy,TIMEOUT,2,851.525,164237.975,,,7203,4679952,6734,4634974,3,0,,,,,,,false,
7425,starexec,LCL368+2.p,e1b,weight-greedy,TIMEOUT,2,710.015,164161.136,,,15651,5031255,15382,4506094,3,0,,,,,,,false,
7425,starexec,LCL369+1.p,e1b,age-fair,TIMEOUT,4,757.469,164135.793,,,7884,5260027,7571,5245423,5,0,,,,,,,false,
7425,starexec,LCL369+1.p,e1b,balanced,HARD_TIMEOUT,4,0.000,,,,,,,,,,,,,,,,false,
7425,starexec,LCL369+1.p,e1b,equational,TIMEOUT,4,625.743,164169.252,,,8140,5522697,7663,5496529,5,0,,,,,,,false,
7425,starexec,LCL369+1.p,e1b,first-negative,TIMEOUT,4,802.884,163830.626,,,13207,3090825,11740,2975279,5,0,,,,,,,false,
7425,starexec,LCL369+1.p,e1b,occurrence,TIMEOUT,4,731.625,164215.798,,,7897,5892826,7440,5837344,5,0,,,,,,,false,
7425,starexec,LCL369+1.p,e1b,subsumption-light,TIMEOUT,4,634.513,164226.199,,,6435,3744381,6066,3722965,5,0,,,,,,,false,
7425,starexec,LCL369+1.p,e1b,unary-redundancy,TIMEOUT,4,724.230,164170.294,,,6451,3756001,6080,3734511,5,0,,,,,,,false,
7425,starexec,LCL369+1.p,e1b,weight-greedy,TIMEOUT,4,654.771,164208.345,,,25118,5499533,22999,5216600,5,0,,,,,,,false,
7425,starexec,LCL369+2.p,e1b,age-fair,TIMEOUT,2,839.284,164180.859,,,7010,4984084,6503,4957376,3,0,,,,,,,false,
7425,starexec,LCL369+2.p,e1b,balanced,TIMEOUT,2,374.053,165014.385,,,9639,8649801,8711,8580779,3,0,,,,,,,false,
7425,starexec,LCL369+2.p,e1b,equational,TIMEOUT,2,660.580,164131.523,,,6910,5076372,6398,5027248,3,0,,,,,,,false,
7425,starexec,LCL369+2.p,e1b,first-negative,TIMEOUT,2,913.398,163803.530,,,9306,2381861,8951,2212629,3,0,,,,,,,false,
7425,starexec,LCL369+2.p,e1b,occurrence,TIMEOUT,2,835.560,164166.032,,,7429,4905728,7278,4789961,3,0,,,,,,,false,
7425,starexec,LCL369+2.p,e1b,subsumption-light,TIMEOUT,2,747.084,164187.423,,,6860,4841851,6601,4794063,3,0,,,,,,,false,
7425,starexec,LCL369+2.p,e1b,unary-redundancy,TIMEOUT,2,858.593,164209.279,,,6828,4806460,6575,4758832,3,0,,,,,,,false,
7425,starexec,LCL369+2.p,e1b,weight-greedy,TIMEOUT,2,724.011,164204.581,,,16312,4826677,15942,4298689,3,0,,,,,,,false,
7425,starexec,LCL370+1.p,e1b,age-fair,TIMEOUT,4,723.106,164216.025,,,7843,5277140,7564,5262456,5,0,,,,,,,false,
7425,starexec,LCL370+1.p,e1b,balanced,TIMEOUT,4,347.359,165045.670,,,10776,9503022,10398,9469442,5,0,,,,,,,false,
7425,starexec,LCL370+1.p,e1b,equational,TIMEOUT,4,683.005,164207.067,,,8522,5847076,8220,5819316,5,0,,,,,,,false,
7425,starexec,LCL370+1.p,e1b,first-negative,TIMEOUT,4,778.594,163886.817,,,11692,3624579,10407,3518163,5,0,,,,,,,false,
7425,starexec,LCL370+1.p,e1b,occurrence,REFUTED,4,611.695,7415.989,108.074,172.446,1584,235108,1464,226246,5,0,179,8391,404,95,5,false,false,
7425,starexec,LCL370+1.p,e1b,subsumption-light,TIMEOUT,4,692.323,164195.223,,,6217,3608809,5917,3589458,5,0,,,,,,,false,
7425,starexec,LCL370+1.p,e1b,unary-redundancy,TIMEOUT,4,748.478,164168.661,,,6242,3636425,5942,3616979,5,0,,,,,,,false,
7425,starexec,LCL370+1.p,e1b,weight-greedy,TIMEOUT,4,644.138,164164.312,,,22744,5421567,19826,5138974,5,0,,,,,,,false,
7425,starexec,LCL372+2.p,e1b,age-fair,TIMEOUT,2,818.133,164098.992,,,7369,4799580,6811,4773242,3,0,,,,,,,false,
7425,starexec,LCL372+2.p,e1b,balanced,TIMEOUT,2,373.348,164986.627,,,9472,8470872,8620,8401744,3,0,,,,,,,false,
7425,starexec,LCL372+2.p,e1b,equational,TIMEOUT,2,713.760,164193.056,,,7281,4904199,6824,4856547,3,0,,,,,,,false,
7425,starexec,LCL372+2.p,e1b,first-negative,TIMEOUT,2,898.131,163838.261,,,9217,2361222,8880,2195013,3,0,,,,,,,false,
7425,starexec,LCL372+2.p,e1b,occurrence,TIMEOUT,2,835.363,164158.163,,,7475,4866087,7251,4740890,3,0,,,,,,,false,
7425,starexec,LCL372+2.p,e1b,subsumption-light,TIMEOUT,2,736.917,164129.817,,,7152,4622144,6706,4577734,3,0,,,,,,,false,
7425,starexec,LCL372+2.p,e1b,unary-redundancy,TIMEOUT,2,811.929,164081.463,,,7126,4599604,6681,4555268,3,0,,,,,,,false,
7425,starexec,LCL372+2.p,e1b,weight-greedy,TIMEOUT,2,715.545,164116.931,,,16925,4428951,16597,3920513,3,0,,,,,,,false,
7425,starexec,LCL373+2.p,e1b,age-fair,TIMEOUT,2,792.393,164182.495,,,7273,4691625,6716,4665727,3,0,,,,,,,false,
7425,starexec,LCL373+2.p,e1b,balanced,TIMEOUT,2,361.116,164995.019,,,9602,8802656,8774,8730492,3,0,,,,,,,false,
7425,starexec,LCL373+2.p,e1b,equational,TIMEOUT,2,707.277,164215.408,,,7246,4922822,6789,4875160,3,0,,,,,,,false,
7425,starexec,LCL373+2.p,e1b,first-negative,TIMEOUT,2,945.143,163827.518,,,9005,2306240,8713,2147466,3,0,,,,,,,false,
7425,starexec,LCL373+2.p,e1b,occurrence,TIMEOUT,2,806.798,164208.664,,,7335,4742090,7145,4619408,3,0,,,,,,,false,
7425,starexec,LCL373+2.p,e1b,subsumption-light,TIMEOUT,2,676.702,164165.159,,,7151,4675174,6700,4630432,3,0,,,,,,,false,
7425,starexec,LCL373+2.p,e1b,unary-redundancy,TIMEOUT,2,846.623,164137.874,,,7078,4597763,6634,4553487,3,0,,,,,,,false,
7425,starexec,LCL373+2.p,e1b,weight-greedy,TIMEOUT,2,700.993,164224.885,,,15853,4506551,15374,3998606,3,0,,,,,,,false,
7425,starexec,LCL374+1.p,e1b,age-fair,TIMEOUT,4,744.524,164159.992,,,7840,5177720,7519,5163179,5,0,,,,,,,false,
7425,starexec,LCL374+1.p,e1b,balanced,TIMEOUT,4,325.189,165860.220,,,10374,8981955,9917,8949667,5,0,,,,,,,false,
7425,starexec,LCL374+1.p,e1b,equational,TIMEOUT,4,635.198,164148.528,,,8060,5464942,7640,5438972,5,0,,,,,,,false,
7425,starexec,LCL374+1.p,e1b,first-negative,TIMEOUT,4,815.595,163783.254,,,12629,3180679,11431,3062807,5,0,,,,,,,false,
7425,starexec,LCL374+1.p,e1b,occurrence,TIMEOUT,4,755.200,164220.031,,,7775,5826748,7440,5772961,5,0,,,,,,,false,
7425,starexec,LCL374+1.p,e1b,subsumption-light,TIMEOUT,4,634.220,164150.457,,,6335,3688846,5996,3667608,5,0,,,,,,,false,
7425,starexec,LCL374+1.p,e1b,unary-redundancy,TIMEOUT,4,723.725,164173.677,,,6252,3624199,5913,3603251,5,0,,,,,,,false,
7425,starexec,LCL374+1.p,e1b,weight-greedy,TIMEOUT,4,643.122,164634.849,,,26167,5813119,25582,5486326,5,0,,,,,,,false,
7425,starexec,LCL375+1.p,e1b,age-fair,TIMEOUT,4,420.934,164969.233,,,9941,8502825,9664,8484510,5,0,,,,,,,false,
7425,starexec,LCL375+1.p,e1b,balanced,TIMEOUT,4,342.382,165080.026,,,10126,8883967,9707,8852507,5,0,,,,,,,false,
7425,starexec,LCL375+1.p,e1b,equational,TIMEOUT,4,353.461,164974.298,,,10305,8666847,9930,8634413,5,0,,,,,,,false,
7425,starexec,LCL375+1.p,e1b,first-negative,TIMEOUT,4,419.914,164820.593,,,14949,5580371,13560,5456159,5,0,,,,,,,false,
7425,starexec,LCL375+1.p,e1b,occurrence,TIMEOUT,4,433.229,164965.319,,,9983,9825387,9379,9750510,5,0,,,,,,,false,
7425,starexec,LCL375+1.p,e1b,subsumption-light,TIMEOUT,4,368.972,164993.300,,,8189,5803192,7750,5776590,5,0,,,,,,,false,
7425,starexec,LCL375+1.p,e1b,unary-redundancy,TIMEOUT,4,422.165,164959.645,,,8132,5770870,7725,5744296,5,0,,,,,,,false,
7425,starexec,LCL375+1.p,e1b,weight-greedy,TIMEOUT,4,374.682,164974.828,,,28648,9229490,26501,8878217,5,0,,,,,,,false,
7425,starexec,LCL382+1.p,e1b,age-fair,TIMEOUT,4,734.820,164231.043,,,7908,5306698,7586,5292054,5,0,,,,,,,false,
7425,starexec,LCL382+1.p,e1b,balanced,TIMEOUT,4,319.787,165249.502,,,10659,9242376,10294,9209156,5,0,,,,,,,false,
7425,starexec,LCL382+1.p,e1b,equational,REFUTED,4,872.554,139742.391,250.845,457.325,7455,4650226,7175,4625492,5,0,219,11044,525,107,5,false,false,
7425,starexec,LCL382+1.p,e1b,first-negative,TIMEOUT,4,775.740,163968.477,,,13167,3108245,11760,2991497,5,0,,,,,,,false,
7425,starexec,LCL382+1.p,e1b,occurrence,REFUTED,4,930.596,11840.569,184.158,265.314,1528,227446,1426,218744,5,0,189,8920,413,95,5,false,false,
7425,starexec,LCL382+1.p,e1b,subsumption-light,TIMEOUT,4,651.846,164237.805,,,6330,3721064,6058,3701388,5,0,,,,,,,false,
7425,starexec,LCL382+1.p,e1b,unary-redundancy,TIMEOUT,4,719.326,164170.968,,,6354,3740364,6082,3720594,5,0,,,,,,,false,
7425,starexec,LCL382+1.p,e1b,weight-greedy,TIMEOUT,4,656.557,164224.742,,,20330,4829592,19637,4550856,5,0,,,,,,,false,
7425,starexec,LCL382+2.p,e1b,age-fair,TIMEOUT,2,862.885,164116.080,,,7139,4674825,6659,4649039,3,0,,,,,,,false,
7425,starexec,LCL382+2.p,e1b,balanced,TIMEOUT,2,384.568,165003.007,,,9243,8283889,8539,8215231,3,0,,,,,,,false,
7425,starexec,LCL382+2.p,e1b,equational,TIMEOUT,2,744.437,164129.589,,,7153,4766691,6706,4719343,3,0,,,,,,,false,
7425,starexec,LCL382+2.p,e1b,first-negative,TIMEOUT,2,940.296,163775.934,,,9034,2312431,8728,2152687,3,0,,,,,,,false,
7425,starexec,LCL382+2.p,e1b,occurrence,TIMEOUT,2,859.287,164099.487,,,7234,4673335,7024,4551973,3,0,,,,,,,false,
7425,starexec,LCL382+2.p,e1b,subsumption-light,TIMEOUT,2,736.612,164103.604,,,7010,4485787,6580,4442715,3,0,,,,,,,false,
7425,starexec,LCL382+2.p,e1b,unary-redundancy,TIMEOUT,2,883.496,164135.901,,,6996,4468630,6566,4425652,3,0,,,,,,,false,
7425,starexec,LCL382+2.p,e1b,weight-greedy,TIMEOUT,2,722.369,164096.700,,,14095,4006037,13694,3510315,3,0,,,,,,,false,
7425,starexec,LCL383+1.p,e1b,age-fair,TIMEOUT,4,725.058,164646.601,,,8093,5410459,7725,5395064,5,0,,,,,,,false,
7425,starexec,LCL383+1.p,e1b,balanced,TIMEOUT,4,318.111,165082.395,,,10684,9389614,10229,9355520,5,0,,,,,,,false,
7425,starexec,LCL383+1.p,e1b,equational,TIMEOUT,4,663.488,164242.045,,,7968,5258490,7491,5231538,5,0,,,,,,,false,
7425,starexec,LCL383+1.p,e1b,first-negative,TIMEOUT,4,826.999,163785.104,,,14974,2914137,13883,2821871,5,0,,,,,,,false,
7425,starexec,LCL383+1.p,e1b,occurrence,REFUTED,4,922.815,13873.202,195.896,255.528,1900,321693,1760,310686,5,0,191,10487,422,103,5,false,false,
7425,starexec,LCL383+1.p,e1b,subsumption-light,TIMEOUT,4,625.930,164191.188,,,6485,3810247,6063,3788281,5,0,,,,,,,false,
7425,starexec,LCL383+1.p,e1b,unary-redundancy,TIMEOUT,4,731.522,164196.336,,,6517,3843718,6107,3821742,5,0,,,,,,,false,
7425,starexec,LCL383+1.p,e1b,weight-greedy,TIMEOUT,4,622.697,164253.608,,,22879,5455758,21909,5149127,5,0,,,,,,,false,
7425,starexec,LCL390+2.p,e1b,age-fair,TIMEOUT,2,820.858,164158.557,,,7287,4708435,6732,4682514,3,0,,,,,,,false,
7425,starexec,LCL390+2.p,e1b,balanced,TIMEOUT,2,384.605,165013.277,,,9470,8565952,8612,8496892,3,0,,,,,,,false,
7425,starexec,LCL390+2.p,e1b,equational,TIMEOUT,2,677.160,164179.874,,,7229,4919524,6772,4871908,3,0,,,,,,,false,
7425,starexec,LCL390+2.p,e1b,first-negative,TIMEOUT,2,860.780,163789.745,,,9171,2350124,8843,2185428,3,0,,,,,,,false,
7425,starexec,LCL390+2.p,e1b,occurrence,TIMEOUT,2,770.852,164147.888,,,7409,4834243,7186,4710751,3,0,,,,,,,false,
7425,starexec,LCL390+2.p,e1b,subsumption-light,TIMEOUT,2,648.588,164101.103,,,7094,4624476,6683,4579796,3,0,,,,,,,false,
7425,starexec,LCL390+2.p,e1b,unary-redundancy,TIMEOUT,2,782.749,164334.648,,,7159,4698807,6738,4653403,3,0,,,,,,,false,
7425,starexec,LCL390+2.p,e1b,weight-greedy,TIMEOUT,2,664.508,164112.408,,,14975,4417083,14585,3910294,3,0,,,,,,,false,
7425,starexec,LCL391+2.p,e1b,age-fair,TIMEOUT,2,788.558,164221.548,,,7241,4776583,6755,4750340,3,0,,,,,,,false,
7425,starexec,LCL391+2.p,e1b,balanced,TIMEOUT,2,360.104,165001.719,,,9429,8569818,8724,8500296,3,0,,,,,,,false,
7425,starexec,LCL391+2.p,e1b,equational,TIMEOUT,2,683.526,164153.196,,,7278,4934110,6823,4886406,3,0,,,,,,,false,
7425,starexec,LCL391+2.p,e1b,first-negative,TIMEOUT,2,858.196,163798.520,,,9183,2353038,8852,2187850,3,0,,,,,,,false,
7425,starexec,LCL391+2.p,e1b,occurrence,TIMEOUT,2,788.118,164235.882,,,7413,4832221,7205,4708519,3,0,,,,,,,false,
7425,starexec,LCL391+2.p,e1b,subsumption-light,TIMEOUT,2,681.181,164317.814,,,7093,4592342,6648,4548482,3,0,,,,,,,false,
7425,starexec,LCL391+2.p,e1b,unary-redundancy,TIMEOUT,2,778.937,164128.887,,,7139,4657274,6691,4612486,3,0,,,,,,,false,
7425,starexec,LCL391+2.p,e1b,weight-greedy,TIMEOUT,2,711.680,164167.639,,,13016,3509202,12654,3051764,3,0,,,,,,,false,
7425,starexec,LCL392+2.p,e1b,age-fair,TIMEOUT,2,824.953,164261.096,,,7256,4778863,6772,4752575,3,0,,,,,,,false,
7425,starexec,LCL392+2.p,e1b,balanced,TIMEOUT,2,355.669,165045.637,,,9470,8473371,8604,8404611,3,0,,,,,,,false,
7425,starexec,LCL392+2.p,e1b,equational,TIMEOUT,2,681.837,164252.697,,,7213,4841154,6755,4793704,3,0,,,,,,,false,
7425,starexec,LCL392+2.p,e1b,first-negative,TIMEOUT,2,916.979,163783.885,,,9060,2319559,8744,2158818,3,0,,,,,,,false,
7425,starexec,LCL392+2.p,e1b,occurrence,TIMEOUT,2,834.926,164190.140,,,7313,4723554,7091,4602927,3,0,,,,,,,false,
7425,starexec,LCL392+2.p,e1b,subsumption-light,TIMEOUT,2,705.241,164275.690,,,7124,4601056,6682,4557154,3,0,,,,,,,false,
7425,starexec,LCL392+2.p,e1b,unary-redundancy,TIMEOUT,2,800.183,164197.281,,,7145,4629838,6692,4585602,3,0,,,,,,,false,
7425,starexec,LCL392+2.p,e1b,weight-greedy,TIMEOUT,2,689.941,164246.725,,,15862,4468454,15558,3961325,3,0,,,,,,,false,
7425,starexec,LCL393+1.p,e1b,age-fair,TIMEOUT,4,713.101,164183.296,,,7859,5222699,7534,5208127,5,0,,,,,,,false,
7425,starexec,LCL393+1.p,e1b,balanced,TIMEOUT,4,315.090,165079.874,,,11865,11627644,11404,11590112,5,0,,,,,,,false,
7425,starexec,LCL393+1.p,e1b,equational,TIMEOUT,4,622.854,164248.008,,,8580,6085283,8197,6057969,5,0,,,,,,,false,
7425,starexec,LCL393+1.p,e1b,first-negative,TIMEOUT,4,812.948,163814.158,,,12993,3042407,11529,2928659,5,0,,,,,,,false,
7425,starexec,LCL393+1.p,e1b,occurrence,TIMEOUT,4,725.029,164160.166,,,8877,8014704,8404,7950502,5,0,,,,,,,false,
7425,starexec,LCL393+1.p,e1b,subsumption-light,TIMEOUT,4,597.134,164254.436,,,6711,4141600,6357,4118870,5,0,,,,,,,false,
7425,starexec,LCL393+1.p,e1b,unary-redundancy,TIMEOUT,4,723.760,164220.633,,,6655,4056767,6313,4034247,5,0,,,,,,,false,
7425,starexec,LCL393+1.p,e1b,weight-greedy,TIMEOUT,4,611.894,164297.615,,,24121,6920137,23261,6615512,5,0,,,,,,,false,
7425,starexec,LCL393+2.p,e1b,age-fair,TIMEOUT,2,542.216,164787.333,,,6996,4973570,6489,4946875,3,0,,,,,,,false,
7425,starexec,LCL393+2.p,e1b,balanced,TIMEOUT,2,229.821,165346.322,,,9619,8650796,8676,8581836,3,0,,,,,,,false,
7425,starexec,LCL393+2.p,e1b,equational,TIMEOUT,2,466.056,164785.860,,,6993,5221534,6459,5171386,3,0,,,,,,,false,
7425,starexec,LCL393+2.p,e1b,first-negative,TIMEOUT,2,591.759,164581.575,,,9272,2374457,8923,2206247,3,0,,,,,,,false,
7425,starexec,LCL393+2.p,e1b,occurrence,TIMEOUT,2,529.227,168388.764,,,9059,7306069,8797,7130192,3,0,,,,,,,false,
7425,starexec,LCL393+2.p,e1b,subsumption-light,TIMEOUT,2,461.730,164778.924,,,6721,4714872,6478,4667646,3,0,,,,,,,false,
7425,starexec,LCL393+2.p,e1b,unary-redundancy,TIMEOUT,2,564.558,164791.757,,,6759,4757509,6511,4710159,3,0,,,,,,,false,
7425,starexec,LCL393+2.p,e1b,weight-greedy,TIMEOUT,2,482.232,164828.608,,,15545,4601608,15243,4093421,3,0,,,,,,,false,
7425,starexec,LCL395+1.p,e1b,age-fair,TIMEOUT,4,758.895,164199.902,,,7867,5227648,7545,5213070,5,0,,,,,,,false,
7425,starexec,LCL395+1.p,e1b,balanced,HARD_TIMEOUT,4,0.000,,,,,,,,,,,,,,,,false,
7425,starexec,LCL395+1.p,e1b,equational,TIMEOUT,4,634.449,164203.733,,,7805,5231655,7346,5205225,5,0,,,,,,,false,
7425,starexec,LCL395+1.p,e1b,first-negative,TIMEOUT,4,847.064,163855.991,,,12198,2959995,10931,2844541,5,0,,,,,,,false,
7425,starexec,LCL395+1.p,e1b,occurrence,TIMEOUT,4,742.800,164167.715,,,7747,5916891,7324,5862874,5,0,,,,,,,false,
7425,starexec,LCL395+1.p,e1b,subsumption-light,TIMEOUT,4,638.292,164169.925,,,6410,3727418,5999,3705794,5,0,,,,,,,false,
7425,starexec,LCL395+1.p,e1b,unary-redundancy,TIMEOUT,4,704.534,164174.021,,,6422,3740233,6011,3718579,5,0,,,,,,,false,
7425,starexec,LCL395+1.p,e1b,weight-greedy,TIMEOUT,4,639.210,164124.124,,,23502,5148144,22805,4852396,5,0,,,,,,,false,
7425,starexec,LCL395+2.p,e1b,age-fair,TIMEOUT,2,825.904,164189.669,,,7027,4904184,6425,4877807,3,0,,,,,,,false,
7425,starexec,LCL395+2.p,e1b,balanced,TIMEOUT,2,349.874,165058.072,,,11212,10999868,10343,10922978,3,0,,,,,,,false,
7425,starexec,LCL395+2.p,e1b,equational,TIMEOUT,2,694.629,164238.133,,,7381,5709914,6810,5656822,3,0,,,,,,,false,
7425,starexec,LCL395+2.p,e1b,first-negative,TIMEOUT,2,941.532,163863.626,,,9187,2353824,8856,2188623,3,0,,,,,,,false,
7425,starexec,LCL395+2.p,e1b,occurrence,TIMEOUT,2,819.635,164175.691,,,8594,6614176,8317,6450744,3,0,,,,,,,false,
7425,starexec,LCL395+2.p,e1b,subsumption-light,TIMEOUT,2,681.164,164269.327,,,7177,5253909,6882,5203901,3,0,,,,,,,false,
7425,starexec,LCL395+2.p,e1b,unary-redundancy,TIMEOUT,2,839.415,164202.944,,,7151,5192425,6856,5142491,3,0,,,,,,,false,
7425,starexec,LCL395+2.p,e1b,weight-greedy,TIMEOUT,2,692.788,164259.634,,,16698,6226386,16068,5642485,3,0,,,,,,,false,
7425,starexec,LCL484+1.p,e1b,age-fair,REFUTED,44,3746.490,1590.471,114.558,13538.209,123,804,90,677,74,55,1443,1191907,2871,1818,45,false,false,
7425,starexec,LCL484+1.p,e1b,balanced,REFUTED,44,1641.060,676.124,74.901,7074.464,119,264,108,138,74,55,1400,1190894,2945,1818,45,false,false,
7425,starexec,LCL484+1.p,e1b,equational,REFUTED,44,2910.414,1141.238,123.116,13090.662,129,321,117,183,74,55,1400,1190894,2945,1818,45,false,false,
7425,starexec,LCL484+1.p,e1b,first-negative,REFUTED,44,3478.446,927.257,116.649,13671.471,65,91,56,74,74,55,1443,1191907,2871,1818,45,false,false,
7425,starexec,LCL484+1.p,e1b,occurrence,REFUTED,44,3345.993,981.132,114.475,12359.114,94,139,89,74,74,55,1443,1191907,2871,1818,45,false,false,
7425,starexec,LCL484+1.p,e1b,subsumption-light,REFUTED,44,2864.359,1314.793,121.206,13012.850,119,262,108,136,74,55,1400,1190894,2945,1818,45,false,false,
7425,starexec,LCL484+1.p,e1b,unary-redundancy,REFUTED,44,3194.811,1102.085,98.960,12701.948,119,264,108,138,74,55,1443,1191907,2871,1818,45,false,false,
7425,starexec,LCL484+1.p,e1b,weight-greedy,REFUTED,44,2900.696,808.018,111.153,13041.072,60,105,56,74,74,55,1400,1190894,2945,1818,45,false,false,
7425,starexec,LCL556+1.p,e1b,balanced,TIMEOUT,76,971.131,164900.065,,,22293,8855258,17066,8791278,135,94,,,,,,,false,
7425,starexec,LCL556+1.p,e1b,equational,TIMEOUT,76,1861.069,163790.983,,,19791,5522496,17057,5460094,135,94,,,,,,,false,
7425,starexec,LCL556+1.p,e1b,first-negative,TIMEOUT,76,2946.337,163561.655,,,6764,4442649,6155,4417803,135,94,,,,,,,false,
7425,starexec,LCL556+1.p,e1b,occurrence,HARD_TIMEOUT,76,0.000,,,,,,,,,,,,,,,,false,
7425,starexec,LCL556+1.p,e1b,subsumption-light,TIMEOUT,76,1921.876,163832.835,,,14648,4303508,10300,4260764,135,94,,,,,,,false,
7425,starexec,LCL556+1.p,e1b,unary-redundancy,TIMEOUT,76,2466.115,163963.821,,,11516,3887259,7889,3859063,135,94,,,,,,,false,
7425,starexec,LCL556+1.p,e1b,weight-greedy,TIMEOUT,76,1926.446,164061.694,,,11370,4659458,10170,4558255,135,94,,,,,,,false,
7425,starexec,LCL638+1.020.p,e1b,age-fair,HARD_TIMEOUT,0,0.000,,,,,,,,,,,,,,,,false,
7425,starexec,LCL638+1.020.p,e1b,balanced,HARD_TIMEOUT,0,0.000,,,,,,,,,,,,,,,,false,
7425,starexec,LCL638+1.020.p,e1b,equational,HARD_TIMEOUT,0,0.000,,,,,,,,,,,,,,,,false,
7425,starexec,LCL638+1.020.p,e1b,first-negative,HARD_TIMEOUT,0,0.000,,,,,,,,,,,,,,,,false,
7425,starexec,LCL638+1.020.p,e1b,occurrence,HARD_TIMEOUT,0,0.000,,,,,,,,,,,,,,,,false,
7425,starexec,LCL638+1.020.p,e1b,subsumption-light,HARD_TIMEOUT,0,0.000,,,,,,,,,,,,,,,,false,
7425,starexec,LCL638+1.020.p,e1b,unary-redundancy,HARD_TIMEOUT,0,0.000,,,,,,,,,,,,,,,,false,
7425,starexec,LCL638+1.020.p,e1b,weight-greedy,HARD_TIMEOUT,0,0.000,,,,,,,,,,,,,,,,false,
7425,starexec,LCL646+1.010.p,e1b,age-fair,HARD_TIMEOUT,0,0.000,,,,,,,,,,,,,,,,false,
7425,starexec,LCL646+1.010.p,e1b,balanced,HARD_TIMEOUT,0,0.000,,,,,,,,,,,,,,,,false,
7425,starexec,LCL646+1.010.p,e1b,equational,HARD_TIMEOUT,0,0.000,,,,,,,,,,,,,,,,false,
7425,starexec,LCL646+1.010.p,e1b,first-negative,KILLED,,0.000,,,,,,,,,,,,,,,,false,killed before finishing
7425,starexec,LCL646+1.010.p,e1b,occurrence,HARD_TIMEOUT,0,0.000,,,,,,,,,,,,,,,,false,
7425,starexec,LCL646+1.010.p,e1b,subsumption-light,HARD_TIMEOUT,0,0.000,,,,,,,,,,,,,,,,false,
7425,starexec,LCL646+1.010.p,e1b,unary-redundancy,HARD_TIMEOUT,0,0.000,,,,,,,,,,,,,,,,false,
7425,starexec,LCL646+1.010.p,e1b,weight-greedy,HARD_TIMEOUT,0,0.000,,,,,,,,,,,,,,,,false,
7425,starexec,LCL646+1.015.p,e1b,age-fair,HARD_TIMEOUT,0,0.000,,,,,,,,,,,,,,,,false,
7425,starexec,LCL646+1.015.p,e1b,balanced,HARD_TIMEOUT,0,0.000,,,,,,,,,,,,,,,,false,
7425,starexec,LCL646+1.015.p,e1b,equational,HARD_TIMEOUT,0,0.000,,,,,,,,,,,,,,,,false,
7425,starexec,LCL646+1.015.p,e1b,subsumption-light,HARD_TIMEOUT,0,0.000,,,,,,,,,,,,,,,,false,
7425,starexec,LCL646+1.015.p,e1b,unary-redundancy,HARD_TIMEOUT,0,0.000,,,,,,,,,,,,,,,,false,
7425,starexec,LCL646+1.015.p,e1b,weight-greedy,HARD_TIMEOUT,0,0.000,,,,,,,,,,,,,,,,false,
7425,starexec,LCL648+1.010.p,e1b,age-fair,HARD_TIMEOUT,0,0.000,,,,,,,,,,,,,,,,false,
7425,starexec,LCL648+1.010.p,e1b,balanced,HARD_TIMEOUT,0,0.000,,,,,,,,,,,,,,,,false,
7425,starexec,LCL648+1.010.p,e1b,equational,HARD_TIMEOUT,0,0.000,,,,,,,,,,,,,,,,false,
7425,starexec,LCL648+1.010.p,e1b,first-negative,HARD_TIMEOUT,0,0.000,,,,,,,,,,,,,,,,false,
7425,starexec,LCL648+1.010.p,e1b,occurrence,HARD_TIMEOUT,0,0.000,,,,,,,,,,,,,,,,false,
7425,starexec,LCL648+1.010.p,e1b,subsumption-light,HARD_TIMEOUT,0,0.000,,,,,,,,,,,,,,,,false,
7425,starexec,LCL648+1.010.p,e1b,unary-redundancy,HARD_TIMEOUT,0,0.000,,,,,,,,,,,,,,,,false,
7425,starexec,LCL648+1.010.p,e1b,weight-greedy,HARD_TIMEOUT,0,0.000,,,,,,,,,,,,,,,,false,
7425,starexec,LCL650+1.010.p,e1b,age-fair,HARD_TIMEOUT,0,0.000,,,,,,,,,,,,,,,,false,
7425,starexec,LCL650+1.010.p,e1b,balanced,TIMEOUT,0,1624.995,165831.501,,,7016,118792,6909,111730,220,126,,,,,,,false,
7425,starexec,LCL650+1.010.p,e1b,equational,HARD_TIMEOUT,0,0.000,,,,,,,,,,,,,,,,false,
7425,starexec,LCL650+1.010.p,e1b,first-negative,HARD_TIMEOUT,0,0.000,,,,,,,,,,,,,,,,false,
7425,starexec,LCL650+1.010.p,e1b,occurrence,HARD_TIMEOUT,0,0.000,,,,,,,,,,,,,,,,false,
7425,starexec,LCL650+1.010.p,e1b,subsumption-light,HARD_TIMEOUT,0,0.000,,,,,,,,,,,,,,,,false,
7425,starexec,LCL650+1.010.p,e1b,unary-redundancy,HARD_TIMEOUT,0,0.000,,,,,,,,,,,,,,,,false,
7425,starexec,LCL650+1.010.p,e1b,weight-greedy,TIMEOUT,0,2896.644,164894.883,,,48201,201802,47659,151803,220,126,,,,,,,false,
7425,starexec,LCL652+1.010.p,e1b,age-fair,HARD_TIMEOUT,0,0.000,,,,,,,,,,,,,,,,false,
7425,starexec,LCL652+1.010.p,e1b,balanced,TIMEOUT,0,2144.019,164695.893,,,69059,4855804,66195,4781299,181,110,,,,,,,false,
7425,starexec,LCL652+1.010.p,e1b,equational,TIMEOUT,0,2563.490,164320.542,,,61781,4210960,58860,4144386,181,110,,,,,,,false,
7425,starexec,LCL652+1.010.p,e1b,first-negative,TIMEOUT,0,3351.290,163927.136,,,33210,8052652,31067,8016538,181,110,,,,,,,false,
7425,starexec,LCL652+1.010.p,e1b,occurrence,HARD_TIMEOUT,0,0.000,,,,,,,,,,,,,,,,false,
7425,starexec,LCL652+1.010.p,e1b,subsumption-light,TIMEOUT,0,2645.582,164408.143,,,29049,763782,24876,730666,181,110,,,,,,,false,
7425,starexec,LCL652+1.010.p,e1b,unary-redundancy,HARD_TIMEOUT,0,0.000,,,,,,,,,,,,,,,,false,
7425,starexec,LCL652+1.010.p,e1b,weight-greedy,TIMEOUT,0,2759.555,164285.292,,,64110,3324446,56452,3249225,181,110,,,,,,,false,
7425,starexec,LCL662+1.020.p,e1b,age-fair,CLAUSIFY_ERR(StackOverflowError),1,125.865,,,,,,,,,,,,,,,,false,
7425,starexec,LCL662+1.020.p,e1b,balanced,HARD_TIMEOUT,1,0.000,,,,,,,,,,,,,,,,false,
7425,starexec,LCL662+1.020.p,e1b,equational,HARD_TIMEOUT,1,0.000,,,,,,,,,,,,,,,,false,
7425,starexec,LCL662+1.020.p,e1b,first-negative,CLAUSIFY_ERR(StackOverflowError),1,147.070,,,,,,,,,,,,,,,,false,
7425,starexec,LCL662+1.020.p,e1b,occurrence,CLAUSIFY_ERR(StackOverflowError),1,125.134,,,,,,,,,,,,,,,,false,
7425,starexec,LCL662+1.020.p,e1b,subsumption-light,HARD_TIMEOUT,1,0.000,,,,,,,,,,,,,,,,false,
7425,starexec,LCL662+1.020.p,e1b,unary-redundancy,CLAUSIFY_ERR(StackOverflowError),1,129.561,,,,,,,,,,,,,,,,false,
7425,starexec,LCL662+1.020.p,e1b,weight-greedy,HARD_TIMEOUT,1,0.000,,,,,,,,,,,,,,,,false,
7425,starexec,LCL664+1.010.p,e1b,age-fair,HARD_TIMEOUT,1,0.000,,,,,,,,,,,,,,,,false,
7425,starexec,LCL664+1.010.p,e1b,balanced,HARD_TIMEOUT,1,0.000,,,,,,,,,,,,,,,,false,
7425,starexec,LCL664+1.010.p,e1b,equational,HARD_TIMEOUT,1,0.000,,,,,,,,,,,,,,,,false,
7425,starexec,LCL664+1.010.p,e1b,first-negative,HARD_TIMEOUT,1,0.000,,,,,,,,,,,,,,,,false,
7425,starexec,LCL664+1.010.p,e1b,subsumption-light,HARD_TIMEOUT,1,0.000,,,,,,,,,,,,,,,,false,
7425,starexec,LCL664+1.010.p,e1b,unary-redundancy,HARD_TIMEOUT,1,0.000,,,,,,,,,,,,,,,,false,
7425,starexec,LCL664+1.010.p,e1b,weight-greedy,HARD_TIMEOUT,1,0.000,,,,,,,,,,,,,,,,false,
7425,starexec,LCL666+1.010.p,e1b,age-fair,HARD_TIMEOUT,1,0.000,,,,,,,,,,,,,,,,false,
7425,starexec,LCL666+1.010.p,e1b,balanced,HARD_TIMEOUT,1,0.000,,,,,,,,,,,,,,,,false,
7425,starexec,LCL666+1.010.p,e1b,equational,HARD_TIMEOUT,1,0.000,,,,,,,,,,,,,,,,false,
7425,starexec,LCL666+1.010.p,e1b,first-negative,HARD_TIMEOUT,1,0.000,,,,,,,,,,,,,,,,false,
7425,starexec,LCL666+1.010.p,e1b,occurrence,HARD_TIMEOUT,1,0.000,,,,,,,,,,,,,,,,false,
7425,starexec,LCL666+1.010.p,e1b,subsumption-light,HARD_TIMEOUT,1,0.000,,,,,,,,,,,,,,,,false,
7425,starexec,LCL666+1.010.p,e1b,unary-redundancy,HARD_TIMEOUT,1,0.000,,,,,,,,,,,,,,,,false,
7425,starexec,LCL666+1.010.p,e1b,weight-greedy,HARD_TIMEOUT,1,0.000,,,,,,,,,,,,,,,,false,
7425,starexec,LCL688+1.001.p,e1b,age-fair,TIMEOUT,2,1636.174,163992.715,,,22534,4155011,21106,4108007,28,16,,,,,,,false,
7425,starexec,LCL688+1.001.p,e1b,balanced,REFUTED,2,1216.772,19326.294,73.420,2967.897,11460,503738,10834,480244,28,16,537,512586,1711,5041,3,false,false,
7425,starexec,LCL688+1.001.p,e1b,equational,REFUTED,2,2021.063,20798.179,131.462,5166.381,7842,307827,7317,291938,28,16,537,512586,1711,5041,3,false,false,
7425,starexec,LCL688+1.001.p,e1b,first-negative,REFUTED,2,3183.852,3999.800,134.739,5633.831,1741,13656,1680,10691,28,16,547,492161,1832,4465,3,false,false,
7425,starexec,LCL688+1.001.p,e1b,occurrence,TIMEOUT,2,1600.048,164216.306,,,33746,1023261,25847,931439,28,16,,,,,,,false,
7425,starexec,LCL688+1.001.p,e1b,subsumption-light,REFUTED,2,2027.757,16193.039,113.617,5220.301,4074,87877,3268,79010,28,16,537,512571,1706,5041,3,false,false,
7425,starexec,LCL688+1.001.p,e1b,unary-redundancy,REFUTED,2,2399.280,17210.409,118.353,4089.854,3926,95224,3322,87380,28,16,542,485357,1824,4465,3,false,false,
7425,starexec,LCL688+1.001.p,e1b,weight-greedy,REFUTED,2,2221.232,147501.550,179.288,5640.414,31591,3335655,29181,3264961,28,16,598,603761,1755,5041,3,false,false,
7425,starexec,LCL688+1.015.p,e1b,age-fair,HARD_TIMEOUT,2,0.000,,,,,,,,,,,,,,,,false,
7425,starexec,LCL688+1.015.p,e1b,equational,TIMEOUT,2,3796.315,164039.566,,,27252,15267646,22636,15227486,294,184,,,,,,,false,
7425,starexec,LCL688+1.015.p,e1b,first-negative,HARD_TIMEOUT,2,0.000,,,,,,,,,,,,,,,,false,
7425,starexec,LCL688+1.015.p,e1b,occurrence,HARD_TIMEOUT,2,0.000,,,,,,,,,,,,,,,,false,
7425,starexec,LCL688+1.015.p,e1b,subsumption-light,HARD_TIMEOUT,2,0.000,,,,,,,,,,,,,,,,false,
7425,starexec,LCL688+1.015.p,e1b,unary-redundancy,HARD_TIMEOUT,2,0.000,,,,,,,,,,,,,,,,false,
7425,starexec,LCL688+1.015.p,e1b,weight-greedy,HARD_TIMEOUT,2,0.000,,,,,,,,,,,,,,,,false,
7425,starexec,LCL891+1.p,e1b,age-fair,TIMEOUT,12,972.930,164547.206,,,1377,4462146,1351,4457949,16,3,,,,,,,false,
7425,starexec,LCL891+1.p,e1b,balanced,TIMEOUT,12,440.664,165558.844,,,2100,7262805,1929,7254563,16,3,,,,,,,false,
7425,starexec,LCL891+1.p,e1b,equational,TIMEOUT,12,839.910,164175.340,,,1811,4664131,1650,4656801,16,3,,,,,,,false,
7425,starexec,LCL891+1.p,e1b,first-negative,TIMEOUT,12,1058.066,163877.790,,,1627,4124674,1401,4117792,16,3,,,,,,,false,
7425,starexec,LCL891+1.p,e1b,occurrence,TIMEOUT,12,968.365,164236.052,,,3145,6133298,2651,6091896,16,3,,,,,,,false,
7425,starexec,LCL891+1.p,e1b,subsumption-light,TIMEOUT,12,841.879,164793.450,,,1902,4619868,1734,4612182,16,3,,,,,,,false,
7425,starexec,LCL891+1.p,e1b,unary-redundancy,TIMEOUT,12,984.904,164621.157,,,1964,4590897,1654,4583037,16,3,,,,,,,false,
7425,starexec,LCL891+1.p,e1b,weight-greedy,TIMEOUT,12,830.354,164123.683,,,5160,7069102,4594,6916287,16,3,,,,,,,false,
7425,starexec,LCL898+1.p,e1b,age-fair,TIMEOUT,14,937.717,166387.799,,,4810,6474211,4558,6460661,16,2,,,,,,,false,
7425,starexec,LCL898+1.p,e1b,balanced,TIMEOUT,14,289.678,165298.890,,,6782,16456720,6531,16425012,16,2,,,,,,,false,
7425,starexec,LCL898+1.p,e1b,equational,TIMEOUT,14,539.301,164704.909,,,6070,10479203,5829,10451589,16,2,,,,,,,false,
7425,starexec,LCL898+1.p,e1b,first-negative,TIMEOUT,14,730.824,164562.984,,,2016,8607863,1953,8589631,16,2,,,,,,,false,
7425,starexec,LCL898+1.p,e1b,occurrence,TIMEOUT,14,617.208,164751.463,,,7720,10279516,7337,10196879,16,2,,,,,,,false,
7425,starexec,LCL898+1.p,e1b,subsumption-light,TIMEOUT,14,576.257,165105.510,,,5855,8564458,5574,8537708,16,2,,,,,,,false,
7425,starexec,LCL898+1.p,e1b,unary-redundancy,TIMEOUT,14,620.087,165636.028,,,5441,8453608,5198,8429722,16,2,,,,,,,false,
7425,starexec,LCL898+1.p,e1b,weight-greedy,TIMEOUT,14,563.605,164715.885,,,7702,11778434,6818,11474846,16,2,,,,,,,false,
7425,starexec,LCL901+1.p,e1b,age-fair,TIMEOUT,14,919.387,164143.063,,,3839,6873285,3663,6858297,16,1,,,,,,,false,
7425,starexec,LCL901+1.p,e1b,balanced,REFUTED,14,366.424,102418.791,55.663,278.062,2349,10470272,2227,10444321,16,1,297,18039,750,211,15,false,false,
7425,starexec,LCL901+1.p,e1b,equational,TIMEOUT,14,539.029,165192.442,,,2182,8713007,2066,8692485,16,1,,,,,,,false,
7425,starexec,LCL901+1.p,e1b,first-negative,TIMEOUT,14,706.459,164601.943,,,1477,6958604,1373,6934850,16,1,,,,,,,false,
7425,starexec,LCL901+1.p,e1b,occurrence,REFUTED,14,773.995,8621.632,108.085,413.890,787,196412,725,185854,16,1,292,16578,676,211,15,false,false,
7425,starexec,LCL901+1.p,e1b,subsumption-light,TIMEOUT,14,547.373,164757.012,,,2175,8592482,2059,8572284,16,1,,,,,,,false,
7425,starexec,LCL901+1.p,e1b,unary-redundancy,TIMEOUT,14,635.350,164922.296,,,2269,8451722,2140,8429420,16,1,,,,,,,false,
7425,starexec,LCL901+1.p,e1b,weight-greedy,REFUTED,14,694.554,52511.410,160.448,484.068,4169,3817887,3801,3624456,16,1,320,19039,772,211,15,false,false,
7425,starexec,LCL978+1.p,e1b,age-fair,TIMEOUT,2,859.082,164243.224,,,5254,5814055,4665,5767185,3,3,,,,,,,false,
7425,starexec,LCL978+1.p,e1b,balanced,TIMEOUT,2,387.205,165037.911,,,7630,11949028,7115,11877162,3,3,,,,,,,false,
7425,starexec,LCL978+1.p,e1b,equational,TIMEOUT,2,740.617,164272.662,,,5802,6603647,5325,6554373,3,3,,,,,,,false,
7425,starexec,LCL978+1.p,e1b,first-negative,TIMEOUT,2,914.706,163905.042,,,8784,3346777,7347,3181947,3,3,,,,,,,false,
7425,starexec,LCL978+1.p,e1b,occurrence,TIMEOUT,2,892.124,164327.290,,,6263,6963043,5749,6801416,3,3,,,,,,,false,
7425,starexec,LCL978+1.p,e1b,subsumption-light,TIMEOUT,2,744.940,167085.806,,,8788,4529642,7981,4477276,3,3,,,,,,,false,
7425,starexec,LCL978+1.p,e1b,unary-redundancy,TIMEOUT,2,824.720,165978.617,,,8788,4529642,7981,4477276,3,3,,,,,,,false,
7425,starexec,LCL978+1.p,e1b,weight-greedy,TIMEOUT,2,730.292,164453.530,,,91,455,66,296,3,3,,,,,,,false,
7425,starexec,LCL979+1.p,e1b,age-fair,TIMEOUT,2,833.625,164450.312,,,4241,1480993,3545,1470013,3,3,,,,,,,false,
7425,starexec,LCL979+1.p,e1b,balanced,TIMEOUT,2,257.761,165320.821,,,6349,4789394,4753,4745776,3,3,,,,,,,false,
7425,starexec,LCL979+1.p,e1b,equational,TIMEOUT,2,522.447,164831.417,,,4519,2700096,3714,2668228,3,3,,,,,,,false,
7425,starexec,LCL979+1.p,e1b,first-negative,TIMEOUT,2,618.771,164607.861,,,10704,1287871,10601,1251591,3,3,,,,,,,false,
7425,starexec,LCL979+1.p,e1b,occurrence,TIMEOUT,2,549.002,164796.723,,,4877,3660535,4095,3608703,3,3,,,,,,,false,
7425,starexec,LCL979+1.p,e1b,subsumption-light,TIMEOUT,2,518.228,164967.822,,,2093,557185,1822,546089,3,3,,,,,,,false,
7425,starexec,LCL979+1.p,e1b,unary-redundancy,TIMEOUT,2,555.655,164832.919,,,2096,559553,1825,548409,3,3,,,,,,,false,
7425,starexec,LCL979+1.p,e1b,weight-greedy,HARD_TIMEOUT,2,0.000,,,,,,,,,,,,,,,,false,
7425,starexec,LCL982+1.p,e1b,age-fair,REFUTED,2,1086.792,617.026,88.046,712.443,27,96,26,68,3,3,112,16237,410,273,3,false,false,
7425,starexec,LCL982+1.p,e1b,balanced,REFUTED,2,542.450,300.271,59.006,419.208,24,67,23,41,3,3,108,16086,409,273,3,false,false,
7425,starexec,LCL982+1.p,e1b,equational,REFUTED,2,999.301,490.506,123.475,769.637,24,67,23,41,3,3,108,16086,409,273,3,false,false,
7425,starexec,LCL982+1.p,e1b,first-negative,REFUTED,2,1393.580,590.096,137.421,1138.792,17,39,16,21,3,3,118,21743,602,801,3,false,false,
7425,starexec,LCL982+1.p,e1b,occurrence,REFUTED,2,1075.457,651.493,91.039,708.266,35,103,34,66,3,3,112,16237,410,273,3,false,false,
7425,starexec,LCL982+1.p,e1b,subsumption-light,REFUTED,2,1009.749,636.770,93.539,767.640,24,67,23,41,3,3,108,16086,409,273,3,false,false,
7425,starexec,LCL982+1.p,e1b,unary-redundancy,REFUTED,2,1089.535,656.624,94.838,709.679,24,67,23,41,3,3,112,16237,410,273,3,false,false,
7425,starexec,LCL982+1.p,e1b,weight-greedy,REFUTED,2,1039.679,637.567,130.148,740.198,34,173,33,122,3,3,108,16086,409,273,3,false,false,
7425,starexec,LCL983+1.p,e1b,age-fair,TIMEOUT,2,855.195,164251.954,,,5254,5477046,4937,5427774,3,3,,,,,,,false,
7425,starexec,LCL983+1.p,e1b,balanced,TIMEOUT,2,402.070,165045.291,,,8123,11800160,7652,11599710,3,3,,,,,,,false,
7425,starexec,LCL983+1.p,e1b,equational,TIMEOUT,2,825.080,164267.908,,,7398,8546748,7009,8416244,3,3,,,,,,,false,
7425,starexec,LCL983+1.p,e1b,first-negative,TIMEOUT,2,917.873,163900.934,,,10942,3478636,9372,3139654,3,3,,,,,,,false,
7425,starexec,LCL983+1.p,e1b,occurrence,TIMEOUT,2,831.204,164213.069,,,7670,6429864,7425,6181703,3,3,,,,,,,false,
7425,starexec,LCL983+1.p,e1b,subsumption-light,TIMEOUT,2,790.685,164201.969,,,11686,4095564,11363,3980750,3,3,,,,,,,false,
7425,starexec,LCL983+1.p,e1b,unary-redundancy,TIMEOUT,2,851.313,164318.793,,,10504,3450176,10199,3347020,3,3,,,,,,,false,
7425,starexec,LCL983+1.p,e1b,weight-greedy,TIMEOUT,2,766.713,164228.118,,,22838,4738460,19304,4200464,3,3,,,,,,,false,
7425,starexec,MGT005+1.p,e1b,age-fair,HARD_TIMEOUT,10,0.000,,,,,,,,,,,,,,,,false,
7425,starexec,MGT005+1.p,e1b,balanced,REFUTED,10,818.164,5152.517,101.138,2658.804,2913,73226,2638,64813,29,13,504,1045080,3189,5235,11,false,false,
7425,starexec,MGT005+1.p,e1b,equational,REFUTED,10,1648.365,11059.630,176.240,4582.548,3404,89464,3099,79271,29,13,498,1034383,3182,5235,11,false,false,
7425,starexec,MGT005+1.p,e1b,first-negative,REFUTED,10,2120.233,3375.868,177.963,5499.797,2171,4521,1072,1462,29,13,515,1062857,3586,5271,11,false,false,
7425,starexec,MGT005+1.p,e1b,occurrence,REFUTED,10,2002.265,7334.974,176.429,5220.124,2716,50895,2373,41196,29,13,512,1055078,3587,5271,11,false,false,
7425,starexec,MGT005+1.p,e1b,subsumption-light,TIMEOUT,10,1008.925,164722.736,,,4182,141096,3795,127771,29,13,,,,,,,false,
7425,starexec,MGT005+1.p,e1b,unary-redundancy,TIMEOUT,10,1342.188,164772.420,,,4204,152294,3816,138480,29,13,,,,,,,false,
7425,starexec,MGT005+1.p,e1b,weight-greedy,HARD_TIMEOUT,10,0.000,,,,,,,,,,,,,,,,false,
7425,starexec,MGT035+2.p,e1b,age-fair,TIMEOUT,19,1408.788,166999.386,,,8976,4771395,8695,4758353,43,5,,,,,,,false,
7425,starexec,MGT035+2.p,e1b,balanced,TIMEOUT,19,588.268,167846.513,,,16991,10288092,16515,10257947,43,5,,,,,,,false,
7425,starexec,MGT035+2.p,e1b,equational,HARD_TIMEOUT,19,0.000,,,,,,,,,,,,,,,,false,
7425,starexec,MGT035+2.p,e1b,first-negative,TIMEOUT,19,1578.622,163511.405,,,24151,7226544,18389,7136855,43,5,,,,,,,false,
7425,starexec,MGT035+2.p,e1b,occurrence,TIMEOUT,19,1396.183,163978.887,,,9310,5481898,9142,5462816,43,5,,,,,,,false,
7425,starexec,MGT035+2.p,e1b,subsumption-light,TIMEOUT,19,1069.743,164334.727,,,5434,1251028,5174,1242484,43,5,,,,,,,false,
7425,starexec,MGT035+2.p,e1b,unary-redundancy,TIMEOUT,19,1406.905,164460.633,,,5226,1174760,4990,1166646,43,5,,,,,,,false,
7425,starexec,MGT035+2.p,e1b,weight-greedy,TIMEOUT,19,1094.354,163919.149,,,7979,4474917,7705,4450695,43,5,,,,,,,false,
7425,starexec,MGT067+1.p,e1b,age-fair,REFUTED,157,1807.469,1930.183,47.272,1304.234,1118,5284,1046,4041,177,3,1467,424600,8536,737,158,false,false,
7425,starexec,MGT067+1.p,e1b,balanced,REFUTED,157,1154.814,958.697,60.663,1835.067,778,1201,754,391,177,3,1294,364246,8387,680,158,false,false,
7425,starexec,MGT067+1.p,e1b,equational,REFUTED,157,1217.621,1017.809,60.885,1868.517,778,1201,754,391,177,3,1294,364246,8387,680,158,false,false,
7425,starexec,MGT067+1.p,e1b,first-negative,REFUTED,157,1820.731,773.548,61.846,1573.997,692,750,651,177,177,3,1460,421529,8578,737,158,false,false,
7425,starexec,MGT067+1.p,e1b,occurrence,REFUTED,157,1834.930,822.445,56.543,1387.631,726,834,690,232,177,3,1467,424596,8524,737,158,false,false,
7425,starexec,MGT067+1.p,e1b,subsumption-light,REFUTED,157,1249.257,1087.330,62.836,1698.894,768,1096,740,296,177,3,1294,364246,8390,680,158,false,false,
7425,starexec,MGT067+1.p,e1b,unary-redundancy,REFUTED,157,1691.174,1098.170,49.213,1436.527,751,899,709,224,177,3,1467,424596,8527,737,158,false,false,
7425,starexec,MGT067+1.p,e1b,weight-greedy,REFUTED,157,1165.027,707.186,76.170,1769.590,633,764,616,178,177,3,1294,364250,8399,680,158,false,false,
7425,starexec,MGT068+1.p,e1b,age-fair,TIMEOUT,59,1611.353,163929.879,,,6664,8361203,6570,8346912,85,4,,,,,,,false,
7425,starexec,MGT068+1.p,e1b,balanced,REFUTED,59,905.834,7101.525,106.261,1223.572,1654,410471,1626,404847,85,4,751,151705,3348,459,60,false,false,
7425,starexec,MGT068+1.p,e1b,equational,REFUTED,59,1767.379,9637.781,202.051,2546.854,1271,219773,1244,214932,85,4,764,155164,3362,459,60,false,false,
7425,starexec,MGT068+1.p,e1b,first-negative,REFUTED,59,2463.934,118841.213,177.964,2265.011,24404,2503572,22804,2454192,85,4,844,159396,3134,459,60,false,false,
7425,starexec,MGT068+1.p,e1b,occurrence,REFUTED,59,2371.228,5808.309,202.942,2085.473,780,60930,768,57751,85,4,842,157882,3108,459,60,false,false,
7425,starexec,MGT068+1.p,e1b,subsumption-light,TIMEOUT,59,1185.383,164049.929,,,2391,1303607,2317,1294211,85,4,,,,,,,false,
7425,starexec,MGT068+1.p,e1b,unary-redundancy,REFUTED,59,2220.846,63586.709,160.064,2066.425,1940,526391,1487,518213,85,4,831,154948,3096,459,60,false,false,
7425,starexec,MGT068+1.p,e1b,weight-greedy,REFUTED,59,1825.326,6948.354,214.049,2853.634,1336,70889,1264,54265,85,4,786,160778,3368,459,60,false,false,
7425,starexec,MGT076+1.p,e1b,age-fair,REFUTED,34,1891.782,1033.251,59.083,1536.114,103,340,103,231,54,4,446,60379,1730,385,35,false,false,
7425,starexec,MGT076+1.p,e1b,balanced,REFUTED,34,738.670,421.948,40.469,603.010,54,110,46,54,54,4,422,60214,1887,383,35,false,false,
7425,starexec,MGT076+1.p,e1b,equational,REFUTED,34,1606.823,824.736,101.671,1127.704,54,110,46,54,54,4,422,60214,1887,383,35,false,false,
7425,starexec,MGT076+1.p,e1b,first-negative,REFUTED,34,1983.152,936.201,83.002,998.178,94,235,82,125,54,4,455,62058,1737,385,35,false,false,
7425,starexec,MGT076+1.p,e1b,occurrence,REFUTED,34,1809.525,780.641,108.108,977.401,35,92,33,55,54,4,455,62073,1737,385,35,false,false,
7425,starexec,MGT076+1.p,e1b,subsumption-light,REFUTED,34,1601.521,753.055,93.446,1165.011,42,100,38,57,54,4,410,58344,1877,383,35,false,false,
7425,starexec,MGT076+1.p,e1b,unary-redundancy,REFUTED,34,1863.985,856.035,87.928,991.206,54,110,46,54,54,4,455,62073,1737,385,35,false,false,
7425,starexec,MGT076+1.p,e1b,weight-greedy,REFUTED,34,1533.262,735.131,198.492,1135.358,42,83,41,54,54,4,422,60214,1887,383,35,false,false,
7425,starexec,MGT077+1.p,e1b,age-fair,REFUTED,44,2000.989,38001.623,77.464,1634.962,3664,1702409,3637,1696288,64,4,521,77993,1885,414,45,false,false,
7425,starexec,MGT077+1.p,e1b,balanced,REFUTED,44,866.575,451.592,37.497,1205.833,72,190,70,110,64,4,475,76399,2032,414,45,false,false,
7425,starexec,MGT077+1.p,e1b,equational,REFUTED,44,1650.912,810.114,82.332,1982.102,72,190,70,110,64,4,475,76399,2032,414,45,false,false,
7425,starexec,MGT077+1.p,e1b,first-negative,REFUTED,44,2240.130,2051.472,90.934,1823.082,652,2727,649,1793,64,4,519,77455,1891,414,45,false,false,
7425,starexec,MGT077+1.p,e1b,occurrence,REFUTED,44,1974.044,934.755,83.391,1695.145,93,239,91,116,64,4,521,77993,1885,414,45,false,false,
7425,starexec,MGT077+1.p,e1b,subsumption-light,REFUTED,44,1648.236,1060.941,110.588,1902.627,105,297,101,164,64,4,485,78543,2038,414,45,false,false,
7425,starexec,MGT077+1.p,e1b,unary-redundancy,REFUTED,44,1878.063,877.772,94.392,1610.277,72,190,70,110,64,4,521,77993,1885,414,45,false,false,
7425,starexec,MGT077+1.p,e1b,weight-greedy,REFUTED,44,1734.582,1018.955,117.199,1200.340,134,380,132,170,64,4,475,76399,2032,414,45,false,false,
7425,starexec,MGT078+1.p,e1b,age-fair,REFUTED,56,2034.930,3679.367,81.531,1329.947,608,29662,583,28511,80,6,618,154311,1932,629,57,false,false,
7425,starexec,MGT078+1.p,e1b,balanced,REFUTED,56,924.229,650.974,56.447,866.467,180,644,180,430,80,6,539,140184,2018,619,57,false,false,
7425,starexec,MGT078+1.p,e1b,equational,REFUTED,56,1761.341,1177.003,119.889,1974.327,180,644,180,430,80,6,539,140184,2018,619,57,false,false,
7425,starexec,MGT078+1.p,e1b,first-negative,REFUTED,56,2229.360,1554.718,137.713,2314.379,217,853,195,559,80,6,597,145895,1918,629,57,false,false,
7425,starexec,MGT078+1.p,e1b,occurrence,REFUTED,56,2015.251,1234.565,109.395,1703.407,170,480,160,260,80,6,605,148301,1923,629,57,false,false,
7425,starexec,MGT078+1.p,e1b,subsumption-light,REFUTED,56,1730.021,1478.252,143.290,1822.054,197,900,184,652,80,6,547,142530,2023,619,57,false,false,
7425,starexec,MGT078+1.p,e1b,unary-redundancy,REFUTED,56,2136.547,1518.961,132.416,1479.186,197,900,184,652,80,6,602,147890,1920,629,57,false,false,
7425,starexec,MGT078+1.p,e1b,weight-greedy,REFUTED,56,1684.169,1355.418,125.840,2308.896,198,590,167,301,80,6,544,142129,2020,619,57,false,false,
7425,starexec,MGT079+1.p,e1b,age-fair,TIMEOUT,56,1458.221,163908.298,,,8980,7641244,8954,7609357,77,3,,,,,,,false,
7425,starexec,MGT079+1.p,e1b,balanced,REFUTED,56,807.901,658.012,87.447,1070.075,167,617,149,413,77,3,536,89966,2014,413,57,false,false,
7425,starexec,MGT079+1.p,e1b,equational,REFUTED,56,1546.226,1261.725,156.434,1838.872,166,621,149,419,77,3,539,90190,2017,413,57,false,false,
7425,starexec,MGT079+1.p,e1b,first-negative,REFUTED,56,1953.375,1614.973,164.072,1667.993,422,1697,412,943,77,3,600,93507,1893,417,57,false,false,
7425,starexec,MGT079+1.p,e1b,occurrence,REFUTED,56,1746.561,1022.651,146.438,1626.937,105,323,99,194,77,3,590,92423,1888,417,57,false,false,
7425,starexec,MGT079+1.p,e1b,subsumption-light,REFUTED,56,1560.974,16499.773,187.663,2140.936,1124,153293,1024,147237,77,3,554,93445,2027,413,57,false,false,
7425,starexec,MGT079+1.p,e1b,unary-redundancy,REFUTED,56,1850.556,1275.345,122.711,1543.517,159,559,148,372,77,3,591,92641,1889,417,57,false,false,
7425,starexec,MGT079+1.p,e1b,weight-greedy,REFUTED,56,1420.647,1078.189,142.895,1750.019,157,411,152,131,77,3,535,89368,2018,413,57,false,false,
7425,starexec,MGT080+1.p,e1b,age-fair,REFUTED,73,2034.920,5048.107,88.483,1495.205,936,82814,836,79880,99,7,706,235428,2042,895,74,false,false,
7425,starexec,MGT080+1.p,e1b,balanced,REFUTED,73,991.446,814.225,74.356,1745.494,276,1389,255,1033,99,7,643,233460,2115,881,74,false,false,
7425,starexec,MGT080+1.p,e1b,equational,REFUTED,73,1550.824,1021.132,90.647,1704.224,276,1389,255,1033,99,7,643,233460,2115,881,74,false,false,
7425,starexec,MGT080+1.p,e1b,first-negative,REFUTED,73,2246.420,999.785,100.787,1676.301,157,617,142,439,99,7,713,238295,2044,895,74,false,false,
7425,starexec,MGT080+1.p,e1b,occurrence,REFUTED,73,2152.266,1311.660,135.596,1549.102,205,583,176,316,99,7,719,239465,2044,895,74,false,false,
7425,starexec,MGT080+1.p,e1b,subsumption-light,REFUTED,73,1483.403,1071.512,101.847,1672.103,280,1396,255,1028,99,7,643,233460,2115,881,74,false,false,
7425,starexec,MGT080+1.p,e1b,unary-redundancy,REFUTED,73,2104.361,1598.877,126.735,1561.682,282,1399,255,1028,99,7,730,244658,2051,895,74,false,false,
7425,starexec,MGT080+1.p,e1b,weight-greedy,REFUTED,73,1437.554,888.996,95.451,1697.681,230,839,185,506,99,7,638,229535,2112,881,74,false,false,
7425,starexec,MGT082+1.p,e1b,age-fair,REFUTED,56,2254.844,4075.623,146.512,2199.040,615,31619,538,30225,80,6,629,159193,1934,645,57,false,false,
7425,starexec,MGT082+1.p,e1b,balanced,REFUTED,56,818.014,642.624,89.687,1166.262,180,776,171,546,80,6,568,152809,2033,635,57,false,false,
7425,starexec,MGT082+1.p,e1b,equational,REFUTED,56,1101.626,835.720,97.763,1510.236,180,776,171,546,80,6,568,152809,2033,635,57,false,false,
7425,starexec,MGT082+1.p,e1b,first-negative,REFUTED,56,1389.243,726.777,78.604,1407.138,116,409,104,279,80,6,612,153843,1925,645,57,false,false,
7425,starexec,MGT082+1.p,e1b,occurrence,REFUTED,56,1874.910,1029.923,110.403,2158.382,110,299,103,166,80,6,608,152225,1928,645,57,false,false,
7425,starexec,MGT082+1.p,e1b,subsumption-light,REFUTED,56,1089.809,870.855,75.931,1492.198,191,841,171,579,80,6,554,148001,2024,635,57,false,false,
7425,starexec,MGT082+1.p,e1b,unary-redundancy,REFUTED,56,1861.782,1336.336,134.581,2044.145,190,831,171,579,80,6,615,154265,1926,645,57,false,false,
7425,starexec,MGT082+1.p,e1b,weight-greedy,REFUTED,56,1130.017,802.874,84.670,1400.003,162,704,145,455,80,6,547,146011,2023,635,57,false,false,
7425,starexec,MGT085+1.p,e1b,age-fair,TIMEOUT,43,1371.967,163999.632,,,8769,7474785,8638,7447188,65,6,,,,,,,false,
7425,starexec,MGT085+1.p,e1b,balanced,REFUTED,43,812.739,17816.928,84.333,1145.462,2786,1572607,2771,1552812,65,6,524,142865,2023,619,44,false,false,
7425,starexec,MGT085+1.p,e1b,equational,REFUTED,43,1141.137,21896.249,122.470,1483.370,2786,1566357,2771,1546562,65,6,524,142865,2023,619,44,false,false,
7425,starexec,MGT085+1.p,e1b,first-negative,REFUTED,43,1487.439,6392.692,81.393,1421.496,2939,62538,2757,56338,65,6,556,143135,1908,629,44,false,false,
7425,starexec,MGT085+1.p,e1b,occurrence,REFUTED,43,2185.469,10922.483,174.136,2277.923,1270,192205,1248,180845,65,6,578,149609,1928,629,44,false,false,
7425,starexec,MGT085+1.p,e1b,subsumption-light,TIMEOUT,43,779.858,164562.353,,,5907,1988618,4996,1957906,65,6,,,,,,,false,
7425,starexec,MGT085+1.p,e1b,unary-redundancy,TIMEOUT,43,1367.795,164034.262,,,3951,1407368,3066,1381612,65,6,,,,,,,false,
7425,starexec,MGT085+1.p,e1b,weight-greedy,REFUTED,43,1144.782,1274.102,104.149,1526.282,386,4703,351,2181,65,6,524,142865,2023,619,44,false,false,
7425,starexec,MGT086+1.p,e1b,age-fair,TIMEOUT,43,1454.819,165952.683,,,8032,7113443,7999,7088746,63,3,,,,,,,false,
7425,starexec,MGT086+1.p,e1b,balanced,REFUTED,43,768.035,524.029,56.922,961.340,78,195,67,112,63,3,472,78452,1975,410,44,false,false,
7425,starexec,MGT086+1.p,e1b,equational,REFUTED,43,1421.953,865.887,134.767,1230.434,78,195,67,112,63,3,472,78452,1975,410,44,false,false,
7425,starexec,MGT086+1.p,e1b,first-negative,REFUTED,43,1907.275,1458.276,94.785,1058.652,245,915,239,521,63,3,510,78923,1823,410,44,false,false,
7425,starexec,MGT086+1.p,e1b,occurrence,REFUTED,43,1783.806,870.421,131.217,1644.317,78,208,72,108,63,3,517,80064,1827,410,44,false,false,
7425,starexec,MGT086+1.p,e1b,subsumption-light,REFUTED,43,1497.928,769.975,91.375,1202.924,72,177,69,101,63,3,466,77608,1968,410,44,false,false,
7425,starexec,MGT086+1.p,e1b,unary-redundancy,REFUTED,43,1723.688,882.247,103.049,1659.543,72,177,69,101,63,3,511,79220,1823,410,44,false,false,
7425,starexec,MGT086+1.p,e1b,weight-greedy,REFUTED,43,1318.568,851.998,89.182,1166.409,103,242,100,79,63,3,470,78467,1970,410,44,false,false,
7425,starexec,MGT088+1.p,e1b,age-fair,REFUTED,39,2051.644,1756.826,81.100,1686.653,275,3403,275,3077,59,4,488,66865,1833,393,40,false,false,
7425,starexec,MGT088+1.p,e1b,balanced,REFUTED,39,812.364,423.413,32.812,967.672,49,128,49,79,59,4,447,65338,1989,393,40,false,false,
7425,starexec,MGT088+1.p,e1b,equational,REFUTED,39,1604.745,724.741,61.485,1797.371,49,128,49,79,59,4,447,65338,1989,393,40,false,false,
7425,starexec,MGT088+1.p,e1b,first-negative,REFUTED,39,2027.740,1267.748,101.706,1689.766,239,852,239,518,59,4,488,66858,1836,393,40,false,false,
7425,starexec,MGT088+1.p,e1b,occurrence,REFUTED,39,1833.557,762.298,76.070,1516.006,66,164,66,84,59,4,488,66865,1833,393,40,false,false,
7425,starexec,MGT088+1.p,e1b,subsumption-light,REFUTED,39,1617.195,766.473,60.443,1791.773,49,128,49,79,59,4,447,65338,1989,393,40,false,false,
7425,starexec,MGT088+1.p,e1b,unary-redundancy,REFUTED,39,1803.395,757.169,72.227,1512.699,49,128,49,79,59,4,488,66865,1833,393,40,false,false,
7425,starexec,MGT088+1.p,e1b,weight-greedy,REFUTED,39,1524.031,790.027,60.923,1716.217,94,249,94,115,59,4,447,65338,1989,393,40,false,false,
7425,starexec,MGT090+1.p,e1b,age-fair,REFUTED,59,2063.440,1200.801,116.754,1794.059,144,397,136,244,90,3,639,73186,2425,354,60,false,false,
7425,starexec,MGT090+1.p,e1b,balanced,REFUTED,59,884.990,483.412,57.698,1120.327,103,174,98,90,90,3,581,71034,2646,354,60,false,false,
7425,starexec,MGT090+1.p,e1b,equational,REFUTED,59,1622.907,931.146,133.895,2215.356,103,174,98,90,90,3,581,71034,2646,354,60,false,false,
7425,starexec,MGT090+1.p,e1b,first-negative,REFUTED,59,2427.662,2642.690,133.089,1768.534,491,3970,489,3300,90,3,640,73358,2427,354,60,false,false,
7425,starexec,MGT090+1.p,e1b,occurrence,REFUTED,59,2121.418,1159.168,103.546,1751.163,127,396,126,208,90,3,639,73186,2425,354,60,false,false,
7425,starexec,MGT090+1.p,e1b,subsumption-light,REFUTED,59,1674.820,1041.669,154.650,2207.826,103,174,98,90,90,3,581,71034,2646,354,60,false,false,
7425,starexec,MGT090+1.p,e1b,unary-redundancy,REFUTED,59,2012.420,1081.373,144.134,1793.875,103,174,98,90,90,3,639,73186,2425,354,60,false,false,
7425,starexec,MGT090+1.p,e1b,weight-greedy,REFUTED,59,1633.608,1412.591,136.895,2487.025,204,980,203,618,90,3,581,71034,2646,354,60,false,false,
7425,starexec,MGT091+1.p,e1b,age-fair,TIMEOUT,46,1799.098,163995.509,,,7133,6320418,7101,6306098,83,3,,,,,,,false,
7425,starexec,MGT091+1.p,e1b,balanced,REFUTED,46,928.026,1606.238,76.300,948.925,381,9431,380,8717,83,3,571,81016,3281,362,47,false,false,
7425,starexec,MGT091+1.p,e1b,equational,REFUTED,46,1790.395,2861.048,161.752,1580.956,381,9431,380,8717,83,3,571,81016,3281,362,47,false,false,
7425,starexec,MGT091+1.p,e1b,first-negative,TIMEOUT,46,1975.497,163665.293,,,21995,3778883,20676,3735821,83,3,,,,,,,false,
7425,starexec,MGT091+1.p,e1b,occurrence,REFUTED,46,2245.898,4160.529,131.809,1367.512,452,23492,439,21965,83,3,619,83612,3087,362,47,false,false,
7425,starexec,MGT091+1.p,e1b,subsumption-light,REFUTED,46,1773.760,4093.757,150.470,1702.464,372,7935,335,7029,83,3,577,82014,3285,362,47,false,false,
7425,starexec,MGT091+1.p,e1b,unary-redundancy,REFUTED,46,2215.408,4454.713,132.689,1172.142,374,7935,337,7027,83,3,625,84610,3091,362,47,false,false,
7425,starexec,MGT091+1.p,e1b,weight-greedy,REFUTED,46,1758.983,1456.535,123.665,1458.243,201,1320,200,752,83,3,557,78534,3252,362,47,false,false,
7425,starexec,NLP147+1.p,e1b,age-fair,REFUTED,61,3529.282,1125.256,96.074,8471.198,226,255,221,92,92,11,1006,1175618,3716,15197,62,false,false,
7425,starexec,NLP147+1.p,e1b,balanced,REFUTED,61,1523.980,543.728,81.880,5017.975,224,251,223,94,94,12,1021,1237420,3831,15197,62,false,false,
7425,starexec,NLP147+1.p,e1b,equational,REFUTED,61,2780.480,1112.000,131.630,9214.705,224,251,223,94,94,12,1021,1237420,3831,15197,62,false,false,
7425,starexec,NLP147+1.p,e1b,first-negative,REFUTED,61,3799.932,1225.584,118.392,8761.281,233,253,225,92,92,11,1005,1173471,3722,15197,62,false,false,
7425,starexec,NLP147+1.p,e1b,occurrence,REFUTED,61,3395.632,1096.599,131.266,8215.433,207,257,190,92,92,11,1010,1184271,3720,15197,62,false,false,
7425,starexec,NLP147+1.p,e1b,subsumption-light,REFUTED,61,2805.491,1216.858,162.602,9283.344,229,256,226,94,94,12,1021,1237418,3831,15197,62,false,false,
7425,starexec,NLP147+1.p,e1b,unary-redundancy,REFUTED,61,3438.249,1132.389,119.427,7835.822,224,251,221,92,92,11,1006,1175612,3716,15197,62,false,false,
7425,starexec,NLP147+1.p,e1b,weight-greedy,REFUTED,61,2766.596,1042.383,154.926,9134.680,198,231,195,94,94,12,1025,1246189,3835,15197,62,false,false,
7425,starexec,NLP260+1.p,e1b,balanced,KILLED,,0.000,,,,,,,,,,,,,,,,false,killed before finishing
7425,starexec,NLP260+1.p,e1b,equational,REFUTED,1026860,23895.595,1606.983,103.265,950.740,522,850,522,414,414,0,1281,15874,993,59,1026861,false,false,
7425,starexec,NLP260+1.p,e1b,first-negative,SATURATED,1026860,23139.821,423.087,,,22,29,22,16,16,0,,,,,,,false,
7425,starexec,NLP260+1.p,e1b,occurrence,KILLED,,0.000,,,,,,,,,,,,,,,,false,killed before finishing
7425,starexec,NLP260+1.p,e1b,subsumption-light,REFUTED,1026860,23328.701,857.743,88.916,545.291,152,231,152,119,119,0,396,5254,400,59,1026861,false,false,
7425,starexec,NLP260+1.p,e1b,unary-redundancy,KILLED,,0.000,,,,,,,,,,,,,,,,false,killed before finishing
7425,starexec,NLP260+1.p,e1b,weight-greedy,REFUTED,1026860,22148.800,603.065,85.080,400.436,45,78,45,44,44,0,171,2554,249,59,1026861,false,false,
7425,starexec,NLP261+1.p,e1b,age-fair,KILLED,,0.000,,,,,,,,,,,,,,,,false,killed before finishing
7425,starexec,NLP261+1.p,e1b,balanced,KILLED,,0.000,,,,,,,,,,,,,,,,false,killed before finishing
7425,starexec,NLP261+1.p,e1b,equational,REFUTED,1026860,18562.539,1218.705,74.675,678.641,739,1136,739,559,559,0,1721,21174,1272,59,1026861,false,false,
7425,starexec,NLP261+1.p,e1b,first-negative,SATURATED,1026860,18760.241,359.723,,,50,72,50,24,24,0,,,,,,,false,
7425,starexec,NLP261+1.p,e1b,occurrence,KILLED,,0.000,,,,,,,,,,,,,,,,false,killed before finishing
7425,starexec,NLP261+1.p,e1b,subsumption-light,REFUTED,1026860,18274.938,608.855,63.385,428.815,219,334,219,171,171,0,557,7206,483,59,1026861,false,false,
7425,starexec,NLP261+1.p,e1b,unary-redundancy,KILLED,,0.000,,,,,,,,,,,,,,,,false,killed before finishing
7425,starexec,NLP261+1.p,e1b,weight-greedy,REFUTED,1026860,19515.394,447.723,53.267,343.760,114,175,114,73,73,0,263,3678,315,59,1026861,false,false,
7425,starexec,NLP262+1.p,e1b,age-fair,KILLED,,0.000,,,,,,,,,,,,,,,,false,killed before finishing
7425,starexec,NLP262+1.p,e1b,balanced,KILLED,,0.000,,,,,,,,,,,,,,,,false,killed before finishing
7425,starexec,NLP262+1.p,e1b,equational,SATURATED,1026860,14366.318,505.245,,,89,119,89,52,52,0,,,,,,,false,
7425,starexec,NLP262+1.p,e1b,first-negative,SATURATED,1026860,15583.861,275.779,,,9,11,9,8,8,0,,,,,,,false,
7425,starexec,NLP262+1.p,e1b,occurrence,KILLED,,0.000,,,,,,,,,,,,,,,,false,killed before finishing
7425,starexec,NLP262+1.p,e1b,subsumption-light,SATURATED,1026860,15444.624,422.836,,,60,84,60,31,31,0,,,,,,,false,
7425,starexec,NLP262+1.p,e1b,unary-redundancy,KILLED,,0.000,,,,,,,,,,,,,,,,false,killed before finishing
7425,starexec,NLP262+1.p,e1b,weight-greedy,SATURATED,1026860,15279.066,293.341,,,18,23,18,13,13,0,,,,,,,false,
7425,starexec,NUM292+1.p,e1b,age-fair,TIMEOUT,401,2443.509,162956.633,,,18279,80578,18279,62293,407,0,,,,,,,false,
7425,starexec,NUM292+1.p,e1b,balanced,TIMEOUT,401,749.521,164338.338,,,24315,94849,24315,70156,407,0,,,,,,,false,
7425,starexec,NUM292+1.p,e1b,equational,TIMEOUT,401,1066.601,163914.451,,,20223,84946,20223,64333,407,0,,,,,,,false,
7425,starexec,NUM292+1.p,e1b,first-negative,REFUTED,401,2170.780,160748.908,144.875,1054.265,21555,174357,21555,152762,407,0,1849,60401,4329,303,402,false,false,
7425,starexec,NUM292+1.p,e1b,occurrence,TIMEOUT,401,2385.142,163008.077,,,18973,60561,18973,41306,407,0,,,,,,,false,
7425,starexec,NUM292+1.p,e1b,subsumption-light,TIMEOUT,401,1069.415,163957.526,,,19981,83576,19980,63205,407,0,,,,,,,false,
7425,starexec,NUM292+1.p,e1b,unary-redundancy,TIMEOUT,401,1595.285,163990.508,,,19924,83392,19923,63078,407,0,,,,,,,false,
7425,starexec,NUM292+1.p,e1b,weight-greedy,TIMEOUT,401,1088.253,163954.118,,,20982,55408,20982,33913,407,0,,,,,,,false,
7425,starexec,NUM321+1.p,e1b,age-fair,TIMEOUT,401,2479.052,163046.924,,,18043,72679,18043,54636,407,0,,,,,,,false,
7425,starexec,NUM321+1.p,e1b,balanced,TIMEOUT,401,825.491,164335.720,,,21914,89682,21914,67382,407,0,,,,,,,false,
7425,starexec,NUM321+1.p,e1b,equational,TIMEOUT,401,1048.451,163972.994,,,20047,83991,20047,63558,407,0,,,,,,,false,
7425,starexec,NUM321+1.p,e1b,first-negative,TIMEOUT,401,1729.801,163666.011,,,21701,174600,21701,152859,407,0,,,,,,,false,
7425,starexec,NUM321+1.p,e1b,occurrence,TIMEOUT,401,2400.321,163013.007,,,17637,66135,17637,48055,407,0,,,,,,,false,
7425,starexec,NUM321+1.p,e1b,subsumption-light,TIMEOUT,401,1078.846,164015.030,,,19927,83384,19926,63071,407,0,,,,,,,false,
7425,starexec,NUM321+1.p,e1b,unary-redundancy,TIMEOUT,401,1545.787,164093.270,,,19964,83506,19963,63156,407,0,,,,,,,false,
7425,starexec,NUM321+1.p,e1b,weight-greedy,TIMEOUT,401,1096.845,163926.592,,,20253,54054,20253,33306,407,0,,,,,,,false,
7425,starexec,NUM335+1.p,e1b,age-fair,TIMEOUT,401,2554.497,163086.660,,,17445,66252,17445,48806,408,1,,,,,,,false,
7425,starexec,NUM335+1.p,e1b,balanced,TIMEOUT,401,803.029,164359.283,,,26436,97216,26436,70366,408,1,,,,,,,false,
7425,starexec,NUM335+1.p,e1b,equational,TIMEOUT,401,1736.360,162896.307,,,18166,68715,18166,50202,408,1,,,,,,,false,
7425,starexec,NUM335+1.p,e1b,first-negative,TIMEOUT,401,2804.186,162648.909,,,18347,168498,18347,150117,408,1,,,,,,,false,
7425,starexec,NUM335+1.p,e1b,occurrence,TIMEOUT,401,2501.557,163098.275,,,18506,55444,18506,36683,408,1,,,,,,,false,
7425,starexec,NUM335+1.p,e1b,subsumption-light,TIMEOUT,401,1759.828,163005.872,,,17311,65896,17310,48264,408,1,,,,,,,false,
7425,starexec,NUM335+1.p,e1b,unary-redundancy,TIMEOUT,401,2406.560,162989.335,,,17187,65648,17186,48143,408,1,,,,,,,false,
7425,starexec,NUM335+1.p,e1b,weight-greedy,TIMEOUT,401,1657.396,163050.367,,,19297,52315,19297,32553,408,1,,,,,,,false,
7425,starexec,NUM639+4.p,e1b,age-fair,HARD_TIMEOUT,316,0.000,,,,,,,,,,,,,,,,false,
7425,starexec,NUM639+4.p,e1b,balanced,TIMEOUT,316,1530.956,164016.063,,,21051,8393795,17891,8357919,532,29,,,,,,,false,
7425,starexec,NUM639+4.p,e1b,equational,KILLED,,0.000,,,,,,,,,,,,,,,,false,killed before finishing
7425,starexec,NUM639+4.p,e1b,first-negative,HARD_TIMEOUT,316,0.000,,,,,,,,,,,,,,,,false,
7425,starexec,NUM639+4.p,e1b,occurrence,HARD_TIMEOUT,316,0.000,,,,,,,,,,,,,,,,false,
7425,starexec,NUM639+4.p,e1b,subsumption-light,TIMEOUT,316,3068.104,162424.692,,,13490,3748627,12519,3726690,532,29,,,,,,,false,
7425,starexec,NUM639+4.p,e1b,unary-redundancy,HARD_TIMEOUT,316,0.000,,,,,,,,,,,,,,,,false,
7425,starexec,NUM639+4.p,e1b,weight-greedy,TIMEOUT,316,2943.277,162588.096,,,32514,3024403,28106,2863462,532,29,,,,,,,false,
7425,starexec,NUM647+4.p,e1b,age-fair,HARD_TIMEOUT,346,0.000,,,,,,,,,,,,,,,,false,
7425,starexec,NUM647+4.p,e1b,balanced,HARD_TIMEOUT,346,0.000,,,,,,,,,,,,,,,,false,
7425,starexec,NUM647+4.p,e1b,equational,TIMEOUT,346,3174.750,162600.863,,,15707,5380090,15246,5352082,586,29,,,,,,,false,
7425,starexec,NUM647+4.p,e1b,first-negative,TIMEOUT,346,3140.982,163364.211,,,15162,5954489,12968,5923795,579,26,,,,,,,false,
7425,starexec,NUM647+4.p,e1b,occurrence,HARD_TIMEOUT,346,0.000,,,,,,,,,,,,,,,,false,
7425,starexec,NUM647+4.p,e1b,subsumption-light,TIMEOUT,346,2938.184,162752.906,,,14504,3915551,12622,3888511,586,29,,,,,,,false,
7425,starexec,NUM647+4.p,e1b,unary-redundancy,HARD_TIMEOUT,346,0.000,,,,,,,,,,,,,,,,false,
7425,starexec,NUM647+4.p,e1b,weight-greedy,TIMEOUT,346,2108.737,163632.535,,,45013,1553611,39438,1354505,586,29,,,,,,,false,
7425,starexec,NUM653+4.p,e1b,age-fair,HARD_TIMEOUT,393,0.000,,,,,,,,,,,,,,,,false,
7425,starexec,NUM653+4.p,e1b,balanced,TIMEOUT,393,1724.491,164128.388,,,26059,7920732,24565,7874360,673,29,,,,,,,false,
7425,starexec,NUM653+4.p,e1b,equational,TIMEOUT,393,2102.056,163684.920,,,24255,7032875,20920,6981099,673,29,,,,,,,false,
7425,starexec,NUM653+4.p,e1b,first-negative,TIMEOUT,393,3285.426,163314.785,,,19355,6737117,16605,6699091,666,26,,,,,,,false,
7425,starexec,NUM653+4.p,e1b,occurrence,HARD_TIMEOUT,393,0.000,,,,,,,,,,,,,,,,false,
7425,starexec,NUM653+4.p,e1b,subsumption-light,TIMEOUT,393,2098.491,163740.134,,,19106,4590825,17941,4558529,673,29,,,,,,,false,
7425,starexec,NUM653+4.p,e1b,unary-redundancy,HARD_TIMEOUT,393,0.000,,,,,,,,,,,,,,,,false,
7425,starexec,NUM653+4.p,e1b,weight-greedy,TIMEOUT,393,2061.500,163610.012,,,50579,1782071,44287,1528458,673,29,,,,,,,false,
7425,starexec,NUM656+4.p,e1b,age-fair,TIMEOUT,402,3826.577,162275.841,,,14349,3618612,13971,3601206,684,26,,,,,,,false,
7425,starexec,NUM656+4.p,e1b,balanced,TIMEOUT,402,1628.347,164110.411,,,21357,8070648,20114,8029578,691,29,,,,,,,false,
7425,starexec,NUM656+4.p,e1b,equational,TIMEOUT,402,2155.737,163739.540,,,17006,4793939,14713,4762578,691,29,,,,,,,false,
7425,starexec,NUM656+4.p,e1b,first-negative,TIMEOUT,402,3176.637,163294.732,,,14608,5280760,14289,5251550,684,26,,,,,,,false,
7425,starexec,NUM656+4.p,e1b,occurrence,HARD_TIMEOUT,402,0.000,,,,,,,,,,,,,,,,false,
7425,starexec,NUM656+4.p,e1b,subsumption-light,TIMEOUT,402,2197.189,163749.903,,,14533,3438040,13826,3412186,691,29,,,,,,,false,
7425,starexec,NUM656+4.p,e1b,unary-redundancy,TIMEOUT,402,2913.315,162378.984,,,14792,3423649,13011,3396398,684,26,,,,,,,false,
7425,starexec,NUM656+4.p,e1b,weight-greedy,TIMEOUT,402,2035.554,163641.775,,,37765,722117,33521,602073,691,29,,,,,,,false,
7425,starexec,NUM657+4.p,e1b,age-fair,HARD_TIMEOUT,405,0.000,,,,,,,,,,,,,,,,false,
7425,starexec,NUM657+4.p,e1b,balanced,TIMEOUT,405,1656.326,164069.579,,,21059,8356035,19380,8313941,697,29,,,,,,,false,
7425,starexec,NUM657+4.p,e1b,equational,TIMEOUT,405,3330.947,162221.141,,,16863,4558055,15585,4525567,697,29,,,,,,,false,
7425,starexec,NUM657+4.p,e1b,first-negative,TIMEOUT,405,3392.108,163265.969,,,16275,5696720,16038,5662596,690,26,,,,,,,false,
7425,starexec,NUM657+4.p,e1b,occurrence,HARD_TIMEOUT,405,0.000,,,,,,,,,,,,,,,,false,
7425,starexec,NUM657+4.p,e1b,subsumption-light,TIMEOUT,405,3378.889,162455.148,,,15181,3538193,14306,3511333,697,29,,,,,,,false,
7425,starexec,NUM657+4.p,e1b,unary-redundancy,HARD_TIMEOUT,405,0.000,,,,,,,,,,,,,,,,false,
7425,starexec,NUM657+4.p,e1b,weight-greedy,TIMEOUT,405,2075.687,163717.672,,,52149,1696141,45656,1517697,697,29,,,,,,,false,
7425,starexec,NUM658+4.p,e1b,age-fair,HARD_TIMEOUT,408,0.000,,,,,,,,,,,,,,,,false,
7425,starexec,NUM658+4.p,e1b,balanced,TIMEOUT,408,1588.673,164140.071,,,18922,10911417,17613,10875607,703,29,,,,,,,false,
7425,starexec,NUM658+4.p,e1b,equational,TIMEOUT,408,2158.999,163732.240,,,17173,10076623,16245,10041565,703,29,,,,,,,false,
7425,starexec,NUM658+4.p,e1b,first-negative,TIMEOUT,408,3405.417,163311.472,,,16678,6490231,16093,6454841,696,26,,,,,,,false,
7425,starexec,NUM658+4.p,e1b,occurrence,HARD_TIMEOUT,408,0.000,,,,,,,,,,,,,,,,false,
7425,starexec,NUM658+4.p,e1b,subsumption-light,TIMEOUT,408,2171.518,163792.617,,,15230,7621647,14676,7590601,703,29,,,,,,,false,
7425,starexec,NUM658+4.p,e1b,unary-redundancy,HARD_TIMEOUT,408,0.000,,,,,,,,,,,,,,,,false,
7425,starexec,NUM658+4.p,e1b,weight-greedy,TIMEOUT,408,2141.480,163808.116,,,54281,1405065,47152,1215573,703,29,,,,,,,false,
7425,starexec,NUM663+4.p,e1b,age-fair,TIMEOUT,419,2526.232,164102.580,,,16786,6237933,15916,6217582,720,26,,,,,,,false,
7425,starexec,NUM663+4.p,e1b,balanced,TIMEOUT,419,1664.078,164228.590,,,22759,8069653,21700,8032748,727,29,,,,,,,false,
7425,starexec,NUM663+4.p,e1b,equational,TIMEOUT,419,1218.053,164680.050,,,22608,8876195,21211,8837570,727,29,,,,,,,false,
7425,starexec,NUM663+4.p,e1b,first-negative,TIMEOUT,419,1767.677,164616.241,,,20645,7391048,19693,7345918,720,26,,,,,,,false,
7425,starexec,NUM663+4.p,e1b,occurrence,TIMEOUT,419,2532.001,163920.452,,,23089,6898698,22051,6786151,720,26,,,,,,,false,
7425,starexec,NUM663+4.p,e1b,subsumption-light,TIMEOUT,419,1210.434,164761.432,,,20375,6069445,19355,6036509,727,29,,,,,,,false,
7425,starexec,NUM663+4.p,e1b,unary-redundancy,TIMEOUT,419,2239.406,163929.050,,,19327,5559650,18803,5527838,720,26,,,,,,,false,
7425,starexec,NUM663+4.p,e1b,weight-greedy,TIMEOUT,419,1211.718,164728.873,,,48712,1419444,40799,1207282,727,29,,,,,,,false,
7425,starexec,NUM664+4.p,e1b,age-fair,HARD_TIMEOUT,423,0.000,,,,,,,,,,,,,,,,false,
7425,starexec,NUM664+4.p,e1b,balanced,TIMEOUT,423,1829.797,164024.019,,,19033,8400304,18276,8365368,736,29,,,,,,,false,
7425,starexec,NUM664+4.p,e1b,equational,TIMEOUT,423,3343.325,162411.921,,,15940,5115129,15096,5086209,736,29,,,,,,,false,
7425,starexec,NUM664+4.p,e1b,first-negative,HARD_TIMEOUT,423,0.000,,,,,,,,,,,,,,,,false,
7425,starexec,NUM664+4.p,e1b,occurrence,HARD_TIMEOUT,423,0.000,,,,,,,,,,,,,,,,false,
7425,starexec,NUM664+4.p,e1b,subsumption-light,TIMEOUT,423,3339.259,162495.696,,,13888,3859408,12859,3836172,736,29,,,,,,,false,
7425,starexec,NUM664+4.p,e1b,unary-redundancy,HARD_TIMEOUT,423,0.000,,,,,,,,,,,,,,,,false,
7425,starexec,NUM664+4.p,e1b,weight-greedy,TIMEOUT,423,3231.542,162437.406,,,39391,1045392,34044,884911,736,29,,,,,,,false,
7425,starexec,NUM669+4.p,e1b,age-fair,HARD_TIMEOUT,443,0.000,,,,,,,,,,,,,,,,false,
7425,starexec,NUM669+4.p,e1b,balanced,TIMEOUT,443,1832.139,164473.617,,,20713,7953553,19243,7915691,776,29,,,,,,,false,
7425,starexec,NUM669+4.p,e1b,equational,TIMEOUT,443,3285.928,162956.106,,,18169,5613340,15143,5584358,776,29,,,,,,,false,
7425,starexec,NUM669+4.p,e1b,first-negative,HARD_TIMEOUT,443,0.000,,,,,,,,,,,,,,,,false,
7425,starexec,NUM669+4.p,e1b,occurrence,HARD_TIMEOUT,443,0.000,,,,,,,,,,,,,,,,false,
7425,starexec,NUM669+4.p,e1b,subsumption-light,TIMEOUT,443,3324.498,162844.998,,,13281,3402136,12601,3379026,776,29,,,,,,,false,
7425,starexec,NUM669+4.p,e1b,unary-redundancy,HARD_TIMEOUT,443,0.000,,,,,,,,,,,,,,,,false,
7425,starexec,NUM669+4.p,e1b,weight-greedy,TIMEOUT,443,3512.215,162790.561,,,38123,585281,31662,469384,776,29,,,,,,,false,
7425,starexec,NUM671+4.p,e1b,age-fair,HARD_TIMEOUT,453,0.000,,,,,,,,,,,,,,,,false,
7425,starexec,NUM671+4.p,e1b,balanced,TIMEOUT,453,1919.411,166094.585,,,22262,8539171,20757,8498679,795,29,,,,,,,false,
7425,starexec,NUM671+4.p,e1b,equational,TIMEOUT,453,3484.069,162343.780,,,18139,5285133,17161,5254451,795,29,,,,,,,false,
7425,starexec,NUM671+4.p,e1b,first-negative,HARD_TIMEOUT,453,0.000,,,,,,,,,,,,,,,,false,
7425,starexec,NUM671+4.p,e1b,occurrence,HARD_TIMEOUT,453,0.000,,,,,,,,,,,,,,,,false,
7425,starexec,NUM671+4.p,e1b,subsumption-light,TIMEOUT,453,3454.401,162503.708,,,15863,3779685,14766,3754955,795,29,,,,,,,false,
7425,starexec,NUM671+4.p,e1b,unary-redundancy,HARD_TIMEOUT,453,0.000,,,,,,,,,,,,,,,,false,
7425,starexec,NUM671+4.p,e1b,weight-greedy,TIMEOUT,453,3537.572,162310.566,,,39422,872183,32892,728727,795,29,,,,,,,false,
7425,starexec,NUM689+4.p,e1b,age-fair,HARD_TIMEOUT,554,0.000,,,,,,,,,,,,,,,,false,
7425,starexec,NUM689+4.p,e1b,balanced,HARD_TIMEOUT,554,0.000,,,,,,,,,,,,,,,,false,
7425,starexec,NUM689+4.p,e1b,equational,SATURATED,554,811.753,246.212,,,7,7,7,7,7,0,,,,,,,false,
7425,starexec,NUM689+4.p,e1b,first-negative,SATURATED,554,896.761,296.979,,,3,3,3,3,3,0,,,,,,,false,
7425,starexec,NUM689+4.p,e1b,occurrence,HARD_TIMEOUT,554,0.000,,,,,,,,,,,,,,,,false,
7425,starexec,NUM689+4.p,e1b,subsumption-light,SATURATED,554,856.683,299.377,,,7,7,7,7,7,0,,,,,,,false,
7425,starexec,NUM689+4.p,e1b,unary-redundancy,SATURATED,554,986.144,398.911,,,11,11,11,11,11,0,,,,,,,false,
7425,starexec,NUM689+4.p,e1b,weight-greedy,SATURATED,554,804.541,237.598,,,5,5,5,5,5,0,,,,,,,false,
7425,starexec,NUM690+4.p,e1b,age-fair,HARD_TIMEOUT,559,0.000,,,,,,,,,,,,,,,,false,
7425,starexec,NUM690+4.p,e1b,balanced,TIMEOUT,559,1857.742,164038.047,,,26822,9022032,24634,8965538,1017,29,,,,,,,false,
7425,starexec,NUM690+4.p,e1b,equational,SATURATED,559,834.560,249.572,,,7,7,7,7,7,0,,,,,,,false,
7425,starexec,NUM690+4.p,e1b,first-negative,SATURATED,559,985.551,259.439,,,3,3,3,3,3,0,,,,,,,false,
7425,starexec,NUM690+4.p,e1b,occurrence,HARD_TIMEOUT,559,0.000,,,,,,,,,,,,,,,,false,
7425,starexec,NUM690+4.p,e1b,subsumption-light,SATURATED,559,887.973,258.314,,,7,7,7,7,7,0,,,,,,,false,
7425,starexec,NUM690+4.p,e1b,unary-redundancy,SATURATED,559,1625.712,522.604,,,11,11,11,11,11,0,,,,,,,false,
7425,starexec,NUM690+4.p,e1b,weight-greedy,SATURATED,559,871.346,251.665,,,5,5,5,5,5,0,,,,,,,false,
7425,starexec,NUM691+4.p,e1b,age-fair,HARD_TIMEOUT,564,0.000,,,,,,,,,,,,,,,,false,
7425,starexec,NUM691+4.p,e1b,balanced,TIMEOUT,564,1905.705,164279.957,,,22767,8001940,21560,7960488,1028,29,,,,,,,false,
7425,starexec,NUM691+4.p,e1b,equational,SATURATED,564,1256.856,375.081,,,7,7,7,7,7,0,,,,,,,false,
7425,starexec,NUM691+4.p,e1b,first-negative,SATURATED,564,1444.241,399.991,,,3,3,3,3,3,0,,,,,,,false,
7425,starexec,NUM691+4.p,e1b,occurrence,HARD_TIMEOUT,564,0.000,,,,,,,,,,,,,,,,false,
7425,starexec,NUM691+4.p,e1b,subsumption-light,SATURATED,564,1362.040,517.288,,,7,7,7,7,7,0,,,,,,,false,
7425,starexec,NUM691+4.p,e1b,unary-redundancy,SATURATED,564,1559.873,501.672,,,11,11,11,11,11,0,,,,,,,false,
7425,starexec,NUM691+4.p,e1b,weight-greedy,SATURATED,564,1220.501,342.832,,,5,5,5,5,5,0,,,,,,,false,
7425,starexec,NUM694+4.p,e1b,age-fair,TIMEOUT,572,2814.416,161969.945,,,13401,4944058,12815,4926919,506,26,,,,,,,false,
7425,starexec,NUM694+4.p,e1b,balanced,TIMEOUT,572,1190.158,163853.374,,,24816,7163338,23938,7118816,1043,29,,,,,,,false,
7425,starexec,NUM694+4.p,e1b,equational,TIMEOUT,572,1420.500,161957.331,,,9127,5303502,8527,5282158,120,9,,,,,,,false,
7425,starexec,NUM694+4.p,e1b,first-negative,SATURATED,572,874.562,265.616,,,3,3,3,3,3,0,,,,,,,false,
7425,starexec,NUM694+4.p,e1b,subsumption-light,TIMEOUT,572,1075.445,162015.913,,,2748,3954119,2637,3943903,37,2,,,,,,,false,
7425,starexec,NUM694+4.p,e1b,unary-redundancy,TIMEOUT,572,1526.699,161840.531,,,7838,4184826,7444,4167662,113,2,,,,,,,false,
7425,starexec,NUM694+4.p,e1b,weight-greedy,SATURATED,572,923.194,346.838,,,17,20,17,13,13,1,,,,,,,false,
7425,starexec,NUM695+4.p,e1b,age-fair,HARD_TIMEOUT,574,0.000,,,,,,,,,,,,,,,,false,
7425,starexec,NUM695+4.p,e1b,balanced,TIMEOUT,574,1898.509,164189.091,,,24106,7442080,22305,7389308,1046,29,,,,,,,false,
7425,starexec,NUM695+4.p,e1b,equational,TIMEOUT,574,1265.516,163214.727,,,13441,4928475,11949,4885445,58,8,,,,,,,false,
7425,starexec,NUM695+4.p,e1b,first-negative,SATURATED,574,1034.219,338.558,,,3,3,3,3,3,0,,,,,,,false,
7425,starexec,NUM695+4.p,e1b,subsumption-light,TIMEOUT,574,985.976,163191.645,,,7957,467592,6771,439110,28,2,,,,,,,false,
7425,starexec,NUM695+4.p,e1b,unary-redundancy,HARD_TIMEOUT,574,0.000,,,,,,,,,,,,,,,,false,
7425,starexec,NUM695+4.p,e1b,weight-greedy,SATURATED,574,835.394,353.375,,,11,11,11,7,7,0,,,,,,,false,
7425,starexec,NUM698+4.p,e1b,age-fair,HARD_TIMEOUT,585,0.000,,,,,,,,,,,,,,,,false,
7425,starexec,NUM698+4.p,e1b,balanced,TIMEOUT,585,1814.984,164002.930,,,25848,7818881,24803,7768549,1067,29,,,,,,,false,
7425,starexec,NUM698+4.p,e1b,equational,SATURATED,585,837.713,364.214,,,12,12,12,12,12,0,,,,,,,false,
7425,starexec,NUM698+4.p,e1b,first-negative,SATURATED,585,959.606,313.845,,,3,3,3,3,3,0,,,,,,,false,
7425,starexec,NUM698+4.p,e1b,occurrence,HARD_TIMEOUT,585,0.000,,,,,,,,,,,,,,,,false,
7425,starexec,NUM698+4.p,e1b,subsumption-light,SATURATED,585,880.255,382.042,,,10,10,10,10,10,0,,,,,,,false,
7425,starexec,NUM698+4.p,e1b,unary-redundancy,TIMEOUT,585,2405.018,161609.665,,,8009,3600473,7442,3582199,119,2,,,,,,,false,
7425,starexec,NUM698+4.p,e1b,weight-greedy,SATURATED,585,897.916,284.555,,,6,6,6,6,6,0,,,,,,,false,
7425,starexec,NUM707+4.p,e1b,age-fair,HARD_TIMEOUT,634,0.000,,,,,,,,,,,,,,,,false,
7425,starexec,NUM707+4.p,e1b,balanced,TIMEOUT,634,1893.967,163853.534,,,25042,7010114,23099,6962506,1149,29,,,,,,,false,
7425,starexec,NUM707+4.p,e1b,equational,SATURATED,634,1345.286,603.368,,,15,15,15,10,10,0,,,,,,,false,
7425,starexec,NUM707+4.p,e1b,first-negative,SATURATED,634,1524.094,511.019,,,3,3,3,3,3,0,,,,,,,false,
7425,starexec,NUM707+4.p,e1b,occurrence,HARD_TIMEOUT,634,0.000,,,,,,,,,,,,,,,,false,
7425,starexec,NUM707+4.p,e1b,subsumption-light,SATURATED,634,1337.756,509.815,,,6,6,6,6,6,0,,,,,,,false,
7425,starexec,NUM707+4.p,e1b,unary-redundancy,TIMEOUT,634,1857.187,161463.669,,,2268,3145784,2142,3136682,30,1,,,,,,,false,
7425,starexec,NUM707+4.p,e1b,weight-greedy,SATURATED,634,1350.366,333.888,,,5,5,5,5,5,0,,,,,,,false,
7425,starexec,NUM709+4.p,e1b,age-fair,HARD_TIMEOUT,639,0.000,,,,,,,,,,,,,,,,false,
7425,starexec,NUM709+4.p,e1b,balanced,TIMEOUT,639,1907.552,163878.675,,,26817,8481485,25324,8428975,1157,29,,,,,,,false,
7425,starexec,NUM709+4.p,e1b,equational,SATURATED,639,1352.970,553.351,,,15,15,15,10,10,0,,,,,,,false,
7425,starexec,NUM709+4.p,e1b,first-negative,SATURATED,639,1578.053,506.520,,,3,3,3,3,3,0,,,,,,,false,
7425,starexec,NUM709+4.p,e1b,occurrence,HARD_TIMEOUT,639,0.000,,,,,,,,,,,,,,,,false,
7425,starexec,NUM709+4.p,e1b,subsumption-light,SATURATED,639,1256.289,448.920,,,6,6,6,6,6,0,,,,,,,false,
7425,starexec,NUM709+4.p,e1b,unary-redundancy,TIMEOUT,639,1846.222,161241.577,,,3980,4023124,3563,4009602,30,1,,,,,,,false,
7425,starexec,NUM709+4.p,e1b,weight-greedy,SATURATED,639,1301.545,357.397,,,5,5,5,5,5,0,,,,,,,false,
7425,starexec,NUM743+4.p,e1b,age-fair,HARD_TIMEOUT,907,0.000,,,,,,,,,,,,,,,,false,
7425,starexec,NUM743+4.p,e1b,balanced,TIMEOUT,907,2274.539,163862.823,,,30276,6571093,30019,6528062,1679,33,,,,,,,false,
7425,starexec,NUM743+4.p,e1b,equational,SATURATED,907,1356.519,425.739,,,9,9,9,9,9,0,,,,,,,false,
7425,starexec,NUM743+4.p,e1b,first-negative,SATURATED,907,1059.811,319.054,,,3,3,3,3,3,0,,,,,,,false,
7425,starexec,NUM743+4.p,e1b,occurrence,HARD_TIMEOUT,907,0.000,,,,,,,,,,,,,,,,false,
7425,starexec,NUM743+4.p,e1b,subsumption-light,SATURATED,907,1033.127,355.627,,,9,9,9,9,9,0,,,,,,,false,
7425,starexec,NUM743+4.p,e1b,unary-redundancy,HARD_TIMEOUT,907,0.000,,,,,,,,,,,,,,,,false,
7425,starexec,NUM743+4.p,e1b,weight-greedy,SATURATED,907,913.065,235.915,,,5,5,5,5,5,0,,,,,,,false,
7425,starexec,NUM747+4.p,e1b,age-fair,HARD_TIMEOUT,943,0.000,,,,,,,,,,,,,,,,false,
7425,starexec,NUM747+4.p,e1b,balanced,TIMEOUT,943,2247.626,163616.944,,,28667,7301537,25507,7243703,1750,33,,,,,,,false,
7425,starexec,NUM747+4.p,e1b,equational,SATURATED,943,1485.907,475.928,,,7,7,7,7,7,0,,,,,,,false,
7425,starexec,NUM747+4.p,e1b,first-negative,SATURATED,943,1065.463,245.461,,,3,3,3,3,3,0,,,,,,,false,
7425,starexec,NUM747+4.p,e1b,occurrence,HARD_TIMEOUT,943,0.000,,,,,,,,,,,,,,,,false,
7425,starexec,NUM747+4.p,e1b,subsumption-light,SATURATED,943,1004.689,289.128,,,7,7,7,7,7,0,,,,,,,false,
7425,starexec,NUM747+4.p,e1b,unary-redundancy,TIMEOUT,943,3188.819,160805.335,,,8453,4186782,7861,4169746,179,5,,,,,,,false,
7425,starexec,NUM747+4.p,e1b,weight-greedy,SATURATED,943,897.215,276.471,,,5,5,5,5,5,0,,,,,,,false,
7425,starexec,NUM750+4.p,e1b,age-fair,HARD_TIMEOUT,964,0.000,,,,,,,,,,,,,,,,false,
7425,starexec,NUM750+4.p,e1b,balanced,TIMEOUT,964,2302.908,163864.005,,,26643,7858572,26090,7818164,1788,33,,,,,,,false,
7425,starexec,NUM750+4.p,e1b,equational,SATURATED,964,1510.919,492.358,,,8,8,8,8,8,0,,,,,,,false,
7425,starexec,NUM750+4.p,e1b,first-negative,SATURATED,964,1775.801,450.133,,,3,3,3,3,3,0,,,,,,,false,
7425,starexec,NUM750+4.p,e1b,occurrence,HARD_TIMEOUT,964,0.000,,,,,,,,,,,,,,,,false,
7425,starexec,NUM750+4.p,e1b,subsumption-light,SATURATED,964,1483.667,515.099,,,8,8,8,8,8,0,,,,,,,false,
7425,starexec,NUM750+4.p,e1b,unary-redundancy,SATURATED,964,1840.675,666.797,,,15,15,15,15,15,0,,,,,,,false,
7425,starexec,NUM750+4.p,e1b,weight-greedy,SATURATED,964,1405.705,357.639,,,5,5,5,5,5,0,,,,,,,false,
7425,starexec,NUM757+4.p,e1b,age-fair,TIMEOUT,1012,3221.223,162943.758,,,14423,4614151,13562,4595312,721,26,,,,,,,false,
7425,starexec,NUM757+4.p,e1b,balanced,TIMEOUT,1012,1514.740,164439.344,,,27337,10510012,26456,10462916,1888,33,,,,,,,false,
7425,starexec,NUM757+4.p,e1b,equational,SATURATED,1012,989.428,287.542,,,8,8,8,8,8,0,,,,,,,false,
7425,starexec,NUM757+4.p,e1b,first-negative,SATURATED,1012,1048.763,315.849,,,3,3,3,3,3,0,,,,,,,false,
7425,starexec,NUM757+4.p,e1b,occurrence,TIMEOUT,1012,3036.228,163030.262,,,19192,4465982,16846,4396299,545,26,,,,,,,false,
7425,starexec,NUM757+4.p,e1b,subsumption-light,SATURATED,1012,976.746,275.215,,,8,8,8,8,8,0,,,,,,,false,
7425,starexec,NUM757+4.p,e1b,unary-redundancy,SATURATED,1012,1135.977,357.202,,,8,8,8,8,8,0,,,,,,,false,
7425,starexec,NUM757+4.p,e1b,weight-greedy,SATURATED,1012,950.203,311.456,,,5,5,5,5,5,0,,,,,,,false,
7425,starexec,NUM783+4.p,e1b,age-fair,HARD_TIMEOUT,1257,0.000,,,,,,,,,,,,,,,,false,
7425,starexec,NUM783+4.p,e1b,balanced,TIMEOUT,1257,2529.382,163623.490,,,31371,4889822,31110,4844294,2380,33,,,,,,,false,
7425,starexec,NUM783+4.p,e1b,equational,TIMEOUT,1257,1509.419,162474.568,,,11003,4054328,10032,4028446,79,9,,,,,,,false,
7425,starexec,NUM783+4.p,e1b,first-negative,SATURATED,1257,1196.760,301.475,,,5,5,5,5,5,0,,,,,,,false,
7425,starexec,NUM783+4.p,e1b,occurrence,HARD_TIMEOUT,1257,0.000,,,,,,,,,,,,,,,,false,
7425,starexec,NUM783+4.p,e1b,subsumption-light,TIMEOUT,1257,1350.272,162396.174,,,17289,476188,14912,429587,40,3,,,,,,,false,
7425,starexec,NUM783+4.p,e1b,unary-redundancy,TIMEOUT,1257,4003.491,160282.867,,,11540,3664804,11395,3640386,276,5,,,,,,,false,
7425,starexec,NUM783+4.p,e1b,weight-greedy,SATURATED,1257,1209.778,366.412,,,14,15,14,12,12,1,,,,,,,false,
7425,starexec,NUM785+4.p,e1b,age-fair,TIMEOUT,1274,3398.567,162570.173,,,14501,4469247,14247,4452394,699,26,,,,,,,false,
7425,starexec,NUM785+4.p,e1b,balanced,TIMEOUT,1274,1561.809,164419.615,,,26629,6627147,26099,6576945,2413,33,,,,,,,false,
7425,starexec,NUM785+4.p,e1b,equational,TIMEOUT,1274,1485.257,162529.439,,,12258,4850343,10800,4819069,74,9,,,,,,,false,
7425,starexec,NUM785+4.p,e1b,first-negative,SATURATED,1274,1097.906,284.310,,,3,3,3,3,3,0,,,,,,,false,
7425,starexec,NUM785+4.p,e1b,occurrence,TIMEOUT,1274,2971.178,162537.567,,,16596,5020250,13309,4953163,503,26,,,,,,,false,
7425,starexec,NUM785+4.p,e1b,subsumption-light,SATURATED,1274,1040.044,350.159,,,8,8,8,8,8,0,,,,,,,false,
7425,starexec,NUM785+4.p,e1b,unary-redundancy,TIMEOUT,1274,1718.695,162546.360,,,4300,3805521,4186,3794009,81,4,,,,,,,false,
7425,starexec,NUM785+4.p,e1b,weight-greedy,SATURATED,1274,1021.750,306.450,,,6,6,6,6,6,0,,,,,,,false,
7425,starexec,NUM786+4.p,e1b,age-fair,HARD_TIMEOUT,1277,0.000,,,,,,,,,,,,,,,,false,
7425,starexec,NUM786+4.p,e1b,balanced,TIMEOUT,1277,2632.965,163532.618,,,32900,4620782,32054,4573156,2419,33,,,,,,,false,
7425,starexec,NUM786+4.p,e1b,equational,TIMEOUT,1277,2246.863,160774.603,,,11535,3845242,10484,3816269,77,9,,,,,,,false,
7425,starexec,NUM786+4.p,e1b,first-negative,SATURATED,1277,1799.089,497.630,,,3,3,3,3,3,0,,,,,,,false,
7425,starexec,NUM786+4.p,e1b,occurrence,HARD_TIMEOUT,1277,0.000,,,,,,,,,,,,,,,,false,
7425,starexec,NUM786+4.p,e1b,subsumption-light,SATURATED,1277,1646.696,566.505,,,12,12,12,11,11,0,,,,,,,false,
7425,starexec,NUM786+4.p,e1b,unary-redundancy,TIMEOUT,1277,2728.129,160161.631,,,5729,3113251,4887,3099739,87,4,,,,,,,false,
7425,starexec,NUM786+4.p,e1b,weight-greedy,SATURATED,1277,1111.792,242.357,,,6,6,6,6,6,0,,,,,,,false,
7425,starexec,NUM787+4.p,e1b,balanced,TIMEOUT,1280,2506.992,163542.421,,,29339,5701217,27686,5641977,2425,33,,,,,,,false,
7425,starexec,NUM787+4.p,e1b,equational,SATURATED,1280,1508.077,484.673,,,17,17,17,16,16,0,,,,,,,false,
7425,starexec,NUM787+4.p,e1b,first-negative,SATURATED,1280,1635.810,453.340,,,3,3,3,3,3,0,,,,,,,false,
7425,starexec,NUM787+4.p,e1b,occurrence,HARD_TIMEOUT,1280,0.000,,,,,,,,,,,,,,,,false,
7425,starexec,NUM787+4.p,e1b,subsumption-light,SATURATED,1280,1554.104,430.686,,,12,12,12,11,11,0,,,,,,,false,
7425,starexec,NUM787+4.p,e1b,unary-redundancy,TIMEOUT,1280,2649.546,160421.634,,,5049,2289555,4606,2277625,87,4,,,,,,,false,
7425,starexec,NUM787+4.p,e1b,weight-greedy,SATURATED,1280,1584.786,468.147,,,6,6,6,6,6,0,,,,,,,false,
7425,starexec,NUM789+4.p,e1b,age-fair,HARD_TIMEOUT,1286,0.000,,,,,,,,,,,,,,,,false,
7425,starexec,NUM789+4.p,e1b,balanced,TIMEOUT,1286,2586.991,163389.664,,,30575,6071995,30197,6027905,2437,33,,,,,,,false,
7425,starexec,NUM789+4.p,e1b,equational,SATURATED,1286,1673.472,570.948,,,18,18,18,17,17,0,,,,,,,false,
7425,starexec,NUM789+4.p,e1b,first-negative,SATURATED,1286,1771.130,528.778,,,3,3,3,3,3,0,,,,,,,false,
7425,starexec,NUM789+4.p,e1b,occurrence,HARD_TIMEOUT,1286,0.000,,,,,,,,,,,,,,,,false,
7425,starexec,NUM789+4.p,e1b,subsumption-light,SATURATED,1286,1643.788,509.180,,,15,15,15,14,14,0,,,,,,,false,
7425,starexec,NUM789+4.p,e1b,unary-redundancy,TIMEOUT,1286,2592.584,160480.369,,,5503,3713365,5331,3698551,93,4,,,,,,,false,
7425,starexec,NUM789+4.p,e1b,weight-greedy,SATURATED,1286,1061.196,327.699,,,6,6,6,6,6,0,,,,,,,false,
7425,starexec,NUM795+4.p,e1b,age-fair,HARD_TIMEOUT,1411,0.000,,,,,,,,,,,,,,,,false,
7425,starexec,NUM795+4.p,e1b,balanced,HARD_TIMEOUT,1411,0.000,,,,,,,,,,,,,,,,false,
7425,starexec,NUM795+4.p,e1b,equational,SATURATED,1411,1569.249,516.959,,,7,7,7,7,7,0,,,,,,,false,
7425,starexec,NUM795+4.p,e1b,first-negative,SATURATED,1411,1688.672,459.753,,,3,3,3,3,3,0,,,,,,,false,
7425,starexec,NUM795+4.p,e1b,occurrence,HARD_TIMEOUT,1411,0.000,,,,,,,,,,,,,,,,false,
7425,starexec,NUM795+4.p,e1b,subsumption-light,SATURATED,1411,1493.383,490.818,,,7,7,7,7,7,0,,,,,,,false,
7425,starexec,NUM795+4.p,e1b,weight-greedy,SATURATED,1411,1553.556,422.831,,,5,5,5,5,5,0,,,,,,,false,
7425,starexec,NUM796+4.p,e1b,age-fair,TIMEOUT,1416,3023.086,162979.412,,,15113,5229420,14726,5209877,692,26,,,,,,,false,
7425,starexec,NUM796+4.p,e1b,balanced,TIMEOUT,1416,2596.662,163503.221,,,30557,5121187,30135,5070161,2698,33,,,,,,,false,
7425,starexec,NUM796+4.p,e1b,equational,SATURATED,1416,890.705,269.646,,,7,7,7,7,7,0,,,,,,,false,
7425,starexec,NUM796+4.p,e1b,first-negative,SATURATED,1416,988.516,237.319,,,3,3,3,3,3,0,,,,,,,false,
7425,starexec,NUM796+4.p,e1b,occurrence,TIMEOUT,1416,2710.242,162824.587,,,28217,6326264,17599,6160059,534,26,,,,,,,false,
7425,starexec,NUM796+4.p,e1b,subsumption-light,SATURATED,1416,879.905,284.342,,,7,7,7,7,7,0,,,,,,,false,
7425,starexec,NUM796+4.p,e1b,unary-redundancy,TIMEOUT,1416,1524.893,163225.959,,,6172,5323027,5250,5307367,88,4,,,,,,,false,
7425,starexec,NUM796+4.p,e1b,weight-greedy,SATURATED,1416,866.261,254.457,,,5,5,5,5,5,0,,,,,,,false,
7425,starexec,NUM835+1.p,e1b,age-fair,REFUTED,38,1811.654,44097.405,144.662,1514.732,1581,1114633,1554,1111306,49,4,601,84308,1531,592,39,false,false,
7425,starexec,NUM835+1.p,e1b,balanced,REFUTED,38,493.646,280.850,36.170,589.115,32,125,28,85,49,4,527,72943,1620,572,39,false,false,
7425,starexec,NUM835+1.p,e1b,equational,REFUTED,38,1022.693,1803.225,96.214,1236.902,292,6756,266,5849,49,4,522,71892,1610,572,39,false,false,
7425,starexec,NUM835+1.p,e1b,first-negative,TIMEOUT,38,1535.734,163761.286,,,5419,6567314,5188,6524592,49,4,,,,,,,false,
7425,starexec,NUM835+1.p,e1b,occurrence,REFUTED,38,1824.705,1100.577,150.763,1514.896,70,242,65,163,49,4,564,77436,1493,592,39,false,false,
7425,starexec,NUM835+1.p,e1b,subsumption-light,REFUTED,38,1468.795,812.112,121.065,1749.397,32,125,28,85,49,4,527,72943,1620,572,39,false,false,
7425,starexec,NUM835+1.p,e1b,unary-redundancy,REFUTED,38,1782.661,802.332,103.479,1439.546,29,114,22,74,49,4,564,77436,1493,592,39,false,false,
7425,starexec,NUM835+1.p,e1b,weight-greedy,REFUTED,38,1067.508,1910.351,91.792,1155.722,235,3702,205,2049,49,4,524,72678,1616,572,39,false,false,
7425,starexec,NUM840+1.p,e1b,age-fair,REFUTED,38,1829.205,11826.556,121.723,1254.508,1077,165743,992,163728,47,4,576,49639,1764,225,39,false,false,
7425,starexec,NUM840+1.p,e1b,balanced,REFUTED,38,546.930,5029.059,64.903,490.344,1654,191175,1630,187146,47,4,528,47048,1893,225,39,false,false,
7425,starexec,NUM840+1.p,e1b,equational,REFUTED,38,1002.003,15547.614,123.664,1039.071,2322,673576,2310,667203,47,4,547,49515,1909,225,39,false,false,
7425,starexec,NUM840+1.p,e1b,first-negative,TIMEOUT,38,955.610,164582.223,,,6339,8727783,5758,8686603,47,4,,,,,,,false,
7425,starexec,NUM840+1.p,e1b,occurrence,REFUTED,38,1216.829,2821.825,103.964,865.985,771,22477,737,19935,47,4,574,49051,1768,225,39,false,false,
7425,starexec,NUM840+1.p,e1b,subsumption-light,REFUTED,38,1024.885,3972.854,110.773,1101.140,655,41203,631,39536,47,4,548,49549,1922,225,39,false,false,
7425,starexec,NUM840+1.p,e1b,unary-redundancy,TIMEOUT,38,939.638,164596.665,,,5512,4951576,4986,4934316,47,4,,,,,,,false,
7425,starexec,NUM840+1.p,e1b,weight-greedy,REFUTED,38,996.177,1433.744,112.704,957.443,342,4704,334,2999,47,4,530,47145,1886,225,39,false,false,
7425,starexec,NUM853+2.p,e1b,age-fair,REFUTED,36,1196.545,9224.663,74.412,683.599,1667,192633,1571,190038,41,4,556,46808,1680,225,37,false,false,
7425,starexec,NUM853+2.p,e1b,balanced,REFUTED,36,539.428,2159.649,66.465,589.540,764,33739,741,32257,41,4,520,45815,1785,225,37,false,false,
7425,starexec,NUM853+2.p,e1b,equational,REFUTED,36,1037.480,5250.373,134.719,1035.880,907,66848,893,65122,41,4,528,46592,1794,225,37,false,false,
7425,starexec,NUM853+2.p,e1b,first-negative,TIMEOUT,36,1431.358,163522.573,,,6647,7099585,6205,7076715,41,4,,,,,,,false,
7425,starexec,NUM853+2.p,e1b,occurrence,REFUTED,36,1712.102,3143.978,106.385,833.410,593,17460,589,15818,41,4,550,46236,1680,225,37,false,false,
7425,starexec,NUM853+2.p,e1b,subsumption-light,REFUTED,36,1367.121,4799.436,132.238,1027.765,684,30082,634,28596,41,4,523,45946,1788,225,37,false,false,
7425,starexec,NUM853+2.p,e1b,unary-redundancy,REFUTED,36,1753.427,4425.001,113.643,732.911,551,24309,528,23210,41,4,555,46628,1682,225,37,false,false,
7425,starexec,NUM853+2.p,e1b,weight-greedy,REFUTED,36,993.461,1896.631,99.247,961.176,452,8839,439,6625,41,4,504,43832,1755,225,37,false,false,
7425,starexec,NUM859+1.p,e1b,age-fair,TIMEOUT,13,1276.588,164360.331,,,9580,7601229,9458,7585413,30,6,,,,,,,false,
7425,starexec,NUM859+1.p,e1b,balanced,TIMEOUT,13,555.672,165025.143,,,14741,15970837,13593,15931601,30,6,,,,,,,false,
7425,starexec,NUM859+1.p,e1b,equational,TIMEOUT,13,1062.516,165309.534,,,12376,13296365,11120,13262567,30,6,,,,,,,false,
7425,starexec,NUM859+1.p,e1b,first-negative,TIMEOUT,13,1429.180,163794.113,,,19026,11894907,18180,11823837,30,6,,,,,,,false,
7425,starexec,NUM859+1.p,e1b,occurrence,TIMEOUT,13,1285.876,164200.123,,,14420,8254075,11732,8166590,30,6,,,,,,,false,
7425,starexec,NUM859+1.p,e1b,subsumption-light,TIMEOUT,13,1079.985,164138.469,,,9416,6095026,9160,6069740,30,6,,,,,,,false,
7425,starexec,NUM859+1.p,e1b,unary-redundancy,TIMEOUT,13,1254.262,164350.114,,,8145,4038141,7888,4015511,30,6,,,,,,,false,
7425,starexec,NUM859+1.p,e1b,weight-greedy,TIMEOUT,13,1078.772,164881.565,,,21525,11217838,17550,10811746,30,6,,,,,,,false,
7425,starexec,NUM860+1.p,e1b,age-fair,TIMEOUT,13,1333.618,164415.032,,,11920,11441812,11650,11423736,30,6,,,,,,,false,
7425,starexec,NUM860+1.p,e1b,balanced,TIMEOUT,13,585.593,166516.737,,,16884,23426829,15883,23385191,30,6,,,,,,,false,
7425,starexec,NUM860+1.p,e1b,equational,TIMEOUT,13,1069.131,167701.872,,,12582,13308046,11145,13275996,30,6,,,,,,,false,
7425,starexec,NUM860+1.p,e1b,first-negative,TIMEOUT,13,1401.345,163984.594,,,16137,8267512,14605,8223222,30,6,,,,,,,false,
7425,starexec,NUM860+1.p,e1b,occurrence,TIMEOUT,13,1267.796,164270.874,,,15389,13863107,14874,13777350,30,6,,,,,,,false,
7425,starexec,NUM860+1.p,e1b,subsumption-light,TIMEOUT,13,1068.285,164148.132,,,10896,7695257,10628,7666170,30,6,,,,,,,false,
7425,starexec,NUM860+1.p,e1b,unary-redundancy,TIMEOUT,13,1276.558,164217.655,,,8035,4313365,7754,4293989,30,6,,,,,,,false,
7425,starexec,NUM860+1.p,e1b,weight-greedy,REFUTED,13,1448.000,157293.716,225.476,1466.848,31234,10892840,19353,10587087,30,6,718,190540,1689,594,14,false,false,
7425,starexec,NUN054+1.p,e1b,age-fair,REFUTED,18,2642.112,32884.930,154.259,4778.685,8937,1043462,8563,1030780,59,20,702,416789,2766,1111,19,false,false,
7425,starexec,NUN054+1.p,e1b,balanced,REFUTED,18,813.916,723.739,63.046,1553.335,588,5218,577,4420,59,20,700,431985,2767,1111,19,false,false,
7425,starexec,NUN054+1.p,e1b,equational,REFUTED,18,1479.542,1206.350,96.391,2983.500,504,4222,491,3542,59,20,702,433778,2770,1111,19,false,false,
7425,starexec,NUN054+1.p,e1b,first-negative,TIMEOUT,18,1786.728,163674.968,,,38657,1332578,37684,1275706,59,20,,,,,,,false,
7425,starexec,NUN054+1.p,e1b,occurrence,REFUTED,18,1781.551,2000.880,106.671,2762.925,1077,11012,911,8414,59,20,727,439208,2781,1111,19,false,false,
7425,starexec,NUN054+1.p,e1b,subsumption-light,REFUTED,18,1466.180,1688.989,115.561,2950.816,497,4665,481,3861,59,20,697,429283,2763,1111,19,false,false,
7425,starexec,NUN054+1.p,e1b,unary-redundancy,REFUTED,18,1808.604,1954.831,99.686,2718.407,557,5281,486,4465,59,20,724,436535,2781,1111,19,false,false,
7425,starexec,NUN054+1.p,e1b,weight-greedy,REFUTED,18,1565.782,13399.515,147.784,2813.812,6525,202261,6451,168146,59,20,765,490762,2833,1111,19,false,false,
7425,starexec,NUN054+2.p,e1b,age-fair,REFUTED,11,2501.958,1829.223,175.264,4292.409,191,1731,167,1407,40,20,631,386532,2178,1111,12,false,false,
7425,starexec,NUN054+2.p,e1b,balanced,REFUTED,11,1123.279,428.281,85.522,2302.128,62,101,51,35,40,20,605,377804,2150,1111,12,false,false,
7425,starexec,NUN054+2.p,e1b,equational,REFUTED,11,2130.043,867.141,157.902,4309.439,71,124,50,48,40,20,592,366121,2135,1111,12,false,false,
7425,starexec,NUN054+2.p,e1b,first-negative,REFUTED,11,2766.739,2596.360,167.045,4629.877,368,4106,285,3353,40,20,635,388400,2190,1111,12,false,false,
7425,starexec,NUN054+2.p,e1b,occurrence,REFUTED,11,2221.168,699.863,158.444,3992.195,51,79,41,32,40,20,624,380219,2176,1111,12,false,false,
7425,starexec,NUN054+2.p,e1b,subsumption-light,REFUTED,11,2101.119,857.389,188.240,4536.294,73,151,60,59,40,20,627,394153,2168,1111,12,false,false,
7425,starexec,NUN054+2.p,e1b,unary-redundancy,REFUTED,11,2277.919,1014.825,160.861,4233.878,61,101,51,35,40,20,622,378475,2177,1111,12,false,false,
7425,starexec,NUN054+2.p,e1b,weight-greedy,REFUTED,11,2181.624,5437.703,210.836,4435.829,453,27944,432,26836,40,20,587,359944,2138,1111,12,false,false,
7425,starexec,NUN056+1.p,e1b,age-fair,TIMEOUT,18,1721.580,163948.615,,,24943,6471322,23109,6434352,59,20,,,,,,,false,
7425,starexec,NUN056+1.p,e1b,balanced,TIMEOUT,18,770.131,164804.043,,,35729,8492988,34280,8403286,59,20,,,,,,,false,
7425,starexec,NUN056+1.p,e1b,equational,TIMEOUT,18,1393.646,163762.662,,,26468,4842997,25096,4779975,59,20,,,,,,,false,
7425,starexec,NUN056+1.p,e1b,first-negative,TIMEOUT,18,1910.993,163523.924,,,29057,693788,28902,660492,59,20,,,,,,,false,
7425,starexec,NUN056+1.p,e1b,occurrence,HARD_TIMEOUT,18,0.000,,,,,,,,,,,,,,,,false,
7425,starexec,NUN056+1.p,e1b,subsumption-light,TIMEOUT,18,1358.098,163976.767,,,13051,2392650,12752,2360262,59,20,,,,,,,false,
7425,starexec,NUN056+1.p,e1b,unary-redundancy,TIMEOUT,18,1731.943,163995.364,,,9807,971409,9481,949947,59,20,,,,,,,false,
7425,starexec,NUN056+1.p,e1b,weight-greedy,REFUTED,18,2171.334,16494.093,296.933,5291.880,4122,66528,4052,46351,59,20,889,617165,3138,1155,19,false,false,
7425,starexec,NUN057+1.p,e1b,age-fair,TIMEOUT,18,1682.323,164157.962,,,25278,6628527,23441,6590823,59,20,,,,,,,false,
7425,starexec,NUN057+1.p,e1b,balanced,TIMEOUT,18,686.736,164868.426,,,39302,9254748,37356,9165364,59,20,,,,,,,false,
7425,starexec,NUN057+1.p,e1b,equational,TIMEOUT,18,1351.129,163860.420,,,29551,5138694,27760,5076126,59,20,,,,,,,false,
7425,starexec,NUN057+1.p,e1b,first-negative,TIMEOUT,18,1884.596,163635.975,,,27956,705405,27802,672427,59,20,,,,,,,false,
7425,starexec,NUN057+1.p,e1b,occurrence,REFUTED,18,2627.331,123502.743,205.428,4786.657,29836,3108511,25208,2990009,59,20,856,562919,3082,1146,19,false,false,
7425,starexec,NUN057+1.p,e1b,subsumption-light,TIMEOUT,18,1357.813,164081.507,,,12417,2294195,12114,2263963,59,20,,,,,,,false,
7425,starexec,NUN057+1.p,e1b,unary-redundancy,TIMEOUT,18,1746.632,164111.699,,,10491,910903,10225,890777,59,20,,,,,,,false,
7425,starexec,NUN057+1.p,e1b,weight-greedy,TIMEOUT,18,1385.155,163944.306,,,30161,1683713,24456,1506310,59,20,,,,,,,false,
7425,starexec,NUN060+1.p,e1b,age-fair,TIMEOUT,18,1834.532,163920.454,,,25783,7000668,24073,6961158,59,20,,,,,,,false,
7425,starexec,NUN060+1.p,e1b,balanced,REFUTED,18,1233.270,363.323,51.293,2376.735,47,134,43,84,59,20,649,382620,2739,1121,19,false,false,
7425,starexec,NUN060+1.p,e1b,equational,REFUTED,18,2165.132,623.198,119.835,4783.790,45,124,41,72,59,20,653,386235,2745,1121,19,false,false,
7425,starexec,NUN060+1.p,e1b,first-negative,REFUTED,18,2742.826,738.160,84.892,4761.915,53,208,52,146,59,20,667,381824,2753,1121,19,false,false,
7425,starexec,NUN060+1.p,e1b,occurrence,REFUTED,18,2519.908,672.282,88.723,4686.968,23,59,20,43,59,20,666,380964,2751,1121,19,false,false,
7425,starexec,NUN060+1.p,e1b,subsumption-light,REFUTED,18,2513.961,1474.985,138.638,4792.655,174,1236,168,990,59,20,650,383546,2735,1121,19,false,false,
7425,starexec,NUN060+1.p,e1b,unary-redundancy,REFUTED,18,2558.462,736.712,87.283,4722.543,48,137,44,85,59,20,669,383605,2750,1121,19,false,false,
7425,starexec,NUN060+1.p,e1b,weight-greedy,REFUTED,18,2175.649,514.224,106.680,4493.322,21,56,18,43,59,20,642,376364,2734,1121,19,false,false,
7425,starexec,NUN062+1.p,e1b,age-fair,REFUTED,18,3037.443,1578.778,93.822,4761.191,281,2286,268,1934,60,22,683,421786,2707,1167,19,false,false,
7425,starexec,NUN062+1.p,e1b,balanced,REFUTED,18,1157.011,467.709,58.970,2557.283,75,235,54,149,60,22,687,443593,2697,1167,19,false,false,
7425,starexec,NUN062+1.p,e1b,equational,REFUTED,18,2171.546,914.244,95.269,5041.444,77,238,53,144,60,22,687,443593,2697,1167,19,false,false,
7425,starexec,NUN062+1.p,e1b,first-negative,REFUTED,18,2978.471,821.990,106.811,4874.537,67,281,55,202,60,22,688,426460,2702,1167,19,false,false,
7425,starexec,NUN062+1.p,e1b,occurrence,REFUTED,18,2570.154,708.783,76.461,4554.514,54,140,37,72,60,22,704,441658,2707,1167,19,false,false,
7425,starexec,NUN062+1.p,e1b,subsumption-light,REFUTED,18,2201.487,939.023,90.940,5033.010,75,237,53,151,60,22,687,443593,2696,1167,19,false,false,
7425,starexec,NUN062+1.p,e1b,unary-redundancy,REFUTED,18,2614.206,1011.440,91.563,4638.917,75,235,54,149,60,22,707,444520,2707,1167,19,false,false,
7425,starexec,NUN062+1.p,e1b,weight-greedy,REFUTED,18,2188.313,702.184,106.257,4772.514,56,106,40,44,60,22,682,438839,2696,1167,19,false,false,
7425,starexec,NUN065+1.p,e1b,age-fair,REFUTED,18,2707.436,16767.647,99.338,4914.198,5528,420672,5387,412940,63,24,769,497864,2836,1221,19,false,false,
7425,starexec,NUN065+1.p,e1b,balanced,REFUTED,18,1333.544,5557.746,92.212,2946.045,3459,162144,2660,152850,63,24,812,560120,2838,1221,19,false,false,
7425,starexec,NUN065+1.p,e1b,equational,REFUTED,18,2564.939,8277.473,159.422,5490.066,2498,97115,1802,90927,63,24,812,560120,2838,1221,19,false,false,
7425,starexec,NUN065+1.p,e1b,first-negative,TIMEOUT,18,1917.350,163694.210,,,21308,8041448,20826,7992206,63,24,,,,,,,false,
7425,starexec,NUN065+1.p,e1b,occurrence,REFUTED,18,2587.783,14469.055,131.440,4765.340,4070,230772,3705,203668,63,24,793,521826,2828,1221,19,false,false,
7425,starexec,NUN065+1.p,e1b,subsumption-light,REFUTED,18,2077.028,48102.035,116.791,3285.577,7891,648841,7505,621862,63,24,920,668801,2877,1221,19,false,false,
7425,starexec,NUN065+1.p,e1b,unary-redundancy,REFUTED,18,2882.898,48111.888,134.451,4430.175,7942,649346,7358,620918,63,24,866,595360,2862,1221,19,false,false,
7425,starexec,NUN065+1.p,e1b,weight-greedy,REFUTED,18,1711.290,2384.648,91.350,3413.267,885,23196,811,17421,63,24,810,558147,2835,1221,19,false,false,
7425,starexec,NUN066+1.p,e1b,age-fair,REFUTED,18,2344.434,7237.863,70.079,3830.013,3266,143049,3148,138521,64,25,814,576370,2930,1294,19,false,false,
7425,starexec,NUN066+1.p,e1b,balanced,REFUTED,18,1075.841,3308.114,53.715,1881.663,2245,81820,1628,76698,64,25,827,610894,2915,1294,19,false,false,
7425,starexec,NUN066+1.p,e1b,equational,REFUTED,18,2030.124,5902.304,75.456,3476.429,2498,98062,1850,91788,64,25,827,610894,2915,1294,19,false,false,
7425,starexec,NUN066+1.p,e1b,first-negative,TIMEOUT,18,1950.390,163605.942,,,21174,8272678,20691,8224804,64,25,,,,,,,false,
7425,starexec,NUN066+1.p,e1b,occurrence,REFUTED,18,2484.820,9391.143,89.063,5487.695,4016,225386,3660,198156,64,25,876,643159,2937,1294,19,false,false,
7425,starexec,NUN066+1.p,e1b,subsumption-light,REFUTED,18,2307.796,9327.487,110.945,5386.016,2783,108321,2540,99548,64,25,947,740350,2945,1294,19,false,false,
7425,starexec,NUN066+1.p,e1b,unary-redundancy,REFUTED,18,2641.986,9534.705,88.725,5733.349,2991,121278,2599,112074,64,25,924,694975,2953,1294,19,false,false,
7425,starexec,NUN066+1.p,e1b,weight-greedy,REFUTED,18,2177.260,2969.571,88.225,3705.949,891,23582,816,17792,64,25,842,627102,2931,1294,19,false,false,
7425,starexec,NUN075+1.p,e1b,age-fair,TIMEOUT,18,1801.841,163920.328,,,27612,7489692,25767,7448030,59,20,,,,,,,false,
7425,starexec,NUN075+1.p,e1b,balanced,REFUTED,18,1206.095,4518.421,212.414,3397.704,2118,48680,2052,45008,59,20,1010,785479,3693,1349,19,false,false,
7425,starexec,NUN075+1.p,e1b,equational,REFUTED,18,2632.895,18326.065,263.756,3487.159,5401,289785,5258,279713,59,20,896,657218,3446,1349,19,false,false,
7425,starexec,NUN075+1.p,e1b,first-negative,TIMEOUT,18,1301.479,164349.200,,,24641,6923244,23911,6863382,59,20,,,,,,,false,
7425,starexec,NUN075+1.p,e1b,occurrence,TIMEOUT,18,1790.684,164005.221,,,35639,5245826,34315,5081064,59,20,,,,,,,false,
7425,starexec,NUN075+1.p,e1b,subsumption-light,TIMEOUT,18,1383.968,165190.050,,,1093,21625,1077,19335,59,20,,,,,,,false,
7425,starexec,NUN075+1.p,e1b,unary-redundancy,HARD_TIMEOUT,18,0.000,,,,,,,,,,,,,,,,false,
7425,starexec,NUN075+1.p,e1b,weight-greedy,REFUTED,18,2020.604,19589.732,248.657,3389.204,3388,67350,2951,49458,59,20,1017,794115,3772,1349,19,false,false,
7425,starexec,NUN076+1.p,e1b,age-fair,TIMEOUT,18,1731.999,164102.768,,,26417,7033100,24450,6993763,59,20,,,,,,,false,
7425,starexec,NUN076+1.p,e1b,balanced,REFUTED,18,1159.769,683.940,74.431,2416.965,206,828,202,602,59,20,677,412202,2781,1123,19,false,false,
7425,starexec,NUN076+1.p,e1b,equational,REFUTED,18,2721.224,1151.140,162.369,4515.024,209,848,205,614,59,20,675,410400,2780,1123,19,false,false,
7425,starexec,NUN076+1.p,e1b,first-negative,TIMEOUT,18,1858.248,163748.461,,,34972,907772,34698,861392,59,20,,,,,,,false,
7425,starexec,NUN076+1.p,e1b,occurrence,REFUTED,18,2455.377,1100.606,128.596,4222.368,198,504,194,267,59,20,697,413208,2790,1123,19,false,false,
7425,starexec,NUN076+1.p,e1b,subsumption-light,REFUTED,18,2504.121,1345.627,158.845,4988.983,209,1347,204,1052,59,20,691,424884,2785,1123,19,false,false,
7425,starexec,NUN076+1.p,e1b,unary-redundancy,REFUTED,18,2919.056,1542.927,123.560,4243.217,209,839,204,611,59,20,699,414998,2794,1123,19,false,false,
7425,starexec,NUN076+1.p,e1b,weight-greedy,REFUTED,18,1361.323,600.395,78.456,2988.778,147,251,142,81,59,20,685,419493,2786,1123,19,false,false,
7425,starexec,NUN080+1.p,e1b,age-fair,REFUTED,18,2612.952,2867.272,121.228,4019.986,782,13365,759,12278,59,20,682,393102,2709,1099,19,false,false,
7425,starexec,NUN080+1.p,e1b,balanced,REFUTED,18,1062.796,329.195,43.698,2207.349,43,122,40,76,59,20,626,360297,2662,1099,19,false,false,
7425,starexec,NUN080+1.p,e1b,equational,REFUTED,18,1962.840,617.894,80.242,4092.672,41,113,38,65,59,20,626,360297,2662,1099,19,false,false,
7425,starexec,NUN080+1.p,e1b,first-negative,REFUTED,18,2457.134,624.014,83.230,3973.851,41,109,36,67,59,20,648,363013,2682,1099,19,false,false,
7425,starexec,NUN080+1.p,e1b,occurrence,REFUTED,18,2285.765,592.530,93.849,4127.289,20,55,17,43,59,20,650,364741,2675,1099,19,false,false,
7425,starexec,NUN080+1.p,e1b,subsumption-light,REFUTED,18,2010.436,666.855,67.618,3997.182,46,129,43,79,59,20,631,364673,2664,1099,19,false,false,
7425,starexec,NUN080+1.p,e1b,unary-redundancy,REFUTED,18,2266.729,648.867,79.734,3396.092,43,123,40,77,59,20,646,361238,2673,1099,19,false,false,
7425,starexec,NUN080+1.p,e1b,weight-greedy,REFUTED,18,2072.694,462.615,85.084,3948.413,18,52,15,43,59,20,626,360273,2658,1099,19,false,false,
7425,starexec,NUN082+1.p,e1b,age-fair,TIMEOUT,18,1672.330,164026.030,,,25160,6780901,23489,6742467,59,20,,,,,,,false,
7425,starexec,NUN082+1.p,e1b,balanced,REFUTED,18,1220.848,3979.499,85.158,2518.352,2331,81236,2044,76419,59,20,729,453117,2786,1094,19,false,false,
7425,starexec,NUN082+1.p,e1b,equational,REFUTED,18,2205.865,6770.561,177.314,4362.275,2235,66180,1988,61468,59,20,746,468214,2815,1094,19,false,false,
7425,starexec,NUN082+1.p,e1b,first-negative,REFUTED,18,2193.170,122677.275,223.519,3834.356,25242,8405470,24805,8363134,59,20,934,618235,2981,1094,19,false,false,
7425,starexec,NUN082+1.p,e1b,occurrence,REFUTED,18,2533.595,15444.289,157.815,4367.237,5519,313452,4543,292999,59,20,752,456707,2794,1094,19,false,false,
7425,starexec,NUN082+1.p,e1b,subsumption-light,REFUTED,18,2166.676,7228.539,179.815,4539.816,1612,29936,1573,26864,59,20,729,453117,2782,1094,19,false,false,
7425,starexec,NUN082+1.p,e1b,unary-redundancy,REFUTED,18,2572.452,10939.588,188.128,4787.984,2185,68887,2100,64554,59,20,766,469145,2826,1094,19,false,false,
7425,starexec,NUN082+1.p,e1b,weight-greedy,REFUTED,18,2403.161,82391.769,215.096,4476.075,18190,1648605,14256,1460328,59,20,808,522934,2860,1094,19,false,false,
7425,starexec,NUN085+1.p,e1b,age-fair,REFUTED,18,2838.537,56229.581,113.779,5048.821,12557,2033638,12015,2014853,64,25,773,555348,2820,1268,19,false,false,
7425,starexec,NUN085+1.p,e1b,balanced,REFUTED,18,1210.364,32232.706,107.105,2583.287,12704,2284206,11901,2251011,64,25,800,603619,2804,1268,19,false,false,
7425,starexec,NUN085+1.p,e1b,equational,REFUTED,18,2443.846,58404.698,169.111,4923.072,12787,2277038,11945,2243895,64,25,800,603619,2804,1268,19,false,false,
7425,starexec,NUN085+1.p,e1b,first-negative,TIMEOUT,18,1258.976,164410.004,,,20946,19664721,20561,19621171,64,25,,,,,,,false,
7425,starexec,NUN085+1.p,e1b,occurrence,REFUTED,18,2776.889,74714.209,154.733,5310.006,15768,3250503,14836,3144650,64,25,861,647942,2878,1268,19,false,false,
7425,starexec,NUN085+1.p,e1b,subsumption-light,REFUTED,18,3144.315,9422.771,195.293,5682.388,1709,49086,1658,44920,64,25,810,614153,2822,1268,19,false,false,
7425,starexec,NUN085+1.p,e1b,unary-redundancy,REFUTED,18,2987.432,8802.274,170.763,5388.526,1677,46170,1625,42054,64,25,842,627735,2840,1268,19,false,false,
7425,starexec,NUN085+1.p,e1b,weight-greedy,REFUTED,18,1619.957,69438.959,132.362,3913.546,18023,2379010,17060,2035966,64,25,908,717628,2935,1268,19,false,false,
7425,starexec,NUN086+1.p,e1b,age-fair,TIMEOUT,18,1618.746,163948.429,,,25032,6703024,23351,6664802,59,20,,,,,,,false,
7425,starexec,NUN086+1.p,e1b,balanced,REFUTED,18,1202.593,4612.793,105.100,2687.232,2345,69568,2067,64670,59,20,751,476106,2809,1100,19,false,false,
7425,starexec,NUN086+1.p,e1b,equational,REFUTED,18,1448.533,4682.976,125.765,3102.518,2393,72486,2098,67453,59,20,751,476106,2809,1100,19,false,false,
7425,starexec,NUN086+1.p,e1b,first-negative,REFUTED,18,2335.623,145132.019,215.870,5524.979,28461,8276862,28001,8231025,59,20,917,607351,3006,1100,19,false,false,
7425,starexec,NUN086+1.p,e1b,occurrence,REFUTED,18,2454.227,15891.010,160.060,4206.396,6535,213413,5341,192353,59,20,757,464509,2797,1100,19,false,false,
7425,starexec,NUN086+1.p,e1b,subsumption-light,REFUTED,18,1558.789,5017.546,120.380,3182.042,1556,27741,1514,24785,59,20,734,460889,2798,1100,19,false,false,
7425,starexec,NUN086+1.p,e1b,unary-redundancy,REFUTED,18,2615.887,11953.502,173.941,4031.534,2232,72865,2146,68457,59,20,771,477049,2820,1100,19,false,false,
7425,starexec,NUN086+1.p,e1b,weight-greedy,REFUTED,18,1491.614,70772.940,121.029,2625.030,22021,2305702,17924,2117425,59,20,749,474228,2813,1100,19,false,false,
7425,starexec,PRD001+1.p,e1b,age-fair,TIMEOUT,1614,3520.065,163685.257,,,41214,413833,38754,357212,1615,0,,,,,,,false,
7425,starexec,PRD001+1.p,e1b,balanced,TIMEOUT,1614,1041.695,164826.371,,,48841,418677,42268,317876,1615,0,,,,,,,false,
7425,starexec,PRD001+1.p,e1b,equational,TIMEOUT,1614,2136.332,163726.497,,,39154,377563,34120,317876,1615,0,,,,,,,false,
7425,starexec,PRD001+1.p,e1b,first-negative,HARD_TIMEOUT,1614,0.000,,,,,,,,,,,,,,,,false,
7425,starexec,PRD001+1.p,e1b,occurrence,TIMEOUT,1614,3530.203,163690.344,,,40035,380636,33714,318814,1615,0,,,,,,,false,
7425,starexec,PRD001+1.p,e1b,subsumption-light,TIMEOUT,1614,2247.107,163808.372,,,28658,373094,26673,328214,1615,0,,,,,,,false,
7425,starexec,PRD001+1.p,e1b,unary-redundancy,TIMEOUT,1614,3485.158,163753.403,,,28558,372579,26735,328214,1615,0,,,,,,,false,
7425,starexec,PRD001+1.p,e1b,weight-greedy,TIMEOUT,1614,2059.266,163809.514,,,43318,180921,34824,130434,1615,0,,,,,,,false,
7425,starexec,PRO011+1.p,e1b,age-fair,REFUTED,48,3445.088,6647.796,102.920,6869.264,1596,30708,1430,28412,95,23,1098,733633,4567,1699,49,false,false,
7425,starexec,PRO011+1.p,e1b,balanced,REFUTED,48,1503.019,900.226,90.996,3945.222,373,1562,323,1054,95,23,1077,745091,4798,1681,49,false,false,
7425,starexec,PRO011+1.p,e1b,equational,REFUTED,48,1897.785,1155.326,118.296,4750.746,365,1567,311,1066,95,23,1077,745091,4798,1681,49,false,false,
7425,starexec,PRO011+1.p,e1b,first-negative,REFUTED,48,2171.097,1089.275,89.601,4279.049,289,841,262,441,95,23,1090,723924,4573,1699,49,false,false,
7425,starexec,PRO011+1.p,e1b,occurrence,REFUTED,48,3714.701,1526.617,155.126,6962.086,288,937,244,510,95,23,1126,762930,4587,1699,49,false,false,
7425,starexec,PRO011+1.p,e1b,subsumption-light,REFUTED,48,1839.512,1262.812,130.003,4791.300,366,1515,323,1031,95,23,1142,823224,4865,1681,49,false,false,
7425,starexec,PRO011+1.p,e1b,unary-redundancy,REFUTED,48,3308.380,2122.053,157.119,6617.069,401,1632,347,1082,95,23,1126,762904,4583,1699,49,false,false,
7425,starexec,PRO011+1.p,e1b,weight-greedy,REFUTED,48,1806.415,1420.286,98.425,4514.830,514,1795,453,941,95,23,1049,713819,4787,1681,49,false,false,
7425,starexec,PUZ129+2.p,e1b,age-fair,REFUTED,0,1830.806,863.279,153.623,2280.147,36,45,35,18,18,8,321,179692,1248,1403,1,false,false,
7425,starexec,PUZ129+2.p,e1b,balanced,REFUTED,0,866.274,431.841,82.133,1430.608,35,41,33,18,18,8,289,157494,1012,1381,1,false,false,
7425,starexec,PUZ129+2.p,e1b,equational,REFUTED,0,1642.892,755.500,137.644,2477.267,35,41,33,18,18,8,289,157494,1012,1381,1,false,false,
7425,starexec,PUZ129+2.p,e1b,first-negative,REFUTED,0,1999.861,895.404,144.077,2468.895,35,38,31,18,18,8,284,161041,1227,1403,1,false,false,
7425,starexec,PUZ129+2.p,e1b,occurrence,REFUTED,0,1823.298,854.236,141.868,2159.667,32,40,31,18,18,8,285,161688,1225,1403,1,false,false,
7425,starexec,PUZ129+2.p,e1b,subsumption-light,REFUTED,0,1618.590,775.991,129.825,2563.124,35,41,33,18,18,8,289,157494,1012,1381,1,false,false,
7425,starexec,PUZ129+2.p,e1b,unary-redundancy,REFUTED,0,1790.638,787.658,120.134,2162.680,36,43,34,18,18,8,285,161668,1225,1403,1,false,false,
7425,starexec,PUZ129+2.p,e1b,weight-greedy,REFUTED,0,1534.520,675.050,135.412,2500.759,41,74,38,26,18,8,298,162646,989,1381,1,false,false,
7425,starexec,PUZ133+1.p,e1b,age-fair,TIMEOUT,9,1171.951,164359.525,,,18719,2692856,17519,2530655,23,3,,,,,,,false,
7425,starexec,PUZ133+1.p,e1b,balanced,TIMEOUT,9,564.839,165066.223,,,27563,7146579,26047,7023439,24,3,,,,,,,false,
7425,starexec,PUZ133+1.p,e1b,equational,TIMEOUT,9,981.387,164296.585,,,19421,4800502,17875,4721723,24,3,,,,,,,false,
7425,starexec,PUZ133+1.p,e1b,first-negative,TIMEOUT,9,1237.151,163916.891,,,15152,732406,14392,626504,23,3,,,,,,,false,
7425,starexec,PUZ133+1.p,e1b,occurrence,TIMEOUT,9,1182.607,166742.528,,,20963,5102373,19307,5019095,23,3,,,,,,,false,
7425,starexec,PUZ133+1.p,e1b,subsumption-light,TIMEOUT,9,1002.325,164402.103,,,14544,2382405,13468,2312147,24,3,,,,,,,false,
7425,starexec,PUZ133+1.p,e1b,unary-redundancy,TIMEOUT,9,1151.161,164320.637,,,14897,2343877,13565,2266589,23,3,,,,,,,false,
7425,starexec,PUZ133+1.p,e1b,weight-greedy,TIMEOUT,9,997.482,164294.644,,,29032,1022049,25437,901182,24,3,,,,,,,false,
7425,starexec,REL020+2.p,e1b,age-fair,TIMEOUT,16,1020.430,165000.261,,,1844,4363089,1766,4356954,18,2,,,,,,,false,
7425,starexec,REL020+2.p,e1b,balanced,TIMEOUT,16,301.248,165407.380,,,3323,7798139,2333,7780233,18,2,,,,,,,false,
7425,starexec,REL020+2.p,e1b,equational,TIMEOUT,16,575.785,164718.363,,,2626,5411983,2182,5398067,18,2,,,,,,,false,
7425,starexec,REL020+2.p,e1b,first-negative,TIMEOUT,16,1054.631,163514.893,,,2653,5372607,1863,5357848,18,2,,,,,,,false,
7425,starexec,REL020+2.p,e1b,occurrence,TIMEOUT,16,653.142,164658.957,,,2804,3915784,2192,3863422,18,2,,,,,,,false,
7425,starexec,REL020+2.p,e1b,subsumption-light,TIMEOUT,16,577.966,164751.592,,,3063,5218086,2096,5202384,18,2,,,,,,,false,
7425,starexec,REL020+2.p,e1b,unary-redundancy,TIMEOUT,16,682.377,164900.220,,,2542,4122951,1899,4109743,18,2,,,,,,,false,
7425,starexec,REL020+2.p,e1b,weight-greedy,TIMEOUT,16,583.630,164533.976,,,4398,5790433,3211,5497198,18,2,,,,,,,false,
7425,starexec,REL021+1.p,e1b,age-fair,TIMEOUT,13,900.656,164053.669,,,1637,7388990,1569,7379401,15,2,,,,,,,false,
7425,starexec,REL021+1.p,e1b,balanced,TIMEOUT,13,424.708,165106.079,,,2328,12363674,2006,12336304,15,2,,,,,,,false,
7425,starexec,REL021+1.p,e1b,equational,TIMEOUT,13,801.201,164167.195,,,1969,7265449,1633,7246177,15,2,,,,,,,false,
7425,starexec,REL021+1.p,e1b,first-negative,TIMEOUT,13,960.454,163945.242,,,1595,4244203,1330,4232427,15,2,,,,,,,false,
7425,starexec,REL021+1.p,e1b,occurrence,TIMEOUT,13,951.380,164120.319,,,2571,6866273,1761,6796601,15,2,,,,,,,false,
7425,starexec,REL021+1.p,e1b,subsumption-light,TIMEOUT,13,779.382,164014.223,,,1940,7164530,1632,7145034,15,2,,,,,,,false,
7425,starexec,REL021+1.p,e1b,unary-redundancy,TIMEOUT,13,893.762,164307.566,,,2041,7288954,1696,7270362,15,2,,,,,,,false,
7425,starexec,REL021+1.p,e1b,weight-greedy,TIMEOUT,13,842.278,164037.444,,,4118,6586623,2983,6204631,15,2,,,,,,,false,
7425,starexec,REL040+2.p,e1b,age-fair,TIMEOUT,13,1045.049,164334.853,,,1355,4879494,1280,4872068,15,3,,,,,,,false,
7425,starexec,REL040+2.p,e1b,balanced,TIMEOUT,13,299.459,165281.347,,,2256,10532731,1971,10506543,15,3,,,,,,,false,
7425,starexec,REL040+2.p,e1b,equational,TIMEOUT,13,598.006,164634.195,,,1939,7132632,1652,7115838,15,3,,,,,,,false,
7425,starexec,REL040+2.p,e1b,first-negative,TIMEOUT,13,1130.935,166409.743,,,1715,5652550,1469,5639048,15,3,,,,,,,false,
7425,starexec,REL040+2.p,e1b,occurrence,TIMEOUT,13,697.541,164938.803,,,2241,6212124,1501,6164317,15,3,,,,,,,false,
7425,starexec,REL040+2.p,e1b,subsumption-light,TIMEOUT,13,639.590,164682.270,,,1865,6831537,1615,6815305,15,3,,,,,,,false,
7425,starexec,REL040+2.p,e1b,unary-redundancy,TIMEOUT,13,678.982,164719.859,,,1796,5820222,1530,5806290,15,3,,,,,,,false,
7425,starexec,REL040+2.p,e1b,weight-greedy,TIMEOUT,13,595.095,164745.723,,,4065,7062670,3204,6602121,15,3,,,,,,,false,
7425,starexec,SCT115+1.p,e1b,age-fair,HARD_TIMEOUT,527,0.000,,,,,,,,,,,,,,,,false,
7425,starexec,SCT115+1.p,e1b,balanced,HARD_TIMEOUT,527,0.000,,,,,,,,,,,,,,,,false,
7425,starexec,SCT115+1.p,e1b,equational,HARD_TIMEOUT,527,0.000,,,,,,,,,,,,,,,,false,
7425,starexec,SCT115+1.p,e1b,first-negative,TIMEOUT,527,2493.800,160848.016,,,23770,1739567,23353,1697767,62,14,,,,,,,false,
7425,starexec,SCT115+1.p,e1b,occurrence,TIMEOUT,527,3940.500,163390.180,,,28783,5582743,19885,5493276,694,96,,,,,,,false,
7425,starexec,SCT115+1.p,e1b,subsumption-light,TIMEOUT,527,3162.639,162097.126,,,8334,3301804,7018,3282736,290,46,,,,,,,false,
7425,starexec,SCT115+1.p,e1b,unary-redundancy,HARD_TIMEOUT,527,0.000,,,,,,,,,,,,,,,,false,
7425,starexec,SCT115+1.p,e1b,weight-greedy,REFUTED,527,2450.912,6924.593,185.668,7368.565,2991,76253,1742,61254,96,16,1213,2052212,5121,9009,528,false,false,
7425,starexec,SCT117+1.p,e1b,age-fair,HARD_TIMEOUT,527,0.000,,,,,,,,,,,,,,,,false,
7425,starexec,SCT117+1.p,e1b,balanced,HARD_TIMEOUT,527,0.000,,,,,,,,,,,,,,,,false,
7425,starexec,SCT117+1.p,e1b,equational,HARD_TIMEOUT,527,0.000,,,,,,,,,,,,,,,,false,
7425,starexec,SCT117+1.p,e1b,first-negative,TIMEOUT,527,1777.229,162660.807,,,30848,1633680,27932,1531829,68,15,,,,,,,false,
7425,starexec,SCT117+1.p,e1b,subsumption-light,TIMEOUT,527,3258.547,161636.689,,,6822,3085371,5899,3067951,282,47,,,,,,,false,
7425,starexec,SCT117+1.p,e1b,unary-redundancy,HARD_TIMEOUT,527,0.000,,,,,,,,,,,,,,,,false,
7425,starexec,SCT117+1.p,e1b,weight-greedy,REFUTED,527,2509.654,56271.313,194.906,8388.782,16629,754928,13398,694201,102,17,1291,2330113,5342,9009,528,false,false,
7425,starexec,SCT120+1.p,e1b,age-fair,HARD_TIMEOUT,526,0.000,,,,,,,,,,,,,,,,false,
7425,starexec,SCT120+1.p,e1b,balanced,TIMEOUT,526,1627.897,163681.928,,,20372,10222724,17876,10172340,794,100,,,,,,,false,
7425,starexec,SCT120+1.p,e1b,equational,TIMEOUT,526,2944.135,162181.637,,,12782,5581997,10969,5552533,571,69,,,,,,,false,
7425,starexec,SCT120+1.p,e1b,first-negative,SATURATED,526,1257.661,417.912,,,16,20,16,19,21,2,,,,,,,false,
7425,starexec,SCT120+1.p,e1b,occurrence,TIMEOUT,526,4121.119,161668.130,,,19764,5133415,14332,5047353,614,78,,,,,,,false,
7425,starexec,SCT120+1.p,e1b,subsumption-light,TIMEOUT,526,2633.986,162003.786,,,8377,4571482,7093,4549348,440,66,,,,,,,false,
7425,starexec,SCT120+1.p,e1b,weight-greedy,REFUTED,526,1736.472,655.523,126.317,2894.019,77,111,71,60,62,13,779,488161,3690,1777,527,false,false,
7425,starexec,SCT123+1.p,e1b,age-fair,HARD_TIMEOUT,528,0.000,,,,,,,,,,,,,,,,false,
7425,starexec,SCT123+1.p,e1b,balanced,TIMEOUT,528,2887.771,163419.517,,,13088,5658841,11883,5634465,826,115,,,,,,,false,
7425,starexec,SCT123+1.p,e1b,equational,HARD_TIMEOUT,528,0.000,,,,,,,,,,,,,,,,false,
7425,starexec,SCT123+1.p,e1b,first-negative,REFUTED,528,2584.231,13840.608,219.262,1430.933,1375,71496,1110,67842,33,3,347,61438,2112,421,529,false,false,
7425,starexec,SCT123+1.p,e1b,occurrence,HARD_TIMEOUT,528,0.000,,,,,,,,,,,,,,,,false,
7425,starexec,SCT123+1.p,e1b,subsumption-light,HARD_TIMEOUT,528,0.000,,,,,,,,,,,,,,,,false,
7425,starexec,SCT123+1.p,e1b,unary-redundancy,HARD_TIMEOUT,528,0.000,,,,,,,,,,,,,,,,false,
7425,starexec,SCT123+1.p,e1b,weight-greedy,HARD_TIMEOUT,528,0.000,,,,,,,,,,,,,,,,false,
7425,starexec,SCT124+1.p,e1b,age-fair,HARD_TIMEOUT,528,0.000,,,,,,,,,,,,,,,,false,
7425,starexec,SCT124+1.p,e1b,balanced,TIMEOUT,528,2946.345,163862.774,,,12966,6177604,12293,6148378,804,105,,,,,,,false,
7425,starexec,SCT124+1.p,e1b,equational,KILLED,,0.000,,,,,,,,,,,,,,,,false,killed before finishing
7425,starexec,SCT124+1.p,e1b,first-negative,SATURATED,528,1088.969,338.634,,,14,14,14,9,9,4,,,,,,,false,
7425,starexec,SCT124+1.p,e1b,occurrence,TIMEOUT,528,3971.268,163721.760,,,13401,5693414,11793,5626557,664,79,,,,,,,false,
7425,starexec,SCT124+1.p,e1b,subsumption-light,TIMEOUT,528,2313.844,163592.375,,,5784,3333812,5530,3318896,286,48,,,,,,,false,
7425,starexec,SCT124+1.p,e1b,unary-redundancy,TIMEOUT,528,3816.178,163576.762,,,9397,4518058,8855,4497352,561,75,,,,,,,false,
7425,starexec,SCT124+1.p,e1b,weight-greedy,TIMEOUT,528,1334.158,163421.568,,,14012,8993408,12625,8939810,84,17,,,,,,,false,
7425,starexec,SCT125+1.p,e1b,age-fair,HARD_TIMEOUT,528,0.000,,,,,,,,,,,,,,,,false,
7425,starexec,SCT125+1.p,e1b,balanced,TIMEOUT,528,1866.539,164522.858,,,14035,8862766,12859,8830668,819,106,,,,,,,false,
7425,starexec,SCT125+1.p,e1b,equational,TIMEOUT,528,2992.618,163024.681,,,10723,4882448,9844,4858926,560,70,,,,,,,false,
7425,starexec,SCT125+1.p,e1b,first-negative,TIMEOUT,528,2241.781,160629.991,,,3003,216090,1120,6040,35,3,,,,,,,false,
7425,starexec,SCT125+1.p,e1b,occurrence,HARD_TIMEOUT,528,0.000,,,,,,,,,,,,,,,,false,
7425,starexec,SCT125+1.p,e1b,subsumption-light,TIMEOUT,528,2822.803,163281.180,,,7586,3715598,7055,3697026,407,54,,,,,,,false,
7425,starexec,SCT125+1.p,e1b,unary-redundancy,HARD_TIMEOUT,528,0.000,,,,,,,,,,,,,,,,false,
7425,starexec,SCT125+1.p,e1b,weight-greedy,TIMEOUT,528,1597.002,162902.447,,,13545,4132570,10138,4030039,81,13,,,,,,,false,
7425,starexec,SCT155+1.p,e1b,age-fair,HARD_TIMEOUT,528,0.000,,,,,,,,,,,,,,,,false,
7425,starexec,SCT155+1.p,e1b,balanced,TIMEOUT,528,2674.463,163776.239,,,23783,8448343,21228,8403212,831,111,,,,,,,false,
7425,starexec,SCT155+1.p,e1b,equational,TIMEOUT,528,2979.919,163238.556,,,17874,5769864,14582,5736158,549,69,,,,,,,false,
7425,starexec,SCT155+1.p,e1b,first-negative,TIMEOUT,528,2596.543,160701.918,,,7875,4883145,7135,4870674,49,8,,,,,,,false,
7425,starexec,SCT155+1.p,e1b,occurrence,HARD_TIMEOUT,528,0.000,,,,,,,,,,,,,,,,false,
7425,starexec,SCT155+1.p,e1b,subsumption-light,TIMEOUT,528,1797.278,163230.930,,,3594,4129218,3442,4116652,194,10,,,,,,,false,
7425,starexec,SCT155+1.p,e1b,unary-redundancy,HARD_TIMEOUT,528,0.000,,,,,,,,,,,,,,,,false,
7425,starexec,SCT155+1.p,e1b,weight-greedy,SATURATED,528,2007.364,1030.483,,,58,73,58,37,55,5,,,,,,,false,
7425,starexec,SCT158+1.p,e1b,age-fair,HARD_TIMEOUT,528,0.000,,,,,,,,,,,,,,,,false,
7425,starexec,SCT158+1.p,e1b,balanced,HARD_TIMEOUT,528,0.000,,,,,,,,,,,,,,,,false,
7425,starexec,SCT158+1.p,e1b,equational,HARD_TIMEOUT,528,0.000,,,,,,,,,,,,,,,,false,
7425,starexec,SCT158+1.p,e1b,first-negative,REFUTED,528,3425.438,1801.916,149.870,5251.822,180,982,167,732,55,8,536,433272,3191,2088,529,false,false,
7425,starexec,SCT158+1.p,e1b,occurrence,HARD_TIMEOUT,528,0.000,,,,,,,,,,,,,,,,false,
7425,starexec,SCT158+1.p,e1b,subsumption-light,TIMEOUT,528,2686.397,161850.087,,,3197,2972833,3032,2960901,200,10,,,,,,,false,
7425,starexec,SCT158+1.p,e1b,unary-redundancy,HARD_TIMEOUT,528,0.000,,,,,,,,,,,,,,,,false,
7425,starexec,SCT158+1.p,e1b,weight-greedy,SATURATED,528,2105.183,1233.078,,,71,97,64,43,61,5,,,,,,,false,
7425,starexec,SCT170+3.p,e1b,age-fair,HARD_TIMEOUT,1578,0.000,,,,,,,,,,,,,,,,false,
7425,starexec,SCT170+3.p,e1b,balanced,HARD_TIMEOUT,1578,0.000,,,,,,,,,,,,,,,,false,
7425,starexec,SCT170+3.p,e1b,equational,HARD_TIMEOUT,1578,0.000,,,,,,,,,,,,,,,,false,
7425,starexec,SCT170+3.p,e1b,first-negative,TIMEOUT,1578,2863.891,159033.597,,,4275,7894691,4219,7871731,55,12,,,,,,,false,
7425,starexec,SCT170+3.p,e1b,occurrence,HARD_TIMEOUT,1578,0.000,,,,,,,,,,,,,,,,false,
7425,starexec,SCT170+3.p,e1b,subsumption-light,TIMEOUT,1578,3971.791,160092.864,,,9407,4287959,8876,4267759,354,98,,,,,,,false,
7425,starexec,SCT170+3.p,e1b,unary-redundancy,HARD_TIMEOUT,1578,0.000,,,,,,,,,,,,,,,,false,
7425,starexec,SCT170+3.p,e1b,weight-greedy,TIMEOUT,1578,2439.988,159456.256,,,29523,3343277,20530,3261539,164,46,,,,,,,false,
7425,starexec,SET017+1.p,e1b,age-fair,REFUTED,43,2449.956,19638.206,113.301,2363.108,3336,539135,3223,534632,93,10,724,201510,2595,657,44,false,false,
7425,starexec,SET017+1.p,e1b,balanced,REFUTED,43,1233.782,847.963,90.056,1667.342,190,854,181,630,93,10,682,196327,2725,651,44,false,false,
7425,starexec,SET017+1.p,e1b,equational,REFUTED,43,2003.659,1698.118,180.372,3048.954,241,1389,176,1111,93,10,692,200736,2742,651,44,false,false,
7425,starexec,SET017+1.p,e1b,first-negative,REFUTED,43,2803.074,2608.739,210.006,2666.048,414,7537,405,7016,93,10,726,202377,2600,657,44,false,false,
7425,starexec,SET017+1.p,e1b,occurrence,REFUTED,43,2410.759,2096.845,167.593,2581.081,370,1885,337,1399,93,10,758,216789,2644,657,44,false,false,
7425,starexec,SET017+1.p,e1b,subsumption-light,REFUTED,43,1834.128,1487.500,183.976,2976.490,170,626,150,427,93,10,682,196327,2725,651,44,false,false,
7425,starexec,SET017+1.p,e1b,unary-redundancy,REFUTED,43,2818.012,1656.553,165.007,2508.002,198,893,164,669,93,10,731,205486,2610,657,44,false,false,
7425,starexec,SET017+1.p,e1b,weight-greedy,REFUTED,43,2081.414,2945.872,175.443,3024.806,496,9141,466,7487,93,10,698,201650,2748,651,44,false,false,
7425,starexec,SET101+1.p,e1b,age-fair,REFUTED,43,2497.518,2216.424,129.312,2400.969,315,4267,285,3902,90,9,696,139533,2500,486,44,false,false,
7425,starexec,SET101+1.p,e1b,balanced,REFUTED,43,895.856,880.625,51.140,893.614,354,4152,331,3630,90,9,657,137446,2654,486,44,false,false,
7425,starexec,SET101+1.p,e1b,equational,REFUTED,43,1730.969,1882.568,94.921,1760.196,359,4190,336,3662,90,9,657,137446,2654,486,44,false,false,
7425,starexec,SET101+1.p,e1b,first-negative,TIMEOUT,43,1917.789,163530.048,,,25363,7166843,25232,7120037,90,9,,,,,,,false,
7425,starexec,SET101+1.p,e1b,occurrence,REFUTED,43,2312.580,1861.697,89.123,1507.301,348,2663,325,2015,90,9,696,139533,2500,486,44,false,false,
7425,starexec,SET101+1.p,e1b,subsumption-light,REFUTED,43,1723.757,1915.726,99.235,1711.440,327,3491,306,3010,90,9,657,137446,2654,486,44,false,false,
7425,starexec,SET101+1.p,e1b,unary-redundancy,REFUTED,43,2177.327,2004.066,94.543,1400.241,324,3542,303,3060,90,9,696,139533,2500,486,44,false,false,
7425,starexec,SET101+1.p,e1b,weight-greedy,REFUTED,43,1747.493,1436.256,162.042,2064.049,189,656,180,329,90,9,657,137446,2654,486,44,false,false,
7425,starexec,SET716+4.p,e1b,age-fair,TIMEOUT,28,3750.430,163752.357,,,16340,4431160,16257,4413087,147,53,,,,,,,false,
7425,starexec,SET716+4.p,e1b,balanced,TIMEOUT,28,1654.895,164881.847,,,19974,8767248,18824,8729351,160,54,,,,,,,false,
7425,starexec,SET716+4.p,e1b,equational,TIMEOUT,28,3059.522,163755.845,,,15127,5668889,14225,5640643,160,54,,,,,,,false,
7425,starexec,SET716+4.p,e1b,first-negative,TIMEOUT,28,4086.848,163465.043,,,7397,6879905,7346,6870957,147,53,,,,,,,false,
7425,starexec,SET716+4.p,e1b,occurrence,TIMEOUT,28,3617.592,163796.897,,,21171,3029691,16400,2988151,147,53,,,,,,,false,
7425,starexec,SET716+4.p,e1b,subsumption-light,TIMEOUT,28,3032.133,163980.490,,,11876,3576885,10923,3556601,160,54,,,,,,,false,
7425,starexec,SET716+4.p,e1b,unary-redundancy,TIMEOUT,28,3648.433,163864.304,,,13045,2609167,11844,2588340,147,53,,,,,,,false,
7425,starexec,SET716+4.p,e1b,weight-greedy,TIMEOUT,28,3029.357,163879.284,,,16713,336072,16603,230904,160,54,,,,,,,false,
7425,starexec,SET733+4.p,e1b,age-fair,TIMEOUT,28,3656.980,163853.916,,,16532,4588211,16451,4569863,146,52,,,,,,,false,
7425,starexec,SET733+4.p,e1b,balanced,TIMEOUT,28,1624.456,164855.847,,,23794,8044001,22293,8003837,159,53,,,,,,,false,
7425,starexec,SET733+4.p,e1b,equational,TIMEOUT,28,2946.974,164023.877,,,17448,5340561,16230,5310633,159,53,,,,,,,false,
7425,starexec,SET733+4.p,e1b,first-negative,TIMEOUT,28,4036.636,163528.083,,,7599,7454294,7539,7444564,146,52,,,,,,,false,
7425,starexec,SET733+4.p,e1b,occurrence,TIMEOUT,28,3440.365,163870.272,,,21301,2798530,21171,2762655,146,52,,,,,,,false,
7425,starexec,SET733+4.p,e1b,subsumption-light,TIMEOUT,28,2993.579,163979.645,,,12279,3042053,11467,3021905,159,53,,,,,,,false,
7425,starexec,SET733+4.p,e1b,unary-redundancy,TIMEOUT,28,3551.202,163933.764,,,12959,2512741,11916,2492196,146,52,,,,,,,false,
7425,starexec,SET733+4.p,e1b,weight-greedy,TIMEOUT,28,3008.639,163861.051,,,17358,625575,16909,531634,159,53,,,,,,,false,
7425,starexec,SET817+4.p,e1b,age-fair,TIMEOUT,22,1885.819,163945.456,,,13443,5384201,13398,5368619,71,16,,,,,,,false,
7425,starexec,SET817+4.p,e1b,balanced,TIMEOUT,22,874.705,164833.163,,,21832,9586865,21498,9545341,80,20,,,,,,,false,
7425,starexec,SET817+4.p,e1b,equational,TIMEOUT,22,1605.469,163975.839,,,16328,6279221,16027,6249537,80,20,,,,,,,false,
7425,starexec,SET817+4.p,e1b,first-negative,TIMEOUT,22,2122.148,163614.168,,,14867,5208469,14830,5185093,71,16,,,,,,,false,
7425,starexec,SET817+4.p,e1b,occurrence,HARD_TIMEOUT,22,0.000,,,,,,,,,,,,,,,,false,
7425,starexec,SET817+4.p,e1b,subsumption-light,TIMEOUT,22,1544.632,163958.300,,,12965,3101016,12765,3078006,80,20,,,,,,,false,
7425,starexec,SET817+4.p,e1b,unary-redundancy,TIMEOUT,22,1953.732,163991.641,,,14686,3493417,14399,3468789,71,16,,,,,,,false,
7425,starexec,SET817+4.p,e1b,weight-greedy,TIMEOUT,22,1525.771,163918.055,,,19614,2194011,19130,2009594,80,20,,,,,,,false,
7425,starexec,SET964+1.p,e1b,age-fair,TIMEOUT,12,1573.604,164534.266,,,3327,1741705,3315,1736386,29,13,,,,,,,false,
7425,starexec,SET964+1.p,e1b,balanced,REFUTED,12,1063.433,660.948,93.966,2146.768,94,431,81,328,33,13,494,248471,1878,1509,13,false,false,
7425,starexec,SET964+1.p,e1b,equational,REFUTED,12,1895.498,1045.577,165.562,3876.331,87,352,80,251,33,13,497,249203,1877,1509,13,false,false,
7425,starexec,SET964+1.p,e1b,first-negative,TIMEOUT,12,1722.991,163686.833,,,16234,7935127,16209,7907635,29,13,,,,,,,false,
7425,starexec,SET964+1.p,e1b,occurrence,REFUTED,12,2555.912,1176.848,139.746,2834.930,111,436,87,291,29,13,509,230587,1793,1224,13,false,false,
7425,starexec,SET964+1.p,e1b,subsumption-light,REFUTED,12,2207.009,1259.163,165.529,4086.573,99,465,88,351,33,13,494,248471,1878,1509,13,false,false,
7425,starexec,SET964+1.p,e1b,unary-redundancy,REFUTED,12,2457.314,1152.437,131.650,2976.133,83,337,71,243,29,13,509,230587,1793,1224,13,false,false,
7425,starexec,SET964+1.p,e1b,weight-greedy,REFUTED,12,2105.363,1657.505,174.738,3632.119,229,1177,219,721,33,13,482,239816,1871,1509,13,false,false,
7425,starexec,SEU269+1.p,e1b,age-fair,HARD_TIMEOUT,51,0.000,,,,,,,,,,,,,,,,false,
7425,starexec,SEU269+1.p,e1b,balanced,TIMEOUT,51,810.266,165012.036,,,1424,1321382,1394,1318208,92,18,,,,,,,false,
7425,starexec,SEU269+1.p,e1b,equational,TIMEOUT,51,1444.076,164019.957,,,1197,725086,1158,722498,92,18,,,,,,,false,
7425,starexec,SEU269+1.p,e1b,first-negative,REFUTED,51,2732.935,127103.383,165.046,5063.044,846,449925,802,447774,90,18,921,463132,2397,1430,52,false,false,
7425,starexec,SEU269+1.p,e1b,occurrence,TIMEOUT,51,1710.986,166495.934,,,4295,746119,4238,737237,90,18,,,,,,,false,
7425,starexec,SEU269+1.p,e1b,subsumption-light,TIMEOUT,51,1469.608,164080.217,,,1199,697118,1173,694394,92,18,,,,,,,false,
7425,starexec,SEU269+1.p,e1b,unary-redundancy,HARD_TIMEOUT,51,0.000,,,,,,,,,,,,,,,,false,
7425,starexec,SEU269+1.p,e1b,weight-greedy,TIMEOUT,51,1428.212,163801.624,,,14162,1019739,13986,899119,92,18,,,,,,,false,
7425,starexec,SEU427+4.p,e1b,balanced,HARD_TIMEOUT,71107,0.000,,,,,,,,,,,,,,,,false,
7425,starexec,SEU427+4.p,e1b,equational,HARD_TIMEOUT,71107,0.000,,,,,,,,,,,,,,,,false,
7425,starexec,SEU427+4.p,e1b,first-negative,HARD_TIMEOUT,71107,0.000,,,,,,,,,,,,,,,,false,
7425,starexec,SEU427+4.p,e1b,occurrence,HARD_TIMEOUT,71107,0.000,,,,,,,,,,,,,,,,false,
7425,starexec,SEU427+4.p,e1b,subsumption-light,HARD_TIMEOUT,71107,0.000,,,,,,,,,,,,,,,,false,
7425,starexec,SEU427+4.p,e1b,unary-redundancy,HARD_TIMEOUT,71107,0.000,,,,,,,,,,,,,,,,false,
7425,starexec,SEU427+4.p,e1b,weight-greedy,HARD_TIMEOUT,71107,0.000,,,,,,,,,,,,,,,,false,
7425,starexec,SEU440+4.p,e1b,age-fair,HARD_TIMEOUT,71133,0.000,,,,,,,,,,,,,,,,false,
7425,starexec,SEU440+4.p,e1b,balanced,HARD_TIMEOUT,71133,0.000,,,,,,,,,,,,,,,,false,
7425,starexec,SEU440+4.p,e1b,equational,HARD_TIMEOUT,71133,0.000,,,,,,,,,,,,,,,,false,
7425,starexec,SEU440+4.p,e1b,subsumption-light,HARD_TIMEOUT,71133,0.000,,,,,,,,,,,,,,,,false,
7425,starexec,SEV522+1.p,e1b,age-fair,TIMEOUT,19,2207.915,163818.902,,,12732,6319890,12280,6305574,87,31,,,,,,,false,
7425,starexec,SEV522+1.p,e1b,balanced,TIMEOUT,19,956.115,164982.192,,,17277,11308267,14818,11276161,96,32,,,,,,,false,
7425,starexec,SEV522+1.p,e1b,equational,TIMEOUT,19,1761.680,163894.073,,,14561,8558743,13845,8532465,96,32,,,,,,,false,
7425,starexec,SEV522+1.p,e1b,first-negative,TIMEOUT,19,2466.763,163643.148,,,14815,5346916,14705,5323956,87,31,,,,,,,false,
7425,starexec,SEV522+1.p,e1b,occurrence,TIMEOUT,19,2108.811,163990.721,,,21886,4123552,21844,4084470,87,31,,,,,,,false,
7425,starexec,SEV522+1.p,e1b,subsumption-light,TIMEOUT,19,1145.599,164658.865,,,11014,4834459,9645,4811581,96,32,,,,,,,false,
7425,starexec,SEV522+1.p,e1b,unary-redundancy,TIMEOUT,19,2096.601,164071.491,,,11653,3492640,11638,3475952,87,31,,,,,,,false,
7425,starexec,SEV522+1.p,e1b,weight-greedy,TIMEOUT,19,1165.399,164612.587,,,29504,4582641,28147,4222530,96,32,,,,,,,false,
7425,starexec,SEV563+1.p,e1b,age-fair,TIMEOUT,25,1692.746,165759.293,,,10218,5074372,9734,5056791,80,17,,,,,,,false,
7425,starexec,SEV563+1.p,e1b,balanced,TIMEOUT,25,726.602,164903.528,,,20915,10662888,20175,10620858,80,17,,,,,,,false,
7425,starexec,SEV563+1.p,e1b,equational,TIMEOUT,25,1332.552,164084.982,,,16600,6276622,15480,6238406,80,17,,,,,,,false,
7425,starexec,SEV563+1.p,e1b,first-negative,TIMEOUT,25,1230.125,164453.808,,,17613,5513866,17123,5473308,80,17,,,,,,,false,
7425,starexec,SEV563+1.p,e1b,occurrence,TIMEOUT,25,1557.168,164168.078,,,23468,4874272,21612,4789770,80,17,,,,,,,false,
7425,starexec,SEV563+1.p,e1b,subsumption-light,TIMEOUT,25,1379.398,164859.982,,,9186,3048528,8347,3022120,80,17,,,,,,,false,
7425,starexec,SEV563+1.p,e1b,unary-redundancy,TIMEOUT,25,1521.668,164334.769,,,7927,2370877,7526,2358115,80,17,,,,,,,false,
7425,starexec,SEV563+1.p,e1b,weight-greedy,TIMEOUT,25,1378.915,164052.292,,,20512,4192091,19386,3946918,80,17,,,,,,,false,
7425,starexec,SEV569+1.p,e1b,age-fair,TIMEOUT,25,1714.127,164005.544,,,10601,5406483,10117,5388423,80,17,,,,,,,false,
7425,starexec,SEV569+1.p,e1b,balanced,REFUTED,25,1480.817,2595.280,128.379,2687.825,908,19810,841,18538,80,17,922,427364,2792,955,26,false,false,
7425,starexec,SEV569+1.p,e1b,equational,REFUTED,25,2412.773,4439.595,250.564,4232.169,983,18131,782,16883,80,17,919,425203,2791,955,26,false,false,
7425,starexec,SEV569+1.p,e1b,first-negative,TIMEOUT,25,1332.139,163448.392,,,23151,8445421,22559,8388109,80,17,,,,,,,false,
7425,starexec,SEV569+1.p,e1b,occurrence,TIMEOUT,25,1700.580,163922.259,,,17096,6375185,14343,6208723,80,17,,,,,,,false,
7425,starexec,SEV569+1.p,e1b,subsumption-light,TIMEOUT,25,1305.677,163926.494,,,9535,3304316,8681,3277234,80,17,,,,,,,false,
7425,starexec,SEV569+1.p,e1b,unary-redundancy,REFUTED,25,3494.104,5985.271,236.657,4295.284,882,16516,825,15260,80,17,946,439817,2650,955,26,false,false,
7425,starexec,SEV569+1.p,e1b,weight-greedy,TIMEOUT,25,1373.328,163889.602,,,21660,10877805,18746,10679187,80,17,,,,,,,false,
7425,starexec,SEV581+1.p,e1b,age-fair,TIMEOUT,25,1708.811,164030.871,,,10760,5434207,10276,5416114,80,17,,,,,,,false,
7425,starexec,SEV581+1.p,e1b,balanced,TIMEOUT,25,712.143,164894.617,,,17072,10290233,16178,10241481,80,17,,,,,,,false,
7425,starexec,SEV581+1.p,e1b,equational,HARD_TIMEOUT,25,0.000,,,,,,,,,,,,,,,,false,
7425,starexec,SEV581+1.p,e1b,first-negative,TIMEOUT,25,1219.090,164437.187,,,21589,7355267,19535,7304957,80,17,,,,,,,false,
7425,starexec,SEV581+1.p,e1b,occurrence,TIMEOUT,25,1641.240,165946.499,,,17460,6063656,16436,5972244,80,17,,,,,,,false,
7425,starexec,SEV581+1.p,e1b,subsumption-light,TIMEOUT,25,1383.635,164201.927,,,8874,3030870,8194,3005362,80,17,,,,,,,false,
7425,starexec,SEV581+1.p,e1b,unary-redundancy,TIMEOUT,25,1660.204,164250.111,,,8807,2954588,8205,2929578,80,17,,,,,,,false,
7425,starexec,SEV581+1.p,e1b,weight-greedy,HARD_TIMEOUT,25,0.000,,,,,,,,,,,,,,,,false,
7425,starexec,SEV606+1.p,e1b,age-fair,HARD_TIMEOUT,1727,0.000,,,,,,,,,,,,,,,,false,
7425,starexec,SEV606+1.p,e1b,balanced,HARD_TIMEOUT,1727,0.000,,,,,,,,,,,,,,,,false,
7425,starexec,SEV606+1.p,e1b,equational,REFUTED,1727,6370.284,2377.857,130.460,27889.712,324,3016,315,2618,599,22,7814,3482525,34132,1555,1728,false,false,
7425,starexec,SEV606+1.p,e1b,first-negative,REFUTED,1727,4585.680,1648.838,113.143,5987.052,242,835,227,471,134,5,1783,447377,6254,935,1728,false,false,
7425,starexec,SEV606+1.p,e1b,occurrence,HARD_TIMEOUT,1727,0.000,,,,,,,,,,,,,,,,false,
7425,starexec,SEV606+1.p,e1b,subsumption-light,REFUTED,1727,4210.229,2295.290,107.187,9834.138,175,1410,164,1209,240,8,3024,851667,12852,1023,1728,false,false,
7425,starexec,SEV606+1.p,e1b,unary-redundancy,REFUTED,1727,5805.004,2093.508,136.629,10471.459,113,783,113,648,233,8,3150,1099005,11305,1225,1728,false,false,
7425,starexec,SEV606+1.p,e1b,weight-greedy,REFUTED,1727,3613.783,1646.139,99.153,5651.820,196,1422,178,910,176,5,2135,398462,8590,897,1728,false,false,
7425,starexec,SEV607+1.p,e1b,age-fair,HARD_TIMEOUT,2360,0.000,,,,,,,,,,,,,,,,false,
7425,starexec,SEV607+1.p,e1b,balanced,HARD_TIMEOUT,2360,0.000,,,,,,,,,,,,,,,,false,
7425,starexec,SEV607+1.p,e1b,equational,TIMEOUT,2360,3165.021,161542.698,,,31334,4677544,28361,4605430,821,93,,,,,,,false,
7425,starexec,SEV607+1.p,e1b,first-negative,SATURATED,2360,2117.290,1084.597,,,129,433,96,301,78,8,,,,,,,false,
7425,starexec,SEV607+1.p,e1b,occurrence,HARD_TIMEOUT,2360,0.000,,,,,,,,,,,,,,,,false,
7425,starexec,SEV607+1.p,e1b,subsumption-light,TIMEOUT,2360,2690.717,161693.599,,,13237,1475234,11589,1444584,563,30,,,,,,,false,
7425,starexec,SEV607+1.p,e1b,unary-redundancy,HARD_TIMEOUT,2360,0.000,,,,,,,,,,,,,,,,false,
7425,starexec,SEV607+1.p,e1b,weight-greedy,TIMEOUT,2360,2197.323,161473.151,,,4778,4341888,4551,4270690,299,17,,,,,,,false,
7425,starexec,SEV608+1.p,e1b,age-fair,HARD_TIMEOUT,2867,0.000,,,,,,,,,,,,,,,,false,
7425,starexec,SEV608+1.p,e1b,balanced,HARD_TIMEOUT,2867,0.000,,,,,,,,,,,,,,,,false,
7425,starexec,SEV608+1.p,e1b,equational,HARD_TIMEOUT,2867,0.000,,,,,,,,,,,,,,,,false,
7425,starexec,SEV608+1.p,e1b,first-negative,REFUTED,2867,2705.668,709.414,85.511,4064.149,100,172,97,69,69,9,878,391800,2961,1757,2868,false,false,
7425,starexec,SEV608+1.p,e1b,occurrence,HARD_TIMEOUT,2867,0.000,,,,,,,,,,,,,,,,false,
7425,starexec,SEV608+1.p,e1b,subsumption-light,REFUTED,2867,9069.968,5661.559,193.645,115284.689,1170,12738,1105,10656,385,87,4520,12138360,21563,7006,2868,false,false,
7425,starexec,SEV608+1.p,e1b,unary-redundancy,HARD_TIMEOUT,2867,0.000,,,,,,,,,,,,,,,,false,
7425,starexec,SEV608+1.p,e1b,weight-greedy,REFUTED,2867,3945.365,1548.998,98.267,30997.248,386,1851,342,1015,202,44,2408,3986573,11918,4528,2868,false,false,
7425,starexec,SEV609+1.p,e1b,age-fair,HARD_TIMEOUT,2900,0.000,,,,,,,,,,,,,,,,false,
7425,starexec,SEV609+1.p,e1b,balanced,HARD_TIMEOUT,2900,0.000,,,,,,,,,,,,,,,,false,
7425,starexec,SEV609+1.p,e1b,equational,HARD_TIMEOUT,2900,0.000,,,,,,,,,,,,,,,,false,
7425,starexec,SEV609+1.p,e1b,first-negative,TIMEOUT,2900,3963.026,157554.982,,,36974,276818,33264,225971,93,39,,,,,,,false,
7425,starexec,SEV609+1.p,e1b,occurrence,HARD_TIMEOUT,2900,0.000,,,,,,,,,,,,,,,,false,
7425,starexec,SEV609+1.p,e1b,subsumption-light,HARD_TIMEOUT,2900,0.000,,,,,,,,,,,,,,,,false,
7425,starexec,SEV609+1.p,e1b,unary-redundancy,HARD_TIMEOUT,2900,0.000,,,,,,,,,,,,,,,,false,
7425,starexec,SEV609+1.p,e1b,weight-greedy,REFUTED,2900,8910.360,27556.779,223.881,67773.319,8949,171881,8027,146079,232,81,3436,9815767,17533,7566,2901,false,false,
7425,starexec,SEV610+1.p,e1b,age-fair,HARD_TIMEOUT,2777,0.000,,,,,,,,,,,,,,,,false,
7425,starexec,SEV610+1.p,e1b,balanced,HARD_TIMEOUT,2777,0.000,,,,,,,,,,,,,,,,false,
7425,starexec,SEV610+1.p,e1b,equational,REFUTED,2777,4366.669,1854.975,125.664,12024.482,455,780,441,238,113,27,1258,1218201,5135,3008,2778,false,false,
7425,starexec,SEV610+1.p,e1b,first-negative,TIMEOUT,2777,1821.780,160002.387,,,37308,1052350,37166,1007511,22,7,,,,,,,false,
7425,starexec,SEV610+1.p,e1b,occurrence,HARD_TIMEOUT,2777,0.000,,,,,,,,,,,,,,,,false,
7425,starexec,SEV610+1.p,e1b,subsumption-light,REFUTED,2777,3845.151,1402.328,139.755,8847.866,196,342,196,133,92,22,1024,787686,4026,2558,2778,false,false,
7425,starexec,SEV610+1.p,e1b,unary-redundancy,HARD_TIMEOUT,2777,0.000,,,,,,,,,,,,,,,,false,
7425,starexec,SEV610+1.p,e1b,weight-greedy,TIMEOUT,2777,2460.747,157615.982,,,4189,46445,3092,8625,61,12,,,,,,,false,
7425,starexec,SEV612+1.p,e1b,age-fair,HARD_TIMEOUT,2852,0.000,,,,,,,,,,,,,,,,false,
7425,starexec,SEV612+1.p,e1b,balanced,HARD_TIMEOUT,2852,0.000,,,,,,,,,,,,,,,,false,
7425,starexec,SEV612+1.p,e1b,equational,TIMEOUT,2852,3976.220,156051.159,,,26020,7586460,24909,7548114,570,226,,,,,,,false,
7425,starexec,SEV612+1.p,e1b,first-negative,SATURATED,2852,1336.827,357.403,,,4,4,4,4,4,0,,,,,,,false,
7425,starexec,SEV612+1.p,e1b,occurrence,HARD_TIMEOUT,2852,0.000,,,,,,,,,,,,,,,,false,
7425,starexec,SEV612+1.p,e1b,subsumption-light,REFUTED,2852,2598.080,734.539,61.399,6733.811,100,140,98,92,103,28,1311,1017963,5842,2190,2853,false,false,
7425,starexec,SEV612+1.p,e1b,unary-redundancy,REFUTED,2852,6363.004,4022.017,113.251,57716.533,1143,11911,1087,10225,444,84,5575,9250408,19235,4610,2853,false,false,
7425,starexec,SEV612+1.p,e1b,weight-greedy,SATURATED,2852,1247.438,394.609,,,7,16,7,15,20,0,,,,,,,false,
7425,starexec,SEV616+1.p,e1b,age-fair,HARD_TIMEOUT,2862,0.000,,,,,,,,,,,,,,,,false,
7425,starexec,SEV616+1.p,e1b,balanced,HARD_TIMEOUT,2862,0.000,,,,,,,,,,,,,,,,false,
7425,starexec,SEV616+1.p,e1b,equational,REFUTED,2862,3478.743,7794.603,167.879,10500.548,3326,42779,3162,36971,242,25,3607,2072900,16705,2141,2863,false,false,
7425,starexec,SEV616+1.p,e1b,first-negative,SATURATED,2862,2458.468,733.655,,,20,20,20,18,18,0,,,,,,,false,
7425,starexec,SEV616+1.p,e1b,occurrence,HARD_TIMEOUT,2862,0.000,,,,,,,,,,,,,,,,false,
7425,starexec,SEV616+1.p,e1b,subsumption-light,REFUTED,2862,2834.041,13453.813,140.454,5202.092,1842,28581,1799,25341,162,16,2447,996003,11471,1592,2863,false,false,
7425,starexec,SEV616+1.p,e1b,unary-redundancy,TIMEOUT,2862,4019.807,159141.057,,,25175,1320556,23952,1280431,495,94,,,,,,,false,
7425,starexec,SEV616+1.p,e1b,weight-greedy,TIMEOUT,2862,1657.389,159324.597,,,21549,3790136,19371,3627240,63,6,,,,,,,false,
7425,starexec,SEV618+1.p,e1b,age-fair,HARD_TIMEOUT,2435,0.000,,,,,,,,,,,,,,,,false,
7425,starexec,SEV618+1.p,e1b,balanced,HARD_TIMEOUT,2435,0.000,,,,,,,,,,,,,,,,false,
7425,starexec,SEV618+1.p,e1b,equational,HARD_TIMEOUT,2435,0.000,,,,,,,,,,,,,,,,false,
7425,starexec,SEV618+1.p,e1b,first-negative,SATURATED,2435,2463.454,696.534,,,86,195,86,41,35,2,,,,,,,false,
7425,starexec,SEV618+1.p,e1b,occurrence,HARD_TIMEOUT,2435,0.000,,,,,,,,,,,,,,,,false,
7425,starexec,SEV618+1.p,e1b,subsumption-light,HARD_TIMEOUT,2435,0.000,,,,,,,,,,,,,,,,false,
7425,starexec,SEV618+1.p,e1b,unary-redundancy,HARD_TIMEOUT,2435,0.000,,,,,,,,,,,,,,,,false,
7425,starexec,SEV618+1.p,e1b,weight-greedy,TIMEOUT,2435,3096.490,155307.762,,,12274,857194,11140,764547,128,16,,,,,,,false,
7425,starexec,SEV620+1.p,e1b,age-fair,HARD_TIMEOUT,2723,0.000,,,,,,,,,,,,,,,,false,
7425,starexec,SEV620+1.p,e1b,balanced,HARD_TIMEOUT,2723,0.000,,,,,,,,,,,,,,,,false,
7425,starexec,SEV620+1.p,e1b,equational,HARD_TIMEOUT,2723,0.000,,,,,,,,,,,,,,,,false,
7425,starexec,SEV620+1.p,e1b,first-negative,SATURATED,2723,2739.247,1513.259,,,686,906,682,212,33,0,,,,,,,false,
7425,starexec,SEV620+1.p,e1b,occurrence,HARD_TIMEOUT,2723,0.000,,,,,,,,,,,,,,,,false,
7425,starexec,SEV620+1.p,e1b,subsumption-light,TIMEOUT,2723,3862.759,158672.424,,,12288,426775,11447,406457,241,39,,,,,,,false,
7425,starexec,SEV620+1.p,e1b,weight-greedy,TIMEOUT,2723,2754.293,158557.744,,,35384,675895,30885,585043,83,9,,,,,,,false,
7425,starexec,SEV621+1.p,e1b,age-fair,HARD_TIMEOUT,2708,0.000,,,,,,,,,,,,,,,,false,
7425,starexec,SEV621+1.p,e1b,balanced,HARD_TIMEOUT,2708,0.000,,,,,,,,,,,,,,,,false,
7425,starexec,SEV621+1.p,e1b,equational,HARD_TIMEOUT,2708,0.000,,,,,,,,,,,,,,,,false,
7425,starexec,SEV621+1.p,e1b,first-negative,SATURATED,2708,3638.168,789.844,,,284,311,284,63,50,3,,,,,,,false,
7425,starexec,SEV621+1.p,e1b,occurrence,HARD_TIMEOUT,2708,0.000,,,,,,,,,,,,,,,,false,
7425,starexec,SEV621+1.p,e1b,subsumption-light,HARD_TIMEOUT,2708,0.000,,,,,,,,,,,,,,,,false,
7425,starexec,SEV621+1.p,e1b,unary-redundancy,HARD_TIMEOUT,2708,0.000,,,,,,,,,,,,,,,,false,
7425,starexec,SEV621+1.p,e1b,weight-greedy,HARD_TIMEOUT,2708,0.000,,,,,,,,,,,,,,,,false,
7425,starexec,SEV622+1.p,e1b,age-fair,HARD_TIMEOUT,2761,0.000,,,,,,,,,,,,,,,,false,
7425,starexec,SEV622+1.p,e1b,balanced,HARD_TIMEOUT,2761,0.000,,,,,,,,,,,,,,,,false,
7425,starexec,SEV622+1.p,e1b,equational,HARD_TIMEOUT,2761,0.000,,,,,,,,,,,,,,,,false,
7425,starexec,SEV622+1.p,e1b,first-negative,SATURATED,2761,3201.809,865.902,,,103,110,103,44,44,1,,,,,,,false,
7425,starexec,SEV622+1.p,e1b,occurrence,HARD_TIMEOUT,2761,0.000,,,,,,,,,,,,,,,,false,
7425,starexec,SEV622+1.p,e1b,subsumption-light,HARD_TIMEOUT,2761,0.000,,,,,,,,,,,,,,,,false,
7425,starexec,SEV622+1.p,e1b,unary-redundancy,HARD_TIMEOUT,2761,0.000,,,,,,,,,,,,,,,,false,
7425,starexec,SEV622+1.p,e1b,weight-greedy,TIMEOUT,2761,3567.519,158436.432,,,22295,466866,18692,385160,188,14,,,,,,,false,
7425,starexec,SEV625+1.p,e1b,age-fair,HARD_TIMEOUT,2847,0.000,,,,,,,,,,,,,,,,false,
7425,starexec,SEV625+1.p,e1b,balanced,KILLED,,0.000,,,,,,,,,,,,,,,,false,killed before finishing
7425,starexec,SEV625+1.p,e1b,equational,REFUTED,2847,6126.131,10374.251,236.276,21369.227,3163,38347,3093,34527,206,40,2289,3141006,11166,3751,2848,false,false,
7425,starexec,SEV625+1.p,e1b,first-negative,SATURATED,2847,2664.603,759.089,,,52,55,52,18,14,4,,,,,,,false,
7425,starexec,SEV625+1.p,e1b,occurrence,HARD_TIMEOUT,2847,0.000,,,,,,,,,,,,,,,,false,
7425,starexec,SEV625+1.p,e1b,subsumption-light,TIMEOUT,2847,3435.910,157911.958,,,12948,321515,11724,299697,147,31,,,,,,,false,
7425,starexec,SEV625+1.p,e1b,unary-redundancy,HARD_TIMEOUT,2847,0.000,,,,,,,,,,,,,,,,false,
7425,starexec,SEV625+1.p,e1b,weight-greedy,HARD_TIMEOUT,2847,0.000,,,,,,,,,,,,,,,,false,
7425,starexec,SEV626+1.p,e1b,age-fair,HARD_TIMEOUT,2838,0.000,,,,,,,,,,,,,,,,false,
7425,starexec,SEV626+1.p,e1b,balanced,HARD_TIMEOUT,2838,0.000,,,,,,,,,,,,,,,,false,
7425,starexec,SEV626+1.p,e1b,equational,TIMEOUT,2838,3699.788,158425.846,,,26912,1975439,24732,1934699,216,41,,,,,,,false,
7425,starexec,SEV626+1.p,e1b,first-negative,SATURATED,2838,2659.886,746.984,,,35,37,35,17,17,4,,,,,,,false,
7425,starexec,SEV626+1.p,e1b,occurrence,HARD_TIMEOUT,2838,0.000,,,,,,,,,,,,,,,,false,
7425,starexec,SEV626+1.p,e1b,subsumption-light,TIMEOUT,2838,2580.610,157912.747,,,5839,154692,5130,138313,37,12,,,,,,,false,
7425,starexec,SEV626+1.p,e1b,unary-redundancy,SATURATED,2838,2742.684,3453.638,,,356,626,353,152,33,11,,,,,,,false,
7425,starexec,SEV626+1.p,e1b,weight-greedy,TIMEOUT,2838,2512.432,158352.822,,,1184,7827,1038,4977,37,12,,,,,,,false,
7425,starexec,SEV627+1.p,e1b,age-fair,HARD_TIMEOUT,2813,0.000,,,,,,,,,,,,,,,,false,
7425,starexec,SEV627+1.p,e1b,balanced,HARD_TIMEOUT,2813,0.000,,,,,,,,,,,,,,,,false,
7425,starexec,SEV627+1.p,e1b,equational,TIMEOUT,2813,3046.988,158169.553,,,39860,937967,34954,822970,190,24,,,,,,,false,
7425,starexec,SEV627+1.p,e1b,first-negative,TIMEOUT,2813,2451.045,157040.450,,,12415,517805,11194,484070,14,2,,,,,,,false,
7425,starexec,SEV627+1.p,e1b,occurrence,HARD_TIMEOUT,2813,0.000,,,,,,,,,,,,,,,,false,
7425,starexec,SEV627+1.p,e1b,subsumption-light,TIMEOUT,2813,2772.841,158648.735,,,18825,185826,18390,149353,106,15,,,,,,,false,
7425,starexec,SEV627+1.p,e1b,unary-redundancy,HARD_TIMEOUT,2813,0.000,,,,,,,,,,,,,,,,false,
7425,starexec,SEV627+1.p,e1b,weight-greedy,HARD_TIMEOUT,2813,0.000,,,,,,,,,,,,,,,,false,
7425,starexec,SEV629+1.p,e1b,age-fair,HARD_TIMEOUT,2962,0.000,,,,,,,,,,,,,,,,false,
7425,starexec,SEV629+1.p,e1b,equational,REFUTED,2962,3741.491,1237.450,190.531,6153.431,150,310,141,143,145,21,1265,800394,5580,1824,2963,false,false,
7425,starexec,SEV629+1.p,e1b,first-negative,HARD_TIMEOUT,2962,0.000,,,,,,,,,,,,,,,,false,
7425,starexec,SEV629+1.p,e1b,occurrence,HARD_TIMEOUT,2962,0.000,,,,,,,,,,,,,,,,false,
7425,starexec,SEV629+1.p,e1b,subsumption-light,REFUTED,2962,3360.434,1098.604,170.136,3257.048,89,173,88,86,80,14,799,381366,3563,1457,2963,false,false,
7425,starexec,SEV629+1.p,e1b,unary-redundancy,REFUTED,2962,4222.113,1608.647,140.448,4256.823,169,404,164,206,105,21,1137,696997,4401,1690,2963,false,false,
7425,starexec,SEV629+1.p,e1b,weight-greedy,SATURATED,2962,2159.507,659.036,,,23,24,23,14,14,2,,,,,,,false,
7425,starexec,SEV630+1.p,e1b,age-fair,HARD_TIMEOUT,2559,0.000,,,,,,,,,,,,,,,,false,
7425,starexec,SEV630+1.p,e1b,balanced,HARD_TIMEOUT,2559,0.000,,,,,,,,,,,,,,,,false,
7425,starexec,SEV630+1.p,e1b,equational,HARD_TIMEOUT,2559,0.000,,,,,,,,,,,,,,,,false,
7425,starexec,SEV630+1.p,e1b,first-negative,TIMEOUT,2559,2958.923,156648.424,,,10764,3034294,9465,2908175,25,7,,,,,,,false,
7425,starexec,SEV630+1.p,e1b,occurrence,HARD_TIMEOUT,2559,0.000,,,,,,,,,,,,,,,,false,
7425,starexec,SEV630+1.p,e1b,subsumption-light,HARD_TIMEOUT,2559,0.000,,,,,,,,,,,,,,,,false,
7425,starexec,SEV630+1.p,e1b,unary-redundancy,HARD_TIMEOUT,2559,0.000,,,,,,,,,,,,,,,,false,
7425,starexec,SEV630+1.p,e1b,weight-greedy,TIMEOUT,2559,3278.795,158193.524,,,3725,476084,3694,461938,88,12,,,,,,,false,
7425,starexec,SEV631+1.p,e1b,age-fair,HARD_TIMEOUT,3117,0.000,,,,,,,,,,,,,,,,false,
7425,starexec,SEV631+1.p,e1b,balanced,HARD_TIMEOUT,3117,0.000,,,,,,,,,,,,,,,,false,
7425,starexec,SEV631+1.p,e1b,equational,REFUTED,3117,8745.723,1872.438,204.037,34273.581,264,675,253,365,202,52,3379,6074505,22065,6762,3118,false,false,
7425,starexec,SEV631+1.p,e1b,first-negative,REFUTED,3117,3842.185,799.257,133.341,3753.002,52,94,45,34,27,11,380,246696,2088,1761,3118,false,false,
7425,starexec,SEV631+1.p,e1b,occurrence,HARD_TIMEOUT,3117,0.000,,,,,,,,,,,,,,,,false,
7425,starexec,SEV631+1.p,e1b,subsumption-light,REFUTED,3117,4571.142,1609.941,181.716,9509.095,139,439,128,290,94,23,1354,973012,7296,2358,3118,false,false,
7425,starexec,SEV631+1.p,e1b,unary-redundancy,HARD_TIMEOUT,3117,0.000,,,,,,,,,,,,,,,,false,
7425,starexec,SEV631+1.p,e1b,weight-greedy,REFUTED,3117,3347.445,958.746,174.439,4124.069,65,110,53,43,43,13,566,359130,3243,1834,3118,false,false,
7425,starexec,SEV634+1.p,e1b,age-fair,HARD_TIMEOUT,2534,0.000,,,,,,,,,,,,,,,,false,
7425,starexec,SEV634+1.p,e1b,balanced,HARD_TIMEOUT,2534,0.000,,,,,,,,,,,,,,,,false,
7425,starexec,SEV634+1.p,e1b,equational,HARD_TIMEOUT,2534,0.000,,,,,,,,,,,,,,,,false,
7425,starexec,SEV634+1.p,e1b,first-negative,TIMEOUT,2534,3333.014,154498.688,,,19356,3719655,15708,3641985,73,24,,,,,,,false,
7425,starexec,SEV634+1.p,e1b,occurrence,HARD_TIMEOUT,2534,0.000,,,,,,,,,,,,,,,,false,
7425,starexec,SEV634+1.p,e1b,subsumption-light,HARD_TIMEOUT,2534,0.000,,,,,,,,,,,,,,,,false,
7425,starexec,SEV634+1.p,e1b,unary-redundancy,HARD_TIMEOUT,2534,0.000,,,,,,,,,,,,,,,,false,
7425,starexec,SEV634+1.p,e1b,weight-greedy,HARD_TIMEOUT,2534,0.000,,,,,,,,,,,,,,,,false,
7425,starexec,SEV636+1.p,e1b,age-fair,CLAUSIFY_ERR(StackOverflowError),2935,4522.118,,,,,,,,,,,,,,,,false,
7425,starexec,SEV636+1.p,e1b,balanced,EXHAUSTED,2935,10942.326,528.354,,,0,0,0,0,7455,2111,,,,,,,false,StackOverflowError:  at Tuple4.hashCode:27
7425,starexec,SEV636+1.p,e1b,equational,EXHAUSTED,2935,4990.961,515.429,,,0,0,0,0,611,93,,,,,,,false,StackOverflowError:  at Clausal$.term:173
7425,starexec,SEV636+1.p,e1b,first-negative,SATURATED,2935,2821.155,13048.064,,,3304,80549,2861,41592,51,7,,,,,,,false,
7425,starexec,SEV636+1.p,e1b,occurrence,CLAUSIFY_ERR(StackOverflowError),2935,4499.961,,,,,,,,,,,,,,,,false,
7425,starexec,SEV636+1.p,e1b,subsumption-light,EXHAUSTED,2935,3992.268,348.052,,,0,0,0,0,590,92,,,,,,,false,StackOverflowError:  at Product4.productElement$:25
7425,starexec,SEV636+1.p,e1b,unary-redundancy,CLAUSIFY_ERR(StackOverflowError),2935,2855.907,,,,,,,,,,,,,,,,false,
7425,starexec,SEV636+1.p,e1b,weight-greedy,TIMEOUT,2935,3362.220,155884.356,,,15681,5264227,13798,5175808,218,37,,,,,,,false,
7425,starexec,SEV637+1.p,e1b,age-fair,HARD_TIMEOUT,2981,0.000,,,,,,,,,,,,,,,,false,
7425,starexec,SEV637+1.p,e1b,balanced,HARD_TIMEOUT,2981,0.000,,,,,,,,,,,,,,,,false,
7425,starexec,SEV637+1.p,e1b,equational,REFUTED,2981,3141.599,9431.222,158.247,16852.821,6947,503673,5548,488744,344,39,4364,3926783,14988,2647,2982,false,false,
7425,starexec,SEV637+1.p,e1b,first-negative,SATURATED,2981,940.140,303.678,,,41,57,40,28,28,2,,,,,,,false,
7425,starexec,SEV637+1.p,e1b,occurrence,HARD_TIMEOUT,2981,0.000,,,,,,,,,,,,,,,,false,
7425,starexec,SEV637+1.p,e1b,subsumption-light,REFUTED,2981,2773.389,13127.881,158.102,11390.184,5129,314582,4104,304141,301,33,3748,2889840,12987,2390,2982,false,false,
7425,starexec,SEV637+1.p,e1b,unary-redundancy,REFUTED,2981,3872.983,21399.734,170.486,10399.384,6839,489974,5474,474566,325,44,4308,4279722,13168,3009,2982,false,false,
7425,starexec,SEV637+1.p,e1b,weight-greedy,TIMEOUT,2981,1105.667,162119.496,,,36675,14481488,29976,14282051,183,15,,,,,,,false,
7425,starexec,SEV640+1.p,e1b,age-fair,HARD_TIMEOUT,2766,0.000,,,,,,,,,,,,,,,,false,
7425,starexec,SEV640+1.p,e1b,equational,TIMEOUT,2766,3015.967,156821.451,,,29689,8803734,27992,8725590,217,20,,,,,,,false,
7425,starexec,SEV640+1.p,e1b,first-negative,SATURATED,2766,2592.503,714.486,,,22,25,22,23,23,8,,,,,,,false,
7425,starexec,SEV640+1.p,e1b,occurrence,KILLED,,0.000,,,,,,,,,,,,,,,,false,killed before finishing
7425,starexec,SEV640+1.p,e1b,subsumption-light,SATURATED,2766,2251.011,823.183,,,35,44,34,31,39,9,,,,,,,false,
7425,starexec,SEV640+1.p,e1b,unary-redundancy,SATURATED,2766,2440.464,788.934,,,35,39,34,28,28,9,,,,,,,false,
7425,starexec,SEV640+1.p,e1b,weight-greedy,TIMEOUT,2766,2211.024,156100.206,,,4842,4936519,4747,4826374,36,8,,,,,,,false,
7425,starexec,SEV641+1.p,e1b,equational,HARD_TIMEOUT,3078,0.000,,,,,,,,,,,,,,,,false,
7425,starexec,SEV641+1.p,e1b,first-negative,TIMEOUT,3078,3203.667,156453.515,,,23400,2598020,19891,2534930,37,6,,,,,,,false,
7425,starexec,SEV641+1.p,e1b,occurrence,HARD_TIMEOUT,3078,0.000,,,,,,,,,,,,,,,,false,
7425,starexec,SEV641+1.p,e1b,subsumption-light,HARD_TIMEOUT,3078,0.000,,,,,,,,,,,,,,,,false,
7425,starexec,SEV641+1.p,e1b,unary-redundancy,HARD_TIMEOUT,3078,0.000,,,,,,,,,,,,,,,,false,
7425,starexec,SEV641+1.p,e1b,weight-greedy,TIMEOUT,3078,2868.858,160281.415,,,20325,2956369,19643,2844167,232,56,,,,,,,false,
7425,starexec,SEV643+1.p,e1b,age-fair,HARD_TIMEOUT,2960,0.000,,,,,,,,,,,,,,,,false,
7425,starexec,SEV643+1.p,e1b,balanced,HARD_TIMEOUT,2960,0.000,,,,,,,,,,,,,,,,false,
7425,starexec,SEV643+1.p,e1b,equational,HARD_TIMEOUT,2960,0.000,,,,,,,,,,,,,,,,false,
7425,starexec,SEV643+1.p,e1b,first-negative,SATURATED,2960,3407.670,914.703,,,87,142,82,57,57,8,,,,,,,false,
7425,starexec,SEV643+1.p,e1b,occurrence,HARD_TIMEOUT,2960,0.000,,,,,,,,,,,,,,,,false,
7425,starexec,SEV643+1.p,e1b,subsumption-light,REFUTED,2960,8022.370,17329.043,184.920,58931.982,2217,50054,2129,45634,323,58,5003,7421973,25501,4770,2961,false,false,
7425,starexec,SEV643+1.p,e1b,unary-redundancy,HARD_TIMEOUT,2960,0.000,,,,,,,,,,,,,,,,false,
7425,starexec,SEV643+1.p,e1b,weight-greedy,TIMEOUT,2960,3207.089,156608.585,,,16958,3955228,14568,3886525,126,20,,,,,,,false,
7425,starexec,SEV644+1.p,e1b,age-fair,HARD_TIMEOUT,2363,0.000,,,,,,,,,,,,,,,,false,
7425,starexec,SEV644+1.p,e1b,balanced,HARD_TIMEOUT,2363,0.000,,,,,,,,,,,,,,,,false,
7425,starexec,SEV644+1.p,e1b,equational,REFUTED,2363,3765.863,795.218,82.261,5941.430,4,83,4,83,98,6,3357,804921,23600,575,2364,false,false,
7425,starexec,SEV644+1.p,e1b,first-negative,CLAUSIFY_ERR(IllegalArgumentException),2363,2450.948,,,,,,,,5,2,,,,,,,false,
7425,starexec,SEV644+1.p,e1b,occurrence,CLAUSIFY_ERR(IllegalArgumentException),2363,4862.551,,,,,,,,81,5,,,,,,,false,
7425,starexec,SEV644+1.p,e1b,subsumption-light,REFUTED,2363,3798.916,1460.607,101.072,6346.719,4,83,4,83,98,6,3357,804921,23600,575,2364,false,false,
7425,starexec,SEV644+1.p,e1b,unary-redundancy,CLAUSIFY_ERR(IllegalArgumentException),2363,5077.989,,,,,,,,81,5,,,,,,,false,
7425,starexec,SEV644+1.p,e1b,weight-greedy,REFUTED,2363,3588.111,730.268,87.254,5896.935,3,76,3,76,91,3,3257,745943,23100,548,2364,false,false,
7425,starexec,SEV645+1.p,e1b,age-fair,HARD_TIMEOUT,1984,0.000,,,,,,,,,,,,,,,,false,
7425,starexec,SEV645+1.p,e1b,balanced,HARD_TIMEOUT,1984,0.000,,,,,,,,,,,,,,,,false,
7425,starexec,SEV645+1.p,e1b,equational,HARD_TIMEOUT,1984,0.000,,,,,,,,,,,,,,,,false,
7425,starexec,SEV645+1.p,e1b,first-negative,TIMEOUT,1984,2830.978,155717.828,,,8309,114375,7099,17361,36,8,,,,,,,false,
7425,starexec,SEV645+1.p,e1b,occurrence,HARD_TIMEOUT,1984,0.000,,,,,,,,,,,,,,,,false,
7425,starexec,SEV645+1.p,e1b,subsumption-light,TIMEOUT,1984,3580.688,157693.891,,,12042,1357978,11147,1324068,361,32,,,,,,,false,
7425,starexec,SEV645+1.p,e1b,unary-redundancy,HARD_TIMEOUT,1984,0.000,,,,,,,,,,,,,,,,false,
7425,starexec,SEV645+1.p,e1b,weight-greedy,TIMEOUT,1984,3166.920,157173.604,,,1575,8008,1538,5571,258,20,,,,,,,false,
7425,starexec,SEV646+1.p,e1b,age-fair,HARD_TIMEOUT,3067,0.000,,,,,,,,,,,,,,,,false,
7425,starexec,SEV646+1.p,e1b,balanced,HARD_TIMEOUT,3067,0.000,,,,,,,,,,,,,,,,false,
7425,starexec,SEV646+1.p,e1b,equational,REFUTED,3067,4202.611,1896.986,123.896,18204.137,833,3388,827,2371,268,66,3708,6341738,17534,4991,3068,false,false,
7425,starexec,SEV646+1.p,e1b,first-negative,SATURATED,3067,942.816,361.153,,,109,115,109,34,16,3,,,,,,,false,
7425,starexec,SEV646+1.p,e1b,occurrence,HARD_TIMEOUT,3067,0.000,,,,,,,,,,,,,,,,false,
7425,starexec,SEV646+1.p,e1b,subsumption-light,REFUTED,3067,2633.297,2040.387,109.747,6140.596,317,1305,309,924,128,22,2139,1094171,10059,2056,3068,false,false,
7425,starexec,SEV646+1.p,e1b,unary-redundancy,REFUTED,3067,3434.425,2257.646,91.272,7837.090,495,2452,491,1919,159,32,2636,1879426,11165,2512,3068,false,false,
7425,starexec,SEV646+1.p,e1b,weight-greedy,REFUTED,3067,1689.346,2263.503,103.907,1481.687,342,10090,328,6696,52,4,842,125053,3743,511,3068,false,false,
7425,starexec,SEV650+1.p,e1b,age-fair,HARD_TIMEOUT,3015,0.000,,,,,,,,,,,,,,,,false,
7425,starexec,SEV650+1.p,e1b,balanced,HARD_TIMEOUT,3015,0.000,,,,,,,,,,,,,,,,false,
7425,starexec,SEV650+1.p,e1b,equational,TIMEOUT,3015,2270.438,161550.265,,,30280,4383163,27328,4320433,237,33,,,,,,,false,
7425,starexec,SEV650+1.p,e1b,first-negative,SATURATED,3015,2845.327,1954.355,,,516,619,460,225,40,3,,,,,,,false,
7425,starexec,SEV650+1.p,e1b,occurrence,HARD_TIMEOUT,3015,0.000,,,,,,,,,,,,,,,,false,
7425,starexec,SEV650+1.p,e1b,subsumption-light,TIMEOUT,3015,1960.020,161254.397,,,15458,647824,14176,611247,120,8,,,,,,,false,
7425,starexec,SEV650+1.p,e1b,unary-redundancy,TIMEOUT,3015,2486.791,161310.814,,,14802,658268,13457,621367,121,8,,,,,,,false,
7425,starexec,SEV650+1.p,e1b,weight-greedy,HARD_TIMEOUT,3015,0.000,,,,,,,,,,,,,,,,false,
7425,starexec,SEV651+1.p,e1b,age-fair,HARD_TIMEOUT,2743,0.000,,,,,,,,,,,,,,,,false,
7425,starexec,SEV651+1.p,e1b,balanced,HARD_TIMEOUT,2743,0.000,,,,,,,,,,,,,,,,false,
7425,starexec,SEV651+1.p,e1b,equational,HARD_TIMEOUT,2743,0.000,,,,,,,,,,,,,,,,false,
7425,starexec,SEV651+1.p,e1b,first-negative,TIMEOUT,2743,3764.045,158224.786,,,31240,1238850,25969,1059252,85,7,,,,,,,false,
7425,starexec,SEV651+1.p,e1b,occurrence,HARD_TIMEOUT,2743,0.000,,,,,,,,,,,,,,,,false,
7425,starexec,SEV651+1.p,e1b,subsumption-light,TIMEOUT,2743,3807.476,159130.845,,,13098,806538,12729,783806,302,28,,,,,,,false,
7425,starexec,SEV651+1.p,e1b,unary-redundancy,HARD_TIMEOUT,2743,0.000,,,,,,,,,,,,,,,,false,
7425,starexec,SEV651+1.p,e1b,weight-greedy,TIMEOUT,2743,3206.979,158695.282,,,11053,2399469,10744,2286978,169,15,,,,,,,false,
7425,starexec,SEV654+1.p,e1b,age-fair,HARD_TIMEOUT,3190,0.000,,,,,,,,,,,,,,,,false,
7425,starexec,SEV654+1.p,e1b,balanced,HARD_TIMEOUT,3190,0.000,,,,,,,,,,,,,,,,false,
7425,starexec,SEV654+1.p,e1b,equational,TIMEOUT,3190,4203.022,159719.180,,,33024,1528390,31091,1452766,752,298,,,,,,,false,
7425,starexec,SEV654+1.p,e1b,first-negative,TIMEOUT,3190,2043.358,159771.379,,,10561,7066236,9088,6965240,45,12,,,,,,,false,
7425,starexec,SEV654+1.p,e1b,occurrence,HARD_TIMEOUT,3190,0.000,,,,,,,,,,,,,,,,false,
7425,starexec,SEV654+1.p,e1b,subsumption-light,TIMEOUT,3190,2627.406,159517.393,,,17240,568639,16939,532136,283,72,,,,,,,false,
7425,starexec,SEV654+1.p,e1b,unary-redundancy,KILLED,,0.000,,,,,,,,,,,,,,,,false,killed before finishing
7425,starexec,SEV654+1.p,e1b,weight-greedy,TIMEOUT,3190,1859.034,159755.804,,,9749,4765482,8622,4674300,96,14,,,,,,,false,
7425,starexec,SEV655+1.p,e1b,age-fair,HARD_TIMEOUT,3248,0.000,,,,,,,,,,,,,,,,false,
7425,starexec,SEV655+1.p,e1b,balanced,HARD_TIMEOUT,3248,0.000,,,,,,,,,,,,,,,,false,
7425,starexec,SEV655+1.p,e1b,equational,TIMEOUT,3248,3272.380,160757.767,,,42170,3624466,41169,3534751,590,110,,,,,,,false,
7425,starexec,SEV655+1.p,e1b,first-negative,TIMEOUT,3248,3578.515,156505.048,,,23913,3665480,21013,3593461,54,14,,,,,,,false,
7425,starexec,SEV655+1.p,e1b,occurrence,HARD_TIMEOUT,3248,0.000,,,,,,,,,,,,,,,,false,
7425,starexec,SEV655+1.p,e1b,subsumption-light,TIMEOUT,3248,2927.016,160888.638,,,18084,1387457,17355,1348677,449,73,,,,,,,false,
7425,starexec,SEV655+1.p,e1b,unary-redundancy,HARD_TIMEOUT,3248,0.000,,,,,,,,,,,,,,,,false,
7425,starexec,SEV655+1.p,e1b,weight-greedy,TIMEOUT,3248,2457.466,161245.217,,,19562,9213331,13133,8794143,287,42,,,,,,,false,
7425,starexec,SEV656+1.p,e1b,age-fair,HARD_TIMEOUT,3041,0.000,,,,,,,,,,,,,,,,false,
7425,starexec,SEV656+1.p,e1b,balanced,HARD_TIMEOUT,3041,0.000,,,,,,,,,,,,,,,,false,
7425,starexec,SEV656+1.p,e1b,equational,HARD_TIMEOUT,3041,0.000,,,,,,,,,,,,,,,,false,
7425,starexec,SEV656+1.p,e1b,first-negative,TIMEOUT,3041,2805.423,155635.019,,,19616,5560197,14791,5375488,40,8,,,,,,,false,
7425,starexec,SEV656+1.p,e1b,occurrence,HARD_TIMEOUT,3041,0.000,,,,,,,,,,,,,,,,false,
7425,starexec,SEV656+1.p,e1b,subsumption-light,TIMEOUT,3041,3647.558,157656.083,,,10721,952713,10310,926227,270,47,,,,,,,false,
7425,starexec,SEV656+1.p,e1b,unary-redundancy,HARD_TIMEOUT,3041,0.000,,,,,,,,,,,,,,,,false,
7425,starexec,SEV656+1.p,e1b,weight-greedy,TIMEOUT,3041,3187.131,156989.262,,,20296,3911183,15697,3571339,148,27,,,,,,,false,
7425,starexec,SEV657+1.p,e1b,age-fair,HARD_TIMEOUT,3067,0.000,,,,,,,,,,,,,,,,false,
7425,starexec,SEV657+1.p,e1b,balanced,HARD_TIMEOUT,3067,0.000,,,,,,,,,,,,,,,,false,
7425,starexec,SEV657+1.p,e1b,equational,TIMEOUT,3067,3652.171,158162.689,,,22720,3852765,22360,3817718,249,31,,,,,,,false,
7425,starexec,SEV657+1.p,e1b,first-negative,SATURATED,3067,3269.402,1470.853,,,212,227,212,44,34,2,,,,,,,false,
7425,starexec,SEV657+1.p,e1b,occurrence,HARD_TIMEOUT,3067,0.000,,,,,,,,,,,,,,,,false,
7425,starexec,SEV657+1.p,e1b,subsumption-light,TIMEOUT,3067,3463.060,158692.672,,,9499,586574,9435,570538,179,12,,,,,,,false,
7425,starexec,SEV657+1.p,e1b,unary-redundancy,HARD_TIMEOUT,3067,0.000,,,,,,,,,,,,,,,,false,
7425,starexec,SEV657+1.p,e1b,weight-greedy,TIMEOUT,3067,2660.889,158100.459,,,8591,3689449,7943,3577071,71,2,,,,,,,false,
7425,starexec,SEV658+1.p,e1b,age-fair,HARD_TIMEOUT,3118,0.000,,,,,,,,,,,,,,,,false,
7425,starexec,SEV658+1.p,e1b,balanced,HARD_TIMEOUT,3118,0.000,,,,,,,,,,,,,,,,false,
7425,starexec,SEV658+1.p,e1b,equational,TIMEOUT,3118,4121.852,157497.526,,,27424,2079722,26500,2030966,314,56,,,,,,,false,
7425,starexec,SEV658+1.p,e1b,first-negative,TIMEOUT,3118,3125.949,156329.204,,,16861,1616947,11641,1564810,31,6,,,,,,,false,
7425,starexec,SEV658+1.p,e1b,occurrence,HARD_TIMEOUT,3118,0.000,,,,,,,,,,,,,,,,false,
7425,starexec,SEV658+1.p,e1b,subsumption-light,TIMEOUT,3118,3580.816,157723.050,,,11592,593081,11439,570121,210,26,,,,,,,false,
7425,starexec,SEV658+1.p,e1b,unary-redundancy,HARD_TIMEOUT,3118,0.000,,,,,,,,,,,,,,,,false,
7425,starexec,SEV658+1.p,e1b,weight-greedy,TIMEOUT,3118,3124.725,157349.308,,,8828,2759672,7131,2674978,110,14,,,,,,,false,
7425,starexec,SEV660+1.p,e1b,age-fair,HARD_TIMEOUT,2689,0.000,,,,,,,,,,,,,,,,false,
7425,starexec,SEV660+1.p,e1b,balanced,HARD_TIMEOUT,2689,0.000,,,,,,,,,,,,,,,,false,
7425,starexec,SEV660+1.p,e1b,equational,REFUTED,2689,5668.929,6009.280,132.073,45960.461,3623,61997,3609,57281,212,67,2947,10588192,18987,12937,2690,false,false,
7425,starexec,SEV660+1.p,e1b,first-negative,TIMEOUT,2689,1821.129,160857.347,,,2898,5329907,2856,5320709,29,8,,,,,,,false,
7425,starexec,SEV660+1.p,e1b,occurrence,HARD_TIMEOUT,2689,0.000,,,,,,,,,,,,,,,,false,
7425,starexec,SEV660+1.p,e1b,subsumption-light,REFUTED,2689,3095.043,1348.421,107.991,8711.018,288,1205,284,869,90,28,1317,2011270,7759,9152,2690,false,false,
7425,starexec,SEV660+1.p,e1b,unary-redundancy,TIMEOUT,2689,3401.492,161682.871,,,12184,2962849,12024,2946007,243,67,,,,,,,false,
7425,starexec,SEV660+1.p,e1b,weight-greedy,REFUTED,2689,2011.834,1050.551,122.492,2809.293,211,658,207,363,48,11,651,334464,2976,2126,2690,false,false,
7425,starexec,SEV661+1.p,e1b,age-fair,HARD_TIMEOUT,2456,0.000,,,,,,,,,,,,,,,,false,
7425,starexec,SEV661+1.p,e1b,balanced,HARD_TIMEOUT,2456,0.000,,,,,,,,,,,,,,,,false,
7425,starexec,SEV661+1.p,e1b,equational,REFUTED,2456,4295.242,1649.879,156.995,10605.630,278,535,253,168,151,22,2546,1091707,12888,1571,2457,false,false,
7425,starexec,SEV661+1.p,e1b,first-negative,SATURATED,2456,1510.832,424.933,,,14,18,14,11,11,0,,,,,,,false,
7425,starexec,SEV661+1.p,e1b,occurrence,HARD_TIMEOUT,2456,0.000,,,,,,,,,,,,,,,,false,
7425,starexec,SEV661+1.p,e1b,subsumption-light,REFUTED,2456,2276.256,945.128,114.129,2977.545,147,297,128,116,89,13,1043,406110,4488,1186,2457,false,false,
7425,starexec,SEV661+1.p,e1b,unary-redundancy,HARD_TIMEOUT,2456,0.000,,,,,,,,,,,,,,,,false,
7425,starexec,SEV661+1.p,e1b,weight-greedy,SATURATED,2456,2360.211,851.469,,,46,62,34,37,42,3,,,,,,,false,
7425,starexec,SEV667+1.p,e1b,age-fair,HARD_TIMEOUT,2862,0.000,,,,,,,,,,,,,,,,false,
7425,starexec,SEV667+1.p,e1b,balanced,HARD_TIMEOUT,2862,0.000,,,,,,,,,,,,,,,,false,
7425,starexec,SEV667+1.p,e1b,equational,TIMEOUT,2862,1976.147,162660.804,,,27524,6593661,27018,6552289,118,27,,,,,,,false,
7425,starexec,SEV667+1.p,e1b,first-negative,SATURATED,2862,2295.105,668.644,,,20,23,20,11,11,2,,,,,,,false,
7425,starexec,SEV667+1.p,e1b,occurrence,HARD_TIMEOUT,2862,0.000,,,,,,,,,,,,,,,,false,
7425,starexec,SEV667+1.p,e1b,subsumption-light,TIMEOUT,2862,1425.135,161046.735,,,6048,42069,5890,23413,32,4,,,,,,,false,
7425,starexec,SEV667+1.p,e1b,unary-redundancy,HARD_TIMEOUT,2862,0.000,,,,,,,,,,,,,,,,false,
7425,starexec,SEV667+1.p,e1b,weight-greedy,TIMEOUT,2862,2102.611,158455.098,,,9288,912745,9053,885937,25,3,,,,,,,false,
7425,starexec,SEV668+1.p,e1b,age-fair,HARD_TIMEOUT,2820,0.000,,,,,,,,,,,,,,,,false,
7425,starexec,SEV668+1.p,e1b,balanced,HARD_TIMEOUT,2820,0.000,,,,,,,,,,,,,,,,false,
7425,starexec,SEV668+1.p,e1b,equational,HARD_TIMEOUT,2820,0.000,,,,,,,,,,,,,,,,false,
7425,starexec,SEV668+1.p,e1b,first-negative,REFUTED,2820,2063.399,392.014,26.739,1671.634,9,24,9,21,21,12,302,144746,1708,996,2821,false,false,
7425,starexec,SEV668+1.p,e1b,occurrence,HARD_TIMEOUT,2820,0.000,,,,,,,,,,,,,,,,false,
7425,starexec,SEV668+1.p,e1b,subsumption-light,REFUTED,2820,2698.175,609.347,71.442,2770.723,9,24,9,21,21,12,296,142393,1635,986,2821,false,false,
7425,starexec,SEV668+1.p,e1b,unary-redundancy,REFUTED,2820,2835.469,619.389,54.910,2569.945,9,24,9,21,21,12,302,144746,1708,996,2821,false,false,
7425,starexec,SEV668+1.p,e1b,weight-greedy,REFUTED,2820,2656.931,639.161,75.691,2450.976,6,21,6,21,21,12,296,142393,1635,986,2821,false,false,
7425,starexec,SEV671+1.p,e1b,age-fair,HARD_TIMEOUT,2497,0.000,,,,,,,,,,,,,,,,false,
7425,starexec,SEV671+1.p,e1b,balanced,HARD_TIMEOUT,2497,0.000,,,,,,,,,,,,,,,,false,
7425,starexec,SEV671+1.p,e1b,equational,HARD_TIMEOUT,2497,0.000,,,,,,,,,,,,,,,,false,
7425,starexec,SEV671+1.p,e1b,first-negative,TIMEOUT,2497,2975.017,153966.731,,,7909,4906791,7230,4889071,50,9,,,,,,,false,
7425,starexec,SEV671+1.p,e1b,occurrence,HARD_TIMEOUT,2497,0.000,,,,,,,,,,,,,,,,false,
7425,starexec,SEV671+1.p,e1b,subsumption-light,HARD_TIMEOUT,2497,0.000,,,,,,,,,,,,,,,,false,
7425,starexec,SEV671+1.p,e1b,unary-redundancy,HARD_TIMEOUT,2497,0.000,,,,,,,,,,,,,,,,false,
7425,starexec,SEV671+1.p,e1b,weight-greedy,TIMEOUT,2497,2838.154,156097.047,,,11188,4475912,10201,4418431,128,18,,,,,,,false,
7425,starexec,SEV673+1.p,e1b,age-fair,HARD_TIMEOUT,2701,0.000,,,,,,,,,,,,,,,,false,
7425,starexec,SEV673+1.p,e1b,balanced,HARD_TIMEOUT,2701,0.000,,,,,,,,,,,,,,,,false,
7425,starexec,SEV673+1.p,e1b,equational,HARD_TIMEOUT,2701,0.000,,,,,,,,,,,,,,,,false,
7425,starexec,SEV673+1.p,e1b,first-negative,TIMEOUT,2701,3111.463,153950.103,,,23665,597366,22507,449364,46,8,,,,,,,false,
7425,starexec,SEV673+1.p,e1b,occurrence,HARD_TIMEOUT,2701,0.000,,,,,,,,,,,,,,,,false,
7425,starexec,SEV673+1.p,e1b,subsumption-light,HARD_TIMEOUT,2701,0.000,,,,,,,,,,,,,,,,false,
7425,starexec,SEV673+1.p,e1b,unary-redundancy,HARD_TIMEOUT,2701,0.000,,,,,,,,,,,,,,,,false,
7425,starexec,SEV673+1.p,e1b,weight-greedy,REFUTED,2701,5441.163,48691.406,191.589,15459.295,8152,1192313,4382,1093310,279,25,3473,1668955,13057,1517,2702,false,false,
7425,starexec,SEV675+1.p,e1b,balanced,HARD_TIMEOUT,3187,0.000,,,,,,,,,,,,,,,,false,
7425,starexec,SEV675+1.p,e1b,equational,HARD_TIMEOUT,3187,0.000,,,,,,,,,,,,,,,,false,
7425,starexec,SEV675+1.p,e1b,first-negative,SATURATED,3187,2466.631,600.126,,,57,59,55,49,50,2,,,,,,,false,
7425,starexec,SEV675+1.p,e1b,occurrence,HARD_TIMEOUT,3187,0.000,,,,,,,,,,,,,,,,false,
7425,starexec,SEV675+1.p,e1b,subsumption-light,HARD_TIMEOUT,3187,0.000,,,,,,,,,,,,,,,,false,
7425,starexec,SEV675+1.p,e1b,unary-redundancy,HARD_TIMEOUT,3187,0.000,,,,,,,,,,,,,,,,false,
7425,starexec,SEV675+1.p,e1b,weight-greedy,TIMEOUT,3187,3004.403,157394.096,,,5223,2452751,4135,2416131,127,9,,,,,,,false,
7425,starexec,SEV676+1.p,e1b,age-fair,HARD_TIMEOUT,3004,0.000,,,,,,,,,,,,,,,,false,
7425,starexec,SEV676+1.p,e1b,balanced,HARD_TIMEOUT,3004,0.000,,,,,,,,,,,,,,,,false,
7425,starexec,SEV676+1.p,e1b,equational,HARD_TIMEOUT,3004,0.000,,,,,,,,,,,,,,,,false,
7425,starexec,SEV676+1.p,e1b,first-negative,HARD_TIMEOUT,3004,0.000,,,,,,,,,,,,,,,,false,
7425,starexec,SEV676+1.p,e1b,occurrence,HARD_TIMEOUT,3004,0.000,,,,,,,,,,,,,,,,false,
7425,starexec,SEV676+1.p,e1b,subsumption-light,HARD_TIMEOUT,3004,0.000,,,,,,,,,,,,,,,,false,
7425,starexec,SEV676+1.p,e1b,weight-greedy,HARD_TIMEOUT,3004,0.000,,,,,,,,,,,,,,,,false,
7425,starexec,SEV677+1.p,e1b,age-fair,HARD_TIMEOUT,3185,0.000,,,,,,,,,,,,,,,,false,
7425,starexec,SEV677+1.p,e1b,balanced,HARD_TIMEOUT,3185,0.000,,,,,,,,,,,,,,,,false,
7425,starexec,SEV677+1.p,e1b,equational,HARD_TIMEOUT,3185,0.000,,,,,,,,,,,,,,,,false,
7425,starexec,SEV677+1.p,e1b,first-negative,SATURATED,3185,1774.663,413.130,,,20,22,20,14,14,5,,,,,,,false,
7425,starexec,SEV677+1.p,e1b,occurrence,HARD_TIMEOUT,3185,0.000,,,,,,,,,,,,,,,,false,
7425,starexec,SEV677+1.p,e1b,subsumption-light,REFUTED,3185,4042.341,3758.836,126.591,26237.923,1048,8366,990,6767,243,46,3662,3788208,17352,3519,3186,false,false,
7425,starexec,SEV677+1.p,e1b,unary-redundancy,HARD_TIMEOUT,3185,0.000,,,,,,,,,,,,,,,,false,
7425,starexec,SEV677+1.p,e1b,weight-greedy,REFUTED,3185,1777.812,642.690,96.050,1336.612,61,145,59,66,38,6,487,87426,1633,712,3186,false,false,
7425,starexec,SEV678+1.p,e1b,age-fair,HARD_TIMEOUT,2924,0.000,,,,,,,,,,,,,,,,false,
7425,starexec,SEV678+1.p,e1b,balanced,HARD_TIMEOUT,2924,0.000,,,,,,,,,,,,,,,,false,
7425,starexec,SEV678+1.p,e1b,equational,REFUTED,2924,5847.666,957.511,122.894,25036.241,21,246,21,242,262,44,3254,2575965,11650,2230,2925,false,false,
7425,starexec,SEV678+1.p,e1b,first-negative,REFUTED,2924,2582.222,567.070,103.243,635.921,10,18,10,14,14,1,223,14477,484,365,2925,false,false,
7425,starexec,SEV678+1.p,e1b,occurrence,REFUTED,2924,6605.896,854.446,96.718,21787.338,17,242,17,238,247,44,3286,2527604,10170,2242,2925,false,false,
7425,starexec,SEV678+1.p,e1b,subsumption-light,REFUTED,2924,5538.581,1062.887,106.711,23023.031,25,231,25,226,246,44,3010,2430509,10861,2230,2925,false,false,
7425,starexec,SEV678+1.p,e1b,unary-redundancy,REFUTED,2924,6488.407,1099.166,100.699,21842.639,24,244,24,238,247,44,3286,2527604,10170,2242,2925,false,false,
7425,starexec,SEV678+1.p,e1b,weight-greedy,REFUTED,2924,3092.120,775.130,76.406,2693.619,14,89,14,86,97,6,1001,126829,3284,426,2925,false,false,
7425,starexec,SEV679+1.p,e1b,age-fair,HARD_TIMEOUT,3356,0.000,,,,,,,,,,,,,,,,false,
7425,starexec,SEV679+1.p,e1b,balanced,HARD_TIMEOUT,3356,0.000,,,,,,,,,,,,,,,,false,
7425,starexec,SEV679+1.p,e1b,equational,HARD_TIMEOUT,3356,0.000,,,,,,,,,,,,,,,,false,
7425,starexec,SEV679+1.p,e1b,first-negative,REFUTED,3356,3046.315,5049.761,103.342,6748.190,2860,42833,2681,35584,70,16,1074,804872,4891,2379,3357,false,false,
7425,starexec,SEV679+1.p,e1b,occurrence,HARD_TIMEOUT,3356,0.000,,,,,,,,,,,,,,,,false,
7425,starexec,SEV679+1.p,e1b,subsumption-light,HARD_TIMEOUT,3356,0.000,,,,,,,,,,,,,,,,false,
7425,starexec,SEV679+1.p,e1b,unary-redundancy,HARD_TIMEOUT,3356,0.000,,,,,,,,,,,,,,,,false,
7425,starexec,SEV679+1.p,e1b,weight-greedy,HARD_TIMEOUT,3356,0.000,,,,,,,,,,,,,,,,false,
7425,starexec,SWB012+1.p,e1b,age-fair,HARD_TIMEOUT,559,0.000,,,,,,,,,,,,,,,,false,
7425,starexec,SWB012+1.p,e1b,balanced,KILLED,,0.000,,,,,,,,,,,,,,,,false,killed before finishing
7425,starexec,SWB012+1.p,e1b,first-negative,SATURATED,559,1760.316,658.561,,,13,14,13,13,13,3,,,,,,,false,
7425,starexec,SWB012+1.p,e1b,occurrence,HARD_TIMEOUT,559,0.000,,,,,,,,,,,,,,,,false,
7425,starexec,SWB012+1.p,e1b,subsumption-light,HARD_TIMEOUT,559,0.000,,,,,,,,,,,,,,,,false,
7425,starexec,SWB012+1.p,e1b,unary-redundancy,HARD_TIMEOUT,559,0.000,,,,,,,,,,,,,,,,false,
7425,starexec,SWB012+1.p,e1b,weight-greedy,SATURATED,559,1474.049,1109.404,,,266,1607,216,263,42,8,,,,,,,false,
7425,starexec,SWB013+2.p,e1b,age-fair,TIMEOUT,8,2264.954,164134.203,,,16840,3035636,16803,3014181,56,17,,,,,,,false,
7425,starexec,SWB013+2.p,e1b,balanced,TIMEOUT,8,918.281,164895.822,,,31233,12347138,30925,12306977,62,19,,,,,,,false,
7425,starexec,SWB013+2.p,e1b,equational,TIMEOUT,8,1710.927,164078.740,,,22193,6640670,21903,6610888,62,19,,,,,,,false,
7425,starexec,SWB013+2.p,e1b,first-negative,REFUTED,8,3589.638,5768.343,164.945,7316.619,1807,10784,1783,8394,56,17,652,787195,3395,3131,9,false,false,
7425,starexec,SWB013+2.p,e1b,occurrence,REFUTED,8,2823.422,44266.807,124.627,4234.702,10725,979806,10412,949415,56,17,658,799086,3413,3131,9,false,false,
7425,starexec,SWB013+2.p,e1b,subsumption-light,TIMEOUT,8,1728.780,164229.094,,,8501,1172225,8498,1161925,62,19,,,,,,,false,
7425,starexec,SWB013+2.p,e1b,unary-redundancy,TIMEOUT,8,2319.337,164168.854,,,9260,1045896,9109,1030438,56,17,,,,,,,false,
7425,starexec,SWB013+2.p,e1b,weight-greedy,TIMEOUT,8,1732.109,164103.589,,,25390,866924,24783,818434,62,19,,,,,,,false,
7425,starexec,SWB017+1.p,e1b,age-fair,HARD_TIMEOUT,559,0.000,,,,,,,,,,,,,,,,false,
7425,starexec,SWB017+1.p,e1b,balanced,HARD_TIMEOUT,559,0.000,,,,,,,,,,,,,,,,false,
7425,starexec,SWB017+1.p,e1b,equational,REFUTED,559,2388.253,1213.156,115.669,3635.040,179,611,177,347,115,10,890,215067,2472,668,560,false,false,
7425,starexec,SWB017+1.p,e1b,first-negative,SATURATED,559,1304.204,492.453,,,7,7,7,6,6,0,,,,,,,false,
7425,starexec,SWB017+1.p,e1b,occurrence,HARD_TIMEOUT,559,0.000,,,,,,,,,,,,,,,,false,
7425,starexec,SWB017+1.p,e1b,subsumption-light,REFUTED,559,2063.262,941.096,105.416,2704.695,101,287,97,134,73,7,607,109177,1625,546,560,false,false,
7425,starexec,SWB017+1.p,e1b,unary-redundancy,REFUTED,559,6809.950,3807.363,160.390,46869.428,602,1824,597,916,357,43,3272,4179734,11951,3212,560,false,false,
7425,starexec,SWB017+1.p,e1b,weight-greedy,SATURATED,559,1271.567,528.105,,,8,20,7,16,16,1,,,,,,,false,
7425,starexec,SWB020+1.p,e1b,age-fair,HARD_TIMEOUT,559,0.000,,,,,,,,,,,,,,,,false,
7425,starexec,SWB020+1.p,e1b,balanced,TIMEOUT,559,3238.227,165450.958,,,39047,8326340,38416,8264002,1394,278,,,,,,,false,
7425,starexec,SWB020+1.p,e1b,equational,TIMEOUT,559,2791.516,163149.756,,,26984,2490417,26310,2405650,349,36,,,,,,,false,
7425,starexec,SWB020+1.p,e1b,first-negative,SATURATED,559,1615.719,395.740,,,11,14,11,14,14,1,,,,,,,false,
7425,starexec,SWB020+1.p,e1b,occurrence,HARD_TIMEOUT,559,0.000,,,,,,,,,,,,,,,,false,
7425,starexec,SWB020+1.p,e1b,subsumption-light,TIMEOUT,559,2870.495,162815.849,,,14097,1454677,14023,1404487,324,33,,,,,,,false,
7425,starexec,SWB020+1.p,e1b,unary-redundancy,HARD_TIMEOUT,559,0.000,,,,,,,,,,,,,,,,false,
7425,starexec,SWB020+1.p,e1b,weight-greedy,TIMEOUT,559,1683.435,162421.898,,,9623,612866,9604,566620,57,8,,,,,,,false,
7425,starexec,SWB021+2.p,e1b,age-fair,TIMEOUT,7,2410.116,164198.791,,,14561,780399,11833,716782,69,19,,,,,,,false,
7425,starexec,SWB021+2.p,e1b,balanced,REFUTED,7,1543.796,8649.713,154.492,5518.647,2655,131818,2237,121021,78,17,765,1411343,3337,3856,8,false,false,
7425,starexec,SWB021+2.p,e1b,equational,REFUTED,7,2865.054,13545.100,279.455,10247.177,2288,100470,1865,90442,78,17,752,1387206,3336,3856,8,false,false,
7425,starexec,SWB021+2.p,e1b,first-negative,TIMEOUT,7,2708.509,163815.272,,,35360,1829040,26804,1657375,69,19,,,,,,,false,
7425,starexec,SWB021+2.p,e1b,occurrence,REFUTED,7,3816.787,13898.042,248.334,9844.179,2713,131306,2458,124284,69,19,868,1656161,3936,4096,8,false,false,
7425,starexec,SWB021+2.p,e1b,subsumption-light,REFUTED,7,3024.210,54520.195,229.767,10080.762,2039,102587,1826,94421,78,17,760,1408566,3336,3856,8,false,false,
7425,starexec,SWB021+2.p,e1b,unary-redundancy,REFUTED,7,3634.831,15056.844,302.082,10320.815,1530,31316,1355,28010,69,19,857,1623958,3934,4096,8,false,false,
7425,starexec,SWB021+2.p,e1b,weight-greedy,REFUTED,7,2858.799,2855.859,298.821,10879.683,943,2880,554,310,78,17,788,1462523,3359,3856,8,false,false,
7425,starexec,SWB023+1.p,e1b,age-fair,HARD_TIMEOUT,559,0.000,,,,,,,,,,,,,,,,false,
7425,starexec,SWB023+1.p,e1b,balanced,HARD_TIMEOUT,559,0.000,,,,,,,,,,,,,,,,false,
7425,starexec,SWB023+1.p,e1b,equational,REFUTED,559,3237.835,2155.685,159.586,9786.558,639,2269,611,1099,165,20,1307,732944,4776,1961,560,false,false,
7425,starexec,SWB023+1.p,e1b,first-negative,SATURATED,559,1464.296,536.550,,,15,16,14,13,13,2,,,,,,,false,
7425,starexec,SWB023+1.p,e1b,occurrence,HARD_TIMEOUT,559,0.000,,,,,,,,,,,,,,,,false,
7425,starexec,SWB023+1.p,e1b,subsumption-light,REFUTED,559,2999.143,2059.397,161.273,8452.656,319,830,306,302,135,17,1089,551577,4117,1839,560,false,false,
7425,starexec,SWB023+1.p,e1b,unary-redundancy,REFUTED,559,6843.903,9334.522,205.056,49116.547,1910,8952,1880,5383,363,46,3362,4668732,12142,3432,560,false,false,
7425,starexec,SWB023+1.p,e1b,weight-greedy,REFUTED,559,2478.798,984.940,109.749,5758.820,120,231,97,84,93,14,781,362422,3288,1713,560,false,false,
7425,starexec,SWB027+1.p,e1b,age-fair,HARD_TIMEOUT,559,0.000,,,,,,,,,,,,,,,,false,
7425,starexec,SWB027+1.p,e1b,balanced,TIMEOUT,559,3429.646,164176.787,,,38551,7943971,38153,7882535,1385,274,,,,,,,false,
7425,starexec,SWB027+1.p,e1b,equational,TIMEOUT,559,4053.403,162382.513,,,18541,5854674,17977,5822540,521,118,,,,,,,false,
7425,starexec,SWB027+1.p,e1b,first-negative,SATURATED,559,1752.613,1447.603,,,367,2905,241,1146,27,6,,,,,,,false,
7425,starexec,SWB027+1.p,e1b,occurrence,HARD_TIMEOUT,559,0.000,,,,,,,,,,,,,,,,false,
7425,starexec,SWB027+1.p,e1b,subsumption-light,TIMEOUT,559,2413.248,162531.571,,,23930,1503041,22729,1465861,166,32,,,,,,,false,
7425,starexec,SWB027+1.p,e1b,unary-redundancy,HARD_TIMEOUT,559,0.000,,,,,,,,,,,,,,,,false,
7425,starexec,SWB027+1.p,e1b,weight-greedy,TIMEOUT,559,2452.590,162096.229,,,21160,1874851,20647,1821264,110,27,,,,,,,false,
7425,starexec,SWB032+1.p,e1b,age-fair,HARD_TIMEOUT,558,0.000,,,,,,,,,,,,,,,,false,
7425,starexec,SWB032+1.p,e1b,balanced,TIMEOUT,558,3174.160,164271.160,,,52110,16530885,51714,16453609,1379,271,,,,,,,false,
7425,starexec,SWB032+1.p,e1b,equational,REFUTED,558,2913.448,127948.977,86.599,5495.340,45101,3527223,41926,3399299,274,14,2185,715654,4743,832,559,false,false,
7425,starexec,SWB032+1.p,e1b,first-negative,SATURATED,558,1233.751,304.068,,,28,33,28,33,33,2,,,,,,,false,
7425,starexec,SWB032+1.p,e1b,occurrence,HARD_TIMEOUT,558,0.000,,,,,,,,,,,,,,,,false,
7425,starexec,SWB032+1.p,e1b,subsumption-light,REFUTED,558,1984.459,10712.286,90.538,3954.224,4772,40371,4688,27537,233,11,1890,492512,3966,672,559,false,false,
7425,starexec,SWB032+1.p,e1b,unary-redundancy,REFUTED,558,5911.775,29234.430,74.354,25493.059,6677,109096,5959,84821,398,42,3687,4729012,12160,3173,559,false,false,
7425,starexec,SWB032+1.p,e1b,weight-greedy,REFUTED,558,2496.076,1675.539,127.019,5701.631,689,2161,664,628,101,10,972,255725,2439,662,559,false,false,
7425,starexec,SWB040+1.p,e1b,age-fair,HARD_TIMEOUT,559,0.000,,,,,,,,,,,,,,,,false,
7425,starexec,SWB040+1.p,e1b,balanced,TIMEOUT,559,3274.234,164918.333,,,38950,8471859,38633,8409731,1382,271,,,,,,,false,
7425,starexec,SWB040+1.p,e1b,equational,TIMEOUT,559,2051.221,162307.358,,,36519,1987127,34894,1904212,223,12,,,,,,,false,
7425,starexec,SWB040+1.p,e1b,first-negative,SATURATED,559,1575.379,486.761,,,11,14,11,14,14,1,,,,,,,false,
7425,starexec,SWB040+1.p,e1b,occurrence,HARD_TIMEOUT,559,0.000,,,,,,,,,,,,,,,,false,
7425,starexec,SWB040+1.p,e1b,subsumption-light,REFUTED,559,2807.907,12443.974,116.535,6009.231,3037,29259,2980,20387,198,9,1551,326200,3420,588,560,false,false,
7425,starexec,SWB040+1.p,e1b,unary-redundancy,REFUTED,559,6685.042,86206.170,119.389,42330.498,5832,52246,5610,35701,351,41,3226,4042352,11677,3133,560,false,false,
7425,starexec,SWB040+1.p,e1b,weight-greedy,TIMEOUT,559,1678.574,162101.796,,,13115,937315,13090,873950,57,8,,,,,,,false,
7425,starexec,SWB042+1.p,e1b,balanced,TIMEOUT,559,3001.982,165598.864,,,42106,8503952,41764,8434126,1394,277,,,,,,,false,
7425,starexec,SWB042+1.p,e1b,equational,TIMEOUT,559,2538.369,163961.494,,,27765,7810251,27471,7767711,496,114,,,,,,,false,
7425,starexec,SWB042+1.p,e1b,first-negative,SATURATED,559,1702.907,452.662,,,49,52,49,32,32,14,,,,,,,false,
7425,starexec,SWB042+1.p,e1b,occurrence,HARD_TIMEOUT,559,0.000,,,,,,,,,,,,,,,,false,
7425,starexec,SWB042+1.p,e1b,subsumption-light,TIMEOUT,559,1926.519,163911.968,,,24071,399858,23691,367931,296,56,,,,,,,false,
7425,starexec,SWB042+1.p,e1b,unary-redundancy,TIMEOUT,559,2636.774,164151.293,,,10778,1863991,10169,1833786,387,61,,,,,,,false,
7425,starexec,SWB042+1.p,e1b,weight-greedy,HARD_TIMEOUT,559,0.000,,,,,,,,,,,,,,,,false,
7425,starexec,SWB046+1.p,e1b,age-fair,HARD_TIMEOUT,559,0.000,,,,,,,,,,,,,,,,false,
7425,starexec,SWB046+1.p,e1b,balanced,TIMEOUT,559,2051.905,164947.144,,,44078,12058933,43743,11988499,1384,273,,,,,,,false,
7425,starexec,SWB046+1.p,e1b,equational,HARD_TIMEOUT,559,0.000,,,,,,,,,,,,,,,,false,
7425,starexec,SWB046+1.p,e1b,first-negative,SATURATED,559,1584.107,1839.037,,,287,2664,186,887,21,3,,,,,,,false,
7425,starexec,SWB046+1.p,e1b,occurrence,HARD_TIMEOUT,559,0.000,,,,,,,,,,,,,,,,false,
7425,starexec,SWB046+1.p,e1b,subsumption-light,REFUTED,559,3287.488,2436.712,159.801,11175.128,643,2254,618,1093,157,22,1331,753744,4919,1985,560,false,false,
7425,starexec,SWB046+1.p,e1b,unary-redundancy,REFUTED,559,6814.529,8663.930,189.476,45818.270,1762,7881,1745,4594,353,46,3326,4550198,12032,3382,560,false,false,
7425,starexec,SWB046+1.p,e1b,weight-greedy,SATURATED,559,1598.073,1149.634,,,185,616,122,122,53,8,,,,,,,false,
7425,starexec,SWB047+1.p,e1b,age-fair,HARD_TIMEOUT,559,0.000,,,,,,,,,,,,,,,,false,
7425,starexec,SWB047+1.p,e1b,balanced,TIMEOUT,559,2067.273,164942.550,,,47509,15026811,47157,14950944,1381,271,,,,,,,false,
7425,starexec,SWB047+1.p,e1b,first-negative,SATURATED,559,1616.949,509.029,,,13,14,13,13,13,3,,,,,,,false,
7425,starexec,SWB047+1.p,e1b,occurrence,HARD_TIMEOUT,559,0.000,,,,,,,,,,,,,,,,false,
7425,starexec,SWB047+1.p,e1b,subsumption-light,TIMEOUT,559,1963.569,162269.581,,,22579,1667034,21268,1625708,133,20,,,,,,,false,
7425,starexec,SWB047+1.p,e1b,unary-redundancy,REFUTED,559,7155.516,12010.701,182.837,50680.670,2030,19499,2013,15769,368,49,3462,4944408,12701,3544,560,false,false,
7425,starexec,SWB047+1.p,e1b,weight-greedy,SATURATED,559,1439.717,990.521,,,151,384,99,89,42,8,,,,,,,false,
7425,starexec,SWB053+1.p,e1b,age-fair,HARD_TIMEOUT,559,0.000,,,,,,,,,,,,,,,,false,
7425,starexec,SWB053+1.p,e1b,balanced,HARD_TIMEOUT,559,0.000,,,,,,,,,,,,,,,,false,
7425,starexec,SWB053+1.p,e1b,equational,REFUTED,559,2949.343,1714.923,115.746,7665.486,635,1990,626,961,234,12,1809,498326,4057,748,560,false,false,
7425,starexec,SWB053+1.p,e1b,first-negative,SATURATED,559,1626.219,524.743,,,25,47,25,17,17,1,,,,,,,false,
7425,starexec,SWB053+1.p,e1b,occurrence,HARD_TIMEOUT,559,0.000,,,,,,,,,,,,,,,,false,
7425,starexec,SWB053+1.p,e1b,subsumption-light,REFUTED,559,2735.307,1636.879,107.923,5640.884,444,1324,440,603,194,9,1516,316761,3298,588,560,false,false,
7425,starexec,SWB053+1.p,e1b,unary-redundancy,REFUTED,559,6790.261,3217.638,113.656,26726.067,582,1614,581,722,347,41,3192,3986677,11572,3133,560,false,false,
7425,starexec,SWB053+1.p,e1b,weight-greedy,REFUTED,559,1437.789,607.245,64.528,1967.281,167,469,167,121,73,8,619,131250,1747,578,560,false,false,
7425,starexec,SWB055+1.p,e1b,age-fair,HARD_TIMEOUT,559,0.000,,,,,,,,,,,,,,,,false,
7425,starexec,SWB055+1.p,e1b,balanced,TIMEOUT,559,3270.601,164517.557,,,43297,8873489,43010,8804123,1385,274,,,,,,,false,
7425,starexec,SWB055+1.p,e1b,equational,TIMEOUT,559,3897.784,163057.687,,,23725,6420605,23525,6384583,501,113,,,,,,,false,
7425,starexec,SWB055+1.p,e1b,first-negative,SATURATED,559,2465.080,741.981,,,152,171,144,44,46,12,,,,,,,false,
7425,starexec,SWB055+1.p,e1b,occurrence,HARD_TIMEOUT,559,0.000,,,,,,,,,,,,,,,,false,
7425,starexec,SWB055+1.p,e1b,subsumption-light,TIMEOUT,559,2736.066,163114.018,,,14960,492352,13604,381453,266,42,,,,,,,false,
7425,starexec,SWB055+1.p,e1b,unary-redundancy,HARD_TIMEOUT,559,0.000,,,,,,,,,,,,,,,,false,
7425,starexec,SWB055+1.p,e1b,weight-greedy,REFUTED,559,2316.817,2401.077,128.102,3409.631,725,4846,500,611,83,12,757,367410,3207,1694,560,false,false,
7425,starexec,SWB063+1.p,e1b,age-fair,KILLED,,0.000,,,,,,,,,,,,,,,,false,killed before finishing
7425,starexec,SWB063+1.p,e1b,balanced,TIMEOUT,559,3029.144,164349.053,,,40999,9468319,40688,9402563,1385,273,,,,,,,false,
7425,starexec,SWB063+1.p,e1b,equational,REFUTED,559,2704.268,2368.152,161.272,4579.830,640,2784,626,1266,144,15,1107,492290,4120,1710,560,false,false,
7425,starexec,SWB063+1.p,e1b,first-negative,SATURATED,559,1536.129,294.672,,,8,10,8,10,12,1,,,,,,,false,
7425,starexec,SWB063+1.p,e1b,occurrence,HARD_TIMEOUT,559,0.000,,,,,,,,,,,,,,,,false,
7425,starexec,SWB063+1.p,e1b,subsumption-light,REFUTED,559,2427.742,1607.025,149.876,3737.458,198,446,182,167,99,12,809,319989,3327,1687,560,false,false,
7425,starexec,SWB063+1.p,e1b,unary-redundancy,HARD_TIMEOUT,559,0.000,,,,,,,,,,,,,,,,false,
7425,starexec,SWB063+1.p,e1b,weight-greedy,SATURATED,559,1329.034,358.103,,,19,22,18,16,18,2,,,,,,,false,
7425,starexec,SWB068+1.p,e1b,age-fair,HARD_TIMEOUT,559,0.000,,,,,,,,,,,,,,,,false,
7425,starexec,SWB068+1.p,e1b,balanced,TIMEOUT,559,3437.937,164359.086,,,46746,4975893,46440,4910307,1388,274,,,,,,,false,
7425,starexec,SWB068+1.p,e1b,equational,HARD_TIMEOUT,559,0.000,,,,,,,,,,,,,,,,false,
7425,starexec,SWB068+1.p,e1b,first-negative,SATURATED,559,2060.188,1314.408,,,175,327,158,84,38,7,,,,,,,false,
7425,starexec,SWB068+1.p,e1b,occurrence,HARD_TIMEOUT,559,0.000,,,,,,,,,,,,,,,,false,
7425,starexec,SWB068+1.p,e1b,subsumption-light,REFUTED,559,5322.911,45853.728,231.880,29338.216,6903,194299,6682,167340,289,42,2346,2667296,10738,3241,560,false,false,
7425,starexec,SWB068+1.p,e1b,unary-redundancy,REFUTED,559,7069.408,28103.959,180.274,44119.438,4503,39770,4301,29032,355,44,3293,4750858,12032,3506,560,false,false,
7425,starexec,SWB068+1.p,e1b,weight-greedy,REFUTED,559,2487.084,1305.763,184.816,3557.976,189,381,178,88,73,11,696,289559,2380,1098,560,false,false,
7425,starexec,SWB073+1.p,e1b,age-fair,HARD_TIMEOUT,559,0.000,,,,,,,,,,,,,,,,false,
7425,starexec,SWB073+1.p,e1b,balanced,HARD_TIMEOUT,559,0.000,,,,,,,,,,,,,,,,false,
7425,starexec,SWB073+1.p,e1b,equational,REFUTED,559,2296.846,1353.811,69.958,3398.809,481,1578,473,642,161,12,1234,338470,3214,748,560,false,false,
7425,starexec,SWB073+1.p,e1b,first-negative,SATURATED,559,1044.315,303.836,,,16,19,16,16,16,2,,,,,,,false,
7425,starexec,SWB073+1.p,e1b,occurrence,HARD_TIMEOUT,559,0.000,,,,,,,,,,,,,,,,false,
7425,starexec,SWB073+1.p,e1b,subsumption-light,REFUTED,559,1701.691,981.487,66.737,3492.699,383,1127,378,415,135,12,1092,299122,2993,748,560,false,false,
7425,starexec,SWB073+1.p,e1b,unary-redundancy,REFUTED,559,5688.732,2873.381,73.010,31664.830,710,2125,708,1002,372,43,3402,4347301,12130,3216,560,false,false,
7425,starexec,SWB073+1.p,e1b,weight-greedy,REFUTED,559,1889.209,652.652,50.087,2028.468,164,484,162,125,62,9,582,141380,1869,664,560,false,false,
7425,starexec,SWB090+1.p,e1b,age-fair,HARD_TIMEOUT,559,0.000,,,,,,,,,,,,,,,,false,
7425,starexec,SWB090+1.p,e1b,balanced,TIMEOUT,559,1946.145,164944.080,,,47012,15144779,46556,15070143,1386,271,,,,,,,false,
7425,starexec,SWB090+1.p,e1b,equational,TIMEOUT,559,2926.200,163919.942,,,47475,6125020,46637,6041464,635,140,,,,,,,false,
7425,starexec,SWB090+1.p,e1b,first-negative,SATURATED,559,1573.537,417.133,,,11,14,11,14,14,1,,,,,,,false,
7425,starexec,SWB090+1.p,e1b,occurrence,HARD_TIMEOUT,559,0.000,,,,,,,,,,,,,,,,false,
7425,starexec,SWB090+1.p,e1b,subsumption-light,TIMEOUT,559,2855.488,163966.467,,,31120,2310871,28987,2256175,611,140,,,,,,,false,
7425,starexec,SWB090+1.p,e1b,unary-redundancy,TIMEOUT,559,4108.592,163957.191,,,26116,661482,25968,617887,732,171,,,,,,,false,
7425,starexec,SWB090+1.p,e1b,weight-greedy,TIMEOUT,559,1139.712,163474.554,,,11947,844748,11928,788136,57,8,,,,,,,false,
7425,starexec,SWB091+1.p,e1b,age-fair,HARD_TIMEOUT,559,0.000,,,,,,,,,,,,,,,,false,
7425,starexec,SWB091+1.p,e1b,balanced,TIMEOUT,559,3150.241,164720.561,,,38833,8111339,38268,8049859,1392,275,,,,,,,false,
7425,starexec,SWB091+1.p,e1b,equational,HARD_TIMEOUT,559,0.000,,,,,,,,,,,,,,,,false,
7425,starexec,SWB091+1.p,e1b,first-negative,SATURATED,559,1463.445,396.402,,,6,6,6,6,6,0,,,,,,,false,
7425,starexec,SWB091+1.p,e1b,occurrence,HARD_TIMEOUT,559,0.000,,,,,,,,,,,,,,,,false,
7425,starexec,SWB091+1.p,e1b,subsumption-light,HARD_TIMEOUT,559,0.000,,,,,,,,,,,,,,,,false,
7425,starexec,SWB091+1.p,e1b,unary-redundancy,HARD_TIMEOUT,559,0.000,,,,,,,,,,,,,,,,false,
7425,starexec,SWB091+1.p,e1b,weight-greedy,SATURATED,559,1522.547,591.973,,,52,91,52,31,31,4,,,,,,,false,
7425,starexec,SWB093+1.p,e1b,age-fair,HARD_TIMEOUT,559,0.000,,,,,,,,,,,,,,,,false,
7425,starexec,SWB093+1.p,e1b,balanced,HARD_TIMEOUT,559,0.000,,,,,,,,,,,,,,,,false,
7425,starexec,SWB093+1.p,e1b,equational,HARD_TIMEOUT,559,0.000,,,,,,,,,,,,,,,,false,
7425,starexec,SWB093+1.p,e1b,first-negative,SATURATED,559,1636.343,330.151,,,11,14,11,14,14,1,,,,,,,false,
7425,starexec,SWB093+1.p,e1b,occurrence,HARD_TIMEOUT,559,0.000,,,,,,,,,,,,,,,,false,
7425,starexec,SWB093+1.p,e1b,subsumption-light,HARD_TIMEOUT,559,0.000,,,,,,,,,,,,,,,,false,
7425,starexec,SWB093+1.p,e1b,unary-redundancy,HARD_TIMEOUT,559,0.000,,,,,,,,,,,,,,,,false,
7425,starexec,SWB093+1.p,e1b,weight-greedy,TIMEOUT,559,1624.320,162294.141,,,9545,612456,9526,566605,57,8,,,,,,,false,
7425,starexec,SWB095+1.p,e1b,age-fair,HARD_TIMEOUT,559,0.000,,,,,,,,,,,,,,,,false,
7425,starexec,SWB095+1.p,e1b,balanced,HARD_TIMEOUT,559,0.000,,,,,,,,,,,,,,,,false,
7425,starexec,SWB095+1.p,e1b,equational,HARD_TIMEOUT,559,0.000,,,,,,,,,,,,,,,,false,
7425,starexec,SWB095+1.p,e1b,first-negative,SATURATED,559,1669.988,479.220,,,11,14,11,14,14,1,,,,,,,false,
7425,starexec,SWB095+1.p,e1b,occurrence,HARD_TIMEOUT,559,0.000,,,,,,,,,,,,,,,,false,
7425,starexec,SWB095+1.p,e1b,subsumption-light,HARD_TIMEOUT,559,0.000,,,,,,,,,,,,,,,,false,
7425,starexec,SWB095+1.p,e1b,unary-redundancy,HARD_TIMEOUT,559,0.000,,,,,,,,,,,,,,,,false,
7425,starexec,SWB095+1.p,e1b,weight-greedy,TIMEOUT,559,1742.359,162012.588,,,9626,612870,9607,566620,57,8,,,,,,,false,
7425,starexec,SWB099+1.p,e1b,balanced,TIMEOUT,559,3378.249,164393.046,,,38415,7840832,38022,7779268,1384,271,,,,,,,false,
7425,starexec,SWB099+1.p,e1b,equational,TIMEOUT,559,2217.800,162764.752,,,33462,3045071,32013,2980581,269,13,,,,,,,false,
7425,starexec,SWB099+1.p,e1b,first-negative,SATURATED,559,1662.195,470.679,,,11,14,11,14,14,1,,,,,,,false,
7425,starexec,SWB099+1.p,e1b,occurrence,HARD_TIMEOUT,559,0.000,,,,,,,,,,,,,,,,false,
7425,starexec,SWB099+1.p,e1b,subsumption-light,TIMEOUT,559,2112.844,162301.601,,,14533,433023,14033,405449,233,13,,,,,,,false,
7425,starexec,SWB099+1.p,e1b,unary-redundancy,HARD_TIMEOUT,559,0.000,,,,,,,,,,,,,,,,false,
7425,starexec,SWB099+1.p,e1b,weight-greedy,TIMEOUT,559,1556.629,162055.411,,,9587,612625,9568,566605,57,8,,,,,,,false,
7425,starexec,SWB103+1.p,e1b,age-fair,HARD_TIMEOUT,559,0.000,,,,,,,,,,,,,,,,false,
7425,starexec,SWB103+1.p,e1b,balanced,TIMEOUT,559,3129.895,164127.264,,,38757,7290243,38297,7228357,1393,273,,,,,,,false,
7425,starexec,SWB103+1.p,e1b,equational,HARD_TIMEOUT,559,0.000,,,,,,,,,,,,,,,,false,
7425,starexec,SWB103+1.p,e1b,first-negative,SATURATED,559,1338.566,322.497,,,8,10,8,10,12,1,,,,,,,false,
7425,starexec,SWB103+1.p,e1b,occurrence,HARD_TIMEOUT,559,0.000,,,,,,,,,,,,,,,,false,
7425,starexec,SWB103+1.p,e1b,subsumption-light,HARD_TIMEOUT,559,0.000,,,,,,,,,,,,,,,,false,
7425,starexec,SWB103+1.p,e1b,unary-redundancy,HARD_TIMEOUT,559,0.000,,,,,,,,,,,,,,,,false,
7425,starexec,SWB103+1.p,e1b,weight-greedy,SATURATED,559,1235.034,341.255,,,19,22,18,16,18,2,,,,,,,false,
7425,starexec,SWC012+1.p,e1b,age-fair,REFUTED,95,5761.278,63580.246,178.561,39058.031,30179,942272,29713,905551,211,62,2846,5600451,10639,5024,96,false,false,
7425,starexec,SWC012+1.p,e1b,balanced,REFUTED,95,2291.546,6618.017,95.127,19862.092,9256,185480,9141,173483,220,62,2744,5518823,11635,5088,96,false,false,
7425,starexec,SWC012+1.p,e1b,equational,REFUTED,95,6156.009,15846.661,220.326,41220.584,8789,174989,8693,163991,220,62,2724,5440200,11613,5088,96,false,false,
7425,starexec,SWC012+1.p,e1b,first-negative,HARD_TIMEOUT,95,0.000,,,,,,,,,,,,,,,,false,
7425,starexec,SWC012+1.p,e1b,occurrence,REFUTED,95,5735.658,12765.444,148.753,40396.054,10940,160255,10883,148436,211,62,2862,5663563,10649,5024,96,false,false,
7425,starexec,SWC012+1.p,e1b,subsumption-light,REFUTED,95,5471.146,33042.851,206.035,41814.989,11108,228132,10904,214012,220,62,2740,5501372,11630,5088,96,false,false,
7425,starexec,SWC012+1.p,e1b,unary-redundancy,REFUTED,95,5722.614,106364.743,157.144,39219.894,21748,544962,21297,519713,211,62,2838,5564365,10624,5024,96,false,false,
7425,starexec,SWC012+1.p,e1b,weight-greedy,HARD_TIMEOUT,95,0.000,,,,,,,,,,,,,,,,false,
7425,starexec,SWV014+1.p,e1b,age-fair,REFUTED,28,1421.642,954.976,145.664,694.702,145,255,140,79,38,0,316,17558,1441,227,29,false,false,
7425,starexec,SWV014+1.p,e1b,balanced,REFUTED,28,561.644,309.373,57.499,497.435,63,82,61,38,38,0,286,16588,1575,227,29,false,false,
7425,starexec,SWV014+1.p,e1b,equational,REFUTED,28,711.019,439.976,82.939,570.800,77,110,74,38,38,0,286,16588,1575,227,29,false,false,
7425,starexec,SWV014+1.p,e1b,first-negative,TIMEOUT,28,778.738,164981.578,,,9362,19987781,9362,19969463,38,0,,,,,,,false,
7425,starexec,SWV014+1.p,e1b,occurrence,REFUTED,28,1354.604,602.687,97.186,667.356,62,72,60,38,38,0,316,17558,1441,227,29,false,false,
7425,starexec,SWV014+1.p,e1b,subsumption-light,REFUTED,28,731.712,452.474,98.600,570.443,63,82,61,38,38,0,286,16588,1575,227,29,false,false,
7425,starexec,SWV014+1.p,e1b,unary-redundancy,REFUTED,28,932.630,469.141,80.895,443.787,63,82,61,38,38,0,316,17558,1441,227,29,false,false,
7425,starexec,SWV014+1.p,e1b,weight-greedy,REFUTED,28,709.699,393.086,98.557,605.438,63,70,61,38,38,0,299,17183,1566,227,29,false,false,
7425,starexec,SWV041+1.p,e1b,age-fair,REFUTED,99,5365.412,11979.576,136.053,20586.268,3686,149621,3629,145268,178,42,1894,3109028,7358,3684,100,false,false,
7425,starexec,SWV041+1.p,e1b,balanced,REFUTED,99,2440.916,842.212,80.897,13515.844,167,768,143,578,178,42,1787,3051141,7596,3656,100,false,false,
7425,starexec,SWV041+1.p,e1b,equational,REFUTED,99,5179.823,1519.178,138.279,25061.739,166,784,145,594,178,42,1787,3051141,7596,3656,100,false,false,
7425,starexec,SWV041+1.p,e1b,first-negative,REFUTED,99,6361.253,2088.423,138.826,23460.789,363,1807,346,1323,178,42,1884,3076566,7345,3684,100,false,false,
7425,starexec,SWV041+1.p,e1b,occurrence,REFUTED,99,6008.291,1596.860,130.143,21362.045,202,1005,188,728,178,42,1883,3073299,7345,3684,100,false,false,
7425,starexec,SWV041+1.p,e1b,subsumption-light,REFUTED,99,5073.908,1508.862,139.319,24540.375,148,741,128,571,178,42,1787,3051141,7596,3656,100,false,false,
7425,starexec,SWV041+1.p,e1b,unary-redundancy,REFUTED,99,5230.271,1621.784,132.583,22226.590,164,822,141,632,178,42,1888,3089522,7348,3684,100,false,false,
7425,starexec,SWV041+1.p,e1b,weight-greedy,REFUTED,99,3399.813,1715.829,123.360,14777.593,631,3125,579,1780,178,42,1800,3099488,7615,3656,100,false,false,
7425,starexec,SWV114+1.p,e1b,age-fair,TIMEOUT,101,1456.702,164766.516,,,28478,7219586,28078,7180647,199,52,,,,,,,false,
7425,starexec,SWV114+1.p,e1b,balanced,HARD_TIMEOUT,101,0.000,,,,,,,,,,,,,,,,false,
7425,starexec,SWV114+1.p,e1b,equational,TIMEOUT,101,1168.269,164730.459,,,30743,9063347,29669,8999187,199,52,,,,,,,false,
7425,starexec,SWV114+1.p,e1b,first-negative,TIMEOUT,101,1123.933,164983.272,,,38200,2657744,36778,2586432,199,52,,,,,,,false,
7425,starexec,SWV114+1.p,e1b,occurrence,TIMEOUT,101,1523.983,164757.439,,,34465,7960956,29983,7812314,199,52,,,,,,,false,
7425,starexec,SWV114+1.p,e1b,subsumption-light,TIMEOUT,101,957.266,164680.835,,,19893,4369068,19368,4327376,199,52,,,,,,,false,
7425,starexec,SWV114+1.p,e1b,unary-redundancy,TIMEOUT,101,1059.924,165105.993,,,18749,3261264,17982,3220601,199,52,,,,,,,false,
7425,starexec,SWV114+1.p,e1b,weight-greedy,TIMEOUT,101,798.151,165081.379,,,49394,4747198,37252,4421167,199,52,,,,,,,false,
7425,starexec,SWV202+1.p,e1b,age-fair,TIMEOUT,91,3296.444,163705.194,,,20566,9760075,19488,9729558,203,42,,,,,,,false,
7425,starexec,SWV202+1.p,e1b,balanced,TIMEOUT,91,1185.083,164762.110,,,34868,17489165,33486,17410511,203,42,,,,,,,false,
7425,starexec,SWV202+1.p,e1b,equational,TIMEOUT,91,2245.479,163629.641,,,27986,9088298,26994,9031464,203,42,,,,,,,false,
7425,starexec,SWV202+1.p,e1b,first-negative,TIMEOUT,91,3595.362,163140.858,,,29216,2220558,28596,2165170,203,42,,,,,,,false,
7425,starexec,SWV202+1.p,e1b,occurrence,TIMEOUT,91,3171.346,163705.247,,,29914,7333123,28209,7174771,203,42,,,,,,,false,
7425,starexec,SWV202+1.p,e1b,subsumption-light,TIMEOUT,91,2215.164,164114.000,,,20090,4622403,19398,4581863,203,42,,,,,,,false,
7425,starexec,SWV202+1.p,e1b,unary-redundancy,TIMEOUT,91,3307.162,163652.007,,,19831,3065154,19100,3023746,203,42,,,,,,,false,
7425,starexec,SWV202+1.p,e1b,weight-greedy,REFUTED,91,3995.662,1559.178,160.407,17167.372,254,771,233,414,203,42,1882,3863763,8017,5620,92,false,false,
7425,starexec,SWV203+1.p,e1b,age-fair,TIMEOUT,91,3237.540,163426.630,,,18682,6483255,17763,6455149,203,42,,,,,,,false,
7425,starexec,SWV203+1.p,e1b,balanced,TIMEOUT,91,1177.754,164634.210,,,28546,9130861,27418,9073467,203,42,,,,,,,false,
7425,starexec,SWV203+1.p,e1b,equational,TIMEOUT,91,2245.710,164469.864,,,20870,5226430,20111,5184548,203,42,,,,,,,false,
7425,starexec,SWV203+1.p,e1b,first-negative,TIMEOUT,91,3745.900,163013.254,,,23286,1556606,22710,1512251,203,42,,,,,,,false,
7425,starexec,SWV203+1.p,e1b,occurrence,TIMEOUT,91,3173.923,163551.542,,,23164,4404174,21926,4290657,203,42,,,,,,,false,
7425,starexec,SWV203+1.p,e1b,subsumption-light,TIMEOUT,91,2233.468,163661.932,,,15229,2841175,14660,2810877,203,42,,,,,,,false,
7425,starexec,SWV203+1.p,e1b,unary-redundancy,TIMEOUT,91,3287.930,163490.188,,,14785,2007008,14236,1977278,203,42,,,,,,,false,
7425,starexec,SWV203+1.p,e1b,weight-greedy,REFUTED,91,4011.459,1643.556,186.063,19449.544,255,752,228,379,203,42,1851,3862385,7989,5620,92,false,false,
7425,starexec,SWV234+1.p,e1b,age-fair,TIMEOUT,25,1044.257,164441.467,,,5827,5922629,5149,5904494,26,0,,,,,,,false,
7425,starexec,SWV234+1.p,e1b,balanced,TIMEOUT,25,430.773,165465.682,,,7362,12033235,6689,11984289,26,0,,,,,,,false,
7425,starexec,SWV234+1.p,e1b,first-negative,TIMEOUT,25,1146.230,163402.294,,,13958,6675298,13924,6655792,26,0,,,,,,,false,
7425,starexec,SWV234+1.p,e1b,occurrence,TIMEOUT,25,1012.742,166699.391,,,4581,7035748,4317,6982366,26,0,,,,,,,false,
7425,starexec,SWV234+1.p,e1b,subsumption-light,TIMEOUT,25,865.413,163924.358,,,2913,657783,2381,643039,26,0,,,,,,,false,
7425,starexec,SWV234+1.p,e1b,unary-redundancy,TIMEOUT,25,1043.422,164409.797,,,2512,529981,2182,517555,26,0,,,,,,,false,
7425,starexec,SWV234+1.p,e1b,weight-greedy,TIMEOUT,25,824.024,163821.885,,,3932,3160758,3505,3018483,26,0,,,,,,,false,
7425,starexec,SWV234+2.p,e1b,age-fair,REFUTED,21,724.238,58587.916,141.870,309.260,995,2717992,933,2710328,22,0,280,9183,693,111,22,false,false,
7425,starexec,SWV234+2.p,e1b,balanced,REFUTED,21,312.625,49000.450,85.017,204.470,1207,4422545,1172,4407522,22,0,279,9365,750,111,22,false,false,
7425,starexec,SWV234+2.p,e1b,equational,REFUTED,21,641.649,77030.160,117.242,447.261,1137,3714204,1104,3700524,22,0,279,9371,743,111,22,false,false,
7425,starexec,SWV234+2.p,e1b,first-negative,TIMEOUT,21,952.885,163585.726,,,18577,9487312,18568,9466736,22,0,,,,,,,false,
7425,starexec,SWV234+2.p,e1b,occurrence,REFUTED,21,720.460,19984.397,156.904,321.626,682,794832,656,785498,22,0,280,9133,682,111,22,false,false,
7425,starexec,SWV234+2.p,e1b,subsumption-light,REFUTED,21,609.445,117455.668,141.406,462.730,1212,4701562,1174,4686095,22,0,275,9216,751,111,22,false,false,
7425,starexec,SWV234+2.p,e1b,unary-redundancy,REFUTED,21,722.778,121717.001,116.617,311.602,1226,4871052,1177,4855436,22,0,287,9255,686,111,22,false,false,
7425,starexec,SWV234+2.p,e1b,weight-greedy,REFUTED,21,679.758,4118.011,153.978,448.906,203,22262,187,17743,22,0,268,8608,722,111,22,false,false,
7425,starexec,SWV390+1.p,e1b,age-fair,REFUTED,42,1437.116,1132.361,84.828,1141.752,203,1589,199,1336,55,6,619,104466,2572,459,43,false,false,
7425,starexec,SWV390+1.p,e1b,balanced,REFUTED,42,874.037,545.345,53.148,1212.243,100,311,98,177,55,6,578,103666,2824,461,43,false,false,
7425,starexec,SWV390+1.p,e1b,equational,REFUTED,42,1894.956,1054.307,167.825,2331.384,99,336,97,204,55,6,578,103666,2824,461,43,false,false,
7425,starexec,SWV390+1.p,e1b,first-negative,REFUTED,42,1469.857,775.666,87.309,1194.955,134,421,131,255,55,6,619,104466,2572,459,43,false,false,
7425,starexec,SWV390+1.p,e1b,occurrence,REFUTED,42,1429.246,883.818,79.913,1161.328,130,1332,128,952,55,6,619,104466,2572,459,43,false,false,
7425,starexec,SWV390+1.p,e1b,subsumption-light,REFUTED,42,1351.959,787.786,80.331,1396.204,97,319,96,191,55,6,578,103666,2824,461,43,false,false,
7425,starexec,SWV390+1.p,e1b,unary-redundancy,REFUTED,42,1451.894,740.242,86.239,1147.421,97,319,96,191,55,6,619,104466,2572,459,43,false,false,
7425,starexec,SWV390+1.p,e1b,weight-greedy,REFUTED,42,1124.330,7792.437,82.090,1234.586,290,4812,287,3650,55,6,580,104214,2828,461,43,false,false,
7425,starexec,SWV406+1.p,e1b,age-fair,TIMEOUT,41,1884.116,163933.769,,,3011,1976583,2972,1971723,58,10,,,,,,,false,
7425,starexec,SWV406+1.p,e1b,balanced,REFUTED,41,1343.885,65621.355,131.817,2502.863,2900,1737494,2160,1728905,59,9,754,464670,3119,4101,42,false,false,
7425,starexec,SWV406+1.p,e1b,equational,TIMEOUT,41,976.093,164465.854,,,3800,2535245,3495,2522029,59,9,,,,,,,false,
7425,starexec,SWV406+1.p,e1b,first-negative,TIMEOUT,41,1361.534,164232.624,,,9285,3534855,9036,3512133,58,10,,,,,,,false,
7425,starexec,SWV406+1.p,e1b,occurrence,REFUTED,41,2806.716,20852.683,201.698,3759.589,1754,722322,1447,711939,58,10,872,519258,3322,3007,42,false,false,
7425,starexec,SWV406+1.p,e1b,subsumption-light,TIMEOUT,41,962.131,164764.495,,,1698,447934,1576,443092,59,9,,,,,,,false,
7425,starexec,SWV406+1.p,e1b,unary-redundancy,REFUTED,41,2030.108,4874.428,149.218,2638.597,453,12073,371,10935,58,10,884,530762,3309,3007,42,false,false,
7425,starexec,SWV406+1.p,e1b,weight-greedy,REFUTED,41,1482.196,1654.315,145.589,2702.330,355,4737,232,3340,59,9,766,473946,3125,4101,42,false,false,
7425,starexec,SWV452+1.p,e1b,age-fair,TIMEOUT,66,1579.200,164683.858,,,11607,7641280,11149,7614434,127,13,,,,,,,false,
7425,starexec,SWV452+1.p,e1b,balanced,HARD_TIMEOUT,66,0.000,,,,,,,,,,,,,,,,false,
7425,starexec,SWV452+1.p,e1b,equational,TIMEOUT,66,1215.791,164677.728,,,11162,9419498,9776,9359471,130,13,,,,,,,false,
7425,starexec,SWV452+1.p,e1b,first-negative,TIMEOUT,66,1981.330,164547.158,,,11978,6325720,9383,6239067,127,13,,,,,,,false,
7425,starexec,SWV452+1.p,e1b,occurrence,TIMEOUT,66,1756.600,164776.500,,,11889,9650461,10707,9521969,127,13,,,,,,,false,
7425,starexec,SWV452+1.p,e1b,subsumption-light,TIMEOUT,66,1148.015,164672.221,,,6702,4120814,5759,4079794,130,13,,,,,,,false,
7425,starexec,SWV452+1.p,e1b,unary-redundancy,TIMEOUT,66,1637.751,164695.475,,,6226,4088556,5171,4046730,127,13,,,,,,,false,
7425,starexec,SWV452+1.p,e1b,weight-greedy,REFUTED,66,2847.515,2407.939,183.183,9221.107,346,1331,287,436,130,13,1099,2627983,4043,20821,67,false,false,
7425,starexec,SWV453+1.p,e1b,age-fair,TIMEOUT,66,2501.299,163688.930,,,11688,7982430,11234,7955530,127,13,,,,,,,false,
7425,starexec,SWV453+1.p,e1b,balanced,TIMEOUT,66,1016.238,164692.359,,,18363,16561906,15962,16466976,130,13,,,,,,,false,
7425,starexec,SWV453+1.p,e1b,equational,TIMEOUT,66,1919.688,163706.401,,,11419,9975745,10011,9912420,130,13,,,,,,,false,
7425,starexec,SWV453+1.p,e1b,first-negative,TIMEOUT,66,2897.917,163268.226,,,13016,7252941,10129,7157699,127,13,,,,,,,false,
7425,starexec,SWV453+1.p,e1b,occurrence,TIMEOUT,66,2553.446,163641.541,,,12136,9900470,10942,9767694,127,13,,,,,,,false,
7425,starexec,SWV453+1.p,e1b,subsumption-light,TIMEOUT,66,1812.644,163744.532,,,6948,4543683,5934,4509013,130,13,,,,,,,false,
7425,starexec,SWV453+1.p,e1b,unary-redundancy,TIMEOUT,66,2566.253,163617.003,,,6236,4256320,5241,4219804,127,13,,,,,,,false,
7425,starexec,SWV453+1.p,e1b,weight-greedy,REFUTED,66,3439.360,2482.142,185.674,12251.502,340,1299,286,404,130,13,1107,2625885,4020,20821,67,false,false,
7425,starexec,SWV454+1.p,e1b,age-fair,TIMEOUT,66,1991.377,165209.593,,,11024,7805953,10703,7781505,124,12,,,,,,,false,
7425,starexec,SWV454+1.p,e1b,balanced,TIMEOUT,66,619.037,166971.017,,,13228,19582091,12284,19517938,127,12,,,,,,,false,
7425,starexec,SWV454+1.p,e1b,equational,TIMEOUT,66,1220.288,164675.704,,,9239,10373579,8559,10331733,127,12,,,,,,,false,
7425,starexec,SWV454+1.p,e1b,first-negative,TIMEOUT,66,2314.869,164501.251,,,12681,9444574,10947,9360110,124,12,,,,,,,false,
7425,starexec,SWV454+1.p,e1b,occurrence,REFUTED,66,3291.854,1454.374,146.399,7601.910,156,306,144,124,124,12,1129,2354787,4069,23121,67,false,false,
7425,starexec,SWV454+1.p,e1b,subsumption-light,TIMEOUT,66,1192.987,164735.809,,,5963,4271650,5452,4244168,127,12,,,,,,,false,
7425,starexec,SWV454+1.p,e1b,unary-redundancy,TIMEOUT,66,1795.273,164846.793,,,5464,4047038,5074,4020582,124,12,,,,,,,false,
7425,starexec,SWV454+1.p,e1b,weight-greedy,REFUTED,66,2730.179,1395.938,172.327,8229.710,165,304,151,127,127,12,1052,2442395,3968,24209,67,false,false,
7425,starexec,SWV467+1.p,e1b,age-fair,TIMEOUT,66,3104.401,163519.825,,,10802,7854550,10301,7828138,137,14,,,,,,,false,
7425,starexec,SWV467+1.p,e1b,balanced,TIMEOUT,66,1133.998,164695.385,,,16533,15152122,14285,15038142,139,14,,,,,,,false,
7425,starexec,SWV467+1.p,e1b,equational,TIMEOUT,66,2210.631,163524.364,,,12832,7762093,11241,7693267,139,14,,,,,,,false,
7425,starexec,SWV467+1.p,e1b,first-negative,TIMEOUT,66,3467.728,162976.452,,,11694,5968252,8721,5884638,137,14,,,,,,,false,
7425,starexec,SWV467+1.p,e1b,occurrence,TIMEOUT,66,3165.243,163639.687,,,7532,10001600,6416,9821918,137,14,,,,,,,false,
7425,starexec,SWV467+1.p,e1b,subsumption-light,TIMEOUT,66,2230.623,163633.886,,,5878,3538380,5137,3500952,139,14,,,,,,,false,
7425,starexec,SWV467+1.p,e1b,unary-redundancy,TIMEOUT,66,3101.468,163551.129,,,6800,3823556,6213,3790266,137,14,,,,,,,false,
7425,starexec,SWV467+1.p,e1b,weight-greedy,TIMEOUT,66,2158.211,163510.438,,,10978,7734178,9837,7365211,139,14,,,,,,,false,
7425,starexec,SWV473+1.p,e1b,age-fair,TIMEOUT,66,1623.742,164502.456,,,10657,7691411,10182,7667333,124,14,,,,,,,false,
7425,starexec,SWV473+1.p,e1b,balanced,TIMEOUT,66,663.772,165166.298,,,15076,14963070,13769,14867544,126,14,,,,,,,false,
7425,starexec,SWV473+1.p,e1b,equational,TIMEOUT,66,1222.754,164487.480,,,12501,7292984,11338,7226351,126,14,,,,,,,false,
7425,starexec,SWV473+1.p,e1b,first-negative,TIMEOUT,66,1789.761,164349.594,,,12235,5587519,10449,5504012,124,14,,,,,,,false,
7425,starexec,SWV473+1.p,e1b,occurrence,TIMEOUT,66,1587.217,164474.017,,,8815,9103526,8482,8870180,124,14,,,,,,,false,
7425,starexec,SWV473+1.p,e1b,subsumption-light,TIMEOUT,66,1237.546,164521.948,,,6415,3046270,5994,3008554,126,14,,,,,,,false,
7425,starexec,SWV473+1.p,e1b,unary-redundancy,TIMEOUT,66,1591.071,164637.479,,,3582,2380096,3393,2356980,124,14,,,,,,,false,
7425,starexec,SWV473+1.p,e1b,weight-greedy,REFUTED,66,3264.066,1825.139,231.347,10674.929,588,1616,404,440,126,14,1193,3843935,4487,17983,67,false,false,
7425,starexec,SWV474+1.p,e1b,age-fair,TIMEOUT,66,2806.795,163625.210,,,11133,7932194,10661,7906789,130,14,,,,,,,false,
7425,starexec,SWV474+1.p,e1b,balanced,TIMEOUT,66,1114.999,164778.447,,,15304,14744680,13956,14648026,132,14,,,,,,,false,
7425,starexec,SWV474+1.p,e1b,equational,TIMEOUT,66,2137.817,163730.200,,,12832,7911360,11813,7844624,132,14,,,,,,,false,
7425,starexec,SWV474+1.p,e1b,first-negative,TIMEOUT,66,3170.860,163336.901,,,13212,6009258,10864,5912096,130,14,,,,,,,false,
7425,starexec,SWV474+1.p,e1b,occurrence,TIMEOUT,66,2799.376,163757.570,,,8047,9607153,7510,9400921,130,14,,,,,,,false,
7425,starexec,SWV474+1.p,e1b,subsumption-light,TIMEOUT,66,2134.846,163735.884,,,4852,3278961,4495,3246981,132,14,,,,,,,false,
7425,starexec,SWV474+1.p,e1b,unary-redundancy,TIMEOUT,66,2750.765,163639.644,,,4554,3340894,4238,3312208,130,14,,,,,,,false,
7425,starexec,SWV474+1.p,e1b,weight-greedy,TIMEOUT,66,2103.198,163674.233,,,9431,7813079,8925,7523260,132,14,,,,,,,false,
7425,starexec,SWV479+1.p,e1b,age-fair,TIMEOUT,66,3492.313,163317.857,,,11210,8068811,10578,8042274,140,15,,,,,,,false,
7425,starexec,SWV479+1.p,e1b,balanced,TIMEOUT,66,1224.661,164648.485,,,16686,15562990,14626,15447894,142,15,,,,,,,false,
7425,starexec,SWV479+1.p,e1b,equational,TIMEOUT,66,2299.125,163554.211,,,12189,8279304,10697,8207940,142,15,,,,,,,false,
7425,starexec,SWV479+1.p,e1b,first-negative,TIMEOUT,66,3630.654,162879.173,,,12943,5198003,10311,5107483,140,15,,,,,,,false,
7425,starexec,SWV479+1.p,e1b,occurrence,HARD_TIMEOUT,66,0.000,,,,,,,,,,,,,,,,false,
7425,starexec,SWV479+1.p,e1b,subsumption-light,TIMEOUT,66,2515.798,163564.243,,,5968,3575645,5304,3537273,142,15,,,,,,,false,
7425,starexec,SWV479+1.p,e1b,unary-redundancy,TIMEOUT,66,3337.456,163597.655,,,4655,3330986,4178,3303240,140,15,,,,,,,false,
7425,starexec,SWV479+1.p,e1b,weight-greedy,TIMEOUT,66,2364.754,163400.080,,,14607,11655131,12931,11251994,142,15,,,,,,,false,
7425,starexec,SWV487+3.p,e1b,age-fair,TIMEOUT,12,888.879,165388.189,,,9391,6765519,9207,6750394,23,3,,,,,,,false,
7425,starexec,SWV487+3.p,e1b,balanced,TIMEOUT,12,307.332,166694.191,,,15500,13999323,14787,13945491,23,3,,,,,,,false,
7425,starexec,SWV487+3.p,e1b,equational,TIMEOUT,12,679.885,164925.914,,,12098,8407732,11010,8370034,23,3,,,,,,,false,
7425,starexec,SWV487+3.p,e1b,first-negative,REFUTED,12,1498.978,106421.022,182.432,1208.844,10376,4838466,9459,4811953,23,3,291,44961,955,401,13,false,false,
7425,starexec,SWV487+3.p,e1b,occurrence,TIMEOUT,12,939.223,164905.552,,,13773,8431861,12263,8359919,23,3,,,,,,,false,
7425,starexec,SWV487+3.p,e1b,subsumption-light,TIMEOUT,12,677.324,164959.978,,,7774,3805238,7315,3780020,23,3,,,,,,,false,
7425,starexec,SWV487+3.p,e1b,unary-redundancy,TIMEOUT,12,843.024,164983.037,,,9525,5278669,8617,5249195,23,3,,,,,,,false,
7425,starexec,SWV487+3.p,e1b,weight-greedy,HARD_TIMEOUT,12,0.000,,,,,,,,,,,,,,,,false,
7425,starexec,SWV488+3.p,e1b,age-fair,REFUTED,12,847.214,3247.220,84.088,660.143,713,42261,618,40875,24,3,277,46968,924,553,13,false,false,
7425,starexec,SWV488+3.p,e1b,balanced,REFUTED,12,663.232,374.501,56.517,666.447,26,62,21,35,24,3,240,39985,954,553,13,false,false,
7425,starexec,SWV488+3.p,e1b,equational,REFUTED,12,661.028,402.255,50.210,674.195,24,60,17,37,24,3,237,39781,954,553,13,false,false,
7425,starexec,SWV488+3.p,e1b,first-negative,REFUTED,12,844.886,367.228,50.389,616.545,20,49,16,29,24,3,249,41241,896,553,13,false,false,
7425,starexec,SWV488+3.p,e1b,occurrence,REFUTED,12,789.274,365.746,44.728,562.549,17,52,14,34,24,3,250,41489,902,553,13,false,false,
7425,starexec,SWV488+3.p,e1b,subsumption-light,REFUTED,12,673.022,408.177,66.559,683.308,23,56,18,34,24,3,237,39326,954,553,13,false,false,
7425,starexec,SWV488+3.p,e1b,unary-redundancy,REFUTED,12,830.534,448.948,67.488,661.347,22,57,16,37,24,3,248,40998,904,553,13,false,false,
7425,starexec,SWV488+3.p,e1b,weight-greedy,REFUTED,12,687.709,388.389,60.734,687.707,26,64,21,35,24,3,239,40170,953,553,13,false,false,
7425,starexec,SWW102+1.p,e1b,age-fair,TIMEOUT,44,1761.582,164021.967,,,3610,5418343,3477,5411274,83,10,,,,,,,false,
7425,starexec,SWW102+1.p,e1b,balanced,TIMEOUT,44,663.298,164763.739,,,5043,10053432,4940,10038346,89,12,,,,,,,false,
7425,starexec,SWW102+1.p,e1b,equational,TIMEOUT,44,1250.638,163634.820,,,4776,5315686,4644,5300994,89,12,,,,,,,false,
7425,starexec,SWW102+1.p,e1b,first-negative,REFUTED,44,3005.579,19512.061,220.635,2105.538,4057,811439,3324,802979,83,10,1112,369565,2381,674,45,false,false,
7425,starexec,SWW102+1.p,e1b,occurrence,TIMEOUT,44,1760.498,163637.475,,,7907,5790373,7587,5733566,83,10,,,,,,,false,
7425,starexec,SWW102+1.p,e1b,subsumption-light,HARD_TIMEOUT,44,0.000,,,,,,,,,,,,,,,,false,
7425,starexec,SWW102+1.p,e1b,unary-redundancy,TIMEOUT,44,1677.442,163706.081,,,4183,3917897,3969,3906667,83,10,,,,,,,false,
7425,starexec,SWW102+1.p,e1b,weight-greedy,REFUTED,44,2240.430,1722.948,237.128,3084.370,266,1217,205,603,89,12,924,347693,2493,752,45,false,false,
7425,starexec,SWW186+1.p,e1b,age-fair,HARD_TIMEOUT,1181,0.000,,,,,,,,,,,,,,,,false,
7425,starexec,SWW186+1.p,e1b,balanced,TIMEOUT,1181,2407.426,163652.858,,,22623,9742055,21059,9652957,1568,29,,,,,,,false,
7425,starexec,SWW186+1.p,e1b,equational,HARD_TIMEOUT,1181,0.000,,,,,,,,,,,,,,,,false,
7425,starexec,SWW186+1.p,e1b,first-negative,SATURATED,1181,2163.802,3069.383,,,118,2644,114,1377,40,0,,,,,,,false,
7425,starexec,SWW186+1.p,e1b,occurrence,HARD_TIMEOUT,1181,0.000,,,,,,,,,,,,,,,,false,
7425,starexec,SWW186+1.p,e1b,subsumption-light,TIMEOUT,1181,3703.263,161243.501,,,9313,4247833,8807,4212905,726,17,,,,,,,false,
7425,starexec,SWW186+1.p,e1b,unary-redundancy,HARD_TIMEOUT,1181,0.000,,,,,,,,,,,,,,,,false,
7425,starexec,SWW186+1.p,e1b,weight-greedy,TIMEOUT,1181,2465.025,160898.708,,,6163,6307701,5984,6181848,189,4,,,,,,,false,
7425,starexec,SWW278+1.p,e1b,age-fair,HARD_TIMEOUT,1199,0.000,,,,,,,,,,,,,,,,false,
7425,starexec,SWW278+1.p,e1b,balanced,TIMEOUT,1199,1523.677,165152.834,,,25144,10337248,23814,10252378,1586,36,,,,,,,false,
7425,starexec,SWW278+1.p,e1b,equational,TIMEOUT,1199,2462.683,162770.769,,,13351,5719912,12137,5676726,944,25,,,,,,,false,
7425,starexec,SWW278+1.p,e1b,first-negative,TIMEOUT,1199,1371.857,162189.137,,,3850,2160806,3261,2152086,24,2,,,,,,,false,
7425,starexec,SWW278+1.p,e1b,occurrence,HARD_TIMEOUT,1199,0.000,,,,,,,,,,,,,,,,false,
7425,starexec,SWW278+1.p,e1b,subsumption-light,TIMEOUT,1199,2522.071,162773.661,,,11574,4771720,10836,4734368,824,23,,,,,,,false,
7425,starexec,SWW278+1.p,e1b,unary-redundancy,TIMEOUT,1199,3654.887,163140.034,,,11905,5018657,10790,4979841,852,21,,,,,,,false,
7425,starexec,SWW278+1.p,e1b,weight-greedy,TIMEOUT,1199,2124.562,162991.841,,,14387,6549873,12397,6296027,572,14,,,,,,,false,
7425,starexec,SWW279+1.p,e1b,age-fair,KILLED,,0.000,,,,,,,,,,,,,,,,false,killed before finishing
7425,starexec,SWW279+1.p,e1b,balanced,TIMEOUT,1213,1819.104,164666.975,,,22931,8331590,20693,8256136,1647,38,,,,,,,false,
7425,starexec,SWW279+1.p,e1b,first-negative,HARD_TIMEOUT,1213,0.000,,,,,,,,,,,,,,,,false,
7425,starexec,SWW279+1.p,e1b,subsumption-light,HARD_TIMEOUT,1213,0.000,,,,,,,,,,,,,,,,false,
7425,starexec,SWW279+1.p,e1b,unary-redundancy,HARD_TIMEOUT,1213,0.000,,,,,,,,,,,,,,,,false,
7425,starexec,SWW279+1.p,e1b,weight-greedy,TIMEOUT,1213,3531.109,162481.135,,,15280,1165108,14663,1052175,669,13,,,,,,,false,
7425,starexec,SWW298+1.p,e1b,age-fair,HARD_TIMEOUT,5224,0.000,,,,,,,,,,,,,,,,false,
7425,starexec,SWW298+1.p,e1b,balanced,HARD_TIMEOUT,5224,0.000,,,,,,,,,,,,,,,,false,
7425,starexec,SWW298+1.p,e1b,equational,HARD_TIMEOUT,5224,0.000,,,,,,,,,,,,,,,,false,
7425,starexec,SWW298+1.p,e1b,first-negative,REFUTED,5224,4061.223,759.957,65.384,908.644,21,38,20,20,22,2,237,26463,1169,233,5225,false,false,
7425,starexec,SWW298+1.p,e1b,occurrence,HARD_TIMEOUT,5224,0.000,,,,,,,,,,,,,,,,false,
7425,starexec,SWW298+1.p,e1b,subsumption-light,HARD_TIMEOUT,5224,0.000,,,,,,,,,,,,,,,,false,
7425,starexec,SWW298+1.p,e1b,unary-redundancy,HARD_TIMEOUT,5224,0.000,,,,,,,,,,,,,,,,false,
7425,starexec,SWW298+1.p,e1b,weight-greedy,REFUTED,5224,5179.035,2839.147,126.181,6875.826,438,5999,416,4483,274,10,2226,689038,10664,779,5225,false,false,
7425,starexec,SWW350+1.p,e1b,age-fair,HARD_TIMEOUT,5228,0.000,,,,,,,,,,,,,,,,false,
7425,starexec,SWW350+1.p,e1b,equational,HARD_TIMEOUT,5228,0.000,,,,,,,,,,,,,,,,false,
7425,starexec,SWW350+1.p,e1b,first-negative,HARD_TIMEOUT,5228,0.000,,,,,,,,,,,,,,,,false,
7425,starexec,SWW350+1.p,e1b,occurrence,HARD_TIMEOUT,5228,0.000,,,,,,,,,,,,,,,,false,
7425,starexec,SWW350+1.p,e1b,subsumption-light,HARD_TIMEOUT,5228,0.000,,,,,,,,,,,,,,,,false,
7425,starexec,SWW350+1.p,e1b,unary-redundancy,HARD_TIMEOUT,5228,0.000,,,,,,,,,,,,,,,,false,
7425,starexec,SWW350+1.p,e1b,weight-greedy,REFUTED,5228,6063.101,1307.164,165.472,16002.168,108,303,106,186,192,23,2011,1586280,12886,2050,5229,false,false,
7425,starexec,SWW374+1.p,e1b,age-fair,HARD_TIMEOUT,5248,0.000,,,,,,,,,,,,,,,,false,
7425,starexec,SWW374+1.p,e1b,balanced,HARD_TIMEOUT,5248,0.000,,,,,,,,,,,,,,,,false,
7425,starexec,SWW374+1.p,e1b,equational,HARD_TIMEOUT,5248,0.000,,,,,,,,,,,,,,,,false,
7425,starexec,SWW374+1.p,e1b,first-negative,TIMEOUT,5248,3999.795,156152.395,,,1724,3093402,1709,3086918,50,4,,,,,,,false,
7425,starexec,SWW374+1.p,e1b,occurrence,HARD_TIMEOUT,5248,0.000,,,,,,,,,,,,,,,,false,
7425,starexec,SWW374+1.p,e1b,subsumption-light,HARD_TIMEOUT,5248,0.000,,,,,,,,,,,,,,,,false,
7425,starexec,SWW374+1.p,e1b,unary-redundancy,HARD_TIMEOUT,5248,0.000,,,,,,,,,,,,,,,,false,
7425,starexec,SWW374+1.p,e1b,weight-greedy,HARD_TIMEOUT,5248,0.000,,,,,,,,,,,,,,,,false,
7425,starexec,SWW394+1.p,e1b,age-fair,HARD_TIMEOUT,5223,0.000,,,,,,,,,,,,,,,,false,
7425,starexec,SWW394+1.p,e1b,balanced,HARD_TIMEOUT,5223,0.000,,,,,,,,,,,,,,,,false,
7425,starexec,SWW394+1.p,e1b,equational,HARD_TIMEOUT,5223,0.000,,,,,,,,,,,,,,,,false,
7425,starexec,SWW394+1.p,e1b,first-negative,REFUTED,5223,4270.057,2840.028,216.990,7318.545,282,4494,263,3996,135,13,1398,825097,7915,1699,5224,false,false,
7425,starexec,SWW394+1.p,e1b,occurrence,HARD_TIMEOUT,5223,0.000,,,,,,,,,,,,,,,,false,
7425,starexec,SWW394+1.p,e1b,subsumption-light,HARD_TIMEOUT,5223,0.000,,,,,,,,,,,,,,,,false,
7425,starexec,SWW394+1.p,e1b,unary-redundancy,HARD_TIMEOUT,5223,0.000,,,,,,,,,,,,,,,,false,
7425,starexec,SWW394+1.p,e1b,weight-greedy,HARD_TIMEOUT,5223,0.000,,,,,,,,,,,,,,,,false,
7425,starexec,SWW470+5.p,e1b,age-fair,HARD_TIMEOUT,162,0.000,,,,,,,,,,,,,,,,false,
7425,starexec,SWW470+5.p,e1b,balanced,REFUTED,162,2873.601,11096.415,69.248,13323.423,2725,272553,2057,266775,240,52,3102,12976319,21717,10205,163,false,false,
7425,starexec,SWW470+5.p,e1b,equational,TIMEOUT,162,2274.957,164143.009,,,5153,1289108,4399,1278602,240,52,,,,,,,false,
7425,starexec,SWW470+5.p,e1b,first-negative,TIMEOUT,162,3277.235,163442.853,,,9687,3514033,8974,3491999,235,50,,,,,,,false,
7425,starexec,SWW470+5.p,e1b,occurrence,REFUTED,162,7918.217,39064.806,215.538,35164.220,3137,687603,2947,666576,235,50,3263,12784552,20686,9883,163,false,false,
7425,starexec,SWW470+5.p,e1b,subsumption-light,REFUTED,162,6954.999,23627.917,134.644,40956.723,2670,268647,2009,262869,240,52,3102,12976319,21717,10205,163,false,false,
7425,starexec,SWW470+5.p,e1b,unary-redundancy,TIMEOUT,162,2892.790,163910.570,,,4697,1462178,3883,1449956,235,50,,,,,,,false,
7425,starexec,SWW470+5.p,e1b,weight-greedy,REFUTED,162,5105.098,76311.276,166.464,23540.940,8505,2208610,6480,2071606,240,52,3165,13416594,21860,10205,163,false,false,
7425,starexec,SWW473+2.p,e1b,age-fair,HARD_TIMEOUT,916,0.000,,,,,,,,,,,,,,,,false,
7425,starexec,SWW473+2.p,e1b,balanced,HARD_TIMEOUT,916,0.000,,,,,,,,,,,,,,,,false,
7425,starexec,SWW473+2.p,e1b,equational,HARD_TIMEOUT,916,0.000,,,,,,,,,,,,,,,,false,
7425,starexec,SWW473+2.p,e1b,first-negative,REFUTED,916,2626.077,4096.820,65.640,2708.005,722,35742,712,34242,117,9,1095,455779,5032,1421,917,false,false,
7425,starexec,SWW473+2.p,e1b,occurrence,HARD_TIMEOUT,916,0.000,,,,,,,,,,,,,,,,false,
7425,starexec,SWW473+2.p,e1b,subsumption-light,REFUTED,916,3473.764,1350.883,85.446,14645.383,291,1069,277,632,369,28,3042,2332020,13919,2184,917,false,false,
7425,starexec,SWW473+2.p,e1b,unary-redundancy,HARD_TIMEOUT,916,0.000,,,,,,,,,,,,,,,,false,
7425,starexec,SWW473+2.p,e1b,weight-greedy,REFUTED,916,2841.647,1716.269,112.666,8026.504,335,3484,323,1935,246,19,2114,1367086,10218,1898,917,false,false,
7425,starexec,SWW473+6.p,e1b,age-fair,HARD_TIMEOUT,608,0.000,,,,,,,,,,,,,,,,false,
7425,starexec,SWW473+6.p,e1b,balanced,REFUTED,608,10029.832,4955.780,121.010,113804.525,994,22909,899,21325,845,87,9085,37289817,56288,10957,609,false,false,
7425,starexec,SWW473+6.p,e1b,equational,REFUTED,608,14794.264,5988.910,199.286,95525.209,613,11526,544,10556,603,78,6445,25479826,39509,10023,609,false,false,
7425,starexec,SWW473+6.p,e1b,first-negative,HARD_TIMEOUT,608,0.000,,,,,,,,,,,,,,,,false,
7425,starexec,SWW473+6.p,e1b,occurrence,REFUTED,608,17223.002,8069.173,202.609,105233.420,895,18394,733,15945,613,76,7038,24765674,38200,9694,609,false,false,
7425,starexec,SWW473+6.p,e1b,subsumption-light,REFUTED,608,8688.661,85792.641,133.215,34505.813,5784,1195380,5419,1180756,514,54,5053,15320473,30673,7870,609,false,false,
7425,starexec,SWW473+6.p,e1b,unary-redundancy,REFUTED,608,13680.484,5405.905,200.654,49584.382,522,9465,451,8591,526,54,5569,15027741,29460,7605,609,false,false,
7425,starexec,SWW473+6.p,e1b,weight-greedy,REFUTED,608,8376.327,7830.736,174.528,33264.508,1022,32358,993,27732,350,44,3640,9593259,24071,6637,609,false,false,
7425,starexec,SWW474+3.p,e1b,age-fair,HARD_TIMEOUT,1440,0.000,,,,,,,,,,,,,,,,false,
7425,starexec,SWW474+3.p,e1b,balanced,TIMEOUT,1440,3549.534,163353.610,,,26786,6441433,25048,6380733,2284,309,,,,,,,false,
7425,starexec,SWW474+3.p,e1b,equational,TIMEOUT,1440,2355.574,164147.728,,,18628,7958546,17755,7910762,1554,212,,,,,,,false,
7425,starexec,SWW474+3.p,e1b,first-negative,TIMEOUT,1440,1395.011,164543.561,,,10129,12109993,9312,12068281,135,21,,,,,,,false,
7425,starexec,SWW474+3.p,e1b,occurrence,HARD_TIMEOUT,1440,0.000,,,,,,,,,,,,,,,,false,
7425,starexec,SWW474+3.p,e1b,subsumption-light,HARD_TIMEOUT,1440,0.000,,,,,,,,,,,,,,,,false,
7425,starexec,SWW474+3.p,e1b,unary-redundancy,HARD_TIMEOUT,1440,0.000,,,,,,,,,,,,,,,,false,
7425,starexec,SWW474+3.p,e1b,weight-greedy,TIMEOUT,1440,1730.472,164026.810,,,8322,731073,7894,649473,754,99,,,,,,,false,
7425,starexec,SWW937+1.p,e1b,age-fair,TIMEOUT,28,2523.574,163556.335,,,5563,4814667,5516,4805001,95,19,,,,,,,false,
7425,starexec,SWW937+1.p,e1b,balanced,TIMEOUT,28,1018.475,165134.752,,,10179,10739134,9939,10708824,181,24,,,,,,,false,
7425,starexec,SWW937+1.p,e1b,equational,TIMEOUT,28,1900.046,163748.623,,,8377,7453406,8275,7426856,181,24,,,,,,,false,
7425,starexec,SWW937+1.p,e1b,first-negative,TIMEOUT,28,2720.370,163252.925,,,4511,4664200,4488,4655800,95,19,,,,,,,false,
7425,starexec,SWW937+1.p,e1b,occurrence,TIMEOUT,28,2325.727,163734.257,,,9376,6274433,8588,6215421,95,19,,,,,,,false,
7425,starexec,SWW937+1.p,e1b,subsumption-light,TIMEOUT,28,1986.742,163860.796,,,4731,2276080,4722,2263908,181,24,,,,,,,false,
7425,starexec,SWW937+1.p,e1b,unary-redundancy,HARD_TIMEOUT,28,0.000,,,,,,,,,,,,,,,,false,
7425,starexec,SWW937+1.p,e1b,weight-greedy,TIMEOUT,28,1970.630,163633.976,,,37469,4878117,36816,4773977,181,24,,,,,,,false,
7425,starexec,SWW961+1.p,e1b,age-fair,REFUTED,176,2116.353,1296.757,183.986,888.730,197,273,186,177,177,0,1127,25643,2585,207,177,false,false,
7425,starexec,SWW961+1.p,e1b,balanced,REFUTED,176,837.533,647.664,71.464,768.902,193,242,185,177,177,0,947,22877,2965,207,177,false,false,
7425,starexec,SWW961+1.p,e1b,equational,REFUTED,176,1566.320,1246.943,193.149,1409.062,198,272,190,177,177,0,943,22813,2958,207,177,false,false,
7425,starexec,SWW961+1.p,e1b,first-negative,REFUTED,176,2400.507,4260.414,194.645,1058.896,550,38435,508,37755,177,0,1133,25827,2594,207,177,false,false,
7425,starexec,SWW961+1.p,e1b,occurrence,REFUTED,176,2116.754,1262.132,145.206,873.592,185,219,181,177,177,0,1119,25525,2587,207,177,false,false,
7425,starexec,SWW961+1.p,e1b,subsumption-light,REFUTED,176,1536.860,1441.396,152.895,1396.783,192,257,185,177,177,0,943,22813,2958,207,177,false,false,
7425,starexec,SWW961+1.p,e1b,unary-redundancy,REFUTED,176,2109.091,1496.312,190.195,912.555,193,239,185,177,177,0,1119,25525,2587,207,177,false,false,
7425,starexec,SWW961+1.p,e1b,weight-greedy,REFUTED,176,1548.532,1193.067,156.682,1373.367,184,219,181,177,177,0,947,22877,2965,207,177,false,false,
7425,starexec,SWX051+1.p,e1b,age-fair,HARD_TIMEOUT,292,0.000,,,,,,,,,,,,,,,,false,
7425,starexec,SWX051+1.p,e1b,balanced,HARD_TIMEOUT,292,0.000,,,,,,,,,,,,,,,,false,
7425,starexec,SWX051+1.p,e1b,equational,TIMEOUT,292,2566.711,163969.829,,,34252,10247202,30558,10158768,579,168,,,,,,,false,
7425,starexec,SWX051+1.p,e1b,first-negative,TIMEOUT,292,3518.758,163676.623,,,24788,8426456,22348,8378578,527,151,,,,,,,false,
7425,starexec,SWX051+1.p,e1b,occurrence,TIMEOUT,292,3302.075,163931.188,,,38078,8044336,33768,7856059,527,151,,,,,,,false,
7425,starexec,SWX051+1.p,e1b,subsumption-light,TIMEOUT,292,2478.815,164006.077,,,18258,4177006,15728,4131530,579,168,,,,,,,false,
7425,starexec,SWX051+1.p,e1b,unary-redundancy,TIMEOUT,292,3311.728,164611.346,,,22885,4270031,18814,4215445,527,151,,,,,,,false,
7425,starexec,SWX051+1.p,e1b,weight-greedy,TIMEOUT,292,2491.111,165013.669,,,44102,6474234,37640,6292078,579,168,,,,,,,false,
7425,starexec,SWX185+1.p,e1b,age-fair,TIMEOUT,40,1056.299,163959.296,,,1395,2734597,1346,2732169,41,0,,,,,,,false,
7425,starexec,SWX185+1.p,e1b,balanced,TIMEOUT,40,433.372,165155.511,,,3270,8166538,3222,8160012,41,0,,,,,,,false,
7425,starexec,SWX185+1.p,e1b,equational,TIMEOUT,40,793.970,163962.318,,,1838,4587324,1788,4581876,41,0,,,,,,,false,
7425,starexec,SWX185+1.p,e1b,first-negative,TIMEOUT,40,1165.012,163465.467,,,2348,3050362,2223,3040952,41,0,,,,,,,false,
7425,starexec,SWX185+1.p,e1b,occurrence,TIMEOUT,40,1073.164,163799.372,,,3832,3486670,3278,3465523,41,0,,,,,,,false,
7425,starexec,SWX185+1.p,e1b,subsumption-light,TIMEOUT,40,820.852,164166.133,,,2105,3306467,2005,3302281,41,0,,,,,,,false,
7425,starexec,SWX185+1.p,e1b,unary-redundancy,TIMEOUT,40,1041.563,164342.109,,,2394,2797940,2323,2792600,41,0,,,,,,,false,
7425,starexec,SWX185+1.p,e1b,weight-greedy,REFUTED,40,1028.172,5548.914,177.969,566.053,632,31044,497,22457,41,0,380,17600,988,91,41,false,false,
7425,starexec,SWX187+1.p,e1b,age-fair,REFUTED,16,1187.291,13379.173,387.431,1093.068,1247,34853,1200,31006,18,0,420,49740,1260,279,17,false,false,
7425,starexec,SWX187+1.p,e1b,balanced,REFUTED,16,553.634,9205.395,195.910,555.108,2408,42255,2354,34848,18,0,361,40118,1113,275,17,false,false,
7425,starexec,SWX187+1.p,e1b,equational,REFUTED,16,994.817,18210.351,337.847,975.419,2631,47943,2575,39707,18,0,361,40118,1113,275,17,false,false,
7425,starexec,SWX187+1.p,e1b,first-negative,REFUTED,16,1352.982,2650.534,319.444,901.670,168,1168,147,741,18,0,347,36427,957,249,17,false,false,
7425,starexec,SWX187+1.p,e1b,occurrence,REFUTED,16,1199.054,10153.025,346.406,846.238,1691,14236,1578,8908,18,0,347,36953,1053,242,17,false,false,
7425,starexec,SWX187+1.p,e1b,subsumption-light,REFUTED,16,1081.259,22854.929,329.886,1038.082,2508,58390,2443,51025,18,0,387,42726,1124,257,17,false,false,
7425,starexec,SWX187+1.p,e1b,unary-redundancy,REFUTED,16,1183.225,13378.224,339.905,893.580,1413,25513,1348,21388,18,0,375,40948,1110,275,17,false,false,
7425,starexec,SWX187+1.p,e1b,weight-greedy,TIMEOUT,16,799.669,164198.179,,,10259,2189919,6075,1949384,18,0,,,,,,,false,
7425,starexec,SWX189+1.p,e1b,age-fair,TIMEOUT,53,1275.314,164030.685,,,3620,4122787,3468,4115789,54,0,,,,,,,false,
7425,starexec,SWX189+1.p,e1b,balanced,TIMEOUT,53,491.404,164985.911,,,7194,7541540,7049,7520430,54,0,,,,,,,false,
7425,starexec,SWX189+1.p,e1b,equational,TIMEOUT,53,953.049,164165.791,,,6371,4555132,5757,4535196,54,0,,,,,,,false,
7425,starexec,SWX189+1.p,e1b,first-negative,TIMEOUT,53,1405.721,163626.120,,,10687,6323809,8527,6297285,54,0,,,,,,,false,
7425,starexec,SWX189+1.p,e1b,occurrence,TIMEOUT,53,1258.068,163958.844,,,12060,3861191,11756,3798639,54,0,,,,,,,false,
7425,starexec,SWX189+1.p,e1b,subsumption-light,TIMEOUT,53,977.163,164299.925,,,5230,2174685,4898,2160247,54,0,,,,,,,false,
7425,starexec,SWX189+1.p,e1b,unary-redundancy,TIMEOUT,53,1236.418,164035.676,,,7818,4426164,6780,4408724,54,0,,,,,,,false,
7425,starexec,SWX189+1.p,e1b,weight-greedy,TIMEOUT,53,931.940,164819.100,,,16273,1304109,15559,1212545,54,0,,,,,,,false,
7425,starexec,SWX194+1.p,e1b,age-fair,TIMEOUT,71,1453.571,163623.100,,,2550,5039949,2422,5036310,71,0,,,,,,,false,
7425,starexec,SWX194+1.p,e1b,balanced,TIMEOUT,71,568.624,167173.422,,,7890,10295444,7747,10279796,72,0,,,,,,,false,
7425,starexec,SWX194+1.p,e1b,equational,TIMEOUT,71,1026.034,163736.257,,,5680,6258180,5482,6249096,72,0,,,,,,,false,
7425,starexec,SWX194+1.p,e1b,first-negative,TIMEOUT,71,1647.727,163259.871,,,5039,7511054,4946,7500452,71,0,,,,,,,false,
7425,starexec,SWX194+1.p,e1b,occurrence,TIMEOUT,71,1417.585,163753.673,,,5411,5539950,5073,5521923,71,0,,,,,,,false,
7425,starexec,SWX194+1.p,e1b,subsumption-light,TIMEOUT,71,978.701,163802.521,,,5947,6304390,5828,6292938,72,0,,,,,,,false,
7425,starexec,SWX194+1.p,e1b,unary-redundancy,TIMEOUT,71,1445.011,163844.161,,,4975,4183667,4335,4173955,71,0,,,,,,,false,
7425,starexec,SWX194+1.p,e1b,weight-greedy,TIMEOUT,71,1014.965,163796.094,,,6023,6772442,5782,6731762,72,0,,,,,,,false,
7425,starexec,SWX197+1.p,e1b,age-fair,TIMEOUT,73,1494.113,163695.044,,,3436,3754649,3123,3748730,74,0,,,,,,,false,
7425,starexec,SWX197+1.p,e1b,balanced,TIMEOUT,73,585.030,164786.508,,,5346,5948172,4804,5931740,74,0,,,,,,,false,
7425,starexec,SWX197+1.p,e1b,equational,TIMEOUT,73,1055.751,164623.015,,,4487,4779849,3985,4767749,74,0,,,,,,,false,
7425,starexec,SWX197+1.p,e1b,first-negative,TIMEOUT,73,1557.481,163401.977,,,4119,7349467,4009,7338057,74,0,,,,,,,false,
7425,starexec,SWX197+1.p,e1b,occurrence,TIMEOUT,73,1483.206,163817.230,,,5255,3714736,4781,3687994,74,0,,,,,,,false,
7425,starexec,SWX197+1.p,e1b,subsumption-light,TIMEOUT,73,1101.704,164241.043,,,4383,4466278,3962,4454426,74,0,,,,,,,false,
7425,starexec,SWX197+1.p,e1b,unary-redundancy,TIMEOUT,73,1484.369,163816.116,,,4053,4265799,3810,4255281,74,0,,,,,,,false,
7425,starexec,SWX197+1.p,e1b,weight-greedy,TIMEOUT,73,1072.241,163672.528,,,6346,4587232,5904,4532303,74,0,,,,,,,false,
7425,starexec,SWX199+1.p,e1b,age-fair,REFUTED,12,1117.675,40410.429,258.534,530.674,1078,575457,586,572108,14,0,267,20138,722,132,13,false,false,
7425,starexec,SWX199+1.p,e1b,balanced,REFUTED,12,523.575,3627.800,144.342,451.747,127,38581,110,37828,14,0,260,20068,726,132,13,false,false,
7425,starexec,SWX199+1.p,e1b,equational,REFUTED,12,1012.511,6754.854,265.833,779.080,129,39222,109,38459,14,0,269,20450,743,132,13,false,false,
7425,starexec,SWX199+1.p,e1b,first-negative,REFUTED,12,1287.150,3500.867,251.745,639.073,102,8059,87,7236,14,0,266,19982,706,132,13,false,false,
7425,starexec,SWX199+1.p,e1b,occurrence,REFUTED,12,1130.178,46803.933,177.034,591.860,782,934414,553,928350,14,0,260,19224,702,128,13,false,false,
7425,starexec,SWX199+1.p,e1b,subsumption-light,REFUTED,12,984.528,8861.290,271.349,752.303,171,44221,136,43519,14,0,261,20291,728,132,13,false,false,
7425,starexec,SWX199+1.p,e1b,unary-redundancy,TIMEOUT,12,901.254,164951.685,,,965,2408260,752,2404588,14,0,,,,,,,false,
7425,starexec,SWX199+1.p,e1b,weight-greedy,REFUTED,12,1025.098,1363.445,224.171,717.469,75,969,65,761,14,0,223,16495,640,126,13,false,false,
7425,starexec,SWX200+1.p,e1b,age-fair,REFUTED,15,1115.238,688.598,68.603,411.060,26,41,19,19,19,0,175,8160,525,143,16,false,false,
7425,starexec,SWX200+1.p,e1b,balanced,REFUTED,15,513.565,330.081,62.511,309.247,16,23,14,19,19,0,161,7737,550,143,16,false,false,
7425,starexec,SWX200+1.p,e1b,equational,REFUTED,15,934.530,553.263,100.657,568.772,16,23,14,19,19,0,161,7737,550,143,16,false,false,
7425,starexec,SWX200+1.p,e1b,first-negative,REFUTED,15,1254.063,621.298,114.992,442.842,23,33,19,19,19,0,175,8165,525,143,16,false,false,
7425,starexec,SWX200+1.p,e1b,occurrence,REFUTED,15,1055.600,575.387,75.074,457.592,18,25,14,19,19,0,175,8160,525,143,16,false,false,
7425,starexec,SWX200+1.p,e1b,subsumption-light,REFUTED,15,958.639,572.442,89.226,556.893,16,23,14,19,19,0,161,7737,550,143,16,false,false,
7425,starexec,SWX200+1.p,e1b,unary-redundancy,REFUTED,15,1147.664,590.421,74.133,425.522,16,23,14,19,19,0,175,8160,525,143,16,false,false,
7425,starexec,SWX200+1.p,e1b,weight-greedy,REFUTED,15,914.118,525.968,108.832,608.614,16,20,12,19,19,0,161,7737,550,143,16,false,false,
7425,starexec,SWX201+1.p,e1b,age-fair,TIMEOUT,28,1017.019,163968.274,,,2781,2699409,2664,2693023,30,0,,,,,,,false,
7425,starexec,SWX201+1.p,e1b,balanced,TIMEOUT,28,441.505,164949.615,,,2246,3519846,2151,3515578,30,0,,,,,,,false,
7425,starexec,SWX201+1.p,e1b,equational,TIMEOUT,28,844.792,163806.881,,,1977,2111398,1905,2107682,30,0,,,,,,,false,
7425,starexec,SWX201+1.p,e1b,first-negative,TIMEOUT,28,758.278,164417.430,,,2520,2371317,2433,2365035,30,0,,,,,,,false,
7425,starexec,SWX201+1.p,e1b,occurrence,TIMEOUT,28,998.907,163859.322,,,2298,2047392,1986,2039210,30,0,,,,,,,false,
7425,starexec,SWX201+1.p,e1b,subsumption-light,TIMEOUT,28,832.608,164002.174,,,1103,788030,1058,785764,30,0,,,,,,,false,
7425,starexec,SWX201+1.p,e1b,unary-redundancy,TIMEOUT,28,1042.710,164077.210,,,446,133287,431,132483,30,0,,,,,,,false,
7425,starexec,SWX201+1.p,e1b,weight-greedy,TIMEOUT,28,586.076,163904.376,,,5418,5448281,4838,5409655,30,0,,,,,,,false,
7425,starexec,SWX202+1.p,e1b,age-fair,TIMEOUT,28,1057.002,165781.543,,,2943,3157186,2767,3151971,30,0,,,,,,,false,
7425,starexec,SWX202+1.p,e1b,balanced,TIMEOUT,28,445.759,164804.193,,,2191,2819389,2109,2814965,30,0,,,,,,,false,
7425,starexec,SWX202+1.p,e1b,equational,TIMEOUT,28,858.551,164432.928,,,1771,1596668,1698,1593092,30,0,,,,,,,false,
7425,starexec,SWX202+1.p,e1b,first-negative,TIMEOUT,28,1174.986,164076.200,,,2294,1518790,2250,1513244,30,0,,,,,,,false,
7425,starexec,SWX202+1.p,e1b,occurrence,TIMEOUT,28,1032.583,163982.161,,,3412,2003447,3173,1986865,30,0,,,,,,,false,
7425,starexec,SWX202+1.p,e1b,subsumption-light,TIMEOUT,28,869.098,164962.297,,,1016,480700,996,478720,30,0,,,,,,,false,
7425,starexec,SWX202+1.p,e1b,unary-redundancy,TIMEOUT,28,1032.573,167053.927,,,740,167413,728,166075,30,0,,,,,,,false,
7425,starexec,SWX202+1.p,e1b,weight-greedy,TIMEOUT,28,813.448,163929.847,,,6159,335148,6129,316279,30,0,,,,,,,false,
7425,starexec,SWX203+1.p,e1b,age-fair,REFUTED,21,1194.671,31206.681,422.978,951.086,6752,93956,5013,74433,29,0,538,35218,1015,143,22,false,false,
7425,starexec,SWX203+1.p,e1b,balanced,REFUTED,21,540.268,4199.785,189.310,598.719,1383,19484,934,14216,29,0,517,31883,1041,143,22,false,false,
7425,starexec,SWX203+1.p,e1b,equational,REFUTED,21,1008.897,7550.086,410.125,1134.885,1158,19605,768,14301,29,0,558,34959,1145,143,22,false,false,
7425,starexec,SWX203+1.p,e1b,first-negative,REFUTED,21,1302.624,1513.822,398.199,783.811,137,1508,119,1265,29,0,453,26811,918,160,22,false,false,
7425,starexec,SWX203+1.p,e1b,occurrence,REFUTED,21,1198.012,7098.695,417.935,871.722,1166,21816,998,18122,29,0,586,39026,1015,143,22,false,false,
7425,starexec,SWX203+1.p,e1b,subsumption-light,REFUTED,21,1038.704,8771.220,372.853,979.374,1060,14961,787,10583,29,0,509,31623,1037,143,22,false,false,
7425,starexec,SWX203+1.p,e1b,unary-redundancy,REFUTED,21,1204.472,11574.767,403.002,838.096,1289,21934,1137,17281,29,0,570,36672,1011,143,22,false,false,
7425,starexec,SWX203+1.p,e1b,weight-greedy,REFUTED,21,714.405,1403.935,264.562,694.392,138,2818,102,2087,29,0,493,29437,1012,143,22,false,false,
7425,starexec,SWX209+1.p,e1b,age-fair,TIMEOUT,49,1347.868,164129.510,,,3204,2942500,3086,2936559,56,0,,,,,,,false,
7425,starexec,SWX209+1.p,e1b,balanced,TIMEOUT,49,478.977,164965.127,,,4893,5387799,4451,5369707,56,0,,,,,,,false,
7425,starexec,SWX209+1.p,e1b,equational,TIMEOUT,49,993.751,163942.539,,,4795,2889370,4242,2876768,56,0,,,,,,,false,
7425,starexec,SWX209+1.p,e1b,first-negative,TIMEOUT,49,1442.289,163497.448,,,6265,4816854,5646,4803758,56,0,,,,,,,false,
7425,starexec,SWX209+1.p,e1b,occurrence,TIMEOUT,49,1343.656,163933.483,,,6290,3486799,4819,3428137,56,0,,,,,,,false,
7425,starexec,SWX209+1.p,e1b,subsumption-light,TIMEOUT,49,1010.933,163871.298,,,2711,1289992,2528,1281756,56,0,,,,,,,false,
7425,starexec,SWX209+1.p,e1b,unary-redundancy,TIMEOUT,49,1329.622,164689.685,,,2490,1239395,2292,1230995,56,0,,,,,,,false,
7425,starexec,SWX209+1.p,e1b,weight-greedy,TIMEOUT,49,953.744,164069.812,,,21586,2787716,19493,2695506,56,0,,,,,,,false,
7425,starexec,SWX210+1.p,e1b,age-fair,TIMEOUT,49,1203.941,164097.580,,,3230,4204023,3164,4197908,56,0,,,,,,,false,
7425,starexec,SWX210+1.p,e1b,balanced,TIMEOUT,49,484.289,164855.505,,,4952,7129537,4542,7112051,56,0,,,,,,,false,
7425,starexec,SWX210+1.p,e1b,equational,TIMEOUT,49,921.527,163854.590,,,4473,4578678,3944,4565658,56,0,,,,,,,false,
7425,starexec,SWX210+1.p,e1b,first-negative,TIMEOUT,49,968.514,166466.626,,,7503,6414503,6780,6397771,56,0,,,,,,,false,
7425,starexec,SWX210+1.p,e1b,occurrence,TIMEOUT,49,1221.420,164578.791,,,9910,4896459,7140,4834172,56,0,,,,,,,false,
7425,starexec,SWX210+1.p,e1b,subsumption-light,TIMEOUT,49,940.583,164254.434,,,3406,2044133,3160,2034163,56,0,,,,,,,false,
7425,starexec,SWX210+1.p,e1b,unary-redundancy,TIMEOUT,49,1254.383,164243.356,,,3036,1935630,2862,1925494,56,0,,,,,,,false,
7425,starexec,SWX210+1.p,e1b,weight-greedy,REFUTED,49,1653.642,118373.285,370.257,1181.828,22216,1861959,19786,1763028,56,0,869,42656,2087,136,50,false,false,
7425,starexec,SWX211+1.p,e1b,age-fair,TIMEOUT,49,1327.152,163729.028,,,3018,2913434,2930,2907958,56,0,,,,,,,false,
7425,starexec,SWX211+1.p,e1b,balanced,TIMEOUT,49,487.351,164834.810,,,4754,5420514,4086,5403178,56,0,,,,,,,false,
7425,starexec,SWX211+1.p,e1b,equational,TIMEOUT,49,963.587,164232.853,,,4195,3162892,3962,3150106,56,0,,,,,,,false,
7425,starexec,SWX211+1.p,e1b,first-negative,TIMEOUT,49,1507.486,163412.511,,,6890,4311142,6086,4299145,56,0,,,,,,,false,
7425,starexec,SWX211+1.p,e1b,occurrence,TIMEOUT,49,1309.628,164154.216,,,6559,3354084,5753,3307567,56,0,,,,,,,false,
7425,starexec,SWX211+1.p,e1b,subsumption-light,TIMEOUT,49,984.225,164527.622,,,2608,1301702,2352,1293746,56,0,,,,,,,false,
7425,starexec,SWX211+1.p,e1b,unary-redundancy,TIMEOUT,49,1281.216,164133.784,,,2289,1224989,2112,1217263,56,0,,,,,,,false,
7425,starexec,SWX211+1.p,e1b,weight-greedy,TIMEOUT,49,978.935,163706.347,,,17200,1626804,17167,1571005,56,0,,,,,,,false,
7425,starexec,SWX212+1.p,e1b,age-fair,TIMEOUT,49,828.933,164750.711,,,3417,3337175,3367,3332168,57,0,,,,,,,false,
7425,starexec,SWX212+1.p,e1b,balanced,TIMEOUT,49,308.853,165247.695,,,9198,8585466,8889,8568410,57,0,,,,,,,false,
7425,starexec,SWX212+1.p,e1b,equational,TIMEOUT,49,636.702,165642.686,,,7523,4413584,7127,4399790,57,0,,,,,,,false,
7425,starexec,SWX212+1.p,e1b,occurrence,TIMEOUT,49,866.119,164906.769,,,12167,5104026,11047,5062744,57,0,,,,,,,false,
7425,starexec,SWX212+1.p,e1b,subsumption-light,TIMEOUT,49,610.934,164695.730,,,3341,1012781,3282,1006387,57,0,,,,,,,false,
7425,starexec,SWX212+1.p,e1b,unary-redundancy,TIMEOUT,49,860.006,165545.793,,,3404,978716,3320,972244,57,0,,,,,,,false,
7425,starexec,SWX212+1.p,e1b,weight-greedy,REFUTED,49,916.416,151889.277,340.887,1207.286,24108,4381064,20586,4155339,57,0,912,48542,2043,136,50,false,false,
7425,starexec,SWX217+1.p,e1b,age-fair,TIMEOUT,23,881.502,164241.019,,,3144,3222873,2674,3215930,25,0,,,,,,,false,
7425,starexec,SWX217+1.p,e1b,balanced,TIMEOUT,23,371.453,165048.890,,,8979,6317313,7961,6291383,25,0,,,,,,,false,
7425,starexec,SWX217+1.p,e1b,equational,TIMEOUT,23,506.357,164795.260,,,6349,4675817,5135,4651149,25,0,,,,,,,false,
7425,starexec,SWX217+1.p,e1b,first-negative,REFUTED,23,848.197,24723.742,265.906,566.165,1938,569341,1554,564099,25,0,672,31474,1132,130,24,false,false,
7425,starexec,SWX217+1.p,e1b,occurrence,REFUTED,23,968.768,143062.280,265.342,553.514,13171,3158333,10458,3102250,25,0,955,42927,1366,105,24,false,false,
7425,starexec,SWX217+1.p,e1b,subsumption-light,TIMEOUT,23,489.062,164775.057,,,6461,4078738,5577,4061292,25,0,,,,,,,false,
7425,starexec,SWX217+1.p,e1b,unary-redundancy,TIMEOUT,23,621.115,164731.855,,,7270,3846629,6315,3827695,25,0,,,,,,,false,
7425,starexec,SWX217+1.p,e1b,weight-greedy,TIMEOUT,23,496.164,164717.749,,,11378,3914133,10744,3766282,25,0,,,,,,,false,
7425,starexec,SWX219+1.p,e1b,age-fair,REFUTED,31,1340.678,1864.822,211.081,718.122,353,872,341,439,36,0,373,18880,1209,181,32,false,false,
7425,starexec,SWX219+1.p,e1b,balanced,REFUTED,31,568.892,13047.078,114.472,474.210,5396,17248,5368,9382,36,0,352,19211,1287,181,32,false,false,
7425,starexec,SWX219+1.p,e1b,equational,REFUTED,31,1111.281,24551.718,268.806,832.493,5618,18007,5587,9735,36,0,352,19211,1287,181,32,false,false,
7425,starexec,SWX219+1.p,e1b,first-negative,TIMEOUT,31,1203.627,163536.436,,,14343,5054950,14337,5027862,36,0,,,,,,,false,
7425,starexec,SWX219+1.p,e1b,occurrence,TIMEOUT,31,1158.855,163823.780,,,20802,65753,20699,30594,36,0,,,,,,,false,
7425,starexec,SWX219+1.p,e1b,subsumption-light,REFUTED,31,1137.613,16054.489,252.488,892.087,2660,7907,2646,4095,36,0,352,19211,1287,181,32,false,false,
7425,starexec,SWX219+1.p,e1b,unary-redundancy,REFUTED,31,1364.979,43642.739,194.034,740.504,5444,17440,5410,9414,36,0,382,20060,1247,181,32,false,false,
7425,starexec,SWX219+1.p,e1b,weight-greedy,TIMEOUT,31,895.858,163867.092,,,35798,160551,35785,113709,36,0,,,,,,,false,
7425,starexec,SWX220+1.p,e1b,age-fair,REFUTED,31,1258.874,1225.456,149.200,447.985,300,717,293,352,36,0,376,19058,1214,181,32,false,false,
7425,starexec,SWX220+1.p,e1b,balanced,REFUTED,31,570.789,4534.886,89.202,302.366,2743,8889,2739,5093,36,0,349,19353,1294,194,32,false,false,
7425,starexec,SWX220+1.p,e1b,equational,REFUTED,31,1010.859,10179.622,165.390,630.244,2720,8836,2716,5058,36,0,349,19353,1294,194,32,false,false,
7425,starexec,SWX220+1.p,e1b,first-negative,HARD_TIMEOUT,31,0.000,,,,,,,,,,,,,,,,false,
7425,starexec,SWX220+1.p,e1b,occurrence,TIMEOUT,31,1038.815,163842.227,,,22248,61055,22116,28709,36,0,,,,,,,false,
7425,starexec,SWX220+1.p,e1b,subsumption-light,REFUTED,31,968.477,4577.745,183.866,588.409,1298,3738,1294,1974,36,0,349,19347,1299,192,32,false,false,
7425,starexec,SWX220+1.p,e1b,unary-redundancy,REFUTED,31,1263.534,15452.395,218.242,788.521,2994,9813,2985,5657,36,0,385,20310,1258,194,32,false,false,
7425,starexec,SWX220+1.p,e1b,weight-greedy,TIMEOUT,31,710.512,163758.755,,,41410,374083,41374,310013,36,0,,,,,,,false,
7425,starexec,SWX221+1.p,e1b,age-fair,REFUTED,35,900.671,1672.775,139.203,574.540,604,1352,594,668,43,0,457,25954,1470,181,36,false,false,
7425,starexec,SWX221+1.p,e1b,balanced,REFUTED,35,395.893,3042.412,84.848,394.070,2564,5662,2549,2768,43,0,408,24485,1516,181,36,false,false,
7425,starexec,SWX221+1.p,e1b,equational,REFUTED,35,752.222,5344.592,149.682,754.010,2516,5576,2502,2728,43,0,408,24485,1516,181,36,false,false,
7425,starexec,SWX221+1.p,e1b,first-negative,TIMEOUT,35,1185.503,163558.835,,,17251,4791671,15322,4765342,43,0,,,,,,,false,
7425,starexec,SWX221+1.p,e1b,occurrence,REFUTED,35,921.806,111926.987,131.651,489.346,40297,86928,39987,39188,43,0,457,25954,1470,181,36,false,false,
7425,starexec,SWX221+1.p,e1b,subsumption-light,REFUTED,35,776.901,1357.738,148.492,700.940,342,631,337,245,43,0,408,24485,1516,181,36,false,false,
7425,starexec,SWX221+1.p,e1b,unary-redundancy,REFUTED,35,870.825,9627.501,148.285,533.120,2559,5677,2548,2775,43,0,457,25954,1470,181,36,false,false,
7425,starexec,SWX221+1.p,e1b,weight-greedy,TIMEOUT,35,598.436,164553.247,,,46755,195706,46265,121878,43,0,,,,,,,false,
7425,starexec,SWX222+1.p,e1b,age-fair,REFUTED,35,1283.026,828.407,109.795,672.671,92,128,86,43,43,0,373,16776,1271,181,36,false,false,
7425,starexec,SWX222+1.p,e1b,balanced,REFUTED,35,570.890,754.769,87.958,459.688,214,357,207,126,43,0,339,15785,1318,181,36,false,false,
7425,starexec,SWX222+1.p,e1b,equational,REFUTED,35,1030.503,1320.971,191.976,808.970,216,361,209,128,43,0,339,15785,1318,181,36,false,false,
7425,starexec,SWX222+1.p,e1b,first-negative,REFUTED,35,944.615,736.470,106.884,540.131,96,286,94,148,43,0,375,16829,1266,181,36,false,false,
7425,starexec,SWX222+1.p,e1b,occurrence,REFUTED,35,1333.405,1376.330,140.005,649.363,235,406,234,146,43,0,373,16776,1271,181,36,false,false,
7425,starexec,SWX222+1.p,e1b,subsumption-light,REFUTED,35,993.509,797.849,128.584,817.761,70,104,69,43,43,0,339,15785,1318,181,36,false,false,
7425,starexec,SWX222+1.p,e1b,unary-redundancy,REFUTED,35,1319.115,1723.162,151.634,665.543,211,359,203,128,43,0,373,16776,1271,181,36,false,false,
7425,starexec,SWX222+1.p,e1b,weight-greedy,REFUTED,35,1085.937,1955.869,182.431,1000.926,392,698,389,268,43,0,339,15785,1318,181,36,false,false,
7425,starexec,SWX223+1.p,e1b,age-fair,REFUTED,35,918.566,1625.971,148.278,518.412,544,1120,523,507,43,0,433,23027,1408,181,36,false,false,
7425,starexec,SWX223+1.p,e1b,balanced,REFUTED,35,385.857,687.153,91.356,323.816,362,737,354,337,43,0,390,21822,1444,181,36,false,false,
7425,starexec,SWX223+1.p,e1b,equational,REFUTED,35,728.340,1299.035,168.422,628.696,383,784,375,359,43,0,390,21822,1444,181,36,false,false,
7425,starexec,SWX223+1.p,e1b,first-negative,TIMEOUT,35,1208.035,163504.207,,,15163,574167,13362,549483,43,0,,,,,,,false,
7425,starexec,SWX223+1.p,e1b,occurrence,REFUTED,35,932.271,2932.024,122.956,491.073,1247,2580,1241,1178,43,0,433,23027,1408,181,36,false,false,
7425,starexec,SWX223+1.p,e1b,subsumption-light,REFUTED,35,738.554,843.780,156.618,606.352,141,234,134,76,43,0,390,21822,1444,181,36,false,false,
7425,starexec,SWX223+1.p,e1b,unary-redundancy,REFUTED,35,933.090,1517.194,130.766,508.901,302,604,296,272,43,0,433,23027,1408,181,36,false,false,
7425,starexec,SWX223+1.p,e1b,weight-greedy,REFUTED,35,847.969,24594.598,203.495,956.695,8794,100481,7987,87910,43,0,390,21750,1444,181,36,false,false,
7425,starexec,SWX224+1.p,e1b,age-fair,REFUTED,31,1307.224,1261.977,216.702,683.486,176,349,170,138,36,0,358,16848,1171,181,32,false,false,
7425,starexec,SWX224+1.p,e1b,balanced,REFUTED,31,575.809,1592.755,96.480,541.879,697,1902,687,1006,36,0,322,15887,1209,181,32,false,false,
7425,starexec,SWX224+1.p,e1b,equational,REFUTED,31,1095.466,3357.352,209.916,966.869,846,2646,836,1466,36,0,322,15887,1209,181,32,false,false,
7425,starexec,SWX224+1.p,e1b,first-negative,REFUTED,31,1396.485,48077.395,148.542,716.592,6902,1298245,6896,1285172,36,0,353,16564,1178,181,32,false,false,
7425,starexec,SWX224+1.p,e1b,occurrence,REFUTED,31,1349.785,9270.481,208.776,699.240,2739,7768,2735,4027,36,0,358,16848,1171,181,32,false,false,
7425,starexec,SWX224+1.p,e1b,subsumption-light,REFUTED,31,1108.352,1207.745,255.644,780.754,128,234,123,90,36,0,320,15758,1209,181,32,false,false,
7425,starexec,SWX224+1.p,e1b,unary-redundancy,REFUTED,31,1359.714,3158.976,175.414,718.529,336,892,334,472,36,0,356,16719,1171,181,32,false,false,
7425,starexec,SWX224+1.p,e1b,weight-greedy,TIMEOUT,31,875.500,164083.001,,,40555,186893,40432,131351,36,0,,,,,,,false,
7425,starexec,SWX240_1.p,e1b,age-fair,TIMEOUT,56,1311.215,163804.037,,,3495,4106979,3418,4100846,70,0,,,,,,,false,
7425,starexec,SWX240_1.p,e1b,balanced,REFUTED,56,640.660,7195.751,122.923,685.748,1025,112943,952,110677,70,0,570,31253,2001,136,57,false,false,
7425,starexec,SWX240_1.p,e1b,equational,REFUTED,56,1152.062,22686.391,201.059,1077.568,2076,321835,1979,317721,70,0,570,31253,2001,136,57,false,false,
7425,starexec,SWX240_1.p,e1b,first-negative,HARD_TIMEOUT,56,0.000,,,,,,,,,,,,,,,,false,
7425,starexec,SWX240_1.p,e1b,occurrence,REFUTED,56,1595.972,10785.040,216.596,897.435,1344,66626,1247,62929,70,0,622,44509,1938,142,57,false,false,
7425,starexec,SWX240_1.p,e1b,subsumption-light,REFUTED,56,1157.435,46077.076,175.256,957.549,2473,761579,2418,755029,70,0,570,31251,2001,136,57,false,false,
7425,starexec,SWX240_1.p,e1b,unary-redundancy,REFUTED,56,1459.253,74044.808,157.129,865.965,2175,316377,2136,312107,70,0,622,44509,1938,142,57,false,false,
7425,starexec,SWX240_1.p,e1b,weight-greedy,REFUTED,56,1258.425,153903.778,279.370,1275.772,14572,5260851,12121,5185348,70,0,669,38201,2090,136,57,false,false,
7425,starexec,SWX241_1.p,e1b,age-fair,TIMEOUT,64,1380.673,163794.401,,,4894,4366663,4761,4355752,79,0,,,,,,,false,
7425,starexec,SWX241_1.p,e1b,balanced,TIMEOUT,64,530.173,164762.663,,,26160,7408675,23905,7328743,79,0,,,,,,,false,
7425,starexec,SWX241_1.p,e1b,equational,TIMEOUT,64,974.755,163657.439,,,18544,2861111,16817,2806213,79,0,,,,,,,false,
7425,starexec,SWX241_1.p,e1b,first-negative,TIMEOUT,64,1485.583,163558.808,,,13172,5295811,12831,5253875,79,0,,,,,,,false,
7425,starexec,SWX241_1.p,e1b,occurrence,TIMEOUT,64,1411.912,163820.462,,,15311,2823244,12100,2713353,79,0,,,,,,,false,
7425,starexec,SWX241_1.p,e1b,subsumption-light,REFUTED,64,1331.158,19996.352,286.556,1389.572,2002,113180,1915,108996,79,0,650,35381,2336,136,65,false,false,
7425,starexec,SWX241_1.p,e1b,unary-redundancy,TIMEOUT,64,1371.899,163834.285,,,14980,1767499,13384,1715045,79,0,,,,,,,false,
7425,starexec,SWX241_1.p,e1b,weight-greedy,REFUTED,64,874.199,13743.556,164.472,727.008,4254,403812,3389,386087,79,0,668,36712,2317,136,65,false,false,
7425,starexec,SYN076+1.p,e1b,age-fair,TIMEOUT,1,1507.763,164403.877,,,1289,2331467,1123,2328599,31,18,,,,,,,false,
7425,starexec,SYN076+1.p,e1b,balanced,TIMEOUT,1,727.526,165101.956,,,1753,4456394,1637,4450180,48,16,,,,,,,false,
7425,starexec,SYN076+1.p,e1b,equational,TIMEOUT,1,1398.872,164409.604,,,1356,2301014,1257,2296254,48,16,,,,,,,false,
7425,starexec,SYN076+1.p,e1b,first-negative,SATURATED,1,1528.679,663.051,,,35,35,35,23,31,18,,,,,,,false,
7425,starexec,SYN076+1.p,e1b,occurrence,TIMEOUT,1,1519.513,164476.250,,,1710,2258600,1365,2247988,31,18,,,,,,,false,
7425,starexec,SYN076+1.p,e1b,subsumption-light,HARD_TIMEOUT,1,0.000,,,,,,,,,,,,,,,,false,
7425,starexec,SYN076+1.p,e1b,unary-redundancy,TIMEOUT,1,1530.773,167081.203,,,105,11534,102,11320,31,18,,,,,,,false,
7425,starexec,SYN076+1.p,e1b,weight-greedy,TIMEOUT,1,928.029,164950.320,,,3354,414407,2860,393905,48,16,,,,,,,false,
7425,starexec,SYN077+1.p,e1b,age-fair,REFUTED,1,889.880,631.479,83.532,1014.373,86,203,48,71,7,5,208,71516,624,881,2,false,false,
7425,starexec,SYN077+1.p,e1b,balanced,REFUTED,1,466.551,281.725,54.217,573.620,53,89,36,19,9,6,241,63879,670,637,2,false,false,
7425,starexec,SYN077+1.p,e1b,equational,REFUTED,1,838.309,479.069,108.421,1092.883,52,87,36,20,9,6,241,63879,670,637,2,false,false,
7425,starexec,SYN077+1.p,e1b,first-negative,REFUTED,1,1130.048,1190.422,127.202,1103.781,284,1721,191,1161,7,5,257,91975,615,881,2,false,false,
7425,starexec,SYN077+1.p,e1b,occurrence,REFUTED,1,882.646,475.247,77.003,991.279,45,83,31,23,7,5,208,71516,628,881,2,false,false,
7425,starexec,SYN077+1.p,e1b,subsumption-light,REFUTED,1,846.887,516.396,86.397,1084.963,41,60,33,12,9,6,240,63538,670,637,2,false,false,
7425,starexec,SYN077+1.p,e1b,unary-redundancy,REFUTED,1,907.779,492.573,83.887,935.925,38,69,31,24,7,5,204,69863,628,881,2,false,false,
7425,starexec,SYN077+1.p,e1b,weight-greedy,REFUTED,1,1285.107,673.363,128.641,1531.036,51,97,44,30,9,6,248,66256,675,637,2,false,false,
7425,starexec,SYN353+1.p,e1b,age-fair,REFUTED,0,2073.146,868.949,150.914,3315.643,96,365,43,81,19,3,242,314165,1079,9570,1,false,false,
7425,starexec,SYN353+1.p,e1b,balanced,REFUTED,0,883.362,473.320,81.659,2115.377,74,282,32,81,21,2,219,277626,801,11878,1,false,false,
7425,starexec,SYN353+1.p,e1b,equational,REFUTED,0,1623.583,829.329,144.441,3553.687,74,282,32,81,21,2,219,277626,801,11878,1,false,false,
7425,starexec,SYN353+1.p,e1b,first-negative,REFUTED,0,2238.544,35869.064,187.207,3231.682,5187,2162576,3900,2142459,19,3,496,640095,1191,9570,1,false,false,
7425,starexec,SYN353+1.p,e1b,occurrence,REFUTED,0,2094.778,786.582,158.800,3287.176,70,236,37,60,19,3,245,317887,1076,9570,1,false,false,
7425,starexec,SYN353+1.p,e1b,subsumption-light,REFUTED,0,1693.535,904.830,178.096,3664.843,62,177,26,32,21,2,231,290440,796,11878,1,false,false,
7425,starexec,SYN353+1.p,e1b,unary-redundancy,REFUTED,0,2230.366,911.070,169.466,3319.310,66,176,32,28,19,3,261,338341,1075,9570,1,false,false,
7425,starexec,SYN353+1.p,e1b,weight-greedy,REFUTED,0,1568.783,721.376,167.072,5815.620,66,211,30,57,21,2,216,274289,801,11878,1,false,false,
7425,starexec,SYN986+1.004.p,e1b,age-fair,EXHAUSTED,2,891.108,1015.372,,,0,0,0,0,3,0,,,,,,,false,StackOverflowError:  at Core$Trail$Applier.apply:975
7425,starexec,SYN986+1.004.p,e1b,balanced,EXHAUSTED,2,415.217,552.488,,,0,0,0,0,3,0,,,,,,,false,StackOverflowError:  at Core$Trail$Applier.apply:975
7425,starexec,SYN986+1.004.p,e1b,equational,EXHAUSTED,2,788.473,952.688,,,0,0,0,0,3,0,,,,,,,false,StackOverflowError:  at Core$Trail$Applier.apply:975
7425,starexec,SYN986+1.004.p,e1b,first-negative,EXHAUSTED,2,1017.025,787.113,,,0,0,0,0,3,0,,,,,,,false,StackOverflowError:  at Core$Trail$Applier.apply:975
7425,starexec,SYN986+1.004.p,e1b,occurrence,EXHAUSTED,2,911.779,975.341,,,0,0,0,0,3,0,,,,,,,false,StackOverflowError:  at Core$Trail$Applier.apply:975
7425,starexec,SYN986+1.004.p,e1b,subsumption-light,EXHAUSTED,2,761.604,1258.241,,,0,0,0,0,3,0,,,,,,,false,StackOverflowError:  at Core$Trail$Applier.apply:975
7425,starexec,SYN986+1.004.p,e1b,unary-redundancy,EXHAUSTED,2,897.207,1247.145,,,0,0,0,0,3,0,,,,,,,false,StackOverflowError:  at Core$Trail$Applier.apply:975
7425,starexec,SYN986+1.004.p,e1b,weight-greedy,HARD_TIMEOUT,2,0.000,,,,,,,,,,,,,,,,false,
7425,starexec,SYO525+1.018.p,e1b,age-fair,TIMEOUT,29,2419.743,163477.372,,,30376,30381,30371,30,30,0,,,,,,,false,
7425,starexec,SYO525+1.018.p,e1b,balanced,TIMEOUT,29,866.777,164625.207,,,44406,44416,44406,30,30,0,,,,,,,false,
7425,starexec,SYO525+1.018.p,e1b,equational,TIMEOUT,29,1597.152,163419.738,,,35431,35441,35431,30,30,0,,,,,,,false,
7425,starexec,SYO525+1.018.p,e1b,first-negative,TIMEOUT,29,2526.703,162856.111,,,34370,34380,34370,30,30,0,,,,,,,false,
7425,starexec,SYO525+1.018.p,e1b,occurrence,TIMEOUT,29,2231.665,163356.571,,,30287,30297,30287,30,30,0,,,,,,,false,
7425,starexec,SYO525+1.018.p,e1b,subsumption-light,TIMEOUT,29,1518.991,163567.137,,,35985,35995,35985,30,30,0,,,,,,,false,
7425,starexec,SYO525+1.018.p,e1b,unary-redundancy,TIMEOUT,29,2292.712,163350.190,,,35970,35980,35970,30,30,0,,,,,,,false,
7425,starexec,SYO525+1.018.p,e1b,weight-greedy,TIMEOUT,29,1630.977,163269.399,,,35287,35297,35287,30,30,0,,,,,,,false,
7425,starexec,SYO525+1.021.p,e1b,age-fair,TIMEOUT,29,2385.224,163543.497,,,29955,29956,29949,30,30,0,,,,,,,false,
7425,starexec,SYO525+1.021.p,e1b,balanced,TIMEOUT,29,864.033,164691.516,,,44800,44807,44800,30,30,0,,,,,,,false,
7425,starexec,SYO525+1.021.p,e1b,equational,TIMEOUT,29,1591.234,163414.875,,,30303,30310,30303,30,30,0,,,,,,,false,
7425,starexec,SYO525+1.021.p,e1b,first-negative,TIMEOUT,29,2470.938,163035.638,,,35276,35283,35276,30,30,0,,,,,,,false,
7425,starexec,SYO525+1.021.p,e1b,occurrence,TIMEOUT,29,2229.841,163439.403,,,30838,30845,30838,30,30,0,,,,,,,false,
7425,starexec,SYO525+1.021.p,e1b,subsumption-light,TIMEOUT,29,1605.579,163426.585,,,36430,36437,36430,30,30,0,,,,,,,false,
7425,starexec,SYO525+1.021.p,e1b,unary-redundancy,TIMEOUT,29,2217.348,163380.751,,,36267,36274,36267,30,30,0,,,,,,,false,
7425,starexec,SYO525+1.021.p,e1b,weight-greedy,TIMEOUT,29,1537.625,163308.437,,,30176,30183,30176,30,30,0,,,,,,,false,
7425,starexec,SYO525+1.024.p,e1b,age-fair,TIMEOUT,29,1792.930,162967.883,,,38182,38186,38182,30,30,0,,,,,,,false,
7425,starexec,SYO525+1.024.p,e1b,balanced,TIMEOUT,29,621.651,164537.561,,,54318,54322,54318,30,30,0,,,,,,,false,
7425,starexec,SYO525+1.024.p,e1b,equational,TIMEOUT,29,1234.975,163219.315,,,44339,44343,44339,30,30,0,,,,,,,false,
7425,starexec,SYO525+1.024.p,e1b,first-negative,TIMEOUT,29,2559.375,162848.322,,,33795,33799,33795,30,30,0,,,,,,,false,
7425,starexec,SYO525+1.024.p,e1b,occurrence,TIMEOUT,29,1777.342,163252.404,,,44144,44148,44144,30,30,0,,,,,,,false,
7425,starexec,SYO525+1.024.p,e1b,subsumption-light,TIMEOUT,29,1233.079,162996.200,,,43889,43893,43889,30,30,0,,,,,,,false,
7425,starexec,SYO525+1.024.p,e1b,unary-redundancy,TIMEOUT,29,1930.636,163105.789,,,44226,44230,44226,30,30,0,,,,,,,false,
7425,starexec,SYO525+1.024.p,e1b,weight-greedy,TIMEOUT,29,1164.457,163218.094,,,44057,44061,44057,30,30,0,,,,,,,false,
7425,starexec,SYO525+1.027.p,e1b,age-fair,TIMEOUT,29,2222.924,163383.615,,,29936,29937,29936,30,30,0,,,,,,,false,
7425,starexec,SYO525+1.027.p,e1b,balanced,TIMEOUT,29,791.665,164556.231,,,44117,44118,44117,30,30,0,,,,,,,false,
7425,starexec,SYO525+1.027.p,e1b,equational,TIMEOUT,29,1577.404,163133.648,,,35053,35054,35053,30,30,0,,,,,,,false,
7425,starexec,SYO525+1.027.p,e1b,first-negative,TIMEOUT,29,2519.229,162753.214,,,34385,34386,34385,30,30,0,,,,,,,false,
7425,starexec,SYO525+1.027.p,e1b,occurrence,TIMEOUT,29,2332.767,163123.279,,,35546,35547,35546,30,30,0,,,,,,,false,
7425,starexec,SYO525+1.027.p,e1b,subsumption-light,TIMEOUT,29,1550.251,163100.902,,,35827,35828,35827,30,30,0,,,,,,,false,
7425,starexec,SYO525+1.027.p,e1b,unary-redundancy,TIMEOUT,29,2432.474,163203.863,,,35845,35846,35845,30,30,0,,,,,,,false,
7425,starexec,SYO525+1.027.p,e1b,weight-greedy,TIMEOUT,29,1579.056,163385.465,,,35473,35474,35473,30,30,0,,,,,,,false,
7425,starexec,SYO525+1.030.p,e1b,age-fair,TIMEOUT,32,2596.308,163327.171,,,29422,29423,29422,33,33,0,,,,,,,false,
7425,starexec,SYO525+1.030.p,e1b,balanced,TIMEOUT,32,943.604,164479.734,,,38335,38336,38335,33,33,0,,,,,,,false,
7425,starexec,SYO525+1.030.p,e1b,equational,TIMEOUT,32,1700.253,163264.404,,,35270,35271,35270,33,33,0,,,,,,,false,
7425,starexec,SYO525+1.030.p,e1b,first-negative,TIMEOUT,32,2678.295,162783.049,,,33375,33376,33375,33,33,0,,,,,,,false,
7425,starexec,SYO525+1.030.p,e1b,occurrence,TIMEOUT,32,2647.941,163422.116,,,29181,29182,29181,33,33,0,,,,,,,false,
7425,starexec,SYO525+1.030.p,e1b,subsumption-light,TIMEOUT,32,1668.325,163269.681,,,35477,35478,35477,33,33,0,,,,,,,false,
7425,starexec,SYO525+1.030.p,e1b,unary-redundancy,TIMEOUT,32,2649.480,163313.531,,,35477,35478,35477,33,33,0,,,,,,,false,
7425,starexec,SYO525+1.030.p,e1b,weight-greedy,TIMEOUT,32,1686.219,163304.330,,,35500,35501,35500,33,33,0,,,,,,,false,
7425,starexec,SYO605+1.p,e1b,age-fair,REFUTED,4,2717.364,57804.227,447.481,7976.923,11750,632411,6398,497189,48,14,983,1282514,2168,2275,5,false,false,
7425,starexec,SYO605+1.p,e1b,balanced,REFUTED,4,1242.168,2800.610,206.881,4340.262,2188,19981,1239,11803,48,14,903,1044573,1977,2212,5,false,false,
7425,starexec,SYO605+1.p,e1b,equational,TIMEOUT,4,1403.351,164115.871,,,9024,2874722,7229,2839184,48,14,,,,,,,false,
7425,starexec,SYO605+1.p,e1b,first-negative,TIMEOUT,4,1799.680,163692.995,,,15401,6328481,12622,6260593,48,14,,,,,,,false,
7425,starexec,SYO605+1.p,e1b,occurrence,TIMEOUT,4,1627.686,164059.714,,,27773,1985296,22590,1833289,48,14,,,,,,,false,
7425,starexec,SYO605+1.p,e1b,subsumption-light,REFUTED,4,2395.103,9762.017,341.547,8824.440,2245,21259,1146,14527,48,14,870,998970,1914,2212,5,false,false,
7425,starexec,SYO605+1.p,e1b,unary-redundancy,TIMEOUT,4,1630.922,165069.629,,,6729,255523,6247,235039,48,14,,,,,,,false,
7425,starexec,SYO605+1.p,e1b,weight-greedy,TIMEOUT,4,1388.893,164111.925,,,30666,523201,22130,404701,48,14,,,,,,,false,
7425,starexec,TOP020+1.p,e1b,age-fair,TIMEOUT,8,1500.650,164045.262,,,47199,301947,46709,252392,27,11,,,,,,,false,
7425,starexec,TOP020+1.p,e1b,balanced,TIMEOUT,8,705.401,164914.990,,,51942,453418,50865,387373,27,11,,,,,,,false,
7425,starexec,TOP020+1.p,e1b,equational,TIMEOUT,8,1357.523,164044.908,,,32246,329713,31321,285121,27,11,,,,,,,false,
7425,starexec,TOP020+1.p,e1b,first-negative,TIMEOUT,8,1714.945,163858.828,,,13797,4693680,13794,4669594,27,11,,,,,,,false,
7425,starexec,TOP020+1.p,e1b,occurrence,TIMEOUT,8,1539.548,164094.811,,,23148,155508,22792,124095,27,11,,,,,,,false,
7425,starexec,TOP020+1.p,e1b,subsumption-light,TIMEOUT,8,1324.842,164160.734,,,27426,287670,26831,248339,27,11,,,,,,,false,
7425,starexec,TOP020+1.p,e1b,unary-redundancy,TIMEOUT,8,1531.110,164354.350,,,19434,217323,18944,189887,27,11,,,,,,,false,
7425,starexec,TOP020+1.p,e1b,weight-greedy,TIMEOUT,8,1318.462,164030.485,,,9199,5481363,8804,5440697,27,11,,,,,,,false,
7425,starexec,TOP029+1.p,e1b,age-fair,TIMEOUT,108,2791.354,163257.428,,,30434,454326,28153,383609,306,48,,,,,,,false,
7425,starexec,TOP029+1.p,e1b,balanced,TIMEOUT,108,1037.170,164632.615,,,36534,905435,34471,794878,306,48,,,,,,,false,
7425,starexec,TOP029+1.p,e1b,equational,TIMEOUT,108,2034.793,163429.493,,,26288,616472,25061,541762,306,48,,,,,,,false,
7425,starexec,TOP029+1.p,e1b,first-negative,TIMEOUT,108,2012.431,163783.577,,,37852,296501,32178,234888,306,48,,,,,,,false,
7425,starexec,TOP029+1.p,e1b,occurrence,TIMEOUT,108,2806.454,163282.711,,,21981,565484,21037,470858,306,48,,,,,,,false,
7425,starexec,TOP029+1.p,e1b,subsumption-light,TIMEOUT,108,1976.800,163680.033,,,20525,337919,19563,298169,306,48,,,,,,,false,
7425,starexec,TOP029+1.p,e1b,unary-redundancy,TIMEOUT,108,2777.866,163378.214,,,19180,358586,18392,321943,306,48,,,,,,,false,
7425,starexec,TOP029+1.p,e1b,weight-greedy,REFUTED,108,4566.561,9159.814,256.872,38616.829,5224,36455,4749,24741,306,48,2327,2789731,7071,3131,109,false,false,
7425,starexec,TOP046+3.p,e1b,age-fair,HARD_TIMEOUT,18710,0.000,,,,,,,,,,,,,,,,false,
7425,starexec,TOP046+3.p,e1b,balanced,HARD_TIMEOUT,18710,0.000,,,,,,,,,,,,,,,,false,
7425,starexec,TOP046+3.p,e1b,equational,HARD_TIMEOUT,18710,0.000,,,,,,,,,,,,,,,,false,
7425,starexec,TOP046+3.p,e1b,first-negative,HARD_TIMEOUT,18710,0.000,,,,,,,,,,,,,,,,false,
7425,starexec,TOP046+3.p,e1b,occurrence,HARD_TIMEOUT,18710,0.000,,,,,,,,,,,,,,,,false,
7425,starexec,TOP046+3.p,e1b,subsumption-light,KILLED,,0.000,,,,,,,,,,,,,,,,false,killed before finishing
7425,starexec,TOP046+3.p,e1b,unary-redundancy,HARD_TIMEOUT,18710,0.000,,,,,,,,,,,,,,,,false,
7425,starexec,TOP046+3.p,e1b,weight-greedy,HARD_TIMEOUT,18710,0.000,,,,,,,,,,,,,,,,false,
