job,dataset,problem,config,strategy,verdict,hypotheses,clausify_ms,search_ms,reconstruct_ms,check_ms,given,derived,peak_active,peak_passive,clauses,fresh_symbols,proof_steps,raw_size,shared_size,max_sequent,imports,uses_sorry,contaminated,detail
7426,starexec,AGT007+2.p,e3-time_baseline,balanced,TIMEOUT,922,723.489,164736.582,,,31991,220982,31856,180395,1022,13,,,,,,,false,
7426,starexec,AGT022+1.p,e3-time_baseline,balanced,TIMEOUT,555,664.018,164760.281,,,35286,174996,30742,128930,655,13,,,,,,,false,
7426,starexec,ALG040+1.p,e3-time_baseline,balanced,REFUTED,4,421.413,1176.039,68.485,430.682,928,7216,919,6132,12,2,219,40643,602,388,5,false,false,
7426,starexec,ALG213+1.p,e3-time_baseline,balanced,TIMEOUT,4,340.256,165539.222,,,1116,9543733,1028,9537537,5,5,,,,,,,false,
7426,starexec,BIO006+1.p,e3-time_baseline,balanced,PARSE_ERR,,0.000,,,,,,,,,,,,,,,,false,StackOverflowError
7426,starexec,COM008+1.p,e3-time_baseline,balanced,TIMEOUT,10,370.682,165459.258,,,15908,9513031,15637,9489563,15,3,,,,,,,false,
7426,starexec,COM008+2.p,e3-time_baseline,balanced,TIMEOUT,8,337.074,165202.969,,,16216,6553489,15035,6522657,13,3,,,,,,,false,
7426,starexec,COM131+1.p,e3-time_baseline,balanced,TIMEOUT,59,969.852,165377.908,,,18053,8216792,17454,8187578,157,95,,,,,,,false,
7426,starexec,COM136+1.p,e3-time_baseline,balanced,REFUTED,56,3426.145,1043.930,92.951,29210.605,544,2432,452,1719,152,94,2939,13637390,17792,9820,57,false,false,
7426,starexec,COM139+1.p,e3-time_baseline,balanced,TIMEOUT,55,1298.564,165075.430,,,6806,10331701,6171,10313781,152,94,,,,,,,false,
7426,starexec,CSR005+2.p,e3-time_baseline,balanced,TIMEOUT,55,591.978,165034.949,,,40922,8813609,38138,8702323,120,18,,,,,,,false,
7426,starexec,CSR021+1.p,e3-time_baseline,balanced,REFUTED,47,1231.080,2186.445,72.999,5287.381,1183,25392,1156,21337,137,21,1040,664001,4515,1464,48,false,false,
7426,starexec,CSR022+1.p,e3-time_baseline,balanced,REFUTED,47,760.268,1245.893,46.814,3323.066,1182,24945,1163,21033,137,21,1037,662932,4511,1464,48,false,false,
7426,starexec,CSR025+5.p,e3-time_baseline,balanced,HARD_TIMEOUT,540249,0.000,,,,,,,,,,,,,,,,false,
7426,starexec,CSR030+3.p,e3-time_baseline,balanced,REFUTED,8005,2957.231,56335.733,152.119,5494.983,30323,85148,29204,44547,8007,0,44051,1238415,103763,89,8006,false,false,
7426,starexec,CSR033+3.p,e3-time_baseline,balanced,REFUTED,8005,2188.720,58633.793,157.008,5341.112,34396,182704,33748,134822,8007,0,44079,1339440,103767,89,8006,false,false,
7426,starexec,CSR036+5.p,e3-time_baseline,balanced,HARD_TIMEOUT,540249,0.000,,,,,,,,,,,,,,,,false,
7426,starexec,CSR038+4.p,e3-time_baseline,balanced,HARD_TIMEOUT,44216,0.000,,,,,,,,,,,,,,,,false,
7426,starexec,CSR042+3.p,e3-time_baseline,balanced,REFUTED,8005,3058.520,10396.775,180.070,5374.651,11322,20411,11258,8007,8007,0,44041,1238170,103750,89,8006,false,false,
7426,starexec,CSR044+3.p,e3-time_baseline,balanced,REFUTED,8005,3170.058,46529.958,135.110,5150.048,28869,83415,28433,44500,8007,0,44067,1439544,103800,89,8006,false,false,
7426,starexec,CSR045+3.p,e3-time_baseline,balanced,REFUTED,8005,2981.837,4238.873,145.797,5582.294,5306,11024,5302,8006,8006,0,44064,1004693,103756,89,8006,false,false,
7426,starexec,CSR048+3.p,e3-time_baseline,balanced,REFUTED,8005,2804.305,47095.365,84.668,3681.490,29094,83500,28899,44435,8007,0,44043,1238212,103749,89,8006,false,false,
7426,starexec,CSR050+5.p,e3-time_baseline,balanced,HARD_TIMEOUT,540249,0.000,,,,,,,,,,,,,,,,false,
7426,starexec,CSR052+3.p,e3-time_baseline,balanced,TIMEOUT,8005,2027.606,163963.667,,,53798,271910,49475,181820,8007,0,,,,,,,false,
7426,starexec,CSR054+3.p,e3-time_baseline,balanced,REFUTED,8005,3251.755,3813.338,153.552,5679.781,5183,10962,5179,8007,8007,0,44037,1438507,103741,89,8006,false,false,
7426,starexec,CSR056+3.p,e3-time_baseline,balanced,REFUTED,8005,3076.821,53472.764,141.550,5393.868,29056,83608,28551,44412,8007,0,44057,1238544,103754,89,8006,false,false,
7426,starexec,CSR058+3.p,e3-time_baseline,balanced,REFUTED,8005,3041.698,1335.593,142.375,5690.380,689,8015,689,8007,8007,0,44037,1438501,103742,89,8006,false,false,
7426,starexec,CSR066+5.p,e3-time_baseline,balanced,HARD_TIMEOUT,540249,0.000,,,,,,,,,,,,,,,,false,
7426,starexec,CSR067+3.p,e3-time_baseline,balanced,REFUTED,8005,3325.852,10044.595,180.827,5742.206,11314,20399,11250,8007,8007,0,44041,1238170,103750,89,8006,false,false,
7426,starexec,CSR113+13.p,e3-time_baseline,balanced,TIMEOUT,10188,2087.614,164138.291,,,57048,274593,57010,217498,10593,79,,,,,,,false,
7426,starexec,CSR113+30.p,e3-time_baseline,balanced,TIMEOUT,10188,2514.830,163654.187,,,58038,360071,58022,301988,10559,79,,,,,,,false,
7426,starexec,CSR113+4.p,e3-time_baseline,balanced,TIMEOUT,10188,2025.707,164092.266,,,53998,327747,53983,273710,10564,79,,,,,,,false,
7426,starexec,CSR114+8.p,e3-time_baseline,balanced,TIMEOUT,10188,2195.680,163956.901,,,50253,308539,50238,258241,10478,79,,,,,,,false,
7426,starexec,CSR115+8.p,e3-time_baseline,balanced,TIMEOUT,10188,2071.954,164003.428,,,58484,285987,58477,227487,10631,79,,,,,,,false,
7426,starexec,CSR116+10.p,e3-time_baseline,balanced,TIMEOUT,10188,2150.905,163953.315,,,54052,334640,54040,280576,10739,79,,,,,,,false,
7426,starexec,CSR116+13.p,e3-time_baseline,balanced,REFUTED,10188,22489.524,17305.165,211.388,88448.425,13701,107063,13541,93354,10594,79,53838,134029576,54000,6739,10189,false,false,
7426,starexec,CSR116+19.p,e3-time_baseline,balanced,REFUTED,10188,28943.908,22449.864,176.656,85640.465,17855,144362,16353,126485,10671,79,53915,134412551,54325,7335,10189,false,false,
7426,starexec,CSR116+3.p,e3-time_baseline,balanced,TIMEOUT,10188,2093.678,163944.803,,,56649,277457,56541,220713,10689,79,,,,,,,false,
7426,starexec,CSR116+38.p,e3-time_baseline,balanced,TIMEOUT,10188,2131.097,163923.129,,,54093,335910,54090,281794,10654,79,,,,,,,false,
7426,starexec,CSR116+8.p,e3-time_baseline,balanced,TIMEOUT,10188,2213.599,163725.578,,,56593,285321,56578,228709,10748,79,,,,,,,false,
7426,starexec,CSR117+1.p,e3-time_baseline,balanced,REFUTED,268,897.329,1214.422,93.176,1773.664,856,1354,843,624,270,17,1632,440427,2138,563,269,false,false,
7426,starexec,CSR208+1.p,e3-time_baseline,balanced,HARD_TIMEOUT,7432,0.000,,,,,,,,,,,,,,,,false,
7426,starexec,GEO085+1.p,e3-time_baseline,balanced,REFUTED,16,817.065,318.036,53.642,1777.810,65,126,61,58,56,17,684,329282,2900,1406,17,false,false,
7426,starexec,GEO087+1.p,e3-time_baseline,balanced,REFUTED,16,806.489,411.286,49.427,1972.620,105,245,102,124,56,19,691,336523,2894,1417,17,false,false,
7426,starexec,GEO089+1.p,e3-time_baseline,balanced,TIMEOUT,16,571.277,165235.086,,,19419,12528672,18800,12480454,57,19,,,,,,,false,
7426,starexec,GEO093+1.p,e3-time_baseline,balanced,REFUTED,16,1199.051,4638.153,97.310,2898.966,1363,97552,1327,95198,59,20,771,465317,3094,1585,17,false,false,
7426,starexec,GEO095+1.p,e3-time_baseline,balanced,TIMEOUT,16,605.384,165262.889,,,16244,12377974,13663,12313110,57,19,,,,,,,false,
7426,starexec,GEO111+1.p,e3-time_baseline,balanced,REFUTED,17,820.920,3193.513,52.574,1771.807,1274,122284,1234,120014,64,22,827,594367,3583,1819,18,false,false,
7426,starexec,GEO117+1.p,e3-time_baseline,balanced,REFUTED,27,1277.167,1177.656,44.466,5163.542,575,6687,474,5847,113,34,1255,1095974,5908,2245,28,false,false,
7426,starexec,GEO138+1.p,e3-time_baseline,balanced,TIMEOUT,27,719.700,165173.875,,,18521,13070206,17959,13030996,116,36,,,,,,,false,
7426,starexec,GEO260+1.p,e3-time_baseline,balanced,REFUTED,31,733.203,20891.979,101.759,1618.561,5401,1886051,4611,1873779,70,7,804,325407,2515,864,32,false,false,
7426,starexec,GEO274+1.p,e3-time_baseline,balanced,TIMEOUT,116,1747.864,164723.830,,,34088,2121069,34023,2079228,265,57,,,,,,,false,
7426,starexec,GEO277+1.p,e3-time_baseline,balanced,TIMEOUT,126,1765.654,164708.697,,,43547,863910,37975,807990,279,57,,,,,,,false,
7426,starexec,GEO282+1.p,e3-time_baseline,balanced,REFUTED,123,3171.960,1610.112,84.077,21507.234,1106,2528,1077,1358,284,55,4834,7157468,36079,13064,124,false,false,
7426,starexec,GEO285+1.p,e3-time_baseline,balanced,REFUTED,132,3485.536,2601.053,108.043,25619.986,1876,8354,1740,6314,298,56,4839,7395831,36348,13064,133,false,false,
7426,starexec,GEO298+1.p,e3-time_baseline,balanced,TIMEOUT,157,1819.203,164552.050,,,33873,2346474,33429,2300963,321,63,,,,,,,false,
7426,starexec,GEO306+1.p,e3-time_baseline,balanced,TIMEOUT,126,1672.572,164651.718,,,38518,1111976,38038,1061661,289,60,,,,,,,false,
7426,starexec,GEO307+1.p,e3-time_baseline,balanced,TIMEOUT,145,1714.509,164599.206,,,34387,1665539,34290,1619506,308,60,,,,,,,false,
7426,starexec,GEO308+1.p,e3-time_baseline,balanced,TIMEOUT,146,1746.979,164596.507,,,37853,1150751,37311,1102060,309,60,,,,,,,false,
7426,starexec,GEO310+1.p,e3-time_baseline,balanced,TIMEOUT,148,1518.579,164522.254,,,37659,1801446,37309,1749411,311,60,,,,,,,false,
7426,starexec,GEO321+1.p,e3-time_baseline,balanced,TIMEOUT,177,1638.823,164631.159,,,50780,1856963,48829,1791659,340,60,,,,,,,false,
7426,starexec,GEO323+1.p,e3-time_baseline,balanced,TIMEOUT,179,1755.054,164691.729,,,39686,2517737,38520,2464042,342,60,,,,,,,false,
7426,starexec,GEO328+1.p,e3-time_baseline,balanced,TIMEOUT,185,1646.289,164649.950,,,47694,809827,46948,748446,348,60,,,,,,,false,
7426,starexec,GEO330+1.p,e3-time_baseline,balanced,TIMEOUT,187,1648.373,164664.807,,,37160,3568648,35651,3518709,350,60,,,,,,,false,
7426,starexec,GEO331+1.p,e3-time_baseline,balanced,REFUTED,125,4497.161,2471.795,151.817,30188.402,1023,3609,987,2556,279,60,5297,7952486,40539,13064,126,false,false,
7426,starexec,GEO337+1.p,e3-time_baseline,balanced,TIMEOUT,129,1890.423,164599.677,,,39784,895297,39263,842081,283,60,,,,,,,false,
7426,starexec,GEO343+1.p,e3-time_baseline,balanced,TIMEOUT,124,1171.970,165134.241,,,46908,1554051,46761,1494083,292,61,,,,,,,false,
7426,starexec,GEO349+1.p,e3-time_baseline,balanced,TIMEOUT,130,1729.299,164658.206,,,44856,928762,44105,870142,302,66,,,,,,,false,
7426,starexec,GEO351+1.p,e3-time_baseline,balanced,TIMEOUT,136,1812.407,164171.315,,,37265,884163,36603,835285,311,69,,,,,,,false,
7426,starexec,GEO480+1.p,e3-time_baseline,balanced,HARD_TIMEOUT,3634,0.000,,,,,,,,,,,,,,,,false,
7426,starexec,GEO491+1.p,e3-time_baseline,balanced,TIMEOUT,44,541.318,166819.129,,,24488,8291089,23353,8241261,75,6,,,,,,,false,
7426,starexec,GEO494+1.p,e3-time_baseline,balanced,REFUTED,66,597.626,27138.895,61.778,945.004,10342,2779074,9691,2758188,101,6,1011,264698,7237,675,67,false,false,
7426,starexec,GEO498+1.p,e3-time_baseline,balanced,REFUTED,109,981.510,390.688,67.267,1288.922,75,267,72,182,162,4,1331,237862,10578,618,110,false,false,
7426,starexec,GEO501+1.p,e3-time_baseline,balanced,TIMEOUT,122,728.937,168263.306,,,30197,14785865,28216,14719835,179,5,,,,,,,false,
7426,starexec,GEO504+1.p,e3-time_baseline,balanced,REFUTED,130,986.282,1552.020,92.740,1527.638,716,12977,677,11709,191,3,1625,217857,12823,791,131,false,false,
7426,starexec,GEO513+1.p,e3-time_baseline,balanced,TIMEOUT,172,1258.787,164610.112,,,29734,9190762,26601,9129192,265,5,,,,,,,false,
7426,starexec,GEO514+1.p,e3-time_baseline,balanced,TIMEOUT,173,940.467,164677.621,,,28742,11637976,26971,11574732,264,4,,,,,,,false,
7426,starexec,GEO517+1.p,e3-time_baseline,balanced,TIMEOUT,180,1040.405,164691.438,,,35331,9011327,34301,8937505,277,8,,,,,,,false,
7426,starexec,GEO520+1.p,e3-time_baseline,balanced,TIMEOUT,193,1010.429,164620.182,,,27417,8797877,26512,8745195,287,5,,,,,,,false,
7426,starexec,GEO523+1.p,e3-time_baseline,balanced,REFUTED,200,1293.338,156195.888,78.405,2002.437,23731,10174382,19220,10130402,294,4,2469,487025,22063,983,201,false,false,
7426,starexec,GEO526+1.p,e3-time_baseline,balanced,TIMEOUT,209,1031.525,164641.933,,,28883,8984643,27600,8922009,307,5,,,,,,,false,
7426,starexec,GEO528+1.p,e3-time_baseline,balanced,REFUTED,212,1429.116,48495.576,126.757,1952.755,12805,2694880,12042,2660253,307,4,2727,599856,23275,983,213,false,false,
7426,starexec,GEO535+1.p,e3-time_baseline,balanced,TIMEOUT,227,1061.156,164694.797,,,31509,12262259,29795,12195355,335,6,,,,,,,false,
7426,starexec,GRA005+1.p,e3-time_baseline,balanced,REFUTED,17,816.258,352.770,58.571,2718.759,94,140,93,78,83,21,844,566297,3819,2303,18,false,false,
7426,starexec,GRA008+1.p,e3-time_baseline,balanced,TIMEOUT,17,630.795,165133.527,,,61285,5532314,59411,5415202,83,20,,,,,,,false,
7426,starexec,GRP652+2.p,e3-time_baseline,balanced,HARD_TIMEOUT,5675,0.000,,,,,,,,,,,,,,,,false,
7426,starexec,GRP654+1.p,e3-time_baseline,balanced,TIMEOUT,5,267.644,166214.898,,,491,2030098,370,2026652,6,1,,,,,,,false,
7426,starexec,GRP655+3.p,e3-time_baseline,balanced,TIMEOUT,5,290.643,167046.728,,,1090,3323954,742,3320402,6,2,,,,,,,false,
7426,starexec,GRP748+1.p,e3-time_baseline,balanced,TIMEOUT,11,402.122,165233.032,,,1603,5588910,1244,5583594,15,12,,,,,,,false,
7426,starexec,HWV051+1.p,e3-time_baseline,balanced,TIMEOUT,724,1011.738,164698.787,,,83080,446808,80044,308000,919,5,,,,,,,false,
7426,starexec,ITP002+2.p,e3-time_baseline,balanced,TIMEOUT,33,604.528,164999.191,,,25525,1124505,25395,1098627,58,9,,,,,,,false,
7426,starexec,ITP004+1.p,e3-time_baseline,balanced,TIMEOUT,30,501.221,167540.959,,,3341,10366690,3205,10347808,56,6,,,,,,,false,
7426,starexec,ITP004+4.p,e3-time_baseline,balanced,HARD_TIMEOUT,3173,0.000,,,,,,,,,,,,,,,,false,
7426,starexec,ITP006+2.p,e3-time_baseline,balanced,TIMEOUT,51,880.687,165007.211,,,27870,13724058,21775,13671073,243,40,,,,,,,false,
7426,starexec,ITP006+4.p,e3-time_baseline,balanced,HARD_TIMEOUT,5652,0.000,,,,,,,,,,,,,,,,false,
7426,starexec,ITP009+2.p,e3-time_baseline,balanced,TIMEOUT,36,644.511,165238.319,,,26836,2346983,26674,2313991,99,18,,,,,,,false,
7426,starexec,ITP012+4.p,e3-time_baseline,balanced,HARD_TIMEOUT,14071,0.000,,,,,,,,,,,,,,,,false,
7426,starexec,ITP012+5.p,e3-time_baseline,balanced,HARD_TIMEOUT,10256,0.000,,,,,,,,,,,,,,,,false,
7426,starexec,ITP013+1.p,e3-time_baseline,balanced,TIMEOUT,45,607.991,164885.871,,,1328,4098116,1289,4092446,108,8,,,,,,,false,
7426,starexec,ITP018+5.p,e3-time_baseline,balanced,HARD_TIMEOUT,16278,0.000,,,,,,,,,,,,,,,,false,
7426,starexec,ITP020+2.p,e3-time_baseline,balanced,REFUTED,62,2032.173,6604.206,78.568,35097.456,3368,109907,2963,103309,293,55,2558,2950700,10988,2968,63,false,false,
7426,starexec,ITP020+4.p,e3-time_baseline,balanced,HARD_TIMEOUT,25152,0.000,,,,,,,,,,,,,,,,false,
7426,starexec,ITP023+2.p,e3-time_baseline,balanced,TIMEOUT,58,701.843,164964.743,,,40756,7364408,36864,7295426,239,27,,,,,,,false,
7426,starexec,KLE100+1.p,e3-time_baseline,balanced,TIMEOUT,26,362.060,165336.591,,,3579,11062592,2929,11038522,29,3,,,,,,,false,
7426,starexec,KLE169+1.p,e3-time_baseline,balanced,TIMEOUT,17,317.288,165174.108,,,2746,11952075,2629,11919903,19,0,,,,,,,false,
7426,starexec,KLE170+1.002.p,e3-time_baseline,balanced,TIMEOUT,16,320.112,165310.101,,,2405,12517698,2289,12493288,18,0,,,,,,,false,
7426,starexec,KRS187+1.p,e3-time_baseline,balanced,REFUTED,32,1786.006,66391.950,41.577,10894.439,13223,9897406,12009,9861216,129,74,2138,2391295,6027,2717,33,false,false,
7426,starexec,KRS190+1.p,e3-time_baseline,balanced,REFUTED,32,1827.140,71995.498,38.025,12603.409,12523,9368628,11333,9333644,129,74,2138,2391295,6027,2717,33,false,false,
7426,starexec,KRS192+1.p,e3-time_baseline,balanced,TIMEOUT,32,793.118,165069.218,,,25093,24053827,23283,23977759,129,74,,,,,,,false,
7426,starexec,KRS195+1.p,e3-time_baseline,balanced,REFUTED,32,1439.832,78876.668,42.389,7186.030,13657,10307985,12426,10270949,129,74,2138,2391295,6028,2717,33,false,false,
7426,starexec,KRS196+1.p,e3-time_baseline,balanced,REFUTED,32,1711.335,71523.508,36.818,13064.419,12685,9450237,11494,9415041,129,74,2138,2391295,6026,2717,33,false,false,
7426,starexec,KRS216+1.p,e3-time_baseline,balanced,REFUTED,32,5527.435,100333.405,57.263,11115.719,16681,14203066,15062,14155664,129,74,2227,2590026,6129,2717,33,false,false,
7426,starexec,KRS233+1.p,e3-time_baseline,balanced,HARD_TIMEOUT,32,0.000,,,,,,,,,,,,,,,,false,
7426,starexec,KRS234+1.p,e3-time_baseline,balanced,REFUTED,32,1725.609,48903.495,52.554,11932.686,10635,8184479,9808,8153028,129,74,2165,2451610,6054,2717,33,false,false,
7426,starexec,KRS251+1.p,e3-time_baseline,balanced,HARD_TIMEOUT,32,0.000,,,,,,,,,,,,,,,,false,
7426,starexec,KRS261+1.p,e3-time_baseline,balanced,TIMEOUT,32,854.899,164974.904,,,22729,22174785,20752,22113691,129,74,,,,,,,false,
7426,starexec,KRS262+1.p,e3-time_baseline,balanced,REFUTED,32,1633.230,8496.985,37.008,10145.905,2888,959144,2844,952758,129,74,2143,2402369,6026,2717,33,false,false,
7426,starexec,LAT258+1.p,e3-time_baseline,balanced,TIMEOUT,17,339.659,165117.363,,,32193,18805658,29735,18692178,23,1,,,,,,,false,
7426,starexec,LAT287+3.p,e3-time_baseline,balanced,HARD_TIMEOUT,12371,0.000,,,,,,,,,,,,,,,,false,
7426,starexec,LAT303+4.p,e3-time_baseline,balanced,HARD_TIMEOUT,34684,0.000,,,,,,,,,,,,,,,,false,
7426,starexec,LAT305+3.p,e3-time_baseline,balanced,HARD_TIMEOUT,13616,0.000,,,,,,,,,,,,,,,,false,
7426,starexec,LAT351+3.p,e3-time_baseline,balanced,HARD_TIMEOUT,17808,0.000,,,,,,,,,,,,,,,,false,
7426,starexec,LCL062+2.p,e3-time_baseline,balanced,TIMEOUT,2,289.828,165235.510,,,11437,11482011,10656,11405155,3,0,,,,,,,false,
7426,starexec,LCL073+1.p,e3-time_baseline,balanced,TIMEOUT,2,196.151,165458.269,,,10596,21543239,9716,21176212,3,3,,,,,,,false,
7426,starexec,LCL109+1.p,e3-time_baseline,balanced,HARD_TIMEOUT,5,0.000,,,,,,,,,,,,,,,,false,
7426,starexec,LCL368+1.p,e3-time_baseline,balanced,REFUTED,4,306.165,19536.576,80.076,166.400,3993,1560678,3726,1549562,5,0,164,9316,420,103,5,false,false,
7426,starexec,LCL368+2.p,e3-time_baseline,balanced,REFUTED,2,365.926,106357.756,93.806,212.936,8841,7431462,8103,7370188,3,0,127,15446,1067,971,3,false,false,
7426,starexec,LCL369+1.p,e3-time_baseline,balanced,TIMEOUT,4,233.455,166054.839,,,12352,12614301,11606,12574825,5,0,,,,,,,false,
7426,starexec,LCL369+2.p,e3-time_baseline,balanced,TIMEOUT,2,279.366,165180.001,,,11765,11723200,10807,11644808,3,0,,,,,,,false,
7426,starexec,LCL370+1.p,e3-time_baseline,balanced,REFUTED,4,327.629,132763.795,99.171,173.446,10963,9832315,10585,9798171,5,0,228,11265,534,91,5,false,false,
7426,starexec,LCL372+2.p,e3-time_baseline,balanced,TIMEOUT,2,277.650,165187.943,,,11252,11370534,10326,11286508,3,0,,,,,,,false,
7426,starexec,LCL373+2.p,e3-time_baseline,balanced,TIMEOUT,2,280.308,165925.549,,,11215,11388150,10329,11304088,3,0,,,,,,,false,
7426,starexec,LCL374+1.p,e3-time_baseline,balanced,REFUTED,4,332.419,155182.775,113.330,196.666,12444,12827939,11707,12788455,5,0,243,14134,564,103,5,false,false,
7426,starexec,LCL375+1.p,e3-time_baseline,balanced,TIMEOUT,4,239.591,165269.980,,,12657,13481479,12050,13440795,5,0,,,,,,,false,
7426,starexec,LCL382+1.p,e3-time_baseline,balanced,REFUTED,4,331.852,115629.958,98.140,187.859,11009,9924925,10644,9890761,5,0,198,9699,485,92,5,false,false,
7426,starexec,LCL382+2.p,e3-time_baseline,balanced,TIMEOUT,2,286.894,165232.810,,,11143,11314876,10394,11230590,3,0,,,,,,,false,
7426,starexec,LCL383+1.p,e3-time_baseline,balanced,REFUTED,4,299.852,147056.393,71.258,118.464,11767,11391418,11305,11354234,5,0,218,12624,515,103,5,false,false,
7426,starexec,LCL390+2.p,e3-time_baseline,balanced,TIMEOUT,2,278.374,165241.939,,,11432,11686025,10500,11601291,3,0,,,,,,,false,
7426,starexec,LCL391+2.p,e3-time_baseline,balanced,TIMEOUT,2,277.100,165236.189,,,11328,11585605,10584,11500877,3,0,,,,,,,false,
7426,starexec,LCL392+2.p,e3-time_baseline,balanced,TIMEOUT,2,337.541,165118.149,,,11421,11599818,10483,11515322,3,0,,,,,,,false,
7426,starexec,LCL393+1.p,e3-time_baseline,balanced,TIMEOUT,4,217.096,165267.062,,,12242,12589536,11768,12551078,5,0,,,,,,,false,
7426,starexec,LCL393+2.p,e3-time_baseline,balanced,TIMEOUT,2,257.058,165272.547,,,11566,11431302,10593,11353672,3,0,,,,,,,false,
7426,starexec,LCL395+1.p,e3-time_baseline,balanced,TIMEOUT,4,204.211,165383.212,,,13063,13667495,12492,13625185,5,0,,,,,,,false,
7426,starexec,LCL395+2.p,e3-time_baseline,balanced,TIMEOUT,2,257.289,165288.950,,,11675,11718088,10806,11639584,3,0,,,,,,,false,
7426,starexec,LCL484+1.p,e3-time_baseline,balanced,REFUTED,44,1194.722,467.279,46.009,5420.654,119,264,108,138,74,55,1400,1190894,2945,1818,45,false,false,
7426,starexec,LCL556+1.p,e3-time_baseline,balanced,TIMEOUT,76,748.764,165049.285,,,27787,13597825,22141,13516457,135,94,,,,,,,false,
7426,starexec,LCL638+1.020.p,e3-time_baseline,balanced,HARD_TIMEOUT,0,0.000,,,,,,,,,,,,,,,,false,
7426,starexec,LCL646+1.010.p,e3-time_baseline,balanced,HARD_TIMEOUT,0,0.000,,,,,,,,,,,,,,,,false,
7426,starexec,LCL646+1.015.p,e3-time_baseline,balanced,HARD_TIMEOUT,0,0.000,,,,,,,,,,,,,,,,false,
7426,starexec,LCL648+1.010.p,e3-time_baseline,balanced,HARD_TIMEOUT,0,0.000,,,,,,,,,,,,,,,,false,
7426,starexec,LCL650+1.010.p,e3-time_baseline,balanced,TIMEOUT,0,1199.126,165310.578,,,7071,119017,6964,111899,220,126,,,,,,,false,
7426,starexec,LCL652+1.010.p,e3-time_baseline,balanced,TIMEOUT,0,1628.807,164999.046,,,97047,9753951,92506,9647998,181,110,,,,,,,false,
7426,starexec,LCL662+1.020.p,e3-time_baseline,balanced,HARD_TIMEOUT,1,0.000,,,,,,,,,,,,,,,,false,
7426,starexec,LCL664+1.010.p,e3-time_baseline,balanced,TIMEOUT,1,4128.832,164673.282,,,68139,15678352,36177,15588889,295,146,,,,,,,false,
7426,starexec,LCL666+1.010.p,e3-time_baseline,balanced,HARD_TIMEOUT,1,0.000,,,,,,,,,,,,,,,,false,
7426,starexec,LCL688+1.001.p,e3-time_baseline,balanced,REFUTED,2,783.317,12572.245,46.029,2040.105,11460,503738,10834,480244,28,16,537,512586,1711,5041,3,false,false,
7426,starexec,LCL688+1.015.p,e3-time_baseline,balanced,TIMEOUT,2,2277.581,164717.448,,,35147,26439604,25988,26380860,294,184,,,,,,,false,
7426,starexec,LCL891+1.p,e3-time_baseline,balanced,TIMEOUT,12,339.026,165771.732,,,2239,9036106,2061,9027470,16,3,,,,,,,false,
7426,starexec,LCL898+1.p,e3-time_baseline,balanced,TIMEOUT,14,408.396,167308.077,,,6484,13855602,6240,13826034,16,2,,,,,,,false,
7426,starexec,LCL901+1.p,e3-time_baseline,balanced,REFUTED,14,379.075,112264.273,54.116,204.477,2349,10470272,2227,10444321,16,1,297,18039,750,211,15,false,false,
7426,starexec,LCL978+1.p,e3-time_baseline,balanced,TIMEOUT,2,280.761,165257.496,,,8495,14912943,7900,14831357,3,3,,,,,,,false,
7426,starexec,LCL979+1.p,e3-time_baseline,balanced,TIMEOUT,2,302.521,165222.242,,,5957,4246584,4477,4208226,3,3,,,,,,,false,
7426,starexec,LCL982+1.p,e3-time_baseline,balanced,REFUTED,2,404.911,226.109,50.514,312.532,24,67,23,41,3,3,108,16086,409,273,3,false,false,
7426,starexec,LCL983+1.p,e3-time_baseline,balanced,TIMEOUT,2,314.394,165227.394,,,8879,13954800,8397,13739684,3,3,,,,,,,false,
7426,starexec,MGT005+1.p,e3-time_baseline,balanced,REFUTED,10,1001.490,6015.075,112.643,3569.710,2913,73226,2638,64813,29,13,504,1045080,3189,5235,11,false,false,
7426,starexec,MGT035+2.p,e3-time_baseline,balanced,TIMEOUT,19,405.790,165175.070,,,19243,13527318,18731,13492746,43,5,,,,,,,false,
7426,starexec,MGT067+1.p,e3-time_baseline,balanced,REFUTED,157,934.680,703.793,47.608,1262.570,778,1201,754,391,177,3,1294,364246,8387,680,158,false,false,
7426,starexec,MGT068+1.p,e3-time_baseline,balanced,REFUTED,59,758.617,6223.421,97.413,805.625,1654,410471,1626,404847,85,4,751,151705,3348,459,60,false,false,
7426,starexec,MGT076+1.p,e3-time_baseline,balanced,REFUTED,34,592.003,310.240,34.431,675.914,54,110,46,54,54,4,422,60214,1887,383,35,false,false,
7426,starexec,MGT077+1.p,e3-time_baseline,balanced,REFUTED,44,643.793,330.986,32.907,811.359,72,190,70,110,64,4,475,76399,2032,414,45,false,false,
7426,starexec,MGT078+1.p,e3-time_baseline,balanced,REFUTED,56,420.533,313.738,27.848,561.384,180,644,180,430,80,6,539,140184,2018,619,57,false,false,
7426,starexec,MGT079+1.p,e3-time_baseline,balanced,REFUTED,56,636.805,515.120,63.093,791.706,167,617,149,413,77,3,536,89966,2014,413,57,false,false,
7426,starexec,MGT080+1.p,e3-time_baseline,balanced,REFUTED,73,681.222,605.182,55.807,1041.586,276,1389,255,1033,99,7,643,233460,2115,881,74,false,false,
7426,starexec,MGT082+1.p,e3-time_baseline,balanced,REFUTED,56,613.760,472.501,45.062,874.374,180,776,171,546,80,6,568,152809,2033,635,57,false,false,
7426,starexec,MGT085+1.p,e3-time_baseline,balanced,REFUTED,43,699.068,15640.512,80.752,981.263,2786,1572607,2771,1552812,65,6,524,142865,2023,619,44,false,false,
7426,starexec,MGT086+1.p,e3-time_baseline,balanced,REFUTED,43,593.060,361.861,43.281,632.016,78,195,67,112,63,3,472,78452,1975,410,44,false,false,
7426,starexec,MGT088+1.p,e3-time_baseline,balanced,REFUTED,39,575.723,320.505,27.586,693.974,49,128,49,79,59,4,447,65338,1989,393,40,false,false,
7426,starexec,MGT090+1.p,e3-time_baseline,balanced,REFUTED,59,631.286,375.480,45.929,853.811,103,174,98,90,90,3,581,71034,2646,354,60,false,false,
7426,starexec,MGT091+1.p,e3-time_baseline,balanced,REFUTED,46,665.015,1065.344,44.588,875.588,381,9431,380,8717,83,3,571,81016,3281,362,47,false,false,
7426,starexec,NLP147+1.p,e3-time_baseline,balanced,REFUTED,61,1097.255,411.355,62.761,3573.645,224,251,223,94,94,12,1021,1237420,3831,15197,62,false,false,
7426,starexec,NLP260+1.p,e3-time_baseline,balanced,HARD_TIMEOUT,1026860,0.000,,,,,,,,,,,,,,,,false,
7426,starexec,NLP261+1.p,e3-time_baseline,balanced,HARD_TIMEOUT,1026860,0.000,,,,,,,,,,,,,,,,false,
7426,starexec,NLP262+1.p,e3-time_baseline,balanced,HARD_TIMEOUT,1026860,0.000,,,,,,,,,,,,,,,,false,
7426,starexec,NUM292+1.p,e3-time_baseline,balanced,REFUTED,401,707.241,162181.025,65.958,695.166,36244,109169,36242,72084,407,0,1446,52593,4581,303,402,false,false,
7426,starexec,NUM321+1.p,e3-time_baseline,balanced,TIMEOUT,401,537.072,164784.734,,,37488,110708,37486,72355,407,0,,,,,,,false,
7426,starexec,NUM335+1.p,e3-time_baseline,balanced,TIMEOUT,401,645.171,164730.506,,,36781,109925,36779,72295,408,1,,,,,,,false,
7426,starexec,NUM639+4.p,e3-time_baseline,balanced,TIMEOUT,316,1193.152,164508.770,,,23869,10733032,20583,10690980,532,29,,,,,,,false,
7426,starexec,NUM647+4.p,e3-time_baseline,balanced,TIMEOUT,346,1313.467,164626.553,,,23651,11497121,21394,11446311,586,29,,,,,,,false,
7426,starexec,NUM653+4.p,e3-time_baseline,balanced,TIMEOUT,393,1338.396,164610.413,,,29994,10438265,28440,10382773,673,29,,,,,,,false,
7426,starexec,NUM656+4.p,e3-time_baseline,balanced,TIMEOUT,402,1297.062,164565.517,,,26411,12027324,24929,11975266,691,29,,,,,,,false,
7426,starexec,NUM657+4.p,e3-time_baseline,balanced,TIMEOUT,405,805.871,165012.739,,,25180,11940179,23377,11889549,697,29,,,,,,,false,
7426,starexec,NUM658+4.p,e3-time_baseline,balanced,TIMEOUT,408,1270.122,167508.372,,,21345,13968545,19476,13928389,703,29,,,,,,,false,
7426,starexec,NUM663+4.p,e3-time_baseline,balanced,TIMEOUT,419,1348.169,164463.361,,,28795,12024175,26637,11973213,727,29,,,,,,,false,
7426,starexec,NUM664+4.p,e3-time_baseline,balanced,TIMEOUT,423,1341.223,164488.934,,,25092,13193126,23975,13146236,736,29,,,,,,,false,
7426,starexec,NUM669+4.p,e3-time_baseline,balanced,TIMEOUT,443,1300.693,164487.280,,,23623,11128208,22039,11081538,776,29,,,,,,,false,
7426,starexec,NUM671+4.p,e3-time_baseline,balanced,TIMEOUT,453,1298.893,164602.731,,,28321,12759145,26156,12705506,795,29,,,,,,,false,
7426,starexec,NUM689+4.p,e3-time_baseline,balanced,HARD_TIMEOUT,554,0.000,,,,,,,,,,,,,,,,false,
7426,starexec,NUM690+4.p,e3-time_baseline,balanced,TIMEOUT,559,1294.731,164427.127,,,30187,11863341,27882,11798283,1017,29,,,,,,,false,
7426,starexec,NUM691+4.p,e3-time_baseline,balanced,TIMEOUT,564,1363.801,164339.315,,,27471,12833027,26192,12782829,1028,29,,,,,,,false,
7426,starexec,NUM694+4.p,e3-time_baseline,balanced,TIMEOUT,572,1437.308,164431.111,,,30254,11275480,29365,11220110,1043,29,,,,,,,false,
7426,starexec,NUM695+4.p,e3-time_baseline,balanced,TIMEOUT,574,1496.336,164505.221,,,29354,10554539,27151,10487893,1046,29,,,,,,,false,
7426,starexec,NUM698+4.p,e3-time_baseline,balanced,TIMEOUT,585,1436.115,164343.413,,,28981,10975678,27263,10917504,1067,29,,,,,,,false,
7426,starexec,NUM707+4.p,e3-time_baseline,balanced,TIMEOUT,634,1448.321,166875.811,,,31092,10167817,29103,10102901,1149,29,,,,,,,false,
7426,starexec,NUM709+4.p,e3-time_baseline,balanced,TIMEOUT,639,2139.969,164373.749,,,30374,10839123,28803,10779359,1157,29,,,,,,,false,
7426,starexec,NUM743+4.p,e3-time_baseline,balanced,TIMEOUT,907,1758.817,164301.885,,,35976,9243682,35555,9191896,1679,33,,,,,,,false,
7426,starexec,NUM747+4.p,e3-time_baseline,balanced,TIMEOUT,943,1581.908,164458.249,,,31319,8922826,28148,8858056,1750,33,,,,,,,false,
7426,starexec,NUM750+4.p,e3-time_baseline,balanced,TIMEOUT,964,1760.598,164181.097,,,29665,9590642,29010,9545736,1788,33,,,,,,,false,
7426,starexec,NUM757+4.p,e3-time_baseline,balanced,TIMEOUT,1012,1719.028,165189.415,,,30902,12361417,29769,12307553,1888,33,,,,,,,false,
7426,starexec,NUM783+4.p,e3-time_baseline,balanced,TIMEOUT,1257,1616.162,163895.448,,,39831,7682630,39267,7624184,2380,33,,,,,,,false,
7426,starexec,NUM785+4.p,e3-time_baseline,balanced,TIMEOUT,1274,1813.855,164189.458,,,31086,8577008,30531,8516940,2413,33,,,,,,,false,
7426,starexec,NUM786+4.p,e3-time_baseline,balanced,HARD_TIMEOUT,1277,0.000,,,,,,,,,,,,,,,,false,
7426,starexec,NUM787+4.p,e3-time_baseline,balanced,TIMEOUT,1280,1838.674,164065.615,,,35330,8349345,33674,8274557,2425,33,,,,,,,false,
7426,starexec,NUM789+4.p,e3-time_baseline,balanced,TIMEOUT,1286,1237.728,164756.910,,,36853,8369287,36461,8315131,2437,33,,,,,,,false,
7426,starexec,NUM795+4.p,e3-time_baseline,balanced,TIMEOUT,1411,2018.742,164090.815,,,33455,9703232,32710,9652808,2687,33,,,,,,,false,
7426,starexec,NUM796+4.p,e3-time_baseline,balanced,TIMEOUT,1416,1934.819,164079.998,,,38387,7915368,37926,7850655,2698,33,,,,,,,false,
7426,starexec,NUM835+1.p,e3-time_baseline,balanced,REFUTED,38,522.287,291.158,33.693,615.123,32,125,28,85,49,4,527,72943,1620,572,39,false,false,
7426,starexec,NUM840+1.p,e3-time_baseline,balanced,REFUTED,38,647.541,5872.066,74.746,653.256,1654,191175,1630,187146,47,4,528,47048,1893,225,39,false,false,
7426,starexec,NUM853+2.p,e3-time_baseline,balanced,REFUTED,36,599.018,2457.881,68.656,690.456,764,33739,741,32257,41,4,520,45815,1785,225,37,false,false,
7426,starexec,NUM859+1.p,e3-time_baseline,balanced,TIMEOUT,13,418.183,165214.390,,,17927,22182689,16474,22134003,30,6,,,,,,,false,
7426,starexec,NUM860+1.p,e3-time_baseline,balanced,HARD_TIMEOUT,13,0.000,,,,,,,,,,,,,,,,false,
7426,starexec,NUN054+1.p,e3-time_baseline,balanced,REFUTED,18,959.644,882.639,60.112,1865.146,588,5218,577,4420,59,20,702,433768,2769,1111,19,false,false,
7426,starexec,NUN054+2.p,e3-time_baseline,balanced,REFUTED,11,812.250,395.165,68.947,1754.928,62,101,51,35,40,20,605,377804,2150,1111,12,false,false,
7426,starexec,NUN056+1.p,e3-time_baseline,balanced,TIMEOUT,18,561.660,165043.324,,,42956,13706032,40886,13593824,59,20,,,,,,,false,
7426,starexec,NUN057+1.p,e3-time_baseline,balanced,TIMEOUT,18,533.627,165131.748,,,44742,13451508,42638,13346372,59,20,,,,,,,false,
7426,starexec,NUN060+1.p,e3-time_baseline,balanced,REFUTED,18,845.670,272.539,43.229,1750.331,47,134,43,84,59,20,649,382620,2739,1121,19,false,false,
7426,starexec,NUN062+1.p,e3-time_baseline,balanced,REFUTED,18,885.896,347.064,49.940,1849.442,75,235,54,149,60,22,687,443593,2697,1167,19,false,false,
7426,starexec,NUN065+1.p,e3-time_baseline,balanced,REFUTED,18,1005.209,4214.637,62.655,2399.043,3459,162144,2660,152850,63,24,812,560120,2838,1221,19,false,false,
7426,starexec,NUN066+1.p,e3-time_baseline,balanced,REFUTED,18,977.494,3081.775,72.659,2411.342,2245,81820,1628,76698,64,25,827,610894,2915,1294,19,false,false,
7426,starexec,NUN075+1.p,e3-time_baseline,balanced,REFUTED,18,662.779,2121.338,98.272,1530.936,2118,48680,2052,45008,59,20,1010,785479,3693,1349,19,false,false,
7426,starexec,NUN076+1.p,e3-time_baseline,balanced,REFUTED,18,1072.566,471.876,57.223,1647.187,206,828,202,602,59,20,677,412202,2781,1123,19,false,false,
7426,starexec,NUN080+1.p,e3-time_baseline,balanced,REFUTED,18,813.336,262.108,30.165,1671.239,43,122,40,76,59,20,626,360297,2662,1099,19,false,false,
7426,starexec,NUN082+1.p,e3-time_baseline,balanced,REFUTED,18,822.015,2766.221,65.315,1836.503,2331,81236,2044,76419,59,20,729,453117,2786,1094,19,false,false,
7426,starexec,NUN085+1.p,e3-time_baseline,balanced,REFUTED,18,1008.782,23613.755,62.176,2049.498,12704,2284206,11901,2251011,64,25,800,603619,2804,1268,19,false,false,
7426,starexec,NUN086+1.p,e3-time_baseline,balanced,REFUTED,18,891.713,2790.682,76.016,1864.474,2345,69568,2067,64670,59,20,751,476106,2809,1100,19,false,false,
7426,starexec,PRD001+1.p,e3-time_baseline,balanced,TIMEOUT,1614,843.119,164451.689,,,56509,444941,47959,331087,1615,0,,,,,,,false,
7426,starexec,PRO011+1.p,e3-time_baseline,balanced,REFUTED,48,1164.472,710.851,66.617,1997.847,373,1562,323,1054,95,23,1077,745091,4798,1681,49,false,false,
7426,starexec,PUZ129+2.p,e3-time_baseline,balanced,REFUTED,0,607.254,256.542,55.713,999.650,35,41,33,18,18,8,289,157494,1012,1381,1,false,false,
7426,starexec,PUZ133+1.p,e3-time_baseline,balanced,TIMEOUT,9,389.593,165199.226,,,35012,12085431,33101,11923291,24,3,,,,,,,false,
7426,starexec,REL020+2.p,e3-time_baseline,balanced,TIMEOUT,16,335.032,165372.674,,,3389,8686606,2399,8668228,18,2,,,,,,,false,
7426,starexec,REL021+1.p,e3-time_baseline,balanced,TIMEOUT,13,322.605,166236.135,,,2308,12124058,1987,12096926,15,2,,,,,,,false,
7426,starexec,REL040+2.p,e3-time_baseline,balanced,TIMEOUT,13,395.707,165426.869,,,2262,10665534,1977,10638604,15,3,,,,,,,false,
7426,starexec,SCT115+1.p,e3-time_baseline,balanced,TIMEOUT,527,2137.769,164372.612,,,21535,9493826,19457,9450162,869,121,,,,,,,false,
7426,starexec,SCT117+1.p,e3-time_baseline,balanced,TIMEOUT,527,2064.259,164336.826,,,23672,9789783,20949,9745442,873,122,,,,,,,false,
7426,starexec,SCT120+1.p,e3-time_baseline,balanced,TIMEOUT,526,1892.217,164345.205,,,20139,9989426,17690,9939614,794,100,,,,,,,false,
7426,starexec,SCT123+1.p,e3-time_baseline,balanced,TIMEOUT,528,2068.083,163880.401,,,15050,7149884,13683,7121764,826,115,,,,,,,false,
7426,starexec,SCT124+1.p,e3-time_baseline,balanced,TIMEOUT,528,2260.380,164319.162,,,14158,8067590,13473,8034680,804,105,,,,,,,false,
7426,starexec,SCT125+1.p,e3-time_baseline,balanced,TIMEOUT,528,2122.087,164715.055,,,13548,8296046,12397,8265166,819,106,,,,,,,false,
7426,starexec,SCT155+1.p,e3-time_baseline,balanced,TIMEOUT,528,2285.286,164369.606,,,24926,8970180,22281,8922142,831,111,,,,,,,false,
7426,starexec,SCT158+1.p,e3-time_baseline,balanced,TIMEOUT,528,2166.776,164166.710,,,22478,9390323,20521,9346115,832,110,,,,,,,false,
7426,starexec,SCT170+3.p,e3-time_baseline,balanced,TIMEOUT,1578,3443.823,163727.878,,,39223,6925207,37309,6837219,2785,640,,,,,,,false,
7426,starexec,SET017+1.p,e3-time_baseline,balanced,REFUTED,43,849.497,575.019,62.706,1168.444,190,854,181,630,93,10,682,196327,2725,651,44,false,false,
7426,starexec,SET101+1.p,e3-time_baseline,balanced,REFUTED,43,723.508,890.982,54.757,1043.379,354,4152,331,3630,90,9,657,137446,2654,486,44,false,false,
7426,starexec,SET716+4.p,e3-time_baseline,balanced,TIMEOUT,28,1133.835,165135.622,,,25533,13501326,23818,13453278,160,54,,,,,,,false,
7426,starexec,SET733+4.p,e3-time_baseline,balanced,TIMEOUT,28,1149.263,165134.277,,,30095,11999127,28419,11946893,159,53,,,,,,,false,
7426,starexec,SET817+4.p,e3-time_baseline,balanced,TIMEOUT,22,610.064,165157.191,,,25444,14219276,25083,14170788,80,20,,,,,,,false,
7426,starexec,SET964+1.p,e3-time_baseline,balanced,REFUTED,12,906.430,425.298,63.384,1460.872,94,431,81,328,33,13,494,248471,1878,1509,13,false,false,
7426,starexec,SEU269+1.p,e3-time_baseline,balanced,TIMEOUT,51,568.627,165303.887,,,1524,1666085,1494,1662693,92,18,,,,,,,false,
7426,starexec,SEU427+4.p,e3-time_baseline,balanced,HARD_TIMEOUT,71107,0.000,,,,,,,,,,,,,,,,false,
7426,starexec,SEU440+4.p,e3-time_baseline,balanced,HARD_TIMEOUT,71133,0.000,,,,,,,,,,,,,,,,false,
7426,starexec,SEV522+1.p,e3-time_baseline,balanced,TIMEOUT,19,681.939,165135.307,,,20341,15034449,17650,14995739,96,32,,,,,,,false,
7426,starexec,SEV563+1.p,e3-time_baseline,balanced,TIMEOUT,25,512.102,165155.718,,,24894,15087270,24075,15037206,80,17,,,,,,,false,
7426,starexec,SEV569+1.p,e3-time_baseline,balanced,REFUTED,25,1089.287,1775.628,87.290,1611.626,908,19810,841,18538,80,17,922,427364,2792,955,26,false,false,
7426,starexec,SEV581+1.p,e3-time_baseline,balanced,TIMEOUT,25,518.201,165194.211,,,20143,13032290,19185,12976264,80,17,,,,,,,false,
7426,starexec,SEV606+1.p,e3-time_baseline,balanced,HARD_TIMEOUT,1727,0.000,,,,,,,,,,,,,,,,false,
7426,starexec,SEV607+1.p,e3-time_baseline,balanced,HARD_TIMEOUT,2360,0.000,,,,,,,,,,,,,,,,false,
7426,starexec,SEV608+1.p,e3-time_baseline,balanced,HARD_TIMEOUT,2867,0.000,,,,,,,,,,,,,,,,false,
7426,starexec,SEV609+1.p,e3-time_baseline,balanced,HARD_TIMEOUT,2900,0.000,,,,,,,,,,,,,,,,false,
7426,starexec,SEV610+1.p,e3-time_baseline,balanced,HARD_TIMEOUT,2777,0.000,,,,,,,,,,,,,,,,false,
7426,starexec,SEV612+1.p,e3-time_baseline,balanced,HARD_TIMEOUT,2852,0.000,,,,,,,,,,,,,,,,false,
7426,starexec,SEV616+1.p,e3-time_baseline,balanced,HARD_TIMEOUT,2862,0.000,,,,,,,,,,,,,,,,false,
7426,starexec,SEV618+1.p,e3-time_baseline,balanced,HARD_TIMEOUT,2435,0.000,,,,,,,,,,,,,,,,false,
7426,starexec,SEV620+1.p,e3-time_baseline,balanced,HARD_TIMEOUT,2723,0.000,,,,,,,,,,,,,,,,false,
7426,starexec,SEV621+1.p,e3-time_baseline,balanced,HARD_TIMEOUT,2708,0.000,,,,,,,,,,,,,,,,false,
7426,starexec,SEV622+1.p,e3-time_baseline,balanced,HARD_TIMEOUT,2761,0.000,,,,,,,,,,,,,,,,false,
7426,starexec,SEV625+1.p,e3-time_baseline,balanced,HARD_TIMEOUT,2847,0.000,,,,,,,,,,,,,,,,false,
7426,starexec,SEV626+1.p,e3-time_baseline,balanced,HARD_TIMEOUT,2838,0.000,,,,,,,,,,,,,,,,false,
7426,starexec,SEV627+1.p,e3-time_baseline,balanced,HARD_TIMEOUT,2813,0.000,,,,,,,,,,,,,,,,false,
7426,starexec,SEV629+1.p,e3-time_baseline,balanced,HARD_TIMEOUT,2962,0.000,,,,,,,,,,,,,,,,false,
7426,starexec,SEV630+1.p,e3-time_baseline,balanced,HARD_TIMEOUT,2559,0.000,,,,,,,,,,,,,,,,false,
7426,starexec,SEV631+1.p,e3-time_baseline,balanced,HARD_TIMEOUT,3117,0.000,,,,,,,,,,,,,,,,false,
7426,starexec,SEV634+1.p,e3-time_baseline,balanced,HARD_TIMEOUT,2534,0.000,,,,,,,,,,,,,,,,false,
7426,starexec,SEV636+1.p,e3-time_baseline,balanced,EXHAUSTED,2935,7871.502,420.284,,,0,0,0,0,7455,2111,,,,,,,false,StackOverflowError:  at Clausal$.term$$anonfun$1:180
7426,starexec,SEV637+1.p,e3-time_baseline,balanced,HARD_TIMEOUT,2981,0.000,,,,,,,,,,,,,,,,false,
7426,starexec,SEV640+1.p,e3-time_baseline,balanced,HARD_TIMEOUT,2766,0.000,,,,,,,,,,,,,,,,false,
7426,starexec,SEV641+1.p,e3-time_baseline,balanced,HARD_TIMEOUT,3078,0.000,,,,,,,,,,,,,,,,false,
7426,starexec,SEV643+1.p,e3-time_baseline,balanced,HARD_TIMEOUT,2960,0.000,,,,,,,,,,,,,,,,false,
7426,starexec,SEV644+1.p,e3-time_baseline,balanced,HARD_TIMEOUT,2363,0.000,,,,,,,,,,,,,,,,false,
7426,starexec,SEV645+1.p,e3-time_baseline,balanced,HARD_TIMEOUT,1984,0.000,,,,,,,,,,,,,,,,false,
7426,starexec,SEV646+1.p,e3-time_baseline,balanced,HARD_TIMEOUT,3067,0.000,,,,,,,,,,,,,,,,false,
7426,starexec,SEV650+1.p,e3-time_baseline,balanced,HARD_TIMEOUT,3015,0.000,,,,,,,,,,,,,,,,false,
7426,starexec,SEV651+1.p,e3-time_baseline,balanced,HARD_TIMEOUT,2743,0.000,,,,,,,,,,,,,,,,false,
7426,starexec,SEV654+1.p,e3-time_baseline,balanced,HARD_TIMEOUT,3190,0.000,,,,,,,,,,,,,,,,false,
7426,starexec,SEV655+1.p,e3-time_baseline,balanced,EXHAUSTED,3248,8769.757,137820.707,,,0,0,0,0,8269,2524,,,,,,,false,OutOfMemoryError: Java heap space at Arrays.copyOf:3623
7426,starexec,SEV656+1.p,e3-time_baseline,balanced,HARD_TIMEOUT,3041,0.000,,,,,,,,,,,,,,,,false,
7426,starexec,SEV657+1.p,e3-time_baseline,balanced,HARD_TIMEOUT,3067,0.000,,,,,,,,,,,,,,,,false,
7426,starexec,SEV658+1.p,e3-time_baseline,balanced,HARD_TIMEOUT,3118,0.000,,,,,,,,,,,,,,,,false,
7426,starexec,SEV661+1.p,e3-time_baseline,balanced,HARD_TIMEOUT,2456,0.000,,,,,,,,,,,,,,,,false,
7426,starexec,SEV667+1.p,e3-time_baseline,balanced,HARD_TIMEOUT,2862,0.000,,,,,,,,,,,,,,,,false,
7426,starexec,SEV668+1.p,e3-time_baseline,balanced,HARD_TIMEOUT,2820,0.000,,,,,,,,,,,,,,,,false,
7426,starexec,SEV671+1.p,e3-time_baseline,balanced,HARD_TIMEOUT,2497,0.000,,,,,,,,,,,,,,,,false,
7426,starexec,SEV673+1.p,e3-time_baseline,balanced,HARD_TIMEOUT,2701,0.000,,,,,,,,,,,,,,,,false,
7426,starexec,SEV675+1.p,e3-time_baseline,balanced,HARD_TIMEOUT,3187,0.000,,,,,,,,,,,,,,,,false,
7426,starexec,SEV676+1.p,e3-time_baseline,balanced,HARD_TIMEOUT,3004,0.000,,,,,,,,,,,,,,,,false,
7426,starexec,SEV677+1.p,e3-time_baseline,balanced,HARD_TIMEOUT,3185,0.000,,,,,,,,,,,,,,,,false,
7426,starexec,SEV678+1.p,e3-time_baseline,balanced,HARD_TIMEOUT,2924,0.000,,,,,,,,,,,,,,,,false,
7426,starexec,SEV679+1.p,e3-time_baseline,balanced,HARD_TIMEOUT,3356,0.000,,,,,,,,,,,,,,,,false,
7426,starexec,SWB012+1.p,e3-time_baseline,balanced,TIMEOUT,559,2372.505,164871.010,,,47527,13916966,46747,13844152,1392,275,,,,,,,false,
7426,starexec,SWB013+2.p,e3-time_baseline,balanced,TIMEOUT,8,666.061,165130.299,,,28603,10550317,28303,10513101,62,19,,,,,,,false,
7426,starexec,SWB017+1.p,e3-time_baseline,balanced,HARD_TIMEOUT,559,0.000,,,,,,,,,,,,,,,,false,
7426,starexec,SWB020+1.p,e3-time_baseline,balanced,TIMEOUT,559,2300.121,164808.638,,,46470,13612042,45663,13538990,1394,278,,,,,,,false,
7426,starexec,SWB021+2.p,e3-time_baseline,balanced,REFUTED,7,1063.007,5940.986,116.683,3797.375,2655,131818,2237,121021,78,17,765,1411343,3337,3856,8,false,false,
7426,starexec,SWB023+1.p,e3-time_baseline,balanced,HARD_TIMEOUT,559,0.000,,,,,,,,,,,,,,,,false,
7426,starexec,SWB027+1.p,e3-time_baseline,balanced,TIMEOUT,559,2363.638,165507.132,,,45364,12901712,44937,12829900,1385,274,,,,,,,false,
7426,starexec,SWB032+1.p,e3-time_baseline,balanced,TIMEOUT,558,2441.899,166054.843,,,46995,12850470,46602,12778638,1379,271,,,,,,,false,
7426,starexec,SWB040+1.p,e3-time_baseline,balanced,TIMEOUT,559,2488.789,164729.487,,,45556,13425125,45209,13352763,1382,271,,,,,,,false,
7426,starexec,SWB042+1.p,e3-time_baseline,balanced,TIMEOUT,559,2323.251,164836.918,,,46952,12774596,46600,12697184,1394,277,,,,,,,false,
7426,starexec,SWB046+1.p,e3-time_baseline,balanced,TIMEOUT,559,2383.570,164779.594,,,44844,13223568,44503,13151922,1384,273,,,,,,,false,
7426,starexec,SWB047+1.p,e3-time_baseline,balanced,TIMEOUT,559,2189.220,164835.945,,,46517,14534019,46174,14459847,1381,271,,,,,,,false,
7426,starexec,SWB053+1.p,e3-time_baseline,balanced,HARD_TIMEOUT,559,0.000,,,,,,,,,,,,,,,,false,
7426,starexec,SWB055+1.p,e3-time_baseline,balanced,TIMEOUT,559,2261.165,165025.803,,,48453,12447555,48154,12371467,1385,274,,,,,,,false,
7426,starexec,SWB063+1.p,e3-time_baseline,balanced,TIMEOUT,559,2307.115,164793.454,,,45435,13704107,45096,13631631,1385,273,,,,,,,false,
7426,starexec,SWB068+1.p,e3-time_baseline,balanced,TIMEOUT,559,2561.850,164783.975,,,54606,11003606,54254,10928934,1388,274,,,,,,,false,
7426,starexec,SWB073+1.p,e3-time_baseline,balanced,HARD_TIMEOUT,559,0.000,,,,,,,,,,,,,,,,false,
7426,starexec,SWB090+1.p,e3-time_baseline,balanced,TIMEOUT,559,2249.084,164776.063,,,45915,14030232,45463,13957578,1386,271,,,,,,,false,
7426,starexec,SWB091+1.p,e3-time_baseline,balanced,TIMEOUT,559,2182.918,164775.031,,,45793,12919024,45040,12847518,1392,275,,,,,,,false,
7426,starexec,SWB093+1.p,e3-time_baseline,balanced,TIMEOUT,559,2275.965,164808.602,,,45566,13683281,45112,13610921,1385,271,,,,,,,false,
7426,starexec,SWB095+1.p,e3-time_baseline,balanced,TIMEOUT,559,2369.867,164687.426,,,45539,13394730,45087,13322624,1386,271,,,,,,,false,
7426,starexec,SWB099+1.p,e3-time_baseline,balanced,TIMEOUT,559,2526.863,165490.523,,,45048,12844056,44626,12772118,1384,271,,,,,,,false,
7426,starexec,SWB103+1.p,e3-time_baseline,balanced,TIMEOUT,559,2497.283,164728.340,,,44719,12561437,44101,12491027,1393,273,,,,,,,false,
7426,starexec,SWC012+1.p,e3-time_baseline,balanced,REFUTED,95,1986.322,5451.991,60.992,12530.211,9256,185480,9141,173483,220,62,2744,5518823,11635,5088,96,false,false,
7426,starexec,SWV014+1.p,e3-time_baseline,balanced,REFUTED,28,416.544,251.047,55.080,367.340,63,82,61,38,38,0,286,16588,1575,227,29,false,false,
7426,starexec,SWV041+1.p,e3-time_baseline,balanced,REFUTED,99,1371.969,543.155,44.380,5763.285,167,768,143,578,178,42,1787,3051141,7596,3656,100,false,false,
7426,starexec,SWV114+1.p,e3-time_baseline,balanced,TIMEOUT,101,817.831,164986.237,,,39156,13987160,38397,13904128,199,52,,,,,,,false,
7426,starexec,SWV202+1.p,e3-time_baseline,balanced,TIMEOUT,91,884.933,164918.680,,,33366,14332517,31996,14259475,203,42,,,,,,,false,
7426,starexec,SWV203+1.p,e3-time_baseline,balanced,TIMEOUT,91,855.719,164966.669,,,34969,16151969,33614,16072675,203,42,,,,,,,false,
7426,starexec,SWV234+1.p,e3-time_baseline,balanced,TIMEOUT,25,279.165,165629.697,,,7096,11012271,6433,10966449,26,0,,,,,,,false,
7426,starexec,SWV234+2.p,e3-time_baseline,balanced,REFUTED,21,357.468,59118.736,84.456,256.420,1207,4422545,1172,4407522,22,0,279,9365,750,111,22,false,false,
7426,starexec,SWV390+1.p,e3-time_baseline,balanced,REFUTED,42,668.410,420.018,43.829,845.449,100,311,98,177,55,6,578,103666,2824,461,43,false,false,
7426,starexec,SWV406+1.p,e3-time_baseline,balanced,REFUTED,41,865.089,52345.201,75.738,1712.750,2900,1737494,2160,1728905,59,9,754,464670,3119,4101,42,false,false,
7426,starexec,SWV453+1.p,e3-time_baseline,balanced,TIMEOUT,66,731.099,167378.908,,,21936,25200304,19258,25081667,130,13,,,,,,,false,
7426,starexec,SWV467+1.p,e3-time_baseline,balanced,TIMEOUT,66,812.853,164996.580,,,17878,22923161,15354,22787561,139,14,,,,,,,false,
7426,starexec,SWV474+1.p,e3-time_baseline,balanced,HARD_TIMEOUT,66,0.000,,,,,,,,,,,,,,,,false,
7426,starexec,SWV479+1.p,e3-time_baseline,balanced,TIMEOUT,66,899.713,164946.587,,,17849,22178067,15619,22049419,142,15,,,,,,,false,
7426,starexec,SWV487+3.p,e3-time_baseline,balanced,HARD_TIMEOUT,12,0.000,,,,,,,,,,,,,,,,false,
7426,starexec,SWV488+3.p,e3-time_baseline,balanced,REFUTED,12,457.675,277.794,48.522,482.001,26,62,21,35,24,3,240,39985,954,553,13,false,false,
7426,starexec,SWW102+1.p,e3-time_baseline,balanced,TIMEOUT,44,485.226,166028.434,,,5253,12458312,5127,12442454,89,12,,,,,,,false,
7426,starexec,SWW186+1.p,e3-time_baseline,balanced,TIMEOUT,1181,1730.201,163881.523,,,26999,14571063,24911,14460431,1568,29,,,,,,,false,
7426,starexec,SWW278+1.p,e3-time_baseline,balanced,TIMEOUT,1199,1807.729,163948.258,,,26688,11959638,25205,11868068,1586,36,,,,,,,false,
7426,starexec,SWW279+1.p,e3-time_baseline,balanced,TIMEOUT,1213,1890.998,164120.198,,,26432,10361269,23971,10273103,1647,38,,,,,,,false,
7426,starexec,SWW298+1.p,e3-time_baseline,balanced,HARD_TIMEOUT,5224,0.000,,,,,,,,,,,,,,,,false,
7426,starexec,SWW350+1.p,e3-time_baseline,balanced,HARD_TIMEOUT,5228,0.000,,,,,,,,,,,,,,,,false,
7426,starexec,SWW374+1.p,e3-time_baseline,balanced,HARD_TIMEOUT,5248,0.000,,,,,,,,,,,,,,,,false,
7426,starexec,SWW394+1.p,e3-time_baseline,balanced,HARD_TIMEOUT,5223,0.000,,,,,,,,,,,,,,,,false,
7426,starexec,SWW470+5.p,e3-time_baseline,balanced,REFUTED,162,3586.587,13391.500,85.318,16560.064,2725,272553,2057,266775,240,52,3102,12976319,21717,10205,163,false,false,
7426,starexec,SWW473+2.p,e3-time_baseline,balanced,HARD_TIMEOUT,916,0.000,,,,,,,,,,,,,,,,false,
7426,starexec,SWW473+6.p,e3-time_baseline,balanced,REFUTED,608,7479.970,3410.347,88.453,90989.382,994,22909,899,21325,845,87,9085,37289817,56288,10957,609,false,false,
7426,starexec,SWW474+3.p,e3-time_baseline,balanced,TIMEOUT,1440,2836.482,164018.963,,,28385,8256524,26561,8191944,2284,309,,,,,,,false,
7426,starexec,SWW937+1.p,e3-time_baseline,balanced,TIMEOUT,28,775.031,166064.494,,,11145,12552513,10888,12519501,181,24,,,,,,,false,
7426,starexec,SWW961+1.p,e3-time_baseline,balanced,REFUTED,176,579.599,478.829,72.244,545.203,193,242,185,177,177,0,947,22877,2965,207,177,false,false,
7426,starexec,SWX051+1.p,e3-time_baseline,balanced,TIMEOUT,292,1556.513,164680.523,,,43686,16399043,39104,16283628,579,168,,,,,,,false,
7426,starexec,SWX185+1.p,e3-time_baseline,balanced,TIMEOUT,40,319.696,165172.973,,,3136,6739039,3090,6732895,41,0,,,,,,,false,
7426,starexec,SWX187+1.p,e3-time_baseline,balanced,REFUTED,16,379.239,6362.750,143.352,365.399,2408,42255,2354,34848,18,0,361,40118,1113,275,17,false,false,
7426,starexec,SWX189+1.p,e3-time_baseline,balanced,TIMEOUT,53,357.427,165605.416,,,6976,6706146,6831,6685944,54,0,,,,,,,false,
7426,starexec,SWX194+1.p,e3-time_baseline,balanced,TIMEOUT,71,407.856,165037.687,,,7837,10195268,7696,10179728,72,0,,,,,,,false,
7426,starexec,SWX197+1.p,e3-time_baseline,balanced,TIMEOUT,73,386.801,165019.839,,,5888,7930427,5293,7911512,74,0,,,,,,,false,
7426,starexec,SWX199+1.p,e3-time_baseline,balanced,REFUTED,12,383.676,2720.148,103.518,315.204,127,38581,110,37828,14,0,260,20068,726,132,13,false,false,
7426,starexec,SWX200+1.p,e3-time_baseline,balanced,REFUTED,15,373.511,249.160,37.301,245.901,16,23,14,19,19,0,161,7737,550,143,16,false,false,
7426,starexec,SWX201+1.p,e3-time_baseline,balanced,TIMEOUT,28,264.366,165144.012,,,2374,4299119,2279,4294567,30,0,,,,,,,false,
7426,starexec,SWX202+1.p,e3-time_baseline,balanced,TIMEOUT,28,315.453,165140.860,,,2636,4060939,2546,4055551,30,0,,,,,,,false,
7426,starexec,SWX203+1.p,e3-time_baseline,balanced,REFUTED,21,390.344,3250.404,157.155,454.321,1383,19484,934,14216,29,0,517,31883,1041,143,22,false,false,
7426,starexec,SWX209+1.p,e3-time_baseline,balanced,TIMEOUT,49,332.376,165166.293,,,5328,7389105,4880,7369755,56,0,,,,,,,false,
7426,starexec,SWX210+1.p,e3-time_baseline,balanced,TIMEOUT,49,357.121,165089.426,,,4901,6753663,4494,6736395,56,0,,,,,,,false,
7426,starexec,SWX211+1.p,e3-time_baseline,balanced,TIMEOUT,49,332.470,165120.470,,,5278,7233682,4605,7213916,56,0,,,,,,,false,
7426,starexec,SWX212+1.p,e3-time_baseline,balanced,TIMEOUT,49,333.457,165140.072,,,10003,9775537,9689,9756743,57,0,,,,,,,false,
7426,starexec,SWX217+1.p,e3-time_baseline,balanced,TIMEOUT,23,303.333,165235.123,,,9248,6929095,8225,6902405,25,0,,,,,,,false,
7426,starexec,SWX219+1.p,e3-time_baseline,balanced,REFUTED,31,430.641,7527.032,80.377,341.572,5396,17248,5368,9382,36,0,352,19211,1287,181,32,false,false,
7426,starexec,SWX220+1.p,e3-time_baseline,balanced,REFUTED,31,404.825,4134.446,85.746,379.048,2743,8889,2739,5093,36,0,349,19353,1294,194,32,false,false,
7426,starexec,SWX221+1.p,e3-time_baseline,balanced,REFUTED,35,429.760,2861.454,61.466,278.982,2564,5662,2549,2768,43,0,408,24485,1516,181,36,false,false,
7426,starexec,SWX222+1.p,e3-time_baseline,balanced,REFUTED,35,445.352,567.352,70.177,374.151,214,357,207,126,43,0,339,15785,1318,181,36,false,false,
7426,starexec,SWX223+1.p,e3-time_baseline,balanced,REFUTED,35,435.174,754.800,83.840,415.592,362,737,354,337,43,0,390,21822,1444,181,36,false,false,
7426,starexec,SWX224+1.p,e3-time_baseline,balanced,REFUTED,31,293.992,742.411,50.519,253.915,697,1902,687,1006,36,0,322,15887,1209,181,32,false,false,
7426,starexec,SWX240_1.p,e3-time_baseline,balanced,REFUTED,56,457.170,5781.492,64.458,523.626,1025,112943,952,110677,70,0,570,31253,2001,136,57,false,false,
7426,starexec,SWX241_1.p,e3-time_baseline,balanced,TIMEOUT,64,409.451,165000.744,,,28961,9818399,26557,9730963,79,0,,,,,,,false,
7426,starexec,SYN076+1.p,e3-time_baseline,balanced,TIMEOUT,1,521.645,165425.905,,,1963,5787420,1844,5780500,48,16,,,,,,,false,
7426,starexec,SYN077+1.p,e3-time_baseline,balanced,REFUTED,1,538.309,296.580,48.202,668.009,53,89,36,19,9,6,241,63879,670,637,2,false,false,
7426,starexec,SYN353+1.p,e3-time_baseline,balanced,REFUTED,0,635.728,344.464,61.300,2405.840,74,282,32,81,21,2,219,277626,801,11878,1,false,false,
7426,starexec,SYN986+1.004.p,e3-time_baseline,balanced,EXHAUSTED,2,271.748,361.140,,,0,0,0,0,3,0,,,,,,,false,StackOverflowError:  at Core$Trail$Applier.apply:975
7426,starexec,SYO525+1.018.p,e3-time_baseline,balanced,TIMEOUT,29,583.292,165012.277,,,61741,61751,61741,30,30,0,,,,,,,false,
7426,starexec,SYO525+1.021.p,e3-time_baseline,balanced,TIMEOUT,29,589.232,164900.379,,,67611,67618,67611,30,30,0,,,,,,,false,
7426,starexec,SYO525+1.024.p,e3-time_baseline,balanced,TIMEOUT,29,596.061,164767.704,,,62004,62008,62004,30,30,0,,,,,,,false,
7426,starexec,SYO525+1.027.p,e3-time_baseline,balanced,TIMEOUT,29,568.627,164928.316,,,61593,61594,61593,30,30,0,,,,,,,false,
7426,starexec,SYO525+1.030.p,e3-time_baseline,balanced,TIMEOUT,32,666.930,164814.111,,,48945,48946,48945,33,33,0,,,,,,,false,
7426,starexec,SYO605+1.p,e3-time_baseline,balanced,REFUTED,4,876.827,1999.371,140.134,3615.947,2200,20081,1247,11875,48,14,903,1044573,1977,2212,5,false,false,
7426,starexec,TOP020+1.p,e3-time_baseline,balanced,TIMEOUT,8,492.865,165231.524,,,63004,529398,61783,447794,27,11,,,,,,,false,
7426,starexec,TOP029+1.p,e3-time_baseline,balanced,TIMEOUT,108,876.976,165151.786,,,50212,1240957,46457,1076926,306,48,,,,,,,false,
7426,starexec,TOP046+3.p,e3-time_baseline,balanced,HARD_TIMEOUT,18710,0.000,,,,,,,,,,,,,,,,false,
7426,starexec,AGT007+2.p,e3-time_bwdsubs-off,balanced,TIMEOUT,922,798.840,164744.646,,,37168,5149615,37166,5100249,1022,13,,,,,,,false,
7426,starexec,AGT022+1.p,e3-time_bwdsubs-off,balanced,REFUTED,555,1422.483,129814.710,118.897,5869.639,39676,223776,37638,169176,655,13,3040,1751264,4737,869,556,false,false,
7426,starexec,ALG040+1.p,e3-time_bwdsubs-off,balanced,REFUTED,4,438.538,1216.543,68.399,461.626,928,7216,920,6132,12,2,219,40643,602,388,5,false,false,
7426,starexec,ALG213+1.p,e3-time_bwdsubs-off,balanced,TIMEOUT,4,332.536,165300.359,,,1191,10792470,1108,10785708,5,5,,,,,,,false,
7426,starexec,BIO006+1.p,e3-time_bwdsubs-off,balanced,PARSE_ERR,,0.000,,,,,,,,,,,,,,,,false,StackOverflowError
7426,starexec,COM008+1.p,e3-time_bwdsubs-off,balanced,TIMEOUT,10,365.746,165168.360,,,15819,9406517,15819,9383249,15,3,,,,,,,false,
7426,starexec,COM008+2.p,e3-time_bwdsubs-off,balanced,TIMEOUT,8,344.322,165215.655,,,16287,6887755,16287,6856491,13,3,,,,,,,false,
7426,starexec,COM131+1.p,e3-time_bwdsubs-off,balanced,TIMEOUT,59,1319.093,165088.359,,,18181,8066393,18046,8037029,157,95,,,,,,,false,
7426,starexec,COM136+1.p,e3-time_bwdsubs-off,balanced,REFUTED,56,3538.650,1146.464,107.973,30736.109,544,2434,455,1721,152,94,2939,13637390,17792,9820,57,false,false,
7426,starexec,COM139+1.p,e3-time_bwdsubs-off,balanced,HARD_TIMEOUT,55,0.000,,,,,,,,,,,,,,,,false,
7426,starexec,CSR005+2.p,e3-time_bwdsubs-off,balanced,TIMEOUT,55,425.422,165371.653,,,46347,16934652,46332,16804530,120,18,,,,,,,false,
7426,starexec,CSR021+1.p,e3-time_bwdsubs-off,balanced,REFUTED,47,1143.516,2116.102,80.554,5356.476,1198,25799,1197,21710,137,21,1040,664001,4515,1464,48,false,false,
7426,starexec,CSR022+1.p,e3-time_bwdsubs-off,balanced,REFUTED,47,1133.540,1857.732,73.303,4977.083,1193,25293,1192,21344,137,21,1037,662932,4511,1464,48,false,false,
7426,starexec,CSR025+5.p,e3-time_bwdsubs-off,balanced,HARD_TIMEOUT,540249,0.000,,,,,,,,,,,,,,,,false,
7426,starexec,CSR030+3.p,e3-time_bwdsubs-off,balanced,REFUTED,8005,3315.671,37392.730,221.865,4957.119,30360,85535,29817,44646,8007,0,44051,1238415,103763,89,8006,false,false,
7426,starexec,CSR033+3.p,e3-time_bwdsubs-off,balanced,REFUTED,8005,2933.822,46209.896,148.923,5690.703,34475,183306,34061,135282,8007,0,44079,1339440,103767,89,8006,false,false,
7426,starexec,CSR036+5.p,e3-time_bwdsubs-off,balanced,HARD_TIMEOUT,540249,0.000,,,,,,,,,,,,,,,,false,
7426,starexec,CSR038+4.p,e3-time_bwdsubs-off,balanced,HARD_TIMEOUT,44216,0.000,,,,,,,,,,,,,,,,false,
7426,starexec,CSR042+3.p,e3-time_bwdsubs-off,balanced,REFUTED,8005,3274.782,8238.699,206.740,5376.388,11322,20411,11322,8007,8007,0,44041,1238170,103750,89,8006,false,false,
7426,starexec,CSR044+3.p,e3-time_bwdsubs-off,balanced,REFUTED,8005,2895.242,32529.782,123.102,3091.365,28858,83541,28765,44618,8007,0,44067,1439544,103800,89,8006,false,false,
7426,starexec,CSR045+3.p,e3-time_bwdsubs-off,balanced,REFUTED,8005,1995.980,2030.095,104.248,3486.783,5306,11024,5306,8006,8006,0,44064,1004693,103756,89,8006,false,false,
7426,starexec,CSR048+3.p,e3-time_bwdsubs-off,balanced,REFUTED,8005,3312.278,37388.663,180.660,4849.114,29121,83705,29090,44553,8007,0,44043,1238212,103749,89,8006,false,false,
7426,starexec,CSR050+5.p,e3-time_bwdsubs-off,balanced,HARD_TIMEOUT,540249,0.000,,,,,,,,,,,,,,,,false,
7426,starexec,CSR052+3.p,e3-time_bwdsubs-off,balanced,TIMEOUT,8005,2499.715,163823.512,,,65049,306232,61459,191749,8007,0,,,,,,,false,
7426,starexec,CSR054+3.p,e3-time_bwdsubs-off,balanced,REFUTED,8005,2998.740,3059.148,140.854,5436.044,5183,10962,5183,8007,8007,0,44037,1438507,103741,89,8006,false,false,
7426,starexec,CSR056+3.p,e3-time_bwdsubs-off,balanced,REFUTED,8005,2738.265,31707.471,182.357,4270.878,29079,83737,28742,44510,8007,0,44057,1238544,103754,89,8006,false,false,
7426,starexec,CSR058+3.p,e3-time_bwdsubs-off,balanced,REFUTED,8005,3247.393,1238.176,128.422,5696.663,689,8015,689,8007,8007,0,44037,1438501,103742,89,8006,false,false,
7426,starexec,CSR066+5.p,e3-time_bwdsubs-off,balanced,HARD_TIMEOUT,540249,0.000,,,,,,,,,,,,,,,,false,
7426,starexec,CSR067+3.p,e3-time_bwdsubs-off,balanced,REFUTED,8005,3145.769,7577.474,197.014,5585.227,11314,20399,11314,8007,8007,0,44041,1238170,103750,89,8006,false,false,
7426,starexec,CSR113+13.p,e3-time_bwdsubs-off,balanced,TIMEOUT,10188,1682.305,163625.876,,,74922,330801,74918,255829,10593,79,,,,,,,false,
7426,starexec,CSR113+30.p,e3-time_bwdsubs-off,balanced,TIMEOUT,10188,2138.558,164205.529,,,74386,451647,74386,377189,10559,79,,,,,,,false,
7426,starexec,CSR113+4.p,e3-time_bwdsubs-off,balanced,TIMEOUT,10188,2152.681,164056.407,,,72914,429914,72914,356954,10564,79,,,,,,,false,
7426,starexec,CSR114+8.p,e3-time_bwdsubs-off,balanced,TIMEOUT,10188,2339.945,164367.747,,,71108,421180,71108,350020,10478,79,,,,,,,false,
7426,starexec,CSR115+8.p,e3-time_bwdsubs-off,balanced,TIMEOUT,10188,2215.646,164028.308,,,78443,351592,78443,273120,10631,79,,,,,,,false,
7426,starexec,CSR116+10.p,e3-time_bwdsubs-off,balanced,TIMEOUT,10188,2143.502,163846.134,,,72868,440001,72868,367121,10739,79,,,,,,,false,
7426,starexec,CSR116+13.p,e3-time_bwdsubs-off,balanced,REFUTED,10188,28755.798,11152.880,209.128,89091.791,13701,107063,13700,93354,10594,79,53838,134029576,54000,6739,10189,false,false,
7426,starexec,CSR116+19.p,e3-time_bwdsubs-off,balanced,REFUTED,10188,28804.471,14652.893,183.271,82035.696,17855,144362,17853,126485,10671,79,53915,134412551,54325,7335,10189,false,false,
7426,starexec,CSR116+3.p,e3-time_bwdsubs-off,balanced,TIMEOUT,10188,1397.692,164489.202,,,95678,420580,95678,324806,10689,79,,,,,,,false,
7426,starexec,CSR116+38.p,e3-time_bwdsubs-off,balanced,TIMEOUT,10188,2212.076,163921.481,,,72443,438670,72443,366204,10654,79,,,,,,,false,
7426,starexec,CSR116+8.p,e3-time_bwdsubs-off,balanced,TIMEOUT,10188,2243.509,163866.022,,,75741,350973,75741,275217,10748,79,,,,,,,false,
7426,starexec,CSR117+1.p,e3-time_bwdsubs-off,balanced,REFUTED,268,1038.900,1113.112,101.278,1669.405,856,1354,855,624,270,17,1632,440427,2138,563,269,false,false,
7426,starexec,CSR208+1.p,e3-time_bwdsubs-off,balanced,HARD_TIMEOUT,7432,0.000,,,,,,,,,,,,,,,,false,
7426,starexec,GEO085+1.p,e3-time_bwdsubs-off,balanced,REFUTED,16,814.099,361.075,57.340,1806.082,65,126,61,58,56,17,684,329282,2900,1406,17,false,false,
7426,starexec,GEO087+1.p,e3-time_bwdsubs-off,balanced,REFUTED,16,820.807,393.477,38.001,2039.092,106,250,105,126,56,19,691,336523,2894,1417,17,false,false,
7426,starexec,GEO089+1.p,e3-time_bwdsubs-off,balanced,TIMEOUT,16,571.009,165158.669,,,20480,15660995,20474,15600857,57,19,,,,,,,false,
7426,starexec,GEO093+1.p,e3-time_bwdsubs-off,balanced,REFUTED,16,821.757,3540.042,70.226,2508.183,1493,107631,1485,105015,59,20,771,465317,3094,1585,17,false,false,
7426,starexec,GEO095+1.p,e3-time_bwdsubs-off,balanced,TIMEOUT,16,577.016,165221.382,,,15777,13366009,15754,13299853,57,19,,,,,,,false,
7426,starexec,GEO111+1.p,e3-time_bwdsubs-off,balanced,REFUTED,17,1012.653,4399.493,76.262,2427.278,1220,123261,1214,120947,64,22,827,594367,3583,1819,18,false,false,
7426,starexec,GEO117+1.p,e3-time_bwdsubs-off,balanced,REFUTED,27,1256.153,1117.075,47.372,5151.436,575,6744,476,5904,113,34,1255,1095974,5909,2245,28,false,false,
7426,starexec,GEO138+1.p,e3-time_bwdsubs-off,balanced,HARD_TIMEOUT,27,0.000,,,,,,,,,,,,,,,,false,
7426,starexec,GEO260+1.p,e3-time_bwdsubs-off,balanced,REFUTED,31,714.035,13911.781,108.756,1522.505,4065,1187718,4055,1178113,70,7,836,342206,2534,864,32,false,false,
7426,starexec,GEO274+1.p,e3-time_bwdsubs-off,balanced,TIMEOUT,116,1813.445,164739.167,,,37686,2625733,37639,2579298,265,57,,,,,,,false,
7426,starexec,GEO277+1.p,e3-time_bwdsubs-off,balanced,TIMEOUT,126,1634.472,164630.372,,,64047,1433104,58547,1351068,279,57,,,,,,,false,
7426,starexec,GEO282+1.p,e3-time_bwdsubs-off,balanced,REFUTED,123,3213.236,1512.205,82.658,21279.343,1106,2528,1095,1358,284,55,4834,7157468,36079,13064,124,false,false,
7426,starexec,GEO285+1.p,e3-time_bwdsubs-off,balanced,REFUTED,132,3349.571,2187.593,96.309,23933.003,1758,7052,1701,5104,298,56,4839,7395831,36348,13064,133,false,false,
7426,starexec,GEO298+1.p,e3-time_bwdsubs-off,balanced,TIMEOUT,157,1664.739,164659.932,,,40827,3023371,40408,2966365,321,63,,,,,,,false,
7426,starexec,GEO306+1.p,e3-time_bwdsubs-off,balanced,TIMEOUT,126,1724.385,164644.529,,,46602,1275824,46167,1215368,289,60,,,,,,,false,
7426,starexec,GEO307+1.p,e3-time_bwdsubs-off,balanced,TIMEOUT,145,1833.908,164686.216,,,45717,2467047,45643,2406593,308,60,,,,,,,false,
7426,starexec,GEO308+1.p,e3-time_bwdsubs-off,balanced,TIMEOUT,146,1112.907,165114.435,,,60891,2122981,60389,2044289,309,60,,,,,,,false,
7426,starexec,GEO310+1.p,e3-time_bwdsubs-off,balanced,TIMEOUT,148,1795.558,164678.933,,,45543,4488787,44082,4425159,311,60,,,,,,,false,
7426,starexec,GEO321+1.p,e3-time_bwdsubs-off,balanced,TIMEOUT,177,1667.588,164660.617,,,52083,1896009,50207,1828822,340,60,,,,,,,false,
7426,starexec,GEO323+1.p,e3-time_bwdsubs-off,balanced,TIMEOUT,179,1754.193,164675.416,,,47296,3083814,46181,3020790,342,60,,,,,,,false,
7426,starexec,GEO328+1.p,e3-time_bwdsubs-off,balanced,TIMEOUT,185,1085.628,165122.679,,,80185,2876643,79682,2771309,348,60,,,,,,,false,
7426,starexec,GEO330+1.p,e3-time_bwdsubs-off,balanced,TIMEOUT,187,1718.159,164533.125,,,46193,3698972,44375,3634398,350,60,,,,,,,false,
7426,starexec,GEO331+1.p,e3-time_bwdsubs-off,balanced,REFUTED,125,3415.961,1867.662,96.279,23062.937,1023,3643,1006,2590,279,60,5297,7952486,40539,13064,126,false,false,
7426,starexec,GEO337+1.p,e3-time_bwdsubs-off,balanced,TIMEOUT,129,1840.143,164711.710,,,48512,1204753,48031,1140157,283,60,,,,,,,false,
7426,starexec,GEO343+1.p,e3-time_bwdsubs-off,balanced,TIMEOUT,124,1914.577,164774.768,,,46460,1533736,46408,1474312,292,61,,,,,,,false,
7426,starexec,GEO349+1.p,e3-time_bwdsubs-off,balanced,TIMEOUT,130,1920.743,164666.071,,,48119,1013763,47407,951471,302,66,,,,,,,false,
7426,starexec,GEO351+1.p,e3-time_bwdsubs-off,balanced,TIMEOUT,136,1952.230,164627.312,,,45507,1159304,44931,1099763,311,69,,,,,,,false,
7426,starexec,GEO480+1.p,e3-time_bwdsubs-off,balanced,HARD_TIMEOUT,3634,0.000,,,,,,,,,,,,,,,,false,
7426,starexec,GEO491+1.p,e3-time_bwdsubs-off,balanced,TIMEOUT,44,557.740,164943.219,,,25780,9660622,25726,9605548,75,6,,,,,,,false,
7426,starexec,GEO494+1.p,e3-time_bwdsubs-off,balanced,REFUTED,66,1001.644,47727.192,130.647,1777.384,11706,3857375,11650,3832991,101,6,1011,264698,7237,675,67,false,false,
7426,starexec,GEO498+1.p,e3-time_bwdsubs-off,balanced,REFUTED,109,953.740,440.607,67.524,1318.734,75,267,72,182,162,4,1331,237862,10578,618,110,false,false,
7426,starexec,GEO501+1.p,e3-time_bwdsubs-off,balanced,TIMEOUT,122,780.248,166701.415,,,30064,15140907,30033,15074715,179,5,,,,,,,false,
7426,starexec,GEO504+1.p,e3-time_bwdsubs-off,balanced,REFUTED,130,967.388,1515.057,91.614,1460.619,716,13102,688,11834,191,3,1619,217583,12820,791,131,false,false,
7426,starexec,GEO513+1.p,e3-time_bwdsubs-off,balanced,TIMEOUT,172,904.343,164737.460,,,35530,15068692,35292,14990104,265,5,,,,,,,false,
7426,starexec,GEO514+1.p,e3-time_bwdsubs-off,balanced,TIMEOUT,173,958.381,165206.650,,,26487,10407136,25876,10347448,264,4,,,,,,,false,
7426,starexec,GEO517+1.p,e3-time_bwdsubs-off,balanced,TIMEOUT,180,1195.250,166291.688,,,35754,9616637,35563,9541299,277,8,,,,,,,false,
7426,starexec,GEO520+1.p,e3-time_bwdsubs-off,balanced,TIMEOUT,193,981.185,164651.070,,,28530,9755365,28161,9699867,287,5,,,,,,,false,
7426,starexec,GEO523+1.p,e3-time_bwdsubs-off,balanced,REFUTED,200,1293.441,155783.714,73.830,1986.067,24482,10860758,20128,10815130,294,4,2469,487025,22063,983,201,false,false,
7426,starexec,GEO526+1.p,e3-time_bwdsubs-off,balanced,TIMEOUT,209,1056.104,164643.311,,,29924,9796041,29533,9730063,307,5,,,,,,,false,
7426,starexec,GEO528+1.p,e3-time_bwdsubs-off,balanced,REFUTED,212,871.415,30459.452,63.129,1238.748,13175,2957332,12904,2921245,307,4,2747,604750,23296,983,213,false,false,
7426,starexec,GEO535+1.p,e3-time_bwdsubs-off,balanced,TIMEOUT,227,1054.049,164969.554,,,31867,13823259,30695,13755063,335,6,,,,,,,false,
7426,starexec,GRA005+1.p,e3-time_bwdsubs-off,balanced,REFUTED,17,907.504,394.349,48.278,3285.815,94,140,94,78,83,21,844,566297,3819,2303,18,false,false,
7426,starexec,GRA008+1.p,e3-time_bwdsubs-off,balanced,TIMEOUT,17,629.028,165116.349,,,67337,6346710,67330,6215312,83,20,,,,,,,false,
7426,starexec,GRP652+2.p,e3-time_bwdsubs-off,balanced,HARD_TIMEOUT,5675,0.000,,,,,,,,,,,,,,,,false,
7426,starexec,GRP654+1.p,e3-time_bwdsubs-off,balanced,HARD_TIMEOUT,5,0.000,,,,,,,,,,,,,,,,false,
7426,starexec,GRP655+3.p,e3-time_bwdsubs-off,balanced,HARD_TIMEOUT,5,0.000,,,,,,,,,,,,,,,,false,
7426,starexec,GRP748+1.p,e3-time_bwdsubs-off,balanced,TIMEOUT,11,369.247,165777.476,,,1560,5200534,1208,5195386,15,12,,,,,,,false,
7426,starexec,HWV051+1.p,e3-time_bwdsubs-off,balanced,TIMEOUT,724,590.390,140225.031,,,100000,618662,98710,430572,919,5,,,,,,,false,
7426,starexec,ITP002+2.p,e3-time_bwdsubs-off,balanced,TIMEOUT,33,602.761,165085.785,,,28012,1220304,27950,1191904,58,9,,,,,,,false,
7426,starexec,ITP004+1.p,e3-time_bwdsubs-off,balanced,TIMEOUT,30,507.857,166573.394,,,3355,10646333,3266,10627339,56,6,,,,,,,false,
7426,starexec,ITP004+4.p,e3-time_bwdsubs-off,balanced,HARD_TIMEOUT,3173,0.000,,,,,,,,,,,,,,,,false,
7426,starexec,ITP006+2.p,e3-time_bwdsubs-off,balanced,TIMEOUT,51,834.320,164977.713,,,27694,15296223,26467,15241222,243,40,,,,,,,false,
7426,starexec,ITP006+4.p,e3-time_bwdsubs-off,balanced,HARD_TIMEOUT,5652,0.000,,,,,,,,,,,,,,,,false,
7426,starexec,ITP009+2.p,e3-time_bwdsubs-off,balanced,TIMEOUT,36,965.763,164958.400,,,29756,2852235,29651,2816094,99,18,,,,,,,false,
7426,starexec,ITP012+4.p,e3-time_bwdsubs-off,balanced,HARD_TIMEOUT,14071,0.000,,,,,,,,,,,,,,,,false,
7426,starexec,ITP012+5.p,e3-time_bwdsubs-off,balanced,HARD_TIMEOUT,10256,0.000,,,,,,,,,,,,,,,,false,
7426,starexec,ITP013+1.p,e3-time_bwdsubs-off,balanced,TIMEOUT,45,387.011,169606.919,,,1362,4948847,1339,4943109,108,8,,,,,,,false,
7426,starexec,ITP018+5.p,e3-time_bwdsubs-off,balanced,HARD_TIMEOUT,16278,0.000,,,,,,,,,,,,,,,,false,
7426,starexec,ITP020+2.p,e3-time_bwdsubs-off,balanced,REFUTED,62,2319.472,6025.208,77.616,34539.277,3294,111095,3183,103767,293,55,2558,2950700,10988,2968,63,false,false,
7426,starexec,ITP020+4.p,e3-time_bwdsubs-off,balanced,HARD_TIMEOUT,25152,0.000,,,,,,,,,,,,,,,,false,
7426,starexec,ITP023+2.p,e3-time_bwdsubs-off,balanced,TIMEOUT,58,686.353,165006.663,,,45102,9504991,43602,9423361,239,27,,,,,,,false,
7426,starexec,KLE100+1.p,e3-time_bwdsubs-off,balanced,TIMEOUT,26,361.693,165112.780,,,3412,10024463,2825,10002511,29,3,,,,,,,false,
7426,starexec,KLE169+1.p,e3-time_bwdsubs-off,balanced,TIMEOUT,17,316.139,165186.775,,,3037,16021912,2957,15985358,19,0,,,,,,,false,
7426,starexec,KLE170+1.002.p,e3-time_bwdsubs-off,balanced,TIMEOUT,16,316.127,165586.980,,,2354,12091343,2266,12067163,18,0,,,,,,,false,
7426,starexec,KRS187+1.p,e3-time_bwdsubs-off,balanced,REFUTED,32,1801.616,77755.274,41.317,11879.254,12932,10694303,12610,10656705,129,74,2138,2391295,6027,2717,33,false,false,
7426,starexec,KRS190+1.p,e3-time_bwdsubs-off,balanced,REFUTED,32,1699.068,67949.230,39.911,9962.698,12234,10112607,11912,10076269,129,74,2138,2391295,6027,2717,33,false,false,
7426,starexec,KRS192+1.p,e3-time_bwdsubs-off,balanced,TIMEOUT,32,818.224,165077.238,,,22520,24319965,22162,24255171,129,74,,,,,,,false,
7426,starexec,KRS195+1.p,e3-time_bwdsubs-off,balanced,REFUTED,32,1763.855,76914.114,37.803,10764.058,13530,11142249,13208,11103733,129,74,2138,2391295,6028,2717,33,false,false,
7426,starexec,KRS196+1.p,e3-time_bwdsubs-off,balanced,REFUTED,32,1640.615,68134.170,28.943,10622.110,12346,10200826,12024,10164258,129,74,2138,2391295,6026,2717,33,false,false,
7426,starexec,KRS216+1.p,e3-time_bwdsubs-off,balanced,REFUTED,32,1820.937,113543.417,54.955,14488.344,16593,15335971,16234,15286823,129,74,2230,2596754,6131,2717,33,false,false,
7426,starexec,KRS233+1.p,e3-time_bwdsubs-off,balanced,TIMEOUT,32,913.247,167422.185,,,24338,25107046,23979,25034148,129,74,,,,,,,false,
7426,starexec,KRS234+1.p,e3-time_bwdsubs-off,balanced,REFUTED,32,1708.210,64421.804,38.739,13601.021,10354,8860559,10307,8827893,129,74,2165,2451610,6054,2717,33,false,false,
7426,starexec,KRS251+1.p,e3-time_bwdsubs-off,balanced,TIMEOUT,32,790.712,165107.170,,,22925,24244567,22561,24179805,129,74,,,,,,,false,
7426,starexec,KRS261+1.p,e3-time_bwdsubs-off,balanced,TIMEOUT,32,794.754,165090.727,,,22818,24381721,22463,24316959,129,74,,,,,,,false,
7426,starexec,KRS262+1.p,e3-time_bwdsubs-off,balanced,REFUTED,32,1635.442,8136.324,42.384,10092.576,2888,977355,2888,970969,129,74,2143,2402369,6026,2717,33,false,false,
7426,starexec,LAT258+1.p,e3-time_bwdsubs-off,balanced,TIMEOUT,17,337.343,165106.690,,,33147,20823917,33147,20702907,23,1,,,,,,,false,
7426,starexec,LAT303+4.p,e3-time_bwdsubs-off,balanced,HARD_TIMEOUT,34684,0.000,,,,,,,,,,,,,,,,false,
7426,starexec,LAT305+3.p,e3-time_bwdsubs-off,balanced,HARD_TIMEOUT,13616,0.000,,,,,,,,,,,,,,,,false,
7426,starexec,LAT351+3.p,e3-time_bwdsubs-off,balanced,HARD_TIMEOUT,17808,0.000,,,,,,,,,,,,,,,,false,
7426,starexec,LCL062+2.p,e3-time_bwdsubs-off,balanced,TIMEOUT,2,276.181,165266.755,,,11186,12655181,11186,12576579,3,0,,,,,,,false,
7426,starexec,LCL073+1.p,e3-time_bwdsubs-off,balanced,TIMEOUT,2,282.036,165230.379,,,8042,14235360,8042,13943984,3,3,,,,,,,false,
7426,starexec,LCL109+1.p,e3-time_bwdsubs-off,balanced,TIMEOUT,5,242.852,165293.493,,,10210,15400723,10208,15362813,6,0,,,,,,,false,
7426,starexec,LCL368+1.p,e3-time_bwdsubs-off,balanced,REFUTED,4,310.840,21198.356,97.569,159.640,4122,1709354,4112,1697702,5,0,164,9316,420,103,5,false,false,
7426,starexec,LCL368+2.p,e3-time_bwdsubs-off,balanced,REFUTED,2,323.374,65638.705,51.182,140.855,7166,5259264,7164,5214372,3,0,127,15446,1067,971,3,false,false,
7426,starexec,LCL369+1.p,e3-time_bwdsubs-off,balanced,TIMEOUT,4,171.516,165471.451,,,13287,15411691,13279,15368975,5,0,,,,,,,false,
7426,starexec,LCL369+2.p,e3-time_bwdsubs-off,balanced,TIMEOUT,2,286.788,165204.036,,,10521,12033081,10521,11955919,3,0,,,,,,,false,
7426,starexec,LCL370+1.p,e3-time_bwdsubs-off,balanced,REFUTED,4,331.504,141061.008,93.809,166.731,12037,12088030,12036,12048918,5,0,228,11265,534,91,5,false,false,
7426,starexec,LCL372+2.p,e3-time_bwdsubs-off,balanced,TIMEOUT,2,259.801,165238.849,,,10921,12681944,10917,12602734,3,0,,,,,,,false,
7426,starexec,LCL373+2.p,e3-time_bwdsubs-off,balanced,TIMEOUT,2,275.944,165205.169,,,10763,12468155,10763,12389459,3,0,,,,,,,false,
7426,starexec,LCL374+1.p,e3-time_bwdsubs-off,balanced,REFUTED,4,340.675,164528.143,101.843,178.833,12486,13524457,12479,13483751,5,0,261,15380,609,103,5,false,false,
7426,starexec,LCL375+1.p,e3-time_bwdsubs-off,balanced,TIMEOUT,4,229.044,165236.564,,,12536,13927229,12530,13885653,5,0,,,,,,,false,
7426,starexec,LCL382+1.p,e3-time_bwdsubs-off,balanced,REFUTED,4,315.594,151102.813,103.299,178.626,12121,12202165,12120,12163059,5,0,216,10813,526,96,5,false,false,
7426,starexec,LCL382+2.p,e3-time_bwdsubs-off,balanced,TIMEOUT,2,268.297,165265.822,,,10926,12664476,10924,12585464,3,0,,,,,,,false,
7426,starexec,LCL383+1.p,e3-time_bwdsubs-off,balanced,TIMEOUT,4,242.359,165232.563,,,12311,13279623,12307,13238789,5,0,,,,,,,false,
7426,starexec,LCL390+2.p,e3-time_bwdsubs-off,balanced,TIMEOUT,2,273.777,165233.413,,,10868,12669987,10868,12590745,3,0,,,,,,,false,
7426,starexec,LCL391+2.p,e3-time_bwdsubs-off,balanced,TIMEOUT,2,262.594,165225.072,,,13539,18311663,13539,18218405,3,0,,,,,,,false,
7426,starexec,LCL392+2.p,e3-time_bwdsubs-off,balanced,TIMEOUT,2,265.102,165370.426,,,10850,12662292,10850,12583352,3,0,,,,,,,false,
7426,starexec,LCL393+1.p,e3-time_bwdsubs-off,balanced,TIMEOUT,4,232.530,165255.374,,,12782,13482578,12778,13440046,5,0,,,,,,,false,
7426,starexec,LCL393+2.p,e3-time_bwdsubs-off,balanced,TIMEOUT,2,272.216,165484.992,,,10661,12362783,10659,12284645,3,0,,,,,,,false,
7426,starexec,LCL395+1.p,e3-time_bwdsubs-off,balanced,TIMEOUT,4,244.872,165264.786,,,12518,13619725,12513,13577639,5,0,,,,,,,false,
7426,starexec,LCL395+2.p,e3-time_bwdsubs-off,balanced,TIMEOUT,2,263.170,165811.350,,,11045,12868214,11045,12788706,3,0,,,,,,,false,
7426,starexec,LCL484+1.p,e3-time_bwdsubs-off,balanced,REFUTED,44,1238.801,487.127,55.306,5355.022,118,242,111,114,74,55,1400,1190894,2945,1818,45,false,false,
7426,starexec,LCL556+1.p,e3-time_bwdsubs-off,balanced,TIMEOUT,76,751.669,165068.957,,,26892,14023444,23832,13943376,135,94,,,,,,,false,
7426,starexec,LCL638+1.020.p,e3-time_bwdsubs-off,balanced,HARD_TIMEOUT,0,0.000,,,,,,,,,,,,,,,,false,
7426,starexec,LCL646+1.010.p,e3-time_bwdsubs-off,balanced,TIMEOUT,0,4102.616,149632.357,,,100000,7179381,100000,7079382,294,146,,,,,,,false,
7426,starexec,LCL646+1.015.p,e3-time_bwdsubs-off,balanced,HARD_TIMEOUT,0,0.000,,,,,,,,,,,,,,,,false,
7426,starexec,LCL648+1.010.p,e3-time_bwdsubs-off,balanced,HARD_TIMEOUT,0,0.000,,,,,,,,,,,,,,,,false,
7426,starexec,LCL650+1.010.p,e3-time_bwdsubs-off,balanced,HARD_TIMEOUT,0,0.000,,,,,,,,,,,,,,,,false,
7426,starexec,LCL652+1.010.p,e3-time_bwdsubs-off,balanced,TIMEOUT,0,1753.153,143186.787,,,100000,11505279,99968,11393186,181,110,,,,,,,false,
7426,starexec,LCL662+1.020.p,e3-time_bwdsubs-off,balanced,HARD_TIMEOUT,1,0.000,,,,,,,,,,,,,,,,false,
7426,starexec,LCL664+1.010.p,e3-time_bwdsubs-off,balanced,TIMEOUT,1,4325.059,164638.072,,,59768,16508313,59768,16429275,295,146,,,,,,,false,
7426,starexec,LCL666+1.010.p,e3-time_bwdsubs-off,balanced,HARD_TIMEOUT,1,0.000,,,,,,,,,,,,,,,,false,
7426,starexec,LCL688+1.001.p,e3-time_bwdsubs-off,balanced,REFUTED,2,758.683,10545.112,43.411,1954.477,11235,520155,11198,494295,28,16,537,512586,1711,5041,3,false,false,
7426,starexec,LCL688+1.015.p,e3-time_bwdsubs-off,balanced,HARD_TIMEOUT,2,0.000,,,,,,,,,,,,,,,,false,
7426,starexec,LCL891+1.p,e3-time_bwdsubs-off,balanced,TIMEOUT,12,351.633,165252.204,,,2239,9117549,2086,9108899,16,3,,,,,,,false,
7426,starexec,LCL898+1.p,e3-time_bwdsubs-off,balanced,TIMEOUT,14,341.015,165518.691,,,6651,14868168,6612,14837544,16,2,,,,,,,false,
7426,starexec,LCL901+1.p,e3-time_bwdsubs-off,balanced,REFUTED,14,412.211,110795.765,65.461,276.275,2350,10491057,2295,10465722,16,1,277,16466,730,211,15,false,false,
7426,starexec,LCL978+1.p,e3-time_bwdsubs-off,balanced,TIMEOUT,2,290.456,165282.959,,,8446,15993742,8446,15909550,3,3,,,,,,,false,
7426,starexec,LCL979+1.p,e3-time_bwdsubs-off,balanced,TIMEOUT,2,301.231,165316.379,,,5325,3762362,5325,3723632,3,3,,,,,,,false,
7426,starexec,LCL982+1.p,e3-time_bwdsubs-off,balanced,REFUTED,2,258.280,135.599,37.384,191.433,24,67,23,41,3,3,108,16086,409,273,3,false,false,
7426,starexec,LCL983+1.p,e3-time_bwdsubs-off,balanced,TIMEOUT,2,328.081,165337.454,,,8800,15767916,8800,15633680,3,3,,,,,,,false,
7426,starexec,MGT005+1.p,e3-time_bwdsubs-off,balanced,REFUTED,10,920.215,5861.033,118.707,3287.878,2811,72863,2686,63950,29,13,504,1045080,3189,5235,11,false,false,
7426,starexec,MGT035+2.p,e3-time_bwdsubs-off,balanced,TIMEOUT,19,434.510,165067.520,,,20205,16394892,20205,16357878,43,5,,,,,,,false,
7426,starexec,MGT067+1.p,e3-time_bwdsubs-off,balanced,REFUTED,157,1026.995,839.138,71.524,2206.254,778,1245,773,403,177,3,1294,364246,8387,680,158,false,false,
7426,starexec,MGT068+1.p,e3-time_bwdsubs-off,balanced,TIMEOUT,59,528.137,165018.371,,,10946,19923254,10924,19876676,85,4,,,,,,,false,
7426,starexec,MGT076+1.p,e3-time_bwdsubs-off,balanced,REFUTED,34,471.911,245.916,43.679,534.721,54,110,46,54,54,4,422,60214,1887,383,35,false,false,
7426,starexec,MGT077+1.p,e3-time_bwdsubs-off,balanced,REFUTED,44,647.883,350.245,38.533,791.774,72,190,72,110,64,4,475,76399,2032,414,45,false,false,
7426,starexec,MGT078+1.p,e3-time_bwdsubs-off,balanced,REFUTED,56,607.370,462.090,35.768,885.267,180,644,180,430,80,6,539,140184,2018,619,57,false,false,
7426,starexec,MGT079+1.p,e3-time_bwdsubs-off,balanced,REFUTED,56,411.351,332.756,38.729,567.877,168,680,160,469,77,3,536,89966,2014,413,57,false,false,
7426,starexec,MGT080+1.p,e3-time_bwdsubs-off,balanced,REFUTED,73,709.493,612.491,49.841,1048.212,277,1392,256,1034,99,7,643,233460,2115,881,74,false,false,
7426,starexec,MGT082+1.p,e3-time_bwdsubs-off,balanced,REFUTED,56,657.875,506.267,65.937,762.752,180,776,172,546,80,6,568,152809,2033,635,57,false,false,
7426,starexec,MGT085+1.p,e3-time_bwdsubs-off,balanced,REFUTED,43,619.892,9088.797,42.754,579.813,2786,1573384,2784,1553589,65,6,524,142865,2023,619,44,false,false,
7426,starexec,MGT086+1.p,e3-time_bwdsubs-off,balanced,REFUTED,43,538.840,348.677,40.746,689.134,78,198,70,115,63,3,472,78452,1975,410,44,false,false,
7426,starexec,MGT088+1.p,e3-time_bwdsubs-off,balanced,REFUTED,39,628.736,291.781,23.694,766.656,49,128,49,79,59,4,447,65338,1989,393,40,false,false,
7426,starexec,MGT090+1.p,e3-time_bwdsubs-off,balanced,REFUTED,59,605.877,362.031,50.967,782.163,103,174,98,90,90,3,581,71034,2646,354,60,false,false,
7426,starexec,MGT091+1.p,e3-time_bwdsubs-off,balanced,REFUTED,46,675.547,1126.996,58.858,865.149,381,9431,381,8717,83,3,571,81016,3281,362,47,false,false,
7426,starexec,NLP147+1.p,e3-time_bwdsubs-off,balanced,REFUTED,61,1079.199,395.165,55.675,3534.995,224,251,223,94,94,12,1021,1237420,3831,15197,62,false,false,
7426,starexec,NLP260+1.p,e3-time_bwdsubs-off,balanced,TIMEOUT,1026860,19650.370,118575.004,,,100000,1053018,100000,1026861,1026861,0,,,,,,,false,
7426,starexec,NLP261+1.p,e3-time_bwdsubs-off,balanced,HARD_TIMEOUT,1026860,0.000,,,,,,,,,,,,,,,,false,
7426,starexec,NLP262+1.p,e3-time_bwdsubs-off,balanced,TIMEOUT,1026860,19655.825,106571.945,,,100000,1053018,100000,1026861,1026861,0,,,,,,,false,
7426,starexec,NUM292+1.p,e3-time_bwdsubs-off,balanced,REFUTED,401,530.243,105666.326,64.764,588.826,36244,109169,36244,72084,407,0,1446,52593,4581,303,402,false,false,
7426,starexec,NUM321+1.p,e3-time_bwdsubs-off,balanced,TIMEOUT,401,588.045,164742.295,,,44275,119320,44275,73907,407,0,,,,,,,false,
7426,starexec,NUM335+1.p,e3-time_bwdsubs-off,balanced,TIMEOUT,401,592.328,164732.504,,,44730,119903,44730,74015,408,1,,,,,,,false,
7426,starexec,NUM639+4.p,e3-time_bwdsubs-off,balanced,HARD_TIMEOUT,316,0.000,,,,,,,,,,,,,,,,false,
7426,starexec,NUM647+4.p,e3-time_bwdsubs-off,balanced,TIMEOUT,346,1224.621,164554.503,,,24383,12431267,22942,12378577,586,29,,,,,,,false,
7426,starexec,NUM653+4.p,e3-time_bwdsubs-off,balanced,TIMEOUT,393,1282.504,164534.751,,,31381,12151501,30287,12092371,673,29,,,,,,,false,
7426,starexec,NUM656+4.p,e3-time_bwdsubs-off,balanced,TIMEOUT,402,1240.379,164519.706,,,26623,12551788,25745,12498116,691,29,,,,,,,false,
7426,starexec,NUM657+4.p,e3-time_bwdsubs-off,balanced,TIMEOUT,405,1293.786,164461.816,,,25604,12436589,24400,12384619,697,29,,,,,,,false,
7426,starexec,NUM658+4.p,e3-time_bwdsubs-off,balanced,TIMEOUT,408,1309.038,164578.286,,,22147,15097541,21279,15055565,703,29,,,,,,,false,
7426,starexec,NUM663+4.p,e3-time_bwdsubs-off,balanced,TIMEOUT,419,1314.682,164531.316,,,29436,13131302,27916,13078558,727,29,,,,,,,false,
7426,starexec,NUM664+4.p,e3-time_bwdsubs-off,balanced,TIMEOUT,423,1293.647,164456.456,,,25981,14183819,25355,14134465,736,29,,,,,,,false,
7426,starexec,NUM669+4.p,e3-time_bwdsubs-off,balanced,TIMEOUT,443,1367.367,164484.409,,,24002,12239882,23094,12191178,776,29,,,,,,,false,
7426,starexec,NUM671+4.p,e3-time_bwdsubs-off,balanced,TIMEOUT,453,1332.222,164202.959,,,28834,13754097,27305,13699121,795,29,,,,,,,false,
7426,starexec,NUM689+4.p,e3-time_bwdsubs-off,balanced,TIMEOUT,554,1472.382,164745.055,,,31023,10735136,29900,10687088,1006,29,,,,,,,false,
7426,starexec,NUM690+4.p,e3-time_bwdsubs-off,balanced,TIMEOUT,559,1494.384,164608.004,,,29777,11946733,28628,11881922,1017,29,,,,,,,false,
7426,starexec,NUM691+4.p,e3-time_bwdsubs-off,balanced,TIMEOUT,564,1460.578,164359.500,,,27176,12520631,25980,12470939,1028,29,,,,,,,false,
7426,starexec,NUM694+4.p,e3-time_bwdsubs-off,balanced,TIMEOUT,572,1470.096,164428.167,,,31283,12095119,30840,12037291,1043,29,,,,,,,false,
7426,starexec,NUM695+4.p,e3-time_bwdsubs-off,balanced,TIMEOUT,574,1535.892,164443.858,,,29869,11193911,28652,11126351,1046,29,,,,,,,false,
7426,starexec,NUM698+4.p,e3-time_bwdsubs-off,balanced,TIMEOUT,585,1481.135,167382.987,,,30145,11794504,29352,11733618,1067,29,,,,,,,false,
7426,starexec,NUM707+4.p,e3-time_bwdsubs-off,balanced,TIMEOUT,634,1483.832,164329.097,,,31086,10322679,29420,10257609,1149,29,,,,,,,false,
7426,starexec,NUM709+4.p,e3-time_bwdsubs-off,balanced,TIMEOUT,639,1595.742,164480.990,,,31133,11862535,30040,11800133,1157,29,,,,,,,false,
7426,starexec,NUM743+4.p,e3-time_bwdsubs-off,balanced,TIMEOUT,907,1745.733,164846.687,,,37872,10949957,37559,10894363,1679,33,,,,,,,false,
7426,starexec,NUM747+4.p,e3-time_bwdsubs-off,balanced,TIMEOUT,943,1776.284,165280.680,,,31786,9660605,29481,9595857,1750,33,,,,,,,false,
7426,starexec,NUM750+4.p,e3-time_bwdsubs-off,balanced,TIMEOUT,964,1694.189,164122.846,,,30532,10188251,30255,10141239,1788,33,,,,,,,false,
7426,starexec,NUM757+4.p,e3-time_bwdsubs-off,balanced,TIMEOUT,1012,1779.197,164174.547,,,32641,13304932,31721,13247470,1888,33,,,,,,,false,
7426,starexec,NUM783+4.p,e3-time_bwdsubs-off,balanced,TIMEOUT,1257,1914.023,166263.206,,,42319,8659536,41934,8597329,2380,33,,,,,,,false,
7426,starexec,NUM785+4.p,e3-time_bwdsubs-off,balanced,HARD_TIMEOUT,1274,0.000,,,,,,,,,,,,,,,,false,
7426,starexec,NUM786+4.p,e3-time_bwdsubs-off,balanced,TIMEOUT,1277,1774.318,164111.020,,,45243,9014009,44543,8938937,2419,33,,,,,,,false,
7426,starexec,NUM787+4.p,e3-time_bwdsubs-off,balanced,TIMEOUT,1280,1814.976,164587.415,,,35705,8754944,35002,8679186,2425,33,,,,,,,false,
7426,starexec,NUM789+4.p,e3-time_bwdsubs-off,balanced,TIMEOUT,1286,1808.830,164589.112,,,38704,9701875,38327,9644602,2437,33,,,,,,,false,
7426,starexec,NUM795+4.p,e3-time_bwdsubs-off,balanced,TIMEOUT,1411,1875.210,164027.636,,,36386,11641063,36129,11583669,2687,33,,,,,,,false,
7426,starexec,NUM796+4.p,e3-time_bwdsubs-off,balanced,TIMEOUT,1416,2032.591,164021.371,,,42789,9422235,42430,9350013,2698,33,,,,,,,false,
7426,starexec,NUM835+1.p,e3-time_bwdsubs-off,balanced,REFUTED,38,561.759,353.812,41.755,653.968,32,127,32,87,49,4,527,72943,1620,572,39,false,false,
7426,starexec,NUM840+1.p,e3-time_bwdsubs-off,balanced,REFUTED,38,630.879,5362.425,75.644,696.229,1654,191216,1637,187187,47,4,528,47048,1893,225,39,false,false,
7426,starexec,NUM853+2.p,e3-time_bwdsubs-off,balanced,REFUTED,36,603.269,2444.191,73.595,682.067,764,33739,741,32257,41,4,520,45815,1785,225,37,false,false,
7426,starexec,NUM859+1.p,e3-time_bwdsubs-off,balanced,TIMEOUT,13,432.782,165139.524,,,17130,21187518,16399,21141041,30,6,,,,,,,false,
7426,starexec,NUM860+1.p,e3-time_bwdsubs-off,balanced,TIMEOUT,13,422.434,166273.781,,,16063,22446411,16063,22406903,30,6,,,,,,,false,
7426,starexec,NUN054+1.p,e3-time_bwdsubs-off,balanced,REFUTED,18,838.987,765.544,65.179,1751.926,588,5228,587,4430,59,20,698,430207,2765,1111,19,false,false,
7426,starexec,NUN054+2.p,e3-time_bwdsubs-off,balanced,REFUTED,11,820.752,331.377,66.632,1813.970,62,101,51,35,40,20,605,377804,2150,1111,12,false,false,
7426,starexec,NUN056+1.p,e3-time_bwdsubs-off,balanced,TIMEOUT,18,513.731,165133.636,,,43448,14899113,43435,14780074,59,20,,,,,,,false,
7426,starexec,NUN057+1.p,e3-time_bwdsubs-off,balanced,TIMEOUT,18,527.234,165113.140,,,47016,14918777,46998,14807869,59,20,,,,,,,false,
7426,starexec,NUN060+1.p,e3-time_bwdsubs-off,balanced,REFUTED,18,866.116,324.481,51.350,1796.240,47,135,46,85,59,20,651,384423,2741,1121,19,false,false,
7426,starexec,NUN062+1.p,e3-time_bwdsubs-off,balanced,REFUTED,18,838.937,337.935,53.320,1869.417,74,269,63,177,60,22,687,443593,2697,1167,19,false,false,
7426,starexec,NUN065+1.p,e3-time_bwdsubs-off,balanced,REFUTED,18,800.139,7335.199,42.698,1164.952,6453,641682,6169,616096,63,24,812,560120,2838,1221,19,false,false,
7426,starexec,NUN066+1.p,e3-time_bwdsubs-off,balanced,REFUTED,18,1003.685,2977.754,60.152,2412.964,2255,90607,2219,85230,64,25,827,610894,2915,1294,19,false,false,
7426,starexec,NUN075+1.p,e3-time_bwdsubs-off,balanced,REFUTED,18,1036.203,3313.167,152.182,2500.558,2097,50373,2095,46701,59,20,1010,785479,3693,1349,19,false,false,
7426,starexec,NUN076+1.p,e3-time_bwdsubs-off,balanced,REFUTED,18,702.121,313.061,31.472,1150.447,206,828,205,602,59,20,677,412202,2781,1123,19,false,false,
7426,starexec,NUN080+1.p,e3-time_bwdsubs-off,balanced,REFUTED,18,835.554,290.421,39.000,1742.940,43,122,42,76,59,20,630,363810,2666,1099,19,false,false,
7426,starexec,NUN082+1.p,e3-time_bwdsubs-off,balanced,REFUTED,18,888.134,2776.771,72.673,1759.667,2281,84394,2238,79589,59,20,729,453117,2786,1094,19,false,false,
7426,starexec,NUN085+1.p,e3-time_bwdsubs-off,balanced,REFUTED,18,1018.419,22299.563,74.655,2102.353,12726,2423309,12689,2389564,64,25,800,603619,2804,1268,19,false,false,
7426,starexec,NUN086+1.p,e3-time_bwdsubs-off,balanced,REFUTED,18,882.495,2939.674,71.343,1827.685,2362,88188,2322,82897,59,20,734,460889,2798,1100,19,false,false,
7426,starexec,PRD001+1.p,e3-time_bwdsubs-off,balanced,TIMEOUT,1614,837.620,164358.562,,,76636,945653,75531,773900,1615,0,,,,,,,false,
7426,starexec,PRO011+1.p,e3-time_bwdsubs-off,balanced,REFUTED,48,1170.373,678.136,67.845,3044.348,360,1574,349,1077,95,23,1077,745091,4798,1681,49,false,false,
7426,starexec,PUZ129+2.p,e3-time_bwdsubs-off,balanced,REFUTED,0,612.216,295.930,59.496,959.530,35,41,33,18,18,8,289,157494,1012,1381,1,false,false,
7426,starexec,PUZ133+1.p,e3-time_bwdsubs-off,balanced,TIMEOUT,9,384.594,165160.598,,,37591,14448378,37148,14268243,24,3,,,,,,,false,
7426,starexec,REL020+2.p,e3-time_bwdsubs-off,balanced,TIMEOUT,16,349.007,165156.846,,,3384,8656683,2414,8638371,18,2,,,,,,,false,
7426,starexec,REL021+1.p,e3-time_bwdsubs-off,balanced,TIMEOUT,13,318.114,165307.107,,,2233,11389434,1947,11363798,15,2,,,,,,,false,
7426,starexec,REL040+2.p,e3-time_bwdsubs-off,balanced,TIMEOUT,13,362.873,165241.771,,,2270,11134528,2025,11107582,15,3,,,,,,,false,
7426,starexec,SCT115+1.p,e3-time_bwdsubs-off,balanced,TIMEOUT,527,2124.737,164327.067,,,21879,10094236,21334,10048796,869,121,,,,,,,false,
7426,starexec,SCT117+1.p,e3-time_bwdsubs-off,balanced,TIMEOUT,527,2184.506,166000.515,,,22969,10190892,22701,10145742,873,122,,,,,,,false,
7426,starexec,SCT120+1.p,e3-time_bwdsubs-off,balanced,TIMEOUT,526,2006.103,164331.946,,,19936,10297187,19303,10247347,794,100,,,,,,,false,
7426,starexec,SCT123+1.p,e3-time_bwdsubs-off,balanced,TIMEOUT,528,2142.472,164188.468,,,14330,7890647,13491,7859169,826,115,,,,,,,false,
7426,starexec,SCT124+1.p,e3-time_bwdsubs-off,balanced,TIMEOUT,528,2106.865,164625.201,,,13815,8211381,13660,8178077,804,105,,,,,,,false,
7426,starexec,SCT125+1.p,e3-time_bwdsubs-off,balanced,TIMEOUT,528,2183.386,166298.188,,,13403,8290603,13121,8260105,819,106,,,,,,,false,
7426,starexec,SCT155+1.p,e3-time_bwdsubs-off,balanced,TIMEOUT,528,1665.577,164219.846,,,25066,9789717,24701,9739499,831,111,,,,,,,false,
7426,starexec,SCT158+1.p,e3-time_bwdsubs-off,balanced,TIMEOUT,528,1980.942,164400.558,,,22574,10370072,22180,10324228,832,110,,,,,,,false,
7426,starexec,SCT170+3.p,e3-time_bwdsubs-off,balanced,TIMEOUT,1578,3743.014,163769.410,,,41375,7493916,40853,7400494,2785,640,,,,,,,false,
7426,starexec,SET017+1.p,e3-time_bwdsubs-off,balanced,REFUTED,43,851.929,591.903,68.755,1192.135,192,881,187,653,93,10,682,196327,2725,651,44,false,false,
7426,starexec,SET101+1.p,e3-time_bwdsubs-off,balanced,REFUTED,43,737.460,849.702,49.660,1045.604,354,4250,338,3718,90,9,657,137446,2654,486,44,false,false,
7426,starexec,SET716+4.p,e3-time_bwdsubs-off,balanced,TIMEOUT,28,1154.411,165149.317,,,25210,13892736,25178,13843672,160,54,,,,,,,false,
7426,starexec,SET733+4.p,e3-time_bwdsubs-off,balanced,HARD_TIMEOUT,28,0.000,,,,,,,,,,,,,,,,false,
7426,starexec,SET817+4.p,e3-time_bwdsubs-off,balanced,TIMEOUT,22,559.646,165182.015,,,26159,16308957,26154,16258501,80,20,,,,,,,false,
7426,starexec,SET964+1.p,e3-time_bwdsubs-off,balanced,REFUTED,12,873.149,448.664,65.503,1512.703,94,437,85,334,33,13,494,248471,1878,1509,13,false,false,
7426,starexec,SEU269+1.p,e3-time_bwdsubs-off,balanced,TIMEOUT,51,544.832,166855.891,,,1575,1772642,1553,1769076,92,18,,,,,,,false,
7426,starexec,SEU427+4.p,e3-time_bwdsubs-off,balanced,HARD_TIMEOUT,71107,0.000,,,,,,,,,,,,,,,,false,
7426,starexec,SEU440+4.p,e3-time_bwdsubs-off,balanced,HARD_TIMEOUT,71133,0.000,,,,,,,,,,,,,,,,false,
7426,starexec,SEV522+1.p,e3-time_bwdsubs-off,balanced,TIMEOUT,19,689.173,165166.298,,,19299,15272527,18133,15233453,96,32,,,,,,,false,
7426,starexec,SEV563+1.p,e3-time_bwdsubs-off,balanced,KILLED,,0.000,,,,,,,,,,,,,,,,false,killed before finishing
7426,starexec,SEV569+1.p,e3-time_bwdsubs-off,balanced,REFUTED,25,1039.883,1683.674,92.798,2054.814,909,19882,871,18608,80,17,922,427364,2792,955,26,false,false,
7426,starexec,SEV581+1.p,e3-time_bwdsubs-off,balanced,TIMEOUT,25,527.423,165907.837,,,20132,13094234,19485,13038198,80,17,,,,,,,false,
7426,starexec,SEV606+1.p,e3-time_bwdsubs-off,balanced,HARD_TIMEOUT,1727,0.000,,,,,,,,,,,,,,,,false,
7426,starexec,SEV607+1.p,e3-time_bwdsubs-off,balanced,HARD_TIMEOUT,2360,0.000,,,,,,,,,,,,,,,,false,
7426,starexec,SEV608+1.p,e3-time_bwdsubs-off,balanced,HARD_TIMEOUT,2867,0.000,,,,,,,,,,,,,,,,false,
7426,starexec,SEV609+1.p,e3-time_bwdsubs-off,balanced,HARD_TIMEOUT,2900,0.000,,,,,,,,,,,,,,,,false,
7426,starexec,SEV610+1.p,e3-time_bwdsubs-off,balanced,HARD_TIMEOUT,2777,0.000,,,,,,,,,,,,,,,,false,
7426,starexec,SEV612+1.p,e3-time_bwdsubs-off,balanced,HARD_TIMEOUT,2852,0.000,,,,,,,,,,,,,,,,false,
7426,starexec,SEV616+1.p,e3-time_bwdsubs-off,balanced,HARD_TIMEOUT,2862,0.000,,,,,,,,,,,,,,,,false,
7426,starexec,SEV618+1.p,e3-time_bwdsubs-off,balanced,HARD_TIMEOUT,2435,0.000,,,,,,,,,,,,,,,,false,
7426,starexec,SEV620+1.p,e3-time_bwdsubs-off,balanced,HARD_TIMEOUT,2723,0.000,,,,,,,,,,,,,,,,false,
7426,starexec,SEV621+1.p,e3-time_bwdsubs-off,balanced,HARD_TIMEOUT,2708,0.000,,,,,,,,,,,,,,,,false,
7426,starexec,SEV622+1.p,e3-time_bwdsubs-off,balanced,HARD_TIMEOUT,2761,0.000,,,,,,,,,,,,,,,,false,
7426,starexec,SEV625+1.p,e3-time_bwdsubs-off,balanced,HARD_TIMEOUT,2847,0.000,,,,,,,,,,,,,,,,false,
7426,starexec,SEV626+1.p,e3-time_bwdsubs-off,balanced,HARD_TIMEOUT,2838,0.000,,,,,,,,,,,,,,,,false,
7426,starexec,SEV627+1.p,e3-time_bwdsubs-off,balanced,HARD_TIMEOUT,2813,0.000,,,,,,,,,,,,,,,,false,
7426,starexec,SEV629+1.p,e3-time_bwdsubs-off,balanced,HARD_TIMEOUT,2962,0.000,,,,,,,,,,,,,,,,false,
7426,starexec,SEV630+1.p,e3-time_bwdsubs-off,balanced,HARD_TIMEOUT,2559,0.000,,,,,,,,,,,,,,,,false,
7426,starexec,SEV631+1.p,e3-time_bwdsubs-off,balanced,HARD_TIMEOUT,3117,0.000,,,,,,,,,,,,,,,,false,
7426,starexec,SEV634+1.p,e3-time_bwdsubs-off,balanced,HARD_TIMEOUT,2534,0.000,,,,,,,,,,,,,,,,false,
7426,starexec,SEV636+1.p,e3-time_bwdsubs-off,balanced,EXHAUSTED,2935,8254.193,433.348,,,0,0,0,0,7455,2111,,,,,,,false,StackOverflowError:  at MurmurHash3.productHash:69
7426,starexec,SEV637+1.p,e3-time_bwdsubs-off,balanced,HARD_TIMEOUT,2981,0.000,,,,,,,,,,,,,,,,false,
7426,starexec,SEV640+1.p,e3-time_bwdsubs-off,balanced,HARD_TIMEOUT,2766,0.000,,,,,,,,,,,,,,,,false,
7426,starexec,SEV641+1.p,e3-time_bwdsubs-off,balanced,HARD_TIMEOUT,3078,0.000,,,,,,,,,,,,,,,,false,
7426,starexec,SEV643+1.p,e3-time_bwdsubs-off,balanced,HARD_TIMEOUT,2960,0.000,,,,,,,,,,,,,,,,false,
7426,starexec,SEV644+1.p,e3-time_bwdsubs-off,balanced,HARD_TIMEOUT,2363,0.000,,,,,,,,,,,,,,,,false,
7426,starexec,SEV645+1.p,e3-time_bwdsubs-off,balanced,HARD_TIMEOUT,1984,0.000,,,,,,,,,,,,,,,,false,
7426,starexec,SEV650+1.p,e3-time_bwdsubs-off,balanced,HARD_TIMEOUT,3015,0.000,,,,,,,,,,,,,,,,false,
7426,starexec,SEV651+1.p,e3-time_bwdsubs-off,balanced,EXHAUSTED,2743,6268.707,161445.666,,,0,0,0,0,6197,1560,,,,,,,false,OutOfMemoryError: Java heap space at Arrays.copyOf:3623
7426,starexec,SEV654+1.p,e3-time_bwdsubs-off,balanced,EXHAUSTED,3190,7997.874,149155.346,,,0,0,0,0,9000,2918,,,,,,,false,OutOfMemoryError: Java heap space at Arrays.copyOf:3623
7426,starexec,SEV655+1.p,e3-time_bwdsubs-off,balanced,EXHAUSTED,3248,9108.913,135389.843,,,0,0,0,0,8269,2524,,,,,,,false,OutOfMemoryError: Java heap space at Arrays.copyOf:3623
7426,starexec,SEV656+1.p,e3-time_bwdsubs-off,balanced,EXHAUSTED,3041,9412.014,150027.000,,,0,0,0,0,7990,2439,,,,,,,false,OutOfMemoryError: Java heap space at Arrays.copyOf:3623
7426,starexec,SEV657+1.p,e3-time_bwdsubs-off,balanced,EXHAUSTED,3067,7925.371,154588.503,,,0,0,0,0,7330,1961,,,,,,,false,OutOfMemoryError: Java heap space at Arrays.copyOf:3623
7426,starexec,SEV660+1.p,e3-time_bwdsubs-off,balanced,HARD_TIMEOUT,2689,0.000,,,,,,,,,,,,,,,,false,
7426,starexec,SEV661+1.p,e3-time_bwdsubs-off,balanced,HARD_TIMEOUT,2456,0.000,,,,,,,,,,,,,,,,false,
7426,starexec,SEV667+1.p,e3-time_bwdsubs-off,balanced,HARD_TIMEOUT,2862,0.000,,,,,,,,,,,,,,,,false,
7426,starexec,SEV668+1.p,e3-time_bwdsubs-off,balanced,HARD_TIMEOUT,2820,0.000,,,,,,,,,,,,,,,,false,
7426,starexec,SEV671+1.p,e3-time_bwdsubs-off,balanced,HARD_TIMEOUT,2497,0.000,,,,,,,,,,,,,,,,false,
7426,starexec,SEV673+1.p,e3-time_bwdsubs-off,balanced,HARD_TIMEOUT,2701,0.000,,,,,,,,,,,,,,,,false,
7426,starexec,SEV675+1.p,e3-time_bwdsubs-off,balanced,HARD_TIMEOUT,3187,0.000,,,,,,,,,,,,,,,,false,
7426,starexec,SEV676+1.p,e3-time_bwdsubs-off,balanced,HARD_TIMEOUT,3004,0.000,,,,,,,,,,,,,,,,false,
7426,starexec,SEV677+1.p,e3-time_bwdsubs-off,balanced,HARD_TIMEOUT,3185,0.000,,,,,,,,,,,,,,,,false,
7426,starexec,SEV678+1.p,e3-time_bwdsubs-off,balanced,HARD_TIMEOUT,2924,0.000,,,,,,,,,,,,,,,,false,
7426,starexec,SEV679+1.p,e3-time_bwdsubs-off,balanced,HARD_TIMEOUT,3356,0.000,,,,,,,,,,,,,,,,false,
7426,starexec,SWB012+1.p,e3-time_bwdsubs-off,balanced,TIMEOUT,559,2460.262,164804.653,,,48287,15556120,48245,15481228,1392,275,,,,,,,false,
7426,starexec,SWB013+2.p,e3-time_bwdsubs-off,balanced,TIMEOUT,8,661.280,165184.362,,,30053,11636757,30047,11597701,62,19,,,,,,,false,
7426,starexec,SWB017+1.p,e3-time_bwdsubs-off,balanced,HARD_TIMEOUT,559,0.000,,,,,,,,,,,,,,,,false,
7426,starexec,SWB020+1.p,e3-time_bwdsubs-off,balanced,TIMEOUT,559,2520.363,166108.518,,,48340,15633576,48286,15556884,1394,278,,,,,,,false,
7426,starexec,SWB021+2.p,e3-time_bwdsubs-off,balanced,REFUTED,7,1154.960,7067.752,119.024,3810.365,2961,188389,2960,174560,78,17,752,1387251,3336,3856,8,false,false,
7426,starexec,SWB023+1.p,e3-time_bwdsubs-off,balanced,HARD_TIMEOUT,559,0.000,,,,,,,,,,,,,,,,false,
7426,starexec,SWB027+1.p,e3-time_bwdsubs-off,balanced,TIMEOUT,559,2501.235,164843.074,,,48011,15881393,47957,15804709,1385,274,,,,,,,false,
7426,starexec,SWB032+1.p,e3-time_bwdsubs-off,balanced,HARD_TIMEOUT,558,0.000,,,,,,,,,,,,,,,,false,
7426,starexec,SWB040+1.p,e3-time_bwdsubs-off,balanced,TIMEOUT,559,2451.217,164816.742,,,48029,16460879,47981,16383861,1382,271,,,,,,,false,
7426,starexec,SWB042+1.p,e3-time_bwdsubs-off,balanced,TIMEOUT,559,2321.238,164730.532,,,48574,14812594,48570,14732252,1394,277,,,,,,,false,
7426,starexec,SWB046+1.p,e3-time_bwdsubs-off,balanced,HARD_TIMEOUT,559,0.000,,,,,,,,,,,,,,,,false,
7426,starexec,SWB047+1.p,e3-time_bwdsubs-off,balanced,HARD_TIMEOUT,559,0.000,,,,,,,,,,,,,,,,false,
7426,starexec,SWB053+1.p,e3-time_bwdsubs-off,balanced,HARD_TIMEOUT,559,0.000,,,,,,,,,,,,,,,,false,
7426,starexec,SWB055+1.p,e3-time_bwdsubs-off,balanced,TIMEOUT,559,2221.957,164790.820,,,51482,15889228,51478,15808288,1385,274,,,,,,,false,
7426,starexec,SWB063+1.p,e3-time_bwdsubs-off,balanced,HARD_TIMEOUT,559,0.000,,,,,,,,,,,,,,,,false,
7426,starexec,SWB068+1.p,e3-time_bwdsubs-off,balanced,TIMEOUT,559,2206.228,164843.320,,,58409,14331541,58405,14251817,1388,274,,,,,,,false,
7426,starexec,SWB073+1.p,e3-time_bwdsubs-off,balanced,HARD_TIMEOUT,559,0.000,,,,,,,,,,,,,,,,false,
7426,starexec,SWB090+1.p,e3-time_bwdsubs-off,balanced,TIMEOUT,559,2401.839,164847.219,,,47646,16256606,47592,16180162,1386,271,,,,,,,false,
7426,starexec,SWB091+1.p,e3-time_bwdsubs-off,balanced,TIMEOUT,559,2150.126,164757.219,,,47158,15236930,47110,15162510,1392,275,,,,,,,false,
7426,starexec,SWB093+1.p,e3-time_bwdsubs-off,balanced,TIMEOUT,559,2502.081,164792.170,,,47388,15994129,47334,15917817,1385,271,,,,,,,false,
7426,starexec,SWB095+1.p,e3-time_bwdsubs-off,balanced,TIMEOUT,559,2419.589,164666.776,,,46948,15534982,46894,15459732,1386,271,,,,,,,false,
7426,starexec,SWB099+1.p,e3-time_bwdsubs-off,balanced,TIMEOUT,559,2389.522,164816.436,,,47805,16382196,47751,16305076,1384,271,,,,,,,false,
7426,starexec,SWB103+1.p,e3-time_bwdsubs-off,balanced,TIMEOUT,559,2031.719,164913.372,,,46857,16241706,46815,16167588,1393,273,,,,,,,false,
7426,starexec,SWC012+1.p,e3-time_bwdsubs-off,balanced,REFUTED,95,2535.757,6913.621,89.893,16528.924,9260,185761,9180,173757,220,62,2744,5518823,11635,5088,96,false,false,
7426,starexec,SWV014+1.p,e3-time_bwdsubs-off,balanced,REFUTED,28,442.356,259.329,56.879,367.580,63,82,63,38,38,0,286,16588,1575,227,29,false,false,
7426,starexec,SWV041+1.p,e3-time_bwdsubs-off,balanced,REFUTED,99,1962.805,591.871,65.338,9337.249,165,777,146,589,178,42,1787,3051141,7596,3656,100,false,false,
7426,starexec,SWV114+1.p,e3-time_bwdsubs-off,balanced,TIMEOUT,101,879.365,165207.915,,,39545,14539305,39288,14455323,199,52,,,,,,,false,
7426,starexec,SWV202+1.p,e3-time_bwdsubs-off,balanced,TIMEOUT,91,867.420,165028.332,,,34682,17801465,34573,17722211,203,42,,,,,,,false,
7426,starexec,SWV203+1.p,e3-time_bwdsubs-off,balanced,TIMEOUT,91,858.427,164953.538,,,35136,17033166,35020,16952608,203,42,,,,,,,false,
7426,starexec,SWV234+1.p,e3-time_bwdsubs-off,balanced,TIMEOUT,25,345.622,165302.652,,,6965,10841776,6958,10798404,26,0,,,,,,,false,
7426,starexec,SWV234+2.p,e3-time_bwdsubs-off,balanced,REFUTED,21,343.676,63242.052,57.493,157.073,1207,4443819,1197,4428793,22,0,279,9365,750,111,22,false,false,
7426,starexec,SWV390+1.p,e3-time_bwdsubs-off,balanced,REFUTED,42,589.789,373.400,34.049,692.657,98,304,97,172,55,6,578,103666,2824,461,43,false,false,
7426,starexec,SWV406+1.p,e3-time_bwdsubs-off,balanced,REFUTED,41,874.728,85488.338,87.673,1796.714,3473,2903898,2746,2893424,59,9,759,469327,3118,4101,42,false,false,
7426,starexec,SWV452+1.p,e3-time_bwdsubs-off,balanced,TIMEOUT,66,760.173,165194.087,,,21101,25306446,20766,25190238,130,13,,,,,,,false,
7426,starexec,SWV453+1.p,e3-time_bwdsubs-off,balanced,HARD_TIMEOUT,66,0.000,,,,,,,,,,,,,,,,false,
7426,starexec,SWV467+1.p,e3-time_bwdsubs-off,balanced,TIMEOUT,66,836.661,164995.811,,,17407,22919906,17244,22786900,139,14,,,,,,,false,
7426,starexec,SWV473+1.p,e3-time_bwdsubs-off,balanced,TIMEOUT,66,778.605,165041.751,,,16031,22333545,15997,22227037,126,14,,,,,,,false,
7426,starexec,SWV474+1.p,e3-time_bwdsubs-off,balanced,TIMEOUT,66,808.135,164866.649,,,16683,24122766,16605,24018128,132,14,,,,,,,false,
7426,starexec,SWV479+1.p,e3-time_bwdsubs-off,balanced,TIMEOUT,66,924.309,164962.694,,,17361,22210875,17266,22080687,142,15,,,,,,,false,
7426,starexec,SWV487+3.p,e3-time_bwdsubs-off,balanced,TIMEOUT,12,397.211,165237.670,,,17299,19111302,17252,19051591,23,3,,,,,,,false,
7426,starexec,SWV488+3.p,e3-time_bwdsubs-off,balanced,REFUTED,12,504.091,268.387,36.999,447.885,26,63,21,36,24,3,240,39985,954,553,13,false,false,
7426,starexec,SWW102+1.p,e3-time_bwdsubs-off,balanced,TIMEOUT,44,462.482,165190.402,,,5247,12475327,5233,12459501,89,12,,,,,,,false,
7426,starexec,SWW186+1.p,e3-time_bwdsubs-off,balanced,TIMEOUT,1181,1697.482,164128.636,,,25765,13593468,25132,13487176,1568,29,,,,,,,false,
7426,starexec,SWW278+1.p,e3-time_bwdsubs-off,balanced,TIMEOUT,1199,1757.940,163960.424,,,27040,12839473,26140,12746313,1586,36,,,,,,,false,
7426,starexec,SWW279+1.p,e3-time_bwdsubs-off,balanced,TIMEOUT,1213,1707.808,164086.144,,,27457,11388875,26100,11296467,1647,38,,,,,,,false,
7426,starexec,SWW298+1.p,e3-time_bwdsubs-off,balanced,HARD_TIMEOUT,5224,0.000,,,,,,,,,,,,,,,,false,
7426,starexec,SWW350+1.p,e3-time_bwdsubs-off,balanced,HARD_TIMEOUT,5228,0.000,,,,,,,,,,,,,,,,false,
7426,starexec,SWW374+1.p,e3-time_bwdsubs-off,balanced,HARD_TIMEOUT,5248,0.000,,,,,,,,,,,,,,,,false,
7426,starexec,SWW394+1.p,e3-time_bwdsubs-off,balanced,HARD_TIMEOUT,5223,0.000,,,,,,,,,,,,,,,,false,
7426,starexec,SWW470+5.p,e3-time_bwdsubs-off,balanced,REFUTED,162,2500.543,8107.126,57.128,16267.650,2689,279761,2135,273983,240,52,3102,12976319,21717,10205,163,false,false,
7426,starexec,SWW473+2.p,e3-time_bwdsubs-off,balanced,HARD_TIMEOUT,916,0.000,,,,,,,,,,,,,,,,false,
7426,starexec,SWW473+6.p,e3-time_bwdsubs-off,balanced,REFUTED,608,7662.633,3329.159,96.799,90127.015,994,23165,927,21579,845,87,9085,37289817,56288,10957,609,false,false,
7426,starexec,SWW474+3.p,e3-time_bwdsubs-off,balanced,TIMEOUT,1440,3082.224,163813.651,,,28401,8461114,27128,8395850,2284,309,,,,,,,false,
7426,starexec,SWW937+1.p,e3-time_bwdsubs-off,balanced,TIMEOUT,28,778.896,165139.721,,,11103,12639626,11097,12606590,181,24,,,,,,,false,
7426,starexec,SWW961+1.p,e3-time_bwdsubs-off,balanced,REFUTED,176,601.332,481.755,67.794,543.280,193,242,185,177,177,0,947,22877,2965,207,177,false,false,
7426,starexec,SWX051+1.p,e3-time_bwdsubs-off,balanced,HARD_TIMEOUT,292,0.000,,,,,,,,,,,,,,,,false,
7426,starexec,SWX185+1.p,e3-time_bwdsubs-off,balanced,TIMEOUT,40,319.914,165169.730,,,3156,6966263,3126,6960057,41,0,,,,,,,false,
7426,starexec,SWX187+1.p,e3-time_bwdsubs-off,balanced,REFUTED,16,395.689,6434.044,143.490,419.734,2408,42329,2396,34920,18,0,361,40118,1113,275,17,false,false,
7426,starexec,SWX189+1.p,e3-time_bwdsubs-off,balanced,HARD_TIMEOUT,53,0.000,,,,,,,,,,,,,,,,false,
7426,starexec,SWX194+1.p,e3-time_bwdsubs-off,balanced,TIMEOUT,71,400.208,165056.134,,,7908,10184873,7824,10168909,72,0,,,,,,,false,
7426,starexec,SWX197+1.p,e3-time_bwdsubs-off,balanced,TIMEOUT,73,413.919,165009.260,,,5870,8083448,5482,8064359,74,0,,,,,,,false,
7426,starexec,SWX199+1.p,e3-time_bwdsubs-off,balanced,REFUTED,12,379.722,2702.969,102.932,313.833,124,39878,119,39125,14,0,260,20048,722,132,13,false,false,
7426,starexec,SWX200+1.p,e3-time_bwdsubs-off,balanced,REFUTED,15,371.690,231.338,42.704,224.638,16,24,14,19,19,0,161,7737,550,143,16,false,false,
7426,starexec,SWX201+1.p,e3-time_bwdsubs-off,balanced,TIMEOUT,28,305.263,165408.133,,,2393,4633103,2370,4628497,30,0,,,,,,,false,
7426,starexec,SWX202+1.p,e3-time_bwdsubs-off,balanced,TIMEOUT,28,334.598,165377.237,,,2491,3808635,2479,3803499,30,0,,,,,,,false,
7426,starexec,SWX203+1.p,e3-time_bwdsubs-off,balanced,REFUTED,21,399.932,3529.821,158.831,465.531,1316,29790,1314,23514,29,0,517,31883,1041,143,22,false,false,
7426,starexec,SWX209+1.p,e3-time_bwdsubs-off,balanced,TIMEOUT,49,323.360,165364.125,,,5344,7836083,5133,7816499,56,0,,,,,,,false,
7426,starexec,SWX210+1.p,e3-time_bwdsubs-off,balanced,TIMEOUT,49,361.610,167493.709,,,4888,6818313,4709,6800653,56,0,,,,,,,false,
7426,starexec,SWX211+1.p,e3-time_bwdsubs-off,balanced,TIMEOUT,49,336.549,165172.698,,,5131,7106588,4644,7086470,56,0,,,,,,,false,
7426,starexec,SWX212+1.p,e3-time_bwdsubs-off,balanced,TIMEOUT,49,370.581,168108.972,,,9670,9623651,9644,9605605,57,0,,,,,,,false,
7426,starexec,SWX217+1.p,e3-time_bwdsubs-off,balanced,TIMEOUT,23,285.209,165205.031,,,9588,7444056,9005,7416638,25,0,,,,,,,false,
7426,starexec,SWX219+1.p,e3-time_bwdsubs-off,balanced,REFUTED,31,411.090,5746.799,55.997,223.622,5396,17248,5396,9382,36,0,352,19211,1287,181,32,false,false,
7426,starexec,SWX220+1.p,e3-time_bwdsubs-off,balanced,REFUTED,31,440.822,3103.588,78.697,349.425,2743,8889,2743,5093,36,0,349,19353,1294,194,32,false,false,
7426,starexec,SWX221+1.p,e3-time_bwdsubs-off,balanced,REFUTED,35,439.714,2970.421,91.922,340.087,2561,5665,2560,2769,43,0,408,24485,1516,181,36,false,false,
7426,starexec,SWX222+1.p,e3-time_bwdsubs-off,balanced,REFUTED,35,434.374,570.821,62.198,368.608,214,358,212,127,43,0,339,15785,1318,181,36,false,false,
7426,starexec,SWX223+1.p,e3-time_bwdsubs-off,balanced,REFUTED,35,426.448,729.047,85.670,353.312,362,737,360,337,43,0,390,21822,1444,181,36,false,false,
7426,starexec,SWX224+1.p,e3-time_bwdsubs-off,balanced,REFUTED,31,440.944,1100.438,73.628,410.901,697,1903,694,1007,36,0,322,15887,1209,181,32,false,false,
7426,starexec,SWX240_1.p,e3-time_bwdsubs-off,balanced,REFUTED,56,462.541,8278.254,71.163,436.557,1294,244481,1292,241387,70,0,570,31253,2001,136,57,false,false,
7426,starexec,SWX241_1.p,e3-time_bwdsubs-off,balanced,TIMEOUT,64,406.217,165129.568,,,30078,9959498,28342,9865996,79,0,,,,,,,false,
7426,starexec,SYN076+1.p,e3-time_bwdsubs-off,balanced,TIMEOUT,1,565.779,165442.420,,,2268,6916673,2268,6908911,48,16,,,,,,,false,
7426,starexec,SYN077+1.p,e3-time_bwdsubs-off,balanced,REFUTED,1,435.109,198.905,41.061,433.353,53,90,49,19,9,6,241,63879,670,637,2,false,false,
7426,starexec,SYN353+1.p,e3-time_bwdsubs-off,balanced,REFUTED,0,686.362,386.415,70.161,2475.322,74,475,54,169,21,2,222,280948,801,11878,1,false,false,
7426,starexec,SYN986+1.004.p,e3-time_bwdsubs-off,balanced,EXHAUSTED,2,308.361,400.974,,,0,0,0,0,3,0,,,,,,,false,StackOverflowError:  at Core$Trail$Applier.apply:975
7426,starexec,SYO525+1.018.p,e3-time_bwdsubs-off,balanced,TIMEOUT,29,425.041,164763.426,,,81016,81026,81016,30,30,0,,,,,,,false,
7426,starexec,SYO525+1.021.p,e3-time_bwdsubs-off,balanced,TIMEOUT,29,565.099,164823.277,,,82550,82557,82550,30,30,0,,,,,,,false,
7426,starexec,SYO525+1.024.p,e3-time_bwdsubs-off,balanced,TIMEOUT,29,599.573,164886.720,,,78753,78757,78753,30,30,0,,,,,,,false,
7426,starexec,SYO525+1.027.p,e3-time_bwdsubs-off,balanced,TIMEOUT,29,641.559,165040.755,,,79050,79051,79050,30,30,0,,,,,,,false,
7426,starexec,SYO525+1.030.p,e3-time_bwdsubs-off,balanced,TIMEOUT,32,610.551,164845.319,,,80491,80492,80491,33,33,0,,,,,,,false,
7426,starexec,SYO605+1.p,e3-time_bwdsubs-off,balanced,REFUTED,4,759.481,1700.906,95.259,2049.151,2087,28781,1910,18680,48,14,899,1039032,1968,2212,5,false,false,
7426,starexec,TOP020+1.p,e3-time_bwdsubs-off,balanced,TIMEOUT,8,479.816,165193.109,,,70826,589357,70503,494985,27,11,,,,,,,false,
7426,starexec,TOP029+1.p,e3-time_bwdsubs-off,balanced,TIMEOUT,108,530.649,165230.847,,,51387,1687846,50087,1513649,306,48,,,,,,,false,
7426,starexec,TOP046+3.p,e3-time_bwdsubs-off,balanced,HARD_TIMEOUT,18710,0.000,,,,,,,,,,,,,,,,false,
7426,starexec,AGT007+2.p,e3-time_cond-on,balanced,TIMEOUT,922,481.505,165179.510,,,37332,5563610,37086,5513976,1022,13,,,,,,,false,
7426,starexec,AGT022+1.p,e3-time_cond-on,balanced,TIMEOUT,555,690.184,164678.571,,,34897,177252,30206,132177,655,13,,,,,,,false,
7426,starexec,ALG040+1.p,e3-time_cond-on,balanced,REFUTED,4,389.130,1260.832,52.151,273.230,928,7216,919,6132,12,2,219,40643,602,388,5,false,false,
7426,starexec,ALG213+1.p,e3-time_cond-on,balanced,TIMEOUT,4,330.359,165279.302,,,1193,10790242,1104,10783470,5,5,,,,,,,false,
7426,starexec,BIO006+1.p,e3-time_cond-on,balanced,PARSE_ERR,,0.000,,,,,,,,,,,,,,,,false,StackOverflowError
7426,starexec,COM008+1.p,e3-time_cond-on,balanced,TIMEOUT,10,354.540,165363.066,,,5108,1261706,5051,1254228,15,3,,,,,,,false,
7426,starexec,COM008+2.p,e3-time_cond-on,balanced,TIMEOUT,8,364.116,165341.126,,,5261,607991,4707,598751,13,3,,,,,,,false,
7426,starexec,COM131+1.p,e3-time_cond-on,balanced,TIMEOUT,59,1415.487,165045.595,,,10469,4322703,10230,4305689,157,95,,,,,,,false,
7426,starexec,COM136+1.p,e3-time_cond-on,balanced,REFUTED,56,3387.697,1104.263,99.372,26997.976,544,2435,453,1722,152,94,2939,13637390,17792,9820,57,false,false,
7426,starexec,COM139+1.p,e3-time_cond-on,balanced,TIMEOUT,55,885.003,165367.257,,,7855,13322981,6811,13302643,152,94,,,,,,,false,
7426,starexec,CSR005+2.p,e3-time_cond-on,balanced,TIMEOUT,55,651.968,165163.640,,,36077,6502202,33757,6401942,120,18,,,,,,,false,
7426,starexec,CSR021+1.p,e3-time_cond-on,balanced,REFUTED,47,702.803,1356.942,50.195,3402.125,1177,25328,1156,21276,137,21,1040,664001,4515,1464,48,false,false,
7426,starexec,CSR022+1.p,e3-time_cond-on,balanced,REFUTED,47,1446.068,2762.439,90.670,6599.601,1175,24627,1157,20761,137,21,1037,662932,4511,1464,48,false,false,
7426,starexec,CSR025+5.p,e3-time_cond-on,balanced,HARD_TIMEOUT,540249,0.000,,,,,,,,,,,,,,,,false,
7426,starexec,CSR030+3.p,e3-time_cond-on,balanced,REFUTED,8005,2668.550,47077.737,83.391,3288.863,30313,85097,29204,44545,8007,0,44051,1238415,103763,89,8006,false,false,
7426,starexec,CSR033+3.p,e3-time_cond-on,balanced,REFUTED,8005,3056.220,71794.854,146.639,4779.227,34376,182649,33729,134791,8007,0,44079,1339440,103767,89,8006,false,false,
7426,starexec,CSR036+5.p,e3-time_cond-on,balanced,HARD_TIMEOUT,540249,0.000,,,,,,,,,,,,,,,,false,
7426,starexec,CSR038+4.p,e3-time_cond-on,balanced,HARD_TIMEOUT,44216,0.000,,,,,,,,,,,,,,,,false,
7426,starexec,CSR042+3.p,e3-time_cond-on,balanced,REFUTED,8005,3201.709,10218.010,168.890,5546.684,11322,20411,11258,8007,8007,0,44041,1238170,103750,89,8006,false,false,
7426,starexec,CSR044+3.p,e3-time_cond-on,balanced,REFUTED,8005,3141.415,58114.244,181.448,5230.807,28869,83415,28433,44499,8007,0,44067,1439544,103800,89,8006,false,false,
7426,starexec,CSR045+3.p,e3-time_cond-on,balanced,REFUTED,8005,3299.308,3720.027,145.854,5843.905,5304,11022,5300,8006,8006,0,44064,1004693,103756,89,8006,false,false,
7426,starexec,CSR048+3.p,e3-time_cond-on,balanced,REFUTED,8005,3124.607,54504.039,146.849,5786.422,29093,83498,28899,44433,8007,0,44043,1238212,103749,89,8006,false,false,
7426,starexec,CSR050+5.p,e3-time_cond-on,balanced,HARD_TIMEOUT,540249,0.000,,,,,,,,,,,,,,,,false,
7426,starexec,CSR052+3.p,e3-time_cond-on,balanced,TIMEOUT,8005,2384.700,163814.747,,,51537,265055,47304,181787,8007,0,,,,,,,false,
7426,starexec,CSR054+3.p,e3-time_cond-on,balanced,REFUTED,8005,3443.111,3983.823,138.464,5518.632,5183,10962,5179,8007,8007,0,44037,1438507,103741,89,8006,false,false,
7426,starexec,CSR056+3.p,e3-time_cond-on,balanced,REFUTED,8005,2887.771,43420.656,92.925,3803.769,29062,83612,28551,44410,8007,0,44057,1238544,103754,89,8006,false,false,
7426,starexec,CSR058+3.p,e3-time_cond-on,balanced,REFUTED,8005,3088.452,1261.759,142.153,5807.327,689,8015,689,8007,8007,0,44037,1438501,103742,89,8006,false,false,
7426,starexec,CSR066+5.p,e3-time_cond-on,balanced,KILLED,,0.000,,,,,,,,,,,,,,,,false,killed before finishing
7426,starexec,CSR067+3.p,e3-time_cond-on,balanced,REFUTED,8005,3293.267,10251.259,168.864,5603.548,11314,20399,11250,8007,8007,0,44041,1238170,103750,89,8006,false,false,
7426,starexec,CSR113+13.p,e3-time_cond-on,balanced,TIMEOUT,10188,2054.862,163983.313,,,57721,276722,57683,218952,10593,79,,,,,,,false,
7426,starexec,CSR113+30.p,e3-time_cond-on,balanced,TIMEOUT,10188,1863.457,163781.496,,,54065,337838,54049,283728,10559,79,,,,,,,false,
7426,starexec,CSR113+4.p,e3-time_cond-on,balanced,TIMEOUT,10188,2109.876,164018.418,,,54986,333068,54971,278044,10564,79,,,,,,,false,
7426,starexec,CSR114+8.p,e3-time_cond-on,balanced,TIMEOUT,10188,2138.801,164383.214,,,53037,323563,53022,270481,10478,79,,,,,,,false,
7426,starexec,CSR115+8.p,e3-time_cond-on,balanced,TIMEOUT,10188,1950.304,163658.317,,,57594,283077,57589,225473,10631,79,,,,,,,false,
7426,starexec,CSR116+10.p,e3-time_cond-on,balanced,TIMEOUT,10188,1848.134,163734.357,,,53099,329298,53087,276187,10739,79,,,,,,,false,
7426,starexec,CSR116+13.p,e3-time_cond-on,balanced,REFUTED,10188,22605.427,16148.554,134.323,91889.177,13571,106669,13459,93089,10594,79,53837,134024582,53996,6739,10189,false,false,
7426,starexec,CSR116+19.p,e3-time_cond-on,balanced,HARD_TIMEOUT,10188,0.000,,,,,,,,,,,,,,,,false,
7426,starexec,CSR116+3.p,e3-time_cond-on,balanced,TIMEOUT,10188,2070.792,164124.888,,,54721,271242,54568,216454,10689,79,,,,,,,false,
7426,starexec,CSR116+38.p,e3-time_cond-on,balanced,TIMEOUT,10188,1996.533,164121.611,,,53494,332528,53491,279013,10654,79,,,,,,,false,
7426,starexec,CSR116+8.p,e3-time_cond-on,balanced,TIMEOUT,10188,2297.685,163755.032,,,57117,287125,57102,229989,10748,79,,,,,,,false,
7426,starexec,CSR117+1.p,e3-time_cond-on,balanced,REFUTED,268,953.248,1564.673,104.086,1673.396,856,1354,843,624,270,17,1632,440427,2138,563,269,false,false,
7426,starexec,CSR208+1.p,e3-time_cond-on,balanced,HARD_TIMEOUT,7432,0.000,,,,,,,,,,,,,,,,false,
7426,starexec,GEO085+1.p,e3-time_cond-on,balanced,REFUTED,16,818.836,394.398,59.960,1890.337,65,126,61,58,56,17,684,329282,2900,1406,17,false,false,
7426,starexec,GEO087+1.p,e3-time_cond-on,balanced,REFUTED,16,984.269,476.092,45.469,2030.522,105,245,102,124,56,19,691,336523,2894,1417,17,false,false,
7426,starexec,GEO089+1.p,e3-time_cond-on,balanced,TIMEOUT,16,565.762,165180.120,,,15190,7941692,14095,7905206,57,19,,,,,,,false,
7426,starexec,GEO093+1.p,e3-time_cond-on,balanced,REFUTED,16,1034.988,6397.008,56.243,1218.847,1500,97084,1466,94663,59,20,771,465317,3102,1585,17,false,false,
7426,starexec,GEO095+1.p,e3-time_cond-on,balanced,TIMEOUT,16,632.963,165343.123,,,8982,4654990,8411,4629704,57,19,,,,,,,false,
7426,starexec,GEO111+1.p,e3-time_cond-on,balanced,REFUTED,17,803.016,4009.898,49.409,1487.340,1273,94779,1207,92501,64,22,827,594367,3583,1819,18,false,false,
7426,starexec,GEO117+1.p,e3-time_cond-on,balanced,REFUTED,27,1286.250,1446.484,53.143,5239.774,589,6897,486,6039,113,34,1254,1094314,5907,2245,28,false,false,
7426,starexec,GEO138+1.p,e3-time_cond-on,balanced,TIMEOUT,27,759.669,165152.216,,,17926,5971478,17234,5915020,116,36,,,,,,,false,
7426,starexec,GEO260+1.p,e3-time_cond-on,balanced,TIMEOUT,31,339.038,165370.173,,,3929,1463535,3207,1454975,70,7,,,,,,,false,
7426,starexec,GEO274+1.p,e3-time_cond-on,balanced,TIMEOUT,116,1907.876,165173.180,,,31276,1793207,31216,1754893,265,57,,,,,,,false,
7426,starexec,GEO277+1.p,e3-time_cond-on,balanced,TIMEOUT,126,1771.625,165244.623,,,35772,512543,35561,464982,279,57,,,,,,,false,
7426,starexec,GEO282+1.p,e3-time_cond-on,balanced,REFUTED,123,3118.578,2436.822,89.274,22376.079,1171,2711,1150,1479,284,55,4834,7157452,36079,13064,124,false,false,
7426,starexec,GEO285+1.p,e3-time_cond-on,balanced,REFUTED,132,3187.890,2806.875,101.901,25363.044,1567,5992,1493,4199,298,56,4839,7395831,36348,13064,133,false,false,
7426,starexec,GEO298+1.p,e3-time_cond-on,balanced,TIMEOUT,157,1850.000,165298.261,,,33029,2226176,32593,2181856,321,63,,,,,,,false,
7426,starexec,GEO306+1.p,e3-time_cond-on,balanced,TIMEOUT,126,1940.546,165317.876,,,38721,1121963,38245,1071396,289,60,,,,,,,false,
7426,starexec,GEO307+1.p,e3-time_cond-on,balanced,TIMEOUT,145,1893.020,165553.556,,,34081,1661836,33970,1616200,308,60,,,,,,,false,
7426,starexec,GEO308+1.p,e3-time_cond-on,balanced,TIMEOUT,146,1859.981,165349.369,,,35563,1577073,35042,1527565,309,60,,,,,,,false,
7426,starexec,GEO310+1.p,e3-time_cond-on,balanced,TIMEOUT,148,1860.424,165182.144,,,34815,3376604,34745,3327496,311,60,,,,,,,false,
7426,starexec,GEO321+1.p,e3-time_cond-on,balanced,TIMEOUT,177,1202.547,165516.207,,,50255,1833538,48306,1768868,340,60,,,,,,,false,
7426,starexec,GEO323+1.p,e3-time_cond-on,balanced,TIMEOUT,179,1156.962,165500.520,,,44085,2094446,42956,2032168,342,60,,,,,,,false,
7426,starexec,GEO328+1.p,e3-time_cond-on,balanced,TIMEOUT,185,1755.686,165118.706,,,46841,770577,46157,710400,348,60,,,,,,,false,
7426,starexec,GEO330+1.p,e3-time_cond-on,balanced,TIMEOUT,187,1822.235,165235.465,,,38581,3578469,36782,3526317,350,60,,,,,,,false,
7426,starexec,GEO331+1.p,e3-time_cond-on,balanced,REFUTED,125,3475.413,3018.587,97.981,22926.256,1023,3609,987,2556,279,60,5297,7952486,40539,13064,126,false,false,
7426,starexec,GEO337+1.p,e3-time_cond-on,balanced,TIMEOUT,129,1854.710,165318.239,,,39183,1204063,38899,1152448,283,60,,,,,,,false,
7426,starexec,GEO343+1.p,e3-time_cond-on,balanced,TIMEOUT,124,1862.405,165243.461,,,37840,741080,37702,693267,292,61,,,,,,,false,
7426,starexec,GEO349+1.p,e3-time_cond-on,balanced,TIMEOUT,130,1727.707,165272.261,,,36617,720926,36086,671215,302,66,,,,,,,false,
7426,starexec,GEO351+1.p,e3-time_cond-on,balanced,TIMEOUT,136,1942.758,165176.185,,,37354,878052,36691,829067,311,69,,,,,,,false,
7426,starexec,GEO480+1.p,e3-time_cond-on,balanced,HARD_TIMEOUT,3634,0.000,,,,,,,,,,,,,,,,false,
7426,starexec,GEO491+1.p,e3-time_cond-on,balanced,TIMEOUT,44,589.223,165004.001,,,10116,1815605,9646,1795643,75,6,,,,,,,false,
7426,starexec,GEO494+1.p,e3-time_cond-on,balanced,REFUTED,66,810.250,135877.829,89.812,1389.765,9158,2411827,8484,2393500,101,6,1011,264698,7237,675,67,false,false,
7426,starexec,GEO498+1.p,e3-time_cond-on,balanced,REFUTED,109,984.293,485.534,80.990,1421.968,75,267,72,182,162,4,1331,237862,10578,618,110,false,false,
7426,starexec,GEO501+1.p,e3-time_cond-on,balanced,TIMEOUT,122,734.020,164805.736,,,17965,5475999,17626,5437905,179,5,,,,,,,false,
7426,starexec,GEO504+1.p,e3-time_cond-on,balanced,REFUTED,130,961.987,2022.833,98.232,1460.857,713,12880,676,11614,191,3,1627,218108,12826,791,131,false,false,
7426,starexec,GEO513+1.p,e3-time_cond-on,balanced,TIMEOUT,172,927.453,164860.864,,,15720,3082137,14806,3049757,265,5,,,,,,,false,
7426,starexec,GEO514+1.p,e3-time_cond-on,balanced,TIMEOUT,173,918.102,164770.614,,,13884,2838290,13576,2808824,264,4,,,,,,,false,
7426,starexec,GEO517+1.p,e3-time_cond-on,balanced,TIMEOUT,180,1005.319,164823.636,,,15483,2201300,14933,2168964,277,8,,,,,,,false,
7426,starexec,GEO520+1.p,e3-time_cond-on,balanced,TIMEOUT,193,1009.843,164735.755,,,15083,2531097,14584,2503061,287,5,,,,,,,false,
7426,starexec,GEO523+1.p,e3-time_cond-on,balanced,TIMEOUT,200,651.589,165190.792,,,12524,3537777,12450,3513839,294,4,,,,,,,false,
7426,starexec,GEO526+1.p,e3-time_cond-on,balanced,TIMEOUT,209,1053.066,164797.601,,,16352,2742655,15502,2704023,307,5,,,,,,,false,
7426,starexec,GEO528+1.p,e3-time_cond-on,balanced,REFUTED,212,881.190,145164.363,70.526,1583.794,12839,2692392,12092,2657729,307,4,2712,596260,23256,983,213,false,false,
7426,starexec,GEO535+1.p,e3-time_cond-on,balanced,TIMEOUT,227,1123.633,165077.842,,,18580,4718289,17844,4681071,335,6,,,,,,,false,
7426,starexec,GRA005+1.p,e3-time_cond-on,balanced,REFUTED,17,1005.141,397.564,68.358,3333.898,94,140,93,78,83,21,860,584608,3844,2303,18,false,false,
7426,starexec,GRA008+1.p,e3-time_cond-on,balanced,TIMEOUT,17,615.937,165149.692,,,57137,4462475,55240,4354709,83,20,,,,,,,false,
7426,starexec,GRP652+2.p,e3-time_cond-on,balanced,HARD_TIMEOUT,5675,0.000,,,,,,,,,,,,,,,,false,
7426,starexec,GRP654+1.p,e3-time_cond-on,balanced,TIMEOUT,5,263.244,165758.579,,,486,1965527,366,1962105,6,1,,,,,,,false,
7426,starexec,GRP655+3.p,e3-time_cond-on,balanced,TIMEOUT,5,380.096,167648.594,,,1090,3323954,742,3320402,6,2,,,,,,,false,
7426,starexec,GRP748+1.p,e3-time_cond-on,balanced,TIMEOUT,11,385.560,165381.786,,,1550,5060304,1194,5055182,15,12,,,,,,,false,
7426,starexec,HWV051+1.p,e3-time_cond-on,balanced,TIMEOUT,724,636.496,149335.739,,,100000,587249,94743,403883,919,5,,,,,,,false,
7426,starexec,ITP002+2.p,e3-time_cond-on,balanced,TIMEOUT,33,615.841,164932.784,,,19451,839899,19383,820241,58,9,,,,,,,false,
7426,starexec,ITP004+1.p,e3-time_cond-on,balanced,TIMEOUT,30,480.412,165121.108,,,2501,4808372,2419,4794664,56,6,,,,,,,false,
7426,starexec,ITP004+4.p,e3-time_cond-on,balanced,HARD_TIMEOUT,3173,0.000,,,,,,,,,,,,,,,,false,
7426,starexec,ITP006+2.p,e3-time_cond-on,balanced,TIMEOUT,51,912.380,165070.280,,,21966,7788304,18635,7747840,243,40,,,,,,,false,
7426,starexec,ITP006+4.p,e3-time_cond-on,balanced,HARD_TIMEOUT,5652,0.000,,,,,,,,,,,,,,,,false,
7426,starexec,ITP009+2.p,e3-time_cond-on,balanced,TIMEOUT,36,621.656,165365.848,,,17623,1512853,17537,1491508,99,18,,,,,,,false,
7426,starexec,ITP012+4.p,e3-time_cond-on,balanced,HARD_TIMEOUT,14071,0.000,,,,,,,,,,,,,,,,false,
7426,starexec,ITP012+5.p,e3-time_cond-on,balanced,HARD_TIMEOUT,10256,0.000,,,,,,,,,,,,,,,,false,
7426,starexec,ITP013+1.p,e3-time_cond-on,balanced,TIMEOUT,45,593.646,166997.661,,,1192,3173302,1164,3167940,108,8,,,,,,,false,
7426,starexec,ITP018+5.p,e3-time_cond-on,balanced,HARD_TIMEOUT,16278,0.000,,,,,,,,,,,,,,,,false,
7426,starexec,ITP020+2.p,e3-time_cond-on,balanced,REFUTED,62,1628.158,15482.945,40.357,26381.576,3816,171710,3565,164846,293,55,2558,2950700,10993,2968,63,false,false,
7426,starexec,ITP020+4.p,e3-time_cond-on,balanced,HARD_TIMEOUT,25152,0.000,,,,,,,,,,,,,,,,false,
7426,starexec,ITP023+2.p,e3-time_cond-on,balanced,TIMEOUT,58,692.847,165008.065,,,31424,4603586,29232,4551832,239,27,,,,,,,false,
7426,starexec,KLE100+1.p,e3-time_cond-on,balanced,TIMEOUT,26,351.260,165056.243,,,3504,10546846,2864,10523968,29,3,,,,,,,false,
7426,starexec,KLE169+1.p,e3-time_cond-on,balanced,TIMEOUT,17,299.979,165315.287,,,2743,11934267,2626,11902105,19,0,,,,,,,false,
7426,starexec,KLE170+1.002.p,e3-time_cond-on,balanced,TIMEOUT,16,302.323,165468.771,,,2380,12184607,2264,12160293,18,0,,,,,,,false,
7426,starexec,KRS187+1.p,e3-time_cond-on,balanced,REFUTED,32,1780.409,137773.833,34.414,10677.976,11962,8768163,10901,8733267,129,74,2138,2391295,6027,2717,33,false,false,
7426,starexec,KRS190+1.p,e3-time_cond-on,balanced,REFUTED,32,1738.093,130915.310,34.253,10951.032,12450,9156980,11363,9121198,129,74,2138,2391295,6027,2717,33,false,false,
7426,starexec,KRS192+1.p,e3-time_cond-on,balanced,TIMEOUT,32,780.709,165140.840,,,18096,15534781,16602,15482505,129,74,,,,,,,false,
7426,starexec,KRS195+1.p,e3-time_cond-on,balanced,REFUTED,32,1894.090,153458.996,44.014,10887.456,12830,9405705,11727,9369379,129,74,2138,2391295,6027,2717,33,false,false,
7426,starexec,KRS196+1.p,e3-time_cond-on,balanced,REFUTED,32,1723.257,150887.441,33.563,10687.564,12583,9250904,11495,9214884,129,74,2138,2391295,6026,2717,33,false,false,
7426,starexec,KRS216+1.p,e3-time_cond-on,balanced,TIMEOUT,32,800.479,165141.222,,,14726,11165500,13337,11124720,129,74,,,,,,,false,
7426,starexec,KRS233+1.p,e3-time_cond-on,balanced,TIMEOUT,32,795.709,165123.792,,,14853,11253628,13489,11212344,129,74,,,,,,,false,
7426,starexec,KRS234+1.p,e3-time_cond-on,balanced,REFUTED,32,1767.663,132698.092,50.975,12096.343,10321,7814272,9509,7782392,129,74,2165,2451610,6063,2717,33,false,false,
7426,starexec,KRS251+1.p,e3-time_cond-on,balanced,TIMEOUT,32,534.648,166391.586,,,15572,12297396,14151,12252986,129,74,,,,,,,false,
7426,starexec,KRS261+1.p,e3-time_cond-on,balanced,TIMEOUT,32,834.959,165107.189,,,14208,10693497,12897,10653841,129,74,,,,,,,false,
7426,starexec,KRS262+1.p,e3-time_cond-on,balanced,REFUTED,32,1328.665,9622.662,28.590,10029.379,2874,915881,2834,909485,129,74,2143,2402369,6026,2717,33,false,false,
7426,starexec,LAT258+1.p,e3-time_cond-on,balanced,TIMEOUT,17,346.176,165209.972,,,21260,10057332,19970,9999424,23,1,,,,,,,false,
7426,starexec,LAT287+3.p,e3-time_cond-on,balanced,HARD_TIMEOUT,12371,0.000,,,,,,,,,,,,,,,,false,
7426,starexec,LAT303+4.p,e3-time_cond-on,balanced,HARD_TIMEOUT,34684,0.000,,,,,,,,,,,,,,,,false,
7426,starexec,LAT305+3.p,e3-time_cond-on,balanced,HARD_TIMEOUT,13616,0.000,,,,,,,,,,,,,,,,false,
7426,starexec,LAT351+3.p,e3-time_cond-on,balanced,HARD_TIMEOUT,17808,0.000,,,,,,,,,,,,,,,,false,
7426,starexec,LCL062+2.p,e3-time_cond-on,balanced,TIMEOUT,2,295.997,165206.545,,,11174,10880979,10469,10805175,3,0,,,,,,,false,
7426,starexec,LCL073+1.p,e3-time_cond-on,balanced,TIMEOUT,2,292.595,165235.981,,,10844,6485788,9796,6163992,3,3,,,,,,,false,
7426,starexec,LCL109+1.p,e3-time_cond-on,balanced,TIMEOUT,5,238.111,165228.342,,,6451,5637268,6125,5613868,6,0,,,,,,,false,
7426,starexec,LCL368+1.p,e3-time_cond-on,balanced,REFUTED,4,332.605,30552.378,84.643,143.919,4126,1682040,3867,1670570,5,0,173,9911,433,107,5,false,false,
7426,starexec,LCL368+2.p,e3-time_cond-on,balanced,REFUTED,2,254.701,92879.540,81.102,206.941,8831,7336817,8139,7275213,3,0,127,15446,1067,971,3,false,false,
7426,starexec,LCL369+1.p,e3-time_cond-on,balanced,TIMEOUT,4,251.370,165251.684,,,10218,8832193,9842,8799981,5,0,,,,,,,false,
7426,starexec,LCL369+2.p,e3-time_cond-on,balanced,TIMEOUT,2,271.655,168451.646,,,11955,11891022,11059,11811436,3,0,,,,,,,false,
7426,starexec,LCL370+1.p,e3-time_cond-on,balanced,REFUTED,4,235.381,150805.449,59.330,109.668,11928,11483993,11587,11446083,5,0,217,10398,487,78,5,false,false,
7426,starexec,LCL372+2.p,e3-time_cond-on,balanced,TIMEOUT,2,285.113,165228.046,,,11504,11501937,10580,11417141,3,0,,,,,,,false,
7426,starexec,LCL373+2.p,e3-time_cond-on,balanced,TIMEOUT,2,287.144,165259.847,,,11405,11433385,10521,11348795,3,0,,,,,,,false,
7426,starexec,LCL374+1.p,e3-time_cond-on,balanced,TIMEOUT,4,237.732,165250.293,,,9925,8422776,9562,8391526,5,0,,,,,,,false,
7426,starexec,LCL375+1.p,e3-time_cond-on,balanced,TIMEOUT,4,241.065,165244.342,,,10337,9230687,9979,9198121,5,0,,,,,,,false,
7426,starexec,LCL382+1.p,e3-time_cond-on,balanced,TIMEOUT,4,251.907,165255.798,,,10359,8818547,10071,8785887,5,0,,,,,,,false,
7426,starexec,LCL382+2.p,e3-time_cond-on,balanced,TIMEOUT,2,273.210,165498.662,,,11926,12264177,11207,12177161,3,0,,,,,,,false,
7426,starexec,LCL383+1.p,e3-time_cond-on,balanced,TIMEOUT,4,235.856,165306.309,,,10359,9098749,9879,9065565,5,0,,,,,,,false,
7426,starexec,LCL390+2.p,e3-time_cond-on,balanced,TIMEOUT,2,272.156,165241.528,,,11299,11272805,10398,11188637,3,0,,,,,,,false,
7426,starexec,LCL391+2.p,e3-time_cond-on,balanced,TIMEOUT,2,262.582,164988.157,,,11329,11371080,10617,11286452,3,0,,,,,,,false,
7426,starexec,LCL392+2.p,e3-time_cond-on,balanced,TIMEOUT,2,273.303,165241.038,,,11257,11254573,10386,11170677,3,0,,,,,,,false,
7426,starexec,LCL393+1.p,e3-time_cond-on,balanced,TIMEOUT,4,269.516,165293.009,,,10077,8882976,9731,8851290,5,0,,,,,,,false,
7426,starexec,LCL393+2.p,e3-time_cond-on,balanced,TIMEOUT,2,262.391,165250.172,,,11664,11468429,10755,11389961,3,0,,,,,,,false,
7426,starexec,LCL395+1.p,e3-time_cond-on,balanced,TIMEOUT,4,233.166,165309.992,,,10352,9074399,9897,9041211,5,0,,,,,,,false,
7426,starexec,LCL395+2.p,e3-time_cond-on,balanced,TIMEOUT,2,281.040,165318.218,,,11624,11451582,10791,11373002,3,0,,,,,,,false,
7426,starexec,LCL484+1.p,e3-time_cond-on,balanced,REFUTED,44,1244.585,530.909,55.469,5420.959,119,264,108,138,74,55,1400,1190894,2945,1818,45,false,false,
7426,starexec,LCL556+1.p,e3-time_cond-on,balanced,TIMEOUT,76,698.110,165091.165,,,26894,12570459,21294,12494629,135,94,,,,,,,false,
7426,starexec,LCL638+1.020.p,e3-time_cond-on,balanced,HARD_TIMEOUT,0,0.000,,,,,,,,,,,,,,,,false,
7426,starexec,LCL646+1.010.p,e3-time_cond-on,balanced,HARD_TIMEOUT,0,0.000,,,,,,,,,,,,,,,,false,
7426,starexec,LCL646+1.015.p,e3-time_cond-on,balanced,HARD_TIMEOUT,0,0.000,,,,,,,,,,,,,,,,false,
7426,starexec,LCL648+1.010.p,e3-time_cond-on,balanced,HARD_TIMEOUT,0,0.000,,,,,,,,,,,,,,,,false,
7426,starexec,LCL650+1.010.p,e3-time_cond-on,balanced,HARD_TIMEOUT,0,0.000,,,,,,,,,,,,,,,,false,
7426,starexec,LCL652+1.010.p,e3-time_cond-on,balanced,TIMEOUT,0,1626.121,165008.143,,,93757,9012404,89225,8910011,181,110,,,,,,,false,
7426,starexec,LCL662+1.020.p,e3-time_cond-on,balanced,HARD_TIMEOUT,1,0.000,,,,,,,,,,,,,,,,false,
7426,starexec,LCL664+1.010.p,e3-time_cond-on,balanced,HARD_TIMEOUT,1,0.000,,,,,,,,,,,,,,,,false,
7426,starexec,LCL666+1.010.p,e3-time_cond-on,balanced,HARD_TIMEOUT,1,0.000,,,,,,,,,,,,,,,,false,
7426,starexec,LCL688+1.001.p,e3-time_cond-on,balanced,REFUTED,2,845.117,14584.899,49.999,2165.724,11506,504395,10832,480907,28,16,537,512586,1711,5041,3,false,false,
7426,starexec,LCL688+1.015.p,e3-time_cond-on,balanced,TIMEOUT,2,2325.414,164840.826,,,32605,22415595,23436,22362783,294,184,,,,,,,false,
7426,starexec,LCL891+1.p,e3-time_cond-on,balanced,TIMEOUT,12,218.397,166496.911,,,2256,9165652,2078,9156986,16,3,,,,,,,false,
7426,starexec,LCL898+1.p,e3-time_cond-on,balanced,TIMEOUT,14,228.532,165461.292,,,6404,12614273,6138,12585253,16,2,,,,,,,false,
7426,starexec,LCL901+1.p,e3-time_cond-on,balanced,REFUTED,14,374.807,125102.497,48.856,170.769,2339,10455366,2218,10430105,16,1,270,15881,718,211,15,false,false,
7426,starexec,LCL978+1.p,e3-time_cond-on,balanced,TIMEOUT,2,288.044,165280.782,,,11432,11312050,10371,11229094,3,3,,,,,,,false,
7426,starexec,LCL979+1.p,e3-time_cond-on,balanced,TIMEOUT,2,298.208,165375.285,,,2709,780893,2140,759005,3,3,,,,,,,false,
7426,starexec,LCL982+1.p,e3-time_cond-on,balanced,REFUTED,2,391.000,241.081,57.169,316.678,24,67,23,41,3,3,108,16086,409,273,3,false,false,
7426,starexec,LCL983+1.p,e3-time_cond-on,balanced,TIMEOUT,2,310.374,165300.133,,,14630,6195143,14282,6034749,3,3,,,,,,,false,
7426,starexec,MGT005+1.p,e3-time_cond-on,balanced,REFUTED,10,980.486,13330.165,100.518,3182.881,2889,72176,2614,63657,29,13,504,1045080,3189,5235,11,false,false,
7426,starexec,MGT035+2.p,e3-time_cond-on,balanced,TIMEOUT,19,425.218,165231.319,,,11109,4209058,10672,4189408,43,5,,,,,,,false,
7426,starexec,MGT067+1.p,e3-time_cond-on,balanced,REFUTED,157,952.327,1020.647,70.580,2168.014,776,1122,743,313,177,3,1294,364246,8387,680,158,false,false,
7426,starexec,MGT068+1.p,e3-time_cond-on,balanced,REFUTED,59,691.135,17132.639,91.698,1004.254,1654,409463,1629,403847,85,4,752,151965,3349,459,60,false,false,
7426,starexec,MGT076+1.p,e3-time_cond-on,balanced,REFUTED,34,619.759,341.593,37.441,742.142,54,110,46,54,54,4,422,60214,1887,383,35,false,false,
7426,starexec,MGT077+1.p,e3-time_cond-on,balanced,REFUTED,44,586.534,321.106,43.257,744.818,72,190,70,110,64,4,475,76399,2032,414,45,false,false,
7426,starexec,MGT078+1.p,e3-time_cond-on,balanced,REFUTED,56,668.736,555.123,53.146,807.471,197,905,185,657,80,6,547,142530,2023,619,57,false,false,
7426,starexec,MGT079+1.p,e3-time_cond-on,balanced,REFUTED,56,542.236,468.344,46.573,744.719,160,571,150,383,77,3,533,89334,2013,413,57,false,false,
7426,starexec,MGT080+1.p,e3-time_cond-on,balanced,REFUTED,73,746.707,624.986,58.188,1176.169,267,1318,256,980,99,7,643,233460,2115,881,74,false,false,
7426,starexec,MGT082+1.p,e3-time_cond-on,balanced,REFUTED,56,689.231,569.279,58.201,995.350,191,846,172,582,80,6,554,148001,2024,635,57,false,false,
7426,starexec,MGT085+1.p,e3-time_cond-on,balanced,REFUTED,43,682.543,59628.821,73.979,973.912,2798,1582838,2784,1562815,65,6,524,142865,2023,619,44,false,false,
7426,starexec,MGT086+1.p,e3-time_cond-on,balanced,REFUTED,43,561.853,290.884,38.206,715.503,72,177,69,101,63,3,466,77608,1968,410,44,false,false,
7426,starexec,MGT088+1.p,e3-time_cond-on,balanced,REFUTED,39,649.529,311.913,31.590,579.605,49,128,49,79,59,4,447,65338,1989,393,40,false,false,
7426,starexec,MGT090+1.p,e3-time_cond-on,balanced,REFUTED,59,634.792,382.512,42.671,790.595,104,175,98,90,90,3,581,71034,2646,354,60,false,false,
7426,starexec,MGT091+1.p,e3-time_cond-on,balanced,REFUTED,46,668.643,1566.780,53.156,834.841,381,9431,380,8717,83,3,571,81016,3281,362,47,false,false,
7426,starexec,NLP147+1.p,e3-time_cond-on,balanced,REFUTED,61,1061.973,435.589,53.790,2410.398,229,256,226,94,94,12,1021,1237418,3831,15197,62,false,false,
7426,starexec,NLP260+1.p,e3-time_cond-on,balanced,HARD_TIMEOUT,1026860,0.000,,,,,,,,,,,,,,,,false,
7426,starexec,NLP261+1.p,e3-time_cond-on,balanced,HARD_TIMEOUT,1026860,0.000,,,,,,,,,,,,,,,,false,
7426,starexec,NLP262+1.p,e3-time_cond-on,balanced,HARD_TIMEOUT,1026860,0.000,,,,,,,,,,,,,,,,false,
7426,starexec,NUM292+1.p,e3-time_cond-on,balanced,REFUTED,401,748.300,145631.459,65.000,698.293,36244,109169,36242,72084,407,0,1446,52593,4581,303,402,false,false,
7426,starexec,NUM321+1.p,e3-time_cond-on,balanced,TIMEOUT,401,591.557,164715.824,,,37374,110599,37372,72356,407,0,,,,,,,false,
7426,starexec,NUM335+1.p,e3-time_cond-on,balanced,TIMEOUT,401,641.240,164711.003,,,35854,108538,35852,71849,408,1,,,,,,,false,
7426,starexec,NUM639+4.p,e3-time_cond-on,balanced,TIMEOUT,316,1167.186,164547.014,,,23126,10231706,19953,10191086,532,29,,,,,,,false,
7426,starexec,NUM647+4.p,e3-time_cond-on,balanced,TIMEOUT,346,1192.660,164589.661,,,22342,9540313,20317,9493771,586,29,,,,,,,false,
7426,starexec,NUM653+4.p,e3-time_cond-on,balanced,TIMEOUT,393,1311.634,165427.756,,,27979,9487509,26664,9434519,673,29,,,,,,,false,
7426,starexec,NUM656+4.p,e3-time_cond-on,balanced,TIMEOUT,402,1333.347,164610.752,,,24667,10345679,23135,10297313,691,29,,,,,,,false,
7426,starexec,NUM657+4.p,e3-time_cond-on,balanced,TIMEOUT,405,1282.215,164561.915,,,24303,10497318,22467,10449978,697,29,,,,,,,false,
7426,starexec,NUM658+4.p,e3-time_cond-on,balanced,TIMEOUT,408,1322.756,164639.337,,,20621,13513366,19453,13472470,703,29,,,,,,,false,
7426,starexec,NUM663+4.p,e3-time_cond-on,balanced,TIMEOUT,419,1379.736,164489.503,,,28015,10956220,25836,10907280,727,29,,,,,,,false,
7426,starexec,NUM664+4.p,e3-time_cond-on,balanced,TIMEOUT,423,1271.531,164629.081,,,24108,12165987,23333,12120429,736,29,,,,,,,false,
7426,starexec,NUM669+4.p,e3-time_cond-on,balanced,TIMEOUT,443,1347.399,164519.132,,,23267,10685994,21717,10640424,776,29,,,,,,,false,
7426,starexec,NUM671+4.p,e3-time_cond-on,balanced,TIMEOUT,453,1342.483,164535.567,,,26915,11649141,25136,11598673,795,29,,,,,,,false,
7426,starexec,NUM689+4.p,e3-time_cond-on,balanced,TIMEOUT,554,1494.228,164583.084,,,28982,9248603,27611,9203843,1006,29,,,,,,,false,
7426,starexec,NUM690+4.p,e3-time_cond-on,balanced,TIMEOUT,559,1453.957,164470.902,,,28554,10641793,25930,10582369,1017,29,,,,,,,false,
7426,starexec,NUM691+4.p,e3-time_cond-on,balanced,TIMEOUT,564,1459.058,164502.069,,,26924,11944307,25629,11895331,1028,29,,,,,,,false,
7426,starexec,NUM694+4.p,e3-time_cond-on,balanced,TIMEOUT,572,1445.976,164494.813,,,28691,9961130,27776,9908912,1043,29,,,,,,,false,
7426,starexec,NUM695+4.p,e3-time_cond-on,balanced,TIMEOUT,574,1473.779,164443.232,,,27221,8425749,25834,8364423,1046,29,,,,,,,false,
7426,starexec,NUM698+4.p,e3-time_cond-on,balanced,TIMEOUT,585,1433.913,164440.596,,,28500,9772874,27374,9716190,1067,29,,,,,,,false,
7426,starexec,NUM707+4.p,e3-time_cond-on,balanced,TIMEOUT,634,1543.964,164359.859,,,29064,8926264,27073,8867582,1149,29,,,,,,,false,
7426,starexec,NUM709+4.p,e3-time_cond-on,balanced,TIMEOUT,639,1490.712,165726.754,,,28612,9534574,27302,9476554,1157,29,,,,,,,false,
7426,starexec,NUM743+4.p,e3-time_cond-on,balanced,TIMEOUT,907,1628.859,164418.935,,,36581,9326897,36176,9273889,1679,33,,,,,,,false,
7426,starexec,NUM747+4.p,e3-time_cond-on,balanced,HARD_TIMEOUT,943,0.000,,,,,,,,,,,,,,,,false,
7426,starexec,NUM750+4.p,e3-time_cond-on,balanced,TIMEOUT,964,1726.484,164316.774,,,29609,9596810,29009,9549880,1788,33,,,,,,,false,
7426,starexec,NUM757+4.p,e3-time_cond-on,balanced,TIMEOUT,1012,1725.970,164302.900,,,30498,12211292,29500,12158030,1888,33,,,,,,,false,
7426,starexec,NUM783+4.p,e3-time_cond-on,balanced,TIMEOUT,1257,1831.115,164091.568,,,39339,7431652,38886,7373875,2380,33,,,,,,,false,
7426,starexec,NUM785+4.p,e3-time_cond-on,balanced,TIMEOUT,1274,1950.688,164366.746,,,29591,7908175,29034,7851223,2413,33,,,,,,,false,
7426,starexec,NUM786+4.p,e3-time_cond-on,balanced,TIMEOUT,1277,1896.100,163974.493,,,39980,6830021,38941,6765753,2419,33,,,,,,,false,
7426,starexec,NUM787+4.p,e3-time_cond-on,balanced,TIMEOUT,1280,1995.876,164293.046,,,34492,7367520,33560,7295071,2425,33,,,,,,,false,
7426,starexec,NUM789+4.p,e3-time_cond-on,balanced,TIMEOUT,1286,1800.126,164152.172,,,37404,8493704,36996,8438582,2437,33,,,,,,,false,
7426,starexec,NUM795+4.p,e3-time_cond-on,balanced,TIMEOUT,1411,1254.956,163840.135,,,32415,9120697,31694,9071885,2687,33,,,,,,,false,
7426,starexec,NUM796+4.p,e3-time_cond-on,balanced,TIMEOUT,1416,1870.306,163960.755,,,38680,7991478,38278,7926208,2698,33,,,,,,,false,
7426,starexec,NUM835+1.p,e3-time_cond-on,balanced,REFUTED,38,564.690,323.645,39.952,694.315,32,125,28,85,49,4,527,72943,1620,572,39,false,false,
7426,starexec,NUM840+1.p,e3-time_cond-on,balanced,REFUTED,38,640.804,6084.306,69.276,634.967,1699,200912,1671,196784,47,4,541,48853,1903,225,39,false,false,
7426,starexec,NUM853+2.p,e3-time_cond-on,balanced,REFUTED,36,420.706,1693.650,51.449,409.928,765,33974,741,32492,41,4,520,45815,1785,225,37,false,false,
7426,starexec,NUM859+1.p,e3-time_cond-on,balanced,TIMEOUT,13,424.667,165198.111,,,12326,11170791,11334,11137341,30,6,,,,,,,false,
7426,starexec,NUM860+1.p,e3-time_cond-on,balanced,TIMEOUT,13,400.154,165231.482,,,12157,11693048,11657,11663348,30,6,,,,,,,false,
7426,starexec,NUN054+1.p,e3-time_cond-on,balanced,REFUTED,18,915.317,1089.610,61.858,1879.609,590,5221,579,4423,59,20,700,431985,2767,1111,19,false,false,
7426,starexec,NUN054+2.p,e3-time_cond-on,balanced,REFUTED,11,895.832,398.310,72.106,1908.658,61,101,51,35,40,20,603,376027,2150,1111,12,false,false,
7426,starexec,NUN056+1.p,e3-time_cond-on,balanced,TIMEOUT,18,520.425,165279.166,,,25978,4621277,24965,4560013,59,20,,,,,,,false,
7426,starexec,NUN057+1.p,e3-time_cond-on,balanced,REFUTED,18,582.942,9436.767,61.677,1069.768,6750,343494,6648,331227,59,20,853,577691,3077,1146,19,false,false,
7426,starexec,NUN060+1.p,e3-time_cond-on,balanced,REFUTED,18,843.777,327.124,62.503,1842.045,47,134,43,84,59,20,649,382620,2739,1121,19,false,false,
7426,starexec,NUN062+1.p,e3-time_cond-on,balanced,REFUTED,18,922.916,316.976,40.157,1961.418,75,237,53,151,60,22,687,443593,2696,1167,19,false,false,
7426,starexec,NUN065+1.p,e3-time_cond-on,balanced,REFUTED,18,885.184,5046.029,51.158,1944.191,3507,172193,2717,162664,63,24,812,560120,2838,1221,19,false,false,
7426,starexec,NUN066+1.p,e3-time_cond-on,balanced,REFUTED,18,831.925,3260.698,33.048,1349.151,2188,78941,1617,73852,64,25,827,610894,2915,1294,19,false,false,
7426,starexec,NUN075+1.p,e3-time_cond-on,balanced,TIMEOUT,18,536.111,167671.167,,,1507,30026,1465,27386,59,20,,,,,,,false,
7426,starexec,NUN076+1.p,e3-time_cond-on,balanced,REFUTED,18,983.337,561.974,57.449,2004.438,209,839,204,611,59,20,675,410400,2780,1123,19,false,false,
7426,starexec,NUN080+1.p,e3-time_cond-on,balanced,REFUTED,18,801.300,272.902,28.044,1083.849,43,122,40,76,59,20,626,360297,2662,1099,19,false,false,
7426,starexec,NUN082+1.p,e3-time_cond-on,balanced,REFUTED,18,828.358,3938.653,61.476,2086.734,2484,98610,2087,93273,59,20,729,453117,2782,1094,19,false,false,
7426,starexec,NUN085+1.p,e3-time_cond-on,balanced,REFUTED,18,881.418,31828.475,37.135,1423.839,12841,2287293,11976,2254098,64,25,819,623585,2814,1268,19,false,false,
7426,starexec,NUN086+1.p,e3-time_cond-on,balanced,REFUTED,18,846.534,44024.818,78.468,1770.122,13176,2081549,11247,2045498,59,20,756,480425,2826,1100,19,false,false,
7426,starexec,PRD001+1.p,e3-time_cond-on,balanced,TIMEOUT,1614,1333.763,164484.452,,,62123,460994,52965,325109,1615,0,,,,,,,false,
7426,starexec,PRO011+1.p,e3-time_cond-on,balanced,REFUTED,48,1123.490,751.248,73.776,3146.253,394,1599,344,1071,95,23,1077,745091,4798,1681,49,false,false,
7426,starexec,PUZ129+2.p,e3-time_cond-on,balanced,REFUTED,0,635.484,264.603,54.108,966.632,35,41,33,18,18,8,289,157494,1012,1381,1,false,false,
7426,starexec,PUZ133+1.p,e3-time_cond-on,balanced,TIMEOUT,9,411.774,165228.349,,,29849,9286054,27999,9153692,24,3,,,,,,,false,
7426,starexec,REL020+2.p,e3-time_cond-on,balanced,TIMEOUT,16,320.838,165187.882,,,3459,9534183,2469,9515057,18,2,,,,,,,false,
7426,starexec,REL021+1.p,e3-time_cond-on,balanced,TIMEOUT,13,228.133,165589.693,,,2241,11341538,1920,11315622,15,2,,,,,,,false,
7426,starexec,REL040+2.p,e3-time_cond-on,balanced,TIMEOUT,13,335.535,165198.786,,,2307,11086943,1993,11059841,15,3,,,,,,,false,
7426,starexec,SCT115+1.p,e3-time_cond-on,balanced,TIMEOUT,527,2105.902,164494.937,,,21184,8499657,19155,8456997,869,121,,,,,,,false,
7426,starexec,SCT117+1.p,e3-time_cond-on,balanced,HARD_TIMEOUT,527,0.000,,,,,,,,,,,,,,,,false,
7426,starexec,SCT120+1.p,e3-time_cond-on,balanced,TIMEOUT,526,1266.967,164983.717,,,19099,9050794,16667,9004104,794,100,,,,,,,false,
7426,starexec,SCT123+1.p,e3-time_cond-on,balanced,TIMEOUT,528,2159.026,164233.189,,,12747,6445987,11394,6419091,826,115,,,,,,,false,
7426,starexec,SCT124+1.p,e3-time_cond-on,balanced,TIMEOUT,528,1975.028,163815.566,,,13812,6285579,13065,6255925,804,105,,,,,,,false,
7426,starexec,SCT125+1.p,e3-time_cond-on,balanced,TIMEOUT,528,2356.869,164388.373,,,13650,7200576,12345,7170868,819,106,,,,,,,false,
7426,starexec,SCT155+1.p,e3-time_cond-on,balanced,TIMEOUT,528,2215.385,164440.544,,,19721,5730806,17555,5695740,831,111,,,,,,,false,
7426,starexec,SCT158+1.p,e3-time_cond-on,balanced,TIMEOUT,528,2059.691,164400.110,,,19300,6261807,17194,6225261,832,110,,,,,,,false,
7426,starexec,SCT170+3.p,e3-time_cond-on,balanced,HARD_TIMEOUT,1578,0.000,,,,,,,,,,,,,,,,false,
7426,starexec,SET017+1.p,e3-time_cond-on,balanced,REFUTED,43,817.580,647.118,70.449,1277.203,190,854,181,630,93,10,682,196327,2725,651,44,false,false,
7426,starexec,SET101+1.p,e3-time_cond-on,balanced,REFUTED,43,712.868,945.122,52.364,1045.337,352,4128,329,3608,90,9,657,137446,2654,486,44,false,false,
7426,starexec,SET716+4.p,e3-time_cond-on,balanced,TIMEOUT,28,1205.485,165133.227,,,22429,10824744,21031,10782038,160,54,,,,,,,false,
7426,starexec,SET733+4.p,e3-time_cond-on,balanced,TIMEOUT,28,1270.363,165131.988,,,22238,7506473,21070,7468278,159,53,,,,,,,false,
7426,starexec,SET817+4.p,e3-time_cond-on,balanced,TIMEOUT,22,567.839,165207.536,,,20940,8874423,20627,8834541,80,20,,,,,,,false,
7426,starexec,SET964+1.p,e3-time_cond-on,balanced,REFUTED,12,809.822,422.113,59.545,1438.747,93,429,80,328,33,13,494,248471,1878,1509,13,false,false,
7426,starexec,SEU269+1.p,e3-time_cond-on,balanced,TIMEOUT,51,558.620,165519.728,,,1590,1850032,1560,1846438,92,18,,,,,,,false,
7426,starexec,SEU427+4.p,e3-time_cond-on,balanced,HARD_TIMEOUT,71107,0.000,,,,,,,,,,,,,,,,false,
7426,starexec,SEU440+4.p,e3-time_cond-on,balanced,HARD_TIMEOUT,71133,0.000,,,,,,,,,,,,,,,,false,
7426,starexec,SEV522+1.p,e3-time_cond-on,balanced,TIMEOUT,19,708.094,165203.407,,,13722,7769460,12191,7740422,96,32,,,,,,,false,
7426,starexec,SEV563+1.p,e3-time_cond-on,balanced,TIMEOUT,25,485.537,165593.946,,,17693,7893279,12873,7854623,80,17,,,,,,,false,
7426,starexec,SEV569+1.p,e3-time_cond-on,balanced,REFUTED,25,934.758,2215.382,94.693,1884.928,893,19783,820,18527,80,17,948,444340,2821,955,26,false,false,
7426,starexec,SEV581+1.p,e3-time_cond-on,balanced,TIMEOUT,25,520.940,165177.458,,,13452,7471320,12496,7431222,80,17,,,,,,,false,
7426,starexec,SEV606+1.p,e3-time_cond-on,balanced,HARD_TIMEOUT,1727,0.000,,,,,,,,,,,,,,,,false,
7426,starexec,SEV607+1.p,e3-time_cond-on,balanced,HARD_TIMEOUT,2360,0.000,,,,,,,,,,,,,,,,false,
7426,starexec,SEV608+1.p,e3-time_cond-on,balanced,HARD_TIMEOUT,2867,0.000,,,,,,,,,,,,,,,,false,
7426,starexec,SEV609+1.p,e3-time_cond-on,balanced,HARD_TIMEOUT,2900,0.000,,,,,,,,,,,,,,,,false,
7426,starexec,SEV610+1.p,e3-time_cond-on,balanced,HARD_TIMEOUT,2777,0.000,,,,,,,,,,,,,,,,false,
7426,starexec,SEV612+1.p,e3-time_cond-on,balanced,HARD_TIMEOUT,2852,0.000,,,,,,,,,,,,,,,,false,
7426,starexec,SEV616+1.p,e3-time_cond-on,balanced,HARD_TIMEOUT,2862,0.000,,,,,,,,,,,,,,,,false,
7426,starexec,SEV618+1.p,e3-time_cond-on,balanced,HARD_TIMEOUT,2435,0.000,,,,,,,,,,,,,,,,false,
7426,starexec,SEV620+1.p,e3-time_cond-on,balanced,HARD_TIMEOUT,2723,0.000,,,,,,,,,,,,,,,,false,
7426,starexec,SEV621+1.p,e3-time_cond-on,balanced,HARD_TIMEOUT,2708,0.000,,,,,,,,,,,,,,,,false,
7426,starexec,SEV622+1.p,e3-time_cond-on,balanced,HARD_TIMEOUT,2761,0.000,,,,,,,,,,,,,,,,false,
7426,starexec,SEV625+1.p,e3-time_cond-on,balanced,HARD_TIMEOUT,2847,0.000,,,,,,,,,,,,,,,,false,
7426,starexec,SEV626+1.p,e3-time_cond-on,balanced,HARD_TIMEOUT,2838,0.000,,,,,,,,,,,,,,,,false,
7426,starexec,SEV627+1.p,e3-time_cond-on,balanced,HARD_TIMEOUT,2813,0.000,,,,,,,,,,,,,,,,false,
7426,starexec,SEV629+1.p,e3-time_cond-on,balanced,HARD_TIMEOUT,2962,0.000,,,,,,,,,,,,,,,,false,
7426,starexec,SEV630+1.p,e3-time_cond-on,balanced,HARD_TIMEOUT,2559,0.000,,,,,,,,,,,,,,,,false,
7426,starexec,SEV631+1.p,e3-time_cond-on,balanced,HARD_TIMEOUT,3117,0.000,,,,,,,,,,,,,,,,false,
7426,starexec,SEV634+1.p,e3-time_cond-on,balanced,HARD_TIMEOUT,2534,0.000,,,,,,,,,,,,,,,,false,
7426,starexec,SEV636+1.p,e3-time_cond-on,balanced,EXHAUSTED,2935,8162.874,451.951,,,0,0,0,0,7455,2111,,,,,,,false,StackOverflowError:  at MurmurHash3.productHash:69
7426,starexec,SEV637+1.p,e3-time_cond-on,balanced,HARD_TIMEOUT,2981,0.000,,,,,,,,,,,,,,,,false,
7426,starexec,SEV640+1.p,e3-time_cond-on,balanced,HARD_TIMEOUT,2766,0.000,,,,,,,,,,,,,,,,false,
7426,starexec,SEV641+1.p,e3-time_cond-on,balanced,HARD_TIMEOUT,3078,0.000,,,,,,,,,,,,,,,,false,
7426,starexec,SEV643+1.p,e3-time_cond-on,balanced,HARD_TIMEOUT,2960,0.000,,,,,,,,,,,,,,,,false,
7426,starexec,SEV644+1.p,e3-time_cond-on,balanced,HARD_TIMEOUT,2363,0.000,,,,,,,,,,,,,,,,false,
7426,starexec,SEV645+1.p,e3-time_cond-on,balanced,HARD_TIMEOUT,1984,0.000,,,,,,,,,,,,,,,,false,
7426,starexec,SEV646+1.p,e3-time_cond-on,balanced,HARD_TIMEOUT,3067,0.000,,,,,,,,,,,,,,,,false,
7426,starexec,SEV650+1.p,e3-time_cond-on,balanced,HARD_TIMEOUT,3015,0.000,,,,,,,,,,,,,,,,false,
7426,starexec,SEV651+1.p,e3-time_cond-on,balanced,HARD_TIMEOUT,2743,0.000,,,,,,,,,,,,,,,,false,
7426,starexec,SEV654+1.p,e3-time_cond-on,balanced,HARD_TIMEOUT,3190,0.000,,,,,,,,,,,,,,,,false,
7426,starexec,SEV655+1.p,e3-time_cond-on,balanced,HARD_TIMEOUT,3248,0.000,,,,,,,,,,,,,,,,false,
7426,starexec,SEV656+1.p,e3-time_cond-on,balanced,HARD_TIMEOUT,3041,0.000,,,,,,,,,,,,,,,,false,
7426,starexec,SEV657+1.p,e3-time_cond-on,balanced,HARD_TIMEOUT,3067,0.000,,,,,,,,,,,,,,,,false,
7426,starexec,SEV658+1.p,e3-time_cond-on,balanced,HARD_TIMEOUT,3118,0.000,,,,,,,,,,,,,,,,false,
7426,starexec,SEV660+1.p,e3-time_cond-on,balanced,HARD_TIMEOUT,2689,0.000,,,,,,,,,,,,,,,,false,
7426,starexec,SEV661+1.p,e3-time_cond-on,balanced,HARD_TIMEOUT,2456,0.000,,,,,,,,,,,,,,,,false,
7426,starexec,SEV667+1.p,e3-time_cond-on,balanced,HARD_TIMEOUT,2862,0.000,,,,,,,,,,,,,,,,false,
7426,starexec,SEV668+1.p,e3-time_cond-on,balanced,HARD_TIMEOUT,2820,0.000,,,,,,,,,,,,,,,,false,
7426,starexec,SEV671+1.p,e3-time_cond-on,balanced,HARD_TIMEOUT,2497,0.000,,,,,,,,,,,,,,,,false,
7426,starexec,SEV673+1.p,e3-time_cond-on,balanced,HARD_TIMEOUT,2701,0.000,,,,,,,,,,,,,,,,false,
7426,starexec,SEV675+1.p,e3-time_cond-on,balanced,HARD_TIMEOUT,3187,0.000,,,,,,,,,,,,,,,,false,
7426,starexec,SEV676+1.p,e3-time_cond-on,balanced,HARD_TIMEOUT,3004,0.000,,,,,,,,,,,,,,,,false,
7426,starexec,SEV677+1.p,e3-time_cond-on,balanced,HARD_TIMEOUT,3185,0.000,,,,,,,,,,,,,,,,false,
7426,starexec,SEV678+1.p,e3-time_cond-on,balanced,HARD_TIMEOUT,2924,0.000,,,,,,,,,,,,,,,,false,
7426,starexec,SEV679+1.p,e3-time_cond-on,balanced,HARD_TIMEOUT,3356,0.000,,,,,,,,,,,,,,,,false,
7426,starexec,SWB012+1.p,e3-time_cond-on,balanced,TIMEOUT,559,2481.303,164846.277,,,35146,5766683,34538,5710689,1392,275,,,,,,,false,
7426,starexec,SWB013+2.p,e3-time_cond-on,balanced,TIMEOUT,8,636.235,165445.838,,,14648,2689682,14404,2670370,62,19,,,,,,,false,
7426,starexec,SWB017+1.p,e3-time_cond-on,balanced,HARD_TIMEOUT,559,0.000,,,,,,,,,,,,,,,,false,
7426,starexec,SWB020+1.p,e3-time_cond-on,balanced,TIMEOUT,559,2479.618,164848.790,,,35930,5804641,35462,5747203,1394,278,,,,,,,false,
7426,starexec,SWB021+2.p,e3-time_cond-on,balanced,REFUTED,7,1098.750,21554.594,114.373,3860.556,2367,105866,1974,96385,78,17,765,1411343,3337,3856,8,false,false,
7426,starexec,SWB023+1.p,e3-time_cond-on,balanced,HARD_TIMEOUT,559,0.000,,,,,,,,,,,,,,,,false,
7426,starexec,SWB027+1.p,e3-time_cond-on,balanced,TIMEOUT,559,2348.645,164967.019,,,37648,6597011,37261,6536957,1385,274,,,,,,,false,
7426,starexec,SWB032+1.p,e3-time_cond-on,balanced,TIMEOUT,558,2314.951,164922.909,,,37899,6545320,37494,6485310,1379,271,,,,,,,false,
7426,starexec,SWB040+1.p,e3-time_cond-on,balanced,TIMEOUT,559,2421.272,164927.356,,,37671,6653609,37333,6593359,1382,271,,,,,,,false,
7426,starexec,SWB042+1.p,e3-time_cond-on,balanced,TIMEOUT,559,2339.763,165002.321,,,39773,5795464,39315,5727908,1394,277,,,,,,,false,
7426,starexec,SWB046+1.p,e3-time_cond-on,balanced,TIMEOUT,559,2262.339,164938.264,,,37731,6166907,37424,6106205,1384,273,,,,,,,false,
7426,starexec,SWB047+1.p,e3-time_cond-on,balanced,TIMEOUT,559,2337.020,164849.171,,,37329,6437445,37026,6377589,1381,271,,,,,,,false,
7426,starexec,SWB053+1.p,e3-time_cond-on,balanced,HARD_TIMEOUT,559,0.000,,,,,,,,,,,,,,,,false,
7426,starexec,SWB055+1.p,e3-time_cond-on,balanced,TIMEOUT,559,2519.029,164854.238,,,40954,6100742,39895,6033286,1385,274,,,,,,,false,
7426,starexec,SWB063+1.p,e3-time_cond-on,balanced,TIMEOUT,559,2204.131,164846.925,,,37814,6248086,37510,6187240,1385,273,,,,,,,false,
7426,starexec,SWB068+1.p,e3-time_cond-on,balanced,TIMEOUT,559,2408.190,165318.478,,,45691,5149483,45359,5084539,1388,274,,,,,,,false,
7426,starexec,SWB073+1.p,e3-time_cond-on,balanced,HARD_TIMEOUT,559,0.000,,,,,,,,,,,,,,,,false,
7426,starexec,SWB090+1.p,e3-time_cond-on,balanced,TIMEOUT,559,2518.781,165001.954,,,33039,5453663,32634,5400629,1386,271,,,,,,,false,
7426,starexec,SWB091+1.p,e3-time_cond-on,balanced,TIMEOUT,559,2199.227,164915.317,,,35549,5796514,35052,5739908,1392,275,,,,,,,false,
7426,starexec,SWB093+1.p,e3-time_cond-on,balanced,TIMEOUT,559,2358.197,164853.674,,,35441,5821635,35031,5765041,1385,271,,,,,,,false,
7426,starexec,SWB095+1.p,e3-time_cond-on,balanced,TIMEOUT,559,2475.135,164924.998,,,33167,5479821,32762,5426610,1386,271,,,,,,,false,
7426,starexec,SWB099+1.p,e3-time_cond-on,balanced,TIMEOUT,559,2360.715,164978.837,,,37388,6565168,37002,6505202,1384,271,,,,,,,false,
7426,starexec,SWB103+1.p,e3-time_cond-on,balanced,TIMEOUT,559,2242.374,164956.847,,,35163,6234047,34702,6177419,1393,273,,,,,,,false,
7426,starexec,SWC012+1.p,e3-time_cond-on,balanced,REFUTED,95,2521.737,8985.686,76.348,17429.358,9261,185487,9145,173485,220,62,2744,5518823,11635,5088,96,false,false,
7426,starexec,SWV014+1.p,e3-time_cond-on,balanced,REFUTED,28,434.330,265.137,46.739,382.471,63,82,61,38,38,0,286,16588,1575,227,29,false,false,
7426,starexec,SWV041+1.p,e3-time_cond-on,balanced,REFUTED,99,1980.435,647.250,62.749,9750.275,168,786,143,594,178,42,1787,3051141,7596,3656,100,false,false,
7426,starexec,SWV114+1.p,e3-time_cond-on,balanced,TIMEOUT,101,853.993,165184.535,,,32218,9463781,31525,9394987,199,52,,,,,,,false,
7426,starexec,SWV202+1.p,e3-time_cond-on,balanced,TIMEOUT,91,835.041,165206.107,,,29055,9595845,27943,9536877,203,42,,,,,,,false,
7426,starexec,SWV203+1.p,e3-time_cond-on,balanced,TIMEOUT,91,880.025,164958.457,,,29541,9695078,28345,9635690,203,42,,,,,,,false,
7426,starexec,SWV234+1.p,e3-time_cond-on,balanced,TIMEOUT,25,341.838,165268.142,,,3827,1566241,3359,1544931,26,0,,,,,,,false,
7426,starexec,SWV234+2.p,e3-time_cond-on,balanced,REFUTED,21,375.790,76805.443,102.297,251.140,1208,4626423,1173,4611296,22,0,275,9216,751,111,22,false,false,
7426,starexec,SWV390+1.p,e3-time_cond-on,balanced,REFUTED,42,713.541,440.745,59.790,817.231,100,311,98,177,55,6,578,103666,2824,461,43,false,false,
7426,starexec,SWV406+1.p,e3-time_cond-on,balanced,TIMEOUT,41,615.204,165137.769,,,2211,816967,1980,810109,59,9,,,,,,,false,
7426,starexec,SWV452+1.p,e3-time_cond-on,balanced,TIMEOUT,66,723.109,165004.145,,,15447,11815091,13508,11736703,130,13,,,,,,,false,
7426,starexec,SWV453+1.p,e3-time_cond-on,balanced,TIMEOUT,66,757.711,165054.547,,,12950,10853608,11353,10785274,130,13,,,,,,,false,
7426,starexec,SWV454+1.p,e3-time_cond-on,balanced,TIMEOUT,66,728.280,165022.933,,,9453,10764095,8738,10721407,127,12,,,,,,,false,
7426,starexec,SWV467+1.p,e3-time_cond-on,balanced,TIMEOUT,66,851.329,165174.826,,,12289,7954230,10630,7885738,139,14,,,,,,,false,
7426,starexec,SWV473+1.p,e3-time_cond-on,balanced,TIMEOUT,66,746.780,165025.123,,,11090,6767416,10089,6703928,126,14,,,,,,,false,
7426,starexec,SWV474+1.p,e3-time_cond-on,balanced,TIMEOUT,66,918.575,165086.541,,,12445,8296376,11369,8228608,132,14,,,,,,,false,
7426,starexec,SWV479+1.p,e3-time_cond-on,balanced,TIMEOUT,66,943.669,165010.712,,,12730,8268439,11116,8196061,142,15,,,,,,,false,
7426,starexec,SWV487+3.p,e3-time_cond-on,balanced,TIMEOUT,12,369.906,165258.783,,,13055,10201314,12412,10155388,23,3,,,,,,,false,
7426,starexec,SWV488+3.p,e3-time_cond-on,balanced,REFUTED,12,510.581,330.973,40.678,512.778,23,58,19,35,24,3,237,39326,954,553,13,false,false,
7426,starexec,SWW102+1.p,e3-time_cond-on,balanced,TIMEOUT,44,506.158,165440.241,,,4412,8219018,4323,8206402,89,12,,,,,,,false,
7426,starexec,SWW186+1.p,e3-time_cond-on,balanced,TIMEOUT,1181,1855.388,164349.923,,,23505,10802968,21694,10709357,1568,29,,,,,,,false,
7426,starexec,SWW278+1.p,e3-time_cond-on,balanced,TIMEOUT,1199,2027.953,164175.021,,,25143,10285166,23786,10200176,1586,36,,,,,,,false,
7426,starexec,SWW279+1.p,e3-time_cond-on,balanced,TIMEOUT,1213,1869.119,163924.981,,,23692,8803521,21423,8722991,1647,38,,,,,,,false,
7426,starexec,SWW298+1.p,e3-time_cond-on,balanced,HARD_TIMEOUT,5224,0.000,,,,,,,,,,,,,,,,false,
7426,starexec,SWW350+1.p,e3-time_cond-on,balanced,HARD_TIMEOUT,5228,0.000,,,,,,,,,,,,,,,,false,
7426,starexec,SWW374+1.p,e3-time_cond-on,balanced,HARD_TIMEOUT,5248,0.000,,,,,,,,,,,,,,,,false,
7426,starexec,SWW394+1.p,e3-time_cond-on,balanced,HARD_TIMEOUT,5223,0.000,,,,,,,,,,,,,,,,false,
7426,starexec,SWW470+5.p,e3-time_cond-on,balanced,REFUTED,162,3465.681,13954.635,97.925,16784.264,2678,270451,2014,264673,240,52,3102,12976319,21717,10205,163,false,false,
7426,starexec,SWW473+2.p,e3-time_cond-on,balanced,HARD_TIMEOUT,916,0.000,,,,,,,,,,,,,,,,false,
7426,starexec,SWW473+6.p,e3-time_cond-on,balanced,REFUTED,608,5036.633,2238.460,52.117,93349.698,992,22892,899,21308,845,87,9085,37289817,56288,10957,609,false,false,
7426,starexec,SWW474+3.p,e3-time_cond-on,balanced,TIMEOUT,1440,2886.407,164055.060,,,27857,7611545,26112,7548885,2284,309,,,,,,,false,
7426,starexec,SWW937+1.p,e3-time_cond-on,balanced,TIMEOUT,28,797.094,165177.453,,,5718,3542032,5618,3523952,181,24,,,,,,,false,
7426,starexec,SWW961+1.p,e3-time_cond-on,balanced,REFUTED,176,630.743,519.643,79.925,549.841,192,255,185,177,177,0,943,22813,2958,207,177,false,false,
7426,starexec,SWX051+1.p,e3-time_cond-on,balanced,TIMEOUT,292,1660.193,164801.946,,,26343,8427420,22665,8357407,579,168,,,,,,,false,
7426,starexec,SWX185+1.p,e3-time_cond-on,balanced,TIMEOUT,40,330.078,165289.844,,,3006,5591141,2961,5585379,41,0,,,,,,,false,
7426,starexec,SWX187+1.p,e3-time_cond-on,balanced,REFUTED,16,409.898,8111.631,118.121,365.195,2673,60835,2612,53405,18,0,361,40118,1113,275,17,false,false,
7426,starexec,SWX189+1.p,e3-time_cond-on,balanced,TIMEOUT,53,343.857,165327.686,,,5507,2676728,5367,2661258,54,0,,,,,,,false,
7426,starexec,SWX194+1.p,e3-time_cond-on,balanced,TIMEOUT,71,383.784,165051.204,,,7796,10103124,7653,10087670,72,0,,,,,,,false,
7426,starexec,SWX197+1.p,e3-time_cond-on,balanced,TIMEOUT,73,397.439,165198.980,,,5679,7597501,5147,7579245,74,0,,,,,,,false,
7426,starexec,SWX199+1.p,e3-time_cond-on,balanced,REFUTED,12,370.901,2103.552,69.066,202.390,123,37258,108,36505,14,0,263,20274,728,132,13,false,false,
7426,starexec,SWX200+1.p,e3-time_cond-on,balanced,REFUTED,15,345.892,219.073,41.933,226.400,16,23,14,19,19,0,161,7737,550,143,16,false,false,
7426,starexec,SWX201+1.p,e3-time_cond-on,balanced,TIMEOUT,28,339.175,166895.616,,,586,308305,566,307257,30,0,,,,,,,false,
7426,starexec,SWX202+1.p,e3-time_cond-on,balanced,TIMEOUT,28,320.527,164962.951,,,935,306932,915,305212,30,0,,,,,,,false,
7426,starexec,SWX203+1.p,e3-time_cond-on,balanced,REFUTED,21,436.206,3104.230,155.461,392.395,1061,14977,788,10599,29,0,509,31623,1037,143,22,false,false,
7426,starexec,SWX209+1.p,e3-time_cond-on,balanced,TIMEOUT,49,354.549,165123.219,,,4267,3345623,3829,3330533,56,0,,,,,,,false,
7426,starexec,SWX210+1.p,e3-time_cond-on,balanced,TIMEOUT,49,420.132,166777.605,,,3771,3055269,3475,3042981,56,0,,,,,,,false,
7426,starexec,SWX211+1.p,e3-time_cond-on,balanced,TIMEOUT,49,353.820,165125.552,,,4262,3119446,3503,3102060,56,0,,,,,,,false,
7426,starexec,SWX212+1.p,e3-time_cond-on,balanced,TIMEOUT,49,364.194,165054.897,,,5079,2164906,4960,2154830,57,0,,,,,,,false,
7426,starexec,SWX217+1.p,e3-time_cond-on,balanced,TIMEOUT,23,294.224,167911.934,,,9265,6948916,8242,6922134,25,0,,,,,,,false,
7426,starexec,SWX219+1.p,e3-time_cond-on,balanced,REFUTED,31,418.467,8327.390,64.787,352.644,5283,16983,5258,9193,36,0,352,19211,1287,181,32,false,false,
7426,starexec,SWX220+1.p,e3-time_cond-on,balanced,REFUTED,31,432.415,4703.926,66.394,368.561,2531,8208,2527,4702,36,0,349,19353,1294,194,32,false,false,
7426,starexec,SWX221+1.p,e3-time_cond-on,balanced,REFUTED,35,428.069,4022.366,85.461,415.328,2570,5677,2555,2775,43,0,408,24485,1516,181,36,false,false,
7426,starexec,SWX222+1.p,e3-time_cond-on,balanced,REFUTED,35,448.232,695.493,62.677,427.940,214,357,207,126,43,0,339,15785,1318,181,36,false,false,
7426,starexec,SWX223+1.p,e3-time_cond-on,balanced,REFUTED,35,461.350,987.186,91.718,400.716,370,758,362,350,43,0,390,21822,1444,181,36,false,false,
7426,starexec,SWX224+1.p,e3-time_cond-on,balanced,REFUTED,31,421.758,1092.768,71.803,337.624,354,911,347,481,36,0,320,15758,1209,181,32,false,false,
7426,starexec,SWX240_1.p,e3-time_cond-on,balanced,REFUTED,56,347.085,11688.485,75.548,473.440,2521,797185,2450,790520,70,0,570,31251,2001,136,57,false,false,
7426,starexec,SWX241_1.p,e3-time_cond-on,balanced,TIMEOUT,64,370.149,165035.160,,,29410,8095572,26745,8004274,79,0,,,,,,,false,
7426,starexec,SYN076+1.p,e3-time_cond-on,balanced,HARD_TIMEOUT,1,0.000,,,,,,,,,,,,,,,,false,
7426,starexec,SYN077+1.p,e3-time_cond-on,balanced,REFUTED,1,502.884,302.819,57.537,607.285,53,89,36,19,9,6,241,63879,670,637,2,false,false,
7426,starexec,SYN353+1.p,e3-time_cond-on,balanced,REFUTED,0,649.968,337.605,66.882,2440.101,73,278,31,81,21,2,219,277626,801,11878,1,false,false,
7426,starexec,SYN986+1.004.p,e3-time_cond-on,balanced,EXHAUSTED,2,297.677,437.387,,,0,0,0,0,3,0,,,,,,,false,StackOverflowError:  at Core$Trail$Applier.apply:975
7426,starexec,SYO525+1.018.p,e3-time_cond-on,balanced,TIMEOUT,29,576.708,164992.377,,,66891,66901,66891,30,30,0,,,,,,,false,
7426,starexec,SYO525+1.021.p,e3-time_cond-on,balanced,TIMEOUT,29,586.967,164938.457,,,62280,62287,62280,30,30,0,,,,,,,false,
7426,starexec,SYO525+1.024.p,e3-time_cond-on,balanced,TIMEOUT,29,365.922,165329.911,,,63620,63624,63620,30,30,0,,,,,,,false,
7426,starexec,SYO525+1.027.p,e3-time_cond-on,balanced,TIMEOUT,29,388.921,165003.408,,,62787,62788,62787,30,30,0,,,,,,,false,
7426,starexec,SYO525+1.030.p,e3-time_cond-on,balanced,TIMEOUT,32,617.040,164881.845,,,50407,50408,50407,33,33,0,,,,,,,false,
7426,starexec,SYO605+1.p,e3-time_cond-on,balanced,REFUTED,4,807.433,2007.718,92.710,2107.530,2272,20637,1284,12140,48,14,902,1043215,1965,2212,5,false,false,
7426,starexec,TOP020+1.p,e3-time_cond-on,balanced,TIMEOUT,8,460.652,165230.162,,,58460,502825,57563,422104,27,11,,,,,,,false,
7426,starexec,TOP029+1.p,e3-time_cond-on,balanced,TIMEOUT,108,549.101,165261.458,,,44157,1159359,41429,1016638,306,48,,,,,,,false,
7426,starexec,TOP046+3.p,e3-time_cond-on,balanced,HARD_TIMEOUT,18710,0.000,,,,,,,,,,,,,,,,false,
7426,starexec,AGT007+2.p,e3-time_demod-off,balanced,TIMEOUT,922,650.523,164120.364,,,31620,218526,31501,178435,1022,13,,,,,,,false,
7426,starexec,AGT022+1.p,e3-time_demod-off,balanced,TIMEOUT,555,640.427,164629.112,,,35106,174762,30565,128923,655,13,,,,,,,false,
7426,starexec,ALG040+1.p,e3-time_demod-off,balanced,REFUTED,4,453.869,2114.557,79.402,523.067,1795,23013,1785,19253,12,2,271,51069,656,388,5,false,false,
7426,starexec,ALG213+1.p,e3-time_demod-off,balanced,TIMEOUT,4,343.014,165215.701,,,1637,11194433,1612,11185659,5,5,,,,,,,false,
7426,starexec,BIO006+1.p,e3-time_demod-off,balanced,PARSE_ERR,,0.000,,,,,,,,,,,,,,,,false,StackOverflowError
7426,starexec,COM008+1.p,e3-time_demod-off,balanced,TIMEOUT,10,445.419,165137.299,,,15871,9467021,15600,9443606,15,3,,,,,,,false,
7426,starexec,COM008+2.p,e3-time_demod-off,balanced,TIMEOUT,8,335.830,165264.169,,,16372,6667471,15190,6636357,13,3,,,,,,,false,
7426,starexec,COM131+1.p,e3-time_demod-off,balanced,TIMEOUT,59,856.532,165457.665,,,17308,8281684,16859,8253782,157,95,,,,,,,false,
7426,starexec,COM136+1.p,e3-time_demod-off,balanced,REFUTED,56,3449.539,1517.826,93.098,30055.935,919,8247,896,6843,152,94,2920,13559123,17782,9820,57,false,false,
7426,starexec,COM139+1.p,e3-time_demod-off,balanced,TIMEOUT,55,1345.843,165094.487,,,7193,11028612,6171,11012052,152,94,,,,,,,false,
7426,starexec,CSR005+2.p,e3-time_demod-off,balanced,TIMEOUT,55,821.665,164812.828,,,47189,9310481,43273,9179509,120,18,,,,,,,false,
7426,starexec,CSR021+1.p,e3-time_demod-off,balanced,TIMEOUT,47,648.961,165107.010,,,26788,12927939,25207,12833006,137,21,,,,,,,false,
7426,starexec,CSR022+1.p,e3-time_demod-off,balanced,TIMEOUT,47,623.481,165109.303,,,30910,15109500,28023,14996518,137,21,,,,,,,false,
7426,starexec,CSR025+5.p,e3-time_demod-off,balanced,KILLED,,0.000,,,,,,,,,,,,,,,,false,killed before finishing
7426,starexec,CSR030+3.p,e3-time_demod-off,balanced,REFUTED,8005,3236.626,58741.426,173.461,5592.619,30323,85148,29204,44547,8007,0,44051,1238415,103763,89,8006,false,false,
7426,starexec,CSR033+3.p,e3-time_demod-off,balanced,REFUTED,8005,2818.438,66680.459,98.254,4590.122,34396,182704,33748,134822,8007,0,44079,1339440,103767,89,8006,false,false,
7426,starexec,CSR036+5.p,e3-time_demod-off,balanced,HARD_TIMEOUT,540249,0.000,,,,,,,,,,,,,,,,false,
7426,starexec,CSR038+4.p,e3-time_demod-off,balanced,HARD_TIMEOUT,44216,0.000,,,,,,,,,,,,,,,,false,
7426,starexec,CSR042+3.p,e3-time_demod-off,balanced,REFUTED,8005,3312.850,10550.557,175.752,5608.798,11322,20411,11258,8007,8007,0,44041,1238170,103750,89,8006,false,false,
7426,starexec,CSR044+3.p,e3-time_demod-off,balanced,REFUTED,8005,2832.535,50408.636,89.823,3926.618,28869,83415,28433,44500,8007,0,44067,1439544,103800,89,8006,false,false,
7426,starexec,CSR045+3.p,e3-time_demod-off,balanced,REFUTED,8005,3066.809,3630.331,134.003,5477.969,5306,11024,5302,8006,8006,0,44064,1004693,103756,89,8006,false,false,
7426,starexec,CSR048+3.p,e3-time_demod-off,balanced,REFUTED,8005,3095.473,44828.432,141.453,5495.174,29094,83500,28899,44435,8007,0,44043,1238212,103749,89,8006,false,false,
7426,starexec,CSR050+5.p,e3-time_demod-off,balanced,HARD_TIMEOUT,540249,0.000,,,,,,,,,,,,,,,,false,
7426,starexec,CSR052+3.p,e3-time_demod-off,balanced,TIMEOUT,8005,2478.667,163747.134,,,50947,264707,46719,181820,8007,0,,,,,,,false,
7426,starexec,CSR054+3.p,e3-time_demod-off,balanced,REFUTED,8005,3064.196,3734.470,123.527,5400.746,5183,10962,5179,8007,8007,0,44037,1438507,103741,89,8006,false,false,
7426,starexec,CSR056+3.p,e3-time_demod-off,balanced,REFUTED,8005,2824.529,44476.193,103.916,3635.319,29056,83608,28551,44412,8007,0,44057,1238544,103754,89,8006,false,false,
7426,starexec,CSR058+3.p,e3-time_demod-off,balanced,REFUTED,8005,3124.210,1204.962,139.851,5790.282,689,8015,689,8007,8007,0,44037,1438501,103742,89,8006,false,false,
7426,starexec,CSR066+5.p,e3-time_demod-off,balanced,HARD_TIMEOUT,540249,0.000,,,,,,,,,,,,,,,,false,
7426,starexec,CSR067+3.p,e3-time_demod-off,balanced,REFUTED,8005,3006.872,10742.259,165.356,5507.752,11314,20399,11250,8007,8007,0,44041,1238170,103750,89,8006,false,false,
7426,starexec,CSR113+13.p,e3-time_demod-off,balanced,TIMEOUT,10188,2014.524,164115.656,,,55915,271029,55877,215068,10593,79,,,,,,,false,
7426,starexec,CSR113+30.p,e3-time_demod-off,balanced,TIMEOUT,10188,2012.762,164025.175,,,53573,335066,53557,281448,10559,79,,,,,,,false,
7426,starexec,CSR113+4.p,e3-time_demod-off,balanced,TIMEOUT,10188,2057.140,163990.914,,,53907,327257,53892,273311,10564,79,,,,,,,false,
7426,starexec,CSR114+8.p,e3-time_demod-off,balanced,TIMEOUT,10188,2285.849,164218.854,,,50511,309922,50496,259366,10478,79,,,,,,,false,
7426,starexec,CSR115+8.p,e3-time_demod-off,balanced,TIMEOUT,10188,2097.438,163923.944,,,55322,275596,55315,220256,10631,79,,,,,,,false,
7426,starexec,CSR116+10.p,e3-time_demod-off,balanced,TIMEOUT,10188,2054.961,163846.138,,,53282,330328,53270,277034,10739,79,,,,,,,false,
7426,starexec,CSR116+13.p,e3-time_demod-off,balanced,REFUTED,10188,28824.617,17110.757,213.593,89795.348,13701,107063,13541,93354,10594,79,53838,134029576,54000,6739,10189,false,false,
7426,starexec,CSR116+19.p,e3-time_demod-off,balanced,REFUTED,10188,27986.103,21399.468,161.369,94466.787,17855,144362,16353,126485,10671,79,53915,134412551,54325,7335,10189,false,false,
7426,starexec,CSR116+3.p,e3-time_demod-off,balanced,TIMEOUT,10188,2109.249,163985.683,,,56147,275610,56039,219369,10689,79,,,,,,,false,
7426,starexec,CSR116+38.p,e3-time_demod-off,balanced,TIMEOUT,10188,2017.811,164011.174,,,54285,336975,54282,282668,10654,79,,,,,,,false,
7426,starexec,CSR116+8.p,e3-time_demod-off,balanced,TIMEOUT,10188,2144.692,164230.864,,,58333,291307,58318,232955,10748,79,,,,,,,false,
7426,starexec,CSR117+1.p,e3-time_demod-off,balanced,REFUTED,268,987.611,1223.663,100.287,1700.918,856,1354,843,624,270,17,1632,440427,2138,563,269,false,false,
7426,starexec,CSR208+1.p,e3-time_demod-off,balanced,HARD_TIMEOUT,7432,0.000,,,,,,,,,,,,,,,,false,
7426,starexec,GEO085+1.p,e3-time_demod-off,balanced,REFUTED,16,843.535,398.369,49.116,1820.780,106,305,103,152,56,17,688,330935,2903,1406,17,false,false,
7426,starexec,GEO087+1.p,e3-time_demod-off,balanced,REFUTED,16,844.292,356.840,40.359,1982.630,105,245,102,124,56,19,691,336523,2894,1417,17,false,false,
7426,starexec,GEO089+1.p,e3-time_demod-off,balanced,TIMEOUT,16,547.629,166350.742,,,20388,13990010,19462,13937580,57,19,,,,,,,false,
7426,starexec,GEO093+1.p,e3-time_demod-off,balanced,REFUTED,16,962.088,12355.999,67.691,2351.837,5156,878631,4655,866810,59,20,763,463272,3085,1585,17,false,false,
7426,starexec,GEO095+1.p,e3-time_demod-off,balanced,TIMEOUT,16,617.909,165103.881,,,18225,15081961,15623,15013085,57,19,,,,,,,false,
7426,starexec,GEO111+1.p,e3-time_demod-off,balanced,REFUTED,17,803.783,3217.644,48.250,1684.680,1288,121460,1249,119180,64,22,827,594367,3583,1819,18,false,false,
7426,starexec,GEO117+1.p,e3-time_demod-off,balanced,REFUTED,27,1306.737,4672.036,38.784,5044.240,1983,166870,1864,163549,113,34,1255,1095974,5908,2245,28,false,false,
7426,starexec,GEO138+1.p,e3-time_demod-off,balanced,TIMEOUT,27,719.291,165101.554,,,19524,14402660,18412,14354966,116,36,,,,,,,false,
7426,starexec,GEO260+1.p,e3-time_demod-off,balanced,REFUTED,31,779.430,21756.690,106.315,1529.405,5401,1886051,4611,1873779,70,7,804,325407,2515,864,32,false,false,
7426,starexec,GEO274+1.p,e3-time_demod-off,balanced,TIMEOUT,116,1792.416,164704.424,,,28926,448406,28864,391612,265,57,,,,,,,false,
7426,starexec,GEO277+1.p,e3-time_demod-off,balanced,TIMEOUT,126,1857.641,164641.951,,,27131,371852,27058,317536,279,57,,,,,,,false,
7426,starexec,GEO282+1.p,e3-time_demod-off,balanced,REFUTED,123,3204.798,15000.637,112.762,21269.215,9936,268957,9375,246417,284,55,4983,7717779,36191,13064,124,false,false,
7426,starexec,GEO285+1.p,e3-time_demod-off,balanced,TIMEOUT,132,1785.363,164655.277,,,42975,2961663,42266,2893211,298,56,,,,,,,false,
7426,starexec,GEO298+1.p,e3-time_demod-off,balanced,TIMEOUT,157,1618.793,164627.683,,,31240,11700924,31008,11643391,321,63,,,,,,,false,
7426,starexec,GEO306+1.p,e3-time_demod-off,balanced,TIMEOUT,126,1725.156,164648.568,,,37028,1289466,36469,1197992,289,60,,,,,,,false,
7426,starexec,GEO307+1.p,e3-time_demod-off,balanced,TIMEOUT,145,1854.265,164701.054,,,43084,2567595,42472,2489041,308,60,,,,,,,false,
7426,starexec,GEO308+1.p,e3-time_demod-off,balanced,TIMEOUT,146,1851.435,164712.578,,,36279,4085626,35874,4004220,309,60,,,,,,,false,
7426,starexec,GEO310+1.p,e3-time_demod-off,balanced,TIMEOUT,148,1025.406,165060.275,,,27119,3582521,26481,3491463,311,60,,,,,,,false,
7426,starexec,GEO321+1.p,e3-time_demod-off,balanced,TIMEOUT,177,1834.122,165052.914,,,35818,5562056,33586,5466648,340,60,,,,,,,false,
7426,starexec,GEO323+1.p,e3-time_demod-off,balanced,TIMEOUT,179,1699.473,164617.777,,,39946,5795890,39619,5710032,342,60,,,,,,,false,
7426,starexec,GEO328+1.p,e3-time_demod-off,balanced,TIMEOUT,185,1866.345,164584.947,,,40392,2663785,39754,2589956,348,60,,,,,,,false,
7426,starexec,GEO330+1.p,e3-time_demod-off,balanced,TIMEOUT,187,1791.333,164643.954,,,32593,5266849,31762,5185159,350,60,,,,,,,false,
7426,starexec,GEO331+1.p,e3-time_demod-off,balanced,REFUTED,125,3324.381,1216.851,87.881,23299.784,614,1715,591,930,279,60,5297,7952486,40539,13064,126,false,false,
7426,starexec,GEO337+1.p,e3-time_demod-off,balanced,TIMEOUT,129,1739.831,164630.050,,,28607,1107419,27758,1028399,283,60,,,,,,,false,
7426,starexec,GEO343+1.p,e3-time_demod-off,balanced,TIMEOUT,124,2032.140,164558.154,,,36718,1475539,36273,1415231,292,61,,,,,,,false,
7426,starexec,GEO349+1.p,e3-time_demod-off,balanced,TIMEOUT,130,1656.988,164587.510,,,26791,1091211,26773,1041504,302,66,,,,,,,false,
7426,starexec,GEO351+1.p,e3-time_demod-off,balanced,TIMEOUT,136,1949.032,164701.021,,,28735,7453308,27771,7398108,311,69,,,,,,,false,
7426,starexec,GEO480+1.p,e3-time_demod-off,balanced,HARD_TIMEOUT,3634,0.000,,,,,,,,,,,,,,,,false,
7426,starexec,GEO491+1.p,e3-time_demod-off,balanced,TIMEOUT,44,579.209,164890.909,,,24177,8490637,23088,8439456,75,6,,,,,,,false,
7426,starexec,GEO494+1.p,e3-time_demod-off,balanced,TIMEOUT,66,611.296,164772.380,,,18642,10522498,17954,10484422,101,6,,,,,,,false,
7426,starexec,GEO498+1.p,e3-time_demod-off,balanced,REFUTED,109,967.541,402.105,50.645,1366.617,74,268,74,183,162,4,1329,237413,10577,618,110,false,false,
7426,starexec,GEO501+1.p,e3-time_demod-off,balanced,HARD_TIMEOUT,122,0.000,,,,,,,,,,,,,,,,false,
7426,starexec,GEO504+1.p,e3-time_demod-off,balanced,REFUTED,130,981.065,1453.957,89.838,1482.492,722,13759,686,12481,191,3,1625,217857,12823,791,131,false,false,
7426,starexec,GEO513+1.p,e3-time_demod-off,balanced,TIMEOUT,172,939.801,164776.387,,,28543,10243315,25628,10180957,265,5,,,,,,,false,
7426,starexec,GEO514+1.p,e3-time_demod-off,balanced,HARD_TIMEOUT,173,0.000,,,,,,,,,,,,,,,,false,
7426,starexec,GEO517+1.p,e3-time_demod-off,balanced,TIMEOUT,180,1009.735,164730.402,,,34398,8832027,33608,8759511,277,8,,,,,,,false,
7426,starexec,GEO520+1.p,e3-time_demod-off,balanced,TIMEOUT,193,981.394,164472.223,,,27713,9159412,27011,9106448,287,5,,,,,,,false,
7426,starexec,GEO523+1.p,e3-time_demod-off,balanced,HARD_TIMEOUT,200,0.000,,,,,,,,,,,,,,,,false,
7426,starexec,GEO526+1.p,e3-time_demod-off,balanced,TIMEOUT,209,681.111,164996.517,,,34741,13529510,33954,13453562,307,5,,,,,,,false,
7426,starexec,GEO528+1.p,e3-time_demod-off,balanced,REFUTED,212,1276.035,54732.762,69.169,1182.881,16374,3698385,15511,3662056,307,4,2712,597414,23249,983,213,false,false,
7426,starexec,GEO535+1.p,e3-time_demod-off,balanced,TIMEOUT,227,1106.314,164586.164,,,31504,11762344,30786,11697519,335,6,,,,,,,false,
7426,starexec,GRA005+1.p,e3-time_demod-off,balanced,REFUTED,17,619.124,250.297,40.120,2056.201,94,140,93,78,83,21,844,566297,3819,2303,18,false,false,
7426,starexec,GRA008+1.p,e3-time_demod-off,balanced,TIMEOUT,17,618.379,165170.790,,,59680,6592668,57427,6471514,83,20,,,,,,,false,
7426,starexec,GRP652+2.p,e3-time_demod-off,balanced,HARD_TIMEOUT,5675,0.000,,,,,,,,,,,,,,,,false,
7426,starexec,GRP654+1.p,e3-time_demod-off,balanced,TIMEOUT,5,291.618,168269.217,,,548,2457063,541,2455917,6,1,,,,,,,false,
7426,starexec,GRP655+3.p,e3-time_demod-off,balanced,TIMEOUT,5,283.953,165968.278,,,1066,4151218,1056,4149130,6,2,,,,,,,false,
7426,starexec,GRP748+1.p,e3-time_demod-off,balanced,TIMEOUT,11,362.392,165275.316,,,2559,8639159,2526,8632761,15,12,,,,,,,false,
7426,starexec,HWV051+1.p,e3-time_demod-off,balanced,TIMEOUT,724,947.212,164617.324,,,81469,428662,78459,293782,919,5,,,,,,,false,
7426,starexec,ITP002+2.p,e3-time_demod-off,balanced,TIMEOUT,33,575.215,165079.363,,,32341,2883109,32056,2826903,58,9,,,,,,,false,
7426,starexec,ITP004+1.p,e3-time_demod-off,balanced,TIMEOUT,30,527.782,165175.034,,,3045,6595450,2972,6587152,56,6,,,,,,,false,
7426,starexec,ITP004+4.p,e3-time_demod-off,balanced,HARD_TIMEOUT,3173,0.000,,,,,,,,,,,,,,,,false,
7426,starexec,ITP006+2.p,e3-time_demod-off,balanced,HARD_TIMEOUT,51,0.000,,,,,,,,,,,,,,,,false,
7426,starexec,ITP006+4.p,e3-time_demod-off,balanced,HARD_TIMEOUT,5652,0.000,,,,,,,,,,,,,,,,false,
7426,starexec,ITP009+2.p,e3-time_demod-off,balanced,TIMEOUT,36,951.120,167465.914,,,34272,3395248,34165,3358676,99,18,,,,,,,false,
7426,starexec,ITP012+4.p,e3-time_demod-off,balanced,HARD_TIMEOUT,14071,0.000,,,,,,,,,,,,,,,,false,
7426,starexec,ITP012+5.p,e3-time_demod-off,balanced,HARD_TIMEOUT,10256,0.000,,,,,,,,,,,,,,,,false,
7426,starexec,ITP013+1.p,e3-time_demod-off,balanced,TIMEOUT,45,634.980,164861.783,,,2038,5202372,2008,5196976,108,8,,,,,,,false,
7426,starexec,ITP018+5.p,e3-time_demod-off,balanced,HARD_TIMEOUT,16278,0.000,,,,,,,,,,,,,,,,false,
7426,starexec,ITP020+2.p,e3-time_demod-off,balanced,REFUTED,62,1976.989,5089.076,66.795,25719.270,3277,94781,3125,87995,293,55,2558,2950700,10988,2968,63,false,false,
7426,starexec,ITP020+4.p,e3-time_demod-off,balanced,HARD_TIMEOUT,25152,0.000,,,,,,,,,,,,,,,,false,
7426,starexec,ITP023+2.p,e3-time_demod-off,balanced,TIMEOUT,58,728.230,164978.754,,,39476,7310651,38204,7230465,239,27,,,,,,,false,
7426,starexec,KLE100+1.p,e3-time_demod-off,balanced,TIMEOUT,26,345.369,165098.674,,,4363,11702576,4210,11689700,29,3,,,,,,,false,
7426,starexec,KLE169+1.p,e3-time_demod-off,balanced,TIMEOUT,17,305.197,166929.409,,,3566,12645641,3425,12634835,19,0,,,,,,,false,
7426,starexec,KLE170+1.002.p,e3-time_demod-off,balanced,TIMEOUT,16,282.116,165297.059,,,3526,13508119,3408,13496651,18,0,,,,,,,false,
7426,starexec,KRS187+1.p,e3-time_demod-off,balanced,REFUTED,32,1681.142,59679.174,39.509,11194.457,13223,9897406,12009,9861216,129,74,2138,2391295,6027,2717,33,false,false,
7426,starexec,KRS190+1.p,e3-time_demod-off,balanced,REFUTED,32,1705.638,69194.588,48.875,13005.162,12523,9368628,11333,9333644,129,74,2138,2391295,6027,2717,33,false,false,
7426,starexec,KRS192+1.p,e3-time_demod-off,balanced,TIMEOUT,32,789.659,165192.793,,,22717,22940894,20930,22877984,129,74,,,,,,,false,
7426,starexec,KRS195+1.p,e3-time_demod-off,balanced,REFUTED,32,1626.596,77860.018,31.960,11421.821,13657,10307985,12426,10270949,129,74,2138,2391295,6028,2717,33,false,false,
7426,starexec,KRS196+1.p,e3-time_demod-off,balanced,REFUTED,32,1543.411,65022.253,36.090,12979.029,12685,9450237,11494,9415041,129,74,2138,2391295,6026,2717,33,false,false,
7426,starexec,KRS216+1.p,e3-time_demod-off,balanced,REFUTED,32,1790.154,91640.357,73.845,11671.887,16681,14203066,15062,14155664,129,74,2227,2590026,6129,2717,33,false,false,
7426,starexec,KRS233+1.p,e3-time_demod-off,balanced,TIMEOUT,32,822.088,165127.370,,,23178,22679936,21320,22617444,129,74,,,,,,,false,
7426,starexec,KRS234+1.p,e3-time_demod-off,balanced,REFUTED,32,1775.686,56903.595,49.927,11804.803,10635,8184479,9808,8153028,129,74,2165,2451610,6054,2717,33,false,false,
7426,starexec,KRS251+1.p,e3-time_demod-off,balanced,TIMEOUT,32,772.860,165947.002,,,25425,23947589,23167,23872367,129,74,,,,,,,false,
7426,starexec,KRS261+1.p,e3-time_demod-off,balanced,TIMEOUT,32,769.673,165118.839,,,25190,23911844,23005,23836214,129,74,,,,,,,false,
7426,starexec,KRS262+1.p,e3-time_demod-off,balanced,REFUTED,32,1743.885,8669.388,41.047,10610.783,2888,959144,2844,952758,129,74,2143,2402369,6026,2717,33,false,false,
7426,starexec,LAT258+1.p,e3-time_demod-off,balanced,TIMEOUT,17,325.932,165152.898,,,32863,19438241,30328,19321211,23,1,,,,,,,false,
7426,starexec,LAT287+3.p,e3-time_demod-off,balanced,HARD_TIMEOUT,12371,0.000,,,,,,,,,,,,,,,,false,
7426,starexec,LAT303+4.p,e3-time_demod-off,balanced,HARD_TIMEOUT,34684,0.000,,,,,,,,,,,,,,,,false,
7426,starexec,LAT305+3.p,e3-time_demod-off,balanced,HARD_TIMEOUT,13616,0.000,,,,,,,,,,,,,,,,false,
7426,starexec,LAT351+3.p,e3-time_demod-off,balanced,HARD_TIMEOUT,17808,0.000,,,,,,,,,,,,,,,,false,
7426,starexec,LCL062+2.p,e3-time_demod-off,balanced,TIMEOUT,2,290.422,165228.105,,,11437,11482011,10656,11405155,3,0,,,,,,,false,
7426,starexec,LCL073+1.p,e3-time_demod-off,balanced,TIMEOUT,2,300.239,165167.883,,,8598,14739101,7908,14492025,3,3,,,,,,,false,
7426,starexec,LCL109+1.p,e3-time_demod-off,balanced,HARD_TIMEOUT,5,0.000,,,,,,,,,,,,,,,,false,
7426,starexec,LCL368+1.p,e3-time_demod-off,balanced,REFUTED,4,350.800,19291.091,76.659,175.989,3993,1560678,3726,1549562,5,0,164,9316,420,103,5,false,false,
7426,starexec,LCL368+2.p,e3-time_demod-off,balanced,REFUTED,2,369.540,113238.444,76.301,197.094,8841,7431462,8103,7370188,3,0,127,15446,1067,971,3,false,false,
7426,starexec,LCL369+1.p,e3-time_demod-off,balanced,TIMEOUT,4,231.177,165287.704,,,12385,12701531,11638,12661985,5,0,,,,,,,false,
7426,starexec,LCL369+2.p,e3-time_demod-off,balanced,TIMEOUT,2,262.214,165239.759,,,11601,11464735,10643,11386929,3,0,,,,,,,false,
7426,starexec,LCL370+1.p,e3-time_demod-off,balanced,REFUTED,4,329.783,114931.770,102.976,192.064,10963,9832315,10585,9798171,5,0,228,11265,534,91,5,false,false,
7426,starexec,LCL372+2.p,e3-time_demod-off,balanced,TIMEOUT,2,289.155,165742.690,,,11265,11386979,10339,11302903,3,0,,,,,,,false,
7426,starexec,LCL373+2.p,e3-time_demod-off,balanced,TIMEOUT,2,287.311,165209.007,,,11707,12094097,10819,12008153,3,0,,,,,,,false,
7426,starexec,LCL374+1.p,e3-time_demod-off,balanced,TIMEOUT,4,228.988,165288.294,,,12270,12496778,11533,12457632,5,0,,,,,,,false,
7426,starexec,LCL375+1.p,e3-time_demod-off,balanced,TIMEOUT,4,229.016,165250.125,,,12423,13017755,11839,12977607,5,0,,,,,,,false,
7426,starexec,LCL382+1.p,e3-time_demod-off,balanced,REFUTED,4,313.801,125073.801,94.010,164.498,11009,9924925,10644,9890761,5,0,198,9699,485,92,5,false,false,
7426,starexec,LCL382+2.p,e3-time_demod-off,balanced,TIMEOUT,2,279.936,165204.848,,,11470,11802739,10721,11717451,3,0,,,,,,,false,
7426,starexec,LCL383+1.p,e3-time_demod-off,balanced,REFUTED,4,338.840,147636.561,102.469,168.127,11767,11391418,11305,11354234,5,0,218,12624,515,103,5,false,false,
7426,starexec,LCL390+2.p,e3-time_demod-off,balanced,TIMEOUT,2,277.874,165245.514,,,11401,11619753,10469,11535097,3,0,,,,,,,false,
7426,starexec,LCL391+2.p,e3-time_demod-off,balanced,TIMEOUT,2,259.627,165221.717,,,11247,11478975,10503,11394455,3,0,,,,,,,false,
7426,starexec,LCL392+2.p,e3-time_demod-off,balanced,TIMEOUT,2,272.379,165247.110,,,11446,11634859,10508,11550261,3,0,,,,,,,false,
7426,starexec,LCL393+1.p,e3-time_demod-off,balanced,TIMEOUT,4,167.190,165652.343,,,13014,13711542,12467,13670218,5,0,,,,,,,false,
7426,starexec,LCL393+2.p,e3-time_demod-off,balanced,TIMEOUT,2,266.532,165232.641,,,11617,11499080,10644,11421150,3,0,,,,,,,false,
7426,starexec,LCL395+1.p,e3-time_demod-off,balanced,TIMEOUT,4,241.585,165219.381,,,12618,13194276,12055,13153144,5,0,,,,,,,false,
7426,starexec,LCL395+2.p,e3-time_demod-off,balanced,TIMEOUT,2,263.805,165251.363,,,11550,11524757,10681,11446533,3,0,,,,,,,false,
7426,starexec,LCL484+1.p,e3-time_demod-off,balanced,REFUTED,44,1165.098,422.921,39.294,5481.346,119,303,110,177,74,55,1400,1190894,2945,1818,45,false,false,
7426,starexec,LCL556+1.p,e3-time_demod-off,balanced,EXHAUSTED,76,691.565,152007.499,,,0,0,0,0,135,94,,,,,,,false,OutOfMemoryError: Java heap space at Arrays.copyOf:3623
7426,starexec,LCL638+1.020.p,e3-time_demod-off,balanced,HARD_TIMEOUT,0,0.000,,,,,,,,,,,,,,,,false,
7426,starexec,LCL646+1.010.p,e3-time_demod-off,balanced,TIMEOUT,0,4143.413,164664.350,,,96550,6940003,96550,6843453,294,146,,,,,,,false,
7426,starexec,LCL646+1.015.p,e3-time_demod-off,balanced,HARD_TIMEOUT,0,0.000,,,,,,,,,,,,,,,,false,
7426,starexec,LCL648+1.010.p,e3-time_demod-off,balanced,HARD_TIMEOUT,0,0.000,,,,,,,,,,,,,,,,false,
7426,starexec,LCL650+1.010.p,e3-time_demod-off,balanced,TIMEOUT,0,1824.278,164798.297,,,6672,114725,6571,108007,220,126,,,,,,,false,
7426,starexec,LCL652+1.010.p,e3-time_demod-off,balanced,TIMEOUT,0,1589.652,165682.004,,,99169,10859105,94616,10750509,181,110,,,,,,,false,
7426,starexec,LCL662+1.020.p,e3-time_demod-off,balanced,HARD_TIMEOUT,1,0.000,,,,,,,,,,,,,,,,false,
7426,starexec,LCL664+1.010.p,e3-time_demod-off,balanced,TIMEOUT,1,2864.096,164565.718,,,71608,16343449,38823,16249878,295,146,,,,,,,false,
7426,starexec,LCL666+1.010.p,e3-time_demod-off,balanced,HARD_TIMEOUT,1,0.000,,,,,,,,,,,,,,,,false,
7426,starexec,LCL688+1.001.p,e3-time_demod-off,balanced,REFUTED,2,864.456,13347.528,58.040,1998.651,11460,503738,10834,480244,28,16,537,512586,1711,5041,3,false,false,
7426,starexec,LCL688+1.015.p,e3-time_demod-off,balanced,TIMEOUT,2,2334.242,164729.870,,,33615,23610797,24456,23555323,294,184,,,,,,,false,
7426,starexec,LCL891+1.p,e3-time_demod-off,balanced,TIMEOUT,12,228.440,165429.636,,,2450,15881268,2414,15874274,16,3,,,,,,,false,
7426,starexec,LCL898+1.p,e3-time_demod-off,balanced,TIMEOUT,14,330.467,165373.949,,,8611,18297562,8050,18260692,16,2,,,,,,,false,
7426,starexec,LCL901+1.p,e3-time_demod-off,balanced,TIMEOUT,14,314.300,165295.037,,,2155,12047085,2086,12038689,16,1,,,,,,,false,
7426,starexec,LCL978+1.p,e3-time_demod-off,balanced,TIMEOUT,2,299.337,165233.912,,,8353,14409571,7765,14329827,3,3,,,,,,,false,
7426,starexec,LCL979+1.p,e3-time_demod-off,balanced,TIMEOUT,2,294.051,165248.831,,,6020,4319188,4539,4280610,3,3,,,,,,,false,
7426,starexec,LCL982+1.p,e3-time_demod-off,balanced,REFUTED,2,399.679,236.292,48.424,312.064,24,67,23,41,3,3,108,16086,409,273,3,false,false,
7426,starexec,LCL983+1.p,e3-time_demod-off,balanced,TIMEOUT,2,310.447,165232.714,,,8689,13395776,8209,13185910,3,3,,,,,,,false,
7426,starexec,MGT005+1.p,e3-time_demod-off,balanced,REFUTED,10,1032.274,5547.904,114.566,3644.821,2912,72952,2659,64557,29,13,504,1045080,3189,5235,11,false,false,
7426,starexec,MGT035+2.p,e3-time_demod-off,balanced,HARD_TIMEOUT,19,0.000,,,,,,,,,,,,,,,,false,
7426,starexec,MGT067+1.p,e3-time_demod-off,balanced,REFUTED,157,925.475,856.355,65.360,2167.161,778,1201,754,391,177,3,1294,364246,8387,680,158,false,false,
7426,starexec,MGT068+1.p,e3-time_demod-off,balanced,REFUTED,59,689.084,4065.727,53.367,647.590,1655,410764,1627,405150,85,4,751,151705,3350,459,60,false,false,
7426,starexec,MGT076+1.p,e3-time_demod-off,balanced,REFUTED,34,586.203,285.758,26.175,677.247,47,106,42,59,54,4,410,58344,1877,383,35,false,false,
7426,starexec,MGT077+1.p,e3-time_demod-off,balanced,REFUTED,44,653.651,323.408,36.963,688.548,72,190,70,110,64,4,475,76399,2032,414,45,false,false,
7426,starexec,MGT078+1.p,e3-time_demod-off,balanced,REFUTED,56,707.159,451.214,43.305,1000.589,180,644,180,430,80,6,539,140184,2018,619,57,false,false,
7426,starexec,MGT079+1.p,e3-time_demod-off,balanced,REFUTED,56,576.440,447.133,64.077,738.470,166,615,155,412,77,3,536,89966,2014,413,57,false,false,
7426,starexec,MGT080+1.p,e3-time_demod-off,balanced,REFUTED,73,758.213,592.166,54.448,1047.562,316,2024,314,1586,99,7,630,226167,2109,881,74,false,false,
7426,starexec,MGT082+1.p,e3-time_demod-off,balanced,REFUTED,56,648.834,785.691,46.793,923.702,332,5370,328,4798,80,6,547,145983,2019,635,57,false,false,
7426,starexec,MGT085+1.p,e3-time_demod-off,balanced,REFUTED,43,612.130,9400.156,43.927,604.911,2786,1572496,2771,1552695,65,6,524,142865,2023,619,44,false,false,
7426,starexec,MGT086+1.p,e3-time_demod-off,balanced,REFUTED,43,606.623,337.178,41.991,578.173,78,193,75,110,63,3,472,78452,1975,410,44,false,false,
7426,starexec,MGT088+1.p,e3-time_demod-off,balanced,REFUTED,39,631.657,318.269,31.912,777.489,49,128,49,79,59,4,447,65338,1989,393,40,false,false,
7426,starexec,MGT090+1.p,e3-time_demod-off,balanced,REFUTED,59,657.719,344.719,41.912,885.898,103,173,102,90,90,3,581,71034,2646,354,60,false,false,
7426,starexec,MGT091+1.p,e3-time_demod-off,balanced,REFUTED,46,633.791,1086.372,60.407,813.464,381,9431,380,8717,83,3,571,81016,3281,362,47,false,false,
7426,starexec,NLP147+1.p,e3-time_demod-off,balanced,REFUTED,61,1147.680,449.255,62.916,3902.394,245,287,244,94,94,12,1021,1237412,3831,15197,62,false,false,
7426,starexec,NLP260+1.p,e3-time_demod-off,balanced,HARD_TIMEOUT,1026860,0.000,,,,,,,,,,,,,,,,false,
7426,starexec,NLP261+1.p,e3-time_demod-off,balanced,HARD_TIMEOUT,1026860,0.000,,,,,,,,,,,,,,,,false,
7426,starexec,NLP262+1.p,e3-time_demod-off,balanced,HARD_TIMEOUT,1026860,0.000,,,,,,,,,,,,,,,,false,
7426,starexec,NUM292+1.p,e3-time_demod-off,balanced,REFUTED,401,728.162,158991.348,64.226,704.215,36244,109169,36242,72084,407,0,1446,52593,4581,303,402,false,false,
7426,starexec,NUM321+1.p,e3-time_demod-off,balanced,TIMEOUT,401,593.010,164643.960,,,35892,108590,35890,71863,407,0,,,,,,,false,
7426,starexec,NUM335+1.p,e3-time_demod-off,balanced,TIMEOUT,401,614.663,164713.532,,,34846,107389,34844,71775,408,1,,,,,,,false,
7426,starexec,NUM639+4.p,e3-time_demod-off,balanced,TIMEOUT,316,1229.662,165855.470,,,24510,10534036,23690,10485636,532,29,,,,,,,false,
7426,starexec,NUM647+4.p,e3-time_demod-off,balanced,TIMEOUT,346,1288.649,164733.010,,,23367,11074077,22284,11026255,586,29,,,,,,,false,
7426,starexec,NUM653+4.p,e3-time_demod-off,balanced,TIMEOUT,393,1372.269,167423.311,,,26998,10389114,26505,10334308,673,29,,,,,,,false,
7426,starexec,NUM656+4.p,e3-time_demod-off,balanced,TIMEOUT,402,1286.097,164588.240,,,29273,11646397,28426,11590701,691,29,,,,,,,false,
7426,starexec,NUM657+4.p,e3-time_demod-off,balanced,TIMEOUT,405,1250.365,164500.877,,,26353,11114481,25861,11065619,697,29,,,,,,,false,
7426,starexec,NUM658+4.p,e3-time_demod-off,balanced,TIMEOUT,408,1345.964,164559.232,,,21613,15678308,19730,15634052,703,29,,,,,,,false,
7426,starexec,NUM663+4.p,e3-time_demod-off,balanced,TIMEOUT,419,1387.516,165829.632,,,28066,11862199,27514,11807703,727,29,,,,,,,false,
7426,starexec,NUM664+4.p,e3-time_demod-off,balanced,TIMEOUT,423,1307.457,164583.822,,,25544,14083410,24945,14035254,736,29,,,,,,,false,
7426,starexec,NUM669+4.p,e3-time_demod-off,balanced,TIMEOUT,443,1304.611,164569.170,,,24832,11043494,23716,10996664,776,29,,,,,,,false,
7426,starexec,NUM671+4.p,e3-time_demod-off,balanced,TIMEOUT,453,1285.203,164555.531,,,26946,12673463,26003,12622511,795,29,,,,,,,false,
7426,starexec,NUM689+4.p,e3-time_demod-off,balanced,HARD_TIMEOUT,554,0.000,,,,,,,,,,,,,,,,false,
7426,starexec,NUM690+4.p,e3-time_demod-off,balanced,TIMEOUT,559,1515.995,164631.837,,,30750,10217982,29913,10159848,1017,29,,,,,,,false,
7426,starexec,NUM691+4.p,e3-time_demod-off,balanced,TIMEOUT,564,1365.973,164542.919,,,28999,11849269,28386,11796507,1028,29,,,,,,,false,
7426,starexec,NUM694+4.p,e3-time_demod-off,balanced,TIMEOUT,572,1453.924,164402.919,,,29623,12297322,29253,12242268,1043,29,,,,,,,false,
7426,starexec,NUM695+4.p,e3-time_demod-off,balanced,TIMEOUT,574,1479.895,164471.765,,,29649,10530292,28741,10467606,1046,29,,,,,,,false,
7426,starexec,NUM698+4.p,e3-time_demod-off,balanced,TIMEOUT,585,1475.993,164418.609,,,29082,11092473,27733,11034393,1067,29,,,,,,,false,
7426,starexec,NUM707+4.p,e3-time_demod-off,balanced,TIMEOUT,634,1431.140,165884.328,,,31215,10304613,30721,10240101,1149,29,,,,,,,false,
7426,starexec,NUM709+4.p,e3-time_demod-off,balanced,TIMEOUT,639,1405.029,164498.103,,,32783,10996080,32180,10931040,1157,29,,,,,,,false,
7426,starexec,NUM743+4.p,e3-time_demod-off,balanced,HARD_TIMEOUT,907,0.000,,,,,,,,,,,,,,,,false,
7426,starexec,NUM747+4.p,e3-time_demod-off,balanced,TIMEOUT,943,1659.953,164217.257,,,31122,9667756,30836,9598418,1750,33,,,,,,,false,
7426,starexec,NUM750+4.p,e3-time_demod-off,balanced,TIMEOUT,964,1746.065,164083.340,,,34320,10085285,34138,10013961,1788,33,,,,,,,false,
7426,starexec,NUM757+4.p,e3-time_demod-off,balanced,TIMEOUT,1012,1767.371,164265.100,,,26860,13721024,26769,13670638,1888,33,,,,,,,false,
7426,starexec,NUM783+4.p,e3-time_demod-off,balanced,TIMEOUT,1257,1222.139,164698.284,,,38648,7584052,38512,7510922,2380,33,,,,,,,false,
7426,starexec,NUM785+4.p,e3-time_demod-off,balanced,TIMEOUT,1274,1702.534,163878.152,,,35403,9432994,35306,9365416,2413,33,,,,,,,false,
7426,starexec,NUM786+4.p,e3-time_demod-off,balanced,TIMEOUT,1277,1848.734,166533.450,,,42001,7883156,41620,7809150,2419,33,,,,,,,false,
7426,starexec,NUM787+4.p,e3-time_demod-off,balanced,TIMEOUT,1280,1885.867,164088.009,,,38676,8549040,37249,8475966,2425,33,,,,,,,false,
7426,starexec,NUM789+4.p,e3-time_demod-off,balanced,TIMEOUT,1286,1843.984,163941.340,,,33817,9336941,33759,9272621,2437,33,,,,,,,false,
7426,starexec,NUM795+4.p,e3-time_demod-off,balanced,TIMEOUT,1411,1271.632,164767.446,,,30217,9913753,30141,9857519,2687,33,,,,,,,false,
7426,starexec,NUM796+4.p,e3-time_demod-off,balanced,TIMEOUT,1416,1868.480,163960.293,,,39637,9384448,39515,9306208,2698,33,,,,,,,false,
7426,starexec,NUM835+1.p,e3-time_demod-off,balanced,REFUTED,38,513.252,273.411,47.792,615.466,32,125,28,85,49,4,527,72943,1620,572,39,false,false,
7426,starexec,NUM840+1.p,e3-time_demod-off,balanced,REFUTED,38,582.772,90561.409,53.963,617.879,4686,7954529,4657,7943009,47,4,514,45189,1869,225,39,false,false,
7426,starexec,NUM853+2.p,e3-time_demod-off,balanced,REFUTED,36,562.701,815.126,62.325,502.449,191,4152,189,3860,41,4,489,42150,1733,225,37,false,false,
7426,starexec,NUM859+1.p,e3-time_demod-off,balanced,TIMEOUT,13,424.688,165341.310,,,16261,19321616,15942,19278786,30,6,,,,,,,false,
7426,starexec,NUM860+1.p,e3-time_demod-off,balanced,HARD_TIMEOUT,13,0.000,,,,,,,,,,,,,,,,false,
7426,starexec,NUN054+1.p,e3-time_demod-off,balanced,REFUTED,18,932.022,837.199,66.706,1868.826,588,5218,577,4420,59,20,702,433768,2769,1111,19,false,false,
7426,starexec,NUN054+2.p,e3-time_demod-off,balanced,REFUTED,11,787.776,344.518,57.619,1629.989,74,137,73,55,40,20,592,364413,2135,1111,12,false,false,
7426,starexec,NUN056+1.p,e3-time_demod-off,balanced,TIMEOUT,18,351.148,165378.349,,,43908,14202145,41824,14087631,59,20,,,,,,,false,
7426,starexec,NUN057+1.p,e3-time_demod-off,balanced,TIMEOUT,18,543.439,165287.095,,,44914,13668690,42808,13563100,59,20,,,,,,,false,
7426,starexec,NUN060+1.p,e3-time_demod-off,balanced,REFUTED,18,823.540,254.017,46.630,1642.202,47,134,43,84,59,20,649,382620,2739,1121,19,false,false,
7426,starexec,NUN062+1.p,e3-time_demod-off,balanced,REFUTED,18,553.548,231.905,22.185,1129.824,75,235,54,149,60,22,687,443593,2696,1167,19,false,false,
7426,starexec,NUN065+1.p,e3-time_demod-off,balanced,REFUTED,18,1001.137,4202.966,60.344,2261.835,3459,162144,2660,152850,63,24,812,560120,2838,1221,19,false,false,
7426,starexec,NUN066+1.p,e3-time_demod-off,balanced,REFUTED,18,1051.837,3075.996,60.524,2399.947,2245,81820,1628,76698,64,25,827,610894,2915,1294,19,false,false,
7426,starexec,NUN075+1.p,e3-time_demod-off,balanced,REFUTED,18,979.806,3490.204,160.046,2395.862,2118,48680,2052,45008,59,20,1010,785479,3693,1349,19,false,false,
7426,starexec,NUN076+1.p,e3-time_demod-off,balanced,REFUTED,18,753.674,473.895,40.630,1148.426,206,828,202,602,59,20,677,412202,2781,1123,19,false,false,
7426,starexec,NUN080+1.p,e3-time_demod-off,balanced,REFUTED,18,830.268,273.957,40.973,1791.668,43,122,40,76,59,20,626,360297,2662,1099,19,false,false,
7426,starexec,NUN082+1.p,e3-time_demod-off,balanced,REFUTED,18,928.665,2917.767,78.455,1902.457,2331,81236,2044,76419,59,20,729,453117,2786,1094,19,false,false,
7426,starexec,NUN085+1.p,e3-time_demod-off,balanced,REFUTED,18,928.378,22968.179,69.924,2137.787,12704,2284206,11901,2251011,64,25,800,603619,2804,1268,19,false,false,
7426,starexec,NUN086+1.p,e3-time_demod-off,balanced,REFUTED,18,887.159,2687.019,77.539,1946.831,2345,69568,2067,64670,59,20,751,476106,2809,1100,19,false,false,
7426,starexec,PRD001+1.p,e3-time_demod-off,balanced,TIMEOUT,1614,1365.262,164292.665,,,57753,447294,48650,331087,1615,0,,,,,,,false,
7426,starexec,PRO011+1.p,e3-time_demod-off,balanced,REFUTED,48,1081.433,627.496,64.110,2887.330,362,1513,327,1017,95,23,1077,745091,4798,1681,49,false,false,
7426,starexec,PUZ129+2.p,e3-time_demod-off,balanced,REFUTED,0,589.044,352.936,60.652,956.420,71,185,62,70,18,8,323,174501,1033,1381,1,false,false,
7426,starexec,PUZ133+1.p,e3-time_demod-off,balanced,TIMEOUT,9,399.482,165198.585,,,35110,13770251,32791,13578565,24,3,,,,,,,false,
7426,starexec,REL020+2.p,e3-time_demod-off,balanced,TIMEOUT,16,336.111,165282.151,,,6168,9218037,6058,9202445,18,2,,,,,,,false,
7426,starexec,REL021+1.p,e3-time_demod-off,balanced,TIMEOUT,13,343.386,164969.932,,,4298,10142809,4181,10132489,15,2,,,,,,,false,
7426,starexec,REL040+2.p,e3-time_demod-off,balanced,TIMEOUT,13,349.269,165140.185,,,3644,10390700,3551,10380778,15,3,,,,,,,false,
7426,starexec,SCT115+1.p,e3-time_demod-off,balanced,TIMEOUT,527,2337.549,164178.007,,,21606,10254555,20198,10210041,869,121,,,,,,,false,
7426,starexec,SCT117+1.p,e3-time_demod-off,balanced,HARD_TIMEOUT,527,0.000,,,,,,,,,,,,,,,,false,
7426,starexec,SCT120+1.p,e3-time_demod-off,balanced,TIMEOUT,526,1925.190,164248.400,,,17526,10568507,15822,10528883,794,100,,,,,,,false,
7426,starexec,SCT123+1.p,e3-time_demod-off,balanced,TIMEOUT,528,2153.444,164114.483,,,13243,7607513,12193,7579465,826,115,,,,,,,false,
7426,starexec,SCT124+1.p,e3-time_demod-off,balanced,TIMEOUT,528,2254.541,164142.967,,,14419,8071811,13574,8040891,804,105,,,,,,,false,
7426,starexec,SCT125+1.p,e3-time_demod-off,balanced,TIMEOUT,528,2188.201,164309.486,,,13818,8644816,13003,8615174,819,106,,,,,,,false,
7426,starexec,SCT155+1.p,e3-time_demod-off,balanced,TIMEOUT,528,2177.698,164344.669,,,22324,9332095,20042,9295747,831,111,,,,,,,false,
7426,starexec,SCT158+1.p,e3-time_demod-off,balanced,TIMEOUT,528,2196.105,164275.205,,,24269,10008447,21828,9966331,832,110,,,,,,,false,
7426,starexec,SCT170+3.p,e3-time_demod-off,balanced,TIMEOUT,1578,3670.878,163806.413,,,31125,8539924,30260,8471207,2785,640,,,,,,,false,
7426,starexec,SET017+1.p,e3-time_demod-off,balanced,REFUTED,43,811.029,549.093,61.632,1112.396,204,1167,197,902,93,10,682,196327,2725,651,44,false,false,
7426,starexec,SET101+1.p,e3-time_demod-off,balanced,REFUTED,43,708.250,822.577,58.218,1014.813,361,4484,353,3926,90,9,657,137446,2654,486,44,false,false,
7426,starexec,SET716+4.p,e3-time_demod-off,balanced,TIMEOUT,28,749.576,165444.375,,,24932,13038152,23249,12991166,160,54,,,,,,,false,
7426,starexec,SET733+4.p,e3-time_demod-off,balanced,TIMEOUT,28,1163.742,165101.279,,,30691,12386221,29012,12333093,159,53,,,,,,,false,
7426,starexec,SET817+4.p,e3-time_demod-off,balanced,TIMEOUT,22,556.493,165166.242,,,25092,13618498,24739,13570664,80,20,,,,,,,false,
7426,starexec,SET964+1.p,e3-time_demod-off,balanced,REFUTED,12,810.545,399.335,70.894,1428.900,90,484,81,385,33,13,494,248471,1878,1509,13,false,false,
7426,starexec,SEU269+1.p,e3-time_demod-off,balanced,TIMEOUT,51,527.783,165200.275,,,1666,3929292,1657,3925310,92,18,,,,,,,false,
7426,starexec,SEU427+4.p,e3-time_demod-off,balanced,HARD_TIMEOUT,71107,0.000,,,,,,,,,,,,,,,,false,
7426,starexec,SEU440+4.p,e3-time_demod-off,balanced,HARD_TIMEOUT,71133,0.000,,,,,,,,,,,,,,,,false,
7426,starexec,SEV522+1.p,e3-time_demod-off,balanced,TIMEOUT,19,648.622,165174.806,,,19233,15094239,18642,15054545,96,32,,,,,,,false,
7426,starexec,SEV563+1.p,e3-time_demod-off,balanced,TIMEOUT,25,512.421,165170.230,,,22143,15925206,21335,15871012,80,17,,,,,,,false,
7426,starexec,SEV569+1.p,e3-time_demod-off,balanced,REFUTED,25,1139.806,1703.210,88.305,1996.409,922,21402,888,20122,80,17,922,427371,2795,955,26,false,false,
7426,starexec,SEV581+1.p,e3-time_demod-off,balanced,TIMEOUT,25,531.349,167417.459,,,17911,13458033,17625,13408133,80,17,,,,,,,false,
7426,starexec,SEV606+1.p,e3-time_demod-off,balanced,HARD_TIMEOUT,1727,0.000,,,,,,,,,,,,,,,,false,
7426,starexec,SEV607+1.p,e3-time_demod-off,balanced,HARD_TIMEOUT,2360,0.000,,,,,,,,,,,,,,,,false,
7426,starexec,SEV608+1.p,e3-time_demod-off,balanced,HARD_TIMEOUT,2867,0.000,,,,,,,,,,,,,,,,false,
7426,starexec,SEV609+1.p,e3-time_demod-off,balanced,HARD_TIMEOUT,2900,0.000,,,,,,,,,,,,,,,,false,
7426,starexec,SEV610+1.p,e3-time_demod-off,balanced,HARD_TIMEOUT,2777,0.000,,,,,,,,,,,,,,,,false,
7426,starexec,SEV612+1.p,e3-time_demod-off,balanced,HARD_TIMEOUT,2852,0.000,,,,,,,,,,,,,,,,false,
7426,starexec,SEV616+1.p,e3-time_demod-off,balanced,HARD_TIMEOUT,2862,0.000,,,,,,,,,,,,,,,,false,
7426,starexec,SEV618+1.p,e3-time_demod-off,balanced,HARD_TIMEOUT,2435,0.000,,,,,,,,,,,,,,,,false,
7426,starexec,SEV620+1.p,e3-time_demod-off,balanced,HARD_TIMEOUT,2723,0.000,,,,,,,,,,,,,,,,false,
7426,starexec,SEV621+1.p,e3-time_demod-off,balanced,HARD_TIMEOUT,2708,0.000,,,,,,,,,,,,,,,,false,
7426,starexec,SEV622+1.p,e3-time_demod-off,balanced,HARD_TIMEOUT,2761,0.000,,,,,,,,,,,,,,,,false,
7426,starexec,SEV625+1.p,e3-time_demod-off,balanced,HARD_TIMEOUT,2847,0.000,,,,,,,,,,,,,,,,false,
7426,starexec,SEV626+1.p,e3-time_demod-off,balanced,HARD_TIMEOUT,2838,0.000,,,,,,,,,,,,,,,,false,
7426,starexec,SEV627+1.p,e3-time_demod-off,balanced,HARD_TIMEOUT,2813,0.000,,,,,,,,,,,,,,,,false,
7426,starexec,SEV629+1.p,e3-time_demod-off,balanced,HARD_TIMEOUT,2962,0.000,,,,,,,,,,,,,,,,false,
7426,starexec,SEV630+1.p,e3-time_demod-off,balanced,HARD_TIMEOUT,2559,0.000,,,,,,,,,,,,,,,,false,
7426,starexec,SEV631+1.p,e3-time_demod-off,balanced,HARD_TIMEOUT,3117,0.000,,,,,,,,,,,,,,,,false,
7426,starexec,SEV634+1.p,e3-time_demod-off,balanced,HARD_TIMEOUT,2534,0.000,,,,,,,,,,,,,,,,false,
7426,starexec,SEV636+1.p,e3-time_demod-off,balanced,EXHAUSTED,2935,7773.899,422.927,,,0,0,0,0,7455,2111,,,,,,,false,StackOverflowError:  at Clausal$.term$$anonfun$1:180
7426,starexec,SEV637+1.p,e3-time_demod-off,balanced,HARD_TIMEOUT,2981,0.000,,,,,,,,,,,,,,,,false,
7426,starexec,SEV640+1.p,e3-time_demod-off,balanced,HARD_TIMEOUT,2766,0.000,,,,,,,,,,,,,,,,false,
7426,starexec,SEV641+1.p,e3-time_demod-off,balanced,HARD_TIMEOUT,3078,0.000,,,,,,,,,,,,,,,,false,
7426,starexec,SEV643+1.p,e3-time_demod-off,balanced,HARD_TIMEOUT,2960,0.000,,,,,,,,,,,,,,,,false,
7426,starexec,SEV644+1.p,e3-time_demod-off,balanced,HARD_TIMEOUT,2363,0.000,,,,,,,,,,,,,,,,false,
7426,starexec,SEV645+1.p,e3-time_demod-off,balanced,HARD_TIMEOUT,1984,0.000,,,,,,,,,,,,,,,,false,
7426,starexec,SEV646+1.p,e3-time_demod-off,balanced,HARD_TIMEOUT,3067,0.000,,,,,,,,,,,,,,,,false,
7426,starexec,SEV650+1.p,e3-time_demod-off,balanced,HARD_TIMEOUT,3015,0.000,,,,,,,,,,,,,,,,false,
7426,starexec,SEV651+1.p,e3-time_demod-off,balanced,HARD_TIMEOUT,2743,0.000,,,,,,,,,,,,,,,,false,
7426,starexec,SEV654+1.p,e3-time_demod-off,balanced,HARD_TIMEOUT,3190,0.000,,,,,,,,,,,,,,,,false,
7426,starexec,SEV655+1.p,e3-time_demod-off,balanced,EXHAUSTED,3248,8439.414,137405.580,,,0,0,0,0,8269,2524,,,,,,,false,OutOfMemoryError: Java heap space at Arrays.copyOf:3623
7426,starexec,SEV656+1.p,e3-time_demod-off,balanced,HARD_TIMEOUT,3041,0.000,,,,,,,,,,,,,,,,false,
7426,starexec,SEV657+1.p,e3-time_demod-off,balanced,HARD_TIMEOUT,3067,0.000,,,,,,,,,,,,,,,,false,
7426,starexec,SEV658+1.p,e3-time_demod-off,balanced,HARD_TIMEOUT,3118,0.000,,,,,,,,,,,,,,,,false,
7426,starexec,SEV660+1.p,e3-time_demod-off,balanced,HARD_TIMEOUT,2689,0.000,,,,,,,,,,,,,,,,false,
7426,starexec,SEV661+1.p,e3-time_demod-off,balanced,HARD_TIMEOUT,2456,0.000,,,,,,,,,,,,,,,,false,
7426,starexec,SEV667+1.p,e3-time_demod-off,balanced,HARD_TIMEOUT,2862,0.000,,,,,,,,,,,,,,,,false,
7426,starexec,SEV668+1.p,e3-time_demod-off,balanced,HARD_TIMEOUT,2820,0.000,,,,,,,,,,,,,,,,false,
7426,starexec,SEV671+1.p,e3-time_demod-off,balanced,HARD_TIMEOUT,2497,0.000,,,,,,,,,,,,,,,,false,
7426,starexec,SEV673+1.p,e3-time_demod-off,balanced,HARD_TIMEOUT,2701,0.000,,,,,,,,,,,,,,,,false,
7426,starexec,SEV675+1.p,e3-time_demod-off,balanced,HARD_TIMEOUT,3187,0.000,,,,,,,,,,,,,,,,false,
7426,starexec,SEV676+1.p,e3-time_demod-off,balanced,HARD_TIMEOUT,3004,0.000,,,,,,,,,,,,,,,,false,
7426,starexec,SEV677+1.p,e3-time_demod-off,balanced,HARD_TIMEOUT,3185,0.000,,,,,,,,,,,,,,,,false,
7426,starexec,SEV678+1.p,e3-time_demod-off,balanced,HARD_TIMEOUT,2924,0.000,,,,,,,,,,,,,,,,false,
7426,starexec,SEV679+1.p,e3-time_demod-off,balanced,HARD_TIMEOUT,3356,0.000,,,,,,,,,,,,,,,,false,
7426,starexec,SWB012+1.p,e3-time_demod-off,balanced,TIMEOUT,559,1532.320,165169.628,,,47170,13377398,46392,13305178,1392,275,,,,,,,false,
7426,starexec,SWB013+2.p,e3-time_demod-off,balanced,TIMEOUT,8,669.306,165168.716,,,36035,16386129,35708,16340787,62,19,,,,,,,false,
7426,starexec,SWB017+1.p,e3-time_demod-off,balanced,HARD_TIMEOUT,559,0.000,,,,,,,,,,,,,,,,false,
7426,starexec,SWB020+1.p,e3-time_demod-off,balanced,TIMEOUT,559,2344.105,164796.559,,,46303,13304435,45496,13231639,1394,278,,,,,,,false,
7426,starexec,SWB021+2.p,e3-time_demod-off,balanced,REFUTED,7,1112.744,5766.896,103.846,3719.584,2658,131890,2237,121085,78,17,765,1411331,3337,3856,8,false,false,
7426,starexec,SWB023+1.p,e3-time_demod-off,balanced,HARD_TIMEOUT,559,0.000,,,,,,,,,,,,,,,,false,
7426,starexec,SWB027+1.p,e3-time_demod-off,balanced,TIMEOUT,559,2359.656,164766.572,,,45737,13573398,45310,13501026,1385,274,,,,,,,false,
7426,starexec,SWB032+1.p,e3-time_demod-off,balanced,TIMEOUT,558,2432.876,164790.333,,,46942,12759786,46549,12688046,1379,271,,,,,,,false,
7426,starexec,SWB040+1.p,e3-time_demod-off,balanced,TIMEOUT,559,2366.019,164739.990,,,45603,13505784,45256,13433340,1382,271,,,,,,,false,
7426,starexec,SWB042+1.p,e3-time_demod-off,balanced,TIMEOUT,559,2602.530,164982.270,,,47088,13235674,46736,13158126,1394,277,,,,,,,false,
7426,starexec,SWB046+1.p,e3-time_demod-off,balanced,TIMEOUT,559,2320.746,164794.497,,,44837,13210070,44496,13138434,1384,273,,,,,,,false,
7426,starexec,SWB047+1.p,e3-time_demod-off,balanced,TIMEOUT,559,2363.033,164719.565,,,45063,12713879,44721,12642171,1381,271,,,,,,,false,
7426,starexec,SWB053+1.p,e3-time_demod-off,balanced,HARD_TIMEOUT,559,0.000,,,,,,,,,,,,,,,,false,
7426,starexec,SWB055+1.p,e3-time_demod-off,balanced,TIMEOUT,559,2363.897,164860.439,,,49211,13030694,48912,12953782,1385,274,,,,,,,false,
7426,starexec,SWB063+1.p,e3-time_demod-off,balanced,TIMEOUT,559,2405.800,164713.023,,,45674,13854250,45335,13781458,1385,273,,,,,,,false,
7426,starexec,SWB068+1.p,e3-time_demod-off,balanced,TIMEOUT,559,2346.332,166354.263,,,54829,11254403,54477,11179471,1388,274,,,,,,,false,
7426,starexec,SWB073+1.p,e3-time_demod-off,balanced,HARD_TIMEOUT,559,0.000,,,,,,,,,,,,,,,,false,
7426,starexec,SWB090+1.p,e3-time_demod-off,balanced,TIMEOUT,559,2366.605,164836.409,,,45799,13782075,45347,13709609,1386,271,,,,,,,false,
7426,starexec,SWB091+1.p,e3-time_demod-off,balanced,TIMEOUT,559,2372.400,164879.577,,,46165,13387316,45412,13315170,1392,275,,,,,,,false,
7426,starexec,SWB093+1.p,e3-time_demod-off,balanced,TIMEOUT,559,2348.666,166241.717,,,44487,12678993,44033,12608363,1385,271,,,,,,,false,
7426,starexec,SWB095+1.p,e3-time_demod-off,balanced,TIMEOUT,559,2465.526,164712.850,,,45140,13050488,44688,12978898,1386,271,,,,,,,false,
7426,starexec,SWB099+1.p,e3-time_demod-off,balanced,TIMEOUT,559,2348.597,164726.245,,,45213,13123391,44791,13051177,1384,271,,,,,,,false,
7426,starexec,SWB103+1.p,e3-time_demod-off,balanced,TIMEOUT,559,2322.428,164692.455,,,46023,14228722,45405,14156572,1393,273,,,,,,,false,
7426,starexec,SWC012+1.p,e3-time_demod-off,balanced,TIMEOUT,95,1092.360,164925.785,,,72250,8237070,68116,8074502,220,62,,,,,,,false,
7426,starexec,SWV014+1.p,e3-time_demod-off,balanced,REFUTED,28,422.323,261.341,47.924,368.775,63,82,61,38,38,0,286,16588,1575,227,29,false,false,
7426,starexec,SWV041+1.p,e3-time_demod-off,balanced,REFUTED,99,1827.686,591.415,56.198,9282.022,169,1081,160,889,178,42,1787,3051141,7596,3656,100,false,false,
7426,starexec,SWV114+1.p,e3-time_demod-off,balanced,TIMEOUT,101,910.507,165021.369,,,19669,17708125,19397,17666151,199,52,,,,,,,false,
7426,starexec,SWV202+1.p,e3-time_demod-off,balanced,TIMEOUT,91,859.688,164979.661,,,17119,17891453,16773,17855935,203,42,,,,,,,false,
7426,starexec,SWV203+1.p,e3-time_demod-off,balanced,TIMEOUT,91,862.912,165004.982,,,17445,18873976,17115,18837536,203,42,,,,,,,false,
7426,starexec,SWV234+1.p,e3-time_demod-off,balanced,TIMEOUT,25,333.414,165251.763,,,3606,12003421,3584,11989321,26,0,,,,,,,false,
7426,starexec,SWV234+2.p,e3-time_demod-off,balanced,TIMEOUT,21,299.069,165228.586,,,1861,11643060,1857,11635706,22,0,,,,,,,false,
7426,starexec,SWV390+1.p,e3-time_demod-off,balanced,REFUTED,42,702.077,415.730,59.197,907.294,100,309,98,175,55,6,578,103666,2824,461,43,false,false,
7426,starexec,SWV406+1.p,e3-time_demod-off,balanced,TIMEOUT,41,597.791,166917.884,,,4687,5201507,4318,5187381,59,9,,,,,,,false,
7426,starexec,SWV452+1.p,e3-time_demod-off,balanced,HARD_TIMEOUT,66,0.000,,,,,,,,,,,,,,,,false,
7426,starexec,SWV453+1.p,e3-time_demod-off,balanced,HARD_TIMEOUT,66,0.000,,,,,,,,,,,,,,,,false,
7426,starexec,SWV454+1.p,e3-time_demod-off,balanced,KILLED,,0.000,,,,,,,,,,,,,,,,false,killed before finishing
7426,starexec,SWV467+1.p,e3-time_demod-off,balanced,TIMEOUT,66,739.688,164966.434,,,18558,17132054,17343,17055088,139,14,,,,,,,false,
7426,starexec,SWV473+1.p,e3-time_demod-off,balanced,TIMEOUT,66,765.439,165108.714,,,15225,12661392,14519,12611202,126,14,,,,,,,false,
7426,starexec,SWV474+1.p,e3-time_demod-off,balanced,TIMEOUT,66,834.706,165019.477,,,14784,14980765,14050,14921209,132,14,,,,,,,false,
7426,starexec,SWV479+1.p,e3-time_demod-off,balanced,TIMEOUT,66,930.328,165019.670,,,15089,15586521,13845,15515967,142,15,,,,,,,false,
7426,starexec,SWV488+3.p,e3-time_demod-off,balanced,REFUTED,12,469.193,257.150,36.562,458.418,27,68,24,42,24,3,232,38793,952,553,13,false,false,
7426,starexec,SWW102+1.p,e3-time_demod-off,balanced,TIMEOUT,44,498.159,168272.345,,,6084,12989941,6007,12970791,89,12,,,,,,,false,
7426,starexec,SWW186+1.p,e3-time_demod-off,balanced,TIMEOUT,1181,1791.525,163988.318,,,22535,14230848,21416,14152570,1568,29,,,,,,,false,
7426,starexec,SWW278+1.p,e3-time_demod-off,balanced,TIMEOUT,1199,1796.283,163998.913,,,19156,13409637,18368,13350835,1586,36,,,,,,,false,
7426,starexec,SWW279+1.p,e3-time_demod-off,balanced,TIMEOUT,1213,1741.058,163992.399,,,23589,12453317,22524,12379623,1647,38,,,,,,,false,
7426,starexec,SWW298+1.p,e3-time_demod-off,balanced,HARD_TIMEOUT,5224,0.000,,,,,,,,,,,,,,,,false,
7426,starexec,SWW350+1.p,e3-time_demod-off,balanced,HARD_TIMEOUT,5228,0.000,,,,,,,,,,,,,,,,false,
7426,starexec,SWW374+1.p,e3-time_demod-off,balanced,HARD_TIMEOUT,5248,0.000,,,,,,,,,,,,,,,,false,
7426,starexec,SWW394+1.p,e3-time_demod-off,balanced,HARD_TIMEOUT,5223,0.000,,,,,,,,,,,,,,,,false,
7426,starexec,SWW470+5.p,e3-time_demod-off,balanced,TIMEOUT,162,1464.664,164898.642,,,7159,3021460,6820,3002148,240,52,,,,,,,false,
7426,starexec,SWW473+2.p,e3-time_demod-off,balanced,HARD_TIMEOUT,916,0.000,,,,,,,,,,,,,,,,false,
7426,starexec,SWW473+6.p,e3-time_demod-off,balanced,REFUTED,608,7915.133,2810.061,95.280,89097.266,920,22309,895,20863,845,87,9085,37289817,56288,10957,609,false,false,
7426,starexec,SWW474+3.p,e3-time_demod-off,balanced,TIMEOUT,1440,2749.557,163802.179,,,29579,10383826,27478,10318610,2284,309,,,,,,,false,
7426,starexec,SWW937+1.p,e3-time_demod-off,balanced,TIMEOUT,28,791.408,165038.658,,,11123,13983777,10874,13944573,181,24,,,,,,,false,
7426,starexec,SWW961+1.p,e3-time_demod-off,balanced,REFUTED,176,629.626,452.473,71.189,434.160,195,262,190,177,177,0,944,22816,2964,207,177,false,false,
7426,starexec,SWX051+1.p,e3-time_demod-off,balanced,TIMEOUT,292,1656.280,164661.709,,,34649,17073968,30625,16985345,579,168,,,,,,,false,
7426,starexec,SWX185+1.p,e3-time_demod-off,balanced,TIMEOUT,40,333.453,165151.299,,,2649,7679222,2614,7672366,41,0,,,,,,,false,
7426,starexec,SWX187+1.p,e3-time_demod-off,balanced,TIMEOUT,16,278.142,165153.617,,,22908,6371408,22033,6292996,18,0,,,,,,,false,
7426,starexec,SWX189+1.p,e3-time_demod-off,balanced,HARD_TIMEOUT,53,0.000,,,,,,,,,,,,,,,,false,
7426,starexec,SWX194+1.p,e3-time_demod-off,balanced,TIMEOUT,71,398.822,165039.273,,,5157,10474373,5099,10461081,72,0,,,,,,,false,
7426,starexec,SWX197+1.p,e3-time_demod-off,balanced,TIMEOUT,73,422.944,165158.824,,,5325,8261985,5163,8248663,74,0,,,,,,,false,
7426,starexec,SWX199+1.p,e3-time_demod-off,balanced,TIMEOUT,12,285.402,165280.803,,,1435,9552586,1302,9543312,14,0,,,,,,,false,
7426,starexec,SWX200+1.p,e3-time_demod-off,balanced,REFUTED,15,360.737,201.869,53.796,229.904,16,23,14,19,19,0,161,7737,550,143,16,false,false,
7426,starexec,SWX201+1.p,e3-time_demod-off,balanced,TIMEOUT,28,325.621,165548.065,,,3190,7567400,3015,7558966,30,0,,,,,,,false,
7426,starexec,SWX202+1.p,e3-time_demod-off,balanced,TIMEOUT,28,337.650,165238.953,,,2946,5913680,2809,5907260,30,0,,,,,,,false,
7426,starexec,SWX203+1.p,e3-time_demod-off,balanced,TIMEOUT,21,305.607,165118.947,,,40358,3254640,23895,2438484,29,0,,,,,,,false,
7426,starexec,SWX209+1.p,e3-time_demod-off,balanced,TIMEOUT,49,368.848,165022.785,,,5839,7457719,5448,7438975,56,0,,,,,,,false,
7426,starexec,SWX210+1.p,e3-time_demod-off,balanced,TIMEOUT,49,356.188,165136.589,,,4979,8130611,4270,8103041,56,0,,,,,,,false,
7426,starexec,SWX211+1.p,e3-time_demod-off,balanced,HARD_TIMEOUT,49,0.000,,,,,,,,,,,,,,,,false,
7426,starexec,SWX212+1.p,e3-time_demod-off,balanced,TIMEOUT,49,326.935,165120.560,,,6956,9261600,6725,9245992,57,0,,,,,,,false,
7426,starexec,SWX217+1.p,e3-time_demod-off,balanced,TIMEOUT,23,282.563,169348.484,,,1899,4121256,1862,4116988,25,0,,,,,,,false,
7426,starexec,SWX219+1.p,e3-time_demod-off,balanced,REFUTED,31,428.424,23952.194,94.613,366.576,10076,512828,8935,490298,36,0,352,19211,1287,181,32,false,false,
7426,starexec,SWX220+1.p,e3-time_demod-off,balanced,REFUTED,31,456.212,4706.704,91.110,247.973,2869,18656,2791,14486,36,0,349,19353,1294,194,32,false,false,
7426,starexec,SWX221+1.p,e3-time_demod-off,balanced,REFUTED,35,421.123,3017.441,60.222,229.619,2585,13782,2464,10448,43,0,408,24485,1516,181,36,false,false,
7426,starexec,SWX222+1.p,e3-time_demod-off,balanced,REFUTED,35,431.690,528.079,63.877,249.763,227,388,220,145,43,0,339,15785,1318,181,36,false,false,
7426,starexec,SWX223+1.p,e3-time_demod-off,balanced,REFUTED,35,470.032,765.836,87.985,466.471,400,934,391,480,43,0,390,21822,1444,181,36,false,false,
7426,starexec,SWX224+1.p,e3-time_demod-off,balanced,REFUTED,31,460.640,1110.531,79.642,393.271,699,2013,691,1115,36,0,322,15887,1209,181,32,false,false,
7426,starexec,SWX240_1.p,e3-time_demod-off,balanced,TIMEOUT,56,384.187,165060.541,,,3796,9004803,3623,8995777,70,0,,,,,,,false,
7426,starexec,SWX241_1.p,e3-time_demod-off,balanced,TIMEOUT,64,407.971,165000.697,,,8655,11061510,8278,11040428,79,0,,,,,,,false,
7426,starexec,SYN076+1.p,e3-time_demod-off,balanced,TIMEOUT,1,553.967,165384.903,,,1958,5740771,1839,5733861,48,16,,,,,,,false,
7426,starexec,SYN077+1.p,e3-time_demod-off,balanced,REFUTED,1,538.006,267.128,48.019,673.861,54,90,36,19,9,6,241,63879,670,637,2,false,false,
7426,starexec,SYN353+1.p,e3-time_demod-off,balanced,REFUTED,0,615.647,305.521,63.952,2330.586,74,282,32,81,21,2,219,277626,801,11878,1,false,false,
7426,starexec,SYN986+1.004.p,e3-time_demod-off,balanced,EXHAUSTED,2,304.848,397.923,,,0,0,0,0,3,0,,,,,,,false,StackOverflowError:  at Core$Trail$Applier.apply:975
7426,starexec,SYO525+1.018.p,e3-time_demod-off,balanced,TIMEOUT,29,564.658,164890.079,,,65727,65737,65727,30,30,0,,,,,,,false,
7426,starexec,SYO525+1.021.p,e3-time_demod-off,balanced,TIMEOUT,29,583.927,164999.480,,,66948,66955,66948,30,30,0,,,,,,,false,
7426,starexec,SYO525+1.024.p,e3-time_demod-off,balanced,TIMEOUT,29,640.153,164958.064,,,60925,60929,60925,30,30,0,,,,,,,false,
7426,starexec,SYO525+1.027.p,e3-time_demod-off,balanced,TIMEOUT,29,559.126,164888.010,,,61739,61740,61739,30,30,0,,,,,,,false,
7426,starexec,SYO525+1.030.p,e3-time_demod-off,balanced,TIMEOUT,32,642.954,164826.784,,,46409,46410,46409,33,33,0,,,,,,,false,
7426,starexec,SYO605+1.p,e3-time_demod-off,balanced,REFUTED,4,1079.328,2162.201,144.893,3072.063,2188,19981,1239,11803,48,14,903,1044573,1977,2212,5,false,false,
7426,starexec,TOP020+1.p,e3-time_demod-off,balanced,TIMEOUT,8,499.998,165175.813,,,57506,1324605,56685,1247302,27,11,,,,,,,false,
7426,starexec,TOP029+1.p,e3-time_demod-off,balanced,TIMEOUT,108,844.254,164827.672,,,46962,7317607,42208,7141549,306,48,,,,,,,false,
7426,starexec,TOP046+3.p,e3-time_demod-off,balanced,HARD_TIMEOUT,18710,0.000,,,,,,,,,,,,,,,,false,
7426,starexec,AGT007+2.p,e3-time_fwdsubs-off,balanced,TIMEOUT,922,730.554,164742.257,,,61903,6738307,27769,6676404,1022,13,,,,,,,false,
7426,starexec,AGT022+1.p,e3-time_fwdsubs-off,balanced,HARD_TIMEOUT,555,0.000,,,,,,,,,,,,,,,,false,
7426,starexec,ALG040+1.p,e3-time_fwdsubs-off,balanced,TIMEOUT,4,313.822,165194.678,,,89039,29523547,2025,29433344,12,2,,,,,,,false,
7426,starexec,ALG213+1.p,e3-time_fwdsubs-off,balanced,TIMEOUT,4,325.313,165252.986,,,5333,14534200,553,14528730,5,5,,,,,,,false,
7426,starexec,BIO006+1.p,e3-time_fwdsubs-off,balanced,PARSE_ERR,,0.000,,,,,,,,,,,,,,,,false,StackOverflowError
7426,starexec,COM008+1.p,e3-time_fwdsubs-off,balanced,TIMEOUT,10,361.409,165254.191,,,41799,6715300,8021,6673501,15,3,,,,,,,false,
7426,starexec,COM008+2.p,e3-time_fwdsubs-off,balanced,TIMEOUT,8,328.513,165187.177,,,43998,9416614,10773,9372616,13,3,,,,,,,false,
7426,starexec,COM131+1.p,e3-time_fwdsubs-off,balanced,TIMEOUT,59,1314.304,164950.293,,,29453,8794283,9857,8764755,157,95,,,,,,,false,
7426,starexec,COM136+1.p,e3-time_fwdsubs-off,balanced,REFUTED,56,2495.909,14196.410,100.878,19732.345,4917,862335,2111,856993,152,94,3162,15379061,18059,9820,57,false,false,
7426,starexec,COM139+1.p,e3-time_fwdsubs-off,balanced,HARD_TIMEOUT,55,0.000,,,,,,,,,,,,,,,,false,
7426,starexec,CSR005+2.p,e3-time_fwdsubs-off,balanced,TIMEOUT,55,592.427,39207.756,,,100000,1336466,4155,1236114,120,18,,,,,,,false,
7426,starexec,CSR021+1.p,e3-time_fwdsubs-off,balanced,TIMEOUT,47,575.363,43085.655,,,100000,2597710,4693,2497660,137,21,,,,,,,false,
7426,starexec,CSR022+1.p,e3-time_fwdsubs-off,balanced,TIMEOUT,47,402.666,39557.222,,,100000,2438949,5906,2338899,137,21,,,,,,,false,
7426,starexec,CSR025+5.p,e3-time_fwdsubs-off,balanced,HARD_TIMEOUT,540249,0.000,,,,,,,,,,,,,,,,false,
7426,starexec,CSR030+3.p,e3-time_fwdsubs-off,balanced,REFUTED,8005,3223.635,61626.204,155.089,3979.691,46966,239905,21664,192940,8007,0,44051,1238415,103763,89,8006,false,false,
7426,starexec,CSR033+3.p,e3-time_fwdsubs-off,balanced,TIMEOUT,8005,2381.385,163873.860,,,83570,437284,36164,353714,8007,0,,,,,,,false,
7426,starexec,CSR038+4.p,e3-time_fwdsubs-off,balanced,HARD_TIMEOUT,44216,0.000,,,,,,,,,,,,,,,,false,
7426,starexec,CSR042+3.p,e3-time_fwdsubs-off,balanced,REFUTED,8005,1952.449,8097.861,124.807,4070.859,15856,46792,10044,30936,8007,0,44041,1238170,103750,89,8006,false,false,
7426,starexec,CSR044+3.p,e3-time_fwdsubs-off,balanced,REFUTED,8005,2731.142,50013.763,81.277,3413.940,42591,230001,20413,187541,8007,0,44067,1439544,103800,89,8006,false,false,
7426,starexec,CSR045+3.p,e3-time_fwdsubs-off,balanced,REFUTED,8005,3030.438,7703.394,175.747,5165.544,11886,17401,8118,8006,8006,0,44056,1004551,103748,89,8006,false,false,
7426,starexec,CSR048+3.p,e3-time_fwdsubs-off,balanced,REFUTED,8005,3060.717,56144.321,127.445,5020.863,43029,231404,20851,188375,8007,0,44043,1238212,103749,89,8006,false,false,
7426,starexec,CSR050+5.p,e3-time_fwdsubs-off,balanced,HARD_TIMEOUT,540249,0.000,,,,,,,,,,,,,,,,false,
7426,starexec,CSR052+3.p,e3-time_fwdsubs-off,balanced,TIMEOUT,8005,1437.670,164604.517,,,83529,442039,34282,358511,8007,0,,,,,,,false,
7426,starexec,CSR054+3.p,e3-time_fwdsubs-off,balanced,REFUTED,8005,3139.214,3842.943,144.340,5636.260,6083,12381,4896,8007,8007,0,44037,1438507,103741,89,8006,false,false,
7426,starexec,CSR056+3.p,e3-time_fwdsubs-off,balanced,REFUTED,8005,2847.360,51067.892,86.830,3274.855,42818,228901,20646,186168,8007,0,44056,1238514,103754,89,8006,false,false,
7426,starexec,CSR058+3.p,e3-time_fwdsubs-off,balanced,REFUTED,8005,3226.826,1402.831,140.935,5680.314,709,8016,690,8007,8007,0,44037,1438501,103742,89,8006,false,false,
7426,starexec,CSR066+5.p,e3-time_fwdsubs-off,balanced,HARD_TIMEOUT,540249,0.000,,,,,,,,,,,,,,,,false,
7426,starexec,CSR067+3.p,e3-time_fwdsubs-off,balanced,REFUTED,8005,3103.753,11755.285,171.786,4202.375,15620,45910,9945,30290,8007,0,44041,1238170,103750,89,8006,false,false,
7426,starexec,CSR113+13.p,e3-time_fwdsubs-off,balanced,TIMEOUT,10188,2174.028,113574.758,,,100000,521585,55414,421585,10593,79,,,,,,,false,
7426,starexec,CSR113+30.p,e3-time_fwdsubs-off,balanced,TIMEOUT,10188,2102.327,76358.179,,,100000,704412,43387,604412,10559,79,,,,,,,false,
7426,starexec,CSR113+4.p,e3-time_fwdsubs-off,balanced,TIMEOUT,10188,2085.203,71196.492,,,100000,697073,43401,597074,10564,79,,,,,,,false,
7426,starexec,CSR114+8.p,e3-time_fwdsubs-off,balanced,TIMEOUT,10188,2139.383,75953.592,,,100000,694822,43321,594822,10478,79,,,,,,,false,
7426,starexec,CSR115+8.p,e3-time_fwdsubs-off,balanced,TIMEOUT,10188,2150.963,163946.296,,,70196,324407,70171,254212,10631,79,,,,,,,false,
7426,starexec,CSR116+10.p,e3-time_fwdsubs-off,balanced,TIMEOUT,10188,2014.947,163919.320,,,71545,432530,71522,360985,10739,79,,,,,,,false,
7426,starexec,CSR116+13.p,e3-time_fwdsubs-off,balanced,REFUTED,10188,20717.125,11068.438,221.148,89652.393,13711,107084,13543,93375,10594,79,53838,134029576,54000,6739,10189,false,false,
7426,starexec,CSR116+19.p,e3-time_fwdsubs-off,balanced,REFUTED,10188,27164.019,37261.986,183.719,86302.655,42873,194349,40375,151479,10671,79,53915,134412551,54325,7335,10189,false,false,
7426,starexec,CSR116+3.p,e3-time_fwdsubs-off,balanced,TIMEOUT,10188,2144.652,163939.733,,,71437,331006,71275,259571,10689,79,,,,,,,false,
7426,starexec,CSR116+38.p,e3-time_fwdsubs-off,balanced,TIMEOUT,10188,2070.780,163847.481,,,70675,428621,70653,357947,10654,79,,,,,,,false,
7426,starexec,CSR116+8.p,e3-time_fwdsubs-off,balanced,TIMEOUT,10188,2182.015,163917.292,,,74534,346779,74501,272245,10748,79,,,,,,,false,
7426,starexec,CSR117+1.p,e3-time_fwdsubs-off,balanced,REFUTED,268,897.486,1261.991,108.422,1702.007,1009,1415,872,648,270,17,1639,442979,2140,563,269,false,false,
7426,starexec,CSR208+1.p,e3-time_fwdsubs-off,balanced,HARD_TIMEOUT,7432,0.000,,,,,,,,,,,,,,,,false,
7426,starexec,GEO085+1.p,e3-time_fwdsubs-off,balanced,REFUTED,16,962.812,2237.139,102.867,2219.678,1415,31759,562,30333,56,17,954,545534,2916,1406,17,false,false,
7426,starexec,GEO087+1.p,e3-time_fwdsubs-off,balanced,REFUTED,16,976.914,1858.189,58.022,2190.976,1149,26696,428,25547,56,19,785,414483,2915,1417,17,false,false,
7426,starexec,GEO089+1.p,e3-time_fwdsubs-off,balanced,TIMEOUT,16,571.954,165110.761,,,35170,16002816,9261,15967646,57,19,,,,,,,false,
7426,starexec,GEO093+1.p,e3-time_fwdsubs-off,balanced,TIMEOUT,16,599.891,165155.341,,,38054,15423890,11703,15385836,59,20,,,,,,,false,
7426,starexec,GEO095+1.p,e3-time_fwdsubs-off,balanced,TIMEOUT,16,608.838,165265.431,,,33398,12417923,7427,12384525,57,19,,,,,,,false,
7426,starexec,GEO111+1.p,e3-time_fwdsubs-off,balanced,TIMEOUT,17,615.974,168467.757,,,21630,12317713,7997,12296083,64,22,,,,,,,false,
7426,starexec,GEO117+1.p,e3-time_fwdsubs-off,balanced,TIMEOUT,27,738.408,165154.930,,,32778,11808743,12339,11775963,113,34,,,,,,,false,
7426,starexec,GEO138+1.p,e3-time_fwdsubs-off,balanced,TIMEOUT,27,736.810,165133.878,,,47424,11839568,10951,11792000,116,36,,,,,,,false,
7426,starexec,GEO260+1.p,e3-time_fwdsubs-off,balanced,TIMEOUT,31,462.529,165085.451,,,34248,10709623,8186,10675375,70,7,,,,,,,false,
7426,starexec,GEO274+1.p,e3-time_fwdsubs-off,balanced,TIMEOUT,116,1883.756,164544.402,,,61723,6260940,40520,6199212,265,57,,,,,,,false,
7426,starexec,GEO277+1.p,e3-time_fwdsubs-off,balanced,TIMEOUT,126,1793.611,164702.975,,,90194,1333521,49352,1242929,279,57,,,,,,,false,
7426,starexec,GEO282+1.p,e3-time_fwdsubs-off,balanced,TIMEOUT,123,2315.790,164549.972,,,70912,4010845,35631,3937984,284,55,,,,,,,false,
7426,starexec,GEO285+1.p,e3-time_fwdsubs-off,balanced,TIMEOUT,132,1829.854,164683.053,,,89216,4479111,39817,4389497,298,56,,,,,,,false,
7426,starexec,GEO298+1.p,e3-time_fwdsubs-off,balanced,TIMEOUT,157,1782.381,164680.381,,,61121,5391218,33587,5330092,321,63,,,,,,,false,
7426,starexec,GEO306+1.p,e3-time_fwdsubs-off,balanced,TIMEOUT,126,1813.748,74748.963,,,100000,1369929,36539,1269317,289,60,,,,,,,false,
7426,starexec,GEO307+1.p,e3-time_fwdsubs-off,balanced,TIMEOUT,145,1864.082,164714.232,,,95240,4651187,52286,4555947,308,60,,,,,,,false,
7426,starexec,GEO308+1.p,e3-time_fwdsubs-off,balanced,TIMEOUT,146,1862.083,164661.250,,,98742,2189552,46267,2090751,309,60,,,,,,,false,
7426,starexec,GEO310+1.p,e3-time_fwdsubs-off,balanced,TIMEOUT,148,2223.881,162826.132,,,100000,1873855,38711,1773862,311,60,,,,,,,false,
7426,starexec,GEO321+1.p,e3-time_fwdsubs-off,balanced,TIMEOUT,177,1855.122,164673.998,,,76502,1085093,35123,1010975,340,60,,,,,,,false,
7426,starexec,GEO323+1.p,e3-time_fwdsubs-off,balanced,TIMEOUT,179,1742.130,164503.919,,,77233,1592183,27625,1514935,342,60,,,,,,,false,
7426,starexec,GEO328+1.p,e3-time_fwdsubs-off,balanced,TIMEOUT,185,1878.785,102183.074,,,100000,1697903,49557,1597759,348,60,,,,,,,false,
7426,starexec,GEO330+1.p,e3-time_fwdsubs-off,balanced,TIMEOUT,187,1909.573,164565.204,,,84651,1777272,30298,1692408,350,60,,,,,,,false,
7426,starexec,GEO331+1.p,e3-time_fwdsubs-off,balanced,REFUTED,125,3338.587,1816.410,96.168,23027.093,1060,3844,1012,2785,279,60,5297,7952486,40539,13064,126,false,false,
7426,starexec,GEO337+1.p,e3-time_fwdsubs-off,balanced,TIMEOUT,129,1883.708,164649.391,,,88145,1008691,33629,919598,283,60,,,,,,,false,
7426,starexec,GEO343+1.p,e3-time_fwdsubs-off,balanced,TIMEOUT,124,1956.473,164718.584,,,80189,2327143,46229,2246866,292,61,,,,,,,false,
7426,starexec,GEO349+1.p,e3-time_fwdsubs-off,balanced,TIMEOUT,130,1662.028,164557.030,,,78446,7024653,39598,6946126,302,66,,,,,,,false,
7426,starexec,GEO351+1.p,e3-time_fwdsubs-off,balanced,TIMEOUT,136,1712.494,164624.150,,,80122,5391035,43640,5310886,311,69,,,,,,,false,
7426,starexec,GEO480+1.p,e3-time_fwdsubs-off,balanced,HARD_TIMEOUT,3634,0.000,,,,,,,,,,,,,,,,false,
7426,starexec,GEO491+1.p,e3-time_fwdsubs-off,balanced,TIMEOUT,44,614.191,164907.923,,,49884,11944153,4169,11893913,75,6,,,,,,,false,
7426,starexec,GEO494+1.p,e3-time_fwdsubs-off,balanced,TIMEOUT,66,626.112,164832.183,,,42201,13352742,6014,13310404,101,6,,,,,,,false,
7426,starexec,GEO498+1.p,e3-time_fwdsubs-off,balanced,REFUTED,109,955.803,565.723,74.677,1390.666,197,658,119,462,162,4,1322,235796,10567,618,110,false,false,
7426,starexec,GEO501+1.p,e3-time_fwdsubs-off,balanced,TIMEOUT,122,774.768,164739.412,,,83218,11069617,12695,10986175,179,5,,,,,,,false,
7426,starexec,GEO504+1.p,e3-time_fwdsubs-off,balanced,TIMEOUT,130,937.236,164691.986,,,70010,12433925,7822,12362857,191,3,,,,,,,false,
7426,starexec,GEO513+1.p,e3-time_fwdsubs-off,balanced,TIMEOUT,172,948.201,164749.592,,,89209,8579220,11493,8489946,265,5,,,,,,,false,
7426,starexec,GEO514+1.p,e3-time_fwdsubs-off,balanced,TIMEOUT,173,950.761,164708.292,,,46587,8754044,14547,8707340,264,4,,,,,,,false,
7426,starexec,GEO517+1.p,e3-time_fwdsubs-off,balanced,TIMEOUT,180,997.537,164718.818,,,83662,8946842,7096,8863146,277,8,,,,,,,false,
7426,starexec,GEO520+1.p,e3-time_fwdsubs-off,balanced,TIMEOUT,193,613.467,165121.859,,,66856,8245255,10299,8177929,287,5,,,,,,,false,
7426,starexec,GEO523+1.p,e3-time_fwdsubs-off,balanced,TIMEOUT,200,985.732,164664.123,,,67960,11147348,6147,11079124,294,4,,,,,,,false,
7426,starexec,GEO526+1.p,e3-time_fwdsubs-off,balanced,TIMEOUT,209,1035.461,164680.475,,,80522,10166934,9319,10085730,307,5,,,,,,,false,
7426,starexec,GEO528+1.p,e3-time_fwdsubs-off,balanced,HARD_TIMEOUT,212,0.000,,,,,,,,,,,,,,,,false,
7426,starexec,GEO535+1.p,e3-time_fwdsubs-off,balanced,TIMEOUT,227,1130.520,164626.041,,,93187,8227449,10002,8134224,335,6,,,,,,,false,
7426,starexec,GRA005+1.p,e3-time_fwdsubs-off,balanced,EXHAUSTED,17,663.969,9679.829,,,15524,156882,763,141358,83,21,,,,,,,false,StackOverflowError:  at Reconstruction$Builder.build:72
7426,starexec,GRA008+1.p,e3-time_fwdsubs-off,balanced,TIMEOUT,17,625.445,94554.206,,,100000,7247952,3578,7146035,83,20,,,,,,,false,
7426,starexec,GRP652+2.p,e3-time_fwdsubs-off,balanced,HARD_TIMEOUT,5675,0.000,,,,,,,,,,,,,,,,false,
7426,starexec,GRP654+1.p,e3-time_fwdsubs-off,balanced,TIMEOUT,5,275.073,165715.795,,,1489,2071255,204,2069459,6,1,,,,,,,false,
7426,starexec,GRP655+3.p,e3-time_fwdsubs-off,balanced,TIMEOUT,5,282.550,165466.469,,,4305,5002215,425,4996905,6,2,,,,,,,false,
7426,starexec,GRP748+1.p,e3-time_fwdsubs-off,balanced,TIMEOUT,11,374.085,165211.307,,,10279,8134081,855,8121099,15,12,,,,,,,false,
7426,starexec,HWV051+1.p,e3-time_fwdsubs-off,balanced,TIMEOUT,724,916.067,161382.652,,,100000,1118151,24420,1018151,919,5,,,,,,,false,
7426,starexec,ITP002+2.p,e3-time_fwdsubs-off,balanced,TIMEOUT,33,619.966,165005.145,,,45318,3282393,31931,3226761,58,9,,,,,,,false,
7426,starexec,ITP004+1.p,e3-time_fwdsubs-off,balanced,TIMEOUT,30,509.909,164980.207,,,17775,11525484,1975,11506938,56,6,,,,,,,false,
7426,starexec,ITP004+4.p,e3-time_fwdsubs-off,balanced,HARD_TIMEOUT,3173,0.000,,,,,,,,,,,,,,,,false,
7426,starexec,ITP006+2.p,e3-time_fwdsubs-off,balanced,TIMEOUT,51,872.268,165025.113,,,45043,15188730,13697,15143687,243,40,,,,,,,false,
7426,starexec,ITP006+4.p,e3-time_fwdsubs-off,balanced,HARD_TIMEOUT,5652,0.000,,,,,,,,,,,,,,,,false,
7426,starexec,ITP009+2.p,e3-time_fwdsubs-off,balanced,TIMEOUT,36,919.011,165035.397,,,62636,13562482,15404,13499292,99,18,,,,,,,false,
7426,starexec,ITP012+4.p,e3-time_fwdsubs-off,balanced,HARD_TIMEOUT,14071,0.000,,,,,,,,,,,,,,,,false,
7426,starexec,ITP012+5.p,e3-time_fwdsubs-off,balanced,HARD_TIMEOUT,10256,0.000,,,,,,,,,,,,,,,,false,
7426,starexec,ITP013+1.p,e3-time_fwdsubs-off,balanced,TIMEOUT,45,620.001,165125.710,,,6786,4325314,1288,4317966,108,8,,,,,,,false,
7426,starexec,ITP018+5.p,e3-time_fwdsubs-off,balanced,HARD_TIMEOUT,16278,0.000,,,,,,,,,,,,,,,,false,
7426,starexec,ITP020+2.p,e3-time_fwdsubs-off,balanced,REFUTED,62,1356.763,5968.317,46.661,21054.404,7606,148520,3439,140914,293,55,2558,2950700,10988,2968,63,false,false,
7426,starexec,ITP020+4.p,e3-time_fwdsubs-off,balanced,HARD_TIMEOUT,25152,0.000,,,,,,,,,,,,,,,,false,
7426,starexec,ITP023+2.p,e3-time_fwdsubs-off,balanced,TIMEOUT,58,689.916,164958.920,,,80412,9065868,15547,8979779,239,27,,,,,,,false,
7426,starexec,KLE100+1.p,e3-time_fwdsubs-off,balanced,TIMEOUT,26,377.242,165040.071,,,16160,13262016,1660,13242101,29,3,,,,,,,false,
7426,starexec,KLE169+1.p,e3-time_fwdsubs-off,balanced,TIMEOUT,17,312.596,165126.764,,,15700,15978096,1202,15960768,19,0,,,,,,,false,
7426,starexec,KLE170+1.002.p,e3-time_fwdsubs-off,balanced,TIMEOUT,16,303.435,165190.712,,,16022,16661255,991,16643485,18,0,,,,,,,false,
7426,starexec,KRS187+1.p,e3-time_fwdsubs-off,balanced,TIMEOUT,32,784.450,165079.839,,,43702,20698376,12785,20654674,129,74,,,,,,,false,
7426,starexec,KRS190+1.p,e3-time_fwdsubs-off,balanced,TIMEOUT,32,785.146,166862.155,,,45372,21336238,13140,21290866,129,74,,,,,,,false,
7426,starexec,KRS192+1.p,e3-time_fwdsubs-off,balanced,TIMEOUT,32,806.426,165088.898,,,49907,23405988,14430,23356081,129,74,,,,,,,false,
7426,starexec,KRS195+1.p,e3-time_fwdsubs-off,balanced,TIMEOUT,32,823.820,165025.614,,,48730,23110076,13930,23061346,129,74,,,,,,,false,
7426,starexec,KRS196+1.p,e3-time_fwdsubs-off,balanced,TIMEOUT,32,843.662,165126.256,,,42994,20330688,12615,20287694,129,74,,,,,,,false,
7426,starexec,KRS216+1.p,e3-time_fwdsubs-off,balanced,TIMEOUT,32,790.619,165118.890,,,47836,22392471,13404,22344635,129,74,,,,,,,false,
7426,starexec,KRS233+1.p,e3-time_fwdsubs-off,balanced,TIMEOUT,32,807.015,165119.485,,,45333,21329162,12973,21283829,129,74,,,,,,,false,
7426,starexec,KRS234+1.p,e3-time_fwdsubs-off,balanced,TIMEOUT,32,811.714,165133.239,,,44814,21141083,12882,21096269,129,74,,,,,,,false,
7426,starexec,KRS251+1.p,e3-time_fwdsubs-off,balanced,TIMEOUT,32,786.893,166030.008,,,46602,21940495,13338,21893893,129,74,,,,,,,false,
7426,starexec,KRS261+1.p,e3-time_fwdsubs-off,balanced,TIMEOUT,32,806.293,165106.220,,,42789,20040318,12291,19997529,129,74,,,,,,,false,
7426,starexec,KRS262+1.p,e3-time_fwdsubs-off,balanced,REFUTED,32,1686.630,18502.945,41.736,10753.691,9052,2455689,3322,2446637,129,74,2143,2402369,6026,2717,33,false,false,
7426,starexec,LAT258+1.p,e3-time_fwdsubs-off,balanced,TIMEOUT,17,364.097,165096.543,,,79213,16497291,11092,16418078,23,1,,,,,,,false,
7426,starexec,LAT287+3.p,e3-time_fwdsubs-off,balanced,HARD_TIMEOUT,12371,0.000,,,,,,,,,,,,,,,,false,
7426,starexec,LAT303+4.p,e3-time_fwdsubs-off,balanced,HARD_TIMEOUT,34684,0.000,,,,,,,,,,,,,,,,false,
7426,starexec,LAT305+3.p,e3-time_fwdsubs-off,balanced,HARD_TIMEOUT,13616,0.000,,,,,,,,,,,,,,,,false,
7426,starexec,LAT351+3.p,e3-time_fwdsubs-off,balanced,HARD_TIMEOUT,17808,0.000,,,,,,,,,,,,,,,,false,
7426,starexec,LCL062+2.p,e3-time_fwdsubs-off,balanced,TIMEOUT,2,285.674,8289.992,,,100000,596711,49,496711,3,0,,,,,,,false,
7426,starexec,LCL073+1.p,e3-time_fwdsubs-off,balanced,TIMEOUT,2,376.825,95538.561,,,100000,18005017,691,17905017,3,3,,,,,,,false,
7426,starexec,LCL109+1.p,e3-time_fwdsubs-off,balanced,TIMEOUT,5,244.057,165225.025,,,61516,22504099,3691,22442583,6,0,,,,,,,false,
7426,starexec,LCL368+1.p,e3-time_fwdsubs-off,balanced,TIMEOUT,4,235.579,165249.830,,,41798,17991592,4469,17949794,5,0,,,,,,,false,
7426,starexec,LCL368+2.p,e3-time_fwdsubs-off,balanced,TIMEOUT,2,288.438,8128.599,,,100000,611656,40,511656,3,0,,,,,,,false,
7426,starexec,LCL369+1.p,e3-time_fwdsubs-off,balanced,TIMEOUT,4,159.099,165498.441,,,68216,27301094,4341,27232878,5,0,,,,,,,false,
7426,starexec,LCL369+2.p,e3-time_fwdsubs-off,balanced,TIMEOUT,2,286.842,8320.150,,,100000,606652,47,506652,3,0,,,,,,,false,
7426,starexec,LCL370+1.p,e3-time_fwdsubs-off,balanced,TIMEOUT,4,218.104,165242.096,,,62890,21240235,3763,21177345,5,0,,,,,,,false,
7426,starexec,LCL372+2.p,e3-time_fwdsubs-off,balanced,TIMEOUT,2,275.770,8877.504,,,100000,611656,40,511656,3,0,,,,,,,false,
7426,starexec,LCL373+2.p,e3-time_fwdsubs-off,balanced,TIMEOUT,2,272.586,8030.154,,,100000,611656,40,511656,3,0,,,,,,,false,
7426,starexec,LCL374+1.p,e3-time_fwdsubs-off,balanced,TIMEOUT,4,230.931,166308.579,,,54840,19467872,4230,19413032,5,0,,,,,,,false,
7426,starexec,LCL375+1.p,e3-time_fwdsubs-off,balanced,TIMEOUT,4,251.628,165235.003,,,58720,19407186,3924,19348466,5,0,,,,,,,false,
7426,starexec,LCL382+1.p,e3-time_fwdsubs-off,balanced,TIMEOUT,4,243.383,165222.214,,,55718,18642252,4086,18586534,5,0,,,,,,,false,
7426,starexec,LCL382+2.p,e3-time_fwdsubs-off,balanced,TIMEOUT,2,274.847,5271.268,,,100000,611656,40,511656,3,0,,,,,,,false,
7426,starexec,LCL383+1.p,e3-time_fwdsubs-off,balanced,TIMEOUT,4,238.601,165235.091,,,42844,17810025,4803,17767181,5,0,,,,,,,false,
7426,starexec,LCL390+2.p,e3-time_fwdsubs-off,balanced,TIMEOUT,2,268.840,8215.141,,,100000,611656,40,511656,3,0,,,,,,,false,
7426,starexec,LCL391+2.p,e3-time_fwdsubs-off,balanced,TIMEOUT,2,285.690,8158.826,,,100000,611656,40,511656,3,0,,,,,,,false,
7426,starexec,LCL392+2.p,e3-time_fwdsubs-off,balanced,TIMEOUT,2,265.591,8362.295,,,100000,611656,40,511656,3,0,,,,,,,false,
7426,starexec,LCL393+1.p,e3-time_fwdsubs-off,balanced,TIMEOUT,4,244.160,165251.568,,,59502,18818118,3763,18758616,5,0,,,,,,,false,
7426,starexec,LCL393+2.p,e3-time_fwdsubs-off,balanced,TIMEOUT,2,272.783,8431.306,,,100000,606652,47,506652,3,0,,,,,,,false,
7426,starexec,LCL395+1.p,e3-time_fwdsubs-off,balanced,TIMEOUT,4,253.993,165282.767,,,52220,18864975,3778,18812755,5,0,,,,,,,false,
7426,starexec,LCL395+2.p,e3-time_fwdsubs-off,balanced,TIMEOUT,2,254.150,8325.126,,,100000,606652,47,506652,3,0,,,,,,,false,
7426,starexec,LCL484+1.p,e3-time_fwdsubs-off,balanced,REFUTED,44,1191.512,460.343,53.858,5249.508,95,160,72,74,74,55,1400,1190894,2945,1818,45,false,false,
7426,starexec,LCL556+1.p,e3-time_fwdsubs-off,balanced,TIMEOUT,76,724.450,165073.514,,,62621,10356529,13706,10293233,135,94,,,,,,,false,
7426,starexec,LCL638+1.020.p,e3-time_fwdsubs-off,balanced,HARD_TIMEOUT,0,0.000,,,,,,,,,,,,,,,,false,
7426,starexec,LCL646+1.010.p,e3-time_fwdsubs-off,balanced,TIMEOUT,0,4288.751,68733.057,,,100000,7179381,100000,7079382,294,146,,,,,,,false,
7426,starexec,LCL646+1.015.p,e3-time_fwdsubs-off,balanced,TIMEOUT,0,5291.346,63534.141,,,100000,6837617,99906,6737617,460,229,,,,,,,false,
7426,starexec,LCL648+1.010.p,e3-time_fwdsubs-off,balanced,HARD_TIMEOUT,0,0.000,,,,,,,,,,,,,,,,false,
7426,starexec,LCL650+1.010.p,e3-time_fwdsubs-off,balanced,TIMEOUT,0,1704.855,165566.728,,,7152,119620,7001,112468,220,126,,,,,,,false,
7426,starexec,LCL652+1.010.p,e3-time_fwdsubs-off,balanced,TIMEOUT,0,1574.020,104474.492,,,100000,8518203,94478,8418203,181,110,,,,,,,false,
7426,starexec,LCL662+1.020.p,e3-time_fwdsubs-off,balanced,HARD_TIMEOUT,1,0.000,,,,,,,,,,,,,,,,false,
7426,starexec,LCL664+1.010.p,e3-time_fwdsubs-off,balanced,TIMEOUT,1,4111.413,164735.130,,,90090,21380531,35379,21290441,295,146,,,,,,,false,
7426,starexec,LCL666+1.010.p,e3-time_fwdsubs-off,balanced,HARD_TIMEOUT,1,0.000,,,,,,,,,,,,,,,,false,
7426,starexec,LCL688+1.001.p,e3-time_fwdsubs-off,balanced,TIMEOUT,2,554.667,165187.795,,,96890,4447568,17180,4350678,28,16,,,,,,,false,
7426,starexec,LCL688+1.015.p,e3-time_fwdsubs-off,balanced,TIMEOUT,2,2277.568,164838.596,,,40660,23635188,19414,23594528,294,184,,,,,,,false,
7426,starexec,LCL891+1.p,e3-time_fwdsubs-off,balanced,TIMEOUT,12,345.917,165194.774,,,8179,12751203,1034,12742895,16,3,,,,,,,false,
7426,starexec,LCL898+1.p,e3-time_fwdsubs-off,balanced,TIMEOUT,14,327.961,165253.814,,,64428,23427232,1751,23360966,16,2,,,,,,,false,
7426,starexec,LCL901+1.p,e3-time_fwdsubs-off,balanced,TIMEOUT,14,316.413,165211.478,,,38026,19569642,921,19530052,16,1,,,,,,,false,
7426,starexec,LCL978+1.p,e3-time_fwdsubs-off,balanced,TIMEOUT,2,314.934,49241.153,,,100000,6710439,421,6610439,3,3,,,,,,,false,
7426,starexec,LCL979+1.p,e3-time_fwdsubs-off,balanced,TIMEOUT,2,287.274,165199.054,,,29498,7029454,1854,6999956,3,3,,,,,,,false,
7426,starexec,LCL982+1.p,e3-time_fwdsubs-off,balanced,REFUTED,2,294.882,216.025,47.631,216.425,27,79,23,53,3,3,108,16086,409,273,3,false,false,
7426,starexec,LCL983+1.p,e3-time_fwdsubs-off,balanced,TIMEOUT,2,298.878,10093.227,,,100000,1004362,94,904362,3,3,,,,,,,false,
7426,starexec,MGT005+1.p,e3-time_fwdsubs-off,balanced,TIMEOUT,10,657.854,165310.190,,,85844,4005733,12707,3919889,29,13,,,,,,,false,
7426,starexec,MGT035+2.p,e3-time_fwdsubs-off,balanced,TIMEOUT,19,439.870,47437.925,,,100000,3732668,1061,3632664,43,5,,,,,,,false,
7426,starexec,MGT067+1.p,e3-time_fwdsubs-off,balanced,REFUTED,157,620.527,526.137,44.986,1294.607,817,1268,773,452,177,3,1294,364250,8399,680,158,false,false,
7426,starexec,MGT068+1.p,e3-time_fwdsubs-off,balanced,TIMEOUT,59,513.824,165101.030,,,50352,23230282,4209,23179924,85,4,,,,,,,false,
7426,starexec,MGT076+1.p,e3-time_fwdsubs-off,balanced,REFUTED,34,416.038,194.549,17.387,442.596,44,113,38,70,54,4,410,58344,1877,383,35,false,false,
7426,starexec,MGT077+1.p,e3-time_fwdsubs-off,balanced,REFUTED,44,663.591,369.166,32.402,727.984,80,229,68,149,64,4,475,76399,2032,414,45,false,false,
7426,starexec,MGT078+1.p,e3-time_fwdsubs-off,balanced,REFUTED,56,681.705,631.854,61.534,983.672,321,1389,193,1065,80,6,564,148420,2035,619,57,false,false,
7426,starexec,MGT079+1.p,e3-time_fwdsubs-off,balanced,TIMEOUT,56,311.372,140525.412,,,100000,23662196,6749,23562190,77,3,,,,,,,false,
7426,starexec,MGT080+1.p,e3-time_fwdsubs-off,balanced,REFUTED,73,780.553,702.121,60.695,1160.288,511,2400,241,1884,99,7,643,233460,2116,881,74,false,false,
7426,starexec,MGT082+1.p,e3-time_fwdsubs-off,balanced,REFUTED,56,723.165,619.430,63.988,1075.253,396,1730,174,1318,80,6,568,152809,2033,635,57,false,false,
7426,starexec,MGT085+1.p,e3-time_fwdsubs-off,balanced,TIMEOUT,43,474.427,168988.752,,,77746,24532772,5480,24455020,65,6,,,,,,,false,
7426,starexec,MGT086+1.p,e3-time_fwdsubs-off,balanced,REFUTED,43,380.565,252.220,26.853,448.878,92,228,70,136,63,3,472,78452,1975,410,44,false,false,
7426,starexec,MGT088+1.p,e3-time_fwdsubs-off,balanced,REFUTED,39,667.006,304.026,22.370,770.415,52,152,45,101,59,4,447,65338,1989,393,40,false,false,
7426,starexec,MGT090+1.p,e3-time_fwdsubs-off,balanced,REFUTED,59,669.978,405.502,60.844,842.275,122,246,96,125,90,3,599,73819,2655,354,60,false,false,
7426,starexec,MGT091+1.p,e3-time_fwdsubs-off,balanced,REFUTED,46,599.851,97661.123,39.421,499.074,66245,14709611,4867,14643360,83,3,614,88021,3296,362,47,false,false,
7426,starexec,NLP147+1.p,e3-time_fwdsubs-off,balanced,REFUTED,61,1074.560,601.238,57.948,3634.965,447,466,229,94,94,12,1027,1250502,3831,15197,62,false,false,
7426,starexec,NLP260+1.p,e3-time_fwdsubs-off,balanced,HARD_TIMEOUT,1026860,0.000,,,,,,,,,,,,,,,,false,
7426,starexec,NLP261+1.p,e3-time_fwdsubs-off,balanced,HARD_TIMEOUT,1026860,0.000,,,,,,,,,,,,,,,,false,
7426,starexec,NLP262+1.p,e3-time_fwdsubs-off,balanced,HARD_TIMEOUT,1026860,0.000,,,,,,,,,,,,,,,,false,
7426,starexec,NUM292+1.p,e3-time_fwdsubs-off,balanced,REFUTED,401,741.805,84463.133,70.741,663.925,55265,143252,26947,87987,407,0,1446,52593,4581,303,402,false,false,
7426,starexec,NUM321+1.p,e3-time_fwdsubs-off,balanced,TIMEOUT,401,601.889,164722.304,,,46228,122358,45268,76131,407,0,,,,,,,false,
7426,starexec,NUM335+1.p,e3-time_fwdsubs-off,balanced,TIMEOUT,401,607.285,164688.866,,,81404,225126,34921,143722,408,1,,,,,,,false,
7426,starexec,NUM639+4.p,e3-time_fwdsubs-off,balanced,TIMEOUT,316,1252.354,164529.281,,,41047,11842148,10868,11800518,532,29,,,,,,,false,
7426,starexec,NUM647+4.p,e3-time_fwdsubs-off,balanced,TIMEOUT,346,1295.878,164529.537,,,50843,13055928,9147,13004888,586,29,,,,,,,false,
7426,starexec,NUM653+4.p,e3-time_fwdsubs-off,balanced,TIMEOUT,393,1206.903,164567.588,,,67691,9097636,9561,9029567,673,29,,,,,,,false,
7426,starexec,NUM656+4.p,e3-time_fwdsubs-off,balanced,TIMEOUT,402,1275.521,164509.085,,,47804,10780466,15994,10732505,691,29,,,,,,,false,
7426,starexec,NUM657+4.p,e3-time_fwdsubs-off,balanced,HARD_TIMEOUT,405,0.000,,,,,,,,,,,,,,,,false,
7426,starexec,NUM658+4.p,e3-time_fwdsubs-off,balanced,TIMEOUT,408,1322.369,164507.102,,,31706,18348588,8640,18316634,703,29,,,,,,,false,
7426,starexec,NUM663+4.p,e3-time_fwdsubs-off,balanced,TIMEOUT,419,1368.020,164541.745,,,42583,13738139,14273,13695442,727,29,,,,,,,false,
7426,starexec,NUM664+4.p,e3-time_fwdsubs-off,balanced,TIMEOUT,423,1379.317,164581.025,,,40053,12644320,12696,12603921,736,29,,,,,,,false,
7426,starexec,NUM669+4.p,e3-time_fwdsubs-off,balanced,TIMEOUT,443,1318.731,164459.659,,,62000,12881401,10428,12818507,776,29,,,,,,,false,
7426,starexec,NUM671+4.p,e3-time_fwdsubs-off,balanced,TIMEOUT,453,817.981,164881.293,,,35606,19646155,7737,19610391,795,29,,,,,,,false,
7426,starexec,NUM689+4.p,e3-time_fwdsubs-off,balanced,HARD_TIMEOUT,554,0.000,,,,,,,,,,,,,,,,false,
7426,starexec,NUM690+4.p,e3-time_fwdsubs-off,balanced,TIMEOUT,559,1564.167,164441.629,,,63287,9992130,12270,9928422,1017,29,,,,,,,false,
7426,starexec,NUM691+4.p,e3-time_fwdsubs-off,balanced,TIMEOUT,564,1497.897,164625.267,,,51517,11889693,16764,11837669,1028,29,,,,,,,false,
7426,starexec,NUM694+4.p,e3-time_fwdsubs-off,balanced,TIMEOUT,572,1426.316,164499.321,,,52274,12808876,16813,12756448,1043,29,,,,,,,false,
7426,starexec,NUM695+4.p,e3-time_fwdsubs-off,balanced,TIMEOUT,574,1394.297,164433.204,,,48741,8617748,14252,8568920,1046,29,,,,,,,false,
7426,starexec,NUM698+4.p,e3-time_fwdsubs-off,balanced,TIMEOUT,585,905.696,164936.959,,,50281,10758985,14091,10708545,1067,29,,,,,,,false,
7426,starexec,NUM707+4.p,e3-time_fwdsubs-off,balanced,TIMEOUT,634,1465.109,164440.209,,,53474,12198326,15181,12144342,1149,29,,,,,,,false,
7426,starexec,NUM709+4.p,e3-time_fwdsubs-off,balanced,TIMEOUT,639,1444.478,164397.709,,,57533,10770116,14951,10712352,1157,29,,,,,,,false,
7426,starexec,NUM743+4.p,e3-time_fwdsubs-off,balanced,TIMEOUT,907,1652.849,164265.690,,,53420,10191164,15017,10137544,1679,33,,,,,,,false,
7426,starexec,NUM747+4.p,e3-time_fwdsubs-off,balanced,TIMEOUT,943,1708.262,164279.806,,,55755,11208407,14961,11151839,1750,33,,,,,,,false,
7426,starexec,NUM750+4.p,e3-time_fwdsubs-off,balanced,TIMEOUT,964,1854.256,164163.624,,,53183,10224425,14319,10171064,1788,33,,,,,,,false,
7426,starexec,NUM757+4.p,e3-time_fwdsubs-off,balanced,TIMEOUT,1012,1826.467,164198.406,,,40920,15221483,12647,15180231,1888,33,,,,,,,false,
7426,starexec,NUM783+4.p,e3-time_fwdsubs-off,balanced,TIMEOUT,1257,1922.974,164165.999,,,56870,9412705,21294,9355482,2380,33,,,,,,,false,
7426,starexec,NUM785+4.p,e3-time_fwdsubs-off,balanced,TIMEOUT,1274,1821.138,163985.903,,,59979,10427207,21074,10367019,2413,33,,,,,,,false,
7426,starexec,NUM786+4.p,e3-time_fwdsubs-off,balanced,TIMEOUT,1277,1830.920,164198.417,,,62274,14024294,18270,13961963,2419,33,,,,,,,false,
7426,starexec,NUM787+4.p,e3-time_fwdsubs-off,balanced,HARD_TIMEOUT,1280,0.000,,,,,,,,,,,,,,,,false,
7426,starexec,NUM789+4.p,e3-time_fwdsubs-off,balanced,TIMEOUT,1286,1800.654,164052.286,,,56432,11304133,15766,11247474,2437,33,,,,,,,false,
7426,starexec,NUM795+4.p,e3-time_fwdsubs-off,balanced,TIMEOUT,1411,2009.587,164037.702,,,56861,11683260,17360,11626350,2687,33,,,,,,,false,
7426,starexec,NUM796+4.p,e3-time_fwdsubs-off,balanced,TIMEOUT,1416,1168.128,163936.182,,,61035,10795020,18590,10733903,2698,33,,,,,,,false,
7426,starexec,NUM835+1.p,e3-time_fwdsubs-off,balanced,REFUTED,38,525.349,300.376,30.703,585.513,42,150,33,110,49,4,527,72959,1626,572,39,false,false,
7426,starexec,NUM840+1.p,e3-time_fwdsubs-off,balanced,TIMEOUT,38,422.589,165075.810,,,21174,14726399,4201,14705085,47,4,,,,,,,false,
7426,starexec,NUM853+2.p,e3-time_fwdsubs-off,balanced,TIMEOUT,36,397.855,165075.709,,,21293,13211293,4579,13189501,41,4,,,,,,,false,
7426,starexec,NUM859+1.p,e3-time_fwdsubs-off,balanced,TIMEOUT,13,421.598,165216.379,,,61110,25221474,4405,25152443,30,6,,,,,,,false,
7426,starexec,NUM860+1.p,e3-time_fwdsubs-off,balanced,TIMEOUT,13,405.177,165189.889,,,43598,22329133,6187,22265425,30,6,,,,,,,false,
7426,starexec,NUN054+1.p,e3-time_fwdsubs-off,balanced,REFUTED,18,984.155,1010.204,68.598,1960.249,1029,7343,468,6315,59,20,720,449810,2770,1111,19,false,false,
7426,starexec,NUN054+2.p,e3-time_fwdsubs-off,balanced,REFUTED,11,783.649,305.647,58.328,1372.143,67,103,51,37,40,20,597,370573,2137,1111,12,false,false,
7426,starexec,NUN056+1.p,e3-time_fwdsubs-off,balanced,TIMEOUT,18,366.170,165411.497,,,81973,9222815,13734,9140842,59,20,,,,,,,false,
7426,starexec,NUN057+1.p,e3-time_fwdsubs-off,balanced,TIMEOUT,18,557.279,130345.517,,,100000,13320809,17213,13220809,59,20,,,,,,,false,
7426,starexec,NUN060+1.p,e3-time_fwdsubs-off,balanced,REFUTED,18,841.152,302.340,35.939,1836.703,53,142,37,90,59,20,649,382620,2739,1121,19,false,false,
7426,starexec,NUN062+1.p,e3-time_fwdsubs-off,balanced,REFUTED,18,1099.044,637.641,54.297,1956.861,326,2280,103,1955,60,22,743,496811,2707,1167,19,false,false,
7426,starexec,NUN065+1.p,e3-time_fwdsubs-off,balanced,TIMEOUT,18,544.731,63113.317,,,100000,5292598,5989,5192598,63,24,,,,,,,false,
7426,starexec,NUN066+1.p,e3-time_fwdsubs-off,balanced,TIMEOUT,18,366.237,50050.468,,,100000,5093236,5443,4993236,64,25,,,,,,,false,
7426,starexec,NUN075+1.p,e3-time_fwdsubs-off,balanced,TIMEOUT,18,526.198,74788.761,,,100000,5981096,3817,5881096,59,20,,,,,,,false,
7426,starexec,NUN076+1.p,e3-time_fwdsubs-off,balanced,REFUTED,18,1068.874,509.852,56.419,1846.920,301,1035,199,735,59,20,708,440193,2783,1123,19,false,false,
7426,starexec,NUN080+1.p,e3-time_fwdsubs-off,balanced,REFUTED,18,863.353,294.072,44.907,1793.730,49,131,34,83,59,20,626,360297,2662,1099,19,false,false,
7426,starexec,NUN082+1.p,e3-time_fwdsubs-off,balanced,TIMEOUT,18,526.174,122143.644,,,100000,14771112,16803,14671115,59,20,,,,,,,false,
7426,starexec,NUN085+1.p,e3-time_fwdsubs-off,balanced,TIMEOUT,18,545.121,165155.296,,,88750,11041194,11690,10952444,64,25,,,,,,,false,
7426,starexec,NUN086+1.p,e3-time_fwdsubs-off,balanced,TIMEOUT,18,517.196,157489.433,,,100000,14376027,16750,14276035,59,20,,,,,,,false,
7426,starexec,PRD001+1.p,e3-time_fwdsubs-off,balanced,TIMEOUT,1614,878.293,115520.648,,,100000,1229409,18889,1129417,1615,0,,,,,,,false,
7426,starexec,PRO011+1.p,e3-time_fwdsubs-off,balanced,REFUTED,48,1099.471,32047.295,62.229,3122.557,30714,1218138,7439,1187398,95,23,1095,768970,4816,1681,49,false,false,
7426,starexec,PUZ129+2.p,e3-time_fwdsubs-off,balanced,REFUTED,0,588.661,258.933,58.801,971.524,37,41,33,18,18,8,303,164458,1023,1381,1,false,false,
7426,starexec,PUZ133+1.p,e3-time_fwdsubs-off,balanced,TIMEOUT,9,358.950,49696.530,,,100000,8201443,1108,8066130,24,3,,,,,,,false,
7426,starexec,REL020+2.p,e3-time_fwdsubs-off,balanced,TIMEOUT,16,335.015,165068.776,,,13537,11530590,1773,11513541,18,2,,,,,,,false,
7426,starexec,REL021+1.p,e3-time_fwdsubs-off,balanced,TIMEOUT,13,328.409,165125.723,,,10359,14432809,1107,14420965,15,2,,,,,,,false,
7426,starexec,REL040+2.p,e3-time_fwdsubs-off,balanced,TIMEOUT,13,369.873,165143.951,,,10163,14255381,980,14244389,15,3,,,,,,,false,
7426,starexec,SCT115+1.p,e3-time_fwdsubs-off,balanced,TIMEOUT,527,2026.836,164381.739,,,48673,11545431,15435,11496211,869,121,,,,,,,false,
7426,starexec,SCT117+1.p,e3-time_fwdsubs-off,balanced,TIMEOUT,527,2117.168,164241.147,,,44417,11910444,15199,11865659,873,122,,,,,,,false,
7426,starexec,SCT120+1.p,e3-time_fwdsubs-off,balanced,TIMEOUT,526,1976.786,164709.469,,,39306,10471359,11065,10431421,794,100,,,,,,,false,
7426,starexec,SCT123+1.p,e3-time_fwdsubs-off,balanced,TIMEOUT,528,2250.045,164142.618,,,23967,7609086,9251,7578338,826,115,,,,,,,false,
7426,starexec,SCT124+1.p,e3-time_fwdsubs-off,balanced,TIMEOUT,528,2220.900,164207.573,,,30957,8413293,11011,8382205,804,105,,,,,,,false,
7426,starexec,SCT125+1.p,e3-time_fwdsubs-off,balanced,HARD_TIMEOUT,528,0.000,,,,,,,,,,,,,,,,false,
7426,starexec,SCT155+1.p,e3-time_fwdsubs-off,balanced,TIMEOUT,528,2169.237,164416.258,,,40198,9954153,12135,9913327,831,111,,,,,,,false,
7426,starexec,SCT158+1.p,e3-time_fwdsubs-off,balanced,TIMEOUT,528,1312.370,164928.517,,,33759,10886562,11100,10852342,832,110,,,,,,,false,
7426,starexec,SCT170+3.p,e3-time_fwdsubs-off,balanced,TIMEOUT,1578,3529.270,163371.833,,,66347,6874356,20662,6807162,2785,640,,,,,,,false,
7426,starexec,SET017+1.p,e3-time_fwdsubs-off,balanced,REFUTED,43,1026.185,1677.679,159.403,1745.269,1045,26985,406,25911,93,10,1450,528683,2805,651,44,false,false,
7426,starexec,SET101+1.p,e3-time_fwdsubs-off,balanced,REFUTED,43,783.212,1422.299,55.370,1160.948,952,17728,309,16777,90,9,667,140504,2661,486,44,false,false,
7426,starexec,SET716+4.p,e3-time_fwdsubs-off,balanced,TIMEOUT,28,1191.290,166150.088,,,53652,9508819,18259,9455167,160,54,,,,,,,false,
7426,starexec,SET733+4.p,e3-time_fwdsubs-off,balanced,TIMEOUT,28,1237.585,165104.401,,,51311,8496556,18832,8445245,159,53,,,,,,,false,
7426,starexec,SET817+4.p,e3-time_fwdsubs-off,balanced,TIMEOUT,22,641.131,165182.168,,,44736,12182039,16038,12137303,80,20,,,,,,,false,
7426,starexec,SET964+1.p,e3-time_fwdsubs-off,balanced,REFUTED,12,827.223,497.804,58.271,1465.976,105,529,80,425,33,13,494,248471,1878,1509,13,false,false,
7426,starexec,SEU269+1.p,e3-time_fwdsubs-off,balanced,TIMEOUT,51,565.853,165599.694,,,4415,2059859,946,2054403,92,18,,,,,,,false,
7426,starexec,SEU427+4.p,e3-time_fwdsubs-off,balanced,HARD_TIMEOUT,71107,0.000,,,,,,,,,,,,,,,,false,
7426,starexec,SEU440+4.p,e3-time_fwdsubs-off,balanced,HARD_TIMEOUT,71133,0.000,,,,,,,,,,,,,,,,false,
7426,starexec,SEV522+1.p,e3-time_fwdsubs-off,balanced,TIMEOUT,19,719.057,165262.288,,,30015,11296312,13516,11266297,96,32,,,,,,,false,
7426,starexec,SEV563+1.p,e3-time_fwdsubs-off,balanced,TIMEOUT,25,509.363,165238.381,,,59571,12614540,15705,12554904,80,17,,,,,,,false,
7426,starexec,SEV569+1.p,e3-time_fwdsubs-off,balanced,TIMEOUT,25,522.531,165193.290,,,47850,13311478,14447,13263532,80,17,,,,,,,false,
7426,starexec,SEV581+1.p,e3-time_fwdsubs-off,balanced,TIMEOUT,25,344.487,165407.323,,,49274,13752771,13488,13703218,80,17,,,,,,,false,
7426,starexec,SEV606+1.p,e3-time_fwdsubs-off,balanced,HARD_TIMEOUT,1727,0.000,,,,,,,,,,,,,,,,false,
7426,starexec,SEV607+1.p,e3-time_fwdsubs-off,balanced,HARD_TIMEOUT,2360,0.000,,,,,,,,,,,,,,,,false,
7426,starexec,SEV608+1.p,e3-time_fwdsubs-off,balanced,HARD_TIMEOUT,2867,0.000,,,,,,,,,,,,,,,,false,
7426,starexec,SEV609+1.p,e3-time_fwdsubs-off,balanced,HARD_TIMEOUT,2900,0.000,,,,,,,,,,,,,,,,false,
7426,starexec,SEV610+1.p,e3-time_fwdsubs-off,balanced,HARD_TIMEOUT,2777,0.000,,,,,,,,,,,,,,,,false,
7426,starexec,SEV612+1.p,e3-time_fwdsubs-off,balanced,HARD_TIMEOUT,2852,0.000,,,,,,,,,,,,,,,,false,
7426,starexec,SEV616+1.p,e3-time_fwdsubs-off,balanced,HARD_TIMEOUT,2862,0.000,,,,,,,,,,,,,,,,false,
7426,starexec,SEV618+1.p,e3-time_fwdsubs-off,balanced,HARD_TIMEOUT,2435,0.000,,,,,,,,,,,,,,,,false,
7426,starexec,SEV620+1.p,e3-time_fwdsubs-off,balanced,HARD_TIMEOUT,2723,0.000,,,,,,,,,,,,,,,,false,
7426,starexec,SEV621+1.p,e3-time_fwdsubs-off,balanced,HARD_TIMEOUT,2708,0.000,,,,,,,,,,,,,,,,false,
7426,starexec,SEV622+1.p,e3-time_fwdsubs-off,balanced,HARD_TIMEOUT,2761,0.000,,,,,,,,,,,,,,,,false,
7426,starexec,SEV625+1.p,e3-time_fwdsubs-off,balanced,HARD_TIMEOUT,2847,0.000,,,,,,,,,,,,,,,,false,
7426,starexec,SEV626+1.p,e3-time_fwdsubs-off,balanced,HARD_TIMEOUT,2838,0.000,,,,,,,,,,,,,,,,false,
7426,starexec,SEV627+1.p,e3-time_fwdsubs-off,balanced,HARD_TIMEOUT,2813,0.000,,,,,,,,,,,,,,,,false,
7426,starexec,SEV629+1.p,e3-time_fwdsubs-off,balanced,HARD_TIMEOUT,2962,0.000,,,,,,,,,,,,,,,,false,
7426,starexec,SEV630+1.p,e3-time_fwdsubs-off,balanced,HARD_TIMEOUT,2559,0.000,,,,,,,,,,,,,,,,false,
7426,starexec,SEV631+1.p,e3-time_fwdsubs-off,balanced,HARD_TIMEOUT,3117,0.000,,,,,,,,,,,,,,,,false,
7426,starexec,SEV634+1.p,e3-time_fwdsubs-off,balanced,HARD_TIMEOUT,2534,0.000,,,,,,,,,,,,,,,,false,
7426,starexec,SEV636+1.p,e3-time_fwdsubs-off,balanced,EXHAUSTED,2935,8109.490,441.874,,,0,0,0,0,7455,2111,,,,,,,false,StackOverflowError:  at MurmurHash3.productHash:69
7426,starexec,SEV637+1.p,e3-time_fwdsubs-off,balanced,HARD_TIMEOUT,2981,0.000,,,,,,,,,,,,,,,,false,
7426,starexec,SEV640+1.p,e3-time_fwdsubs-off,balanced,HARD_TIMEOUT,2766,0.000,,,,,,,,,,,,,,,,false,
7426,starexec,SEV641+1.p,e3-time_fwdsubs-off,balanced,HARD_TIMEOUT,3078,0.000,,,,,,,,,,,,,,,,false,
7426,starexec,SEV643+1.p,e3-time_fwdsubs-off,balanced,HARD_TIMEOUT,2960,0.000,,,,,,,,,,,,,,,,false,
7426,starexec,SEV644+1.p,e3-time_fwdsubs-off,balanced,HARD_TIMEOUT,2363,0.000,,,,,,,,,,,,,,,,false,
7426,starexec,SEV645+1.p,e3-time_fwdsubs-off,balanced,HARD_TIMEOUT,1984,0.000,,,,,,,,,,,,,,,,false,
7426,starexec,SEV646+1.p,e3-time_fwdsubs-off,balanced,TIMEOUT,3067,7750.212,153556.045,,,100000,7490284,51104,7390211,7687,2173,,,,,,,false,
7426,starexec,SEV650+1.p,e3-time_fwdsubs-off,balanced,HARD_TIMEOUT,3015,0.000,,,,,,,,,,,,,,,,false,
7426,starexec,SEV651+1.p,e3-time_fwdsubs-off,balanced,HARD_TIMEOUT,2743,0.000,,,,,,,,,,,,,,,,false,
7426,starexec,SEV654+1.p,e3-time_fwdsubs-off,balanced,HARD_TIMEOUT,3190,0.000,,,,,,,,,,,,,,,,false,
7426,starexec,SEV655+1.p,e3-time_fwdsubs-off,balanced,HARD_TIMEOUT,3248,0.000,,,,,,,,,,,,,,,,false,
7426,starexec,SEV656+1.p,e3-time_fwdsubs-off,balanced,HARD_TIMEOUT,3041,0.000,,,,,,,,,,,,,,,,false,
7426,starexec,SEV657+1.p,e3-time_fwdsubs-off,balanced,HARD_TIMEOUT,3067,0.000,,,,,,,,,,,,,,,,false,
7426,starexec,SEV658+1.p,e3-time_fwdsubs-off,balanced,HARD_TIMEOUT,3118,0.000,,,,,,,,,,,,,,,,false,
7426,starexec,SEV660+1.p,e3-time_fwdsubs-off,balanced,EXHAUSTED,2689,6255.400,153215.907,,,0,0,0,0,6382,1687,,,,,,,false,OutOfMemoryError: Java heap space at Arrays.copyOf:3623
7426,starexec,SEV661+1.p,e3-time_fwdsubs-off,balanced,HARD_TIMEOUT,2456,0.000,,,,,,,,,,,,,,,,false,
7426,starexec,SEV667+1.p,e3-time_fwdsubs-off,balanced,HARD_TIMEOUT,2862,0.000,,,,,,,,,,,,,,,,false,
7426,starexec,SEV668+1.p,e3-time_fwdsubs-off,balanced,HARD_TIMEOUT,2820,0.000,,,,,,,,,,,,,,,,false,
7426,starexec,SEV671+1.p,e3-time_fwdsubs-off,balanced,HARD_TIMEOUT,2497,0.000,,,,,,,,,,,,,,,,false,
7426,starexec,SEV673+1.p,e3-time_fwdsubs-off,balanced,TIMEOUT,2701,7289.785,140841.253,,,100000,5404057,47550,5303819,6907,2008,,,,,,,false,
7426,starexec,SEV675+1.p,e3-time_fwdsubs-off,balanced,HARD_TIMEOUT,3187,0.000,,,,,,,,,,,,,,,,false,
7426,starexec,SEV676+1.p,e3-time_fwdsubs-off,balanced,TIMEOUT,3004,7353.323,135337.906,,,100000,5399172,50040,5298994,7365,2022,,,,,,,false,
7426,starexec,SEV677+1.p,e3-time_fwdsubs-off,balanced,HARD_TIMEOUT,3185,0.000,,,,,,,,,,,,,,,,false,
7426,starexec,SEV678+1.p,e3-time_fwdsubs-off,balanced,HARD_TIMEOUT,2924,0.000,,,,,,,,,,,,,,,,false,
7426,starexec,SEV679+1.p,e3-time_fwdsubs-off,balanced,HARD_TIMEOUT,3356,0.000,,,,,,,,,,,,,,,,false,
7426,starexec,SWB012+1.p,e3-time_fwdsubs-off,balanced,TIMEOUT,559,2233.693,164847.669,,,77160,11500839,40458,11423679,1392,275,,,,,,,false,
7426,starexec,SWB013+2.p,e3-time_fwdsubs-off,balanced,TIMEOUT,8,911.414,164896.527,,,42208,12680297,19399,12638089,62,19,,,,,,,false,
7426,starexec,SWB017+1.p,e3-time_fwdsubs-off,balanced,HARD_TIMEOUT,559,0.000,,,,,,,,,,,,,,,,false,
7426,starexec,SWB020+1.p,e3-time_fwdsubs-off,balanced,TIMEOUT,559,2350.979,164817.841,,,84660,15113972,40338,15029312,1394,278,,,,,,,false,
7426,starexec,SWB021+2.p,e3-time_fwdsubs-off,balanced,TIMEOUT,7,687.415,38240.058,,,100000,1383601,1847,1283601,78,17,,,,,,,false,
7426,starexec,SWB023+1.p,e3-time_fwdsubs-off,balanced,TIMEOUT,559,2153.114,164849.897,,,76904,11338556,38943,11261652,1386,273,,,,,,,false,
7426,starexec,SWB027+1.p,e3-time_fwdsubs-off,balanced,TIMEOUT,559,2136.965,164795.401,,,83750,14633541,39976,14549791,1385,274,,,,,,,false,
7426,starexec,SWB032+1.p,e3-time_fwdsubs-off,balanced,TIMEOUT,558,2214.098,164822.191,,,77550,11616195,41386,11538645,1379,271,,,,,,,false,
7426,starexec,SWB040+1.p,e3-time_fwdsubs-off,balanced,TIMEOUT,559,2322.880,164844.740,,,83162,14085595,39629,14002433,1382,271,,,,,,,false,
7426,starexec,SWB042+1.p,e3-time_fwdsubs-off,balanced,TIMEOUT,559,2312.965,164773.923,,,83702,14957247,40068,14873545,1394,277,,,,,,,false,
7426,starexec,SWB046+1.p,e3-time_fwdsubs-off,balanced,TIMEOUT,559,2303.094,164811.383,,,80484,13534466,38073,13453982,1384,273,,,,,,,false,
7426,starexec,SWB047+1.p,e3-time_fwdsubs-off,balanced,TIMEOUT,559,2314.063,164760.495,,,81384,15309846,38603,15228462,1381,271,,,,,,,false,
7426,starexec,SWB053+1.p,e3-time_fwdsubs-off,balanced,HARD_TIMEOUT,559,0.000,,,,,,,,,,,,,,,,false,
7426,starexec,SWB055+1.p,e3-time_fwdsubs-off,balanced,TIMEOUT,559,2545.747,164759.197,,,81486,14176028,42121,14094542,1385,274,,,,,,,false,
7426,starexec,SWB063+1.p,e3-time_fwdsubs-off,balanced,TIMEOUT,559,2365.864,165714.387,,,81430,14283065,38334,14201635,1385,273,,,,,,,false,
7426,starexec,SWB068+1.p,e3-time_fwdsubs-off,balanced,KILLED,,0.000,,,,,,,,,,,,,,,,false,killed before finishing
7426,starexec,SWB073+1.p,e3-time_fwdsubs-off,balanced,HARD_TIMEOUT,559,0.000,,,,,,,,,,,,,,,,false,
7426,starexec,SWB090+1.p,e3-time_fwdsubs-off,balanced,TIMEOUT,559,2457.491,164878.135,,,81896,14211786,39018,14129890,1386,271,,,,,,,false,
7426,starexec,SWB091+1.p,e3-time_fwdsubs-off,balanced,TIMEOUT,559,2175.645,164909.863,,,82933,16017602,38934,15934669,1392,275,,,,,,,false,
7426,starexec,SWB093+1.p,e3-time_fwdsubs-off,balanced,TIMEOUT,559,2372.432,164670.220,,,82632,14356972,39595,14274340,1385,271,,,,,,,false,
7426,starexec,SWB095+1.p,e3-time_fwdsubs-off,balanced,TIMEOUT,559,2509.709,164701.606,,,80720,13557932,38466,13477212,1386,271,,,,,,,false,
7426,starexec,SWB099+1.p,e3-time_fwdsubs-off,balanced,TIMEOUT,559,2433.804,164787.797,,,83529,14412627,40019,14329098,1384,271,,,,,,,false,
7426,starexec,SWB103+1.p,e3-time_fwdsubs-off,balanced,TIMEOUT,559,2368.505,164665.459,,,80066,15569406,37112,15489340,1393,273,,,,,,,false,
7426,starexec,SWC012+1.p,e3-time_fwdsubs-off,balanced,TIMEOUT,95,1068.573,74043.328,,,100000,7479107,15244,7378183,220,62,,,,,,,false,
7426,starexec,SWV014+1.p,e3-time_fwdsubs-off,balanced,REFUTED,28,421.937,237.905,27.273,244.690,66,82,61,38,38,0,292,16845,1575,227,29,false,false,
7426,starexec,SWV041+1.p,e3-time_fwdsubs-off,balanced,REFUTED,99,2520.533,6165.443,83.144,9787.844,6169,165768,1454,159586,178,42,1819,3154198,7626,3656,100,false,false,
7426,starexec,SWV114+1.p,e3-time_fwdsubs-off,balanced,TIMEOUT,101,880.577,164954.283,,,77156,15556059,12628,15478587,199,52,,,,,,,false,
7426,starexec,SWV202+1.p,e3-time_fwdsubs-off,balanced,TIMEOUT,91,803.308,165005.958,,,83799,13793331,11534,13709276,203,42,,,,,,,false,
7426,starexec,SWV203+1.p,e3-time_fwdsubs-off,balanced,TIMEOUT,91,852.038,164971.056,,,84809,14337865,11687,14252834,203,42,,,,,,,false,
7426,starexec,SWV234+1.p,e3-time_fwdsubs-off,balanced,TIMEOUT,25,342.684,165271.437,,,43182,10527594,3666,10484132,26,0,,,,,,,false,
7426,starexec,SWV234+2.p,e3-time_fwdsubs-off,balanced,TIMEOUT,21,278.178,165163.578,,,11656,15648667,769,15636563,22,0,,,,,,,false,
7426,starexec,SWV390+1.p,e3-time_fwdsubs-off,balanced,REFUTED,42,709.325,43225.692,56.532,842.141,44944,2709565,2075,2661729,55,6,636,118658,2840,461,43,false,false,
7426,starexec,SWV406+1.p,e3-time_fwdsubs-off,balanced,TIMEOUT,41,574.710,165077.709,,,21970,6027915,3113,6004487,59,9,,,,,,,false,
7426,starexec,SWV453+1.p,e3-time_fwdsubs-off,balanced,TIMEOUT,66,743.619,165017.025,,,65982,25390074,5484,25323187,130,13,,,,,,,false,
7426,starexec,SWV454+1.p,e3-time_fwdsubs-off,balanced,TIMEOUT,66,692.921,164995.805,,,69168,25865325,4617,25796046,127,12,,,,,,,false,
7426,starexec,SWV467+1.p,e3-time_fwdsubs-off,balanced,TIMEOUT,66,850.407,164951.864,,,71932,24046950,3771,23974618,139,14,,,,,,,false,
7426,starexec,SWV479+1.p,e3-time_fwdsubs-off,balanced,TIMEOUT,66,958.033,164892.438,,,70488,25323633,4159,25252798,142,15,,,,,,,false,
7426,starexec,SWV487+3.p,e3-time_fwdsubs-off,balanced,TIMEOUT,12,383.270,165236.217,,,72032,17828179,4344,17754130,23,3,,,,,,,false,
7426,starexec,SWV488+3.p,e3-time_fwdsubs-off,balanced,REFUTED,12,442.779,268.706,42.035,484.315,26,62,21,35,24,3,240,39985,954,553,13,false,false,
7426,starexec,SWW102+1.p,e3-time_fwdsubs-off,balanced,TIMEOUT,44,491.565,165019.284,,,25980,13609017,4165,13579953,89,12,,,,,,,false,
7426,starexec,SWW186+1.p,e3-time_fwdsubs-off,balanced,HARD_TIMEOUT,1181,0.000,,,,,,,,,,,,,,,,false,
7426,starexec,SWW278+1.p,e3-time_fwdsubs-off,balanced,TIMEOUT,1199,1802.701,163987.273,,,69634,15751044,8387,15680866,1586,36,,,,,,,false,
7426,starexec,SWW279+1.p,e3-time_fwdsubs-off,balanced,TIMEOUT,1213,2050.249,164393.023,,,72589,16843975,8991,16770880,1647,38,,,,,,,false,
7426,starexec,SWW298+1.p,e3-time_fwdsubs-off,balanced,HARD_TIMEOUT,5224,0.000,,,,,,,,,,,,,,,,false,
7426,starexec,SWW350+1.p,e3-time_fwdsubs-off,balanced,HARD_TIMEOUT,5228,0.000,,,,,,,,,,,,,,,,false,
7426,starexec,SWW374+1.p,e3-time_fwdsubs-off,balanced,HARD_TIMEOUT,5248,0.000,,,,,,,,,,,,,,,,false,
7426,starexec,SWW394+1.p,e3-time_fwdsubs-off,balanced,HARD_TIMEOUT,5223,0.000,,,,,,,,,,,,,,,,false,
7426,starexec,SWW470+5.p,e3-time_fwdsubs-off,balanced,REFUTED,162,4117.059,129076.816,192.000,17765.805,14741,3621685,4343,3606114,240,52,4153,19697567,22149,10763,163,false,false,
7426,starexec,SWW473+2.p,e3-time_fwdsubs-off,balanced,TIMEOUT,916,2056.787,164124.773,,,53437,11077485,12580,11023075,1396,149,,,,,,,false,
7426,starexec,SWW473+6.p,e3-time_fwdsubs-off,balanced,TIMEOUT,608,1957.243,163938.563,,,39941,7478238,9480,7437936,845,87,,,,,,,false,
7426,starexec,SWW474+3.p,e3-time_fwdsubs-off,balanced,TIMEOUT,1440,2788.316,163998.386,,,59618,9245758,17641,9178758,2284,309,,,,,,,false,
7426,starexec,SWW937+1.p,e3-time_fwdsubs-off,balanced,TIMEOUT,28,790.487,165336.245,,,29297,14530437,4645,14501115,181,24,,,,,,,false,
7426,starexec,SWW961+1.p,e3-time_fwdsubs-off,balanced,REFUTED,176,605.732,488.861,76.355,542.993,203,263,185,177,177,0,956,23019,2969,207,177,false,false,
7426,starexec,SWX051+1.p,e3-time_fwdsubs-off,balanced,TIMEOUT,292,1567.573,164633.528,,,92599,8430885,12533,8337270,579,168,,,,,,,false,
7426,starexec,SWX185+1.p,e3-time_fwdsubs-off,balanced,TIMEOUT,40,313.124,165217.412,,,5947,7783247,2530,7776495,41,0,,,,,,,false,
7426,starexec,SWX187+1.p,e3-time_fwdsubs-off,balanced,TIMEOUT,16,304.825,118886.860,,,100000,2102774,4672,2000749,18,0,,,,,,,false,
7426,starexec,SWX189+1.p,e3-time_fwdsubs-off,balanced,TIMEOUT,53,351.039,165154.001,,,18119,7537792,6038,7517634,54,0,,,,,,,false,
7426,starexec,SWX194+1.p,e3-time_fwdsubs-off,balanced,TIMEOUT,71,427.174,165022.129,,,18896,11168809,3983,11147299,72,0,,,,,,,false,
7426,starexec,SWX197+1.p,e3-time_fwdsubs-off,balanced,TIMEOUT,73,406.379,165010.219,,,13292,8267753,4089,8252685,74,0,,,,,,,false,
7426,starexec,SWX199+1.p,e3-time_fwdsubs-off,balanced,TIMEOUT,12,283.746,165229.632,,,16491,12773527,277,12756065,14,0,,,,,,,false,
7426,starexec,SWX200+1.p,e3-time_fwdsubs-off,balanced,REFUTED,15,372.877,214.894,30.381,239.341,16,23,14,19,19,0,161,7737,550,143,16,false,false,
7426,starexec,SWX201+1.p,e3-time_fwdsubs-off,balanced,TIMEOUT,28,338.524,165207.947,,,2404,5558231,1007,5554971,30,0,,,,,,,false,
7426,starexec,SWX202+1.p,e3-time_fwdsubs-off,balanced,TIMEOUT,28,319.569,165510.865,,,2135,5560562,1232,5557436,30,0,,,,,,,false,
7426,starexec,SWX203+1.p,e3-time_fwdsubs-off,balanced,TIMEOUT,21,348.518,24304.250,,,100000,1240961,614,1140943,29,0,,,,,,,false,
7426,starexec,SWX209+1.p,e3-time_fwdsubs-off,balanced,TIMEOUT,49,371.796,164966.008,,,18945,10074191,5926,10052249,56,0,,,,,,,false,
7426,starexec,SWX210+1.p,e3-time_fwdsubs-off,balanced,TIMEOUT,49,348.081,164928.930,,,15122,10194743,6092,10177938,56,0,,,,,,,false,
7426,starexec,SWX211+1.p,e3-time_fwdsubs-off,balanced,TIMEOUT,49,350.581,166446.022,,,19138,8995581,5319,8974147,56,0,,,,,,,false,
7426,starexec,SWX212+1.p,e3-time_fwdsubs-off,balanced,TIMEOUT,49,374.425,165044.611,,,20685,10554683,4242,10533071,57,0,,,,,,,false,
7426,starexec,SWX217+1.p,e3-time_fwdsubs-off,balanced,TIMEOUT,23,280.527,165234.949,,,28179,9236784,3773,9205752,25,0,,,,,,,false,
7426,starexec,SWX219+1.p,e3-time_fwdsubs-off,balanced,REFUTED,31,447.422,100024.033,79.490,383.019,47639,121747,9098,74108,36,0,352,19211,1287,181,32,false,false,
7426,starexec,SWX220+1.p,e3-time_fwdsubs-off,balanced,REFUTED,31,382.814,22693.898,46.440,243.903,18679,50039,5144,31360,36,0,349,19353,1294,194,32,false,false,
7426,starexec,SWX221+1.p,e3-time_fwdsubs-off,balanced,REFUTED,35,434.551,3748.372,86.811,424.140,4257,9399,4170,4861,43,0,408,24485,1516,181,36,false,false,
7426,starexec,SWX222+1.p,e3-time_fwdsubs-off,balanced,REFUTED,35,426.646,564.269,64.885,391.282,259,446,252,176,43,0,339,15785,1318,181,36,false,false,
7426,starexec,SWX223+1.p,e3-time_fwdsubs-off,balanced,REFUTED,35,462.609,794.943,78.654,419.931,447,895,436,431,43,0,390,21822,1444,181,36,false,false,
7426,starexec,SWX224+1.p,e3-time_fwdsubs-off,balanced,REFUTED,31,442.237,5755.911,74.548,357.634,5501,14079,1585,8578,36,0,322,15887,1209,181,32,false,false,
7426,starexec,SWX240_1.p,e3-time_fwdsubs-off,balanced,TIMEOUT,56,374.077,165063.509,,,11128,10282241,2001,10270587,70,0,,,,,,,false,
7426,starexec,SWX241_1.p,e3-time_fwdsubs-off,balanced,TIMEOUT,64,424.708,165527.302,,,51354,9840802,7929,9787634,79,0,,,,,,,false,
7426,starexec,SYN076+1.p,e3-time_fwdsubs-off,balanced,TIMEOUT,1,535.362,165404.317,,,7332,8719974,1567,8712642,48,16,,,,,,,false,
7426,starexec,SYN077+1.p,e3-time_fwdsubs-off,balanced,REFUTED,1,507.624,1162.882,46.623,446.013,2946,7613,63,4085,9,6,241,63879,670,637,2,false,false,
7426,starexec,SYN353+1.p,e3-time_fwdsubs-off,balanced,TIMEOUT,0,495.480,6505.406,,,100000,214925,69,114925,21,2,,,,,,,false,
7426,starexec,SYN986+1.004.p,e3-time_fwdsubs-off,balanced,EXHAUSTED,2,273.373,336.420,,,0,0,0,0,3,0,,,,,,,false,StackOverflowError:  at Core$Trail$Applier.apply:975
7426,starexec,SYO525+1.018.p,e3-time_fwdsubs-off,balanced,TIMEOUT,29,628.072,164836.367,,,80318,80319,80318,30,30,0,,,,,,,false,
7426,starexec,SYO525+1.021.p,e3-time_fwdsubs-off,balanced,TIMEOUT,29,535.896,164943.617,,,86664,86665,86664,30,30,0,,,,,,,false,
7426,starexec,SYO525+1.024.p,e3-time_fwdsubs-off,balanced,TIMEOUT,29,630.922,164818.971,,,78559,78560,78559,30,30,0,,,,,,,false,
7426,starexec,SYO525+1.027.p,e3-time_fwdsubs-off,balanced,TIMEOUT,29,587.233,164884.984,,,82996,82997,82996,30,30,0,,,,,,,false,
7426,starexec,SYO525+1.030.p,e3-time_fwdsubs-off,balanced,TIMEOUT,32,642.453,164776.244,,,69909,69910,69909,33,33,0,,,,,,,false,
7426,starexec,SYO605+1.p,e3-time_fwdsubs-off,balanced,TIMEOUT,4,542.824,21305.169,,,100000,1070828,1435,970828,48,14,,,,,,,false,
7426,starexec,TOP020+1.p,e3-time_fwdsubs-off,balanced,TIMEOUT,8,515.887,165151.284,,,99587,18994597,5284,18890280,27,11,,,,,,,false,
7426,starexec,TOP029+1.p,e3-time_fwdsubs-off,balanced,TIMEOUT,108,849.789,69654.373,,,100000,596894,8244,496727,306,48,,,,,,,false,
7426,starexec,TOP046+3.p,e3-time_fwdsubs-off,balanced,HARD_TIMEOUT,18710,0.000,,,,,,,,,,,,,,,,false,
7426,starexec,AGT007+2.p,e3-time_gensimplify-on,balanced,TIMEOUT,922,679.727,164804.351,,,8454,564170,8406,554708,1022,13,,,,,,,false,
7426,starexec,AGT022+1.p,e3-time_gensimplify-on,balanced,TIMEOUT,555,679.433,164756.271,,,12722,274535,11663,261131,655,13,,,,,,,false,
7426,starexec,ALG040+1.p,e3-time_gensimplify-on,balanced,REFUTED,4,449.174,2049.873,72.441,457.508,911,6947,905,5916,12,2,219,40643,602,388,5,false,false,
7426,starexec,ALG213+1.p,e3-time_gensimplify-on,balanced,TIMEOUT,4,312.453,165327.510,,,565,2455196,515,2452576,5,5,,,,,,,false,
7426,starexec,BIO006+1.p,e3-time_gensimplify-on,balanced,PARSE_ERR,,0.000,,,,,,,,,,,,,,,,false,StackOverflowError
7426,starexec,COM008+1.p,e3-time_gensimplify-on,balanced,TIMEOUT,10,359.602,165200.410,,,3675,451014,3627,446562,15,3,,,,,,,false,
7426,starexec,COM008+2.p,e3-time_gensimplify-on,balanced,TIMEOUT,8,345.745,165321.750,,,3858,239268,3608,235021,13,3,,,,,,,false,
7426,starexec,COM131+1.p,e3-time_gensimplify-on,balanced,TIMEOUT,59,1366.455,165058.625,,,6538,532623,6413,525823,157,95,,,,,,,false,
7426,starexec,COM136+1.p,e3-time_gensimplify-on,balanced,REFUTED,56,3390.550,1339.684,96.250,30359.169,600,2290,475,1611,152,94,2927,13602638,17784,9820,57,false,false,
7426,starexec,COM139+1.p,e3-time_gensimplify-on,balanced,TIMEOUT,55,1342.843,165655.651,,,3143,502803,2610,495527,152,94,,,,,,,false,
7426,starexec,CSR005+2.p,e3-time_gensimplify-on,balanced,TIMEOUT,55,624.737,165068.147,,,10677,263878,9159,247946,120,18,,,,,,,false,
7426,starexec,CSR021+1.p,e3-time_gensimplify-on,balanced,REFUTED,47,1069.810,877.603,69.930,5261.801,453,875,450,397,137,21,1040,664001,4515,1464,48,false,false,
7426,starexec,CSR022+1.p,e3-time_gensimplify-on,balanced,REFUTED,47,977.848,938.541,67.567,3310.942,466,898,463,413,137,21,1037,662932,4511,1464,48,false,false,
7426,starexec,CSR025+5.p,e3-time_gensimplify-on,balanced,HARD_TIMEOUT,540249,0.000,,,,,,,,,,,,,,,,false,
7426,starexec,CSR030+3.p,e3-time_gensimplify-on,balanced,REFUTED,8005,3173.604,25214.435,177.812,5161.887,12125,30790,12029,17658,8007,0,44051,1238412,103763,89,8006,false,false,
7426,starexec,CSR033+3.p,e3-time_gensimplify-on,balanced,REFUTED,8005,3049.988,142834.198,178.200,5317.167,32792,67650,31685,30268,8007,0,44076,1339318,103767,89,8006,false,false,
7426,starexec,CSR036+5.p,e3-time_gensimplify-on,balanced,HARD_TIMEOUT,540249,0.000,,,,,,,,,,,,,,,,false,
7426,starexec,CSR038+4.p,e3-time_gensimplify-on,balanced,HARD_TIMEOUT,44216,0.000,,,,,,,,,,,,,,,,false,
7426,starexec,CSR042+3.p,e3-time_gensimplify-on,balanced,REFUTED,8005,3330.859,15682.419,217.269,4222.826,11507,18878,11444,8007,8007,0,44041,1238170,103750,89,8006,false,false,
7426,starexec,CSR044+3.p,e3-time_gensimplify-on,balanced,HARD_TIMEOUT,8005,0.000,,,,,,,,,,,,,,,,false,
7426,starexec,CSR045+3.p,e3-time_gensimplify-on,balanced,REFUTED,8005,3143.442,4335.002,146.992,4553.134,5077,10716,5073,8006,8006,0,44064,1004693,103756,89,8006,false,false,
7426,starexec,CSR048+3.p,e3-time_gensimplify-on,balanced,REFUTED,8005,3042.322,21977.577,168.143,5111.782,12093,26619,12017,13509,8007,0,44043,1238212,103749,89,8006,false,false,
7426,starexec,CSR050+5.p,e3-time_gensimplify-on,balanced,HARD_TIMEOUT,540249,0.000,,,,,,,,,,,,,,,,false,
7426,starexec,CSR052+3.p,e3-time_gensimplify-on,balanced,TIMEOUT,8005,2713.561,163795.635,,,33494,72278,32808,34062,8007,0,,,,,,,false,
7426,starexec,CSR054+3.p,e3-time_gensimplify-on,balanced,REFUTED,8005,1982.864,2836.358,100.132,3627.178,5216,10818,5212,8007,8007,0,44037,1438507,103741,89,8006,false,false,
7426,starexec,CSR056+3.p,e3-time_gensimplify-on,balanced,HARD_TIMEOUT,8005,0.000,,,,,,,,,,,,,,,,false,
7426,starexec,CSR058+3.p,e3-time_gensimplify-on,balanced,REFUTED,8005,3140.566,1240.558,140.751,5731.595,689,8015,689,8007,8007,0,44037,1438501,103742,89,8006,false,false,
7426,starexec,CSR066+5.p,e3-time_gensimplify-on,balanced,HARD_TIMEOUT,540249,0.000,,,,,,,,,,,,,,,,false,
7426,starexec,CSR067+3.p,e3-time_gensimplify-on,balanced,REFUTED,8005,3208.351,15466.679,212.628,3613.211,11507,18870,11444,8007,8007,0,44041,1238170,103750,89,8006,false,false,
7426,starexec,CSR113+13.p,e3-time_gensimplify-on,balanced,TIMEOUT,10188,2054.396,164029.680,,,36657,210504,36619,173818,10593,79,,,,,,,false,
7426,starexec,CSR113+30.p,e3-time_gensimplify-on,balanced,TIMEOUT,10188,2012.113,164067.408,,,31320,210425,31304,179079,10559,79,,,,,,,false,
7426,starexec,CSR113+4.p,e3-time_gensimplify-on,balanced,TIMEOUT,10188,2172.757,164165.566,,,31705,207353,31691,175631,10564,79,,,,,,,false,
7426,starexec,CSR114+8.p,e3-time_gensimplify-on,balanced,TIMEOUT,10188,2116.542,164241.223,,,31852,209157,31837,177281,10478,79,,,,,,,false,
7426,starexec,CSR115+8.p,e3-time_gensimplify-on,balanced,TIMEOUT,10188,2208.821,163960.722,,,36388,213397,36381,176991,10631,79,,,,,,,false,
7426,starexec,CSR116+10.p,e3-time_gensimplify-on,balanced,TIMEOUT,10188,1436.118,164705.070,,,36440,235947,36426,199495,10739,79,,,,,,,false,
7426,starexec,CSR116+13.p,e3-time_gensimplify-on,balanced,REFUTED,10188,28339.424,32228.122,173.547,80403.896,13418,106263,13398,92839,10594,79,53838,134029576,54000,6739,10189,false,false,
7426,starexec,CSR116+19.p,e3-time_gensimplify-on,balanced,REFUTED,10188,23132.682,32998.980,120.687,92157.550,15587,140432,15226,124826,10671,79,53915,134412551,54325,7335,10189,false,false,
7426,starexec,CSR116+3.p,e3-time_gensimplify-on,balanced,TIMEOUT,10188,2192.003,163895.247,,,35418,199569,35310,164101,10689,79,,,,,,,false,
7426,starexec,CSR116+38.p,e3-time_gensimplify-on,balanced,TIMEOUT,10188,2097.648,163901.206,,,30995,206549,30992,175534,10654,79,,,,,,,false,
7426,starexec,CSR116+8.p,e3-time_gensimplify-on,balanced,TIMEOUT,10188,2114.985,163951.944,,,36828,217544,36812,180699,10748,79,,,,,,,false,
7426,starexec,CSR117+1.p,e3-time_gensimplify-on,balanced,REFUTED,268,897.599,1766.477,100.379,1826.262,888,1314,869,584,270,17,1632,440427,2138,563,269,false,false,
7426,starexec,CSR208+1.p,e3-time_gensimplify-on,balanced,HARD_TIMEOUT,7432,0.000,,,,,,,,,,,,,,,,false,
7426,starexec,GEO085+1.p,e3-time_gensimplify-on,balanced,REFUTED,16,811.108,330.531,69.725,1827.761,55,104,51,51,56,17,701,338390,2904,1406,17,false,false,
7426,starexec,GEO087+1.p,e3-time_gensimplify-on,balanced,REFUTED,16,862.465,404.149,42.249,1990.837,93,174,93,79,56,19,691,336523,2894,1417,17,false,false,
7426,starexec,GEO089+1.p,e3-time_gensimplify-on,balanced,TIMEOUT,16,560.665,165295.715,,,4670,424197,4419,416589,57,19,,,,,,,false,
7426,starexec,GEO093+1.p,e3-time_gensimplify-on,balanced,REFUTED,16,951.611,13412.822,63.421,2399.682,1547,56713,1502,54653,59,20,771,465317,3094,1585,17,false,false,
7426,starexec,GEO095+1.p,e3-time_gensimplify-on,balanced,TIMEOUT,16,569.505,165207.609,,,4286,380594,3640,374226,57,19,,,,,,,false,
7426,starexec,GEO111+1.p,e3-time_gensimplify-on,balanced,REFUTED,17,1013.748,40413.500,54.614,1582.098,2234,185379,2191,182220,64,22,827,594367,3601,1819,18,false,false,
7426,starexec,GEO117+1.p,e3-time_gensimplify-on,balanced,REFUTED,27,1269.948,1263.503,42.179,5151.104,467,3823,373,3317,113,34,1255,1095974,5908,2245,28,false,false,
7426,starexec,GEO138+1.p,e3-time_gensimplify-on,balanced,TIMEOUT,27,755.574,165135.930,,,5704,543567,5459,535019,116,36,,,,,,,false,
7426,starexec,GEO260+1.p,e3-time_gensimplify-on,balanced,REFUTED,31,636.815,44405.688,70.144,1443.550,2154,179051,1824,176346,70,7,636,236756,2417,864,32,false,false,
7426,starexec,GEO274+1.p,e3-time_gensimplify-on,balanced,TIMEOUT,116,1400.703,165368.004,,,11378,138288,11326,126898,265,57,,,,,,,false,
7426,starexec,GEO277+1.p,e3-time_gensimplify-on,balanced,TIMEOUT,126,1750.481,166408.433,,,10606,221223,10303,208953,279,57,,,,,,,false,
7426,starexec,GEO282+1.p,e3-time_gensimplify-on,balanced,REFUTED,123,3295.506,1934.326,87.532,23626.494,1091,2477,1062,1349,284,55,4834,7157468,36079,13064,124,false,false,
7426,starexec,GEO285+1.p,e3-time_gensimplify-on,balanced,REFUTED,132,3566.959,4231.204,114.750,24611.267,1976,8237,1808,6202,298,56,4910,7698353,36389,13064,133,false,false,
7426,starexec,GEO298+1.p,e3-time_gensimplify-on,balanced,TIMEOUT,157,1161.565,165414.341,,,12294,201416,12124,187648,321,63,,,,,,,false,
7426,starexec,GEO306+1.p,e3-time_gensimplify-on,balanced,TIMEOUT,126,1699.586,164674.652,,,10204,197125,10041,184962,289,60,,,,,,,false,
7426,starexec,GEO307+1.p,e3-time_gensimplify-on,balanced,TIMEOUT,145,1173.792,165100.726,,,12499,186274,12370,172459,308,60,,,,,,,false,
7426,starexec,GEO308+1.p,e3-time_gensimplify-on,balanced,TIMEOUT,146,1761.252,164793.489,,,12526,211424,12128,196762,309,60,,,,,,,false,
7426,starexec,GEO310+1.p,e3-time_gensimplify-on,balanced,TIMEOUT,148,1184.143,165276.166,,,11503,287370,11117,273265,311,60,,,,,,,false,
7426,starexec,GEO321+1.p,e3-time_gensimplify-on,balanced,TIMEOUT,177,1652.069,164609.847,,,12368,219838,11887,204742,340,60,,,,,,,false,
7426,starexec,GEO323+1.p,e3-time_gensimplify-on,balanced,TIMEOUT,179,1902.946,164822.063,,,10812,205537,10710,192621,342,60,,,,,,,false,
7426,starexec,GEO328+1.p,e3-time_gensimplify-on,balanced,TIMEOUT,185,1722.717,164707.463,,,22686,154687,22020,129318,348,60,,,,,,,false,
7426,starexec,GEO330+1.p,e3-time_gensimplify-on,balanced,TIMEOUT,187,1756.497,164944.529,,,11910,218582,11435,203920,350,60,,,,,,,false,
7426,starexec,GEO331+1.p,e3-time_gensimplify-on,balanced,REFUTED,125,3054.746,893.816,90.066,23324.907,319,678,295,358,279,60,5297,7952486,40539,13064,126,false,false,
7426,starexec,GEO337+1.p,e3-time_gensimplify-on,balanced,TIMEOUT,129,1830.072,164812.680,,,12145,173583,11834,156715,283,60,,,,,,,false,
7426,starexec,GEO343+1.p,e3-time_gensimplify-on,balanced,TIMEOUT,124,1632.580,165235.417,,,12586,173143,12447,160145,292,61,,,,,,,false,
7426,starexec,GEO349+1.p,e3-time_gensimplify-on,balanced,TIMEOUT,130,1676.404,164694.331,,,12821,169333,12231,154380,302,66,,,,,,,false,
7426,starexec,GEO351+1.p,e3-time_gensimplify-on,balanced,TIMEOUT,136,1852.065,164672.196,,,14385,220003,13426,204243,311,69,,,,,,,false,
7426,starexec,GEO480+1.p,e3-time_gensimplify-on,balanced,HARD_TIMEOUT,3634,0.000,,,,,,,,,,,,,,,,false,
7426,starexec,GEO491+1.p,e3-time_gensimplify-on,balanced,TIMEOUT,44,538.946,165055.262,,,6862,402187,5897,392779,75,6,,,,,,,false,
7426,starexec,GEO494+1.p,e3-time_gensimplify-on,balanced,TIMEOUT,66,649.751,164833.130,,,3388,353535,3345,348395,101,6,,,,,,,false,
7426,starexec,GEO498+1.p,e3-time_gensimplify-on,balanced,REFUTED,109,998.349,441.967,72.248,1468.025,67,214,64,162,162,4,1331,237862,10578,618,110,false,false,
7426,starexec,GEO501+1.p,e3-time_gensimplify-on,balanced,TIMEOUT,122,801.519,164849.496,,,7296,566398,6802,554884,179,5,,,,,,,false,
7426,starexec,GEO504+1.p,e3-time_gensimplify-on,balanced,REFUTED,130,874.180,2886.811,70.751,860.684,875,16063,810,14753,191,3,1630,219073,12836,791,131,false,false,
7426,starexec,GEO513+1.p,e3-time_gensimplify-on,balanced,TIMEOUT,172,915.028,164690.121,,,7578,399807,7006,387463,265,5,,,,,,,false,
7426,starexec,GEO514+1.p,e3-time_gensimplify-on,balanced,TIMEOUT,173,931.447,164642.800,,,6454,494326,5665,483700,264,4,,,,,,,false,
7426,starexec,GEO517+1.p,e3-time_gensimplify-on,balanced,TIMEOUT,180,1010.761,165046.731,,,7494,419014,7076,407892,277,8,,,,,,,false,
7426,starexec,GEO520+1.p,e3-time_gensimplify-on,balanced,TIMEOUT,193,1041.061,164732.719,,,7252,381931,6765,371571,287,5,,,,,,,false,
7426,starexec,GEO523+1.p,e3-time_gensimplify-on,balanced,REFUTED,200,1328.034,38961.153,98.221,2034.997,4228,215944,3121,209745,294,4,2531,503492,22147,983,201,false,false,
7426,starexec,GEO526+1.p,e3-time_gensimplify-on,balanced,TIMEOUT,209,1346.961,164392.504,,,8401,560078,7548,544898,307,5,,,,,,,false,
7426,starexec,GEO528+1.p,e3-time_gensimplify-on,balanced,REFUTED,212,1314.266,6634.193,120.776,2419.957,1656,35865,1467,33622,307,4,2693,591568,23228,983,213,false,false,
7426,starexec,GEO535+1.p,e3-time_gensimplify-on,balanced,TIMEOUT,227,1142.844,164703.321,,,8169,625727,7697,613005,335,6,,,,,,,false,
7426,starexec,GRA005+1.p,e3-time_gensimplify-on,balanced,REFUTED,17,1044.098,423.553,66.542,3562.904,92,132,91,78,83,21,844,566297,3819,2303,18,false,false,
7426,starexec,GRA008+1.p,e3-time_gensimplify-on,balanced,TIMEOUT,17,628.060,165464.699,,,8437,336973,8024,326836,83,20,,,,,,,false,
7426,starexec,GRP652+2.p,e3-time_gensimplify-on,balanced,HARD_TIMEOUT,5675,0.000,,,,,,,,,,,,,,,,false,
7426,starexec,GRP654+1.p,e3-time_gensimplify-on,balanced,TIMEOUT,5,333.948,165232.347,,,401,1175819,322,1172921,6,1,,,,,,,false,
7426,starexec,GRP655+3.p,e3-time_gensimplify-on,balanced,TIMEOUT,5,279.012,165364.046,,,755,1554156,566,1551794,6,2,,,,,,,false,
7426,starexec,GRP748+1.p,e3-time_gensimplify-on,balanced,TIMEOUT,11,385.785,166915.798,,,942,1225865,797,1222631,15,12,,,,,,,false,
7426,starexec,HWV051+1.p,e3-time_gensimplify-on,balanced,TIMEOUT,724,888.334,164667.759,,,40165,121439,39088,69559,919,5,,,,,,,false,
7426,starexec,ITP002+2.p,e3-time_gensimplify-on,balanced,TIMEOUT,33,634.563,165028.747,,,7209,137440,7146,130166,58,9,,,,,,,false,
7426,starexec,ITP004+1.p,e3-time_gensimplify-on,balanced,HARD_TIMEOUT,30,0.000,,,,,,,,,,,,,,,,false,
7426,starexec,ITP004+4.p,e3-time_gensimplify-on,balanced,HARD_TIMEOUT,3173,0.000,,,,,,,,,,,,,,,,false,
7426,starexec,ITP006+2.p,e3-time_gensimplify-on,balanced,REFUTED,51,1755.264,17632.933,70.138,16116.042,2762,100522,2058,97227,243,40,1996,2717728,9201,4001,52,false,false,
7426,starexec,ITP006+4.p,e3-time_gensimplify-on,balanced,HARD_TIMEOUT,5652,0.000,,,,,,,,,,,,,,,,false,
7426,starexec,ITP009+2.p,e3-time_gensimplify-on,balanced,TIMEOUT,36,943.984,165152.845,,,6024,168233,5979,162129,99,18,,,,,,,false,
7426,starexec,ITP012+4.p,e3-time_gensimplify-on,balanced,HARD_TIMEOUT,14071,0.000,,,,,,,,,,,,,,,,false,
7426,starexec,ITP012+5.p,e3-time_gensimplify-on,balanced,HARD_TIMEOUT,10256,0.000,,,,,,,,,,,,,,,,false,
7426,starexec,ITP013+1.p,e3-time_gensimplify-on,balanced,TIMEOUT,45,584.511,167669.332,,,1399,1585911,1335,1580625,108,8,,,,,,,false,
7426,starexec,ITP018+5.p,e3-time_gensimplify-on,balanced,HARD_TIMEOUT,16278,0.000,,,,,,,,,,,,,,,,false,
7426,starexec,ITP020+2.p,e3-time_gensimplify-on,balanced,REFUTED,62,1809.782,68319.399,62.583,32786.196,4841,224830,4540,217392,293,55,2558,2950700,10988,2968,63,false,false,
7426,starexec,ITP020+4.p,e3-time_gensimplify-on,balanced,HARD_TIMEOUT,25152,0.000,,,,,,,,,,,,,,,,false,
7426,starexec,ITP023+2.p,e3-time_gensimplify-on,balanced,TIMEOUT,58,729.703,165392.529,,,7192,278411,5323,269067,239,27,,,,,,,false,
7426,starexec,KLE100+1.p,e3-time_gensimplify-on,balanced,TIMEOUT,26,367.271,165455.545,,,2286,1595404,1656,1585850,29,3,,,,,,,false,
7426,starexec,KLE169+1.p,e3-time_gensimplify-on,balanced,TIMEOUT,17,286.203,165178.646,,,1349,1908674,1242,1902412,19,0,,,,,,,false,
7426,starexec,KLE170+1.002.p,e3-time_gensimplify-on,balanced,TIMEOUT,16,336.133,165502.127,,,1265,2015802,1198,2008790,18,0,,,,,,,false,
7426,starexec,KRS187+1.p,e3-time_gensimplify-on,balanced,TIMEOUT,32,833.779,165872.826,,,3811,581430,3600,573138,129,74,,,,,,,false,
7426,starexec,KRS190+1.p,e3-time_gensimplify-on,balanced,TIMEOUT,32,520.984,165463.484,,,3938,612363,3726,603905,129,74,,,,,,,false,
7426,starexec,KRS192+1.p,e3-time_gensimplify-on,balanced,TIMEOUT,32,842.600,165619.931,,,3743,562253,3532,554045,129,74,,,,,,,false,
7426,starexec,KRS195+1.p,e3-time_gensimplify-on,balanced,TIMEOUT,32,790.849,165218.554,,,4423,585277,4206,576501,129,74,,,,,,,false,
7426,starexec,KRS196+1.p,e3-time_gensimplify-on,balanced,TIMEOUT,32,791.501,165124.743,,,4401,578230,4184,569478,129,74,,,,,,,false,
7426,starexec,KRS216+1.p,e3-time_gensimplify-on,balanced,TIMEOUT,32,771.411,165463.192,,,3893,604873,3681,596471,129,74,,,,,,,false,
7426,starexec,KRS233+1.p,e3-time_gensimplify-on,balanced,TIMEOUT,32,786.122,165222.655,,,3800,577586,3589,569306,129,74,,,,,,,false,
7426,starexec,KRS234+1.p,e3-time_gensimplify-on,balanced,REFUTED,32,1625.196,8443.425,40.947,10773.868,1377,74938,1341,72862,129,74,2165,2451581,6058,2717,33,false,false,
7426,starexec,KRS251+1.p,e3-time_gensimplify-on,balanced,TIMEOUT,32,754.998,165179.008,,,3965,615254,3832,606472,129,74,,,,,,,false,
7426,starexec,KRS261+1.p,e3-time_gensimplify-on,balanced,REFUTED,32,1787.643,15797.250,54.633,10872.775,1736,127116,1676,124429,129,74,2238,2614206,6135,2717,33,false,false,
7426,starexec,KRS262+1.p,e3-time_gensimplify-on,balanced,REFUTED,32,1073.523,48472.572,34.567,6302.651,2871,387456,2825,381425,129,74,2143,2402369,6026,2717,33,false,false,
7426,starexec,LAT258+1.p,e3-time_gensimplify-on,balanced,TIMEOUT,17,365.418,165300.114,,,8918,575459,7129,562187,23,1,,,,,,,false,
7426,starexec,LAT287+3.p,e3-time_gensimplify-on,balanced,HARD_TIMEOUT,12371,0.000,,,,,,,,,,,,,,,,false,
7426,starexec,LAT303+4.p,e3-time_gensimplify-on,balanced,HARD_TIMEOUT,34684,0.000,,,,,,,,,,,,,,,,false,
7426,starexec,LAT305+3.p,e3-time_gensimplify-on,balanced,HARD_TIMEOUT,13616,0.000,,,,,,,,,,,,,,,,false,
7426,starexec,LAT351+3.p,e3-time_gensimplify-on,balanced,HARD_TIMEOUT,17808,0.000,,,,,,,,,,,,,,,,false,
7426,starexec,LCL062+2.p,e3-time_gensimplify-on,balanced,TIMEOUT,2,284.113,165339.894,,,3656,555707,3526,546454,3,0,,,,,,,false,
7426,starexec,LCL073+1.p,e3-time_gensimplify-on,balanced,TIMEOUT,2,292.518,165547.366,,,2397,949308,2210,923529,3,3,,,,,,,false,
7426,starexec,LCL109+1.p,e3-time_gensimplify-on,balanced,TIMEOUT,5,250.943,165407.376,,,2648,689187,2512,684125,6,0,,,,,,,false,
7426,starexec,LCL368+1.p,e3-time_gensimplify-on,balanced,REFUTED,4,320.943,9465.319,79.152,183.215,913,66851,835,65374,5,0,152,8242,370,87,5,false,false,
7426,starexec,LCL368+2.p,e3-time_gensimplify-on,balanced,TIMEOUT,2,297.705,165287.763,,,3756,557528,3639,548163,3,0,,,,,,,false,
7426,starexec,LCL369+1.p,e3-time_gensimplify-on,balanced,TIMEOUT,4,223.265,165289.179,,,2745,635605,2567,630829,5,0,,,,,,,false,
7426,starexec,LCL369+2.p,e3-time_gensimplify-on,balanced,TIMEOUT,2,285.411,165247.025,,,3710,547064,3601,537044,3,0,,,,,,,false,
7426,starexec,LCL370+1.p,e3-time_gensimplify-on,balanced,REFUTED,4,318.370,140420.162,95.367,149.548,2516,560018,2394,555607,5,0,207,10004,477,99,5,false,false,
7426,starexec,LCL372+2.p,e3-time_gensimplify-on,balanced,TIMEOUT,2,286.335,165204.733,,,3745,582121,3645,572415,3,0,,,,,,,false,
7426,starexec,LCL373+2.p,e3-time_gensimplify-on,balanced,TIMEOUT,2,295.849,165270.652,,,3586,542636,3511,533506,3,0,,,,,,,false,
7426,starexec,LCL374+1.p,e3-time_gensimplify-on,balanced,TIMEOUT,4,249.132,165348.786,,,2665,606935,2530,602233,5,0,,,,,,,false,
7426,starexec,LCL375+1.p,e3-time_gensimplify-on,balanced,TIMEOUT,4,264.319,165464.164,,,2678,623822,2542,619097,5,0,,,,,,,false,
7426,starexec,LCL382+1.p,e3-time_gensimplify-on,balanced,REFUTED,4,300.202,115510.824,61.826,105.890,2338,477508,2234,473450,5,0,186,8951,434,78,5,false,false,
7426,starexec,LCL382+2.p,e3-time_gensimplify-on,balanced,TIMEOUT,2,267.232,165240.141,,,3648,561259,3555,551671,3,0,,,,,,,false,
7426,starexec,LCL383+1.p,e3-time_gensimplify-on,balanced,TIMEOUT,4,238.904,165279.235,,,2966,741637,2853,736201,5,0,,,,,,,false,
7426,starexec,LCL390+2.p,e3-time_gensimplify-on,balanced,TIMEOUT,2,278.585,165595.205,,,3615,559313,3545,549937,3,0,,,,,,,false,
7426,starexec,LCL391+2.p,e3-time_gensimplify-on,balanced,TIMEOUT,2,274.071,165378.650,,,3674,560417,3558,550713,3,0,,,,,,,false,
7426,starexec,LCL392+2.p,e3-time_gensimplify-on,balanced,TIMEOUT,2,298.763,165340.887,,,3817,608818,3721,598800,3,0,,,,,,,false,
7426,starexec,LCL393+1.p,e3-time_gensimplify-on,balanced,TIMEOUT,4,231.244,165554.897,,,2704,636043,2575,631265,5,0,,,,,,,false,
7426,starexec,LCL393+2.p,e3-time_gensimplify-on,balanced,TIMEOUT,2,187.759,165792.809,,,4322,762543,4194,750431,3,0,,,,,,,false,
7426,starexec,LCL395+1.p,e3-time_gensimplify-on,balanced,TIMEOUT,4,253.760,165570.254,,,2777,633903,2669,628857,5,0,,,,,,,false,
7426,starexec,LCL395+2.p,e3-time_gensimplify-on,balanced,TIMEOUT,2,249.372,165302.951,,,3685,546363,3584,536453,3,0,,,,,,,false,
7426,starexec,LCL484+1.p,e3-time_gensimplify-on,balanced,REFUTED,44,1104.605,457.704,47.561,5166.944,119,260,108,134,74,55,1400,1190894,2945,1818,45,false,false,
7426,starexec,LCL556+1.p,e3-time_gensimplify-on,balanced,TIMEOUT,76,654.225,165585.227,,,8314,1644590,5912,1627164,135,94,,,,,,,false,
7426,starexec,LCL638+1.020.p,e3-time_gensimplify-on,balanced,HARD_TIMEOUT,0,0.000,,,,,,,,,,,,,,,,false,
7426,starexec,LCL646+1.010.p,e3-time_gensimplify-on,balanced,TIMEOUT,0,4378.459,164633.363,,,7138,614922,7138,607784,294,146,,,,,,,false,
7426,starexec,LCL646+1.015.p,e3-time_gensimplify-on,balanced,HARD_TIMEOUT,0,0.000,,,,,,,,,,,,,,,,false,
7426,starexec,LCL648+1.010.p,e3-time_gensimplify-on,balanced,HARD_TIMEOUT,0,0.000,,,,,,,,,,,,,,,,false,
7426,starexec,LCL650+1.010.p,e3-time_gensimplify-on,balanced,TIMEOUT,0,1174.059,165480.119,,,6630,113552,6533,106890,220,126,,,,,,,false,
7426,starexec,LCL652+1.010.p,e3-time_gensimplify-on,balanced,TIMEOUT,0,1618.744,165038.657,,,18129,434117,17455,415207,181,110,,,,,,,false,
7426,starexec,LCL662+1.020.p,e3-time_gensimplify-on,balanced,HARD_TIMEOUT,1,0.000,,,,,,,,,,,,,,,,false,
7426,starexec,LCL664+1.010.p,e3-time_gensimplify-on,balanced,TIMEOUT,1,4443.911,164675.712,,,7279,993565,5592,985009,295,146,,,,,,,false,
7426,starexec,LCL666+1.010.p,e3-time_gensimplify-on,balanced,HARD_TIMEOUT,1,0.000,,,,,,,,,,,,,,,,false,
7426,starexec,LCL688+1.001.p,e3-time_gensimplify-on,balanced,REFUTED,2,764.463,16537.291,45.943,1979.691,4001,53128,3798,46644,28,16,559,545211,1720,5041,3,false,false,
7426,starexec,LCL688+1.015.p,e3-time_gensimplify-on,balanced,TIMEOUT,2,2234.266,164807.659,,,6221,585732,5864,578672,294,184,,,,,,,false,
7426,starexec,LCL891+1.p,e3-time_gensimplify-on,balanced,TIMEOUT,12,417.574,165303.773,,,1590,1661523,1318,1657241,16,3,,,,,,,false,
7426,starexec,LCL898+1.p,e3-time_gensimplify-on,balanced,TIMEOUT,14,338.793,165327.299,,,2357,1247421,2266,1237541,16,2,,,,,,,false,
7426,starexec,LCL901+1.p,e3-time_gensimplify-on,balanced,TIMEOUT,14,333.600,165504.728,,,1316,1571522,1263,1563282,16,1,,,,,,,false,
7426,starexec,LCL978+1.p,e3-time_gensimplify-on,balanced,TIMEOUT,2,288.020,165308.206,,,2665,746310,2440,734842,3,3,,,,,,,false,
7426,starexec,LCL979+1.p,e3-time_gensimplify-on,balanced,TIMEOUT,2,294.992,165575.565,,,2229,404174,1763,396896,3,3,,,,,,,false,
7426,starexec,LCL982+1.p,e3-time_gensimplify-on,balanced,REFUTED,2,542.085,311.742,65.051,436.327,26,74,25,48,3,3,108,16086,409,273,3,false,false,
7426,starexec,LCL983+1.p,e3-time_gensimplify-on,balanced,TIMEOUT,2,257.947,165453.419,,,3195,1169661,3049,1155831,3,3,,,,,,,false,
7426,starexec,MGT005+1.p,e3-time_gensimplify-on,balanced,REFUTED,10,792.758,6631.551,73.704,2005.697,1864,11593,1627,9176,29,13,505,1047792,3186,5235,11,false,false,
7426,starexec,MGT035+2.p,e3-time_gensimplify-on,balanced,TIMEOUT,19,349.557,165292.498,,,3308,350149,3173,346055,43,5,,,,,,,false,
7426,starexec,MGT067+1.p,e3-time_gensimplify-on,balanced,REFUTED,157,859.227,792.283,42.430,1329.794,779,1168,755,366,177,3,1294,364246,8387,680,158,false,false,
7426,starexec,MGT068+1.p,e3-time_gensimplify-on,balanced,REFUTED,59,743.120,2510.732,83.301,1065.779,529,8186,515,7469,85,4,762,154637,3360,459,60,false,false,
7426,starexec,MGT076+1.p,e3-time_gensimplify-on,balanced,REFUTED,34,636.031,320.584,44.222,732.405,43,86,37,54,54,4,422,60214,1887,383,35,false,false,
7426,starexec,MGT077+1.p,e3-time_gensimplify-on,balanced,REFUTED,44,642.670,369.197,26.463,780.100,72,169,71,96,64,4,475,76399,2032,414,45,false,false,
7426,starexec,MGT078+1.p,e3-time_gensimplify-on,balanced,REFUTED,56,625.282,400.279,42.671,878.701,115,274,114,157,80,6,544,142129,2020,619,57,false,false,
7426,starexec,MGT079+1.p,e3-time_gensimplify-on,balanced,REFUTED,56,469.079,434.727,45.512,500.891,178,495,167,312,77,3,536,89966,2014,413,57,false,false,
7426,starexec,MGT080+1.p,e3-time_gensimplify-on,balanced,REFUTED,73,738.611,422.422,59.648,1150.439,94,255,87,162,99,7,634,227281,2111,881,74,false,false,
7426,starexec,MGT082+1.p,e3-time_gensimplify-on,balanced,REFUTED,56,609.701,332.379,45.053,884.263,72,198,67,126,80,6,550,146392,2022,635,57,false,false,
7426,starexec,MGT085+1.p,e3-time_gensimplify-on,balanced,REFUTED,43,591.124,4650.410,38.511,628.694,931,22604,929,21455,65,6,524,142865,2023,619,44,false,false,
7426,starexec,MGT086+1.p,e3-time_gensimplify-on,balanced,REFUTED,43,573.173,354.598,46.416,608.691,62,146,60,83,63,3,472,78452,1975,410,44,false,false,
7426,starexec,MGT088+1.p,e3-time_gensimplify-on,balanced,REFUTED,39,570.741,305.999,26.951,707.031,50,123,50,73,59,4,447,65338,1989,393,40,false,false,
7426,starexec,MGT090+1.p,e3-time_gensimplify-on,balanced,REFUTED,59,606.104,365.866,47.118,781.004,105,161,104,90,90,3,581,71034,2646,354,60,false,false,
7426,starexec,MGT091+1.p,e3-time_gensimplify-on,balanced,REFUTED,46,647.454,2081.594,56.234,943.069,403,5318,403,4827,83,3,571,81016,3281,362,47,false,false,
7426,starexec,NLP147+1.p,e3-time_gensimplify-on,balanced,REFUTED,61,1063.158,490.101,65.310,3472.112,213,228,212,94,94,12,1021,1237412,3831,15197,62,false,false,
7426,starexec,NLP260+1.p,e3-time_gensimplify-on,balanced,HARD_TIMEOUT,1026860,0.000,,,,,,,,,,,,,,,,false,
7426,starexec,NLP261+1.p,e3-time_gensimplify-on,balanced,HARD_TIMEOUT,1026860,0.000,,,,,,,,,,,,,,,,false,
7426,starexec,NLP262+1.p,e3-time_gensimplify-on,balanced,HARD_TIMEOUT,1026860,0.000,,,,,,,,,,,,,,,,false,
7426,starexec,NUM292+1.p,e3-time_gensimplify-on,balanced,REFUTED,401,708.284,6988.025,79.930,722.145,2322,28587,2322,26265,407,0,1446,52593,4581,303,402,false,false,
7426,starexec,NUM321+1.p,e3-time_gensimplify-on,balanced,TIMEOUT,401,546.533,164618.508,,,20260,82594,20260,62334,407,0,,,,,,,false,
7426,starexec,NUM335+1.p,e3-time_gensimplify-on,balanced,TIMEOUT,401,624.400,164769.147,,,20170,82304,20170,62134,408,1,,,,,,,false,
7426,starexec,NUM639+4.p,e3-time_gensimplify-on,balanced,TIMEOUT,316,1228.766,164548.664,,,6215,684725,5909,677297,532,29,,,,,,,false,
7426,starexec,NUM647+4.p,e3-time_gensimplify-on,balanced,TIMEOUT,346,1255.322,164589.278,,,7583,656167,6428,646073,586,29,,,,,,,false,
7426,starexec,NUM653+4.p,e3-time_gensimplify-on,balanced,TIMEOUT,393,800.488,165126.215,,,7556,487871,7160,477383,673,29,,,,,,,false,
7426,starexec,NUM656+4.p,e3-time_gensimplify-on,balanced,TIMEOUT,402,1330.531,164754.133,,,7094,462031,6632,452305,691,29,,,,,,,false,
7426,starexec,NUM657+4.p,e3-time_gensimplify-on,balanced,TIMEOUT,405,1236.309,164522.062,,,6895,544335,6620,535185,697,29,,,,,,,false,
7426,starexec,NUM658+4.p,e3-time_gensimplify-on,balanced,TIMEOUT,408,1345.368,164698.002,,,7385,462791,6801,452695,703,29,,,,,,,false,
7426,starexec,NUM663+4.p,e3-time_gensimplify-on,balanced,TIMEOUT,419,825.485,165542.847,,,7558,543083,7040,532737,727,29,,,,,,,false,
7426,starexec,NUM664+4.p,e3-time_gensimplify-on,balanced,TIMEOUT,423,1325.276,164941.684,,,7452,524023,6947,513971,736,29,,,,,,,false,
7426,starexec,NUM669+4.p,e3-time_gensimplify-on,balanced,TIMEOUT,443,1653.689,165229.714,,,5922,619796,5690,610984,776,29,,,,,,,false,
7426,starexec,NUM671+4.p,e3-time_gensimplify-on,balanced,TIMEOUT,453,1435.688,164905.286,,,7289,496898,6888,486982,795,29,,,,,,,false,
7426,starexec,NUM689+4.p,e3-time_gensimplify-on,balanced,TIMEOUT,554,1332.442,164472.952,,,7674,625329,7435,615953,1006,29,,,,,,,false,
7426,starexec,NUM690+4.p,e3-time_gensimplify-on,balanced,TIMEOUT,559,1505.650,164422.874,,,7921,582198,7220,571540,1017,29,,,,,,,false,
7426,starexec,NUM691+4.p,e3-time_gensimplify-on,balanced,TIMEOUT,564,1470.485,164457.127,,,9360,549980,8722,536762,1028,29,,,,,,,false,
7426,starexec,NUM694+4.p,e3-time_gensimplify-on,balanced,TIMEOUT,572,1446.959,164433.522,,,8942,534589,8357,522107,1043,29,,,,,,,false,
7426,starexec,NUM695+4.p,e3-time_gensimplify-on,balanced,TIMEOUT,574,1427.510,164561.135,,,9380,568522,8653,555890,1046,29,,,,,,,false,
7426,starexec,NUM698+4.p,e3-time_gensimplify-on,balanced,TIMEOUT,585,1451.035,165334.484,,,9392,602881,8990,592591,1067,29,,,,,,,false,
7426,starexec,NUM707+4.p,e3-time_gensimplify-on,balanced,TIMEOUT,634,1503.706,164729.513,,,8063,594584,8008,585186,1149,29,,,,,,,false,
7426,starexec,NUM709+4.p,e3-time_gensimplify-on,balanced,TIMEOUT,639,1448.664,164459.022,,,9691,493370,8802,478061,1157,29,,,,,,,false,
7426,starexec,NUM743+4.p,e3-time_gensimplify-on,balanced,TIMEOUT,907,1663.181,164815.977,,,9201,480413,8692,468329,1679,33,,,,,,,false,
7426,starexec,NUM747+4.p,e3-time_gensimplify-on,balanced,TIMEOUT,943,1605.794,164448.821,,,10346,513757,9656,500035,1750,33,,,,,,,false,
7426,starexec,NUM750+4.p,e3-time_gensimplify-on,balanced,TIMEOUT,964,1600.899,164066.374,,,10324,555456,9776,540920,1788,33,,,,,,,false,
7426,starexec,NUM757+4.p,e3-time_gensimplify-on,balanced,TIMEOUT,1012,1905.048,165153.879,,,11296,568890,9921,550074,1888,33,,,,,,,false,
7426,starexec,NUM783+4.p,e3-time_gensimplify-on,balanced,TIMEOUT,1257,1457.738,163866.736,,,11399,393193,10475,378023,2380,33,,,,,,,false,
7426,starexec,NUM785+4.p,e3-time_gensimplify-on,balanced,TIMEOUT,1274,1897.930,164111.809,,,12643,521913,11633,501671,2413,33,,,,,,,false,
7426,starexec,NUM786+4.p,e3-time_gensimplify-on,balanced,TIMEOUT,1277,1779.819,164638.004,,,9989,448507,9934,438268,2419,33,,,,,,,false,
7426,starexec,NUM787+4.p,e3-time_gensimplify-on,balanced,TIMEOUT,1280,1855.623,164154.238,,,12001,457243,10552,441433,2425,33,,,,,,,false,
7426,starexec,NUM789+4.p,e3-time_gensimplify-on,balanced,TIMEOUT,1286,1906.054,164080.500,,,10838,499245,10248,485069,2437,33,,,,,,,false,
7426,starexec,NUM795+4.p,e3-time_gensimplify-on,balanced,TIMEOUT,1411,1507.053,164025.071,,,10112,426639,9464,414589,2687,33,,,,,,,false,
7426,starexec,NUM796+4.p,e3-time_gensimplify-on,balanced,TIMEOUT,1416,2182.520,164180.911,,,10406,483094,9987,469052,2698,33,,,,,,,false,
7426,starexec,NUM835+1.p,e3-time_gensimplify-on,balanced,REFUTED,38,559.932,621.516,32.238,461.507,110,1359,103,1163,49,4,527,72943,1620,572,39,false,false,
7426,starexec,NUM840+1.p,e3-time_gensimplify-on,balanced,REFUTED,38,596.771,5060.398,72.894,624.736,904,45383,879,43879,47,4,535,47937,1898,225,39,false,false,
7426,starexec,NUM853+2.p,e3-time_gensimplify-on,balanced,REFUTED,36,554.948,3221.976,76.071,607.016,563,18832,540,17919,41,4,528,46592,1794,225,37,false,false,
7426,starexec,NUM859+1.p,e3-time_gensimplify-on,balanced,TIMEOUT,13,419.087,165396.256,,,4820,553416,4510,545502,30,6,,,,,,,false,
7426,starexec,NUM860+1.p,e3-time_gensimplify-on,balanced,TIMEOUT,13,437.715,165182.664,,,4526,744659,4360,737631,30,6,,,,,,,false,
7426,starexec,NUN054+1.p,e3-time_gensimplify-on,balanced,REFUTED,18,839.114,1117.583,63.961,1855.878,639,4346,618,3673,59,20,697,429303,2772,1111,19,false,false,
7426,starexec,NUN054+2.p,e3-time_gensimplify-on,balanced,REFUTED,11,800.124,392.500,65.519,1346.145,72,108,50,36,40,20,592,366121,2135,1111,12,false,false,
7426,starexec,NUN056+1.p,e3-time_gensimplify-on,balanced,TIMEOUT,18,345.017,165398.998,,,9787,516683,9229,503114,59,20,,,,,,,false,
7426,starexec,NUN057+1.p,e3-time_gensimplify-on,balanced,TIMEOUT,18,534.422,165078.477,,,13491,532416,11877,516174,59,20,,,,,,,false,
7426,starexec,NUN060+1.p,e3-time_gensimplify-on,balanced,REFUTED,18,553.420,193.569,21.632,1043.978,49,128,45,78,59,20,649,382620,2739,1121,19,false,false,
7426,starexec,NUN062+1.p,e3-time_gensimplify-on,balanced,REFUTED,18,900.344,316.250,40.665,1984.883,64,174,51,101,60,22,679,435977,2693,1167,19,false,false,
7426,starexec,NUN065+1.p,e3-time_gensimplify-on,balanced,REFUTED,18,981.276,2928.903,64.420,2092.270,963,12380,870,10764,63,24,773,520885,2817,1221,19,false,false,
7426,starexec,NUN066+1.p,e3-time_gensimplify-on,balanced,REFUTED,18,1080.580,3023.026,69.905,2393.142,977,12689,880,11026,64,25,859,645339,2921,1294,19,false,false,
7426,starexec,NUN075+1.p,e3-time_gensimplify-on,balanced,REFUTED,18,730.652,13402.594,96.724,1508.680,2847,54769,2721,51571,59,20,1010,785479,3692,1349,19,false,false,
7426,starexec,NUN076+1.p,e3-time_gensimplify-on,balanced,REFUTED,18,868.801,506.726,54.252,1934.640,177,566,172,388,59,20,677,412202,2781,1123,19,false,false,
7426,starexec,NUN080+1.p,e3-time_gensimplify-on,balanced,REFUTED,18,840.701,279.295,31.228,1670.609,45,116,42,70,59,20,626,360297,2662,1099,19,false,false,
7426,starexec,NUN082+1.p,e3-time_gensimplify-on,balanced,REFUTED,18,871.212,17737.151,57.038,1820.397,3645,117841,2831,111115,59,20,729,453117,2782,1094,19,false,false,
7426,starexec,NUN085+1.p,e3-time_gensimplify-on,balanced,TIMEOUT,18,528.450,165276.246,,,7831,446221,7631,432683,64,25,,,,,,,false,
7426,starexec,NUN086+1.p,e3-time_gensimplify-on,balanced,REFUTED,18,936.116,133324.080,49.736,1730.306,8450,467284,7295,454344,59,20,737,463566,2795,1100,19,false,false,
7426,starexec,PRD001+1.p,e3-time_gensimplify-on,balanced,TIMEOUT,1614,1300.137,164546.572,,,23281,143947,21792,106084,1615,0,,,,,,,false,
7426,starexec,PRO011+1.p,e3-time_gensimplify-on,balanced,REFUTED,48,1256.145,744.100,71.174,3147.925,316,994,278,644,95,23,1077,745127,4793,1681,49,false,false,
7426,starexec,PUZ129+2.p,e3-time_gensimplify-on,balanced,REFUTED,0,590.444,332.926,56.716,936.840,31,36,30,18,18,8,288,156915,1015,1381,1,false,false,
7426,starexec,PUZ133+1.p,e3-time_gensimplify-on,balanced,TIMEOUT,9,378.507,165397.796,,,6399,298378,5929,282441,24,3,,,,,,,false,
7426,starexec,REL020+2.p,e3-time_gensimplify-on,balanced,TIMEOUT,16,324.998,165067.941,,,2126,1560944,1411,1551564,18,2,,,,,,,false,
7426,starexec,REL021+1.p,e3-time_gensimplify-on,balanced,TIMEOUT,13,328.134,165239.956,,,1375,2192837,1099,2184497,15,2,,,,,,,false,
7426,starexec,REL040+2.p,e3-time_gensimplify-on,balanced,TIMEOUT,13,365.077,165765.334,,,1473,2222130,1098,2213148,15,3,,,,,,,false,
7426,starexec,SCT115+1.p,e3-time_gensimplify-on,balanced,TIMEOUT,527,1951.264,164677.790,,,8410,899921,7191,886335,869,121,,,,,,,false,
7426,starexec,SCT117+1.p,e3-time_gensimplify-on,balanced,TIMEOUT,527,2161.687,164462.226,,,9026,803622,8144,791732,873,122,,,,,,,false,
7426,starexec,SCT120+1.p,e3-time_gensimplify-on,balanced,TIMEOUT,526,2033.951,164378.820,,,6728,914310,5671,900718,794,100,,,,,,,false,
7426,starexec,SCT123+1.p,e3-time_gensimplify-on,balanced,TIMEOUT,528,1417.541,165369.003,,,5711,901015,4505,891447,826,115,,,,,,,false,
7426,starexec,SCT124+1.p,e3-time_gensimplify-on,balanced,TIMEOUT,528,2098.937,164297.308,,,4902,1122660,4711,1112390,804,105,,,,,,,false,
7426,starexec,SCT125+1.p,e3-time_gensimplify-on,balanced,TIMEOUT,528,2042.197,164733.590,,,6236,996726,5612,984240,819,106,,,,,,,false,
7426,starexec,SCT155+1.p,e3-time_gensimplify-on,balanced,TIMEOUT,528,2273.664,164399.328,,,9287,738110,7855,726968,831,111,,,,,,,false,
7426,starexec,SCT158+1.p,e3-time_gensimplify-on,balanced,TIMEOUT,528,1921.568,164394.854,,,8711,724205,7509,713557,832,110,,,,,,,false,
7426,starexec,SCT170+3.p,e3-time_gensimplify-on,balanced,TIMEOUT,1578,3743.455,164117.085,,,10897,377636,10644,361392,2785,640,,,,,,,false,
7426,starexec,SET017+1.p,e3-time_gensimplify-on,balanced,REFUTED,43,758.609,661.246,67.179,1129.447,190,622,178,428,93,10,697,201244,2747,651,44,false,false,
7426,starexec,SET101+1.p,e3-time_gensimplify-on,balanced,REFUTED,43,715.307,464.926,55.163,1028.044,117,317,110,191,90,9,657,137446,2654,486,44,false,false,
7426,starexec,SET716+4.p,e3-time_gensimplify-on,balanced,TIMEOUT,28,1120.346,165230.529,,,6263,585857,5339,578147,160,54,,,,,,,false,
7426,starexec,SET733+4.p,e3-time_gensimplify-on,balanced,TIMEOUT,28,1159.646,165139.149,,,6161,568863,5597,561635,159,53,,,,,,,false,
7426,starexec,SET817+4.p,e3-time_gensimplify-on,balanced,TIMEOUT,22,597.419,165364.041,,,7394,624493,7151,615041,80,20,,,,,,,false,
7426,starexec,SET964+1.p,e3-time_gensimplify-on,balanced,REFUTED,12,504.398,360.666,42.177,927.452,99,436,88,332,33,13,494,248471,1878,1509,13,false,false,
7426,starexec,SEU269+1.p,e3-time_gensimplify-on,balanced,TIMEOUT,51,704.535,165413.502,,,1321,785449,1292,782871,92,18,,,,,,,false,
7426,starexec,SEU427+4.p,e3-time_gensimplify-on,balanced,HARD_TIMEOUT,71107,0.000,,,,,,,,,,,,,,,,false,
7426,starexec,SEU440+4.p,e3-time_gensimplify-on,balanced,HARD_TIMEOUT,71133,0.000,,,,,,,,,,,,,,,,false,
7426,starexec,SEV522+1.p,e3-time_gensimplify-on,balanced,TIMEOUT,19,685.538,166451.526,,,6203,855775,5968,847189,96,32,,,,,,,false,
7426,starexec,SEV563+1.p,e3-time_gensimplify-on,balanced,TIMEOUT,25,578.990,165622.367,,,6332,442374,5742,433940,80,17,,,,,,,false,
7426,starexec,SEV569+1.p,e3-time_gensimplify-on,balanced,TIMEOUT,25,500.485,165212.506,,,5876,562704,4354,550591,80,17,,,,,,,false,
7426,starexec,SEV581+1.p,e3-time_gensimplify-on,balanced,TIMEOUT,25,520.578,165201.847,,,5046,990857,4549,978385,80,17,,,,,,,false,
7426,starexec,SEV606+1.p,e3-time_gensimplify-on,balanced,HARD_TIMEOUT,1727,0.000,,,,,,,,,,,,,,,,false,
7426,starexec,SEV607+1.p,e3-time_gensimplify-on,balanced,HARD_TIMEOUT,2360,0.000,,,,,,,,,,,,,,,,false,
7426,starexec,SEV608+1.p,e3-time_gensimplify-on,balanced,HARD_TIMEOUT,2867,0.000,,,,,,,,,,,,,,,,false,
7426,starexec,SEV609+1.p,e3-time_gensimplify-on,balanced,HARD_TIMEOUT,2900,0.000,,,,,,,,,,,,,,,,false,
7426,starexec,SEV610+1.p,e3-time_gensimplify-on,balanced,HARD_TIMEOUT,2777,0.000,,,,,,,,,,,,,,,,false,
7426,starexec,SEV612+1.p,e3-time_gensimplify-on,balanced,HARD_TIMEOUT,2852,0.000,,,,,,,,,,,,,,,,false,
7426,starexec,SEV616+1.p,e3-time_gensimplify-on,balanced,HARD_TIMEOUT,2862,0.000,,,,,,,,,,,,,,,,false,
7426,starexec,SEV618+1.p,e3-time_gensimplify-on,balanced,HARD_TIMEOUT,2435,0.000,,,,,,,,,,,,,,,,false,
7426,starexec,SEV620+1.p,e3-time_gensimplify-on,balanced,HARD_TIMEOUT,2723,0.000,,,,,,,,,,,,,,,,false,
7426,starexec,SEV621+1.p,e3-time_gensimplify-on,balanced,HARD_TIMEOUT,2708,0.000,,,,,,,,,,,,,,,,false,
7426,starexec,SEV622+1.p,e3-time_gensimplify-on,balanced,HARD_TIMEOUT,2761,0.000,,,,,,,,,,,,,,,,false,
7426,starexec,SEV625+1.p,e3-time_gensimplify-on,balanced,HARD_TIMEOUT,2847,0.000,,,,,,,,,,,,,,,,false,
7426,starexec,SEV626+1.p,e3-time_gensimplify-on,balanced,HARD_TIMEOUT,2838,0.000,,,,,,,,,,,,,,,,false,
7426,starexec,SEV627+1.p,e3-time_gensimplify-on,balanced,HARD_TIMEOUT,2813,0.000,,,,,,,,,,,,,,,,false,
7426,starexec,SEV629+1.p,e3-time_gensimplify-on,balanced,HARD_TIMEOUT,2962,0.000,,,,,,,,,,,,,,,,false,
7426,starexec,SEV630+1.p,e3-time_gensimplify-on,balanced,HARD_TIMEOUT,2559,0.000,,,,,,,,,,,,,,,,false,
7426,starexec,SEV631+1.p,e3-time_gensimplify-on,balanced,HARD_TIMEOUT,3117,0.000,,,,,,,,,,,,,,,,false,
7426,starexec,SEV634+1.p,e3-time_gensimplify-on,balanced,HARD_TIMEOUT,2534,0.000,,,,,,,,,,,,,,,,false,
7426,starexec,SEV636+1.p,e3-time_gensimplify-on,balanced,EXHAUSTED,2935,6578.926,246.233,,,0,0,0,0,7455,2111,,,,,,,false,StackOverflowError:  at Tuple4.hashCode:27
7426,starexec,SEV637+1.p,e3-time_gensimplify-on,balanced,HARD_TIMEOUT,2981,0.000,,,,,,,,,,,,,,,,false,
7426,starexec,SEV640+1.p,e3-time_gensimplify-on,balanced,HARD_TIMEOUT,2766,0.000,,,,,,,,,,,,,,,,false,
7426,starexec,SEV641+1.p,e3-time_gensimplify-on,balanced,HARD_TIMEOUT,3078,0.000,,,,,,,,,,,,,,,,false,
7426,starexec,SEV643+1.p,e3-time_gensimplify-on,balanced,HARD_TIMEOUT,2960,0.000,,,,,,,,,,,,,,,,false,
7426,starexec,SEV644+1.p,e3-time_gensimplify-on,balanced,HARD_TIMEOUT,2363,0.000,,,,,,,,,,,,,,,,false,
7426,starexec,SEV645+1.p,e3-time_gensimplify-on,balanced,HARD_TIMEOUT,1984,0.000,,,,,,,,,,,,,,,,false,
7426,starexec,SEV646+1.p,e3-time_gensimplify-on,balanced,HARD_TIMEOUT,3067,0.000,,,,,,,,,,,,,,,,false,
7426,starexec,SEV650+1.p,e3-time_gensimplify-on,balanced,HARD_TIMEOUT,3015,0.000,,,,,,,,,,,,,,,,false,
7426,starexec,SEV651+1.p,e3-time_gensimplify-on,balanced,HARD_TIMEOUT,2743,0.000,,,,,,,,,,,,,,,,false,
7426,starexec,SEV654+1.p,e3-time_gensimplify-on,balanced,HARD_TIMEOUT,3190,0.000,,,,,,,,,,,,,,,,false,
7426,starexec,SEV655+1.p,e3-time_gensimplify-on,balanced,HARD_TIMEOUT,3248,0.000,,,,,,,,,,,,,,,,false,
7426,starexec,SEV656+1.p,e3-time_gensimplify-on,balanced,HARD_TIMEOUT,3041,0.000,,,,,,,,,,,,,,,,false,
7426,starexec,SEV657+1.p,e3-time_gensimplify-on,balanced,HARD_TIMEOUT,3067,0.000,,,,,,,,,,,,,,,,false,
7426,starexec,SEV658+1.p,e3-time_gensimplify-on,balanced,HARD_TIMEOUT,3118,0.000,,,,,,,,,,,,,,,,false,
7426,starexec,SEV660+1.p,e3-time_gensimplify-on,balanced,HARD_TIMEOUT,2689,0.000,,,,,,,,,,,,,,,,false,
7426,starexec,SEV661+1.p,e3-time_gensimplify-on,balanced,HARD_TIMEOUT,2456,0.000,,,,,,,,,,,,,,,,false,
7426,starexec,SEV667+1.p,e3-time_gensimplify-on,balanced,HARD_TIMEOUT,2862,0.000,,,,,,,,,,,,,,,,false,
7426,starexec,SEV668+1.p,e3-time_gensimplify-on,balanced,HARD_TIMEOUT,2820,0.000,,,,,,,,,,,,,,,,false,
7426,starexec,SEV671+1.p,e3-time_gensimplify-on,balanced,HARD_TIMEOUT,2497,0.000,,,,,,,,,,,,,,,,false,
7426,starexec,SEV673+1.p,e3-time_gensimplify-on,balanced,HARD_TIMEOUT,2701,0.000,,,,,,,,,,,,,,,,false,
7426,starexec,SEV675+1.p,e3-time_gensimplify-on,balanced,HARD_TIMEOUT,3187,0.000,,,,,,,,,,,,,,,,false,
7426,starexec,SEV676+1.p,e3-time_gensimplify-on,balanced,HARD_TIMEOUT,3004,0.000,,,,,,,,,,,,,,,,false,
7426,starexec,SEV677+1.p,e3-time_gensimplify-on,balanced,HARD_TIMEOUT,3185,0.000,,,,,,,,,,,,,,,,false,
7426,starexec,SEV678+1.p,e3-time_gensimplify-on,balanced,HARD_TIMEOUT,2924,0.000,,,,,,,,,,,,,,,,false,
7426,starexec,SEV679+1.p,e3-time_gensimplify-on,balanced,HARD_TIMEOUT,3356,0.000,,,,,,,,,,,,,,,,false,
7426,starexec,SWB012+1.p,e3-time_gensimplify-on,balanced,TIMEOUT,559,2469.120,165125.175,,,8433,481127,8227,471060,1392,275,,,,,,,false,
7426,starexec,SWB013+2.p,e3-time_gensimplify-on,balanced,TIMEOUT,8,684.362,165359.447,,,4931,444966,4929,439836,62,19,,,,,,,false,
7426,starexec,SWB017+1.p,e3-time_gensimplify-on,balanced,HARD_TIMEOUT,559,0.000,,,,,,,,,,,,,,,,false,
7426,starexec,SWB020+1.p,e3-time_gensimplify-on,balanced,TIMEOUT,559,2632.880,164807.500,,,8296,451379,8187,441508,1394,278,,,,,,,false,
7426,starexec,SWB021+2.p,e3-time_gensimplify-on,balanced,REFUTED,7,999.451,2249.806,110.225,4169.503,712,4013,617,3054,78,17,752,1387239,3336,3856,8,false,false,
7426,starexec,SWB023+1.p,e3-time_gensimplify-on,balanced,TIMEOUT,559,2287.671,164991.427,,,8304,458538,8181,448645,1386,273,,,,,,,false,
7426,starexec,SWB027+1.p,e3-time_gensimplify-on,balanced,TIMEOUT,559,2247.351,165193.329,,,8193,463021,8091,453247,1385,274,,,,,,,false,
7426,starexec,SWB032+1.p,e3-time_gensimplify-on,balanced,TIMEOUT,558,2229.558,164826.980,,,8278,477590,8122,467705,1379,271,,,,,,,false,
7426,starexec,SWB040+1.p,e3-time_gensimplify-on,balanced,TIMEOUT,559,2233.854,164960.146,,,8292,496123,8202,486233,1382,271,,,,,,,false,
7426,starexec,SWB042+1.p,e3-time_gensimplify-on,balanced,TIMEOUT,559,2286.184,165130.316,,,9563,473640,9448,462516,1394,277,,,,,,,false,
7426,starexec,SWB046+1.p,e3-time_gensimplify-on,balanced,TIMEOUT,559,2185.183,164886.279,,,8599,547254,8524,535962,1384,273,,,,,,,false,
7426,starexec,SWB047+1.p,e3-time_gensimplify-on,balanced,TIMEOUT,559,2229.558,164955.744,,,8182,462049,8095,452299,1381,271,,,,,,,false,
7426,starexec,SWB053+1.p,e3-time_gensimplify-on,balanced,HARD_TIMEOUT,559,0.000,,,,,,,,,,,,,,,,false,
7426,starexec,SWB055+1.p,e3-time_gensimplify-on,balanced,TIMEOUT,559,2632.215,164816.424,,,9183,484114,8975,473058,1385,274,,,,,,,false,
7426,starexec,SWB063+1.p,e3-time_gensimplify-on,balanced,TIMEOUT,559,2198.681,164857.682,,,8435,486116,8344,476072,1385,273,,,,,,,false,
7426,starexec,SWB068+1.p,e3-time_gensimplify-on,balanced,TIMEOUT,559,2576.625,164888.254,,,9026,486111,8794,474959,1388,274,,,,,,,false,
7426,starexec,SWB073+1.p,e3-time_gensimplify-on,balanced,HARD_TIMEOUT,559,0.000,,,,,,,,,,,,,,,,false,
7426,starexec,SWB090+1.p,e3-time_gensimplify-on,balanced,TIMEOUT,559,2399.450,164761.796,,,8184,455857,8095,446115,1386,271,,,,,,,false,
7426,starexec,SWB091+1.p,e3-time_gensimplify-on,balanced,TIMEOUT,559,2287.516,164985.650,,,8391,480733,8274,470777,1392,275,,,,,,,false,
7426,starexec,SWB093+1.p,e3-time_gensimplify-on,balanced,TIMEOUT,559,2443.709,164812.440,,,8219,474681,8125,464881,1385,271,,,,,,,false,
7426,starexec,SWB095+1.p,e3-time_gensimplify-on,balanced,TIMEOUT,559,2524.926,164956.908,,,8240,475607,8151,465803,1386,271,,,,,,,false,
7426,starexec,SWB099+1.p,e3-time_gensimplify-on,balanced,TIMEOUT,559,2230.043,164992.755,,,8234,476764,8143,466976,1384,271,,,,,,,false,
7426,starexec,SWB103+1.p,e3-time_gensimplify-on,balanced,TIMEOUT,559,2267.646,164841.917,,,8433,467176,8309,457126,1393,273,,,,,,,false,
7426,starexec,SWC012+1.p,e3-time_gensimplify-on,balanced,REFUTED,95,1850.268,11703.396,56.943,17234.514,5866,102638,5801,96172,220,62,2724,5440219,11608,5088,96,false,false,
7426,starexec,SWV014+1.p,e3-time_gensimplify-on,balanced,REFUTED,28,442.693,270.229,51.241,365.147,63,79,61,38,38,0,286,16588,1575,227,29,false,false,
7426,starexec,SWV041+1.p,e3-time_gensimplify-on,balanced,REFUTED,99,1803.231,692.532,58.248,9523.698,204,948,185,743,178,42,1787,3051141,7596,3656,100,false,false,
7426,starexec,SWV114+1.p,e3-time_gensimplify-on,balanced,TIMEOUT,101,855.758,164990.799,,,8052,615793,7261,605475,199,52,,,,,,,false,
7426,starexec,SWV202+1.p,e3-time_gensimplify-on,balanced,TIMEOUT,91,870.316,165257.508,,,7598,549588,7229,539896,203,42,,,,,,,false,
7426,starexec,SWV203+1.p,e3-time_gensimplify-on,balanced,TIMEOUT,91,789.572,165505.899,,,7750,537362,7368,527424,203,42,,,,,,,false,
7426,starexec,SWV234+1.p,e3-time_gensimplify-on,balanced,TIMEOUT,25,334.397,165202.196,,,2475,529223,1995,518131,26,0,,,,,,,false,
7426,starexec,SWV234+2.p,e3-time_gensimplify-on,balanced,TIMEOUT,21,298.603,165164.384,,,821,1562172,793,1556832,22,0,,,,,,,false,
7426,starexec,SWV390+1.p,e3-time_gensimplify-on,balanced,REFUTED,42,629.159,476.092,48.930,774.914,102,306,100,188,55,6,578,103666,2824,461,43,false,false,
7426,starexec,SWV406+1.p,e3-time_gensimplify-on,balanced,REFUTED,41,884.708,13149.118,97.520,1773.618,1041,71471,717,69205,59,9,756,466582,3119,4101,42,false,false,
7426,starexec,SWV452+1.p,e3-time_gensimplify-on,balanced,TIMEOUT,66,722.789,165879.645,,,4576,482335,3981,472419,130,13,,,,,,,false,
7426,starexec,SWV453+1.p,e3-time_gensimplify-on,balanced,TIMEOUT,66,704.878,165119.965,,,4713,499863,3964,489777,130,13,,,,,,,false,
7426,starexec,SWV454+1.p,e3-time_gensimplify-on,balanced,TIMEOUT,66,728.173,165066.476,,,4032,497526,3669,489384,127,12,,,,,,,false,
7426,starexec,SWV467+1.p,e3-time_gensimplify-on,balanced,TIMEOUT,66,837.594,165130.554,,,4264,369117,3660,359281,139,14,,,,,,,false,
7426,starexec,SWV473+1.p,e3-time_gensimplify-on,balanced,TIMEOUT,66,775.825,165273.883,,,4108,315849,3861,307377,126,14,,,,,,,false,
7426,starexec,SWV474+1.p,e3-time_gensimplify-on,balanced,TIMEOUT,66,796.102,165138.934,,,4329,306847,4069,297885,132,14,,,,,,,false,
7426,starexec,SWV479+1.p,e3-time_gensimplify-on,balanced,TIMEOUT,66,937.840,165052.093,,,4606,359851,4177,348177,142,15,,,,,,,false,
7426,starexec,SWV487+3.p,e3-time_gensimplify-on,balanced,TIMEOUT,12,383.321,165109.295,,,4136,592759,3928,585925,23,3,,,,,,,false,
7426,starexec,SWV488+3.p,e3-time_gensimplify-on,balanced,REFUTED,12,461.829,271.419,34.462,475.131,24,58,19,35,24,3,240,39985,954,553,13,false,false,
7426,starexec,SWW102+1.p,e3-time_gensimplify-on,balanced,TIMEOUT,44,469.758,165549.109,,,2545,581675,2500,576753,89,12,,,,,,,false,
7426,starexec,SWW186+1.p,e3-time_gensimplify-on,balanced,TIMEOUT,1181,1863.706,164155.806,,,8074,820446,7517,800326,1568,29,,,,,,,false,
7426,starexec,SWW278+1.p,e3-time_gensimplify-on,balanced,TIMEOUT,1199,1685.989,163944.079,,,8502,886753,7648,867503,1586,36,,,,,,,false,
7426,starexec,SWW279+1.p,e3-time_gensimplify-on,balanced,TIMEOUT,1213,1806.764,164198.827,,,8037,821033,7537,803599,1647,38,,,,,,,false,
7426,starexec,SWW298+1.p,e3-time_gensimplify-on,balanced,HARD_TIMEOUT,5224,0.000,,,,,,,,,,,,,,,,false,
7426,starexec,SWW350+1.p,e3-time_gensimplify-on,balanced,HARD_TIMEOUT,5228,0.000,,,,,,,,,,,,,,,,false,
7426,starexec,SWW374+1.p,e3-time_gensimplify-on,balanced,HARD_TIMEOUT,5248,0.000,,,,,,,,,,,,,,,,false,
7426,starexec,SWW394+1.p,e3-time_gensimplify-on,balanced,HARD_TIMEOUT,5223,0.000,,,,,,,,,,,,,,,,false,
7426,starexec,SWW470+5.p,e3-time_gensimplify-on,balanced,REFUTED,162,3685.279,53066.320,123.910,16549.183,3025,310889,2716,305053,240,52,3202,13745644,21891,10205,163,false,false,
7426,starexec,SWW473+2.p,e3-time_gensimplify-on,balanced,HARD_TIMEOUT,916,0.000,,,,,,,,,,,,,,,,false,
7426,starexec,SWW473+6.p,e3-time_gensimplify-on,balanced,REFUTED,608,7823.796,5110.357,91.322,99174.253,1012,20449,870,19007,845,87,9085,37289902,56288,10957,609,false,false,
7426,starexec,SWW474+3.p,e3-time_gensimplify-on,balanced,TIMEOUT,1440,3039.976,164020.370,,,9428,667555,8607,652253,2284,309,,,,,,,false,
7426,starexec,SWW937+1.p,e3-time_gensimplify-on,balanced,TIMEOUT,28,776.644,165250.649,,,5072,852523,4815,845148,181,24,,,,,,,false,
7426,starexec,SWW961+1.p,e3-time_gensimplify-on,balanced,REFUTED,176,609.258,516.126,84.212,572.302,190,230,182,177,177,0,947,22877,2965,207,177,false,false,
7426,starexec,SWX051+1.p,e3-time_gensimplify-on,balanced,TIMEOUT,292,1599.585,164763.829,,,8670,587677,7850,573506,579,168,,,,,,,false,
7426,starexec,SWX185+1.p,e3-time_gensimplify-on,balanced,TIMEOUT,40,329.347,165161.506,,,1195,810215,1115,808138,41,0,,,,,,,false,
7426,starexec,SWX187+1.p,e3-time_gensimplify-on,balanced,REFUTED,16,392.378,15108.425,185.915,350.916,2065,32937,2012,28081,18,0,358,38580,1021,246,17,false,false,
7426,starexec,SWX189+1.p,e3-time_gensimplify-on,balanced,TIMEOUT,53,357.170,165211.899,,,3307,670284,3184,663018,54,0,,,,,,,false,
7426,starexec,SWX194+1.p,e3-time_gensimplify-on,balanced,TIMEOUT,71,413.987,165006.076,,,1861,768807,1775,765219,72,0,,,,,,,false,
7426,starexec,SWX197+1.p,e3-time_gensimplify-on,balanced,TIMEOUT,73,397.865,165639.960,,,2492,1123526,2400,1117394,74,0,,,,,,,false,
7426,starexec,SWX199+1.p,e3-time_gensimplify-on,balanced,REFUTED,12,326.470,3722.808,62.764,187.996,143,42916,106,42027,14,0,313,24745,764,138,13,false,false,
7426,starexec,SWX200+1.p,e3-time_gensimplify-on,balanced,REFUTED,15,356.394,191.657,23.707,150.238,16,23,14,19,19,0,161,7737,550,143,16,false,false,
7426,starexec,SWX201+1.p,e3-time_gensimplify-on,balanced,TIMEOUT,28,328.118,165569.251,,,1063,564586,1011,563030,30,0,,,,,,,false,
7426,starexec,SWX202+1.p,e3-time_gensimplify-on,balanced,TIMEOUT,28,358.417,165237.972,,,1298,447667,1264,445691,30,0,,,,,,,false,
7426,starexec,SWX203+1.p,e3-time_gensimplify-on,balanced,REFUTED,21,397.198,4791.285,145.145,430.709,1394,8235,935,5686,29,0,517,31883,1041,143,22,false,false,
7426,starexec,SWX209+1.p,e3-time_gensimplify-on,balanced,TIMEOUT,49,365.238,165775.858,,,2154,609829,1918,606015,56,0,,,,,,,false,
7426,starexec,SWX210+1.p,e3-time_gensimplify-on,balanced,TIMEOUT,49,365.797,165075.125,,,2550,610607,2331,605797,56,0,,,,,,,false,
7426,starexec,SWX211+1.p,e3-time_gensimplify-on,balanced,TIMEOUT,49,362.034,166845.680,,,2279,602295,1937,598113,56,0,,,,,,,false,
7426,starexec,SWX212+1.p,e3-time_gensimplify-on,balanced,TIMEOUT,49,346.988,165387.124,,,3362,621472,3079,616426,57,0,,,,,,,false,
7426,starexec,SWX217+1.p,e3-time_gensimplify-on,balanced,TIMEOUT,23,281.407,165529.437,,,5226,1150700,4546,1140461,25,0,,,,,,,false,
7426,starexec,SWX219+1.p,e3-time_gensimplify-on,balanced,REFUTED,31,451.635,21394.550,76.093,375.087,7632,18050,7573,10346,36,0,343,18031,1249,181,32,false,false,
7426,starexec,SWX220+1.p,e3-time_gensimplify-on,balanced,REFUTED,31,423.824,8069.437,70.641,347.201,3551,8507,3541,4921,36,0,349,19353,1294,194,32,false,false,
7426,starexec,SWX221+1.p,e3-time_gensimplify-on,balanced,REFUTED,35,415.263,5092.665,60.505,357.925,2730,5269,2716,2529,43,0,408,24485,1516,181,36,false,false,
7426,starexec,SWX222+1.p,e3-time_gensimplify-on,balanced,REFUTED,35,428.463,616.983,57.101,349.272,225,351,218,126,43,0,339,15785,1318,181,36,false,false,
7426,starexec,SWX223+1.p,e3-time_gensimplify-on,balanced,REFUTED,35,426.089,863.385,78.497,371.574,366,672,359,304,43,0,390,21822,1444,181,36,false,false,
7426,starexec,SWX224+1.p,e3-time_gensimplify-on,balanced,REFUTED,31,425.280,1247.314,78.255,357.969,673,1435,665,747,36,0,322,15887,1209,181,32,false,false,
7426,starexec,SWX240_1.p,e3-time_gensimplify-on,balanced,REFUTED,56,319.115,5578.917,61.342,288.237,817,47962,738,46672,70,0,648,35783,2116,136,57,false,false,
7426,starexec,SWX241_1.p,e3-time_gensimplify-on,balanced,TIMEOUT,64,406.959,165201.750,,,6472,452986,5774,436540,79,0,,,,,,,false,
7426,starexec,SYN076+1.p,e3-time_gensimplify-on,balanced,TIMEOUT,1,536.433,166717.988,,,190,32595,189,32314,48,16,,,,,,,false,
7426,starexec,SYN077+1.p,e3-time_gensimplify-on,balanced,REFUTED,1,527.225,335.818,49.482,700.764,54,71,36,16,9,6,241,63879,670,637,2,false,false,
7426,starexec,SYN353+1.p,e3-time_gensimplify-on,balanced,REFUTED,0,639.483,360.258,58.425,2357.898,74,127,33,30,21,2,213,271179,801,11878,1,false,false,
7426,starexec,SYN986+1.004.p,e3-time_gensimplify-on,balanced,EXHAUSTED,2,304.465,422.134,,,0,0,0,0,3,0,,,,,,,false,StackOverflowError:  at Core$Trail$Applier.apply:975
7426,starexec,SYO525+1.018.p,e3-time_gensimplify-on,balanced,TIMEOUT,29,629.060,164849.086,,,51965,51975,51965,30,30,0,,,,,,,false,
7426,starexec,SYO525+1.021.p,e3-time_gensimplify-on,balanced,TIMEOUT,29,573.138,164991.065,,,52714,52721,52714,30,30,0,,,,,,,false,
7426,starexec,SYO525+1.024.p,e3-time_gensimplify-on,balanced,TIMEOUT,29,625.120,165032.597,,,50821,50825,50821,30,30,0,,,,,,,false,
7426,starexec,SYO525+1.027.p,e3-time_gensimplify-on,balanced,TIMEOUT,29,370.997,165240.975,,,50666,50667,50666,30,30,0,,,,,,,false,
7426,starexec,SYO525+1.030.p,e3-time_gensimplify-on,balanced,TIMEOUT,32,595.049,164893.194,,,42558,42559,42558,33,33,0,,,,,,,false,
7426,starexec,SYO605+1.p,e3-time_gensimplify-on,balanced,REFUTED,4,821.876,3050.966,139.072,2910.917,1992,9360,1112,5230,48,14,898,1037563,1969,2212,5,false,false,
7426,starexec,TOP020+1.p,e3-time_gensimplify-on,balanced,TIMEOUT,8,487.832,165163.914,,,18936,157706,18262,136724,27,11,,,,,,,false,
7426,starexec,TOP029+1.p,e3-time_gensimplify-on,balanced,TIMEOUT,108,812.511,164894.482,,,17200,209291,15965,177088,306,48,,,,,,,false,
7426,starexec,TOP046+3.p,e3-time_gensimplify-on,balanced,HARD_TIMEOUT,18710,0.000,,,,,,,,,,,,,,,,false,
7426,starexec,AGT007+2.p,e3-time_index-off,balanced,TIMEOUT,922,809.804,164482.927,,,37887,6167483,37634,6116975,1022,13,,,,,,,false,
7426,starexec,AGT022+1.p,e3-time_index-off,balanced,REFUTED,555,1174.623,161451.858,59.518,3592.281,40440,200245,34006,145836,655,13,3040,1751264,4737,869,556,false,false,
7426,starexec,ALG040+1.p,e3-time_index-off,balanced,REFUTED,4,408.940,976.717,49.637,321.388,928,7216,919,6132,12,2,219,40643,602,388,5,false,false,
7426,starexec,ALG213+1.p,e3-time_index-off,balanced,TIMEOUT,4,225.909,165542.988,,,1502,16381492,1374,16372740,5,5,,,,,,,false,
7426,starexec,BIO006+1.p,e3-time_index-off,balanced,PARSE_ERR,,0.000,,,,,,,,,,,,,,,,false,StackOverflowError
7426,starexec,COM008+1.p,e3-time_index-off,balanced,TIMEOUT,10,345.936,165991.736,,,15909,9514452,15638,9490983,15,3,,,,,,,false,
7426,starexec,COM008+2.p,e3-time_index-off,balanced,TIMEOUT,8,349.918,165174.026,,,16341,6642148,15159,6611088,13,3,,,,,,,false,
7426,starexec,COM131+1.p,e3-time_index-off,balanced,TIMEOUT,59,1289.670,164913.040,,,18056,8236239,17457,8207021,157,95,,,,,,,false,
7426,starexec,COM136+1.p,e3-time_index-off,balanced,REFUTED,56,3624.517,1080.448,100.588,22373.881,544,2432,452,1719,152,94,2939,13637390,17792,9820,57,false,false,
7426,starexec,COM139+1.p,e3-time_index-off,balanced,HARD_TIMEOUT,55,0.000,,,,,,,,,,,,,,,,false,
7426,starexec,CSR005+2.p,e3-time_index-off,balanced,TIMEOUT,55,640.987,165089.332,,,40361,8544100,37727,8434608,120,18,,,,,,,false,
7426,starexec,CSR021+1.p,e3-time_index-off,balanced,REFUTED,47,1115.144,1966.149,78.554,4949.139,1183,25392,1156,21337,137,21,1040,664001,4515,1464,48,false,false,
7426,starexec,CSR022+1.p,e3-time_index-off,balanced,REFUTED,47,1106.466,2050.520,79.203,5120.093,1182,24945,1163,21033,137,21,1037,662932,4511,1464,48,false,false,
7426,starexec,CSR025+5.p,e3-time_index-off,balanced,HARD_TIMEOUT,540249,0.000,,,,,,,,,,,,,,,,false,
7426,starexec,CSR030+3.p,e3-time_index-off,balanced,REFUTED,8005,3159.159,51181.499,147.419,5506.214,30323,85148,29204,44547,8007,0,44051,1238415,103763,89,8006,false,false,
7426,starexec,CSR033+3.p,e3-time_index-off,balanced,REFUTED,8005,3195.718,51522.839,95.455,4727.591,34402,182764,33754,134864,8007,0,44079,1339440,103767,89,8006,false,false,
7426,starexec,CSR036+5.p,e3-time_index-off,balanced,HARD_TIMEOUT,540249,0.000,,,,,,,,,,,,,,,,false,
7426,starexec,CSR038+4.p,e3-time_index-off,balanced,HARD_TIMEOUT,44216,0.000,,,,,,,,,,,,,,,,false,
7426,starexec,CSR042+3.p,e3-time_index-off,balanced,REFUTED,8005,2568.064,8818.308,138.465,3860.056,11322,20411,11258,8007,8007,0,44041,1238170,103750,89,8006,false,false,
7426,starexec,CSR044+3.p,e3-time_index-off,balanced,REFUTED,8005,3092.472,45961.975,156.983,5605.355,28869,83415,28433,44500,8007,0,44067,1439544,103800,89,8006,false,false,
7426,starexec,CSR045+3.p,e3-time_index-off,balanced,REFUTED,8005,1922.596,2439.488,90.578,3474.408,5306,11024,5302,8006,8006,0,44064,1004693,103756,89,8006,false,false,
7426,starexec,CSR048+3.p,e3-time_index-off,balanced,REFUTED,8005,3049.632,45647.662,132.877,5192.114,29094,83500,28899,44435,8007,0,44043,1238212,103749,89,8006,false,false,
7426,starexec,CSR050+5.p,e3-time_index-off,balanced,HARD_TIMEOUT,540249,0.000,,,,,,,,,,,,,,,,false,
7426,starexec,CSR052+3.p,e3-time_index-off,balanced,TIMEOUT,8005,2464.001,163761.933,,,63264,298603,58937,187343,8007,0,,,,,,,false,
7426,starexec,CSR054+3.p,e3-time_index-off,balanced,REFUTED,8005,3119.401,3911.188,159.490,5558.153,5183,10962,5179,8007,8007,0,44037,1438507,103741,89,8006,false,false,
7426,starexec,CSR056+3.p,e3-time_index-off,balanced,REFUTED,8005,2833.270,41352.543,86.111,3524.511,29030,83603,28551,44412,8007,0,44057,1238544,103754,89,8006,false,false,
7426,starexec,CSR058+3.p,e3-time_index-off,balanced,REFUTED,8005,3171.631,1342.060,147.324,5643.538,689,8015,689,8007,8007,0,44037,1438501,103742,89,8006,false,false,
7426,starexec,CSR066+5.p,e3-time_index-off,balanced,HARD_TIMEOUT,540249,0.000,,,,,,,,,,,,,,,,false,
7426,starexec,CSR067+3.p,e3-time_index-off,balanced,REFUTED,8005,3256.933,9517.503,192.960,6024.540,11314,20399,11250,8007,8007,0,44041,1238170,103750,89,8006,false,false,
7426,starexec,CSR113+13.p,e3-time_index-off,balanced,TIMEOUT,10188,2205.806,163855.344,,,53770,264297,53732,210478,10593,79,,,,,,,false,
7426,starexec,CSR113+30.p,e3-time_index-off,balanced,TIMEOUT,10188,1817.904,163770.015,,,50767,319358,50751,268546,10559,79,,,,,,,false,
7426,starexec,CSR113+4.p,e3-time_index-off,balanced,TIMEOUT,10188,2179.547,164104.932,,,52630,320349,52615,267682,10564,79,,,,,,,false,
7426,starexec,CSR114+8.p,e3-time_index-off,balanced,TIMEOUT,10188,2200.503,164086.173,,,53771,327526,53756,273710,10478,79,,,,,,,false,
7426,starexec,CSR115+8.p,e3-time_index-off,balanced,TIMEOUT,10188,2292.221,163836.164,,,54628,273318,54621,218672,10631,79,,,,,,,false,
7426,starexec,CSR116+10.p,e3-time_index-off,balanced,TIMEOUT,10188,1473.978,164561.500,,,66048,401809,66036,335749,10739,79,,,,,,,false,
7426,starexec,CSR116+13.p,e3-time_index-off,balanced,REFUTED,10188,29105.149,13173.115,226.248,89100.998,13701,107063,13541,93354,10594,79,53838,134029576,54000,6739,10189,false,false,
7426,starexec,CSR116+19.p,e3-time_index-off,balanced,REFUTED,10188,15894.068,14979.389,108.386,86479.324,17855,144362,16353,126485,10671,79,53915,134412551,54325,7335,10189,false,false,
7426,starexec,CSR116+3.p,e3-time_index-off,balanced,TIMEOUT,10188,2126.289,164002.316,,,55819,274420,55711,218505,10689,79,,,,,,,false,
7426,starexec,CSR116+38.p,e3-time_index-off,balanced,TIMEOUT,10188,2099.399,163849.602,,,53354,331766,53351,278390,10654,79,,,,,,,false,
7426,starexec,CSR116+8.p,e3-time_index-off,balanced,TIMEOUT,10188,2140.842,163927.389,,,55229,280653,55214,225407,10748,79,,,,,,,false,
7426,starexec,CSR117+1.p,e3-time_index-off,balanced,REFUTED,268,901.915,1327.524,94.057,1698.560,856,1354,843,624,270,17,1632,440423,2138,563,269,false,false,
7426,starexec,CSR208+1.p,e3-time_index-off,balanced,HARD_TIMEOUT,7432,0.000,,,,,,,,,,,,,,,,false,
7426,starexec,GEO085+1.p,e3-time_index-off,balanced,REFUTED,16,807.334,318.266,66.037,1784.357,65,126,61,58,56,17,684,329282,2900,1406,17,false,false,
7426,starexec,GEO087+1.p,e3-time_index-off,balanced,REFUTED,16,546.647,292.462,20.516,1163.917,105,245,102,124,56,19,691,336523,2894,1417,17,false,false,
7426,starexec,GEO089+1.p,e3-time_index-off,balanced,TIMEOUT,16,592.849,165175.769,,,19565,12737360,18934,12688578,57,19,,,,,,,false,
7426,starexec,GEO093+1.p,e3-time_index-off,balanced,REFUTED,16,889.995,3478.491,61.895,2325.601,1363,97552,1327,95198,59,20,771,465317,3094,1585,17,false,false,
7426,starexec,GEO095+1.p,e3-time_index-off,balanced,TIMEOUT,16,624.887,165194.373,,,17131,13741722,14537,13675238,57,19,,,,,,,false,
7426,starexec,GEO111+1.p,e3-time_index-off,balanced,REFUTED,17,1002.679,4146.852,73.918,2828.533,1274,122284,1234,120014,64,22,827,594367,3583,1819,18,false,false,
7426,starexec,GEO117+1.p,e3-time_index-off,balanced,REFUTED,27,1261.071,1137.341,44.054,5069.676,575,6687,474,5847,113,34,1255,1095974,5908,2245,28,false,false,
7426,starexec,GEO138+1.p,e3-time_index-off,balanced,TIMEOUT,27,717.013,165165.409,,,18627,13438807,18065,13399389,116,36,,,,,,,false,
7426,starexec,GEO260+1.p,e3-time_index-off,balanced,REFUTED,31,721.971,20832.376,102.607,1512.987,5401,1886051,4611,1873779,70,7,804,325407,2515,864,32,false,false,
7426,starexec,GEO274+1.p,e3-time_index-off,balanced,TIMEOUT,116,1623.850,164515.358,,,32740,1957965,32675,1917798,265,57,,,,,,,false,
7426,starexec,GEO277+1.p,e3-time_index-off,balanced,TIMEOUT,126,1948.355,164750.094,,,43201,824349,37629,768913,279,57,,,,,,,false,
7426,starexec,GEO282+1.p,e3-time_index-off,balanced,REFUTED,123,3541.509,1864.391,103.419,23868.947,1106,2528,1077,1358,284,55,4834,7157468,36079,13064,124,false,false,
7426,starexec,GEO285+1.p,e3-time_index-off,balanced,REFUTED,132,3245.792,2401.849,93.772,23964.419,1876,8354,1740,6314,298,56,4839,7395835,36348,13064,133,false,false,
7426,starexec,GEO298+1.p,e3-time_index-off,balanced,TIMEOUT,157,1835.385,164710.972,,,34470,2353519,34026,2306970,321,63,,,,,,,false,
7426,starexec,GEO306+1.p,e3-time_index-off,balanced,TIMEOUT,126,1688.764,164644.206,,,40352,1146914,39872,1094309,289,60,,,,,,,false,
7426,starexec,GEO307+1.p,e3-time_index-off,balanced,TIMEOUT,145,1845.370,164676.610,,,34414,1666718,34317,1620651,308,60,,,,,,,false,
7426,starexec,GEO308+1.p,e3-time_index-off,balanced,TIMEOUT,146,1693.300,164665.368,,,38544,1184329,38002,1134799,309,60,,,,,,,false,
7426,starexec,GEO310+1.p,e3-time_index-off,balanced,TIMEOUT,148,1650.681,164668.105,,,38040,1836126,37690,1783703,311,60,,,,,,,false,
7426,starexec,GEO321+1.p,e3-time_index-off,balanced,TIMEOUT,177,1845.923,164612.467,,,41891,1267936,39940,1214056,340,60,,,,,,,false,
7426,starexec,GEO323+1.p,e3-time_index-off,balanced,TIMEOUT,179,1855.412,164675.920,,,39225,2467530,38059,2414431,342,60,,,,,,,false,
7426,starexec,GEO328+1.p,e3-time_index-off,balanced,TIMEOUT,185,1660.781,164613.840,,,47003,772266,46261,711938,348,60,,,,,,,false,
7426,starexec,GEO330+1.p,e3-time_index-off,balanced,TIMEOUT,187,1853.939,164677.126,,,38091,3573096,36421,3521762,350,60,,,,,,,false,
7426,starexec,GEO331+1.p,e3-time_index-off,balanced,REFUTED,125,2229.245,1284.282,73.350,14735.743,1023,3609,987,2556,279,60,5297,7952486,40539,13064,126,false,false,
7426,starexec,GEO337+1.p,e3-time_index-off,balanced,TIMEOUT,129,1875.974,164699.047,,,43340,966393,42819,908299,283,60,,,,,,,false,
7426,starexec,GEO343+1.p,e3-time_index-off,balanced,TIMEOUT,124,1918.407,164688.840,,,39320,807477,39178,757484,292,61,,,,,,,false,
7426,starexec,GEO349+1.p,e3-time_index-off,balanced,TIMEOUT,130,1685.848,164608.704,,,43787,895454,43045,838016,302,66,,,,,,,false,
7426,starexec,GEO351+1.p,e3-time_index-off,balanced,TIMEOUT,136,1700.018,164687.748,,,38360,914359,37696,864082,311,69,,,,,,,false,
7426,starexec,GEO480+1.p,e3-time_index-off,balanced,HARD_TIMEOUT,3634,0.000,,,,,,,,,,,,,,,,false,
7426,starexec,GEO491+1.p,e3-time_index-off,balanced,TIMEOUT,44,578.879,164879.215,,,25825,9002201,24517,8949555,75,6,,,,,,,false,
7426,starexec,GEO494+1.p,e3-time_index-off,balanced,REFUTED,66,939.686,42683.388,112.741,1389.758,10342,2779074,9691,2758188,101,6,1011,264698,7237,675,67,false,false,
7426,starexec,GEO498+1.p,e3-time_index-off,balanced,REFUTED,109,947.781,467.632,56.441,1313.217,75,267,72,182,162,4,1331,237862,10578,618,110,false,false,
7426,starexec,GEO501+1.p,e3-time_index-off,balanced,TIMEOUT,122,760.702,166499.988,,,29060,13664569,27081,13601175,179,5,,,,,,,false,
7426,starexec,GEO504+1.p,e3-time_index-off,balanced,REFUTED,130,961.955,1569.880,91.099,1563.609,716,12977,677,11709,191,3,1625,217857,12823,791,131,false,false,
7426,starexec,GEO513+1.p,e3-time_index-off,balanced,TIMEOUT,172,912.417,164694.473,,,31542,10283765,28140,10218381,265,5,,,,,,,false,
7426,starexec,GEO514+1.p,e3-time_index-off,balanced,TIMEOUT,173,912.061,164724.784,,,27717,10889413,25961,10828271,264,4,,,,,,,false,
7426,starexec,GEO517+1.p,e3-time_index-off,balanced,TIMEOUT,180,997.891,166838.693,,,36330,9609982,35296,9534302,277,8,,,,,,,false,
7426,starexec,GEO520+1.p,e3-time_index-off,balanced,TIMEOUT,193,1027.655,164685.891,,,28167,9451576,27255,9397126,287,5,,,,,,,false,
7426,starexec,GEO523+1.p,e3-time_index-off,balanced,REFUTED,200,1354.758,161429.447,86.432,1972.135,23731,10174382,19220,10130402,294,4,2469,487025,22063,983,201,false,false,
7426,starexec,GEO526+1.p,e3-time_index-off,balanced,TIMEOUT,209,1039.038,164689.584,,,29236,9106000,27947,9042706,307,5,,,,,,,false,
7426,starexec,GEO528+1.p,e3-time_index-off,balanced,REFUTED,212,1495.091,44512.403,112.293,2119.859,12805,2694880,12042,2660253,307,4,2727,599856,23275,983,213,false,false,
7426,starexec,GEO535+1.p,e3-time_index-off,balanced,TIMEOUT,227,1138.349,164669.352,,,31757,13449735,30043,13382323,335,6,,,,,,,false,
7426,starexec,GRA005+1.p,e3-time_index-off,balanced,REFUTED,17,947.127,370.785,59.382,3533.877,94,140,93,78,83,21,844,566297,3819,2303,18,false,false,
7426,starexec,GRA008+1.p,e3-time_index-off,balanced,TIMEOUT,17,615.233,165162.702,,,62992,5656400,61102,5536065,83,20,,,,,,,false,
7426,starexec,GRP652+2.p,e3-time_index-off,balanced,HARD_TIMEOUT,5675,0.000,,,,,,,,,,,,,,,,false,
7426,starexec,GRP654+1.p,e3-time_index-off,balanced,TIMEOUT,5,184.169,166347.407,,,491,2030098,370,2026652,6,1,,,,,,,false,
7426,starexec,GRP655+3.p,e3-time_index-off,balanced,TIMEOUT,5,261.336,165616.494,,,1087,3293703,739,3290171,6,2,,,,,,,false,
7426,starexec,GRP748+1.p,e3-time_index-off,balanced,TIMEOUT,11,376.265,167850.560,,,1549,5024787,1192,5019669,15,12,,,,,,,false,
7426,starexec,HWV051+1.p,e3-time_index-off,balanced,TIMEOUT,724,933.960,164641.886,,,92002,515357,88460,350850,919,5,,,,,,,false,
7426,starexec,ITP002+2.p,e3-time_index-off,balanced,TIMEOUT,33,603.781,165057.323,,,24679,1078268,24549,1053235,58,9,,,,,,,false,
7426,starexec,ITP004+1.p,e3-time_index-off,balanced,TIMEOUT,30,527.442,164973.936,,,3294,9970011,3158,9951555,56,6,,,,,,,false,
7426,starexec,ITP004+4.p,e3-time_index-off,balanced,HARD_TIMEOUT,3173,0.000,,,,,,,,,,,,,,,,false,
7426,starexec,ITP006+2.p,e3-time_index-off,balanced,TIMEOUT,51,845.663,165007.729,,,28865,14746003,22697,14685960,243,40,,,,,,,false,
7426,starexec,ITP006+4.p,e3-time_index-off,balanced,HARD_TIMEOUT,5652,0.000,,,,,,,,,,,,,,,,false,
7426,starexec,ITP009+2.p,e3-time_index-off,balanced,TIMEOUT,36,964.060,164993.381,,,26839,2347080,26677,2314085,99,18,,,,,,,false,
7426,starexec,ITP012+4.p,e3-time_index-off,balanced,HARD_TIMEOUT,14071,0.000,,,,,,,,,,,,,,,,false,
7426,starexec,ITP012+5.p,e3-time_index-off,balanced,HARD_TIMEOUT,10256,0.000,,,,,,,,,,,,,,,,false,
7426,starexec,ITP013+1.p,e3-time_index-off,balanced,TIMEOUT,45,463.137,165544.404,,,1240,3650277,1202,3644817,108,8,,,,,,,false,
7426,starexec,ITP018+5.p,e3-time_index-off,balanced,HARD_TIMEOUT,16278,0.000,,,,,,,,,,,,,,,,false,
7426,starexec,ITP020+2.p,e3-time_index-off,balanced,REFUTED,62,2085.936,5638.383,67.878,33845.077,3376,111084,2970,104476,293,55,2558,2950720,10988,2968,63,false,false,
7426,starexec,ITP020+4.p,e3-time_index-off,balanced,HARD_TIMEOUT,25152,0.000,,,,,,,,,,,,,,,,false,
7426,starexec,ITP023+2.p,e3-time_index-off,balanced,HARD_TIMEOUT,58,0.000,,,,,,,,,,,,,,,,false,
7426,starexec,KLE100+1.p,e3-time_index-off,balanced,TIMEOUT,26,359.446,165079.903,,,3527,10758342,2887,10735326,29,3,,,,,,,false,
7426,starexec,KLE169+1.p,e3-time_index-off,balanced,TIMEOUT,17,298.094,165211.753,,,2740,11912447,2623,11880311,19,0,,,,,,,false,
7426,starexec,KLE170+1.002.p,e3-time_index-off,balanced,TIMEOUT,16,304.883,165236.213,,,2401,12463584,2285,12439192,18,0,,,,,,,false,
7426,starexec,KRS187+1.p,e3-time_index-off,balanced,REFUTED,32,1816.164,75111.491,44.810,11005.410,13223,9897406,12009,9861216,129,74,2138,2391295,6027,2717,33,false,false,
7426,starexec,KRS190+1.p,e3-time_index-off,balanced,REFUTED,32,1546.377,54142.379,38.231,9858.717,12523,9368628,11333,9333644,129,74,2138,2391295,6027,2717,33,false,false,
7426,starexec,KRS192+1.p,e3-time_index-off,balanced,TIMEOUT,32,763.164,165166.352,,,23966,23218111,22177,23147555,129,74,,,,,,,false,
7426,starexec,KRS195+1.p,e3-time_index-off,balanced,REFUTED,32,1667.884,77115.644,41.945,11986.545,13657,10307985,12426,10270949,129,74,2138,2391295,6028,2717,33,false,false,
7426,starexec,KRS196+1.p,e3-time_index-off,balanced,REFUTED,32,1470.887,64520.817,47.303,12583.010,12685,9450237,11494,9415041,129,74,2138,2391295,6026,2717,33,false,false,
7426,starexec,KRS216+1.p,e3-time_index-off,balanced,REFUTED,32,1808.028,101426.336,57.658,8373.852,16681,14203066,15062,14155664,129,74,2227,2590026,6129,2717,33,false,false,
7426,starexec,KRS233+1.p,e3-time_index-off,balanced,TIMEOUT,32,779.627,165120.194,,,23667,23048098,21724,22983138,129,74,,,,,,,false,
7426,starexec,KRS234+1.p,e3-time_index-off,balanced,REFUTED,32,1779.156,57403.937,62.687,11397.239,10635,8184479,9808,8153028,129,74,2165,2451610,6054,2717,33,false,false,
7426,starexec,KRS251+1.p,e3-time_index-off,balanced,TIMEOUT,32,533.375,165435.037,,,30016,30283543,27695,30183551,129,74,,,,,,,false,
7426,starexec,KRS261+1.p,e3-time_index-off,balanced,TIMEOUT,32,784.971,165184.826,,,23147,22901457,20984,22838675,129,74,,,,,,,false,
7426,starexec,KRS262+1.p,e3-time_index-off,balanced,REFUTED,32,1850.205,8887.559,35.349,10511.545,2888,959144,2844,952758,129,74,2143,2402369,6026,2717,33,false,false,
7426,starexec,LAT258+1.p,e3-time_index-off,balanced,TIMEOUT,17,366.426,165142.422,,,32517,19030227,30041,18915171,23,1,,,,,,,false,
7426,starexec,LAT287+3.p,e3-time_index-off,balanced,HARD_TIMEOUT,12371,0.000,,,,,,,,,,,,,,,,false,
7426,starexec,LAT303+4.p,e3-time_index-off,balanced,HARD_TIMEOUT,34684,0.000,,,,,,,,,,,,,,,,false,
7426,starexec,LAT305+3.p,e3-time_index-off,balanced,HARD_TIMEOUT,13616,0.000,,,,,,,,,,,,,,,,false,
7426,starexec,LAT351+3.p,e3-time_index-off,balanced,HARD_TIMEOUT,17808,0.000,,,,,,,,,,,,,,,,false,
7426,starexec,LCL062+2.p,e3-time_index-off,balanced,TIMEOUT,2,290.159,165224.389,,,11333,11311119,10552,11234585,3,0,,,,,,,false,
7426,starexec,LCL073+1.p,e3-time_index-off,balanced,TIMEOUT,2,306.282,165419.412,,,8440,14225112,7765,13991786,3,3,,,,,,,false,
7426,starexec,LCL109+1.p,e3-time_index-off,balanced,TIMEOUT,5,172.040,165430.382,,,10566,16003872,10059,15965098,6,0,,,,,,,false,
7426,starexec,LCL368+1.p,e3-time_index-off,balanced,REFUTED,4,323.048,19515.618,78.207,163.261,3993,1560678,3726,1549562,5,0,164,9316,420,103,5,false,false,
7426,starexec,LCL368+2.p,e3-time_index-off,balanced,REFUTED,2,319.529,96339.903,44.761,140.387,8841,7431462,8103,7370188,3,0,127,15446,1067,971,3,false,false,
7426,starexec,LCL369+1.p,e3-time_index-off,balanced,TIMEOUT,4,257.030,165254.927,,,12670,13195268,11887,13155194,5,0,,,,,,,false,
7426,starexec,LCL369+2.p,e3-time_index-off,balanced,TIMEOUT,2,270.605,165231.163,,,11705,11635364,10747,11557188,3,0,,,,,,,false,
7426,starexec,LCL370+1.p,e3-time_index-off,balanced,REFUTED,4,348.510,126655.664,99.949,191.668,10963,9832315,10585,9798171,5,0,228,11265,534,91,5,false,false,
7426,starexec,LCL372+2.p,e3-time_index-off,balanced,TIMEOUT,2,278.396,165179.577,,,11549,11793382,10622,11708210,3,0,,,,,,,false,
7426,starexec,LCL373+2.p,e3-time_index-off,balanced,TIMEOUT,2,193.498,165447.190,,,14318,17052222,13329,16948590,3,0,,,,,,,false,
7426,starexec,LCL374+1.p,e3-time_index-off,balanced,REFUTED,4,341.429,160530.387,100.413,176.546,12444,12827939,11707,12788455,5,0,243,14134,564,103,5,false,false,
7426,starexec,LCL375+1.p,e3-time_index-off,balanced,TIMEOUT,4,247.088,165241.272,,,12290,12729634,11710,12689754,5,0,,,,,,,false,
7426,starexec,LCL382+1.p,e3-time_index-off,balanced,REFUTED,4,324.254,126551.403,82.965,207.421,11009,9924925,10644,9890761,5,0,198,9699,485,92,5,false,false,
7426,starexec,LCL382+2.p,e3-time_index-off,balanced,TIMEOUT,2,272.767,165240.785,,,11221,11453634,10472,11369160,3,0,,,,,,,false,
7426,starexec,LCL383+1.p,e3-time_index-off,balanced,REFUTED,4,368.588,145716.627,94.676,168.107,11767,11391418,11305,11354234,5,0,218,12624,515,103,5,false,false,
7426,starexec,LCL390+2.p,e3-time_index-off,balanced,TIMEOUT,2,270.555,165216.164,,,14353,17291204,13313,17187454,3,0,,,,,,,false,
7426,starexec,LCL391+2.p,e3-time_index-off,balanced,TIMEOUT,2,178.008,167200.411,,,11948,12538251,11199,12451099,3,0,,,,,,,false,
7426,starexec,LCL392+2.p,e3-time_index-off,balanced,TIMEOUT,2,272.654,165269.910,,,11529,11751223,10591,11666329,3,0,,,,,,,false,
7426,starexec,LCL393+1.p,e3-time_index-off,balanced,TIMEOUT,4,238.275,165245.690,,,13267,14441866,12655,14399262,5,0,,,,,,,false,
7426,starexec,LCL393+2.p,e3-time_index-off,balanced,TIMEOUT,2,284.601,165232.456,,,11705,11673229,10732,11595041,3,0,,,,,,,false,
7426,starexec,LCL395+1.p,e3-time_index-off,balanced,TIMEOUT,4,238.000,165220.857,,,12604,13174390,12041,13133304,5,0,,,,,,,false,
7426,starexec,LCL395+2.p,e3-time_index-off,balanced,TIMEOUT,2,271.619,165238.346,,,11398,11274356,10529,11196796,3,0,,,,,,,false,
7426,starexec,LCL484+1.p,e3-time_index-off,balanced,REFUTED,44,1259.725,505.326,52.199,5585.161,119,264,108,138,74,55,1400,1190894,2945,1818,45,false,false,
7426,starexec,LCL556+1.p,e3-time_index-off,balanced,HARD_TIMEOUT,76,0.000,,,,,,,,,,,,,,,,false,
7426,starexec,LCL638+1.020.p,e3-time_index-off,balanced,HARD_TIMEOUT,0,0.000,,,,,,,,,,,,,,,,false,
7426,starexec,LCL646+1.010.p,e3-time_index-off,balanced,TIMEOUT,0,4265.681,164727.116,,,95214,6846123,95214,6750909,294,146,,,,,,,false,
7426,starexec,LCL646+1.015.p,e3-time_index-off,balanced,HARD_TIMEOUT,0,0.000,,,,,,,,,,,,,,,,false,
7426,starexec,LCL648+1.010.p,e3-time_index-off,balanced,HARD_TIMEOUT,0,0.000,,,,,,,,,,,,,,,,false,
7426,starexec,LCL650+1.010.p,e3-time_index-off,balanced,TIMEOUT,0,1698.998,165097.680,,,6771,116284,6669,109466,220,126,,,,,,,false,
7426,starexec,LCL652+1.010.p,e3-time_index-off,balanced,TIMEOUT,0,1758.690,162986.446,,,100000,11022596,95409,10912910,181,110,,,,,,,false,
7426,starexec,LCL662+1.020.p,e3-time_index-off,balanced,HARD_TIMEOUT,1,0.000,,,,,,,,,,,,,,,,false,
7426,starexec,LCL664+1.010.p,e3-time_index-off,balanced,HARD_TIMEOUT,1,0.000,,,,,,,,,,,,,,,,false,
7426,starexec,LCL666+1.010.p,e3-time_index-off,balanced,HARD_TIMEOUT,1,0.000,,,,,,,,,,,,,,,,false,
7426,starexec,LCL688+1.001.p,e3-time_index-off,balanced,REFUTED,2,874.935,12687.873,50.688,2073.928,11460,503738,10834,480244,28,16,537,512586,1711,5041,3,false,false,
7426,starexec,LCL688+1.015.p,e3-time_index-off,balanced,HARD_TIMEOUT,2,0.000,,,,,,,,,,,,,,,,false,
7426,starexec,LCL891+1.p,e3-time_index-off,balanced,TIMEOUT,12,353.670,165248.631,,,2253,9214787,2074,9206107,16,3,,,,,,,false,
7426,starexec,LCL898+1.p,e3-time_index-off,balanced,TIMEOUT,14,328.106,165904.380,,,6617,14859838,6371,14829680,16,2,,,,,,,false,
7426,starexec,LCL901+1.p,e3-time_index-off,balanced,REFUTED,14,420.761,133678.224,73.680,290.033,2349,10470272,2227,10444321,16,1,297,18039,750,211,15,false,false,
7426,starexec,LCL978+1.p,e3-time_index-off,balanced,HARD_TIMEOUT,2,0.000,,,,,,,,,,,,,,,,false,
7426,starexec,LCL979+1.p,e3-time_index-off,balanced,TIMEOUT,2,312.819,165307.356,,,6025,4324675,4544,4286085,3,3,,,,,,,false,
7426,starexec,LCL982+1.p,e3-time_index-off,balanced,REFUTED,2,416.055,230.685,41.721,329.128,24,67,23,41,3,3,108,16086,409,273,3,false,false,
7426,starexec,LCL983+1.p,e3-time_index-off,balanced,TIMEOUT,2,309.178,165307.656,,,8718,13478395,8238,13268011,3,3,,,,,,,false,
7426,starexec,MGT005+1.p,e3-time_index-off,balanced,REFUTED,10,907.947,5899.359,103.965,3494.642,2913,73226,2638,64813,29,13,504,1045080,3189,5235,11,false,false,
7426,starexec,MGT035+2.p,e3-time_index-off,balanced,TIMEOUT,19,405.801,165100.771,,,19339,13764590,18804,13729869,43,5,,,,,,,false,
7426,starexec,MGT067+1.p,e3-time_index-off,balanced,REFUTED,157,979.629,875.293,70.325,2226.239,778,1201,754,391,177,3,1294,364246,8387,680,158,false,false,
7426,starexec,MGT068+1.p,e3-time_index-off,balanced,REFUTED,59,553.095,4553.119,68.552,752.861,1654,410471,1626,404847,85,4,751,151705,3350,459,60,false,false,
7426,starexec,MGT076+1.p,e3-time_index-off,balanced,REFUTED,34,592.949,326.099,51.630,734.447,54,110,46,54,54,4,422,60214,1887,383,35,false,false,
7426,starexec,MGT077+1.p,e3-time_index-off,balanced,REFUTED,44,654.973,336.504,52.626,784.218,72,190,70,110,64,4,475,76399,2032,414,45,false,false,
7426,starexec,MGT078+1.p,e3-time_index-off,balanced,REFUTED,56,596.596,440.559,35.099,881.373,180,644,180,430,80,6,539,140184,2018,619,57,false,false,
7426,starexec,MGT079+1.p,e3-time_index-off,balanced,REFUTED,56,584.522,508.224,61.176,780.980,167,617,149,413,77,3,536,89966,2014,413,57,false,false,
7426,starexec,MGT080+1.p,e3-time_index-off,balanced,REFUTED,73,709.856,631.362,63.104,1031.680,276,1389,255,1033,99,7,643,233460,2115,881,74,false,false,
7426,starexec,MGT082+1.p,e3-time_index-off,balanced,REFUTED,56,655.112,490.105,66.314,926.637,180,776,171,546,80,6,568,152809,2033,635,57,false,false,
7426,starexec,MGT085+1.p,e3-time_index-off,balanced,REFUTED,43,755.802,15446.284,70.340,729.585,2786,1572607,2771,1552812,65,6,524,142865,2023,619,44,false,false,
7426,starexec,MGT086+1.p,e3-time_index-off,balanced,REFUTED,43,550.936,324.761,48.701,662.258,78,195,67,112,63,3,472,78452,1975,410,44,false,false,
7426,starexec,MGT088+1.p,e3-time_index-off,balanced,REFUTED,39,638.772,315.963,25.198,724.776,49,128,49,79,59,4,447,65338,1989,393,40,false,false,
7426,starexec,MGT090+1.p,e3-time_index-off,balanced,REFUTED,59,618.159,367.457,36.125,783.348,103,174,98,90,90,3,581,71034,2646,354,60,false,false,
7426,starexec,MGT091+1.p,e3-time_index-off,balanced,REFUTED,46,675.951,1114.631,56.660,881.525,381,9431,380,8717,83,3,571,81016,3281,362,47,false,false,
7426,starexec,NLP147+1.p,e3-time_index-off,balanced,REFUTED,61,1050.133,410.127,53.307,3587.236,224,251,223,94,94,12,1021,1237420,3831,15197,62,false,false,
7426,starexec,NLP260+1.p,e3-time_index-off,balanced,HARD_TIMEOUT,1026860,0.000,,,,,,,,,,,,,,,,false,
7426,starexec,NLP261+1.p,e3-time_index-off,balanced,HARD_TIMEOUT,1026860,0.000,,,,,,,,,,,,,,,,false,
7426,starexec,NLP262+1.p,e3-time_index-off,balanced,HARD_TIMEOUT,1026860,0.000,,,,,,,,,,,,,,,,false,
7426,starexec,NUM292+1.p,e3-time_index-off,balanced,REFUTED,401,725.819,151206.192,79.110,672.985,36244,109169,36242,72084,407,0,1446,52593,4581,303,402,false,false,
7426,starexec,NUM321+1.p,e3-time_index-off,balanced,TIMEOUT,401,595.376,164698.254,,,38164,111596,38162,72532,407,0,,,,,,,false,
7426,starexec,NUM335+1.p,e3-time_index-off,balanced,TIMEOUT,401,604.374,164768.681,,,39488,113137,39486,72685,408,1,,,,,,,false,
7426,starexec,NUM639+4.p,e3-time_index-off,balanced,TIMEOUT,316,1191.754,164570.089,,,23324,10399695,20042,10358937,532,29,,,,,,,false,
7426,starexec,NUM647+4.p,e3-time_index-off,balanced,TIMEOUT,346,1219.114,164535.111,,,24371,12189873,22028,12137425,586,29,,,,,,,false,
7426,starexec,NUM653+4.p,e3-time_index-off,balanced,TIMEOUT,393,1311.954,164614.739,,,30356,10715238,28797,10659008,673,29,,,,,,,false,
7426,starexec,NUM656+4.p,e3-time_index-off,balanced,TIMEOUT,402,1285.032,164585.225,,,28846,13967313,27055,13909149,691,29,,,,,,,false,
7426,starexec,NUM657+4.p,e3-time_index-off,balanced,TIMEOUT,405,1336.792,164535.558,,,24504,11355366,22714,11306176,697,29,,,,,,,false,
7426,starexec,NUM658+4.p,e3-time_index-off,balanced,HARD_TIMEOUT,408,0.000,,,,,,,,,,,,,,,,false,
7426,starexec,NUM663+4.p,e3-time_index-off,balanced,TIMEOUT,419,1372.579,164673.052,,,27903,11190037,25752,11141179,727,29,,,,,,,false,
7426,starexec,NUM664+4.p,e3-time_index-off,balanced,TIMEOUT,423,1339.782,165766.969,,,25937,13935989,24805,13887085,736,29,,,,,,,false,
7426,starexec,NUM669+4.p,e3-time_index-off,balanced,TIMEOUT,443,849.541,165036.380,,,24033,12013309,22444,11964345,776,29,,,,,,,false,
7426,starexec,NUM671+4.p,e3-time_index-off,balanced,TIMEOUT,453,1345.826,164466.117,,,27861,12580461,25703,12527847,795,29,,,,,,,false,
7426,starexec,NUM689+4.p,e3-time_index-off,balanced,TIMEOUT,554,1453.064,164293.556,,,28947,9278087,27505,9233345,1006,29,,,,,,,false,
7426,starexec,NUM690+4.p,e3-time_index-off,balanced,TIMEOUT,559,1509.264,164607.691,,,30380,12023189,28075,11957757,1017,29,,,,,,,false,
7426,starexec,NUM691+4.p,e3-time_index-off,balanced,TIMEOUT,564,1435.185,164523.827,,,26631,11923994,25362,11875442,1028,29,,,,,,,false,
7426,starexec,NUM694+4.p,e3-time_index-off,balanced,TIMEOUT,572,1447.488,164459.224,,,30223,11248717,29334,11193411,1043,29,,,,,,,false,
7426,starexec,NUM695+4.p,e3-time_index-off,balanced,TIMEOUT,574,1478.414,164490.411,,,29034,10357279,26833,10291241,1046,29,,,,,,,false,
7426,starexec,NUM698+4.p,e3-time_index-off,balanced,TIMEOUT,585,1437.099,164438.189,,,28796,10830788,27078,10772988,1067,29,,,,,,,false,
7426,starexec,NUM707+4.p,e3-time_index-off,balanced,TIMEOUT,634,1489.461,164368.460,,,31095,10168648,29106,10103726,1149,29,,,,,,,false,
7426,starexec,NUM709+4.p,e3-time_index-off,balanced,TIMEOUT,639,1526.937,164109.650,,,31175,11751448,29604,11689362,1157,29,,,,,,,false,
7426,starexec,NUM743+4.p,e3-time_index-off,balanced,TIMEOUT,907,1089.875,164868.956,,,35567,9072518,35146,9021382,1679,33,,,,,,,false,
7426,starexec,NUM747+4.p,e3-time_index-off,balanced,TIMEOUT,943,1606.507,164245.129,,,32491,9867874,29313,9798668,1750,33,,,,,,,false,
7426,starexec,NUM750+4.p,e3-time_index-off,balanced,TIMEOUT,964,1778.455,164218.603,,,28815,9154673,28160,9110983,1788,33,,,,,,,false,
7426,starexec,NUM757+4.p,e3-time_index-off,balanced,TIMEOUT,1012,1656.968,163975.228,,,30584,12282198,29451,12228970,1888,33,,,,,,,false,
7426,starexec,NUM783+4.p,e3-time_index-off,balanced,TIMEOUT,1257,1919.572,164157.507,,,38544,6935487,37999,6878900,2380,33,,,,,,,false,
7426,starexec,NUM785+4.p,e3-time_index-off,balanced,TIMEOUT,1274,1747.579,164260.536,,,30351,8278963,29796,8220363,2413,33,,,,,,,false,
7426,starexec,NUM786+4.p,e3-time_index-off,balanced,TIMEOUT,1277,1819.590,164042.440,,,41185,7154665,40091,7088343,2419,33,,,,,,,false,
7426,starexec,NUM787+4.p,e3-time_index-off,balanced,TIMEOUT,1280,1907.944,163943.154,,,34090,7804604,32438,7733046,2425,33,,,,,,,false,
7426,starexec,NUM789+4.p,e3-time_index-off,balanced,TIMEOUT,1286,1767.124,165027.338,,,36459,8143143,36067,8089651,2437,33,,,,,,,false,
7426,starexec,NUM795+4.p,e3-time_index-off,balanced,TIMEOUT,1411,1207.678,164819.165,,,35111,10523557,34365,10470573,2687,33,,,,,,,false,
7426,starexec,NUM796+4.p,e3-time_index-off,balanced,TIMEOUT,1416,1963.597,164006.259,,,39345,8129760,38884,8063340,2698,33,,,,,,,false,
7426,starexec,NUM835+1.p,e3-time_index-off,balanced,REFUTED,38,553.399,313.858,34.282,670.890,32,125,28,85,49,4,527,72943,1620,572,39,false,false,
7426,starexec,NUM840+1.p,e3-time_index-off,balanced,REFUTED,38,633.675,5512.155,67.782,656.132,1654,191175,1630,187146,47,4,528,47048,1893,225,39,false,false,
7426,starexec,NUM853+2.p,e3-time_index-off,balanced,REFUTED,36,536.863,1887.712,53.554,421.209,764,33621,741,32135,41,4,520,45815,1785,225,37,false,false,
7426,starexec,NUM859+1.p,e3-time_index-off,balanced,TIMEOUT,13,406.571,165186.366,,,17063,20700618,15665,20654491,30,6,,,,,,,false,
7426,starexec,NUM860+1.p,e3-time_index-off,balanced,TIMEOUT,13,411.322,165961.914,,,16548,22659764,15568,22619074,30,6,,,,,,,false,
7426,starexec,NUN054+1.p,e3-time_index-off,balanced,REFUTED,18,984.460,875.005,69.064,1916.482,588,5218,577,4420,59,20,702,433768,2769,1111,19,false,false,
7426,starexec,NUN054+2.p,e3-time_index-off,balanced,REFUTED,11,814.830,308.823,60.989,1665.736,62,101,51,35,40,20,605,377804,2150,1111,12,false,false,
7426,starexec,NUN056+1.p,e3-time_index-off,balanced,TIMEOUT,18,523.388,168114.202,,,42007,13160886,39975,13051074,59,20,,,,,,,false,
7426,starexec,NUN057+1.p,e3-time_index-off,balanced,TIMEOUT,18,532.691,166570.568,,,46916,14522557,44696,14412053,59,20,,,,,,,false,
7426,starexec,NUN060+1.p,e3-time_index-off,balanced,REFUTED,18,876.612,294.772,48.281,1848.797,47,134,43,84,59,20,649,382620,2739,1121,19,false,false,
7426,starexec,NUN062+1.p,e3-time_index-off,balanced,REFUTED,18,891.665,309.769,54.489,1861.319,75,235,54,149,60,22,687,443593,2697,1167,19,false,false,
7426,starexec,NUN065+1.p,e3-time_index-off,balanced,REFUTED,18,823.390,3727.658,30.987,1327.042,3459,162144,2660,152850,63,24,812,560120,2838,1221,19,false,false,
7426,starexec,NUN066+1.p,e3-time_index-off,balanced,REFUTED,18,950.042,2984.393,59.977,2375.050,2245,81820,1628,76698,64,25,827,610894,2915,1294,19,false,false,
7426,starexec,NUN075+1.p,e3-time_index-off,balanced,REFUTED,18,893.489,3174.940,144.813,2491.193,2118,48680,2052,45008,59,20,1010,785479,3693,1349,19,false,false,
7426,starexec,NUN076+1.p,e3-time_index-off,balanced,REFUTED,18,983.388,448.115,49.585,1706.635,206,828,202,602,59,20,675,410400,2780,1123,19,false,false,
7426,starexec,NUN080+1.p,e3-time_index-off,balanced,REFUTED,18,858.247,249.244,41.698,1708.147,43,122,40,76,59,20,626,360297,2662,1099,19,false,false,
7426,starexec,NUN082+1.p,e3-time_index-off,balanced,REFUTED,18,868.224,2864.378,60.457,1816.825,2331,81236,2044,76419,59,20,729,453117,2786,1094,19,false,false,
7426,starexec,NUN085+1.p,e3-time_index-off,balanced,REFUTED,18,927.287,21814.592,63.792,1991.953,12704,2284206,11901,2251011,64,25,800,603619,2804,1268,19,false,false,
7426,starexec,NUN086+1.p,e3-time_index-off,balanced,REFUTED,18,911.553,2941.586,78.707,2046.875,2345,69568,2067,64670,59,20,751,476106,2809,1100,19,false,false,
7426,starexec,PRD001+1.p,e3-time_index-off,balanced,TIMEOUT,1614,839.160,165041.314,,,71271,637297,55115,486018,1615,0,,,,,,,false,
7426,starexec,PRO011+1.p,e3-time_index-off,balanced,REFUTED,48,1137.619,721.663,74.848,2990.670,373,1562,323,1054,95,23,1077,745091,4798,1681,49,false,false,
7426,starexec,PUZ129+2.p,e3-time_index-off,balanced,REFUTED,0,602.099,293.865,51.564,950.080,35,41,33,18,18,8,289,157494,1012,1381,1,false,false,
7426,starexec,PUZ133+1.p,e3-time_index-off,balanced,TIMEOUT,9,381.640,165186.852,,,36283,12806431,34368,12636701,24,3,,,,,,,false,
7426,starexec,REL020+2.p,e3-time_index-off,balanced,TIMEOUT,16,328.865,165093.155,,,3508,10332176,2517,10312800,18,2,,,,,,,false,
7426,starexec,REL021+1.p,e3-time_index-off,balanced,TIMEOUT,13,332.273,165436.967,,,2241,11341538,1920,11315622,15,2,,,,,,,false,
7426,starexec,REL040+2.p,e3-time_index-off,balanced,TIMEOUT,13,396.947,168701.326,,,2275,10908085,1990,10881101,15,3,,,,,,,false,
7426,starexec,SCT115+1.p,e3-time_index-off,balanced,TIMEOUT,527,2062.435,164354.940,,,22349,9944927,20216,9899417,869,121,,,,,,,false,
7426,starexec,SCT117+1.p,e3-time_index-off,balanced,TIMEOUT,527,2095.747,164279.233,,,24013,10392198,21269,10347344,873,122,,,,,,,false,
7426,starexec,SCT120+1.p,e3-time_index-off,balanced,TIMEOUT,526,2091.438,164462.600,,,19481,9433785,17077,9385923,794,100,,,,,,,false,
7426,starexec,SCT123+1.p,e3-time_index-off,balanced,TIMEOUT,528,2203.576,164055.689,,,15068,7179330,13688,7151130,826,115,,,,,,,false,
7426,starexec,SCT124+1.p,e3-time_index-off,balanced,HARD_TIMEOUT,528,0.000,,,,,,,,,,,,,,,,false,
7426,starexec,SCT125+1.p,e3-time_index-off,balanced,TIMEOUT,528,2265.209,165199.701,,,13548,8296046,12397,8265166,819,106,,,,,,,false,
7426,starexec,SCT155+1.p,e3-time_index-off,balanced,TIMEOUT,528,2129.798,163837.412,,,25670,9759613,22930,9709259,831,111,,,,,,,false,
7426,starexec,SCT158+1.p,e3-time_index-off,balanced,TIMEOUT,528,2074.398,164348.642,,,22569,9634156,20612,9589762,832,110,,,,,,,false,
7426,starexec,SCT170+3.p,e3-time_index-off,balanced,TIMEOUT,1578,3800.714,164024.847,,,39317,6945195,37402,6856961,2785,640,,,,,,,false,
7426,starexec,SET017+1.p,e3-time_index-off,balanced,REFUTED,43,744.571,619.436,62.812,1140.657,190,854,181,630,93,10,682,196327,2725,651,44,false,false,
7426,starexec,SET101+1.p,e3-time_index-off,balanced,REFUTED,43,734.899,843.891,56.607,1023.071,354,4152,331,3630,90,9,657,137446,2654,486,44,false,false,
7426,starexec,SET716+4.p,e3-time_index-off,balanced,TIMEOUT,28,1148.465,165115.905,,,26012,13770717,24274,13721649,160,54,,,,,,,false,
7426,starexec,SET733+4.p,e3-time_index-off,balanced,HARD_TIMEOUT,28,0.000,,,,,,,,,,,,,,,,false,
7426,starexec,SET817+4.p,e3-time_index-off,balanced,TIMEOUT,22,583.112,165240.719,,,26087,15161100,25726,15111404,80,20,,,,,,,false,
7426,starexec,SET964+1.p,e3-time_index-off,balanced,REFUTED,12,894.622,429.276,58.862,1470.529,94,431,81,328,33,13,494,248471,1878,1509,13,false,false,
7426,starexec,SEU269+1.p,e3-time_index-off,balanced,TIMEOUT,51,556.175,165714.059,,,1577,1782309,1547,1778741,92,18,,,,,,,false,
7426,starexec,SEU427+4.p,e3-time_index-off,balanced,HARD_TIMEOUT,71107,0.000,,,,,,,,,,,,,,,,false,
7426,starexec,SEU440+4.p,e3-time_index-off,balanced,HARD_TIMEOUT,71133,0.000,,,,,,,,,,,,,,,,false,
7426,starexec,SEV522+1.p,e3-time_index-off,balanced,TIMEOUT,19,695.972,166027.622,,,20897,16004326,18138,15963906,96,32,,,,,,,false,
7426,starexec,SEV569+1.p,e3-time_index-off,balanced,REFUTED,25,1039.943,1858.763,95.388,2075.342,908,19810,841,18538,80,17,922,427364,2792,955,26,false,false,
7426,starexec,SEV581+1.p,e3-time_index-off,balanced,TIMEOUT,25,537.668,165141.389,,,19773,12794516,18823,12739218,80,17,,,,,,,false,
7426,starexec,SEV606+1.p,e3-time_index-off,balanced,HARD_TIMEOUT,1727,0.000,,,,,,,,,,,,,,,,false,
7426,starexec,SEV607+1.p,e3-time_index-off,balanced,HARD_TIMEOUT,2360,0.000,,,,,,,,,,,,,,,,false,
7426,starexec,SEV608+1.p,e3-time_index-off,balanced,HARD_TIMEOUT,2867,0.000,,,,,,,,,,,,,,,,false,
7426,starexec,SEV609+1.p,e3-time_index-off,balanced,HARD_TIMEOUT,2900,0.000,,,,,,,,,,,,,,,,false,
7426,starexec,SEV610+1.p,e3-time_index-off,balanced,HARD_TIMEOUT,2777,0.000,,,,,,,,,,,,,,,,false,
7426,starexec,SEV612+1.p,e3-time_index-off,balanced,HARD_TIMEOUT,2852,0.000,,,,,,,,,,,,,,,,false,
7426,starexec,SEV616+1.p,e3-time_index-off,balanced,HARD_TIMEOUT,2862,0.000,,,,,,,,,,,,,,,,false,
7426,starexec,SEV618+1.p,e3-time_index-off,balanced,HARD_TIMEOUT,2435,0.000,,,,,,,,,,,,,,,,false,
7426,starexec,SEV620+1.p,e3-time_index-off,balanced,HARD_TIMEOUT,2723,0.000,,,,,,,,,,,,,,,,false,
7426,starexec,SEV621+1.p,e3-time_index-off,balanced,HARD_TIMEOUT,2708,0.000,,,,,,,,,,,,,,,,false,
7426,starexec,SEV622+1.p,e3-time_index-off,balanced,HARD_TIMEOUT,2761,0.000,,,,,,,,,,,,,,,,false,
7426,starexec,SEV625+1.p,e3-time_index-off,balanced,HARD_TIMEOUT,2847,0.000,,,,,,,,,,,,,,,,false,
7426,starexec,SEV626+1.p,e3-time_index-off,balanced,HARD_TIMEOUT,2838,0.000,,,,,,,,,,,,,,,,false,
7426,starexec,SEV627+1.p,e3-time_index-off,balanced,HARD_TIMEOUT,2813,0.000,,,,,,,,,,,,,,,,false,
7426,starexec,SEV629+1.p,e3-time_index-off,balanced,HARD_TIMEOUT,2962,0.000,,,,,,,,,,,,,,,,false,
7426,starexec,SEV630+1.p,e3-time_index-off,balanced,HARD_TIMEOUT,2559,0.000,,,,,,,,,,,,,,,,false,
7426,starexec,SEV631+1.p,e3-time_index-off,balanced,HARD_TIMEOUT,3117,0.000,,,,,,,,,,,,,,,,false,
7426,starexec,SEV634+1.p,e3-time_index-off,balanced,HARD_TIMEOUT,2534,0.000,,,,,,,,,,,,,,,,false,
7426,starexec,SEV636+1.p,e3-time_index-off,balanced,EXHAUSTED,2935,5025.317,277.246,,,0,0,0,0,7455,2111,,,,,,,false,StackOverflowError:  at MurmurHash3.productHash:69
7426,starexec,SEV637+1.p,e3-time_index-off,balanced,HARD_TIMEOUT,2981,0.000,,,,,,,,,,,,,,,,false,
7426,starexec,SEV640+1.p,e3-time_index-off,balanced,HARD_TIMEOUT,2766,0.000,,,,,,,,,,,,,,,,false,
7426,starexec,SEV641+1.p,e3-time_index-off,balanced,HARD_TIMEOUT,3078,0.000,,,,,,,,,,,,,,,,false,
7426,starexec,SEV643+1.p,e3-time_index-off,balanced,HARD_TIMEOUT,2960,0.000,,,,,,,,,,,,,,,,false,
7426,starexec,SEV644+1.p,e3-time_index-off,balanced,HARD_TIMEOUT,2363,0.000,,,,,,,,,,,,,,,,false,
7426,starexec,SEV645+1.p,e3-time_index-off,balanced,HARD_TIMEOUT,1984,0.000,,,,,,,,,,,,,,,,false,
7426,starexec,SEV646+1.p,e3-time_index-off,balanced,HARD_TIMEOUT,3067,0.000,,,,,,,,,,,,,,,,false,
7426,starexec,SEV650+1.p,e3-time_index-off,balanced,HARD_TIMEOUT,3015,0.000,,,,,,,,,,,,,,,,false,
7426,starexec,SEV651+1.p,e3-time_index-off,balanced,HARD_TIMEOUT,2743,0.000,,,,,,,,,,,,,,,,false,
7426,starexec,SEV654+1.p,e3-time_index-off,balanced,HARD_TIMEOUT,3190,0.000,,,,,,,,,,,,,,,,false,
7426,starexec,SEV655+1.p,e3-time_index-off,balanced,EXHAUSTED,3248,8473.102,135338.774,,,0,0,0,0,8269,2524,,,,,,,false,OutOfMemoryError: Java heap space at Arrays.copyOf:3623
7426,starexec,SEV656+1.p,e3-time_index-off,balanced,HARD_TIMEOUT,3041,0.000,,,,,,,,,,,,,,,,false,
7426,starexec,SEV657+1.p,e3-time_index-off,balanced,HARD_TIMEOUT,3067,0.000,,,,,,,,,,,,,,,,false,
7426,starexec,SEV658+1.p,e3-time_index-off,balanced,HARD_TIMEOUT,3118,0.000,,,,,,,,,,,,,,,,false,
7426,starexec,SEV660+1.p,e3-time_index-off,balanced,HARD_TIMEOUT,2689,0.000,,,,,,,,,,,,,,,,false,
7426,starexec,SEV661+1.p,e3-time_index-off,balanced,HARD_TIMEOUT,2456,0.000,,,,,,,,,,,,,,,,false,
7426,starexec,SEV667+1.p,e3-time_index-off,balanced,HARD_TIMEOUT,2862,0.000,,,,,,,,,,,,,,,,false,
7426,starexec,SEV668+1.p,e3-time_index-off,balanced,HARD_TIMEOUT,2820,0.000,,,,,,,,,,,,,,,,false,
7426,starexec,SEV671+1.p,e3-time_index-off,balanced,HARD_TIMEOUT,2497,0.000,,,,,,,,,,,,,,,,false,
7426,starexec,SEV673+1.p,e3-time_index-off,balanced,HARD_TIMEOUT,2701,0.000,,,,,,,,,,,,,,,,false,
7426,starexec,SEV675+1.p,e3-time_index-off,balanced,EXHAUSTED,3187,7107.396,145240.555,,,0,0,0,0,9096,3011,,,,,,,false,OutOfMemoryError: Java heap space at Arrays.copyOf:3623
7426,starexec,SEV676+1.p,e3-time_index-off,balanced,HARD_TIMEOUT,3004,0.000,,,,,,,,,,,,,,,,false,
7426,starexec,SEV677+1.p,e3-time_index-off,balanced,HARD_TIMEOUT,3185,0.000,,,,,,,,,,,,,,,,false,
7426,starexec,SEV678+1.p,e3-time_index-off,balanced,HARD_TIMEOUT,2924,0.000,,,,,,,,,,,,,,,,false,
7426,starexec,SEV679+1.p,e3-time_index-off,balanced,HARD_TIMEOUT,3356,0.000,,,,,,,,,,,,,,,,false,
7426,starexec,SWB012+1.p,e3-time_index-off,balanced,TIMEOUT,559,2197.517,164791.921,,,47451,13817669,46671,13744963,1392,275,,,,,,,false,
7426,starexec,SWB013+2.p,e3-time_index-off,balanced,TIMEOUT,8,664.401,165172.719,,,28722,10714822,28422,10677432,62,19,,,,,,,false,
7426,starexec,SWB017+1.p,e3-time_index-off,balanced,HARD_TIMEOUT,559,0.000,,,,,,,,,,,,,,,,false,
7426,starexec,SWB020+1.p,e3-time_index-off,balanced,TIMEOUT,559,2242.067,165387.738,,,46968,14280699,46161,14206857,1394,278,,,,,,,false,
7426,starexec,SWB021+2.p,e3-time_index-off,balanced,REFUTED,7,1157.748,6131.956,123.346,4164.130,2655,131818,2237,121021,78,17,765,1411359,3337,3856,8,false,false,
7426,starexec,SWB023+1.p,e3-time_index-off,balanced,HARD_TIMEOUT,559,0.000,,,,,,,,,,,,,,,,false,
7426,starexec,SWB027+1.p,e3-time_index-off,balanced,TIMEOUT,559,2396.767,164788.692,,,46706,14448233,46278,14374337,1385,274,,,,,,,false,
7426,starexec,SWB032+1.p,e3-time_index-off,balanced,TIMEOUT,558,2400.254,164796.866,,,50722,15090849,50326,15015009,1379,271,,,,,,,false,
7426,starexec,SWB040+1.p,e3-time_index-off,balanced,TIMEOUT,559,2414.198,166252.434,,,45854,13919167,45507,13846307,1382,271,,,,,,,false,
7426,starexec,SWB042+1.p,e3-time_index-off,balanced,TIMEOUT,559,2348.618,164712.492,,,47106,13307998,46754,13230432,1394,277,,,,,,,false,
7426,starexec,SWB046+1.p,e3-time_index-off,balanced,TIMEOUT,559,2172.397,164850.014,,,46502,15152088,46146,15077894,1384,273,,,,,,,false,
7426,starexec,SWB047+1.p,e3-time_index-off,balanced,TIMEOUT,559,2330.993,164751.310,,,45669,13816626,45326,13743978,1381,271,,,,,,,false,
7426,starexec,SWB053+1.p,e3-time_index-off,balanced,HARD_TIMEOUT,559,0.000,,,,,,,,,,,,,,,,false,
7426,starexec,SWB055+1.p,e3-time_index-off,balanced,TIMEOUT,559,2470.636,164799.100,,,51307,14454586,51008,14374996,1385,274,,,,,,,false,
7426,starexec,SWB063+1.p,e3-time_index-off,balanced,TIMEOUT,559,2332.746,164758.202,,,45894,13935669,45555,13862545,1385,273,,,,,,,false,
7426,starexec,SWB068+1.p,e3-time_index-off,balanced,TIMEOUT,559,2431.934,164839.429,,,56742,12704182,56376,12627048,1388,274,,,,,,,false,
7426,starexec,SWB073+1.p,e3-time_index-off,balanced,HARD_TIMEOUT,559,0.000,,,,,,,,,,,,,,,,false,
7426,starexec,SWB090+1.p,e3-time_index-off,balanced,TIMEOUT,559,2505.234,164768.102,,,45239,13135457,44787,13063719,1386,271,,,,,,,false,
7426,starexec,SWB091+1.p,e3-time_index-off,balanced,TIMEOUT,559,2192.567,165201.604,,,46333,13691453,45580,13619023,1392,275,,,,,,,false,
7426,starexec,SWB093+1.p,e3-time_index-off,balanced,TIMEOUT,559,2421.343,165420.055,,,45622,13795305,45168,13722859,1385,271,,,,,,,false,
7426,starexec,SWB095+1.p,e3-time_index-off,balanced,TIMEOUT,559,2329.984,164768.304,,,46387,14529569,45931,14456019,1386,271,,,,,,,false,
7426,starexec,SWB099+1.p,e3-time_index-off,balanced,TIMEOUT,559,2492.675,164925.851,,,46111,14195846,45689,14122088,1384,271,,,,,,,false,
7426,starexec,SWB103+1.p,e3-time_index-off,balanced,TIMEOUT,559,2169.759,164777.040,,,45880,14068814,45262,13996878,1393,273,,,,,,,false,
7426,starexec,SWC012+1.p,e3-time_index-off,balanced,REFUTED,95,2603.902,7084.370,76.611,12398.627,9256,185480,9141,173483,220,62,2744,5518831,11635,5088,96,false,false,
7426,starexec,SWV014+1.p,e3-time_index-off,balanced,REFUTED,28,443.971,263.111,51.856,384.541,63,82,61,38,38,0,286,16588,1575,227,29,false,false,
7426,starexec,SWV041+1.p,e3-time_index-off,balanced,REFUTED,99,1550.695,590.302,50.755,5718.878,167,768,143,578,178,42,1787,3051141,7596,3656,100,false,false,
7426,starexec,SWV114+1.p,e3-time_index-off,balanced,TIMEOUT,101,915.998,165081.445,,,37182,12598073,36425,12519189,199,52,,,,,,,false,
7426,starexec,SWV202+1.p,e3-time_index-off,balanced,KILLED,,0.000,,,,,,,,,,,,,,,,false,killed before finishing
7426,starexec,SWV203+1.p,e3-time_index-off,balanced,TIMEOUT,91,886.709,165135.864,,,34022,14604341,32697,14529732,203,42,,,,,,,false,
7426,starexec,SWV234+1.p,e3-time_index-off,balanced,TIMEOUT,25,325.794,165076.939,,,7105,11042804,6442,10996938,26,0,,,,,,,false,
7426,starexec,SWV234+2.p,e3-time_index-off,balanced,REFUTED,21,356.320,63301.356,65.276,158.697,1207,4422545,1172,4407522,22,0,279,9365,750,111,22,false,false,
7426,starexec,SWV390+1.p,e3-time_index-off,balanced,REFUTED,42,676.559,444.869,43.119,817.852,100,311,98,177,55,6,578,103666,2824,461,43,false,false,
7426,starexec,SWV406+1.p,e3-time_index-off,balanced,REFUTED,41,988.680,44961.469,74.878,1800.607,2900,1737494,2160,1728905,59,9,754,464670,3119,4101,42,false,false,
7426,starexec,SWV452+1.p,e3-time_index-off,balanced,TIMEOUT,66,752.801,165071.733,,,21227,23634611,18776,23521297,130,13,,,,,,,false,
7426,starexec,SWV453+1.p,e3-time_index-off,balanced,TIMEOUT,66,695.016,165229.444,,,21950,25294431,19270,25175595,130,13,,,,,,,false,
7426,starexec,SWV467+1.p,e3-time_index-off,balanced,TIMEOUT,66,847.527,164975.811,,,17695,21888505,15192,21754933,139,14,,,,,,,false,
7426,starexec,SWV473+1.p,e3-time_index-off,balanced,TIMEOUT,66,757.941,165027.535,,,16188,22170327,14783,22059825,126,14,,,,,,,false,
7426,starexec,SWV474+1.p,e3-time_index-off,balanced,HARD_TIMEOUT,66,0.000,,,,,,,,,,,,,,,,false,
7426,starexec,SWV487+3.p,e3-time_index-off,balanced,HARD_TIMEOUT,12,0.000,,,,,,,,,,,,,,,,false,
7426,starexec,SWV488+3.p,e3-time_index-off,balanced,REFUTED,12,480.731,280.846,43.672,506.450,26,62,21,35,24,3,240,39985,954,553,13,false,false,
7426,starexec,SWW102+1.p,e3-time_index-off,balanced,TIMEOUT,44,481.674,165094.682,,,5362,13549227,5236,13533015,89,12,,,,,,,false,
7426,starexec,SWW186+1.p,e3-time_index-off,balanced,TIMEOUT,1181,1842.938,163987.421,,,26133,13286992,24159,13178938,1568,29,,,,,,,false,
7426,starexec,SWW278+1.p,e3-time_index-off,balanced,TIMEOUT,1199,1925.116,164125.219,,,27000,12641295,25530,12548439,1586,36,,,,,,,false,
7426,starexec,SWW279+1.p,e3-time_index-off,balanced,TIMEOUT,1213,1870.458,164111.674,,,26754,10614676,24287,10524688,1647,38,,,,,,,false,
7426,starexec,SWW298+1.p,e3-time_index-off,balanced,HARD_TIMEOUT,5224,0.000,,,,,,,,,,,,,,,,false,
7426,starexec,SWW350+1.p,e3-time_index-off,balanced,HARD_TIMEOUT,5228,0.000,,,,,,,,,,,,,,,,false,
7426,starexec,SWW374+1.p,e3-time_index-off,balanced,HARD_TIMEOUT,5248,0.000,,,,,,,,,,,,,,,,false,
7426,starexec,SWW394+1.p,e3-time_index-off,balanced,HARD_TIMEOUT,5223,0.000,,,,,,,,,,,,,,,,false,
7426,starexec,SWW470+5.p,e3-time_index-off,balanced,REFUTED,162,3626.138,13419.472,91.993,17093.265,2725,272553,2057,266775,240,52,3102,12976319,21717,10205,163,false,false,
7426,starexec,SWW473+2.p,e3-time_index-off,balanced,HARD_TIMEOUT,916,0.000,,,,,,,,,,,,,,,,false,
7426,starexec,SWW473+6.p,e3-time_index-off,balanced,REFUTED,608,7745.292,3416.768,94.690,98632.310,994,22909,899,21325,845,87,9085,37289817,56288,10957,609,false,false,
7426,starexec,SWW474+3.p,e3-time_index-off,balanced,TIMEOUT,1440,2853.482,164087.942,,,28337,8199941,26513,8135513,2284,309,,,,,,,false,
7426,starexec,SWW937+1.p,e3-time_index-off,balanced,TIMEOUT,28,752.527,164922.400,,,11419,12948515,11152,12914306,181,24,,,,,,,false,
7426,starexec,SWW961+1.p,e3-time_index-off,balanced,REFUTED,176,606.708,491.009,81.026,544.976,193,242,185,177,177,0,947,22877,2965,207,177,false,false,
7426,starexec,SWX051+1.p,e3-time_index-off,balanced,TIMEOUT,292,1651.357,164684.604,,,43932,16513624,39335,16397676,579,168,,,,,,,false,
7426,starexec,SWX185+1.p,e3-time_index-off,balanced,TIMEOUT,40,308.322,165283.431,,,3177,7130556,3129,7124296,41,0,,,,,,,false,
7426,starexec,SWX187+1.p,e3-time_index-off,balanced,REFUTED,16,389.019,6594.767,118.139,378.745,2408,42255,2354,34848,18,0,361,40118,1113,275,17,false,false,
7426,starexec,SWX189+1.p,e3-time_index-off,balanced,HARD_TIMEOUT,53,0.000,,,,,,,,,,,,,,,,false,
7426,starexec,SWX194+1.p,e3-time_index-off,balanced,TIMEOUT,71,399.703,164996.242,,,7793,10124860,7653,10109408,72,0,,,,,,,false,
7426,starexec,SWX197+1.p,e3-time_index-off,balanced,TIMEOUT,73,410.934,164972.766,,,5840,7691429,5245,7672953,74,0,,,,,,,false,
7426,starexec,SWX199+1.p,e3-time_index-off,balanced,REFUTED,12,386.602,2694.450,105.878,324.378,127,38581,110,37828,14,0,260,20068,726,132,13,false,false,
7426,starexec,SWX200+1.p,e3-time_index-off,balanced,REFUTED,15,373.071,232.277,37.218,240.578,16,23,14,19,19,0,161,7737,550,143,16,false,false,
7426,starexec,SWX201+1.p,e3-time_index-off,balanced,TIMEOUT,28,340.787,165440.331,,,2346,4145676,2251,4141186,30,0,,,,,,,false,
7426,starexec,SWX202+1.p,e3-time_index-off,balanced,TIMEOUT,28,338.067,165396.413,,,2635,4058196,2545,4052810,30,0,,,,,,,false,
7426,starexec,SWX203+1.p,e3-time_index-off,balanced,REFUTED,21,389.271,3233.735,150.038,466.164,1386,20033,934,14759,29,0,517,31883,1041,143,22,false,false,
7426,starexec,SWX209+1.p,e3-time_index-off,balanced,TIMEOUT,49,344.011,165114.537,,,5187,6991723,4742,6972767,56,0,,,,,,,false,
7426,starexec,SWX210+1.p,e3-time_index-off,balanced,TIMEOUT,49,359.871,165111.081,,,4894,6659840,4487,6642610,56,0,,,,,,,false,
7426,starexec,SWX211+1.p,e3-time_index-off,balanced,TIMEOUT,49,355.458,165454.928,,,5371,7442339,4694,7422105,56,0,,,,,,,false,
7426,starexec,SWX212+1.p,e3-time_index-off,balanced,TIMEOUT,49,355.324,165051.148,,,9959,9716418,9645,9697722,57,0,,,,,,,false,
7426,starexec,SWX217+1.p,e3-time_index-off,balanced,TIMEOUT,23,301.385,165587.071,,,9265,6948916,8242,6922134,25,0,,,,,,,false,
7426,starexec,SWX219+1.p,e3-time_index-off,balanced,REFUTED,31,392.236,7736.616,78.789,363.731,5396,17248,5368,9382,36,0,352,19211,1287,181,32,false,false,
7426,starexec,SWX220+1.p,e3-time_index-off,balanced,REFUTED,31,433.841,4089.020,76.613,328.515,2743,8889,2739,5093,36,0,349,19353,1294,194,32,false,false,
7426,starexec,SWX221+1.p,e3-time_index-off,balanced,REFUTED,35,463.785,3508.817,99.582,454.223,2564,5662,2549,2768,43,0,408,24515,1516,181,36,false,false,
7426,starexec,SWX222+1.p,e3-time_index-off,balanced,REFUTED,35,438.988,557.671,70.672,333.292,214,357,207,126,43,0,339,15785,1318,181,36,false,false,
7426,starexec,SWX223+1.p,e3-time_index-off,balanced,REFUTED,35,415.443,736.830,85.092,423.653,362,737,354,337,43,0,390,21832,1444,181,36,false,false,
7426,starexec,SWX224+1.p,e3-time_index-off,balanced,REFUTED,31,408.880,923.937,55.124,241.614,697,1902,687,1006,36,0,322,15887,1209,181,32,false,false,
7426,starexec,SWX240_1.p,e3-time_index-off,balanced,REFUTED,56,469.881,5738.061,65.807,448.722,1025,112943,952,110677,70,0,570,31255,2001,136,57,false,false,
7426,starexec,SWX241_1.p,e3-time_index-off,balanced,TIMEOUT,64,369.214,169245.668,,,29054,9998777,26632,9910949,79,0,,,,,,,false,
7426,starexec,SYN076+1.p,e3-time_index-off,balanced,TIMEOUT,1,552.263,165376.957,,,1899,5499381,1780,5492663,48,16,,,,,,,false,
7426,starexec,SYN077+1.p,e3-time_index-off,balanced,REFUTED,1,539.291,315.125,63.379,690.965,53,89,36,19,9,6,241,63879,670,637,2,false,false,
7426,starexec,SYN353+1.p,e3-time_index-off,balanced,REFUTED,0,597.733,303.824,54.968,1528.995,74,282,32,81,21,2,219,277626,801,11878,1,false,false,
7426,starexec,SYN986+1.004.p,e3-time_index-off,balanced,EXHAUSTED,2,303.130,392.767,,,0,0,0,0,3,0,,,,,,,false,StackOverflowError:  at Core$Trail$Applier.apply:975
7426,starexec,SYO525+1.018.p,e3-time_index-off,balanced,TIMEOUT,29,645.652,164983.707,,,45640,45650,45640,30,30,0,,,,,,,false,
7426,starexec,SYO525+1.021.p,e3-time_index-off,balanced,TIMEOUT,29,566.883,164874.574,,,46940,46947,46940,30,30,0,,,,,,,false,
7426,starexec,SYO525+1.024.p,e3-time_index-off,balanced,TIMEOUT,29,551.272,164865.961,,,45230,45234,45230,30,30,0,,,,,,,false,
7426,starexec,SYO525+1.027.p,e3-time_index-off,balanced,TIMEOUT,29,609.797,164875.307,,,46648,46649,46648,30,30,0,,,,,,,false,
7426,starexec,SYO525+1.030.p,e3-time_index-off,balanced,TIMEOUT,32,663.297,164884.597,,,43909,43910,43909,33,33,0,,,,,,,false,
7426,starexec,SYO605+1.p,e3-time_index-off,balanced,REFUTED,4,925.032,1969.165,133.019,3139.976,2197,20044,1245,11844,48,14,903,1044575,1977,2212,5,false,false,
7426,starexec,TOP020+1.p,e3-time_index-off,balanced,TIMEOUT,8,481.937,165211.899,,,57631,480635,56503,406832,27,11,,,,,,,false,
7426,starexec,TOP029+1.p,e3-time_index-off,balanced,TIMEOUT,108,848.693,164784.001,,,52929,1317440,49141,1139684,306,48,,,,,,,false,
7426,starexec,TOP046+3.p,e3-time_index-off,balanced,HARD_TIMEOUT,18710,0.000,,,,,,,,,,,,,,,,false,
7426,starexec,AGT007+2.p,e3-time_sr-and-index-off,balanced,TIMEOUT,922,772.525,164772.685,,,31757,219176,31634,178875,1022,13,,,,,,,false,
7426,starexec,AGT022+1.p,e3-time_sr-and-index-off,balanced,REFUTED,555,1230.993,161310.655,73.136,6232.019,40470,200166,34029,145766,655,13,3043,1752029,4740,869,556,false,false,
7426,starexec,ALG040+1.p,e3-time_sr-and-index-off,balanced,REFUTED,4,425.864,1205.104,67.096,503.515,928,7216,919,6132,12,2,219,40643,602,388,5,false,false,
7426,starexec,ALG213+1.p,e3-time_sr-and-index-off,balanced,TIMEOUT,4,318.657,165241.568,,,1147,10148818,1058,10142350,5,5,,,,,,,false,
7426,starexec,BIO006+1.p,e3-time_sr-and-index-off,balanced,PARSE_ERR,,0.000,,,,,,,,,,,,,,,,false,StackOverflowError
7426,starexec,COM008+1.p,e3-time_sr-and-index-off,balanced,HARD_TIMEOUT,10,0.000,,,,,,,,,,,,,,,,false,
7426,starexec,COM008+2.p,e3-time_sr-and-index-off,balanced,TIMEOUT,8,364.762,165186.237,,,16203,6543662,15022,6512857,13,3,,,,,,,false,
7426,starexec,COM131+1.p,e3-time_sr-and-index-off,balanced,TIMEOUT,59,888.993,165546.146,,,18053,8216792,17454,8187578,157,95,,,,,,,false,
7426,starexec,COM136+1.p,e3-time_sr-and-index-off,balanced,REFUTED,56,3473.570,1045.262,88.207,30299.432,544,2432,452,1719,152,94,2939,13637390,17792,9820,57,false,false,
7426,starexec,COM139+1.p,e3-time_sr-and-index-off,balanced,TIMEOUT,55,1289.901,165016.429,,,6874,10665435,6239,10647369,152,94,,,,,,,false,
7426,starexec,CSR005+2.p,e3-time_sr-and-index-off,balanced,TIMEOUT,55,649.986,165062.191,,,40712,8721677,37943,8610797,120,18,,,,,,,false,
7426,starexec,CSR021+1.p,e3-time_sr-and-index-off,balanced,REFUTED,47,1227.234,2168.028,77.503,5191.012,1183,25392,1156,21337,137,21,1040,664001,4515,1464,48,false,false,
7426,starexec,CSR022+1.p,e3-time_sr-and-index-off,balanced,REFUTED,47,1105.807,1921.215,64.650,5161.181,1182,24945,1163,21033,137,21,1037,662932,4511,1464,48,false,false,
7426,starexec,CSR025+5.p,e3-time_sr-and-index-off,balanced,HARD_TIMEOUT,540249,0.000,,,,,,,,,,,,,,,,false,
7426,starexec,CSR030+3.p,e3-time_sr-and-index-off,balanced,REFUTED,8005,2736.780,49450.475,88.521,3463.787,30318,85112,29204,44547,8007,0,44051,1238415,103763,89,8006,false,false,
7426,starexec,CSR033+3.p,e3-time_sr-and-index-off,balanced,REFUTED,8005,3038.346,57825.758,139.967,4994.929,34402,182764,33754,134864,8007,0,44079,1339440,103767,89,8006,false,false,
7426,starexec,CSR036+5.p,e3-time_sr-and-index-off,balanced,HARD_TIMEOUT,540249,0.000,,,,,,,,,,,,,,,,false,
7426,starexec,CSR038+4.p,e3-time_sr-and-index-off,balanced,HARD_TIMEOUT,44216,0.000,,,,,,,,,,,,,,,,false,
7426,starexec,CSR042+3.p,e3-time_sr-and-index-off,balanced,REFUTED,8005,3079.863,9425.798,183.941,5453.440,11322,20411,11258,8007,8007,0,44041,1238170,103750,89,8006,false,false,
7426,starexec,CSR044+3.p,e3-time_sr-and-index-off,balanced,REFUTED,8005,3030.961,44295.238,150.138,4839.350,28869,83415,28433,44500,8007,0,44067,1439544,103800,89,8006,false,false,
7426,starexec,CSR045+3.p,e3-time_sr-and-index-off,balanced,REFUTED,8005,3021.185,3789.292,151.089,5270.433,5306,11024,5302,8006,8006,0,44064,1004693,103756,89,8006,false,false,
7426,starexec,CSR048+3.p,e3-time_sr-and-index-off,balanced,REFUTED,8005,2707.811,34444.008,97.475,3645.551,29094,83500,28899,44435,8007,0,44043,1238212,103749,89,8006,false,false,
7426,starexec,CSR050+5.p,e3-time_sr-and-index-off,balanced,HARD_TIMEOUT,540249,0.000,,,,,,,,,,,,,,,,false,
7426,starexec,CSR052+3.p,e3-time_sr-and-index-off,balanced,TIMEOUT,8005,2551.346,163913.726,,,56010,282301,51683,184917,8007,0,,,,,,,false,
7426,starexec,CSR054+3.p,e3-time_sr-and-index-off,balanced,REFUTED,8005,3037.235,3824.694,172.846,5753.678,5183,10962,5179,8007,8007,0,44037,1438507,103741,89,8006,false,false,
7426,starexec,CSR056+3.p,e3-time_sr-and-index-off,balanced,REFUTED,8005,2712.979,37123.610,80.432,5258.400,29032,83603,28551,44412,8007,0,44057,1238544,103754,89,8006,false,false,
7426,starexec,CSR058+3.p,e3-time_sr-and-index-off,balanced,REFUTED,8005,2702.034,868.038,82.623,3707.728,689,8015,689,8007,8007,0,44037,1438501,103742,89,8006,false,false,
7426,starexec,CSR066+5.p,e3-time_sr-and-index-off,balanced,HARD_TIMEOUT,540249,0.000,,,,,,,,,,,,,,,,false,
7426,starexec,CSR067+3.p,e3-time_sr-and-index-off,balanced,REFUTED,8005,3062.165,9975.703,188.026,5534.713,11314,20399,11250,8007,8007,0,44041,1238170,103750,89,8006,false,false,
7426,starexec,CSR113+13.p,e3-time_sr-and-index-off,balanced,TIMEOUT,10188,1333.717,164728.474,,,57788,276925,57750,219088,10593,79,,,,,,,false,
7426,starexec,CSR113+30.p,e3-time_sr-and-index-off,balanced,TIMEOUT,10188,1388.669,164452.950,,,66866,409493,66850,342583,10559,79,,,,,,,false,
7426,starexec,CSR113+4.p,e3-time_sr-and-index-off,balanced,TIMEOUT,10188,1434.167,164688.062,,,68080,403779,68065,335662,10564,79,,,,,,,false,
7426,starexec,CSR114+8.p,e3-time_sr-and-index-off,balanced,TIMEOUT,10188,2186.414,164110.146,,,51277,314074,51262,262752,10478,79,,,,,,,false,
7426,starexec,CSR115+8.p,e3-time_sr-and-index-off,balanced,TIMEOUT,10188,1371.303,164674.902,,,71015,327157,71008,256127,10631,79,,,,,,,false,
7426,starexec,CSR116+10.p,e3-time_sr-and-index-off,balanced,TIMEOUT,10188,2202.386,163716.308,,,54419,336680,54407,282250,10739,79,,,,,,,false,
7426,starexec,CSR116+13.p,e3-time_sr-and-index-off,balanced,REFUTED,10188,28910.675,18553.083,232.191,86440.828,13701,107063,13541,93354,10594,79,53838,134029576,54000,6739,10189,false,false,
7426,starexec,CSR116+19.p,e3-time_sr-and-index-off,balanced,REFUTED,10188,25438.127,24222.766,167.580,88979.436,17855,144362,16353,126485,10671,79,53915,134412551,54325,7335,10189,false,false,
7426,starexec,CSR116+3.p,e3-time_sr-and-index-off,balanced,TIMEOUT,10188,2097.447,163894.212,,,64654,306806,64546,242057,10689,79,,,,,,,false,
7426,starexec,CSR116+38.p,e3-time_sr-and-index-off,balanced,TIMEOUT,10188,1333.531,164565.666,,,67075,408599,67072,341502,10654,79,,,,,,,false,
7426,starexec,CSR116+8.p,e3-time_sr-and-index-off,balanced,TIMEOUT,10188,1377.234,164676.748,,,57431,288189,57416,230745,10748,79,,,,,,,false,
7426,starexec,CSR117+1.p,e3-time_sr-and-index-off,balanced,REFUTED,268,936.197,1384.099,109.279,1708.515,856,1354,843,624,270,17,1632,440423,2138,563,269,false,false,
7426,starexec,CSR208+1.p,e3-time_sr-and-index-off,balanced,HARD_TIMEOUT,7432,0.000,,,,,,,,,,,,,,,,false,
7426,starexec,GEO085+1.p,e3-time_sr-and-index-off,balanced,REFUTED,16,811.319,348.573,57.093,1837.245,65,126,61,58,56,17,684,329282,2900,1406,17,false,false,
7426,starexec,GEO087+1.p,e3-time_sr-and-index-off,balanced,REFUTED,16,890.192,438.037,41.362,2026.541,105,245,102,124,56,19,691,336523,2894,1417,17,false,false,
7426,starexec,GEO089+1.p,e3-time_sr-and-index-off,balanced,TIMEOUT,16,590.119,165155.391,,,21394,14856690,20444,14798518,57,19,,,,,,,false,
7426,starexec,GEO093+1.p,e3-time_sr-and-index-off,balanced,REFUTED,16,761.290,2575.616,56.442,1360.561,1363,97552,1327,95198,59,20,771,465317,3094,1585,17,false,false,
7426,starexec,GEO095+1.p,e3-time_sr-and-index-off,balanced,TIMEOUT,16,601.435,165102.111,,,16829,13310665,14248,13244771,57,19,,,,,,,false,
7426,starexec,GEO111+1.p,e3-time_sr-and-index-off,balanced,REFUTED,17,1032.096,4175.777,75.152,2747.174,1274,122284,1234,120014,64,22,827,594367,3583,1819,18,false,false,
7426,starexec,GEO117+1.p,e3-time_sr-and-index-off,balanced,REFUTED,27,1290.377,1218.981,47.190,5114.673,575,6687,474,5847,113,34,1255,1095974,5908,2245,28,false,false,
7426,starexec,GEO138+1.p,e3-time_sr-and-index-off,balanced,TIMEOUT,27,723.341,165130.200,,,18876,13979157,18314,13939235,116,36,,,,,,,false,
7426,starexec,GEO260+1.p,e3-time_sr-and-index-off,balanced,REFUTED,31,675.889,20752.106,109.009,1604.521,5401,1886051,4611,1873779,70,7,804,325407,2515,864,32,false,false,
7426,starexec,GEO274+1.p,e3-time_sr-and-index-off,balanced,TIMEOUT,116,1775.815,164664.672,,,33417,2037474,33352,1996467,265,57,,,,,,,false,
7426,starexec,GEO277+1.p,e3-time_sr-and-index-off,balanced,TIMEOUT,126,1843.166,164700.593,,,43511,863834,37939,807957,279,57,,,,,,,false,
7426,starexec,GEO282+1.p,e3-time_sr-and-index-off,balanced,REFUTED,123,3206.706,1723.261,86.319,21512.483,1106,2528,1077,1358,284,55,4834,7157468,36079,13064,124,false,false,
7426,starexec,GEO285+1.p,e3-time_sr-and-index-off,balanced,REFUTED,132,3417.479,2470.968,93.884,24067.091,1876,8354,1740,6314,298,56,4839,7395835,36348,13064,133,false,false,
7426,starexec,GEO298+1.p,e3-time_sr-and-index-off,balanced,TIMEOUT,157,1836.582,164635.528,,,34819,2361587,34375,2314448,321,63,,,,,,,false,
7426,starexec,GEO306+1.p,e3-time_sr-and-index-off,balanced,TIMEOUT,126,1862.977,164733.572,,,38812,1117360,38332,1066673,289,60,,,,,,,false,
7426,starexec,GEO307+1.p,e3-time_sr-and-index-off,balanced,TIMEOUT,145,1839.003,164714.668,,,35351,1718543,35254,1671289,308,60,,,,,,,false,
7426,starexec,GEO308+1.p,e3-time_sr-and-index-off,balanced,TIMEOUT,146,1930.592,164642.797,,,37249,1126065,36707,1078124,309,60,,,,,,,false,
7426,starexec,GEO310+1.p,e3-time_sr-and-index-off,balanced,TIMEOUT,148,1839.635,164734.979,,,38229,1849850,37879,1797238,311,60,,,,,,,false,
7426,starexec,GEO321+1.p,e3-time_sr-and-index-off,balanced,TIMEOUT,177,1650.338,164703.654,,,41058,1233706,39107,1180815,340,60,,,,,,,false,
7426,starexec,GEO323+1.p,e3-time_sr-and-index-off,balanced,TIMEOUT,179,1715.909,164540.147,,,37961,2160282,36795,2108833,342,60,,,,,,,false,
7426,starexec,GEO328+1.p,e3-time_sr-and-index-off,balanced,TIMEOUT,185,1884.090,164744.881,,,46497,750908,45755,691221,348,60,,,,,,,false,
7426,starexec,GEO330+1.p,e3-time_sr-and-index-off,balanced,TIMEOUT,187,1162.776,165090.586,,,47293,3710159,45301,3642323,350,60,,,,,,,false,
7426,starexec,GEO331+1.p,e3-time_sr-and-index-off,balanced,REFUTED,125,3162.650,1856.909,89.543,23093.789,1023,3609,987,2556,279,60,5297,7952486,40539,13064,126,false,false,
7426,starexec,GEO337+1.p,e3-time_sr-and-index-off,balanced,TIMEOUT,129,1779.289,164683.002,,,42602,941124,42081,884073,283,60,,,,,,,false,
7426,starexec,GEO343+1.p,e3-time_sr-and-index-off,balanced,TIMEOUT,124,1831.208,164625.819,,,39067,772759,38925,723083,292,61,,,,,,,false,
7426,starexec,GEO349+1.p,e3-time_sr-and-index-off,balanced,TIMEOUT,130,1751.456,164679.831,,,37913,742578,37189,692673,302,66,,,,,,,false,
7426,starexec,GEO351+1.p,e3-time_sr-and-index-off,balanced,TIMEOUT,136,1873.427,164723.472,,,37922,902707,37260,853003,311,69,,,,,,,false,
7426,starexec,GEO480+1.p,e3-time_sr-and-index-off,balanced,HARD_TIMEOUT,3634,0.000,,,,,,,,,,,,,,,,false,
7426,starexec,GEO491+1.p,e3-time_sr-and-index-off,balanced,TIMEOUT,44,347.369,166734.191,,,25279,8651293,24032,8599704,75,6,,,,,,,false,
7426,starexec,GEO494+1.p,e3-time_sr-and-index-off,balanced,REFUTED,66,978.954,42922.618,109.221,1323.898,10342,2779074,9691,2758188,101,6,1011,264698,7237,675,67,false,false,
7426,starexec,GEO498+1.p,e3-time_sr-and-index-off,balanced,REFUTED,109,970.748,424.093,67.665,1250.455,75,267,72,182,162,4,1331,237862,10578,618,110,false,false,
7426,starexec,GEO501+1.p,e3-time_sr-and-index-off,balanced,TIMEOUT,122,738.917,166586.816,,,29062,13665473,27083,13602075,179,5,,,,,,,false,
7426,starexec,GEO504+1.p,e3-time_sr-and-index-off,balanced,REFUTED,130,977.076,1527.009,86.950,1532.047,716,12977,677,11709,191,3,1625,217857,12823,791,131,false,false,
7426,starexec,GEO513+1.p,e3-time_sr-and-index-off,balanced,TIMEOUT,172,937.495,164676.323,,,30645,9784967,27366,9721579,265,5,,,,,,,false,
7426,starexec,GEO514+1.p,e3-time_sr-and-index-off,balanced,TIMEOUT,173,581.158,165095.793,,,32360,14290647,28996,14219247,264,4,,,,,,,false,
7426,starexec,GEO517+1.p,e3-time_sr-and-index-off,balanced,TIMEOUT,180,1037.449,164713.663,,,35390,9085059,34360,9011165,277,8,,,,,,,false,
7426,starexec,GEO520+1.p,e3-time_sr-and-index-off,balanced,TIMEOUT,193,1057.875,164808.932,,,28073,9341513,27162,9287225,287,5,,,,,,,false,
7426,starexec,GEO523+1.p,e3-time_sr-and-index-off,balanced,REFUTED,200,1294.425,150029.597,91.416,1914.493,23731,10174382,19220,10130402,294,4,2469,487025,22063,983,201,false,false,
7426,starexec,GEO526+1.p,e3-time_sr-and-index-off,balanced,TIMEOUT,209,1029.027,164678.507,,,29120,9069701,27832,9006670,307,5,,,,,,,false,
7426,starexec,GEO528+1.p,e3-time_sr-and-index-off,balanced,REFUTED,212,1427.182,48398.400,107.672,2030.220,12805,2694880,12042,2660253,307,4,2727,599856,23275,983,213,false,false,
7426,starexec,GEO535+1.p,e3-time_sr-and-index-off,balanced,TIMEOUT,227,890.248,165124.909,,,31241,11865846,29549,11799732,335,6,,,,,,,false,
7426,starexec,GRA005+1.p,e3-time_sr-and-index-off,balanced,REFUTED,17,1049.922,380.096,57.258,3325.103,94,140,93,78,83,21,844,566297,3819,2303,18,false,false,
7426,starexec,GRA008+1.p,e3-time_sr-and-index-off,balanced,TIMEOUT,17,583.921,165769.315,,,62902,5656262,61018,5536065,83,20,,,,,,,false,
7426,starexec,GRP652+2.p,e3-time_sr-and-index-off,balanced,HARD_TIMEOUT,5675,0.000,,,,,,,,,,,,,,,,false,
7426,starexec,GRP654+1.p,e3-time_sr-and-index-off,balanced,TIMEOUT,5,280.732,166202.337,,,490,2019264,369,2015822,6,1,,,,,,,false,
7426,starexec,GRP655+3.p,e3-time_sr-and-index-off,balanced,TIMEOUT,5,292.168,165480.699,,,1092,3354189,744,3350631,6,2,,,,,,,false,
7426,starexec,GRP748+1.p,e3-time_sr-and-index-off,balanced,TIMEOUT,11,389.851,166193.066,,,1548,5004015,1191,4998899,15,12,,,,,,,false,
7426,starexec,HWV051+1.p,e3-time_sr-and-index-off,balanced,TIMEOUT,724,964.421,164645.543,,,88448,483980,85202,328382,919,5,,,,,,,false,
7426,starexec,ITP002+2.p,e3-time_sr-and-index-off,balanced,TIMEOUT,33,616.625,164969.642,,,25426,1124363,25296,1098579,58,9,,,,,,,false,
7426,starexec,ITP004+1.p,e3-time_sr-and-index-off,balanced,TIMEOUT,30,658.538,165491.991,,,3343,10428545,3207,10409659,56,6,,,,,,,false,
7426,starexec,ITP004+4.p,e3-time_sr-and-index-off,balanced,HARD_TIMEOUT,3173,0.000,,,,,,,,,,,,,,,,false,
7426,starexec,ITP006+2.p,e3-time_sr-and-index-off,balanced,TIMEOUT,51,876.720,164995.497,,,28909,14795254,22736,14735082,243,40,,,,,,,false,
7426,starexec,ITP006+4.p,e3-time_sr-and-index-off,balanced,HARD_TIMEOUT,5652,0.000,,,,,,,,,,,,,,,,false,
7426,starexec,ITP009+2.p,e3-time_sr-and-index-off,balanced,TIMEOUT,36,657.030,165305.949,,,31378,3272973,31183,3234928,99,18,,,,,,,false,
7426,starexec,ITP012+4.p,e3-time_sr-and-index-off,balanced,HARD_TIMEOUT,14071,0.000,,,,,,,,,,,,,,,,false,
7426,starexec,ITP012+5.p,e3-time_sr-and-index-off,balanced,HARD_TIMEOUT,10256,0.000,,,,,,,,,,,,,,,,false,
7426,starexec,ITP013+1.p,e3-time_sr-and-index-off,balanced,TIMEOUT,45,626.620,165278.434,,,1224,3321997,1186,3316579,108,8,,,,,,,false,
7426,starexec,ITP018+5.p,e3-time_sr-and-index-off,balanced,HARD_TIMEOUT,16278,0.000,,,,,,,,,,,,,,,,false,
7426,starexec,ITP020+2.p,e3-time_sr-and-index-off,balanced,REFUTED,62,1946.026,5434.921,66.622,34788.352,3376,111084,2970,104476,293,55,2558,2950720,10988,2968,63,false,false,
7426,starexec,ITP020+4.p,e3-time_sr-and-index-off,balanced,HARD_TIMEOUT,25152,0.000,,,,,,,,,,,,,,,,false,
7426,starexec,ITP023+2.p,e3-time_sr-and-index-off,balanced,TIMEOUT,58,704.286,165145.432,,,40605,7302426,36715,7233732,239,27,,,,,,,false,
7426,starexec,KLE100+1.p,e3-time_sr-and-index-off,balanced,TIMEOUT,26,362.802,165181.466,,,3502,10532025,2862,10509159,29,3,,,,,,,false,
7426,starexec,KLE169+1.p,e3-time_sr-and-index-off,balanced,TIMEOUT,17,303.929,165273.785,,,2810,12768040,2693,12735176,19,0,,,,,,,false,
7426,starexec,KLE170+1.002.p,e3-time_sr-and-index-off,balanced,TIMEOUT,16,284.544,165427.179,,,2527,13536671,2410,13510699,18,0,,,,,,,false,
7426,starexec,KRS187+1.p,e3-time_sr-and-index-off,balanced,REFUTED,32,1732.210,69670.728,38.984,12064.639,13223,9897406,12009,9861216,129,74,2138,2391295,6027,2717,33,false,false,
7426,starexec,KRS190+1.p,e3-time_sr-and-index-off,balanced,REFUTED,32,1384.437,66641.447,28.618,9344.909,12523,9368628,11333,9333644,129,74,2138,2391295,6027,2717,33,false,false,
7426,starexec,KRS192+1.p,e3-time_sr-and-index-off,balanced,TIMEOUT,32,804.641,166344.473,,,22456,22224653,20692,22162745,129,74,,,,,,,false,
7426,starexec,KRS195+1.p,e3-time_sr-and-index-off,balanced,REFUTED,32,1801.471,70887.999,50.504,11710.772,13657,10307985,12426,10270949,129,74,2138,2391295,6028,2717,33,false,false,
7426,starexec,KRS196+1.p,e3-time_sr-and-index-off,balanced,REFUTED,32,1641.643,70774.864,47.662,11561.585,12685,9450237,11494,9415041,129,74,2138,2391295,6026,2717,33,false,false,
7426,starexec,KRS216+1.p,e3-time_sr-and-index-off,balanced,REFUTED,32,1811.133,101858.676,59.095,11720.399,16681,14203066,15062,14155664,129,74,2227,2590026,6129,2717,33,false,false,
7426,starexec,KRS233+1.p,e3-time_sr-and-index-off,balanced,TIMEOUT,32,784.417,165109.573,,,23227,22894953,21347,22832119,129,74,,,,,,,false,
7426,starexec,KRS234+1.p,e3-time_sr-and-index-off,balanced,REFUTED,32,1590.230,63177.809,32.493,6854.038,10635,8184479,9808,8153028,129,74,2165,2451610,6054,2717,33,false,false,
7426,starexec,KRS251+1.p,e3-time_sr-and-index-off,balanced,TIMEOUT,32,792.638,165172.973,,,23003,22407769,21040,22345495,129,74,,,,,,,false,
7426,starexec,KRS261+1.p,e3-time_sr-and-index-off,balanced,TIMEOUT,32,825.064,165052.848,,,22616,21914973,20641,21854247,129,74,,,,,,,false,
7426,starexec,KRS262+1.p,e3-time_sr-and-index-off,balanced,REFUTED,32,1751.733,8332.500,41.642,10465.673,2888,959144,2844,952758,129,74,2143,2402369,6026,2717,33,false,false,
7426,starexec,LAT258+1.p,e3-time_sr-and-index-off,balanced,TIMEOUT,17,407.352,165060.846,,,32216,18815341,29757,18701739,23,1,,,,,,,false,
7426,starexec,LAT287+3.p,e3-time_sr-and-index-off,balanced,HARD_TIMEOUT,12371,0.000,,,,,,,,,,,,,,,,false,
7426,starexec,LAT303+4.p,e3-time_sr-and-index-off,balanced,HARD_TIMEOUT,34684,0.000,,,,,,,,,,,,,,,,false,
7426,starexec,LAT305+3.p,e3-time_sr-and-index-off,balanced,HARD_TIMEOUT,13616,0.000,,,,,,,,,,,,,,,,false,
7426,starexec,LAT351+3.p,e3-time_sr-and-index-off,balanced,HARD_TIMEOUT,17808,0.000,,,,,,,,,,,,,,,,false,
7426,starexec,LCL062+2.p,e3-time_sr-and-index-off,balanced,TIMEOUT,2,278.472,165228.487,,,11529,11621125,10748,11543907,3,0,,,,,,,false,
7426,starexec,LCL073+1.p,e3-time_sr-and-index-off,balanced,TIMEOUT,2,292.907,165213.986,,,8624,14819693,7934,14571511,3,3,,,,,,,false,
7426,starexec,LCL109+1.p,e3-time_sr-and-index-off,balanced,TIMEOUT,5,253.746,165258.433,,,10521,15813575,10017,15774899,6,0,,,,,,,false,
7426,starexec,LCL368+1.p,e3-time_sr-and-index-off,balanced,REFUTED,4,298.983,18235.618,57.100,94.451,3993,1560678,3726,1549562,5,0,164,9316,420,103,5,false,false,
7426,starexec,LCL368+2.p,e3-time_sr-and-index-off,balanced,REFUTED,2,266.130,73339.452,51.505,132.761,8841,7431462,8103,7370188,3,0,127,15446,1067,971,3,false,false,
7426,starexec,LCL369+1.p,e3-time_sr-and-index-off,balanced,TIMEOUT,4,253.939,165383.654,,,12178,12132366,11435,12093188,5,0,,,,,,,false,
7426,starexec,LCL369+2.p,e3-time_sr-and-index-off,balanced,TIMEOUT,2,269.547,165295.353,,,11469,11265526,10511,11188278,3,0,,,,,,,false,
7426,starexec,LCL370+1.p,e3-time_sr-and-index-off,balanced,REFUTED,4,326.877,123669.273,86.348,210.766,10963,9832315,10585,9798171,5,0,228,11265,534,91,5,false,false,
7426,starexec,LCL372+2.p,e3-time_sr-and-index-off,balanced,TIMEOUT,2,273.991,165231.105,,,11484,11691435,10557,11606505,3,0,,,,,,,false,
7426,starexec,LCL373+2.p,e3-time_sr-and-index-off,balanced,TIMEOUT,2,279.071,165222.335,,,11577,11903575,10690,11818135,3,0,,,,,,,false,
7426,starexec,LCL374+1.p,e3-time_sr-and-index-off,balanced,REFUTED,4,332.464,164231.197,98.327,193.936,12444,12827939,11707,12788455,5,0,243,14134,564,103,5,false,false,
7426,starexec,LCL375+1.p,e3-time_sr-and-index-off,balanced,TIMEOUT,4,167.873,165484.148,,,15309,18972076,14518,18922896,5,0,,,,,,,false,
7426,starexec,LCL382+1.p,e3-time_sr-and-index-off,balanced,REFUTED,4,323.907,122601.904,80.963,163.756,11009,9924925,10644,9890761,5,0,198,9699,485,92,5,false,false,
7426,starexec,LCL382+2.p,e3-time_sr-and-index-off,balanced,TIMEOUT,2,276.975,165292.002,,,11914,12493895,11161,12406851,3,0,,,,,,,false,
7426,starexec,LCL383+1.p,e3-time_sr-and-index-off,balanced,REFUTED,4,328.363,147439.727,95.408,182.476,11767,11391418,11305,11354234,5,0,218,12624,515,103,5,false,false,
7426,starexec,LCL390+2.p,e3-time_sr-and-index-off,balanced,TIMEOUT,2,270.994,165235.059,,,11670,12015879,10737,11930419,3,0,,,,,,,false,
7426,starexec,LCL391+2.p,e3-time_sr-and-index-off,balanced,TIMEOUT,2,184.584,165501.607,,,12239,12973399,11488,12885149,3,0,,,,,,,false,
7426,starexec,LCL392+2.p,e3-time_sr-and-index-off,balanced,TIMEOUT,2,277.499,165216.527,,,11577,11820317,10639,11735245,3,0,,,,,,,false,
7426,starexec,LCL393+1.p,e3-time_sr-and-index-off,balanced,TIMEOUT,4,235.671,165238.457,,,12602,13142997,12055,13102649,5,0,,,,,,,false,
7426,starexec,LCL393+2.p,e3-time_sr-and-index-off,balanced,TIMEOUT,2,188.665,165530.317,,,13330,14856104,12308,14765910,3,0,,,,,,,false,
7426,starexec,LCL395+1.p,e3-time_sr-and-index-off,balanced,TIMEOUT,4,168.753,165506.965,,,12384,12801799,11821,12761427,5,0,,,,,,,false,
7426,starexec,LCL395+2.p,e3-time_sr-and-index-off,balanced,TIMEOUT,2,271.499,165060.364,,,11527,11466068,10658,11387906,3,0,,,,,,,false,
7426,starexec,LCL484+1.p,e3-time_sr-and-index-off,balanced,REFUTED,44,1236.044,518.435,60.211,5190.289,119,264,108,138,74,55,1400,1190894,2945,1818,45,false,false,
7426,starexec,LCL556+1.p,e3-time_sr-and-index-off,balanced,TIMEOUT,76,692.900,165103.898,,,28704,14204381,22884,14118279,135,94,,,,,,,false,
7426,starexec,LCL638+1.020.p,e3-time_sr-and-index-off,balanced,HARD_TIMEOUT,0,0.000,,,,,,,,,,,,,,,,false,
7426,starexec,LCL646+1.010.p,e3-time_sr-and-index-off,balanced,TIMEOUT,0,4545.467,164811.134,,,97339,6999026,97339,6901687,294,146,,,,,,,false,
7426,starexec,LCL646+1.015.p,e3-time_sr-and-index-off,balanced,HARD_TIMEOUT,0,0.000,,,,,,,,,,,,,,,,false,
7426,starexec,LCL648+1.010.p,e3-time_sr-and-index-off,balanced,HARD_TIMEOUT,0,0.000,,,,,,,,,,,,,,,,false,
7426,starexec,LCL650+1.010.p,e3-time_sr-and-index-off,balanced,TIMEOUT,0,1872.607,164724.849,,,6732,115693,6632,108913,220,126,,,,,,,false,
7426,starexec,LCL652+1.010.p,e3-time_sr-and-index-off,balanced,TIMEOUT,0,1600.422,147081.018,,,100000,11022596,95409,10912910,181,110,,,,,,,false,
7426,starexec,LCL662+1.020.p,e3-time_sr-and-index-off,balanced,HARD_TIMEOUT,1,0.000,,,,,,,,,,,,,,,,false,
7426,starexec,LCL664+1.010.p,e3-time_sr-and-index-off,balanced,TIMEOUT,1,4234.613,164641.881,,,66139,15273348,34717,15186318,295,146,,,,,,,false,
7426,starexec,LCL666+1.010.p,e3-time_sr-and-index-off,balanced,HARD_TIMEOUT,1,0.000,,,,,,,,,,,,,,,,false,
7426,starexec,LCL688+1.001.p,e3-time_sr-and-index-off,balanced,REFUTED,2,558.514,8025.877,34.790,1096.708,11460,503738,10834,480244,28,16,537,512586,1711,5041,3,false,false,
7426,starexec,LCL688+1.015.p,e3-time_sr-and-index-off,balanced,TIMEOUT,2,2416.315,164743.467,,,35827,27851314,26666,27790912,294,184,,,,,,,false,
7426,starexec,LCL891+1.p,e3-time_sr-and-index-off,balanced,TIMEOUT,12,312.313,165262.312,,,2256,9267385,2077,9258697,16,3,,,,,,,false,
7426,starexec,LCL898+1.p,e3-time_sr-and-index-off,balanced,TIMEOUT,14,356.843,165139.782,,,6567,14375850,6321,14345832,16,2,,,,,,,false,
7426,starexec,LCL901+1.p,e3-time_sr-and-index-off,balanced,REFUTED,14,421.616,124146.209,78.998,333.191,2349,10470272,2227,10444321,16,1,297,18039,750,211,15,false,false,
7426,starexec,LCL978+1.p,e3-time_sr-and-index-off,balanced,TIMEOUT,2,306.672,165232.251,,,8453,14762304,7860,14681170,3,3,,,,,,,false,
7426,starexec,LCL979+1.p,e3-time_sr-and-index-off,balanced,TIMEOUT,2,304.264,165268.588,,,6013,4311502,4532,4272942,3,3,,,,,,,false,
7426,starexec,LCL982+1.p,e3-time_sr-and-index-off,balanced,REFUTED,2,474.475,277.559,61.549,374.679,24,67,23,41,3,3,108,16086,409,273,3,false,false,
7426,starexec,LCL983+1.p,e3-time_sr-and-index-off,balanced,TIMEOUT,2,406.139,165530.159,,,10923,20676050,10397,20414390,3,3,,,,,,,false,
7426,starexec,MGT005+1.p,e3-time_sr-and-index-off,balanced,REFUTED,10,939.263,5821.358,124.246,3195.110,2913,73226,2638,64813,29,13,504,1045080,3189,5235,11,false,false,
7426,starexec,MGT035+2.p,e3-time_sr-and-index-off,balanced,TIMEOUT,19,401.746,165292.765,,,19334,13749567,18799,13714852,43,5,,,,,,,false,
7426,starexec,MGT067+1.p,e3-time_sr-and-index-off,balanced,REFUTED,157,967.833,872.779,68.082,2308.361,778,1201,754,391,177,3,1294,364246,8387,680,158,false,false,
7426,starexec,MGT068+1.p,e3-time_sr-and-index-off,balanced,REFUTED,59,737.503,5865.867,90.106,989.680,1654,410471,1626,404847,85,4,751,151705,3350,459,60,false,false,
7426,starexec,MGT076+1.p,e3-time_sr-and-index-off,balanced,REFUTED,34,392.671,209.822,29.184,454.341,54,110,46,54,54,4,422,60214,1887,383,35,false,false,
7426,starexec,MGT077+1.p,e3-time_sr-and-index-off,balanced,REFUTED,44,613.793,322.791,31.453,728.858,72,190,70,110,64,4,475,76399,2032,414,45,false,false,
7426,starexec,MGT078+1.p,e3-time_sr-and-index-off,balanced,REFUTED,56,684.378,459.983,38.537,962.547,180,644,180,430,80,6,539,140184,2018,619,57,false,false,
7426,starexec,MGT079+1.p,e3-time_sr-and-index-off,balanced,REFUTED,56,604.186,549.043,57.301,808.885,167,617,149,413,77,3,536,89966,2014,413,57,false,false,
7426,starexec,MGT080+1.p,e3-time_sr-and-index-off,balanced,REFUTED,73,716.788,627.403,62.711,728.307,276,1389,255,1033,99,7,643,233460,2115,881,74,false,false,
7426,starexec,MGT082+1.p,e3-time_sr-and-index-off,balanced,REFUTED,56,666.734,509.944,65.996,975.669,180,776,171,546,80,6,568,152809,2033,635,57,false,false,
7426,starexec,MGT085+1.p,e3-time_sr-and-index-off,balanced,REFUTED,43,648.857,9993.823,44.413,547.724,2786,1572607,2771,1552812,65,6,524,142865,2023,619,44,false,false,
7426,starexec,MGT086+1.p,e3-time_sr-and-index-off,balanced,REFUTED,43,629.155,353.897,43.706,771.025,78,195,67,112,63,3,472,78452,1975,410,44,false,false,
7426,starexec,MGT088+1.p,e3-time_sr-and-index-off,balanced,REFUTED,39,628.125,298.220,27.382,751.496,49,128,49,79,59,4,447,65338,1989,393,40,false,false,
7426,starexec,MGT090+1.p,e3-time_sr-and-index-off,balanced,REFUTED,59,623.979,370.932,35.359,784.781,103,174,98,90,90,3,581,71034,2646,354,60,false,false,
7426,starexec,MGT091+1.p,e3-time_sr-and-index-off,balanced,REFUTED,46,704.288,1156.388,54.490,776.972,381,9431,380,8717,83,3,571,81016,3281,362,47,false,false,
7426,starexec,NLP147+1.p,e3-time_sr-and-index-off,balanced,REFUTED,61,1132.406,414.322,61.847,3865.965,224,251,223,94,94,12,1021,1237420,3831,15197,62,false,false,
7426,starexec,NLP260+1.p,e3-time_sr-and-index-off,balanced,HARD_TIMEOUT,1026860,0.000,,,,,,,,,,,,,,,,false,
7426,starexec,NLP261+1.p,e3-time_sr-and-index-off,balanced,HARD_TIMEOUT,1026860,0.000,,,,,,,,,,,,,,,,false,
7426,starexec,NLP262+1.p,e3-time_sr-and-index-off,balanced,HARD_TIMEOUT,1026860,0.000,,,,,,,,,,,,,,,,false,
7426,starexec,NUM292+1.p,e3-time_sr-and-index-off,balanced,REFUTED,401,735.830,147962.090,60.551,660.714,36244,109169,36242,72084,407,0,1446,52593,4581,303,402,false,false,
7426,starexec,NUM321+1.p,e3-time_sr-and-index-off,balanced,TIMEOUT,401,586.218,164705.626,,,38860,112409,38858,72614,407,0,,,,,,,false,
7426,starexec,NUM335+1.p,e3-time_sr-and-index-off,balanced,TIMEOUT,401,566.881,164755.903,,,39889,113832,39887,72958,408,1,,,,,,,false,
7426,starexec,NUM639+4.p,e3-time_sr-and-index-off,balanced,HARD_TIMEOUT,316,0.000,,,,,,,,,,,,,,,,false,
7426,starexec,NUM647+4.p,e3-time_sr-and-index-off,balanced,TIMEOUT,346,1321.438,164971.915,,,23651,11497121,21394,11446311,586,29,,,,,,,false,
7426,starexec,NUM653+4.p,e3-time_sr-and-index-off,balanced,TIMEOUT,393,1335.471,164518.705,,,30443,10947561,28884,10891149,673,29,,,,,,,false,
7426,starexec,NUM656+4.p,e3-time_sr-and-index-off,balanced,TIMEOUT,402,1269.096,164577.830,,,25955,11410341,24473,11359259,691,29,,,,,,,false,
7426,starexec,NUM657+4.p,e3-time_sr-and-index-off,balanced,TIMEOUT,405,1303.493,164605.834,,,24880,11665033,23077,11615005,697,29,,,,,,,false,
7426,starexec,NUM658+4.p,e3-time_sr-and-index-off,balanced,HARD_TIMEOUT,408,0.000,,,,,,,,,,,,,,,,false,
7426,starexec,NUM663+4.p,e3-time_sr-and-index-off,balanced,TIMEOUT,419,1270.172,164645.923,,,29329,12650355,27166,12598177,727,29,,,,,,,false,
7426,starexec,NUM664+4.p,e3-time_sr-and-index-off,balanced,TIMEOUT,423,1364.671,164517.907,,,24827,13043797,23711,12997485,736,29,,,,,,,false,
7426,starexec,NUM669+4.p,e3-time_sr-and-index-off,balanced,TIMEOUT,443,1264.714,164468.522,,,23525,10922701,21942,10876289,776,29,,,,,,,false,
7426,starexec,NUM671+4.p,e3-time_sr-and-index-off,balanced,TIMEOUT,453,1380.015,164440.672,,,27563,12452840,25417,12400827,795,29,,,,,,,false,
7426,starexec,NUM689+4.p,e3-time_sr-and-index-off,balanced,TIMEOUT,554,1348.266,164473.013,,,29300,9675259,27850,9629954,1006,29,,,,,,,false,
7426,starexec,NUM690+4.p,e3-time_sr-and-index-off,balanced,TIMEOUT,559,1443.490,164326.642,,,29443,11342896,27171,11279396,1017,29,,,,,,,false,
7426,starexec,NUM691+4.p,e3-time_sr-and-index-off,balanced,TIMEOUT,564,1445.912,164330.639,,,26660,12006845,25390,11958243,1028,29,,,,,,,false,
7426,starexec,NUM694+4.p,e3-time_sr-and-index-off,balanced,TIMEOUT,572,1477.428,164330.012,,,29944,11060997,29055,11006267,1043,29,,,,,,,false,
7426,starexec,NUM695+4.p,e3-time_sr-and-index-off,balanced,TIMEOUT,574,1503.464,164466.735,,,28417,9873626,26221,9808708,1046,29,,,,,,,false,
7426,starexec,NUM698+4.p,e3-time_sr-and-index-off,balanced,TIMEOUT,585,1383.627,164450.200,,,28816,10845315,27098,10787475,1067,29,,,,,,,false,
7426,starexec,NUM707+4.p,e3-time_sr-and-index-off,balanced,HARD_TIMEOUT,634,0.000,,,,,,,,,,,,,,,,false,
7426,starexec,NUM709+4.p,e3-time_sr-and-index-off,balanced,TIMEOUT,639,1570.835,164370.830,,,30385,10885961,28814,10826177,1157,29,,,,,,,false,
7426,starexec,NUM743+4.p,e3-time_sr-and-index-off,balanced,TIMEOUT,907,1751.460,164298.424,,,35466,9037924,35045,8986931,1679,33,,,,,,,false,
7426,starexec,NUM747+4.p,e3-time_sr-and-index-off,balanced,TIMEOUT,943,1803.655,164368.969,,,31315,8916662,28144,8851900,1750,33,,,,,,,false,
7426,starexec,NUM750+4.p,e3-time_sr-and-index-off,balanced,TIMEOUT,964,1646.630,164316.413,,,29469,9498699,28814,9454124,1788,33,,,,,,,false,
7426,starexec,NUM757+4.p,e3-time_sr-and-index-off,balanced,TIMEOUT,1012,1669.031,164290.274,,,30396,12244298,29264,12191475,1888,33,,,,,,,false,
7426,starexec,NUM783+4.p,e3-time_sr-and-index-off,balanced,TIMEOUT,1257,1780.377,164458.093,,,39078,7367310,38531,7309942,2380,33,,,,,,,false,
7426,starexec,NUM785+4.p,e3-time_sr-and-index-off,balanced,TIMEOUT,1274,1774.641,163999.561,,,30538,8353122,29983,8294146,2413,33,,,,,,,false,
7426,starexec,NUM786+4.p,e3-time_sr-and-index-off,balanced,TIMEOUT,1277,1812.205,164074.130,,,42908,7595210,41814,7525362,2419,33,,,,,,,false,
7426,starexec,NUM787+4.p,e3-time_sr-and-index-off,balanced,TIMEOUT,1280,1925.500,164124.772,,,34674,8063283,33020,7990139,2425,33,,,,,,,false,
7426,starexec,NUM789+4.p,e3-time_sr-and-index-off,balanced,TIMEOUT,1286,2022.052,164090.528,,,35329,7989948,34937,7938186,2437,33,,,,,,,false,
7426,starexec,NUM795+4.p,e3-time_sr-and-index-off,balanced,TIMEOUT,1411,1949.187,164030.830,,,33767,9957219,33021,9906309,2687,33,,,,,,,false,
7426,starexec,NUM796+4.p,e3-time_sr-and-index-off,balanced,TIMEOUT,1416,1175.651,164481.474,,,39319,8123711,38858,8057333,2698,33,,,,,,,false,
7426,starexec,NUM835+1.p,e3-time_sr-and-index-off,balanced,REFUTED,38,582.147,331.767,40.241,720.020,32,125,28,85,49,4,527,72943,1620,572,39,false,false,
7426,starexec,NUM840+1.p,e3-time_sr-and-index-off,balanced,REFUTED,38,625.083,5331.143,82.860,689.792,1654,191175,1630,187146,47,4,528,47048,1893,225,39,false,false,
7426,starexec,NUM853+2.p,e3-time_sr-and-index-off,balanced,REFUTED,36,594.908,2682.080,72.575,691.541,764,33621,741,32135,41,4,520,45815,1785,225,37,false,false,
7426,starexec,NUM859+1.p,e3-time_sr-and-index-off,balanced,TIMEOUT,13,443.118,165164.041,,,17662,21646488,16259,21598926,30,6,,,,,,,false,
7426,starexec,NUM860+1.p,e3-time_sr-and-index-off,balanced,HARD_TIMEOUT,13,0.000,,,,,,,,,,,,,,,,false,
7426,starexec,NUN054+1.p,e3-time_sr-and-index-off,balanced,REFUTED,18,904.434,845.346,58.363,1987.158,588,5218,577,4420,59,20,723,452607,2783,1111,19,false,false,
7426,starexec,NUN054+2.p,e3-time_sr-and-index-off,balanced,REFUTED,11,849.718,391.846,58.306,1695.556,62,101,51,35,40,20,605,377804,2150,1111,12,false,false,
7426,starexec,NUN056+1.p,e3-time_sr-and-index-off,balanced,HARD_TIMEOUT,18,0.000,,,,,,,,,,,,,,,,false,
7426,starexec,NUN057+1.p,e3-time_sr-and-index-off,balanced,TIMEOUT,18,530.873,165072.470,,,44462,13289561,42362,13185433,59,20,,,,,,,false,
7426,starexec,NUN060+1.p,e3-time_sr-and-index-off,balanced,REFUTED,18,855.252,258.755,46.178,1695.495,47,134,43,84,59,20,649,382620,2739,1121,19,false,false,
7426,starexec,NUN062+1.p,e3-time_sr-and-index-off,balanced,REFUTED,18,854.399,355.073,31.457,1827.742,75,235,54,149,60,22,687,443593,2697,1167,19,false,false,
7426,starexec,NUN065+1.p,e3-time_sr-and-index-off,balanced,REFUTED,18,1019.394,4228.577,56.796,1807.164,3459,162144,2660,152850,63,24,812,560120,2838,1221,19,false,false,
7426,starexec,NUN066+1.p,e3-time_sr-and-index-off,balanced,REFUTED,18,954.908,2875.729,48.763,2232.283,2245,81820,1628,76698,64,25,827,610894,2915,1294,19,false,false,
7426,starexec,NUN075+1.p,e3-time_sr-and-index-off,balanced,REFUTED,18,950.149,3163.550,153.624,2511.632,2118,48680,2052,45008,59,20,1010,785479,3693,1349,19,false,false,
7426,starexec,NUN076+1.p,e3-time_sr-and-index-off,balanced,REFUTED,18,989.280,498.868,53.864,1917.909,206,828,202,602,59,20,675,410400,2780,1123,19,false,false,
7426,starexec,NUN080+1.p,e3-time_sr-and-index-off,balanced,REFUTED,18,819.409,282.019,38.489,1724.284,43,122,40,76,59,20,626,360297,2662,1099,19,false,false,
7426,starexec,NUN082+1.p,e3-time_sr-and-index-off,balanced,REFUTED,18,862.846,2853.117,68.703,1788.500,2331,81236,2044,76419,59,20,729,453117,2786,1094,19,false,false,
7426,starexec,NUN085+1.p,e3-time_sr-and-index-off,balanced,REFUTED,18,1042.253,23169.297,72.367,2146.692,12704,2284206,11901,2251011,64,25,800,603619,2804,1268,19,false,false,
7426,starexec,NUN086+1.p,e3-time_sr-and-index-off,balanced,REFUTED,18,857.771,2867.936,72.575,1897.153,2345,69568,2067,64670,59,20,751,476106,2809,1100,19,false,false,
7426,starexec,PRD001+1.p,e3-time_sr-and-index-off,balanced,TIMEOUT,1614,1268.804,164579.489,,,66264,495675,53906,355563,1615,0,,,,,,,false,
7426,starexec,PRO011+1.p,e3-time_sr-and-index-off,balanced,REFUTED,48,1167.325,697.188,72.382,3191.440,373,1562,323,1054,95,23,1077,745091,4798,1681,49,false,false,
7426,starexec,PUZ129+2.p,e3-time_sr-and-index-off,balanced,REFUTED,0,583.517,259.859,51.357,943.406,35,41,33,18,18,8,289,157494,1012,1381,1,false,false,
7426,starexec,PUZ133+1.p,e3-time_sr-and-index-off,balanced,TIMEOUT,9,387.907,165198.637,,,33155,11084803,31339,10935196,24,3,,,,,,,false,
7426,starexec,REL020+2.p,e3-time_sr-and-index-off,balanced,TIMEOUT,16,336.687,165195.952,,,3429,9123064,2439,9104130,18,2,,,,,,,false,
7426,starexec,REL021+1.p,e3-time_sr-and-index-off,balanced,TIMEOUT,13,305.967,165219.495,,,2274,11614603,1953,11587783,15,2,,,,,,,false,
7426,starexec,REL040+2.p,e3-time_sr-and-index-off,balanced,TIMEOUT,13,378.896,165139.718,,,2267,10815360,1982,10788416,15,3,,,,,,,false,
7426,starexec,SCT115+1.p,e3-time_sr-and-index-off,balanced,TIMEOUT,527,2061.356,164357.253,,,22011,9787538,19902,9742702,869,121,,,,,,,false,
7426,starexec,SCT117+1.p,e3-time_sr-and-index-off,balanced,TIMEOUT,527,2229.010,164286.838,,,23308,9543145,20625,9499397,873,122,,,,,,,false,
7426,starexec,SCT120+1.p,e3-time_sr-and-index-off,balanced,TIMEOUT,526,1920.736,164274.064,,,19632,9597824,17228,9549650,794,100,,,,,,,false,
7426,starexec,SCT123+1.p,e3-time_sr-and-index-off,balanced,TIMEOUT,528,2221.095,163837.351,,,14906,7043961,13541,7016153,826,115,,,,,,,false,
7426,starexec,SCT124+1.p,e3-time_sr-and-index-off,balanced,HARD_TIMEOUT,528,0.000,,,,,,,,,,,,,,,,false,
7426,starexec,SCT125+1.p,e3-time_sr-and-index-off,balanced,HARD_TIMEOUT,528,0.000,,,,,,,,,,,,,,,,false,
7426,starexec,SCT155+1.p,e3-time_sr-and-index-off,balanced,TIMEOUT,528,2347.254,164926.915,,,25132,9090592,22482,9042122,831,111,,,,,,,false,
7426,starexec,SCT158+1.p,e3-time_sr-and-index-off,balanced,TIMEOUT,528,2295.057,164430.099,,,22619,9672060,20662,9627582,832,110,,,,,,,false,
7426,starexec,SCT170+3.p,e3-time_sr-and-index-off,balanced,TIMEOUT,1578,2177.417,165202.287,,,39543,7001197,37628,6912379,2785,640,,,,,,,false,
7426,starexec,SET017+1.p,e3-time_sr-and-index-off,balanced,REFUTED,43,891.859,580.517,60.071,837.845,190,854,181,630,93,10,682,196327,2725,651,44,false,false,
7426,starexec,SET101+1.p,e3-time_sr-and-index-off,balanced,REFUTED,43,744.762,873.481,55.558,1001.212,354,4152,331,3630,90,9,657,137446,2654,486,44,false,false,
7426,starexec,SET716+4.p,e3-time_sr-and-index-off,balanced,TIMEOUT,28,1143.457,165181.701,,,25451,13409884,23738,13361962,160,54,,,,,,,false,
7426,starexec,SET733+4.p,e3-time_sr-and-index-off,balanced,TIMEOUT,28,1131.257,165126.048,,,31260,12681596,29575,12627684,159,53,,,,,,,false,
7426,starexec,SET817+4.p,e3-time_sr-and-index-off,balanced,TIMEOUT,22,569.212,166106.725,,,25323,13959893,24962,13911647,80,20,,,,,,,false,
7426,starexec,SET964+1.p,e3-time_sr-and-index-off,balanced,REFUTED,12,846.614,469.134,58.727,1555.708,94,431,81,328,33,13,494,248471,1878,1509,13,false,false,
7426,starexec,SEU269+1.p,e3-time_sr-and-index-off,balanced,TIMEOUT,51,559.962,165332.588,,,1519,1649951,1489,1646571,92,18,,,,,,,false,
7426,starexec,SEU427+4.p,e3-time_sr-and-index-off,balanced,HARD_TIMEOUT,71107,0.000,,,,,,,,,,,,,,,,false,
7426,starexec,SEU440+4.p,e3-time_sr-and-index-off,balanced,HARD_TIMEOUT,71133,0.000,,,,,,,,,,,,,,,,false,
7426,starexec,SEV522+1.p,e3-time_sr-and-index-off,balanced,TIMEOUT,19,702.860,165954.539,,,20890,15992910,18138,15952504,96,32,,,,,,,false,
7426,starexec,SEV563+1.p,e3-time_sr-and-index-off,balanced,TIMEOUT,25,595.929,165343.409,,,25041,15279470,24222,15229100,80,17,,,,,,,false,
7426,starexec,SEV569+1.p,e3-time_sr-and-index-off,balanced,REFUTED,25,1110.819,2013.793,97.993,1948.447,908,19810,841,18538,80,17,922,427364,2792,955,26,false,false,
7426,starexec,SEV581+1.p,e3-time_sr-and-index-off,balanced,TIMEOUT,25,514.225,167672.476,,,20148,13071175,19190,13015139,80,17,,,,,,,false,
7426,starexec,SEV606+1.p,e3-time_sr-and-index-off,balanced,HARD_TIMEOUT,1727,0.000,,,,,,,,,,,,,,,,false,
7426,starexec,SEV607+1.p,e3-time_sr-and-index-off,balanced,HARD_TIMEOUT,2360,0.000,,,,,,,,,,,,,,,,false,
7426,starexec,SEV608+1.p,e3-time_sr-and-index-off,balanced,HARD_TIMEOUT,2867,0.000,,,,,,,,,,,,,,,,false,
7426,starexec,SEV609+1.p,e3-time_sr-and-index-off,balanced,HARD_TIMEOUT,2900,0.000,,,,,,,,,,,,,,,,false,
7426,starexec,SEV610+1.p,e3-time_sr-and-index-off,balanced,HARD_TIMEOUT,2777,0.000,,,,,,,,,,,,,,,,false,
7426,starexec,SEV612+1.p,e3-time_sr-and-index-off,balanced,HARD_TIMEOUT,2852,0.000,,,,,,,,,,,,,,,,false,
7426,starexec,SEV616+1.p,e3-time_sr-and-index-off,balanced,HARD_TIMEOUT,2862,0.000,,,,,,,,,,,,,,,,false,
7426,starexec,SEV618+1.p,e3-time_sr-and-index-off,balanced,HARD_TIMEOUT,2435,0.000,,,,,,,,,,,,,,,,false,
7426,starexec,SEV620+1.p,e3-time_sr-and-index-off,balanced,HARD_TIMEOUT,2723,0.000,,,,,,,,,,,,,,,,false,
7426,starexec,SEV621+1.p,e3-time_sr-and-index-off,balanced,HARD_TIMEOUT,2708,0.000,,,,,,,,,,,,,,,,false,
7426,starexec,SEV622+1.p,e3-time_sr-and-index-off,balanced,HARD_TIMEOUT,2761,0.000,,,,,,,,,,,,,,,,false,
7426,starexec,SEV625+1.p,e3-time_sr-and-index-off,balanced,HARD_TIMEOUT,2847,0.000,,,,,,,,,,,,,,,,false,
7426,starexec,SEV626+1.p,e3-time_sr-and-index-off,balanced,HARD_TIMEOUT,2838,0.000,,,,,,,,,,,,,,,,false,
7426,starexec,SEV627+1.p,e3-time_sr-and-index-off,balanced,HARD_TIMEOUT,2813,0.000,,,,,,,,,,,,,,,,false,
7426,starexec,SEV629+1.p,e3-time_sr-and-index-off,balanced,HARD_TIMEOUT,2962,0.000,,,,,,,,,,,,,,,,false,
7426,starexec,SEV630+1.p,e3-time_sr-and-index-off,balanced,HARD_TIMEOUT,2559,0.000,,,,,,,,,,,,,,,,false,
7426,starexec,SEV631+1.p,e3-time_sr-and-index-off,balanced,HARD_TIMEOUT,3117,0.000,,,,,,,,,,,,,,,,false,
7426,starexec,SEV634+1.p,e3-time_sr-and-index-off,balanced,HARD_TIMEOUT,2534,0.000,,,,,,,,,,,,,,,,false,
7426,starexec,SEV636+1.p,e3-time_sr-and-index-off,balanced,HARD_TIMEOUT,2935,0.000,,,,,,,,,,,,,,,,false,
7426,starexec,SEV637+1.p,e3-time_sr-and-index-off,balanced,HARD_TIMEOUT,2981,0.000,,,,,,,,,,,,,,,,false,
7426,starexec,SEV640+1.p,e3-time_sr-and-index-off,balanced,HARD_TIMEOUT,2766,0.000,,,,,,,,,,,,,,,,false,
7426,starexec,SEV641+1.p,e3-time_sr-and-index-off,balanced,HARD_TIMEOUT,3078,0.000,,,,,,,,,,,,,,,,false,
7426,starexec,SEV643+1.p,e3-time_sr-and-index-off,balanced,HARD_TIMEOUT,2960,0.000,,,,,,,,,,,,,,,,false,
7426,starexec,SEV644+1.p,e3-time_sr-and-index-off,balanced,HARD_TIMEOUT,2363,0.000,,,,,,,,,,,,,,,,false,
7426,starexec,SEV645+1.p,e3-time_sr-and-index-off,balanced,HARD_TIMEOUT,1984,0.000,,,,,,,,,,,,,,,,false,
7426,starexec,SEV646+1.p,e3-time_sr-and-index-off,balanced,HARD_TIMEOUT,3067,0.000,,,,,,,,,,,,,,,,false,
7426,starexec,SEV650+1.p,e3-time_sr-and-index-off,balanced,HARD_TIMEOUT,3015,0.000,,,,,,,,,,,,,,,,false,
7426,starexec,SEV651+1.p,e3-time_sr-and-index-off,balanced,HARD_TIMEOUT,2743,0.000,,,,,,,,,,,,,,,,false,
7426,starexec,SEV654+1.p,e3-time_sr-and-index-off,balanced,EXHAUSTED,3190,9696.356,144394.042,,,0,0,0,0,9000,2918,,,,,,,false,OutOfMemoryError: Java heap space at Arrays.copyOf:3623
7426,starexec,SEV655+1.p,e3-time_sr-and-index-off,balanced,EXHAUSTED,3248,8849.125,137257.585,,,0,0,0,0,8269,2524,,,,,,,false,OutOfMemoryError: Java heap space at Arrays.copyOf:3623
7426,starexec,SEV657+1.p,e3-time_sr-and-index-off,balanced,HARD_TIMEOUT,3067,0.000,,,,,,,,,,,,,,,,false,
7426,starexec,SEV658+1.p,e3-time_sr-and-index-off,balanced,HARD_TIMEOUT,3118,0.000,,,,,,,,,,,,,,,,false,
7426,starexec,SEV660+1.p,e3-time_sr-and-index-off,balanced,HARD_TIMEOUT,2689,0.000,,,,,,,,,,,,,,,,false,
7426,starexec,SEV661+1.p,e3-time_sr-and-index-off,balanced,HARD_TIMEOUT,2456,0.000,,,,,,,,,,,,,,,,false,
7426,starexec,SEV667+1.p,e3-time_sr-and-index-off,balanced,HARD_TIMEOUT,2862,0.000,,,,,,,,,,,,,,,,false,
7426,starexec,SEV668+1.p,e3-time_sr-and-index-off,balanced,HARD_TIMEOUT,2820,0.000,,,,,,,,,,,,,,,,false,
7426,starexec,SEV671+1.p,e3-time_sr-and-index-off,balanced,HARD_TIMEOUT,2497,0.000,,,,,,,,,,,,,,,,false,
7426,starexec,SEV673+1.p,e3-time_sr-and-index-off,balanced,HARD_TIMEOUT,2701,0.000,,,,,,,,,,,,,,,,false,
7426,starexec,SEV675+1.p,e3-time_sr-and-index-off,balanced,HARD_TIMEOUT,3187,0.000,,,,,,,,,,,,,,,,false,
7426,starexec,SEV676+1.p,e3-time_sr-and-index-off,balanced,HARD_TIMEOUT,3004,0.000,,,,,,,,,,,,,,,,false,
7426,starexec,SEV677+1.p,e3-time_sr-and-index-off,balanced,HARD_TIMEOUT,3185,0.000,,,,,,,,,,,,,,,,false,
7426,starexec,SEV678+1.p,e3-time_sr-and-index-off,balanced,HARD_TIMEOUT,2924,0.000,,,,,,,,,,,,,,,,false,
7426,starexec,SEV679+1.p,e3-time_sr-and-index-off,balanced,HARD_TIMEOUT,3356,0.000,,,,,,,,,,,,,,,,false,
7426,starexec,SWB012+1.p,e3-time_sr-and-index-off,balanced,TIMEOUT,559,2228.318,164790.848,,,47685,14264609,46903,14191537,1392,275,,,,,,,false,
7426,starexec,SWB013+2.p,e3-time_sr-and-index-off,balanced,TIMEOUT,8,677.450,165305.483,,,28266,10158200,27966,10121370,62,19,,,,,,,false,
7426,starexec,SWB017+1.p,e3-time_sr-and-index-off,balanced,HARD_TIMEOUT,559,0.000,,,,,,,,,,,,,,,,false,
7426,starexec,SWB020+1.p,e3-time_sr-and-index-off,balanced,TIMEOUT,559,3145.026,164693.179,,,45943,12835619,45136,12763393,1394,278,,,,,,,false,
7426,starexec,SWB021+2.p,e3-time_sr-and-index-off,balanced,REFUTED,7,1101.404,6066.564,116.719,3739.213,2655,131818,2237,121021,78,17,765,1411359,3337,3856,8,false,false,
7426,starexec,SWB023+1.p,e3-time_sr-and-index-off,balanced,HARD_TIMEOUT,559,0.000,,,,,,,,,,,,,,,,false,
7426,starexec,SWB027+1.p,e3-time_sr-and-index-off,balanced,TIMEOUT,559,2420.331,164654.420,,,45557,13300310,45130,13228200,1385,274,,,,,,,false,
7426,starexec,SWB032+1.p,e3-time_sr-and-index-off,balanced,TIMEOUT,558,2376.599,164859.695,,,50792,15321639,50396,15245729,1379,271,,,,,,,false,
7426,starexec,SWB040+1.p,e3-time_sr-and-index-off,balanced,TIMEOUT,559,2185.443,164746.910,,,46662,14593439,46315,14519207,1382,271,,,,,,,false,
7426,starexec,SWB042+1.p,e3-time_sr-and-index-off,balanced,TIMEOUT,559,2432.765,164766.369,,,47038,13042804,46686,12965306,1394,277,,,,,,,false,
7426,starexec,SWB046+1.p,e3-time_sr-and-index-off,balanced,TIMEOUT,559,2249.564,164724.155,,,45557,13751057,45201,13678457,1384,273,,,,,,,false,
7426,starexec,SWB047+1.p,e3-time_sr-and-index-off,balanced,TIMEOUT,559,2363.802,164681.303,,,45637,13769322,45294,13696714,1381,271,,,,,,,false,
7426,starexec,SWB053+1.p,e3-time_sr-and-index-off,balanced,HARD_TIMEOUT,559,0.000,,,,,,,,,,,,,,,,false,
7426,starexec,SWB055+1.p,e3-time_sr-and-index-off,balanced,TIMEOUT,559,2461.574,164848.836,,,49408,13795469,49109,13718341,1385,274,,,,,,,false,
7426,starexec,SWB063+1.p,e3-time_sr-and-index-off,balanced,TIMEOUT,559,2529.516,164900.683,,,45568,13757787,45229,13685137,1385,273,,,,,,,false,
7426,starexec,SWB068+1.p,e3-time_sr-and-index-off,balanced,TIMEOUT,559,2409.282,164788.480,,,56103,12280613,55737,12204209,1388,274,,,,,,,false,
7426,starexec,SWB073+1.p,e3-time_sr-and-index-off,balanced,HARD_TIMEOUT,559,0.000,,,,,,,,,,,,,,,,false,
7426,starexec,SWB090+1.p,e3-time_sr-and-index-off,balanced,TIMEOUT,559,2351.481,164742.492,,,46366,14471374,45910,14398058,1386,271,,,,,,,false,
7426,starexec,SWB091+1.p,e3-time_sr-and-index-off,balanced,TIMEOUT,559,2399.676,164644.891,,,45865,12982849,45112,12911245,1392,275,,,,,,,false,
7426,starexec,SWB093+1.p,e3-time_sr-and-index-off,balanced,TIMEOUT,559,2193.336,164793.259,,,46051,14408107,45597,14334959,1385,271,,,,,,,false,
7426,starexec,SWB095+1.p,e3-time_sr-and-index-off,balanced,TIMEOUT,559,2548.172,164766.041,,,45309,13213693,44857,13141869,1386,271,,,,,,,false,
7426,starexec,SWB099+1.p,e3-time_sr-and-index-off,balanced,TIMEOUT,559,2469.543,164771.851,,,45811,14034541,45389,13961223,1384,271,,,,,,,false,
7426,starexec,SWB103+1.p,e3-time_sr-and-index-off,balanced,TIMEOUT,559,2469.089,164931.264,,,46025,14231276,45407,14159124,1393,273,,,,,,,false,
7426,starexec,SWC012+1.p,e3-time_sr-and-index-off,balanced,REFUTED,95,2706.296,8069.682,85.724,17452.562,9256,185480,9141,173483,220,62,2744,5518831,11635,5088,96,false,false,
7426,starexec,SWV014+1.p,e3-time_sr-and-index-off,balanced,REFUTED,28,428.113,241.904,54.221,357.934,63,82,61,38,38,0,286,16588,1575,227,29,false,false,
7426,starexec,SWV041+1.p,e3-time_sr-and-index-off,balanced,REFUTED,99,1992.193,609.964,59.138,9843.680,167,768,143,578,178,42,1787,3051141,7596,3656,100,false,false,
7426,starexec,SWV114+1.p,e3-time_sr-and-index-off,balanced,TIMEOUT,101,849.834,164981.065,,,39296,14135862,38537,14052576,199,52,,,,,,,false,
7426,starexec,SWV202+1.p,e3-time_sr-and-index-off,balanced,TIMEOUT,91,832.986,166406.632,,,35018,17735603,33636,17655573,203,42,,,,,,,false,
7426,starexec,SWV203+1.p,e3-time_sr-and-index-off,balanced,TIMEOUT,91,904.633,165032.098,,,33881,14439903,32558,14366769,203,42,,,,,,,false,
7426,starexec,SWV234+1.p,e3-time_sr-and-index-off,balanced,TIMEOUT,25,320.019,165319.671,,,7082,10940390,6419,10894676,26,0,,,,,,,false,
7426,starexec,SWV234+2.p,e3-time_sr-and-index-off,balanced,REFUTED,21,340.662,66246.599,78.534,297.661,1207,4422545,1172,4407522,22,0,279,9365,750,111,22,false,false,
7426,starexec,SWV390+1.p,e3-time_sr-and-index-off,balanced,REFUTED,42,644.813,423.791,40.363,816.726,100,311,98,177,55,6,578,103666,2824,461,43,false,false,
7426,starexec,SWV406+1.p,e3-time_sr-and-index-off,balanced,REFUTED,41,733.616,35943.999,85.250,1842.676,2903,1741225,2160,1732623,59,9,754,464670,3119,4101,42,false,false,
7426,starexec,SWV452+1.p,e3-time_sr-and-index-off,balanced,TIMEOUT,66,743.403,165227.592,,,21090,23236143,18643,23123489,130,13,,,,,,,false,
7426,starexec,SWV453+1.p,e3-time_sr-and-index-off,balanced,TIMEOUT,66,725.961,165028.804,,,21826,24698515,19150,24580475,130,13,,,,,,,false,
7426,starexec,SWV454+1.p,e3-time_sr-and-index-off,balanced,HARD_TIMEOUT,66,0.000,,,,,,,,,,,,,,,,false,
7426,starexec,SWV467+1.p,e3-time_sr-and-index-off,balanced,TIMEOUT,66,867.211,164957.020,,,17534,21097641,15091,20965191,139,14,,,,,,,false,
7426,starexec,SWV473+1.p,e3-time_sr-and-index-off,balanced,TIMEOUT,66,808.295,165055.189,,,16129,21944052,14726,21834134,126,14,,,,,,,false,
7426,starexec,SWV474+1.p,e3-time_sr-and-index-off,balanced,HARD_TIMEOUT,66,0.000,,,,,,,,,,,,,,,,false,
7426,starexec,SWV479+1.p,e3-time_sr-and-index-off,balanced,KILLED,,0.000,,,,,,,,,,,,,,,,false,killed before finishing
7426,starexec,SWV487+3.p,e3-time_sr-and-index-off,balanced,HARD_TIMEOUT,12,0.000,,,,,,,,,,,,,,,,false,
7426,starexec,SWV488+3.p,e3-time_sr-and-index-off,balanced,REFUTED,12,479.730,295.907,42.809,487.202,26,62,21,35,24,3,240,39985,954,553,13,false,false,
7426,starexec,SWW102+1.p,e3-time_sr-and-index-off,balanced,TIMEOUT,44,480.753,165268.525,,,5272,12683149,5146,12667219,89,12,,,,,,,false,
7426,starexec,SWW186+1.p,e3-time_sr-and-index-off,balanced,TIMEOUT,1181,2030.228,164204.286,,,25466,12851754,23516,12748018,1568,29,,,,,,,false,
7426,starexec,SWW278+1.p,e3-time_sr-and-index-off,balanced,TIMEOUT,1199,1771.194,164127.723,,,26964,12548652,25494,12455988,1586,36,,,,,,,false,
7426,starexec,SWW279+1.p,e3-time_sr-and-index-off,balanced,TIMEOUT,1213,1768.721,163982.198,,,26889,10674262,24422,10584012,1647,38,,,,,,,false,
7426,starexec,SWW298+1.p,e3-time_sr-and-index-off,balanced,HARD_TIMEOUT,5224,0.000,,,,,,,,,,,,,,,,false,
7426,starexec,SWW350+1.p,e3-time_sr-and-index-off,balanced,HARD_TIMEOUT,5228,0.000,,,,,,,,,,,,,,,,false,
7426,starexec,SWW374+1.p,e3-time_sr-and-index-off,balanced,HARD_TIMEOUT,5248,0.000,,,,,,,,,,,,,,,,false,
7426,starexec,SWW394+1.p,e3-time_sr-and-index-off,balanced,HARD_TIMEOUT,5223,0.000,,,,,,,,,,,,,,,,false,
7426,starexec,SWW470+5.p,e3-time_sr-and-index-off,balanced,REFUTED,162,2511.863,8134.468,52.174,16172.311,2725,272553,2057,266775,240,52,3102,12976319,21717,10205,163,false,false,
7426,starexec,SWW473+2.p,e3-time_sr-and-index-off,balanced,HARD_TIMEOUT,916,0.000,,,,,,,,,,,,,,,,false,
7426,starexec,SWW473+6.p,e3-time_sr-and-index-off,balanced,REFUTED,608,7778.991,3473.120,95.494,99442.034,994,22909,899,21325,845,87,9085,37289817,56288,10957,609,false,false,
7426,starexec,SWW474+3.p,e3-time_sr-and-index-off,balanced,TIMEOUT,1440,3265.016,163971.234,,,27981,7962117,26162,7898633,2284,309,,,,,,,false,
7426,starexec,SWW937+1.p,e3-time_sr-and-index-off,balanced,TIMEOUT,28,683.473,164965.870,,,11771,13388107,11497,13353013,181,24,,,,,,,false,
7426,starexec,SWW961+1.p,e3-time_sr-and-index-off,balanced,REFUTED,176,600.206,481.809,68.330,537.413,193,242,185,177,177,0,947,22877,2965,207,177,false,false,
7426,starexec,SWX051+1.p,e3-time_sr-and-index-off,balanced,TIMEOUT,292,1622.117,164660.077,,,44135,16551760,39542,16435204,579,168,,,,,,,false,
7426,starexec,SWX185+1.p,e3-time_sr-and-index-off,balanced,TIMEOUT,40,321.611,165139.702,,,3172,7073925,3124,7067679,41,0,,,,,,,false,
7426,starexec,SWX187+1.p,e3-time_sr-and-index-off,balanced,REFUTED,16,368.618,6528.033,125.067,364.279,2408,42255,2354,34848,18,0,361,40118,1113,275,17,false,false,
7426,starexec,SWX189+1.p,e3-time_sr-and-index-off,balanced,TIMEOUT,53,357.091,165094.269,,,7077,7179846,6932,7159138,54,0,,,,,,,false,
7426,starexec,SWX194+1.p,e3-time_sr-and-index-off,balanced,TIMEOUT,71,396.305,165563.513,,,7526,9558756,7389,9543838,72,0,,,,,,,false,
7426,starexec,SWX197+1.p,e3-time_sr-and-index-off,balanced,TIMEOUT,73,435.965,164939.258,,,5958,8164707,5363,8145129,74,0,,,,,,,false,
7426,starexec,SWX199+1.p,e3-time_sr-and-index-off,balanced,REFUTED,12,385.832,2767.842,102.429,313.092,127,38581,110,37828,14,0,260,20068,726,132,13,false,false,
7426,starexec,SWX200+1.p,e3-time_sr-and-index-off,balanced,REFUTED,15,336.844,218.379,36.464,200.624,16,23,14,19,19,0,161,7737,550,143,16,false,false,
7426,starexec,SWX201+1.p,e3-time_sr-and-index-off,balanced,TIMEOUT,28,341.109,165188.776,,,2351,4162935,2256,4158435,30,0,,,,,,,false,
7426,starexec,SWX202+1.p,e3-time_sr-and-index-off,balanced,TIMEOUT,28,352.594,165413.279,,,2634,4045252,2544,4039868,30,0,,,,,,,false,
7426,starexec,SWX203+1.p,e3-time_sr-and-index-off,balanced,REFUTED,21,404.223,3238.393,147.748,466.281,1386,20033,934,14759,29,0,517,31883,1041,143,22,false,false,
7426,starexec,SWX209+1.p,e3-time_sr-and-index-off,balanced,TIMEOUT,49,353.867,165170.651,,,5160,6737991,4715,6719089,56,0,,,,,,,false,
7426,starexec,SWX210+1.p,e3-time_sr-and-index-off,balanced,TIMEOUT,49,346.815,165253.529,,,4920,6880025,4513,6862627,56,0,,,,,,,false,
7426,starexec,SWX211+1.p,e3-time_sr-and-index-off,balanced,TIMEOUT,49,343.617,165345.966,,,5285,7285447,4610,7265633,56,0,,,,,,,false,
7426,starexec,SWX212+1.p,e3-time_sr-and-index-off,balanced,TIMEOUT,49,399.221,165152.383,,,10626,10938505,10301,10918617,57,0,,,,,,,false,
7426,starexec,SWX217+1.p,e3-time_sr-and-index-off,balanced,TIMEOUT,23,292.166,165177.694,,,9420,7127075,8376,7099829,25,0,,,,,,,false,
7426,starexec,SWX219+1.p,e3-time_sr-and-index-off,balanced,REFUTED,31,399.760,7845.149,80.785,364.075,5396,17248,5368,9382,36,0,352,19211,1287,181,32,false,false,
7426,starexec,SWX220+1.p,e3-time_sr-and-index-off,balanced,REFUTED,31,435.980,4175.718,82.227,315.562,2743,8889,2739,5093,36,0,349,19353,1294,194,32,false,false,
7426,starexec,SWX221+1.p,e3-time_sr-and-index-off,balanced,REFUTED,35,462.636,3422.585,100.356,458.547,2564,5662,2549,2768,43,0,408,24515,1516,181,36,false,false,
7426,starexec,SWX222+1.p,e3-time_sr-and-index-off,balanced,REFUTED,35,435.985,517.946,60.492,313.988,214,357,207,126,43,0,339,15785,1318,181,36,false,false,
7426,starexec,SWX223+1.p,e3-time_sr-and-index-off,balanced,REFUTED,35,433.983,735.219,82.735,441.763,362,737,354,337,43,0,390,21832,1444,181,36,false,false,
7426,starexec,SWX224+1.p,e3-time_sr-and-index-off,balanced,REFUTED,31,414.405,940.129,49.283,246.480,697,1902,687,1006,36,0,322,15887,1209,181,32,false,false,
7426,starexec,SWX240_1.p,e3-time_sr-and-index-off,balanced,REFUTED,56,326.759,3835.645,61.372,276.995,1025,112943,952,110677,70,0,570,31255,2001,136,57,false,false,
7426,starexec,SWX241_1.p,e3-time_sr-and-index-off,balanced,HARD_TIMEOUT,64,0.000,,,,,,,,,,,,,,,,false,
7426,starexec,SYN076+1.p,e3-time_sr-and-index-off,balanced,TIMEOUT,1,533.895,165401.651,,,1951,5675962,1832,5669066,48,16,,,,,,,false,
7426,starexec,SYN077+1.p,e3-time_sr-and-index-off,balanced,REFUTED,1,501.118,285.915,48.613,536.557,53,89,36,19,9,6,241,63879,670,637,2,false,false,
7426,starexec,SYN353+1.p,e3-time_sr-and-index-off,balanced,REFUTED,0,580.447,316.735,68.858,2213.559,74,282,32,81,21,2,219,277626,801,11878,1,false,false,
7426,starexec,SYN986+1.004.p,e3-time_sr-and-index-off,balanced,EXHAUSTED,2,311.684,344.645,,,0,0,0,0,3,0,,,,,,,false,StackOverflowError:  at Core$Trail$Applier.apply:975
7426,starexec,SYO525+1.018.p,e3-time_sr-and-index-off,balanced,TIMEOUT,29,639.083,164834.556,,,42185,42195,42185,30,30,0,,,,,,,false,
7426,starexec,SYO525+1.021.p,e3-time_sr-and-index-off,balanced,TIMEOUT,29,613.537,164918.515,,,45540,45547,45540,30,30,0,,,,,,,false,
7426,starexec,SYO525+1.024.p,e3-time_sr-and-index-off,balanced,TIMEOUT,29,548.042,164993.748,,,46209,46213,46209,30,30,0,,,,,,,false,
7426,starexec,SYO525+1.027.p,e3-time_sr-and-index-off,balanced,TIMEOUT,29,586.995,164878.208,,,44993,44994,44993,30,30,0,,,,,,,false,
7426,starexec,SYO525+1.030.p,e3-time_sr-and-index-off,balanced,TIMEOUT,32,579.360,164898.561,,,43057,43058,43057,33,33,0,,,,,,,false,
7426,starexec,SYO605+1.p,e3-time_sr-and-index-off,balanced,REFUTED,4,954.827,2141.513,138.359,3243.943,2197,20044,1245,11844,48,14,903,1044575,1977,2212,5,false,false,
7426,starexec,TOP020+1.p,e3-time_sr-and-index-off,balanced,TIMEOUT,8,479.215,165210.497,,,56166,469601,55067,398720,27,11,,,,,,,false,
7426,starexec,TOP029+1.p,e3-time_sr-and-index-off,balanced,TIMEOUT,108,520.365,165270.425,,,54456,1369414,50508,1181695,306,48,,,,,,,false,
7426,starexec,TOP046+3.p,e3-time_sr-and-index-off,balanced,HARD_TIMEOUT,18710,0.000,,,,,,,,,,,,,,,,false,
7426,starexec,AGT007+2.p,e3-time_sr-off,balanced,TIMEOUT,922,702.853,164769.033,,,31800,219327,31673,178973,1022,13,,,,,,,false,
7426,starexec,AGT022+1.p,e3-time_sr-off,balanced,REFUTED,555,1184.715,133833.376,77.936,3596.574,40478,200355,34044,145953,655,13,3040,1751264,4737,869,556,false,false,
7426,starexec,ALG040+1.p,e3-time_sr-off,balanced,REFUTED,4,424.550,1192.838,65.595,420.861,928,7216,919,6132,12,2,219,40643,602,388,5,false,false,
7426,starexec,ALG213+1.p,e3-time_sr-off,balanced,TIMEOUT,4,337.296,165373.625,,,1492,16147986,1365,16139282,5,5,,,,,,,false,
7426,starexec,BIO006+1.p,e3-time_sr-off,balanced,PARSE_ERR,,0.000,,,,,,,,,,,,,,,,false,StackOverflowError
7426,starexec,COM008+1.p,e3-time_sr-off,balanced,HARD_TIMEOUT,10,0.000,,,,,,,,,,,,,,,,false,
7426,starexec,COM008+2.p,e3-time_sr-off,balanced,TIMEOUT,8,352.449,165226.093,,,15995,6321815,14814,6291457,13,3,,,,,,,false,
7426,starexec,COM131+1.p,e3-time_sr-off,balanced,TIMEOUT,59,1759.410,164682.737,,,17970,7942788,17373,7913705,157,95,,,,,,,false,
7426,starexec,COM136+1.p,e3-time_sr-off,balanced,REFUTED,56,3537.702,1048.923,93.886,30115.661,544,2432,452,1719,152,94,2939,13637390,17792,9820,57,false,false,
7426,starexec,COM139+1.p,e3-time_sr-off,balanced,TIMEOUT,55,1307.369,165112.786,,,6888,10735785,6253,10717685,152,94,,,,,,,false,
7426,starexec,CSR005+2.p,e3-time_sr-off,balanced,TIMEOUT,55,643.431,165063.137,,,39845,8335865,37222,8227361,120,18,,,,,,,false,
7426,starexec,CSR021+1.p,e3-time_sr-off,balanced,REFUTED,47,1065.936,1920.789,68.580,5068.638,1183,25392,1156,21337,137,21,1040,664001,4515,1464,48,false,false,
7426,starexec,CSR022+1.p,e3-time_sr-off,balanced,REFUTED,47,1209.536,2182.600,71.958,5279.821,1182,24945,1163,21033,137,21,1037,662932,4511,1464,48,false,false,
7426,starexec,CSR025+5.p,e3-time_sr-off,balanced,HARD_TIMEOUT,540249,0.000,,,,,,,,,,,,,,,,false,
7426,starexec,CSR030+3.p,e3-time_sr-off,balanced,REFUTED,8005,2940.033,60884.716,136.175,5353.777,30322,85117,29204,44547,8007,0,44051,1238415,103763,89,8006,false,false,
7426,starexec,CSR033+3.p,e3-time_sr-off,balanced,REFUTED,8005,2013.601,49698.408,137.982,5916.451,34396,182704,33748,134822,8007,0,44079,1339440,103767,89,8006,false,false,
7426,starexec,CSR036+5.p,e3-time_sr-off,balanced,HARD_TIMEOUT,540249,0.000,,,,,,,,,,,,,,,,false,
7426,starexec,CSR038+4.p,e3-time_sr-off,balanced,HARD_TIMEOUT,44216,0.000,,,,,,,,,,,,,,,,false,
7426,starexec,CSR042+3.p,e3-time_sr-off,balanced,REFUTED,8005,3251.127,9944.260,165.615,5913.108,11322,20411,11258,8007,8007,0,44041,1238170,103750,89,8006,false,false,
7426,starexec,CSR044+3.p,e3-time_sr-off,balanced,REFUTED,8005,2934.482,53361.841,92.265,3469.746,28869,83415,28433,44500,8007,0,44067,1439544,103800,89,8006,false,false,
7426,starexec,CSR045+3.p,e3-time_sr-off,balanced,REFUTED,8005,3080.906,4161.131,174.277,5545.208,5306,11024,5302,8006,8006,0,44064,1004693,103756,89,8006,false,false,
7426,starexec,CSR048+3.p,e3-time_sr-off,balanced,REFUTED,8005,3081.672,53787.188,145.827,5343.051,29094,83500,28899,44435,8007,0,44043,1238212,103749,89,8006,false,false,
7426,starexec,CSR050+5.p,e3-time_sr-off,balanced,HARD_TIMEOUT,540249,0.000,,,,,,,,,,,,,,,,false,
7426,starexec,CSR052+3.p,e3-time_sr-off,balanced,TIMEOUT,8005,1487.458,164615.821,,,62478,296294,58154,187341,8007,0,,,,,,,false,
7426,starexec,CSR054+3.p,e3-time_sr-off,balanced,REFUTED,8005,1981.254,2511.139,111.860,3757.206,5183,10962,5179,8007,8007,0,44037,1438507,103741,89,8006,false,false,
7426,starexec,CSR056+3.p,e3-time_sr-off,balanced,REFUTED,8005,3085.817,54845.168,133.728,5356.035,29056,83608,28551,44412,8007,0,44057,1238544,103754,89,8006,false,false,
7426,starexec,CSR058+3.p,e3-time_sr-off,balanced,REFUTED,8005,3120.930,1275.228,133.250,5814.626,689,8015,689,8007,8007,0,44037,1438501,103742,89,8006,false,false,
7426,starexec,CSR066+5.p,e3-time_sr-off,balanced,HARD_TIMEOUT,540249,0.000,,,,,,,,,,,,,,,,false,
7426,starexec,CSR067+3.p,e3-time_sr-off,balanced,REFUTED,8005,3213.018,9971.633,189.397,5506.055,11314,20399,11250,8007,8007,0,44041,1238170,103750,89,8006,false,false,
7426,starexec,CSR113+13.p,e3-time_sr-off,balanced,TIMEOUT,10188,2200.495,163952.864,,,54348,266118,54310,211718,10593,79,,,,,,,false,
7426,starexec,CSR113+30.p,e3-time_sr-off,balanced,TIMEOUT,10188,2144.043,163969.656,,,54289,339075,54273,284742,10559,79,,,,,,,false,
7426,starexec,CSR113+4.p,e3-time_sr-off,balanced,TIMEOUT,10188,1438.476,164706.271,,,66965,397760,66950,330756,10564,79,,,,,,,false,
7426,starexec,CSR114+8.p,e3-time_sr-off,balanced,TIMEOUT,10188,2292.991,164375.645,,,51554,315561,51539,263961,10478,79,,,,,,,false,
7426,starexec,CSR115+8.p,e3-time_sr-off,balanced,TIMEOUT,10188,2167.241,163890.145,,,54635,273337,54628,218687,10631,79,,,,,,,false,
7426,starexec,CSR116+10.p,e3-time_sr-off,balanced,TIMEOUT,10188,2204.702,163787.871,,,53997,334306,53985,280300,10739,79,,,,,,,false,
7426,starexec,CSR116+13.p,e3-time_sr-off,balanced,REFUTED,10188,29425.933,16462.793,215.640,82435.956,13701,107063,13541,93354,10594,79,53838,134029576,54000,6739,10189,false,false,
7426,starexec,CSR116+19.p,e3-time_sr-off,balanced,REFUTED,10188,28839.549,21433.643,169.605,90328.076,17855,144362,16353,126485,10671,79,53915,134412551,54325,7335,10189,false,false,
7426,starexec,CSR116+3.p,e3-time_sr-off,balanced,TIMEOUT,10188,2118.037,163926.006,,,56468,276797,56360,220233,10689,79,,,,,,,false,
7426,starexec,CSR116+38.p,e3-time_sr-off,balanced,TIMEOUT,10188,2197.859,164045.941,,,62633,383734,62630,321078,10654,79,,,,,,,false,
7426,starexec,CSR116+8.p,e3-time_sr-off,balanced,TIMEOUT,10188,2101.081,163987.631,,,57542,288573,57527,231017,10748,79,,,,,,,false,
7426,starexec,CSR117+1.p,e3-time_sr-off,balanced,REFUTED,268,994.461,1295.474,121.571,1944.006,856,1354,843,624,270,17,1632,440427,2138,563,269,false,false,
7426,starexec,CSR208+1.p,e3-time_sr-off,balanced,HARD_TIMEOUT,7432,0.000,,,,,,,,,,,,,,,,false,
7426,starexec,GEO085+1.p,e3-time_sr-off,balanced,REFUTED,16,557.872,230.295,37.779,1129.989,65,126,61,58,56,17,684,329282,2900,1406,17,false,false,
7426,starexec,GEO087+1.p,e3-time_sr-off,balanced,REFUTED,16,733.881,352.020,38.886,1516.189,105,245,102,124,56,19,691,336523,2894,1417,17,false,false,
7426,starexec,GEO089+1.p,e3-time_sr-off,balanced,TIMEOUT,16,558.003,165158.910,,,21059,14403795,20179,14347660,57,19,,,,,,,false,
7426,starexec,GEO093+1.p,e3-time_sr-off,balanced,REFUTED,16,982.344,3705.801,81.873,2267.548,1363,97552,1327,95198,59,20,771,465317,3094,1585,17,false,false,
7426,starexec,GEO095+1.p,e3-time_sr-off,balanced,TIMEOUT,16,564.094,166430.996,,,16605,13098155,14024,13032657,57,19,,,,,,,false,
7426,starexec,GEO111+1.p,e3-time_sr-off,balanced,REFUTED,17,1317.721,5880.279,104.628,3763.532,1274,122284,1234,120014,64,22,827,594367,3583,1819,18,false,false,
7426,starexec,GEO117+1.p,e3-time_sr-off,balanced,REFUTED,27,1273.908,1162.170,49.624,5221.380,575,6687,474,5847,113,34,1255,1095974,5908,2245,28,false,false,
7426,starexec,GEO138+1.p,e3-time_sr-off,balanced,TIMEOUT,27,472.256,168114.512,,,21444,18433107,20855,18388197,116,36,,,,,,,false,
7426,starexec,GEO260+1.p,e3-time_sr-off,balanced,REFUTED,31,712.761,21108.848,106.331,1520.964,5401,1886051,4611,1873779,70,7,804,325407,2515,864,32,false,false,
7426,starexec,GEO274+1.p,e3-time_sr-off,balanced,TIMEOUT,116,1855.107,164645.695,,,33448,2042376,33383,2001328,265,57,,,,,,,false,
7426,starexec,GEO277+1.p,e3-time_sr-off,balanced,TIMEOUT,126,1806.185,164792.683,,,41700,803407,36128,749937,279,57,,,,,,,false,
7426,starexec,GEO282+1.p,e3-time_sr-off,balanced,REFUTED,123,2929.161,1622.839,89.264,21805.948,1106,2528,1077,1358,284,55,4834,7157468,36079,13064,124,false,false,
7426,starexec,GEO285+1.p,e3-time_sr-off,balanced,REFUTED,132,2898.953,2456.461,98.797,24426.942,1876,8354,1740,6314,298,56,4839,7395831,36348,13064,133,false,false,
7426,starexec,GEO298+1.p,e3-time_sr-off,balanced,TIMEOUT,157,1755.821,164752.763,,,33515,2266288,33071,2221312,321,63,,,,,,,false,
7426,starexec,GEO306+1.p,e3-time_sr-off,balanced,TIMEOUT,126,1842.459,164721.489,,,38825,1117454,38345,1066752,289,60,,,,,,,false,
7426,starexec,GEO307+1.p,e3-time_sr-off,balanced,TIMEOUT,145,1861.973,164666.264,,,35475,1728608,35378,1681196,308,60,,,,,,,false,
7426,starexec,GEO308+1.p,e3-time_sr-off,balanced,TIMEOUT,146,1817.655,164691.951,,,37599,1140647,37057,1092275,309,60,,,,,,,false,
7426,starexec,GEO310+1.p,e3-time_sr-off,balanced,TIMEOUT,148,1771.524,164653.092,,,37468,1786588,37118,1734751,311,60,,,,,,,false,
7426,starexec,GEO321+1.p,e3-time_sr-off,balanced,TIMEOUT,177,1675.587,164646.681,,,42396,1286447,40445,1232002,340,60,,,,,,,false,
7426,starexec,GEO323+1.p,e3-time_sr-off,balanced,TIMEOUT,179,1894.511,164649.845,,,39403,2483920,38237,2430582,342,60,,,,,,,false,
7426,starexec,GEO328+1.p,e3-time_sr-off,balanced,TIMEOUT,185,1841.384,164725.059,,,46532,752994,45790,693265,348,60,,,,,,,false,
7426,starexec,GEO330+1.p,e3-time_sr-off,balanced,TIMEOUT,187,1769.811,164682.843,,,37436,3569292,35891,3518870,350,60,,,,,,,false,
7426,starexec,GEO331+1.p,e3-time_sr-off,balanced,REFUTED,125,3069.442,1831.301,90.106,23231.120,1023,3609,987,2556,279,60,5297,7952486,40539,13064,126,false,false,
7426,starexec,GEO337+1.p,e3-time_sr-off,balanced,TIMEOUT,129,1929.996,164745.685,,,38350,850832,37839,799422,283,60,,,,,,,false,
7426,starexec,GEO343+1.p,e3-time_sr-off,balanced,TIMEOUT,124,1941.880,164656.856,,,37741,725892,37599,678207,292,61,,,,,,,false,
7426,starexec,GEO349+1.p,e3-time_sr-off,balanced,TIMEOUT,130,1815.335,164634.026,,,38461,760903,37737,710279,302,66,,,,,,,false,
7426,starexec,GEO351+1.p,e3-time_sr-off,balanced,TIMEOUT,136,1827.868,164698.116,,,37715,897879,37053,848445,311,69,,,,,,,false,
7426,starexec,GEO480+1.p,e3-time_sr-off,balanced,HARD_TIMEOUT,3634,0.000,,,,,,,,,,,,,,,,false,
7426,starexec,GEO491+1.p,e3-time_sr-off,balanced,TIMEOUT,44,652.814,164854.568,,,24409,8239394,23274,8189858,75,6,,,,,,,false,
7426,starexec,GEO494+1.p,e3-time_sr-off,balanced,REFUTED,66,895.134,41925.458,111.202,1234.175,10342,2779074,9691,2758188,101,6,1011,264698,7237,675,67,false,false,
7426,starexec,GEO498+1.p,e3-time_sr-off,balanced,REFUTED,109,937.198,398.436,68.211,1158.951,75,267,72,182,162,4,1331,237862,10578,618,110,false,false,
7426,starexec,GEO501+1.p,e3-time_sr-off,balanced,TIMEOUT,122,795.401,164701.813,,,29495,14092385,27516,14028067,179,5,,,,,,,false,
7426,starexec,GEO504+1.p,e3-time_sr-off,balanced,REFUTED,130,1017.227,1621.071,100.670,1539.008,716,12977,677,11709,191,3,1625,217857,12823,791,131,false,false,
7426,starexec,GEO513+1.p,e3-time_sr-off,balanced,TIMEOUT,172,962.807,164671.290,,,30645,9784967,27366,9721579,265,5,,,,,,,false,
7426,starexec,GEO514+1.p,e3-time_sr-off,balanced,TIMEOUT,173,943.736,164681.359,,,25845,9813057,24351,9755697,264,4,,,,,,,false,
7426,starexec,GEO517+1.p,e3-time_sr-off,balanced,TIMEOUT,180,1036.238,164540.167,,,35479,9111117,34448,9037099,277,8,,,,,,,false,
7426,starexec,GEO520+1.p,e3-time_sr-off,balanced,TIMEOUT,193,1021.836,165884.194,,,28073,9341513,27162,9287225,287,5,,,,,,,false,
7426,starexec,GEO523+1.p,e3-time_sr-off,balanced,REFUTED,200,1322.341,155302.334,95.192,2004.919,23731,10174382,19220,10130402,294,4,2469,487025,22063,983,201,false,false,
7426,starexec,GEO526+1.p,e3-time_sr-off,balanced,TIMEOUT,209,1014.450,164495.712,,,28231,8591299,26998,8529935,307,5,,,,,,,false,
7426,starexec,GEO528+1.p,e3-time_sr-off,balanced,REFUTED,212,905.752,30471.665,66.422,1316.433,12805,2694880,12042,2660253,307,4,2727,599856,23275,983,213,false,false,
7426,starexec,GEO535+1.p,e3-time_sr-off,balanced,TIMEOUT,227,1096.805,164625.534,,,31567,12555739,29853,12488719,335,6,,,,,,,false,
7426,starexec,GRA005+1.p,e3-time_sr-off,balanced,REFUTED,17,648.579,240.359,34.485,2028.320,94,140,93,78,83,21,844,566297,3819,2303,18,false,false,
7426,starexec,GRA008+1.p,e3-time_sr-off,balanced,TIMEOUT,17,629.458,165174.170,,,61419,5578001,59545,5460685,83,20,,,,,,,false,
7426,starexec,GRP652+2.p,e3-time_sr-off,balanced,HARD_TIMEOUT,5675,0.000,,,,,,,,,,,,,,,,false,
7426,starexec,GRP654+1.p,e3-time_sr-off,balanced,TIMEOUT,5,282.954,165579.155,,,496,2090402,375,2086942,6,1,,,,,,,false,
7426,starexec,GRP655+3.p,e3-time_sr-off,balanced,TIMEOUT,5,275.893,168737.095,,,1090,3323954,742,3320402,6,2,,,,,,,false,
7426,starexec,GRP748+1.p,e3-time_sr-off,balanced,TIMEOUT,11,386.131,165868.579,,,1549,5024787,1192,5019669,15,12,,,,,,,false,
7426,starexec,HWV051+1.p,e3-time_sr-off,balanced,TIMEOUT,724,994.337,164668.649,,,80363,417239,77359,284664,919,5,,,,,,,false,
7426,starexec,ITP002+2.p,e3-time_sr-off,balanced,TIMEOUT,33,627.612,165048.444,,,25272,1088407,25142,1062777,58,9,,,,,,,false,
7426,starexec,ITP004+1.p,e3-time_sr-off,balanced,TIMEOUT,30,515.908,165786.070,,,3343,10428545,3207,10409659,56,6,,,,,,,false,
7426,starexec,ITP004+4.p,e3-time_sr-off,balanced,HARD_TIMEOUT,3173,0.000,,,,,,,,,,,,,,,,false,
7426,starexec,ITP006+2.p,e3-time_sr-off,balanced,REFUTED,51,1466.542,141325.200,45.812,11356.045,30437,15707343,24188,15643547,243,40,1996,2717728,9201,4001,52,false,false,
7426,starexec,ITP006+4.p,e3-time_sr-off,balanced,HARD_TIMEOUT,5652,0.000,,,,,,,,,,,,,,,,false,
7426,starexec,ITP009+2.p,e3-time_sr-off,balanced,TIMEOUT,36,934.125,164978.407,,,27732,2442599,27570,2408581,99,18,,,,,,,false,
7426,starexec,ITP012+4.p,e3-time_sr-off,balanced,HARD_TIMEOUT,14071,0.000,,,,,,,,,,,,,,,,false,
7426,starexec,ITP012+5.p,e3-time_sr-off,balanced,HARD_TIMEOUT,10256,0.000,,,,,,,,,,,,,,,,false,
7426,starexec,ITP013+1.p,e3-time_sr-off,balanced,TIMEOUT,45,586.735,165487.949,,,1231,3472161,1193,3466723,108,8,,,,,,,false,
7426,starexec,ITP018+5.p,e3-time_sr-off,balanced,HARD_TIMEOUT,16278,0.000,,,,,,,,,,,,,,,,false,
7426,starexec,ITP020+2.p,e3-time_sr-off,balanced,REFUTED,62,2123.582,6511.539,70.118,35046.133,3368,109907,2963,103309,293,55,2558,2950700,10988,2968,63,false,false,
7426,starexec,ITP020+4.p,e3-time_sr-off,balanced,HARD_TIMEOUT,25152,0.000,,,,,,,,,,,,,,,,false,
7426,starexec,ITP023+2.p,e3-time_sr-off,balanced,TIMEOUT,58,746.146,165719.203,,,42877,8123675,38965,8050723,239,27,,,,,,,false,
7426,starexec,KLE100+1.p,e3-time_sr-off,balanced,TIMEOUT,26,349.295,165038.945,,,3703,12572548,3037,12545624,29,3,,,,,,,false,
7426,starexec,KLE169+1.p,e3-time_sr-off,balanced,TIMEOUT,17,302.327,165498.306,,,2726,11628264,2609,11596190,19,0,,,,,,,false,
7426,starexec,KLE170+1.002.p,e3-time_sr-off,balanced,TIMEOUT,16,314.088,165114.030,,,2458,13001160,2342,12976260,18,0,,,,,,,false,
7426,starexec,KRS187+1.p,e3-time_sr-off,balanced,REFUTED,32,1744.251,74926.441,53.371,11243.976,13223,9897406,12009,9861216,129,74,2138,2391295,6027,2717,33,false,false,
7426,starexec,KRS190+1.p,e3-time_sr-off,balanced,REFUTED,32,1304.970,60097.939,24.462,7730.224,12523,9368628,11333,9333644,129,74,2138,2391295,6027,2717,33,false,false,
7426,starexec,KRS192+1.p,e3-time_sr-off,balanced,TIMEOUT,32,831.715,165223.060,,,22679,22796566,20907,22733888,129,74,,,,,,,false,
7426,starexec,KRS195+1.p,e3-time_sr-off,balanced,REFUTED,32,1057.311,46946.059,23.657,7095.769,13657,10307985,12426,10270949,129,74,2138,2391295,6028,2717,33,false,false,
7426,starexec,KRS196+1.p,e3-time_sr-off,balanced,REFUTED,32,1800.223,62714.476,54.678,12958.265,12685,9450237,11494,9415041,129,74,2138,2391295,6026,2717,33,false,false,
7426,starexec,KRS216+1.p,e3-time_sr-off,balanced,REFUTED,32,1975.539,96392.488,57.003,12126.868,16681,14203066,15062,14155664,129,74,2227,2590026,6129,2717,33,false,false,
7426,starexec,KRS233+1.p,e3-time_sr-off,balanced,TIMEOUT,32,839.197,165204.349,,,22049,20930968,20218,20871456,129,74,,,,,,,false,
7426,starexec,KRS234+1.p,e3-time_sr-off,balanced,REFUTED,32,1734.070,62227.947,45.073,12677.851,10635,8184479,9808,8153028,129,74,2165,2451610,6054,2717,33,false,false,
7426,starexec,KRS251+1.p,e3-time_sr-off,balanced,TIMEOUT,32,822.898,165153.276,,,23014,22456814,21051,22394514,129,74,,,,,,,false,
7426,starexec,KRS261+1.p,e3-time_sr-off,balanced,TIMEOUT,32,786.340,164978.621,,,24585,23408704,22414,23337414,129,74,,,,,,,false,
7426,starexec,KRS262+1.p,e3-time_sr-off,balanced,REFUTED,32,1873.801,8487.175,48.788,11132.508,2888,959144,2844,952758,129,74,2143,2402369,6026,2717,33,false,false,
7426,starexec,LAT258+1.p,e3-time_sr-off,balanced,TIMEOUT,17,380.813,165650.035,,,32080,18706108,29628,18593198,23,1,,,,,,,false,
7426,starexec,LAT287+3.p,e3-time_sr-off,balanced,HARD_TIMEOUT,12371,0.000,,,,,,,,,,,,,,,,false,
7426,starexec,LAT303+4.p,e3-time_sr-off,balanced,HARD_TIMEOUT,34684,0.000,,,,,,,,,,,,,,,,false,
7426,starexec,LAT305+3.p,e3-time_sr-off,balanced,HARD_TIMEOUT,13616,0.000,,,,,,,,,,,,,,,,false,
7426,starexec,LAT351+3.p,e3-time_sr-off,balanced,HARD_TIMEOUT,17808,0.000,,,,,,,,,,,,,,,,false,
7426,starexec,LCL062+2.p,e3-time_sr-off,balanced,TIMEOUT,2,287.887,165454.891,,,11515,11599275,10734,11522101,3,0,,,,,,,false,
7426,starexec,LCL073+1.p,e3-time_sr-off,balanced,TIMEOUT,2,211.902,165482.405,,,10543,21307443,9666,20942310,3,3,,,,,,,false,
7426,starexec,LCL109+1.p,e3-time_sr-off,balanced,TIMEOUT,5,248.812,165232.228,,,10296,15116736,9795,15078764,6,0,,,,,,,false,
7426,starexec,LCL368+1.p,e3-time_sr-off,balanced,REFUTED,4,339.067,20077.967,78.493,164.797,3993,1560678,3726,1549562,5,0,164,9316,420,103,5,false,false,
7426,starexec,LCL368+2.p,e3-time_sr-off,balanced,REFUTED,2,370.686,113870.491,83.713,205.562,8841,7431462,8103,7370188,3,0,127,15446,1067,971,3,false,false,
7426,starexec,LCL369+1.p,e3-time_sr-off,balanced,TIMEOUT,4,236.412,165289.410,,,12730,13314500,11939,13274314,5,0,,,,,,,false,
7426,starexec,LCL369+2.p,e3-time_sr-off,balanced,TIMEOUT,2,296.785,165312.280,,,11587,11425714,10629,11347940,3,0,,,,,,,false,
7426,starexec,LCL370+1.p,e3-time_sr-off,balanced,REFUTED,4,288.385,126939.573,66.439,109.043,10963,9832315,10585,9798171,5,0,228,11265,534,91,5,false,false,
7426,starexec,LCL372+2.p,e3-time_sr-off,balanced,TIMEOUT,2,254.820,166971.191,,,12204,12785318,11275,12697628,3,0,,,,,,,false,
7426,starexec,LCL373+2.p,e3-time_sr-off,balanced,TIMEOUT,2,279.482,165248.916,,,11385,11622360,10499,11537652,3,0,,,,,,,false,
7426,starexec,LCL374+1.p,e3-time_sr-off,balanced,REFUTED,4,373.646,156683.256,117.579,182.963,12444,12827939,11707,12788455,5,0,243,14134,564,103,5,false,false,
7426,starexec,LCL375+1.p,e3-time_sr-off,balanced,TIMEOUT,4,245.595,165064.266,,,12475,13100985,11888,13060731,5,0,,,,,,,false,
7426,starexec,LCL382+1.p,e3-time_sr-off,balanced,REFUTED,4,341.321,127332.383,86.584,171.892,11009,9924925,10644,9890761,5,0,198,9699,485,92,5,false,false,
7426,starexec,LCL382+2.p,e3-time_sr-off,balanced,TIMEOUT,2,387.254,165236.917,,,11407,11707525,10658,11622485,3,0,,,,,,,false,
7426,starexec,LCL383+1.p,e3-time_sr-off,balanced,REFUTED,4,314.042,147982.373,70.309,117.490,11767,11391418,11305,11354234,5,0,218,12624,515,103,5,false,false,
7426,starexec,LCL390+2.p,e3-time_sr-off,balanced,TIMEOUT,2,272.262,165284.613,,,11432,11686025,10500,11601291,3,0,,,,,,,false,
7426,starexec,LCL391+2.p,e3-time_sr-off,balanced,TIMEOUT,2,279.015,165207.747,,,11376,11656046,10632,11571132,3,0,,,,,,,false,
7426,starexec,LCL392+2.p,e3-time_sr-off,balanced,TIMEOUT,2,291.599,165231.263,,,11419,11597118,10481,11512630,3,0,,,,,,,false,
7426,starexec,LCL393+1.p,e3-time_sr-off,balanced,TIMEOUT,4,238.510,165946.707,,,12412,12942574,11893,12903050,5,0,,,,,,,false,
7426,starexec,LCL393+2.p,e3-time_sr-off,balanced,TIMEOUT,2,272.616,165291.958,,,11628,11520698,10655,11442744,3,0,,,,,,,false,
7426,starexec,LCL395+1.p,e3-time_sr-off,balanced,TIMEOUT,4,247.037,165264.273,,,12422,12866288,11859,12825758,5,0,,,,,,,false,
7426,starexec,LCL395+2.p,e3-time_sr-off,balanced,TIMEOUT,2,275.955,165226.850,,,11355,11213751,10486,11136363,3,0,,,,,,,false,
7426,starexec,LCL484+1.p,e3-time_sr-off,balanced,REFUTED,44,1557.487,566.386,67.084,5328.730,119,264,108,138,74,55,1400,1190894,2945,1818,45,false,false,
7426,starexec,LCL556+1.p,e3-time_sr-off,balanced,TIMEOUT,76,719.619,165078.394,,,29149,14521180,23185,14433752,135,94,,,,,,,false,
7426,starexec,LCL638+1.020.p,e3-time_sr-off,balanced,HARD_TIMEOUT,0,0.000,,,,,,,,,,,,,,,,false,
7426,starexec,LCL646+1.010.p,e3-time_sr-off,balanced,TIMEOUT,0,4184.103,164746.570,,,97550,7010220,97550,6912670,294,146,,,,,,,false,
7426,starexec,LCL646+1.015.p,e3-time_sr-off,balanced,HARD_TIMEOUT,0,0.000,,,,,,,,,,,,,,,,false,
7426,starexec,LCL648+1.010.p,e3-time_sr-off,balanced,HARD_TIMEOUT,0,0.000,,,,,,,,,,,,,,,,false,
7426,starexec,LCL650+1.010.p,e3-time_sr-off,balanced,TIMEOUT,0,2315.961,164542.590,,,6794,116628,6691,109788,220,126,,,,,,,false,
7426,starexec,LCL652+1.010.p,e3-time_sr-off,balanced,TIMEOUT,0,1855.227,156882.725,,,100000,11022596,95409,10912910,181,110,,,,,,,false,
7426,starexec,LCL662+1.020.p,e3-time_sr-off,balanced,HARD_TIMEOUT,1,0.000,,,,,,,,,,,,,,,,false,
7426,starexec,LCL664+1.010.p,e3-time_sr-off,balanced,TIMEOUT,1,4224.619,164763.350,,,68561,15755883,36477,15665958,295,146,,,,,,,false,
7426,starexec,LCL666+1.010.p,e3-time_sr-off,balanced,HARD_TIMEOUT,1,0.000,,,,,,,,,,,,,,,,false,
7426,starexec,LCL688+1.001.p,e3-time_sr-off,balanced,REFUTED,2,553.281,8427.850,44.206,1263.455,11460,503738,10834,480244,28,16,537,512586,1711,5041,3,false,false,
7426,starexec,LCL688+1.015.p,e3-time_sr-off,balanced,TIMEOUT,2,2256.069,164787.145,,,34660,25697000,25499,25639338,294,184,,,,,,,false,
7426,starexec,LCL891+1.p,e3-time_sr-off,balanced,TIMEOUT,12,332.506,165385.651,,,2246,9133032,2068,9124374,16,3,,,,,,,false,
7426,starexec,LCL898+1.p,e3-time_sr-off,balanced,TIMEOUT,14,327.086,165210.704,,,6599,14680684,6353,14650578,16,2,,,,,,,false,
7426,starexec,LCL901+1.p,e3-time_sr-off,balanced,REFUTED,14,425.647,131554.881,85.895,337.816,2349,10470272,2227,10444321,16,1,297,18039,750,211,15,false,false,
7426,starexec,LCL978+1.p,e3-time_sr-off,balanced,TIMEOUT,2,290.160,165258.519,,,8528,15029483,7932,14947585,3,3,,,,,,,false,
7426,starexec,LCL979+1.p,e3-time_sr-off,balanced,TIMEOUT,2,280.699,165258.754,,,6008,4306012,4527,4267462,3,3,,,,,,,false,
7426,starexec,LCL982+1.p,e3-time_sr-off,balanced,REFUTED,2,345.771,206.500,35.769,204.716,24,67,23,41,3,3,108,16086,409,273,3,false,false,
7426,starexec,LCL983+1.p,e3-time_sr-off,balanced,TIMEOUT,2,298.341,165250.387,,,8686,13388523,8206,13178665,3,3,,,,,,,false,
7426,starexec,MGT005+1.p,e3-time_sr-off,balanced,REFUTED,10,960.877,5715.689,97.018,3263.303,2913,73226,2638,64813,29,13,504,1045080,3189,5235,11,false,false,
7426,starexec,MGT035+2.p,e3-time_sr-off,balanced,TIMEOUT,19,401.706,165095.299,,,19572,14290521,19037,14255498,43,5,,,,,,,false,
7426,starexec,MGT067+1.p,e3-time_sr-off,balanced,REFUTED,157,609.392,551.715,47.255,1284.402,778,1201,754,391,177,3,1294,364246,8387,680,158,false,false,
7426,starexec,MGT068+1.p,e3-time_sr-off,balanced,REFUTED,59,647.357,3993.165,49.857,710.352,1654,410471,1626,404847,85,4,751,151705,3348,459,60,false,false,
7426,starexec,MGT076+1.p,e3-time_sr-off,balanced,REFUTED,34,651.769,316.228,51.543,738.165,54,110,46,54,54,4,422,60214,1887,383,35,false,false,
7426,starexec,MGT077+1.p,e3-time_sr-off,balanced,REFUTED,44,659.629,326.304,43.539,800.188,72,190,70,110,64,4,475,76399,2032,414,45,false,false,
7426,starexec,MGT078+1.p,e3-time_sr-off,balanced,REFUTED,56,691.819,480.306,43.635,694.675,180,644,180,430,80,6,539,140184,2018,619,57,false,false,
7426,starexec,MGT079+1.p,e3-time_sr-off,balanced,REFUTED,56,585.175,510.904,56.235,755.009,167,617,149,413,77,3,536,89966,2014,413,57,false,false,
7426,starexec,MGT080+1.p,e3-time_sr-off,balanced,REFUTED,73,474.149,404.737,36.552,686.017,276,1389,255,1033,99,7,643,233460,2115,881,74,false,false,
7426,starexec,MGT082+1.p,e3-time_sr-off,balanced,REFUTED,56,696.852,555.475,66.524,1047.739,180,776,171,546,80,6,568,152809,2033,635,57,false,false,
7426,starexec,MGT085+1.p,e3-time_sr-off,balanced,REFUTED,43,674.895,15810.219,68.285,1011.198,2786,1572607,2771,1552812,65,6,524,142865,2023,619,44,false,false,
7426,starexec,MGT086+1.p,e3-time_sr-off,balanced,REFUTED,43,623.638,375.799,42.329,770.258,78,195,67,112,63,3,472,78452,1975,410,44,false,false,
7426,starexec,MGT088+1.p,e3-time_sr-off,balanced,REFUTED,39,634.285,313.751,27.115,574.857,49,128,49,79,59,4,447,65338,1989,393,40,false,false,
7426,starexec,MGT090+1.p,e3-time_sr-off,balanced,REFUTED,59,617.198,347.984,37.093,791.593,103,174,98,90,90,3,581,71034,2646,354,60,false,false,
7426,starexec,MGT091+1.p,e3-time_sr-off,balanced,REFUTED,46,676.026,1166.432,58.102,556.716,381,9431,380,8717,83,3,571,81016,3281,362,47,false,false,
7426,starexec,NLP147+1.p,e3-time_sr-off,balanced,REFUTED,61,1182.379,448.108,54.547,2825.780,224,251,223,94,94,12,1021,1237420,3831,15197,62,false,false,
7426,starexec,NLP260+1.p,e3-time_sr-off,balanced,HARD_TIMEOUT,1026860,0.000,,,,,,,,,,,,,,,,false,
7426,starexec,NLP261+1.p,e3-time_sr-off,balanced,HARD_TIMEOUT,1026860,0.000,,,,,,,,,,,,,,,,false,
7426,starexec,NLP262+1.p,e3-time_sr-off,balanced,HARD_TIMEOUT,1026860,0.000,,,,,,,,,,,,,,,,false,
7426,starexec,NUM292+1.p,e3-time_sr-off,balanced,REFUTED,401,598.969,150994.885,64.463,705.202,36244,109169,36242,72084,407,0,1446,52593,4581,303,402,false,false,
7426,starexec,NUM321+1.p,e3-time_sr-off,balanced,TIMEOUT,401,551.810,164702.504,,,37250,110467,37248,72354,407,0,,,,,,,false,
7426,starexec,NUM335+1.p,e3-time_sr-off,balanced,TIMEOUT,401,509.563,164955.442,,,39793,113713,39791,72945,408,1,,,,,,,false,
7426,starexec,NUM639+4.p,e3-time_sr-off,balanced,TIMEOUT,316,1202.873,166586.307,,,23748,10673626,20466,10631828,532,29,,,,,,,false,
7426,starexec,NUM647+4.p,e3-time_sr-off,balanced,TIMEOUT,346,1284.697,164676.943,,,23503,11212309,21246,11161945,586,29,,,,,,,false,
7426,starexec,NUM653+4.p,e3-time_sr-off,balanced,TIMEOUT,393,1235.417,164563.923,,,31116,11653037,29513,11594935,673,29,,,,,,,false,
7426,starexec,NUM656+4.p,e3-time_sr-off,balanced,TIMEOUT,402,1281.422,164471.361,,,25973,11467401,24491,11416283,691,29,,,,,,,false,
7426,starexec,NUM657+4.p,e3-time_sr-off,balanced,TIMEOUT,405,1310.450,164512.570,,,25059,11864923,23256,11814535,697,29,,,,,,,false,
7426,starexec,NUM658+4.p,e3-time_sr-off,balanced,HARD_TIMEOUT,408,0.000,,,,,,,,,,,,,,,,false,
7426,starexec,NUM663+4.p,e3-time_sr-off,balanced,TIMEOUT,419,1369.411,164513.714,,,28433,11680508,26275,11630372,727,29,,,,,,,false,
7426,starexec,NUM664+4.p,e3-time_sr-off,balanced,TIMEOUT,423,1367.711,164504.933,,,25145,13231313,24025,13184321,736,29,,,,,,,false,
7426,starexec,NUM669+4.p,e3-time_sr-off,balanced,TIMEOUT,443,1379.443,164619.388,,,23884,11668712,22296,11620268,776,29,,,,,,,false,
7426,starexec,NUM671+4.p,e3-time_sr-off,balanced,TIMEOUT,453,1286.036,164467.644,,,28611,12896289,26444,12841969,795,29,,,,,,,false,
7426,starexec,NUM689+4.p,e3-time_sr-off,balanced,TIMEOUT,554,1391.582,164548.517,,,29203,9587197,27755,9542043,1006,29,,,,,,,false,
7426,starexec,NUM690+4.p,e3-time_sr-off,balanced,TIMEOUT,559,1527.980,164406.422,,,30267,11932537,27962,11867315,1017,29,,,,,,,false,
7426,starexec,NUM691+4.p,e3-time_sr-off,balanced,TIMEOUT,564,1388.149,164440.853,,,26342,11599204,25077,11551154,1028,29,,,,,,,false,
7426,starexec,NUM694+4.p,e3-time_sr-off,balanced,TIMEOUT,572,1510.173,164582.034,,,29980,11073117,29091,11018315,1043,29,,,,,,,false,
7426,starexec,NUM695+4.p,e3-time_sr-off,balanced,TIMEOUT,574,1593.312,164400.535,,,28892,10252323,26691,10186579,1046,29,,,,,,,false,
7426,starexec,NUM698+4.p,e3-time_sr-off,balanced,TIMEOUT,585,1499.083,164377.149,,,29189,11087264,27471,11028674,1067,29,,,,,,,false,
7426,starexec,NUM707+4.p,e3-time_sr-off,balanced,TIMEOUT,634,1399.840,164408.071,,,30843,10026912,28854,9962598,1149,29,,,,,,,false,
7426,starexec,NUM709+4.p,e3-time_sr-off,balanced,TIMEOUT,639,1535.342,164742.309,,,30374,10839123,28803,10779359,1157,29,,,,,,,false,
7426,starexec,NUM743+4.p,e3-time_sr-off,balanced,TIMEOUT,907,1663.233,163815.510,,,36303,9409736,35882,9357336,1679,33,,,,,,,false,
7426,starexec,NUM747+4.p,e3-time_sr-off,balanced,TIMEOUT,943,1695.231,164292.037,,,31720,9211312,28548,9145598,1750,33,,,,,,,false,
7426,starexec,NUM750+4.p,e3-time_sr-off,balanced,TIMEOUT,964,1566.670,164229.317,,,30400,9790307,29738,9744233,1788,33,,,,,,,false,
7426,starexec,NUM757+4.p,e3-time_sr-off,balanced,TIMEOUT,1012,1746.582,164181.806,,,31332,12687064,30199,12632460,1888,33,,,,,,,false,
7426,starexec,NUM783+4.p,e3-time_sr-off,balanced,TIMEOUT,1257,1779.379,164103.958,,,40258,7971495,39690,7912451,2380,33,,,,,,,false,
7426,starexec,NUM785+4.p,e3-time_sr-off,balanced,HARD_TIMEOUT,1274,0.000,,,,,,,,,,,,,,,,false,
7426,starexec,NUM786+4.p,e3-time_sr-off,balanced,TIMEOUT,1277,1802.941,164821.898,,,42284,7470160,41190,7401553,2419,33,,,,,,,false,
7426,starexec,NUM787+4.p,e3-time_sr-off,balanced,TIMEOUT,1280,1911.613,164099.138,,,35039,8240028,33383,8165978,2425,33,,,,,,,false,
7426,starexec,NUM789+4.p,e3-time_sr-off,balanced,TIMEOUT,1286,1840.038,164768.670,,,38202,9265632,37798,9209194,2437,33,,,,,,,false,
7426,starexec,NUM795+4.p,e3-time_sr-off,balanced,TIMEOUT,1411,1240.465,164790.873,,,34833,10403645,34087,10351101,2687,33,,,,,,,false,
7426,starexec,NUM796+4.p,e3-time_sr-off,balanced,TIMEOUT,1416,1931.959,164016.856,,,38670,7980915,38209,7915721,2698,33,,,,,,,false,
7426,starexec,NUM835+1.p,e3-time_sr-off,balanced,REFUTED,38,582.843,331.324,37.774,766.927,32,125,28,85,49,4,527,72943,1620,572,39,false,false,
7426,starexec,NUM840+1.p,e3-time_sr-off,balanced,REFUTED,38,604.198,5433.941,65.909,725.554,1654,191175,1630,187146,47,4,528,47048,1893,225,39,false,false,
7426,starexec,NUM853+2.p,e3-time_sr-off,balanced,REFUTED,36,576.431,2443.251,70.121,581.088,764,33739,741,32257,41,4,520,45815,1785,225,37,false,false,
7426,starexec,NUM859+1.p,e3-time_sr-off,balanced,TIMEOUT,13,409.029,165661.297,,,17029,20635860,15631,20589906,30,6,,,,,,,false,
7426,starexec,NUM860+1.p,e3-time_sr-off,balanced,TIMEOUT,13,404.449,165187.540,,,16198,21684719,15229,21645199,30,6,,,,,,,false,
7426,starexec,NUN054+1.p,e3-time_sr-off,balanced,REFUTED,18,966.119,870.922,59.309,1883.848,588,5218,577,4420,59,20,702,433768,2769,1111,19,false,false,
7426,starexec,NUN054+2.p,e3-time_sr-off,balanced,REFUTED,11,764.424,344.967,65.860,1623.965,62,101,51,35,40,20,605,377804,2150,1111,12,false,false,
7426,starexec,NUN056+1.p,e3-time_sr-off,balanced,TIMEOUT,18,535.233,165123.938,,,42005,13160883,39975,13051073,59,20,,,,,,,false,
7426,starexec,NUN057+1.p,e3-time_sr-off,balanced,TIMEOUT,18,518.295,165092.805,,,45298,13908484,43189,13801886,59,20,,,,,,,false,
7426,starexec,NUN060+1.p,e3-time_sr-off,balanced,REFUTED,18,804.745,312.016,31.577,1686.209,47,134,43,84,59,20,649,382620,2739,1121,19,false,false,
7426,starexec,NUN062+1.p,e3-time_sr-off,balanced,REFUTED,18,901.071,343.076,33.360,2046.946,75,235,54,149,60,22,687,443593,2697,1167,19,false,false,
7426,starexec,NUN065+1.p,e3-time_sr-off,balanced,REFUTED,18,1083.116,4081.657,53.464,2260.935,3459,162144,2660,152850,63,24,812,560120,2838,1221,19,false,false,
7426,starexec,NUN066+1.p,e3-time_sr-off,balanced,REFUTED,18,1001.227,3116.392,65.702,2465.433,2245,81820,1628,76698,64,25,827,610894,2915,1294,19,false,false,
7426,starexec,NUN075+1.p,e3-time_sr-off,balanced,REFUTED,18,839.278,3485.482,93.794,1672.195,2118,48680,2052,45008,59,20,1010,785479,3693,1349,19,false,false,
7426,starexec,NUN076+1.p,e3-time_sr-off,balanced,REFUTED,18,819.577,475.461,55.353,1730.345,206,828,202,602,59,20,677,412202,2781,1123,19,false,false,
7426,starexec,NUN080+1.p,e3-time_sr-off,balanced,REFUTED,18,755.377,258.570,47.106,1109.444,43,122,40,76,59,20,626,360297,2662,1099,19,false,false,
7426,starexec,NUN082+1.p,e3-time_sr-off,balanced,REFUTED,18,874.918,2881.302,63.103,1805.758,2331,81236,2044,76419,59,20,729,453117,2786,1094,19,false,false,
7426,starexec,NUN085+1.p,e3-time_sr-off,balanced,REFUTED,18,894.708,22517.623,74.218,2143.343,12704,2284206,11901,2251011,64,25,800,603619,2804,1268,19,false,false,
7426,starexec,NUN086+1.p,e3-time_sr-off,balanced,REFUTED,18,802.165,2671.280,50.495,1822.515,2345,69568,2067,64670,59,20,751,476106,2809,1100,19,false,false,
7426,starexec,PRD001+1.p,e3-time_sr-off,balanced,TIMEOUT,1614,1282.536,164497.569,,,59882,451423,49988,331087,1615,0,,,,,,,false,
7426,starexec,PRO011+1.p,e3-time_sr-off,balanced,REFUTED,48,1087.616,715.042,70.747,2775.254,373,1562,323,1054,95,23,1077,745091,4798,1681,49,false,false,
7426,starexec,PUZ129+2.p,e3-time_sr-off,balanced,REFUTED,0,622.979,321.720,64.344,986.411,35,41,33,18,18,8,289,157494,1012,1381,1,false,false,
7426,starexec,PUZ133+1.p,e3-time_sr-off,balanced,TIMEOUT,9,395.644,165200.915,,,35601,12331119,33686,12166240,24,3,,,,,,,false,
7426,starexec,REL020+2.p,e3-time_sr-off,balanced,TIMEOUT,16,328.934,165137.356,,,3396,8822283,2406,8803505,18,2,,,,,,,false,
7426,starexec,REL021+1.p,e3-time_sr-off,balanced,TIMEOUT,13,316.138,165342.824,,,2241,11341538,1920,11315622,15,2,,,,,,,false,
7426,starexec,REL040+2.p,e3-time_sr-off,balanced,TIMEOUT,13,327.697,165484.199,,,2268,10845508,1983,10818562,15,3,,,,,,,false,
7426,starexec,SCT115+1.p,e3-time_sr-off,balanced,TIMEOUT,527,2182.274,164321.432,,,21796,9697347,19694,9653013,869,121,,,,,,,false,
7426,starexec,SCT117+1.p,e3-time_sr-off,balanced,HARD_TIMEOUT,527,0.000,,,,,,,,,,,,,,,,false,
7426,starexec,SCT120+1.p,e3-time_sr-off,balanced,TIMEOUT,526,1953.506,165106.540,,,20184,10077384,17735,10027448,794,100,,,,,,,false,
7426,starexec,SCT123+1.p,e3-time_sr-off,balanced,TIMEOUT,528,2227.670,164045.881,,,14937,7079557,13572,7051691,826,115,,,,,,,false,
7426,starexec,SCT124+1.p,e3-time_sr-off,balanced,HARD_TIMEOUT,528,0.000,,,,,,,,,,,,,,,,false,
7426,starexec,SCT125+1.p,e3-time_sr-off,balanced,TIMEOUT,528,2158.468,165754.969,,,13548,8296046,12397,8265166,819,106,,,,,,,false,
7426,starexec,SCT155+1.p,e3-time_sr-off,balanced,TIMEOUT,528,2245.529,164238.324,,,24425,8705246,21798,8658630,831,111,,,,,,,false,
7426,starexec,SCT158+1.p,e3-time_sr-off,balanced,TIMEOUT,528,2194.067,164304.057,,,22554,9586399,20597,9542035,832,110,,,,,,,false,
7426,starexec,SCT170+3.p,e3-time_sr-off,balanced,TIMEOUT,1578,4028.332,163869.934,,,38898,6805005,37060,6717993,2785,640,,,,,,,false,
7426,starexec,SET017+1.p,e3-time_sr-off,balanced,REFUTED,43,876.587,585.791,63.702,874.382,190,854,181,630,93,10,682,196327,2725,651,44,false,false,
7426,starexec,SET101+1.p,e3-time_sr-off,balanced,REFUTED,43,719.908,877.652,53.952,1026.412,354,4152,331,3630,90,9,657,137446,2654,486,44,false,false,
7426,starexec,SET716+4.p,e3-time_sr-off,balanced,TIMEOUT,28,1089.557,165093.148,,,24376,12638662,22888,12592520,160,54,,,,,,,false,
7426,starexec,SET733+4.p,e3-time_sr-off,balanced,TIMEOUT,28,1181.765,166477.000,,,29790,11744845,28115,11693107,159,53,,,,,,,false,
7426,starexec,SET817+4.p,e3-time_sr-off,balanced,TIMEOUT,22,599.028,166947.611,,,25257,13901584,24896,13853466,80,20,,,,,,,false,
7426,starexec,SET964+1.p,e3-time_sr-off,balanced,REFUTED,12,844.305,449.156,59.986,1615.387,94,431,81,328,33,13,494,248471,1878,1509,13,false,false,
7426,starexec,SEU269+1.p,e3-time_sr-off,balanced,TIMEOUT,51,568.963,165321.386,,,1520,1657978,1490,1654596,92,18,,,,,,,false,
7426,starexec,SEU440+4.p,e3-time_sr-off,balanced,HARD_TIMEOUT,71133,0.000,,,,,,,,,,,,,,,,false,
7426,starexec,SEV522+1.p,e3-time_sr-off,balanced,TIMEOUT,19,694.274,165063.197,,,20448,15260191,17757,15221267,96,32,,,,,,,false,
7426,starexec,SEV563+1.p,e3-time_sr-off,balanced,TIMEOUT,25,499.377,166313.222,,,25254,15426038,24435,15375266,80,17,,,,,,,false,
7426,starexec,SEV569+1.p,e3-time_sr-off,balanced,REFUTED,25,1069.573,1822.117,89.417,1868.956,908,19810,841,18538,80,17,922,427364,2792,955,26,false,false,
7426,starexec,SEV581+1.p,e3-time_sr-off,balanced,TIMEOUT,25,556.056,165357.816,,,19392,12352387,18450,12297981,80,17,,,,,,,false,
7426,starexec,SEV606+1.p,e3-time_sr-off,balanced,HARD_TIMEOUT,1727,0.000,,,,,,,,,,,,,,,,false,
7426,starexec,SEV607+1.p,e3-time_sr-off,balanced,HARD_TIMEOUT,2360,0.000,,,,,,,,,,,,,,,,false,
7426,starexec,SEV608+1.p,e3-time_sr-off,balanced,HARD_TIMEOUT,2867,0.000,,,,,,,,,,,,,,,,false,
7426,starexec,SEV609+1.p,e3-time_sr-off,balanced,HARD_TIMEOUT,2900,0.000,,,,,,,,,,,,,,,,false,
7426,starexec,SEV610+1.p,e3-time_sr-off,balanced,HARD_TIMEOUT,2777,0.000,,,,,,,,,,,,,,,,false,
7426,starexec,SEV612+1.p,e3-time_sr-off,balanced,HARD_TIMEOUT,2852,0.000,,,,,,,,,,,,,,,,false,
7426,starexec,SEV616+1.p,e3-time_sr-off,balanced,HARD_TIMEOUT,2862,0.000,,,,,,,,,,,,,,,,false,
7426,starexec,SEV618+1.p,e3-time_sr-off,balanced,HARD_TIMEOUT,2435,0.000,,,,,,,,,,,,,,,,false,
7426,starexec,SEV620+1.p,e3-time_sr-off,balanced,HARD_TIMEOUT,2723,0.000,,,,,,,,,,,,,,,,false,
7426,starexec,SEV621+1.p,e3-time_sr-off,balanced,HARD_TIMEOUT,2708,0.000,,,,,,,,,,,,,,,,false,
7426,starexec,SEV622+1.p,e3-time_sr-off,balanced,HARD_TIMEOUT,2761,0.000,,,,,,,,,,,,,,,,false,
7426,starexec,SEV625+1.p,e3-time_sr-off,balanced,HARD_TIMEOUT,2847,0.000,,,,,,,,,,,,,,,,false,
7426,starexec,SEV626+1.p,e3-time_sr-off,balanced,HARD_TIMEOUT,2838,0.000,,,,,,,,,,,,,,,,false,
7426,starexec,SEV627+1.p,e3-time_sr-off,balanced,HARD_TIMEOUT,2813,0.000,,,,,,,,,,,,,,,,false,
7426,starexec,SEV629+1.p,e3-time_sr-off,balanced,HARD_TIMEOUT,2962,0.000,,,,,,,,,,,,,,,,false,
7426,starexec,SEV630+1.p,e3-time_sr-off,balanced,HARD_TIMEOUT,2559,0.000,,,,,,,,,,,,,,,,false,
7426,starexec,SEV631+1.p,e3-time_sr-off,balanced,HARD_TIMEOUT,3117,0.000,,,,,,,,,,,,,,,,false,
7426,starexec,SEV634+1.p,e3-time_sr-off,balanced,HARD_TIMEOUT,2534,0.000,,,,,,,,,,,,,,,,false,
7426,starexec,SEV636+1.p,e3-time_sr-off,balanced,EXHAUSTED,2935,8098.935,480.229,,,0,0,0,0,7455,2111,,,,,,,false,StackOverflowError:  at Clausal$.term:173
7426,starexec,SEV637+1.p,e3-time_sr-off,balanced,HARD_TIMEOUT,2981,0.000,,,,,,,,,,,,,,,,false,
7426,starexec,SEV640+1.p,e3-time_sr-off,balanced,HARD_TIMEOUT,2766,0.000,,,,,,,,,,,,,,,,false,
7426,starexec,SEV641+1.p,e3-time_sr-off,balanced,HARD_TIMEOUT,3078,0.000,,,,,,,,,,,,,,,,false,
7426,starexec,SEV643+1.p,e3-time_sr-off,balanced,HARD_TIMEOUT,2960,0.000,,,,,,,,,,,,,,,,false,
7426,starexec,SEV644+1.p,e3-time_sr-off,balanced,HARD_TIMEOUT,2363,0.000,,,,,,,,,,,,,,,,false,
7426,starexec,SEV646+1.p,e3-time_sr-off,balanced,HARD_TIMEOUT,3067,0.000,,,,,,,,,,,,,,,,false,
7426,starexec,SEV650+1.p,e3-time_sr-off,balanced,HARD_TIMEOUT,3015,0.000,,,,,,,,,,,,,,,,false,
7426,starexec,SEV651+1.p,e3-time_sr-off,balanced,HARD_TIMEOUT,2743,0.000,,,,,,,,,,,,,,,,false,
7426,starexec,SEV654+1.p,e3-time_sr-off,balanced,EXHAUSTED,3190,9619.833,154484.399,,,0,0,0,0,9000,2918,,,,,,,false,OutOfMemoryError: Java heap space at Arrays.copyOf:3623
7426,starexec,SEV655+1.p,e3-time_sr-off,balanced,EXHAUSTED,3248,7641.621,143393.693,,,0,0,0,0,8269,2524,,,,,,,false,OutOfMemoryError: Java heap space at Arrays.copyOf:3623
7426,starexec,SEV656+1.p,e3-time_sr-off,balanced,HARD_TIMEOUT,3041,0.000,,,,,,,,,,,,,,,,false,
7426,starexec,SEV657+1.p,e3-time_sr-off,balanced,HARD_TIMEOUT,3067,0.000,,,,,,,,,,,,,,,,false,
7426,starexec,SEV658+1.p,e3-time_sr-off,balanced,HARD_TIMEOUT,3118,0.000,,,,,,,,,,,,,,,,false,
7426,starexec,SEV660+1.p,e3-time_sr-off,balanced,HARD_TIMEOUT,2689,0.000,,,,,,,,,,,,,,,,false,
7426,starexec,SEV661+1.p,e3-time_sr-off,balanced,HARD_TIMEOUT,2456,0.000,,,,,,,,,,,,,,,,false,
7426,starexec,SEV667+1.p,e3-time_sr-off,balanced,HARD_TIMEOUT,2862,0.000,,,,,,,,,,,,,,,,false,
7426,starexec,SEV668+1.p,e3-time_sr-off,balanced,HARD_TIMEOUT,2820,0.000,,,,,,,,,,,,,,,,false,
7426,starexec,SEV671+1.p,e3-time_sr-off,balanced,HARD_TIMEOUT,2497,0.000,,,,,,,,,,,,,,,,false,
7426,starexec,SEV673+1.p,e3-time_sr-off,balanced,HARD_TIMEOUT,2701,0.000,,,,,,,,,,,,,,,,false,
7426,starexec,SEV675+1.p,e3-time_sr-off,balanced,HARD_TIMEOUT,3187,0.000,,,,,,,,,,,,,,,,false,
7426,starexec,SEV676+1.p,e3-time_sr-off,balanced,HARD_TIMEOUT,3004,0.000,,,,,,,,,,,,,,,,false,
7426,starexec,SEV677+1.p,e3-time_sr-off,balanced,HARD_TIMEOUT,3185,0.000,,,,,,,,,,,,,,,,false,
7426,starexec,SEV678+1.p,e3-time_sr-off,balanced,HARD_TIMEOUT,2924,0.000,,,,,,,,,,,,,,,,false,
7426,starexec,SEV679+1.p,e3-time_sr-off,balanced,HARD_TIMEOUT,3356,0.000,,,,,,,,,,,,,,,,false,
7426,starexec,SWB012+1.p,e3-time_sr-off,balanced,TIMEOUT,559,2297.914,164847.561,,,48330,14689872,47548,14616010,1392,275,,,,,,,false,
7426,starexec,SWB013+2.p,e3-time_sr-off,balanced,TIMEOUT,8,670.512,165167.982,,,28959,10885274,28659,10847610,62,19,,,,,,,false,
7426,starexec,SWB017+1.p,e3-time_sr-off,balanced,HARD_TIMEOUT,559,0.000,,,,,,,,,,,,,,,,false,
7426,starexec,SWB020+1.p,e3-time_sr-off,balanced,TIMEOUT,559,3003.152,164589.287,,,45517,12492161,44861,12420595,1394,278,,,,,,,false,
7426,starexec,SWB021+2.p,e3-time_sr-off,balanced,REFUTED,7,1100.468,5937.611,111.100,3842.365,2655,131818,2237,121021,78,17,765,1411343,3337,3856,8,false,false,
7426,starexec,SWB023+1.p,e3-time_sr-off,balanced,HARD_TIMEOUT,559,0.000,,,,,,,,,,,,,,,,false,
7426,starexec,SWB027+1.p,e3-time_sr-off,balanced,TIMEOUT,559,2227.326,164853.356,,,45437,13021335,45010,12949407,1385,274,,,,,,,false,
7426,starexec,SWB032+1.p,e3-time_sr-off,balanced,TIMEOUT,558,2363.250,164684.292,,,47582,13691859,47189,13619383,1379,271,,,,,,,false,
7426,starexec,SWB040+1.p,e3-time_sr-off,balanced,TIMEOUT,559,2341.781,164729.757,,,45417,13144940,45070,13072814,1382,271,,,,,,,false,
7426,starexec,SWB042+1.p,e3-time_sr-off,balanced,TIMEOUT,559,2377.918,164709.684,,,46954,12782779,46602,12705365,1394,277,,,,,,,false,
7426,starexec,SWB046+1.p,e3-time_sr-off,balanced,TIMEOUT,559,2417.223,166180.476,,,44304,12382326,43969,12311550,1384,273,,,,,,,false,
7426,starexec,SWB047+1.p,e3-time_sr-off,balanced,TIMEOUT,559,2385.646,164767.834,,,45205,12923214,44863,12851306,1381,271,,,,,,,false,
7426,starexec,SWB053+1.p,e3-time_sr-off,balanced,HARD_TIMEOUT,559,0.000,,,,,,,,,,,,,,,,false,
7426,starexec,SWB055+1.p,e3-time_sr-off,balanced,TIMEOUT,559,2316.507,164786.052,,,48712,12587157,48413,12510789,1385,274,,,,,,,false,
7426,starexec,SWB063+1.p,e3-time_sr-off,balanced,TIMEOUT,559,2449.146,164794.563,,,45666,13836480,45327,13763702,1385,273,,,,,,,false,
7426,starexec,SWB068+1.p,e3-time_sr-off,balanced,TIMEOUT,559,2409.317,164739.971,,,54188,10582928,53836,10508706,1388,274,,,,,,,false,
7426,starexec,SWB073+1.p,e3-time_sr-off,balanced,HARD_TIMEOUT,559,0.000,,,,,,,,,,,,,,,,false,
7426,starexec,SWB090+1.p,e3-time_sr-off,balanced,TIMEOUT,559,2471.789,164735.011,,,45345,13234245,44893,13162363,1386,271,,,,,,,false,
7426,starexec,SWB091+1.p,e3-time_sr-off,balanced,TIMEOUT,559,2206.793,164811.547,,,45819,12941671,45066,12870133,1392,275,,,,,,,false,
7426,starexec,SWB093+1.p,e3-time_sr-off,balanced,TIMEOUT,559,2482.450,164701.064,,,45165,13131247,44711,13059545,1385,271,,,,,,,false,
7426,starexec,SWB095+1.p,e3-time_sr-off,balanced,TIMEOUT,559,2440.927,164705.299,,,45519,13375310,45067,13303230,1386,271,,,,,,,false,
7426,starexec,SWB099+1.p,e3-time_sr-off,balanced,TIMEOUT,559,2393.304,164725.090,,,45254,13204530,44832,13132234,1384,271,,,,,,,false,
7426,starexec,SWB103+1.p,e3-time_sr-off,balanced,TIMEOUT,559,2482.064,164718.370,,,45648,13688157,45030,13616609,1393,273,,,,,,,false,
7426,starexec,SWC012+1.p,e3-time_sr-off,balanced,REFUTED,95,1661.730,4793.787,45.827,11642.599,9256,185480,9141,173483,220,62,2744,5518823,11635,5088,96,false,false,
7426,starexec,SWV014+1.p,e3-time_sr-off,balanced,REFUTED,28,431.364,246.061,45.006,350.675,63,82,61,38,38,0,286,16588,1575,227,29,false,false,
7426,starexec,SWV041+1.p,e3-time_sr-off,balanced,REFUTED,99,1614.162,577.937,50.483,9316.093,167,768,143,578,178,42,1787,3051141,7596,3656,100,false,false,
7426,starexec,SWV114+1.p,e3-time_sr-off,balanced,TIMEOUT,101,853.624,164987.785,,,40813,15212527,39999,15126069,199,52,,,,,,,false,
7426,starexec,SWV202+1.p,e3-time_sr-off,balanced,TIMEOUT,91,825.641,164990.988,,,35408,18258957,34018,18175461,203,42,,,,,,,false,
7426,starexec,SWV203+1.p,e3-time_sr-off,balanced,TIMEOUT,91,884.167,164903.438,,,34776,15606116,33421,15527334,203,42,,,,,,,false,
7426,starexec,SWV234+1.p,e3-time_sr-off,balanced,TIMEOUT,25,331.171,165593.765,,,7082,10940390,6419,10894676,26,0,,,,,,,false,
7426,starexec,SWV234+2.p,e3-time_sr-off,balanced,REFUTED,21,384.356,60002.844,99.602,262.052,1207,4422545,1172,4407522,22,0,279,9365,750,111,22,false,false,
7426,starexec,SWV390+1.p,e3-time_sr-off,balanced,REFUTED,42,672.169,440.696,53.484,809.755,100,311,98,177,55,6,578,103666,2824,461,43,false,false,
7426,starexec,SWV406+1.p,e3-time_sr-off,balanced,REFUTED,41,910.254,46713.771,92.913,1733.510,2900,1737494,2160,1728905,59,9,754,464670,3119,4101,42,false,false,
7426,starexec,SWV452+1.p,e3-time_sr-off,balanced,TIMEOUT,66,679.299,165093.186,,,21860,25734683,19357,25617311,130,13,,,,,,,false,
7426,starexec,SWV454+1.p,e3-time_sr-off,balanced,HARD_TIMEOUT,66,0.000,,,,,,,,,,,,,,,,false,
7426,starexec,SWV467+1.p,e3-time_sr-off,balanced,TIMEOUT,66,843.693,164996.919,,,17874,22905703,15351,22770147,139,14,,,,,,,false,
7426,starexec,SWV473+1.p,e3-time_sr-off,balanced,TIMEOUT,66,761.794,165017.447,,,15915,20634963,14534,20529399,126,14,,,,,,,false,
7426,starexec,SWV474+1.p,e3-time_sr-off,balanced,HARD_TIMEOUT,66,0.000,,,,,,,,,,,,,,,,false,
7426,starexec,SWV479+1.p,e3-time_sr-off,balanced,TIMEOUT,66,969.367,164924.321,,,17792,21603095,15569,21474753,142,15,,,,,,,false,
7426,starexec,SWV487+3.p,e3-time_sr-off,balanced,HARD_TIMEOUT,12,0.000,,,,,,,,,,,,,,,,false,
7426,starexec,SWV488+3.p,e3-time_sr-off,balanced,REFUTED,12,476.530,268.430,39.675,497.157,26,62,21,35,24,3,240,39985,954,553,13,false,false,
7426,starexec,SWW102+1.p,e3-time_sr-off,balanced,TIMEOUT,44,537.483,165115.504,,,5255,12483091,5129,12467229,89,12,,,,,,,false,
7426,starexec,SWW186+1.p,e3-time_sr-off,balanced,TIMEOUT,1181,1865.220,164027.684,,,25391,12738856,23439,12635382,1568,29,,,,,,,false,
7426,starexec,SWW278+1.p,e3-time_sr-off,balanced,TIMEOUT,1199,1111.961,164777.049,,,26989,12595754,25505,12503044,1586,36,,,,,,,false,
7426,starexec,SWW279+1.p,e3-time_sr-off,balanced,TIMEOUT,1213,1843.145,164094.230,,,26582,10479628,24116,10390948,1647,38,,,,,,,false,
7426,starexec,SWW298+1.p,e3-time_sr-off,balanced,HARD_TIMEOUT,5224,0.000,,,,,,,,,,,,,,,,false,
7426,starexec,SWW350+1.p,e3-time_sr-off,balanced,HARD_TIMEOUT,5228,0.000,,,,,,,,,,,,,,,,false,
7426,starexec,SWW374+1.p,e3-time_sr-off,balanced,HARD_TIMEOUT,5248,0.000,,,,,,,,,,,,,,,,false,
7426,starexec,SWW394+1.p,e3-time_sr-off,balanced,HARD_TIMEOUT,5223,0.000,,,,,,,,,,,,,,,,false,
7426,starexec,SWW470+5.p,e3-time_sr-off,balanced,REFUTED,162,3529.221,11626.027,56.621,17630.519,2725,272553,2057,266775,240,52,3102,12976319,21717,10205,163,false,false,
7426,starexec,SWW473+2.p,e3-time_sr-off,balanced,HARD_TIMEOUT,916,0.000,,,,,,,,,,,,,,,,false,
7426,starexec,SWW473+6.p,e3-time_sr-off,balanced,REFUTED,608,7751.114,3492.130,94.123,98251.806,994,22909,899,21325,845,87,9085,37289817,56288,10957,609,false,false,
7426,starexec,SWW474+3.p,e3-time_sr-off,balanced,TIMEOUT,1440,2861.202,163715.721,,,28218,8078599,26398,8014593,2284,309,,,,,,,false,
7426,starexec,SWW937+1.p,e3-time_sr-off,balanced,TIMEOUT,28,731.062,164959.183,,,11573,13092335,11304,13057721,181,24,,,,,,,false,
7426,starexec,SWW961+1.p,e3-time_sr-off,balanced,REFUTED,176,614.295,490.794,73.132,550.891,193,242,185,177,177,0,947,22877,2965,207,177,false,false,
7426,starexec,SWX051+1.p,e3-time_sr-off,balanced,TIMEOUT,292,1783.407,164666.681,,,43096,16237891,38524,16124011,579,168,,,,,,,false,
7426,starexec,SWX185+1.p,e3-time_sr-off,balanced,TIMEOUT,40,322.902,165087.446,,,3159,6942600,3113,6936388,41,0,,,,,,,false,
7426,starexec,SWX187+1.p,e3-time_sr-off,balanced,REFUTED,16,358.318,4381.294,96.129,254.871,2408,42255,2354,34848,18,0,361,40118,1113,275,17,false,false,
7426,starexec,SWX189+1.p,e3-time_sr-off,balanced,TIMEOUT,53,323.243,165236.610,,,6975,6698365,6830,6678167,54,0,,,,,,,false,
7426,starexec,SWX194+1.p,e3-time_sr-off,balanced,TIMEOUT,71,398.574,165022.116,,,7729,10012055,7589,9996743,72,0,,,,,,,false,
7426,starexec,SWX197+1.p,e3-time_sr-off,balanced,TIMEOUT,73,417.376,165036.583,,,5898,7961317,5303,7942359,74,0,,,,,,,false,
7426,starexec,SWX199+1.p,e3-time_sr-off,balanced,REFUTED,12,376.611,2713.477,101.515,307.234,127,38581,110,37828,14,0,260,20068,726,132,13,false,false,
7426,starexec,SWX200+1.p,e3-time_sr-off,balanced,REFUTED,15,384.519,215.881,35.969,220.690,16,23,14,19,19,0,161,7737,550,143,16,false,false,
7426,starexec,SWX201+1.p,e3-time_sr-off,balanced,TIMEOUT,28,329.699,165765.906,,,2376,4335595,2281,4331037,30,0,,,,,,,false,
7426,starexec,SWX202+1.p,e3-time_sr-off,balanced,TIMEOUT,28,348.132,165092.691,,,2574,3840772,2488,3835504,30,0,,,,,,,false,
7426,starexec,SWX203+1.p,e3-time_sr-off,balanced,REFUTED,21,392.418,3230.881,156.562,476.320,1383,19484,934,14216,29,0,517,31883,1041,143,22,false,false,
7426,starexec,SWX209+1.p,e3-time_sr-off,balanced,TIMEOUT,49,409.682,165156.876,,,5282,7205203,4834,7185995,56,0,,,,,,,false,
7426,starexec,SWX210+1.p,e3-time_sr-off,balanced,TIMEOUT,49,365.495,165279.724,,,4893,6650569,4486,6633341,56,0,,,,,,,false,
7426,starexec,SWX211+1.p,e3-time_sr-off,balanced,TIMEOUT,49,442.582,165273.877,,,5266,7153835,4593,7134145,56,0,,,,,,,false,
7426,starexec,SWX212+1.p,e3-time_sr-off,balanced,TIMEOUT,49,349.385,165698.069,,,9799,9590129,9487,9571729,57,0,,,,,,,false,
7426,starexec,SWX217+1.p,e3-time_sr-off,balanced,TIMEOUT,23,300.237,167033.993,,,9265,6948916,8242,6922134,25,0,,,,,,,false,
7426,starexec,SWX219+1.p,e3-time_sr-off,balanced,REFUTED,31,403.587,6996.151,58.260,198.402,5396,17248,5368,9382,36,0,352,19211,1287,181,32,false,false,
7426,starexec,SWX220+1.p,e3-time_sr-off,balanced,REFUTED,31,428.338,4301.847,65.886,263.806,2743,8889,2739,5093,36,0,349,19353,1294,194,32,false,false,
7426,starexec,SWX221+1.p,e3-time_sr-off,balanced,REFUTED,35,465.655,3551.516,90.142,446.982,2564,5662,2549,2768,43,0,408,24485,1516,181,36,false,false,
7426,starexec,SWX222+1.p,e3-time_sr-off,balanced,REFUTED,35,416.806,527.286,56.166,325.358,214,357,207,126,43,0,339,15785,1318,181,36,false,false,
7426,starexec,SWX223+1.p,e3-time_sr-off,balanced,REFUTED,35,420.066,718.721,79.301,368.556,362,737,354,337,43,0,390,21822,1444,181,36,false,false,
7426,starexec,SWX224+1.p,e3-time_sr-off,balanced,REFUTED,31,366.794,964.986,61.819,258.332,697,1902,687,1006,36,0,322,15887,1209,181,32,false,false,
7426,starexec,SWX240_1.p,e3-time_sr-off,balanced,REFUTED,56,471.216,5868.992,88.132,519.886,1025,112943,952,110677,70,0,570,31253,2001,136,57,false,false,
7426,starexec,SWX241_1.p,e3-time_sr-off,balanced,TIMEOUT,64,404.585,165034.470,,,29050,9993091,26628,9905277,79,0,,,,,,,false,
7426,starexec,SYN076+1.p,e3-time_sr-off,balanced,TIMEOUT,1,539.209,165336.111,,,1920,5499402,1801,5492663,48,16,,,,,,,false,
7426,starexec,SYN077+1.p,e3-time_sr-off,balanced,REFUTED,1,515.383,295.303,56.329,628.838,53,89,36,19,9,6,241,63879,670,637,2,false,false,
7426,starexec,SYN353+1.p,e3-time_sr-off,balanced,REFUTED,0,603.243,313.437,57.209,1534.765,74,282,32,81,21,2,219,277626,801,11878,1,false,false,
7426,starexec,SYN986+1.004.p,e3-time_sr-off,balanced,EXHAUSTED,2,307.999,393.387,,,0,0,0,0,3,0,,,,,,,false,StackOverflowError:  at Core$Trail$Applier.apply:975
7426,starexec,SYO525+1.018.p,e3-time_sr-off,balanced,TIMEOUT,29,551.583,164990.827,,,61535,61545,61535,30,30,0,,,,,,,false,
7426,starexec,SYO525+1.021.p,e3-time_sr-off,balanced,TIMEOUT,29,555.163,164972.620,,,63680,63687,63680,30,30,0,,,,,,,false,
7426,starexec,SYO525+1.024.p,e3-time_sr-off,balanced,TIMEOUT,29,563.042,164981.550,,,62779,62783,62779,30,30,0,,,,,,,false,
7426,starexec,SYO525+1.027.p,e3-time_sr-off,balanced,TIMEOUT,29,552.295,164886.993,,,61664,61665,61664,30,30,0,,,,,,,false,
7426,starexec,SYO525+1.030.p,e3-time_sr-off,balanced,TIMEOUT,32,617.146,164823.779,,,60339,60340,60339,33,33,0,,,,,,,false,
7426,starexec,SYO605+1.p,e3-time_sr-off,balanced,REFUTED,4,862.544,1982.228,138.927,3370.717,2188,19981,1239,11803,48,14,903,1044573,1977,2212,5,false,false,
7426,starexec,TOP020+1.p,e3-time_sr-off,balanced,TIMEOUT,8,474.048,165253.902,,,57115,474491,56015,401447,27,11,,,,,,,false,
7426,starexec,TOP029+1.p,e3-time_sr-off,balanced,TIMEOUT,108,527.447,165278.080,,,46513,1135250,43277,985065,306,48,,,,,,,false,
7426,starexec,TOP046+3.p,e3-time_sr-off,balanced,HARD_TIMEOUT,18710,0.000,,,,,,,,,,,,,,,,false,
7426,starexec,AGT007+2.p,e4_orthologic-off,balanced,TIMEOUT,922,747.430,164728.128,,,34135,1158942,33882,1113851,1022,13,,,,,,,false,
7426,starexec,AGT022+1.p,e4_orthologic-off,balanced,TIMEOUT,555,439.948,165107.092,,,36232,178721,31181,130857,655,13,,,,,,,false,
7426,starexec,ALG040+1.p,e4_orthologic-off,balanced,REFUTED,4,421.941,1227.747,71.030,430.368,928,7216,919,6132,12,2,219,40643,602,388,5,false,false,
7426,starexec,ALG213+1.p,e4_orthologic-off,balanced,TIMEOUT,4,335.195,165358.487,,,1171,10527152,1082,10520586,5,5,,,,,,,false,
7426,starexec,BIO006+1.p,e4_orthologic-off,balanced,PARSE_ERR,,0.000,,,,,,,,,,,,,,,,false,StackOverflowError
7426,starexec,COM008+1.p,e4_orthologic-off,balanced,TIMEOUT,10,243.671,165475.730,,,18461,11623705,18147,11596031,15,3,,,,,,,false,
7426,starexec,COM008+2.p,e4_orthologic-off,balanced,TIMEOUT,8,348.140,165227.903,,,16355,6653693,15173,6622607,13,3,,,,,,,false,
7426,starexec,COM131+1.p,e4_orthologic-off,balanced,TIMEOUT,59,1273.181,165068.468,,,18026,7977395,17427,7948221,157,95,,,,,,,false,
7426,starexec,COM136+1.p,e4_orthologic-off,balanced,REFUTED,56,3419.313,1043.882,95.726,26160.885,544,2432,452,1719,152,94,2939,13637390,17792,9820,57,false,false,
7426,starexec,COM139+1.p,e4_orthologic-off,balanced,HARD_TIMEOUT,55,0.000,,,,,,,,,,,,,,,,false,
7426,starexec,CSR005+2.p,e4_orthologic-off,balanced,TIMEOUT,55,617.353,165048.696,,,40938,8820360,38154,8709048,120,18,,,,,,,false,
7426,starexec,CSR021+1.p,e4_orthologic-off,balanced,REFUTED,47,1141.922,1923.579,66.264,5163.377,1183,25392,1156,21337,137,21,1040,664001,4515,1464,48,false,false,
7426,starexec,CSR022+1.p,e4_orthologic-off,balanced,REFUTED,47,1214.410,2010.054,67.219,5269.625,1182,24945,1163,21033,137,21,1037,662932,4511,1464,48,false,false,
7426,starexec,CSR025+5.p,e4_orthologic-off,balanced,HARD_TIMEOUT,540249,0.000,,,,,,,,,,,,,,,,false,
7426,starexec,CSR030+3.p,e4_orthologic-off,balanced,REFUTED,8005,3164.494,57238.628,154.361,5525.880,30323,85148,29204,44547,8007,0,44051,1238415,103763,89,8006,false,false,
7426,starexec,CSR033+3.p,e4_orthologic-off,balanced,REFUTED,8005,3138.083,72809.724,170.072,5121.288,34396,182704,33748,134822,8007,0,44079,1339440,103767,89,8006,false,false,
7426,starexec,CSR036+5.p,e4_orthologic-off,balanced,HARD_TIMEOUT,540249,0.000,,,,,,,,,,,,,,,,false,
7426,starexec,CSR038+4.p,e4_orthologic-off,balanced,HARD_TIMEOUT,44216,0.000,,,,,,,,,,,,,,,,false,
7426,starexec,CSR042+3.p,e4_orthologic-off,balanced,REFUTED,8005,1995.243,6659.054,113.404,3628.537,11322,20411,11258,8007,8007,0,44041,1238170,103750,89,8006,false,false,
7426,starexec,CSR044+3.p,e4_orthologic-off,balanced,REFUTED,8005,2978.587,44599.860,157.576,5469.639,28869,83415,28433,44500,8007,0,44067,1439544,103800,89,8006,false,false,
7426,starexec,CSR045+3.p,e4_orthologic-off,balanced,REFUTED,8005,3252.659,4076.723,138.099,6204.713,5306,11024,5302,8006,8006,0,44064,1004693,103756,89,8006,false,false,
7426,starexec,CSR048+3.p,e4_orthologic-off,balanced,REFUTED,8005,2999.962,52209.655,114.093,5091.506,29094,83500,28899,44435,8007,0,44043,1238212,103749,89,8006,false,false,
7426,starexec,CSR050+5.p,e4_orthologic-off,balanced,HARD_TIMEOUT,540249,0.000,,,,,,,,,,,,,,,,false,
7426,starexec,CSR052+3.p,e4_orthologic-off,balanced,TIMEOUT,8005,2530.464,163826.679,,,51834,265487,47600,181820,8007,0,,,,,,,false,
7426,starexec,CSR054+3.p,e4_orthologic-off,balanced,REFUTED,8005,3079.720,3786.361,140.451,5560.401,5183,10962,5179,8007,8007,0,44037,1438507,103741,89,8006,false,false,
7426,starexec,CSR056+3.p,e4_orthologic-off,balanced,REFUTED,8005,3261.520,47656.020,125.092,5279.724,29056,83608,28551,44412,8007,0,44057,1238544,103754,89,8006,false,false,
7426,starexec,CSR058+3.p,e4_orthologic-off,balanced,REFUTED,8005,3110.364,1371.209,147.265,5668.477,689,8015,689,8007,8007,0,44037,1438501,103742,89,8006,false,false,
7426,starexec,CSR066+5.p,e4_orthologic-off,balanced,HARD_TIMEOUT,540249,0.000,,,,,,,,,,,,,,,,false,
7426,starexec,CSR067+3.p,e4_orthologic-off,balanced,REFUTED,8005,3187.970,9968.445,181.557,5499.342,11314,20399,11250,8007,8007,0,44041,1238170,103750,89,8006,false,false,
7426,starexec,CSR113+13.p,e4_orthologic-off,balanced,TIMEOUT,10188,2214.671,164015.422,,,55467,269621,55429,214108,10593,79,,,,,,,false,
7426,starexec,CSR113+30.p,e4_orthologic-off,balanced,TIMEOUT,10188,2060.612,163979.015,,,57633,357784,57617,300107,10559,79,,,,,,,false,
7426,starexec,CSR113+4.p,e4_orthologic-off,balanced,TIMEOUT,10188,2739.589,163401.981,,,53674,325992,53659,272280,10564,79,,,,,,,false,
7426,starexec,CSR114+8.p,e4_orthologic-off,balanced,TIMEOUT,10188,2123.897,164005.514,,,52174,318909,52159,266689,10478,79,,,,,,,false,
7426,starexec,CSR115+8.p,e4_orthologic-off,balanced,TIMEOUT,10188,1982.642,163910.843,,,56924,280862,56917,223920,10631,79,,,,,,,false,
7426,starexec,CSR116+10.p,e4_orthologic-off,balanced,TIMEOUT,10188,2209.640,163814.660,,,51843,322264,51831,270410,10739,79,,,,,,,false,
7426,starexec,CSR116+13.p,e4_orthologic-off,balanced,REFUTED,10188,29157.227,17346.072,226.187,85820.332,13701,107063,13541,93354,10594,79,53838,134029576,54000,6739,10189,false,false,
7426,starexec,CSR116+19.p,e4_orthologic-off,balanced,REFUTED,10188,20537.198,21384.715,170.499,81102.127,17855,144362,16353,126485,10671,79,53915,134412551,54325,7335,10189,false,false,
7426,starexec,CSR116+3.p,e4_orthologic-off,balanced,TIMEOUT,10188,2410.402,163903.128,,,56544,277079,56436,220439,10689,79,,,,,,,false,
7426,starexec,CSR116+38.p,e4_orthologic-off,balanced,TIMEOUT,10188,2184.143,164105.457,,,54197,336477,54194,282257,10654,79,,,,,,,false,
7426,starexec,CSR116+8.p,e4_orthologic-off,balanced,TIMEOUT,10188,2031.171,163919.663,,,59356,294811,59341,235437,10748,79,,,,,,,false,
7426,starexec,CSR117+1.p,e4_orthologic-off,balanced,REFUTED,268,937.548,1231.027,96.773,1668.791,856,1354,843,624,270,17,1632,440427,2138,563,269,false,false,
7426,starexec,CSR208+1.p,e4_orthologic-off,balanced,HARD_TIMEOUT,7432,0.000,,,,,,,,,,,,,,,,false,
7426,starexec,GEO085+1.p,e4_orthologic-off,balanced,REFUTED,16,821.989,364.579,50.884,1841.144,65,126,61,58,56,17,694,334258,2902,1406,17,false,false,
7426,starexec,GEO087+1.p,e4_orthologic-off,balanced,REFUTED,16,843.111,395.548,35.187,2067.440,105,245,102,124,56,19,691,336523,2894,1417,17,false,false,
7426,starexec,GEO089+1.p,e4_orthologic-off,balanced,TIMEOUT,16,369.047,165609.134,,,20111,13503457,19384,13452957,57,19,,,,,,,false,
7426,starexec,GEO093+1.p,e4_orthologic-off,balanced,REFUTED,16,978.640,3674.831,83.569,2263.760,1363,97552,1327,95198,59,20,771,465317,3094,1585,17,false,false,
7426,starexec,GEO095+1.p,e4_orthologic-off,balanced,TIMEOUT,16,606.791,165136.030,,,16339,12609520,13758,12544510,57,19,,,,,,,false,
7426,starexec,GEO111+1.p,e4_orthologic-off,balanced,REFUTED,17,984.207,4443.472,61.673,2849.587,1274,122284,1234,120014,64,22,827,594367,3583,1819,18,false,false,
7426,starexec,GEO117+1.p,e4_orthologic-off,balanced,REFUTED,27,1239.192,1149.007,46.368,4990.779,575,6687,474,5847,113,34,1255,1095974,5908,2245,28,false,false,
7426,starexec,GEO138+1.p,e4_orthologic-off,balanced,TIMEOUT,27,727.589,165121.785,,,18569,13284441,18007,13245135,116,36,,,,,,,false,
7426,starexec,GEO260+1.p,e4_orthologic-off,balanced,REFUTED,31,718.176,20938.692,106.152,1733.267,5401,1886051,4611,1873779,70,7,804,325407,2515,864,32,false,false,
7426,starexec,GEO274+1.p,e4_orthologic-off,balanced,TIMEOUT,116,1769.819,164630.896,,,34726,2206632,34661,2163996,265,57,,,,,,,false,
7426,starexec,GEO277+1.p,e4_orthologic-off,balanced,TIMEOUT,126,1871.642,164663.788,,,42182,811364,36610,757234,279,57,,,,,,,false,
7426,starexec,GEO282+1.p,e4_orthologic-off,balanced,REFUTED,123,3153.308,1655.293,84.225,21700.194,1106,2528,1077,1358,284,55,4834,7157468,36079,13064,124,false,false,
7426,starexec,GEO285+1.p,e4_orthologic-off,balanced,REFUTED,132,3338.825,2578.598,101.988,25447.411,1876,8354,1740,6314,298,56,4839,7395831,36348,13064,133,false,false,
7426,starexec,GEO298+1.p,e4_orthologic-off,balanced,TIMEOUT,157,1173.670,165099.094,,,42782,3248979,42337,3188386,321,63,,,,,,,false,
7426,starexec,GEO306+1.p,e4_orthologic-off,balanced,TIMEOUT,126,1687.948,164621.329,,,41081,1163320,40601,1109794,289,60,,,,,,,false,
7426,starexec,GEO307+1.p,e4_orthologic-off,balanced,TIMEOUT,145,1653.630,164649.782,,,37390,1860381,37293,1810540,308,60,,,,,,,false,
7426,starexec,GEO308+1.p,e4_orthologic-off,balanced,TIMEOUT,146,1675.494,164607.732,,,38347,1177685,37805,1128399,309,60,,,,,,,false,
7426,starexec,GEO310+1.p,e4_orthologic-off,balanced,TIMEOUT,148,1950.729,164669.518,,,37818,1815632,37468,1763438,311,60,,,,,,,false,
7426,starexec,GEO321+1.p,e4_orthologic-off,balanced,TIMEOUT,177,1805.074,164632.350,,,41497,1252256,39546,1198835,340,60,,,,,,,false,
7426,starexec,GEO323+1.p,e4_orthologic-off,balanced,TIMEOUT,179,1671.824,164605.224,,,39281,2471447,38115,2418272,342,60,,,,,,,false,
7426,starexec,GEO328+1.p,e4_orthologic-off,balanced,TIMEOUT,185,1622.819,164584.888,,,48110,819363,47364,757406,348,60,,,,,,,false,
7426,starexec,GEO330+1.p,e4_orthologic-off,balanced,TIMEOUT,187,1231.324,165080.056,,,44512,3673166,42520,3611952,350,60,,,,,,,false,
7426,starexec,GEO331+1.p,e4_orthologic-off,balanced,REFUTED,125,1969.535,1225.322,69.026,14321.944,1023,3609,987,2556,279,60,5297,7952486,40539,13064,126,false,false,
7426,starexec,GEO337+1.p,e4_orthologic-off,balanced,TIMEOUT,129,1841.015,164742.510,,,41116,912987,40595,858066,283,60,,,,,,,false,
7426,starexec,GEO343+1.p,e4_orthologic-off,balanced,TIMEOUT,124,1744.068,164681.023,,,38241,750490,38099,701867,292,61,,,,,,,false,
7426,starexec,GEO349+1.p,e4_orthologic-off,balanced,TIMEOUT,130,1743.052,164604.070,,,37828,736847,37104,687061,302,66,,,,,,,false,
7426,starexec,GEO351+1.p,e4_orthologic-off,balanced,TIMEOUT,136,1857.390,164757.911,,,37142,880094,36480,831373,311,69,,,,,,,false,
7426,starexec,GEO480+1.p,e4_orthologic-off,balanced,HARD_TIMEOUT,3634,0.000,,,,,,,,,,,,,,,,false,
7426,starexec,GEO491+1.p,e4_orthologic-off,balanced,TIMEOUT,44,580.538,164875.433,,,24522,8312473,23387,8262529,75,6,,,,,,,false,
7426,starexec,GEO494+1.p,e4_orthologic-off,balanced,REFUTED,66,548.720,26672.925,70.001,895.214,10342,2779074,9691,2758188,101,6,1011,264698,7237,675,67,false,false,
7426,starexec,GEO498+1.p,e4_orthologic-off,balanced,REFUTED,109,958.043,419.822,65.345,1366.356,75,267,72,182,162,4,1331,237862,10578,618,110,false,false,
7426,starexec,GEO501+1.p,e4_orthologic-off,balanced,TIMEOUT,122,760.877,164788.990,,,29219,13814816,27240,13751072,179,5,,,,,,,false,
7426,starexec,GEO504+1.p,e4_orthologic-off,balanced,REFUTED,130,982.829,1524.763,98.482,1514.394,716,12977,677,11709,191,3,1625,217857,12823,791,131,false,false,
7426,starexec,GEO513+1.p,e4_orthologic-off,balanced,TIMEOUT,172,1151.581,164350.597,,,31591,10321775,28189,10256281,265,5,,,,,,,false,
7426,starexec,GEO514+1.p,e4_orthologic-off,balanced,HARD_TIMEOUT,173,0.000,,,,,,,,,,,,,,,,false,
7426,starexec,GEO517+1.p,e4_orthologic-off,balanced,TIMEOUT,180,1070.214,164711.578,,,35363,9048514,34333,8974655,277,8,,,,,,,false,
7426,starexec,GEO520+1.p,e4_orthologic-off,balanced,TIMEOUT,193,1043.434,164697.286,,,28226,9505894,27314,9451322,287,5,,,,,,,false,
7426,starexec,GEO523+1.p,e4_orthologic-off,balanced,REFUTED,200,1193.721,153637.328,98.070,1828.803,23731,10174382,19220,10130402,294,4,2469,487025,22063,983,201,false,false,
7426,starexec,GEO526+1.p,e4_orthologic-off,balanced,TIMEOUT,209,657.690,165103.756,,,32012,11261201,30547,11192165,307,5,,,,,,,false,
7426,starexec,GEO528+1.p,e4_orthologic-off,balanced,REFUTED,212,1407.463,45923.442,107.241,2153.930,12805,2694880,12042,2660253,307,4,2727,599856,23275,983,213,false,false,
7426,starexec,GEO535+1.p,e4_orthologic-off,balanced,TIMEOUT,227,1214.525,164458.305,,,31270,11893033,29578,11826857,335,6,,,,,,,false,
7426,starexec,GRA005+1.p,e4_orthologic-off,balanced,REFUTED,17,948.174,367.909,57.460,3185.681,94,140,93,78,83,21,844,566297,3819,2303,18,false,false,
7426,starexec,GRA008+1.p,e4_orthologic-off,balanced,TIMEOUT,17,664.455,166838.971,,,61887,5592213,60007,5473823,83,20,,,,,,,false,
7426,starexec,GRP652+2.p,e4_orthologic-off,balanced,HARD_TIMEOUT,5675,0.000,,,,,,,,,,,,,,,,false,
7426,starexec,GRP654+1.p,e4_orthologic-off,balanced,TIMEOUT,5,218.733,166445.561,,,536,2437714,409,2433828,6,1,,,,,,,false,
7426,starexec,GRP655+3.p,e4_orthologic-off,balanced,TIMEOUT,5,301.633,165481.861,,,1086,3277393,738,3273863,6,2,,,,,,,false,
7426,starexec,GRP748+1.p,e4_orthologic-off,balanced,TIMEOUT,11,384.510,165678.286,,,1551,5060958,1194,5055836,15,12,,,,,,,false,
7426,starexec,HWV051+1.p,e4_orthologic-off,balanced,TIMEOUT,724,875.967,164623.250,,,82578,441211,79557,303938,919,5,,,,,,,false,
7426,starexec,ITP002+2.p,e4_orthologic-off,balanced,TIMEOUT,33,612.063,165017.194,,,25115,1079385,24985,1053913,58,9,,,,,,,false,
7426,starexec,ITP004+1.p,e4_orthologic-off,balanced,TIMEOUT,30,517.917,166448.990,,,3343,10428545,3207,10409659,56,6,,,,,,,false,
7426,starexec,ITP004+4.p,e4_orthologic-off,balanced,HARD_TIMEOUT,3173,0.000,,,,,,,,,,,,,,,,false,
7426,starexec,ITP006+2.p,e4_orthologic-off,balanced,TIMEOUT,51,832.710,165005.565,,,29029,14878387,22851,14817319,243,40,,,,,,,false,
7426,starexec,ITP006+4.p,e4_orthologic-off,balanced,HARD_TIMEOUT,5652,0.000,,,,,,,,,,,,,,,,false,
7426,starexec,ITP009+2.p,e4_orthologic-off,balanced,TIMEOUT,36,926.572,165036.067,,,26979,2361376,26817,2328209,99,18,,,,,,,false,
7426,starexec,ITP012+4.p,e4_orthologic-off,balanced,HARD_TIMEOUT,14071,0.000,,,,,,,,,,,,,,,,false,
7426,starexec,ITP012+5.p,e4_orthologic-off,balanced,HARD_TIMEOUT,10256,0.000,,,,,,,,,,,,,,,,false,
7426,starexec,ITP013+1.p,e4_orthologic-off,balanced,TIMEOUT,45,607.234,166351.953,,,1229,3422071,1191,3416639,108,8,,,,,,,false,
7426,starexec,ITP018+5.p,e4_orthologic-off,balanced,HARD_TIMEOUT,16278,0.000,,,,,,,,,,,,,,,,false,
7426,starexec,ITP020+2.p,e4_orthologic-off,balanced,REFUTED,62,1438.139,4925.918,50.621,21768.763,3368,109907,2963,103309,293,55,2558,2950700,10988,2968,63,false,false,
7426,starexec,ITP020+4.p,e4_orthologic-off,balanced,HARD_TIMEOUT,25152,0.000,,,,,,,,,,,,,,,,false,
7426,starexec,ITP023+2.p,e4_orthologic-off,balanced,TIMEOUT,58,704.065,164877.459,,,40503,7260464,36614,7191972,239,27,,,,,,,false,
7426,starexec,KLE100+1.p,e4_orthologic-off,balanced,TIMEOUT,26,370.056,165325.986,,,3464,10248394,2825,10225840,29,3,,,,,,,false,
7426,starexec,KLE169+1.p,e4_orthologic-off,balanced,TIMEOUT,17,198.701,165465.941,,,3294,17759259,3177,17720067,19,0,,,,,,,false,
7426,starexec,KLE170+1.002.p,e4_orthologic-off,balanced,TIMEOUT,16,283.900,165250.802,,,2490,13290042,2373,13264746,18,0,,,,,,,false,
7426,starexec,KRS187+1.p,e4_orthologic-off,balanced,REFUTED,32,1732.572,76498.704,41.604,11330.831,13223,9897406,12009,9861216,129,74,2138,2391295,6027,2717,33,false,false,
7426,starexec,KRS190+1.p,e4_orthologic-off,balanced,REFUTED,32,1424.310,68816.231,37.204,11167.051,12523,9368628,11333,9333644,129,74,2138,2391295,6027,2717,33,false,false,
7426,starexec,KRS192+1.p,e4_orthologic-off,balanced,TIMEOUT,32,805.568,165027.351,,,28941,27813904,27078,27716896,129,74,,,,,,,false,
7426,starexec,KRS195+1.p,e4_orthologic-off,balanced,REFUTED,32,1679.846,72122.213,43.088,11995.403,13657,10307985,12426,10270949,129,74,2138,2391295,6028,2717,33,false,false,
7426,starexec,KRS196+1.p,e4_orthologic-off,balanced,REFUTED,32,1845.288,71202.412,48.504,13073.016,12685,9450237,11494,9415041,129,74,2138,2391295,6026,2717,33,false,false,
7426,starexec,KRS216+1.p,e4_orthologic-off,balanced,REFUTED,32,1786.344,95588.021,57.177,11671.557,16681,14203066,15062,14155664,129,74,2227,2590026,6129,2717,33,false,false,
7426,starexec,KRS233+1.p,e4_orthologic-off,balanced,TIMEOUT,32,520.182,165736.066,,,25051,23967630,22986,23893420,129,74,,,,,,,false,
7426,starexec,KRS234+1.p,e4_orthologic-off,balanced,REFUTED,32,1675.614,57132.440,55.440,11674.969,10635,8184479,9808,8153028,129,74,2165,2451610,6054,2717,33,false,false,
7426,starexec,KRS251+1.p,e4_orthologic-off,balanced,TIMEOUT,32,743.747,165191.287,,,23099,22598629,21136,22536137,129,74,,,,,,,false,
7426,starexec,KRS261+1.p,e4_orthologic-off,balanced,TIMEOUT,32,849.917,165202.335,,,22244,21350396,20285,21290482,129,74,,,,,,,false,
7426,starexec,KRS262+1.p,e4_orthologic-off,balanced,REFUTED,32,1648.683,8507.195,50.468,10359.210,2888,959144,2844,952758,129,74,2143,2402369,6026,2717,33,false,false,
7426,starexec,LAT258+1.p,e4_orthologic-off,balanced,TIMEOUT,17,370.121,165133.153,,,32873,19452905,30333,19335809,23,1,,,,,,,false,
7426,starexec,LAT287+3.p,e4_orthologic-off,balanced,HARD_TIMEOUT,12371,0.000,,,,,,,,,,,,,,,,false,
7426,starexec,LAT303+4.p,e4_orthologic-off,balanced,HARD_TIMEOUT,34684,0.000,,,,,,,,,,,,,,,,false,
7426,starexec,LAT305+3.p,e4_orthologic-off,balanced,HARD_TIMEOUT,13616,0.000,,,,,,,,,,,,,,,,false,
7426,starexec,LAT351+3.p,e4_orthologic-off,balanced,HARD_TIMEOUT,17808,0.000,,,,,,,,,,,,,,,,false,
7426,starexec,LCL062+2.p,e4_orthologic-off,balanced,TIMEOUT,2,290.926,165212.365,,,11565,11670493,10784,11593143,3,0,,,,,,,false,
7426,starexec,LCL073+1.p,e4_orthologic-off,balanced,TIMEOUT,2,306.855,165316.752,,,8481,14345230,7806,14110590,3,3,,,,,,,false,
7426,starexec,LCL109+1.p,e4_orthologic-off,balanced,TIMEOUT,5,265.263,165405.175,,,10451,15556881,9947,15518489,6,0,,,,,,,false,
7426,starexec,LCL368+1.p,e4_orthologic-off,balanced,REFUTED,4,364.857,12456.854,55.143,109.808,3993,1560678,3726,1549562,5,0,164,9316,420,103,5,false,false,
7426,starexec,LCL368+2.p,e4_orthologic-off,balanced,REFUTED,2,371.583,113512.794,79.095,187.579,8841,7431462,8103,7370188,3,0,127,15446,1067,971,3,false,false,
7426,starexec,LCL369+1.p,e4_orthologic-off,balanced,TIMEOUT,4,241.300,165251.210,,,12472,12914431,11702,12874723,5,0,,,,,,,false,
7426,starexec,LCL369+2.p,e4_orthologic-off,balanced,TIMEOUT,2,292.122,165246.305,,,11649,11562281,10691,11484317,3,0,,,,,,,false,
7426,starexec,LCL370+1.p,e4_orthologic-off,balanced,REFUTED,4,327.337,132697.604,106.408,158.074,10963,9832315,10585,9798171,5,0,228,11265,534,91,5,false,false,
7426,starexec,LCL372+2.p,e4_orthologic-off,balanced,TIMEOUT,2,281.651,165215.625,,,11471,11671831,10544,11586973,3,0,,,,,,,false,
7426,starexec,LCL373+2.p,e4_orthologic-off,balanced,TIMEOUT,2,277.619,165373.596,,,11215,11388150,10329,11304088,3,0,,,,,,,false,
7426,starexec,LCL374+1.p,e4_orthologic-off,balanced,TIMEOUT,4,245.800,165386.733,,,12135,12099550,11407,12060660,5,0,,,,,,,false,
7426,starexec,LCL375+1.p,e4_orthologic-off,balanced,TIMEOUT,4,238.346,165288.891,,,12582,13273576,11993,13233080,5,0,,,,,,,false,
7426,starexec,LCL382+1.p,e4_orthologic-off,balanced,REFUTED,4,246.477,125605.603,90.187,156.867,11009,9924925,10644,9890761,5,0,198,9699,485,92,5,false,false,
7426,starexec,LCL382+2.p,e4_orthologic-off,balanced,TIMEOUT,2,276.688,165243.750,,,11345,11617555,10596,11532747,3,0,,,,,,,false,
7426,starexec,LCL383+1.p,e4_orthologic-off,balanced,REFUTED,4,311.243,146387.659,78.305,201.366,11767,11391418,11305,11354234,5,0,218,12624,515,103,5,false,false,
7426,starexec,LCL390+2.p,e4_orthologic-off,balanced,TIMEOUT,2,267.751,165343.619,,,11435,11693549,10503,11608809,3,0,,,,,,,false,
7426,starexec,LCL391+2.p,e4_orthologic-off,balanced,TIMEOUT,2,279.325,165202.470,,,11406,11699173,10662,11614161,3,0,,,,,,,false,
7426,starexec,LCL392+2.p,e4_orthologic-off,balanced,TIMEOUT,2,267.735,165291.255,,,11604,11860741,10666,11775581,3,0,,,,,,,false,
7426,starexec,LCL393+1.p,e4_orthologic-off,balanced,TIMEOUT,4,245.776,165259.222,,,12448,12998540,11929,12958754,5,0,,,,,,,false,
7426,starexec,LCL393+2.p,e4_orthologic-off,balanced,TIMEOUT,2,265.261,166401.345,,,12103,12315284,11125,12234744,3,0,,,,,,,false,
7426,starexec,LCL395+1.p,e4_orthologic-off,balanced,TIMEOUT,4,162.802,167268.650,,,15258,18846094,14638,18797856,5,0,,,,,,,false,
7426,starexec,LCL395+2.p,e4_orthologic-off,balanced,TIMEOUT,2,275.115,165243.212,,,11462,11374079,10593,11296279,3,0,,,,,,,false,
7426,starexec,LCL484+1.p,e4_orthologic-off,balanced,REFUTED,44,1137.667,443.598,46.800,5430.952,119,264,108,138,74,55,1400,1190894,2945,1818,45,false,false,
7426,starexec,LCL556+1.p,e4_orthologic-off,balanced,TIMEOUT,76,679.688,166740.463,,,28760,14246202,22899,14159950,135,94,,,,,,,false,
7426,starexec,LCL638+1.020.p,e4_orthologic-off,balanced,HARD_TIMEOUT,0,0.000,,,,,,,,,,,,,,,,false,
7426,starexec,LCL646+1.010.p,e4_orthologic-off,balanced,HARD_TIMEOUT,0,0.000,,,,,,,,,,,,,,,,false,
7426,starexec,LCL646+1.015.p,e4_orthologic-off,balanced,HARD_TIMEOUT,0,0.000,,,,,,,,,,,,,,,,false,
7426,starexec,LCL648+1.010.p,e4_orthologic-off,balanced,HARD_TIMEOUT,0,0.000,,,,,,,,,,,,,,,,false,
7426,starexec,LCL650+1.010.p,e4_orthologic-off,balanced,TIMEOUT,0,1820.991,164644.026,,,6688,114977,6587,108243,220,126,,,,,,,false,
7426,starexec,LCL652+1.010.p,e4_orthologic-off,balanced,TIMEOUT,0,1696.094,164918.188,,,94859,9161611,90318,9058005,181,110,,,,,,,false,
7426,starexec,LCL662+1.020.p,e4_orthologic-off,balanced,HARD_TIMEOUT,1,0.000,,,,,,,,,,,,,,,,false,
7426,starexec,LCL664+1.010.p,e4_orthologic-off,balanced,TIMEOUT,1,4035.937,164746.167,,,68064,15657577,36142,15568214,295,146,,,,,,,false,
7426,starexec,LCL666+1.010.p,e4_orthologic-off,balanced,HARD_TIMEOUT,1,0.000,,,,,,,,,,,,,,,,false,
7426,starexec,LCL688+1.001.p,e4_orthologic-off,balanced,REFUTED,2,671.051,8503.254,41.063,1235.939,11460,503738,10834,480244,28,16,537,512586,1711,5041,3,false,false,
7426,starexec,LCL688+1.015.p,e4_orthologic-off,balanced,TIMEOUT,2,2250.987,164866.770,,,34445,25274025,25286,25216803,294,184,,,,,,,false,
7426,starexec,LCL891+1.p,e4_orthologic-off,balanced,TIMEOUT,12,330.099,165330.877,,,2245,9105332,2067,9096678,16,3,,,,,,,false,
7426,starexec,LCL898+1.p,e4_orthologic-off,balanced,TIMEOUT,14,328.888,165208.499,,,6503,13927412,6257,13897716,16,2,,,,,,,false,
7426,starexec,LCL901+1.p,e4_orthologic-off,balanced,REFUTED,14,426.823,134158.987,89.672,306.207,2349,10470272,2227,10444321,16,1,297,18039,750,211,15,false,false,
7426,starexec,LCL978+1.p,e4_orthologic-off,balanced,TIMEOUT,2,293.799,165252.614,,,8552,15118026,7955,15035818,3,3,,,,,,,false,
7426,starexec,LCL979+1.p,e4_orthologic-off,balanced,TIMEOUT,2,295.663,165227.233,,,6004,4301870,4523,4263330,3,3,,,,,,,false,
7426,starexec,LCL982+1.p,e4_orthologic-off,balanced,REFUTED,2,405.063,220.086,52.247,311.549,24,67,23,41,3,3,108,16086,409,273,3,false,false,
7426,starexec,LCL983+1.p,e4_orthologic-off,balanced,TIMEOUT,2,313.030,165428.225,,,8695,13410569,8215,13200687,3,3,,,,,,,false,
7426,starexec,MGT005+1.p,e4_orthologic-off,balanced,REFUTED,10,976.773,5804.036,111.292,3454.170,2913,73226,2638,64813,29,13,504,1045080,3189,5235,11,false,false,
7426,starexec,MGT035+2.p,e4_orthologic-off,balanced,TIMEOUT,19,423.782,165051.870,,,19454,14049603,18919,14014731,43,5,,,,,,,false,
7426,starexec,MGT067+1.p,e4_orthologic-off,balanced,REFUTED,157,998.022,867.645,71.022,2184.931,778,1201,754,391,177,3,1294,364246,8387,680,158,false,false,
7426,starexec,MGT068+1.p,e4_orthologic-off,balanced,REFUTED,59,692.813,4502.566,48.863,596.731,1654,410471,1626,404847,85,4,751,151705,3348,459,60,false,false,
7426,starexec,MGT076+1.p,e4_orthologic-off,balanced,REFUTED,34,392.710,213.295,35.541,425.272,54,110,46,54,54,4,422,60214,1887,383,35,false,false,
7426,starexec,MGT077+1.p,e4_orthologic-off,balanced,REFUTED,44,647.957,329.957,28.969,807.305,72,190,70,110,64,4,475,76399,2032,414,45,false,false,
7426,starexec,MGT078+1.p,e4_orthologic-off,balanced,REFUTED,56,705.662,478.357,39.499,1016.480,180,644,180,430,80,6,539,140184,2018,619,57,false,false,
7426,starexec,MGT079+1.p,e4_orthologic-off,balanced,REFUTED,56,605.758,521.963,61.444,798.101,167,617,149,413,77,3,536,89966,2014,413,57,false,false,
7426,starexec,MGT080+1.p,e4_orthologic-off,balanced,REFUTED,73,733.050,614.569,54.054,826.961,276,1389,255,1033,99,7,643,233460,2115,881,74,false,false,
7426,starexec,MGT082+1.p,e4_orthologic-off,balanced,REFUTED,56,628.970,478.046,61.893,946.400,180,776,171,546,80,6,568,152809,2033,635,57,false,false,
7426,starexec,MGT085+1.p,e4_orthologic-off,balanced,REFUTED,43,716.725,15469.165,73.021,957.136,2786,1572607,2771,1552812,65,6,524,142865,2023,619,44,false,false,
7426,starexec,MGT086+1.p,e4_orthologic-off,balanced,REFUTED,43,559.554,334.958,39.805,735.951,78,195,67,112,63,3,472,78452,1975,410,44,false,false,
7426,starexec,MGT088+1.p,e4_orthologic-off,balanced,REFUTED,39,584.746,296.054,34.824,704.586,49,128,49,79,59,4,447,65338,1989,393,40,false,false,
7426,starexec,MGT090+1.p,e4_orthologic-off,balanced,REFUTED,59,592.795,363.035,49.966,754.295,103,174,98,90,90,3,581,71034,2646,354,60,false,false,
7426,starexec,MGT091+1.p,e4_orthologic-off,balanced,REFUTED,46,709.772,1162.338,54.711,856.847,381,9431,380,8717,83,3,571,81016,3281,362,47,false,false,
7426,starexec,NLP147+1.p,e4_orthologic-off,balanced,REFUTED,61,694.006,288.835,34.163,2333.966,224,251,223,94,94,12,1021,1237420,3831,15197,62,false,false,
7426,starexec,NLP260+1.p,e4_orthologic-off,balanced,HARD_TIMEOUT,1026860,0.000,,,,,,,,,,,,,,,,false,
7426,starexec,NLP261+1.p,e4_orthologic-off,balanced,HARD_TIMEOUT,1026860,0.000,,,,,,,,,,,,,,,,false,
7426,starexec,NLP262+1.p,e4_orthologic-off,balanced,HARD_TIMEOUT,1026860,0.000,,,,,,,,,,,,,,,,false,
7426,starexec,NUM292+1.p,e4_orthologic-off,balanced,REFUTED,401,702.749,151127.875,67.292,644.959,36244,109169,36242,72084,407,0,1446,52593,4581,303,402,false,false,
7426,starexec,NUM321+1.p,e4_orthologic-off,balanced,TIMEOUT,401,572.064,164674.259,,,36861,110046,36859,72339,407,0,,,,,,,false,
7426,starexec,NUM335+1.p,e4_orthologic-off,balanced,TIMEOUT,401,609.182,164743.463,,,37282,110496,37280,72348,408,1,,,,,,,false,
7426,starexec,NUM639+4.p,e4_orthologic-off,balanced,HARD_TIMEOUT,316,0.000,,,,,,,,,,,,,,,,false,
7426,starexec,NUM647+4.p,e4_orthologic-off,balanced,TIMEOUT,346,1233.519,164544.998,,,24988,12916623,22645,12862997,586,29,,,,,,,false,
7426,starexec,NUM653+4.p,e4_orthologic-off,balanced,TIMEOUT,393,1294.698,164511.234,,,31193,11745807,29588,11687541,673,29,,,,,,,false,
7426,starexec,NUM656+4.p,e4_orthologic-off,balanced,TIMEOUT,402,1353.271,164596.995,,,25931,11334261,24449,11283227,691,29,,,,,,,false,
7426,starexec,NUM657+4.p,e4_orthologic-off,balanced,TIMEOUT,405,1347.015,164431.258,,,25380,12090832,23564,12039682,697,29,,,,,,,false,
7426,starexec,NUM658+4.p,e4_orthologic-off,balanced,TIMEOUT,408,1327.048,164540.933,,,21117,13670318,19442,13630552,703,29,,,,,,,false,
7426,starexec,NUM663+4.p,e4_orthologic-off,balanced,TIMEOUT,419,1374.627,164463.765,,,28882,12128169,26724,12076999,727,29,,,,,,,false,
7426,starexec,NUM664+4.p,e4_orthologic-off,balanced,TIMEOUT,423,1320.641,164514.416,,,24808,13027836,23692,12981570,736,29,,,,,,,false,
7426,starexec,NUM669+4.p,e4_orthologic-off,balanced,TIMEOUT,443,1351.272,164201.698,,,23718,11265368,22133,11218152,776,29,,,,,,,false,
7426,starexec,NUM671+4.p,e4_orthologic-off,balanced,TIMEOUT,453,1380.261,164479.312,,,28229,12717609,26065,12664181,795,29,,,,,,,false,
7426,starexec,NUM689+4.p,e4_orthologic-off,balanced,TIMEOUT,554,1348.266,164395.212,,,29270,9638717,27821,9593459,1006,29,,,,,,,false,
7426,starexec,NUM690+4.p,e4_orthologic-off,balanced,TIMEOUT,559,1549.419,164606.105,,,30465,12075081,28160,12009513,1017,29,,,,,,,false,
7426,starexec,NUM691+4.p,e4_orthologic-off,balanced,TIMEOUT,564,1360.055,164602.220,,,26406,11653935,25141,11605771,1028,29,,,,,,,false,
7426,starexec,NUM694+4.p,e4_orthologic-off,balanced,TIMEOUT,572,1368.868,164447.757,,,29460,10761626,28571,10707878,1043,29,,,,,,,false,
7426,starexec,NUM695+4.p,e4_orthologic-off,balanced,TIMEOUT,574,1404.831,164426.871,,,28968,10304372,26767,10238470,1046,29,,,,,,,false,
7426,starexec,NUM698+4.p,e4_orthologic-off,balanced,TIMEOUT,585,1536.639,164357.018,,,29063,11010903,27345,10952563,1067,29,,,,,,,false,
7426,starexec,NUM707+4.p,e4_orthologic-off,balanced,TIMEOUT,634,1856.168,164654.546,,,30615,9702282,28628,9638452,1149,29,,,,,,,false,
7426,starexec,NUM709+4.p,e4_orthologic-off,balanced,TIMEOUT,639,1450.031,164549.581,,,30327,10799881,28756,10740240,1157,29,,,,,,,false,
7426,starexec,NUM743+4.p,e4_orthologic-off,balanced,TIMEOUT,907,1747.635,164262.478,,,36641,9519087,36206,9466060,1679,33,,,,,,,false,
7426,starexec,NUM747+4.p,e4_orthologic-off,balanced,TIMEOUT,943,1615.783,165164.629,,,31319,8922826,28148,8858056,1750,33,,,,,,,false,
7426,starexec,NUM750+4.p,e4_orthologic-off,balanced,TIMEOUT,964,1771.780,164148.440,,,29558,9547069,28903,9502336,1788,33,,,,,,,false,
7426,starexec,NUM757+4.p,e4_orthologic-off,balanced,TIMEOUT,1012,1477.731,164084.719,,,32727,13283258,31592,13226075,1888,33,,,,,,,false,
7426,starexec,NUM783+4.p,e4_orthologic-off,balanced,TIMEOUT,1257,1869.128,164059.207,,,40864,8137567,40289,8077664,2380,33,,,,,,,false,
7426,starexec,NUM785+4.p,e4_orthologic-off,balanced,HARD_TIMEOUT,1274,0.000,,,,,,,,,,,,,,,,false,
7426,starexec,NUM786+4.p,e4_orthologic-off,balanced,TIMEOUT,1277,1796.946,165298.469,,,42263,7469340,41169,7400774,2419,33,,,,,,,false,
7426,starexec,NUM787+4.p,e4_orthologic-off,balanced,TIMEOUT,1280,1857.650,164140.476,,,34922,8193945,33266,8120179,2425,33,,,,,,,false,
7426,starexec,NUM789+4.p,e4_orthologic-off,balanced,TIMEOUT,1286,1939.517,164061.379,,,38092,9126958,37688,9070688,2437,33,,,,,,,false,
7426,starexec,NUM795+4.p,e4_orthologic-off,balanced,TIMEOUT,1411,1219.832,164681.788,,,35415,10630177,34669,10576723,2687,33,,,,,,,false,
7426,starexec,NUM796+4.p,e4_orthologic-off,balanced,TIMEOUT,1416,1205.690,163889.501,,,40365,8453722,39904,8385655,2698,33,,,,,,,false,
7426,starexec,NUM835+1.p,e4_orthologic-off,balanced,REFUTED,38,573.310,311.615,42.427,730.316,32,125,28,85,49,4,527,72943,1620,572,39,false,false,
7426,starexec,NUM840+1.p,e4_orthologic-off,balanced,REFUTED,38,659.484,5793.836,70.746,694.952,1654,191175,1630,187146,47,4,528,47048,1893,225,39,false,false,
7426,starexec,NUM853+2.p,e4_orthologic-off,balanced,REFUTED,36,598.004,1771.654,47.921,432.135,764,33739,741,32257,41,4,520,45815,1785,225,37,false,false,
7426,starexec,NUM859+1.p,e4_orthologic-off,balanced,TIMEOUT,13,413.524,165117.533,,,17762,21859687,16335,21811743,30,6,,,,,,,false,
7426,starexec,NUM860+1.p,e4_orthologic-off,balanced,TIMEOUT,13,408.007,165956.456,,,16349,22049538,15379,22009492,30,6,,,,,,,false,
7426,starexec,NUN054+1.p,e4_orthologic-off,balanced,REFUTED,18,913.162,800.753,70.987,1931.184,588,5218,577,4420,59,20,702,433768,2769,1111,19,false,false,
7426,starexec,NUN054+2.p,e4_orthologic-off,balanced,REFUTED,11,858.837,340.020,67.450,1811.428,62,101,51,35,40,20,605,377804,2150,1111,12,false,false,
7426,starexec,NUN056+1.p,e4_orthologic-off,balanced,TIMEOUT,18,534.977,165598.279,,,41983,13130729,39975,13020963,59,20,,,,,,,false,
7426,starexec,NUN057+1.p,e4_orthologic-off,balanced,TIMEOUT,18,541.864,165165.316,,,47522,15009408,45155,14897520,59,20,,,,,,,false,
7426,starexec,NUN060+1.p,e4_orthologic-off,balanced,REFUTED,18,875.701,265.769,48.165,1690.664,47,134,43,84,59,20,649,382620,2739,1121,19,false,false,
7426,starexec,NUN062+1.p,e4_orthologic-off,balanced,REFUTED,18,868.434,305.198,36.337,1796.926,75,235,54,149,60,22,687,443593,2696,1167,19,false,false,
7426,starexec,NUN065+1.p,e4_orthologic-off,balanced,REFUTED,18,983.207,4103.329,55.698,2015.259,3459,162144,2660,152850,63,24,812,560120,2838,1221,19,false,false,
7426,starexec,NUN066+1.p,e4_orthologic-off,balanced,REFUTED,18,979.507,2945.323,55.820,2321.793,2245,81820,1628,76698,64,25,827,610894,2915,1294,19,false,false,
7426,starexec,NUN075+1.p,e4_orthologic-off,balanced,REFUTED,18,963.210,3540.359,160.065,2679.974,2118,48680,2052,45008,59,20,1010,785479,3693,1349,19,false,false,
7426,starexec,NUN076+1.p,e4_orthologic-off,balanced,REFUTED,18,986.823,450.301,52.580,1854.379,206,828,202,602,59,20,677,412202,2781,1123,19,false,false,
7426,starexec,NUN080+1.p,e4_orthologic-off,balanced,REFUTED,18,883.161,268.679,35.968,1768.967,43,122,40,76,59,20,626,360297,2662,1099,19,false,false,
7426,starexec,NUN082+1.p,e4_orthologic-off,balanced,REFUTED,18,862.521,2814.572,42.781,1836.942,2331,81236,2044,76419,59,20,729,453117,2786,1094,19,false,false,
7426,starexec,NUN085+1.p,e4_orthologic-off,balanced,REFUTED,18,1026.934,23098.309,61.798,2087.965,12704,2284206,11901,2251011,64,25,800,603619,2804,1268,19,false,false,
7426,starexec,NUN086+1.p,e4_orthologic-off,balanced,REFUTED,18,871.467,2813.276,77.068,1987.017,2345,69568,2067,64670,59,20,751,476106,2809,1100,19,false,false,
7426,starexec,PRD001+1.p,e4_orthologic-off,balanced,TIMEOUT,1614,1319.275,164473.164,,,58501,448413,49254,331087,1615,0,,,,,,,false,
7426,starexec,PRO011+1.p,e4_orthologic-off,balanced,REFUTED,48,1174.678,741.239,72.980,3309.507,373,1562,323,1054,95,23,1077,745091,4798,1681,49,false,false,
7426,starexec,PUZ129+2.p,e4_orthologic-off,balanced,REFUTED,0,652.132,289.158,60.514,1034.710,35,41,33,18,18,8,289,157494,1012,1381,1,false,false,
7426,starexec,PUZ133+1.p,e4_orthologic-off,balanced,TIMEOUT,9,398.717,165202.993,,,33749,11528578,31911,11372605,24,3,,,,,,,false,
7426,starexec,REL020+2.p,e4_orthologic-off,balanced,TIMEOUT,16,348.430,165290.071,,,3373,8448445,2383,8430305,18,2,,,,,,,false,
7426,starexec,REL021+1.p,e4_orthologic-off,balanced,TIMEOUT,13,333.194,165338.049,,,2308,12124058,1987,12096926,15,2,,,,,,,false,
7426,starexec,REL040+2.p,e4_orthologic-off,balanced,TIMEOUT,13,442.423,165093.871,,,2265,10755206,1980,10728268,15,3,,,,,,,false,
7426,starexec,SCT115+1.p,e4_orthologic-off,balanced,TIMEOUT,527,1999.301,164423.228,,,21559,9549856,19475,9506142,869,121,,,,,,,false,
7426,starexec,SCT117+1.p,e4_orthologic-off,balanced,TIMEOUT,527,2133.432,164291.058,,,24044,10459516,21299,10414614,873,122,,,,,,,false,
7426,starexec,SCT120+1.p,e4_orthologic-off,balanced,TIMEOUT,526,1922.067,165248.914,,,20184,10077384,17735,10027448,794,100,,,,,,,false,
7426,starexec,SCT123+1.p,e4_orthologic-off,balanced,TIMEOUT,528,2251.389,164193.177,,,15054,7153886,13685,7125730,826,115,,,,,,,false,
7426,starexec,SCT124+1.p,e4_orthologic-off,balanced,TIMEOUT,528,2166.474,165790.001,,,14304,8265280,13615,8231960,804,105,,,,,,,false,
7426,starexec,SCT125+1.p,e4_orthologic-off,balanced,TIMEOUT,528,2170.075,165540.226,,,13548,8296046,12397,8265166,819,106,,,,,,,false,
7426,starexec,SCT155+1.p,e4_orthologic-off,balanced,TIMEOUT,528,2283.832,164505.208,,,24562,8781776,21933,8734876,831,111,,,,,,,false,
7426,starexec,SCT158+1.p,e4_orthologic-off,balanced,TIMEOUT,528,1987.007,164260.128,,,22686,9756181,20729,9711567,832,110,,,,,,,false,
7426,starexec,SCT170+3.p,e4_orthologic-off,balanced,TIMEOUT,1578,3743.716,163499.393,,,40200,7100242,38284,7009994,2785,640,,,,,,,false,
7426,starexec,SET017+1.p,e4_orthologic-off,balanced,REFUTED,43,852.764,613.891,57.732,1146.792,190,854,181,630,93,10,682,196327,2725,651,44,false,false,
7426,starexec,SET101+1.p,e4_orthologic-off,balanced,REFUTED,43,759.454,910.569,60.998,1109.685,354,4152,331,3630,90,9,657,137446,2654,486,44,false,false,
7426,starexec,SET716+4.p,e4_orthologic-off,balanced,TIMEOUT,28,1154.725,165126.403,,,23998,12411227,22511,12365794,160,54,,,,,,,false,
7426,starexec,SET733+4.p,e4_orthologic-off,balanced,HARD_TIMEOUT,28,0.000,,,,,,,,,,,,,,,,false,
7426,starexec,SET817+4.p,e4_orthologic-off,balanced,TIMEOUT,22,588.558,165154.334,,,25010,13404650,24657,13356972,80,20,,,,,,,false,
7426,starexec,SET964+1.p,e4_orthologic-off,balanced,REFUTED,12,886.292,437.454,59.292,1545.067,94,431,81,328,33,13,494,248471,1878,1509,13,false,false,
7426,starexec,SEU269+1.p,e4_orthologic-off,balanced,TIMEOUT,51,569.039,165843.292,,,1571,1747256,1541,1743702,92,18,,,,,,,false,
7426,starexec,SEU427+4.p,e4_orthologic-off,balanced,HARD_TIMEOUT,71107,0.000,,,,,,,,,,,,,,,,false,
7426,starexec,SEU440+4.p,e4_orthologic-off,balanced,HARD_TIMEOUT,71133,0.000,,,,,,,,,,,,,,,,false,
7426,starexec,SEV522+1.p,e4_orthologic-off,balanced,TIMEOUT,19,683.534,165134.654,,,20434,15225617,17743,15186719,96,32,,,,,,,false,
7426,starexec,SEV563+1.p,e4_orthologic-off,balanced,TIMEOUT,25,517.180,165234.213,,,24979,15192106,24160,15141821,80,17,,,,,,,false,
7426,starexec,SEV569+1.p,e4_orthologic-off,balanced,REFUTED,25,1068.018,1876.294,90.096,1870.226,908,19810,841,18538,80,17,922,427364,2792,955,26,false,false,
7426,starexec,SEV581+1.p,e4_orthologic-off,balanced,TIMEOUT,25,528.064,165146.840,,,20145,13047347,19187,12991317,80,17,,,,,,,false,
7426,starexec,SEV606+1.p,e4_orthologic-off,balanced,HARD_TIMEOUT,1727,0.000,,,,,,,,,,,,,,,,false,
7426,starexec,SEV607+1.p,e4_orthologic-off,balanced,HARD_TIMEOUT,2360,0.000,,,,,,,,,,,,,,,,false,
7426,starexec,SEV608+1.p,e4_orthologic-off,balanced,HARD_TIMEOUT,2867,0.000,,,,,,,,,,,,,,,,false,
7426,starexec,SEV609+1.p,e4_orthologic-off,balanced,HARD_TIMEOUT,2900,0.000,,,,,,,,,,,,,,,,false,
7426,starexec,SEV610+1.p,e4_orthologic-off,balanced,HARD_TIMEOUT,2777,0.000,,,,,,,,,,,,,,,,false,
7426,starexec,SEV612+1.p,e4_orthologic-off,balanced,HARD_TIMEOUT,2852,0.000,,,,,,,,,,,,,,,,false,
7426,starexec,SEV616+1.p,e4_orthologic-off,balanced,HARD_TIMEOUT,2862,0.000,,,,,,,,,,,,,,,,false,
7426,starexec,SEV618+1.p,e4_orthologic-off,balanced,HARD_TIMEOUT,2435,0.000,,,,,,,,,,,,,,,,false,
7426,starexec,SEV620+1.p,e4_orthologic-off,balanced,HARD_TIMEOUT,2723,0.000,,,,,,,,,,,,,,,,false,
7426,starexec,SEV621+1.p,e4_orthologic-off,balanced,HARD_TIMEOUT,2708,0.000,,,,,,,,,,,,,,,,false,
7426,starexec,SEV622+1.p,e4_orthologic-off,balanced,HARD_TIMEOUT,2761,0.000,,,,,,,,,,,,,,,,false,
7426,starexec,SEV625+1.p,e4_orthologic-off,balanced,HARD_TIMEOUT,2847,0.000,,,,,,,,,,,,,,,,false,
7426,starexec,SEV626+1.p,e4_orthologic-off,balanced,HARD_TIMEOUT,2838,0.000,,,,,,,,,,,,,,,,false,
7426,starexec,SEV627+1.p,e4_orthologic-off,balanced,HARD_TIMEOUT,2813,0.000,,,,,,,,,,,,,,,,false,
7426,starexec,SEV629+1.p,e4_orthologic-off,balanced,HARD_TIMEOUT,2962,0.000,,,,,,,,,,,,,,,,false,
7426,starexec,SEV630+1.p,e4_orthologic-off,balanced,HARD_TIMEOUT,2559,0.000,,,,,,,,,,,,,,,,false,
7426,starexec,SEV631+1.p,e4_orthologic-off,balanced,HARD_TIMEOUT,3117,0.000,,,,,,,,,,,,,,,,false,
7426,starexec,SEV634+1.p,e4_orthologic-off,balanced,HARD_TIMEOUT,2534,0.000,,,,,,,,,,,,,,,,false,
7426,starexec,SEV636+1.p,e4_orthologic-off,balanced,EXHAUSTED,2935,7662.751,435.502,,,0,0,0,0,7455,2111,,,,,,,false,StackOverflowError:  at MurmurHash3.productHash:69
7426,starexec,SEV637+1.p,e4_orthologic-off,balanced,HARD_TIMEOUT,2981,0.000,,,,,,,,,,,,,,,,false,
7426,starexec,SEV640+1.p,e4_orthologic-off,balanced,HARD_TIMEOUT,2766,0.000,,,,,,,,,,,,,,,,false,
7426,starexec,SEV641+1.p,e4_orthologic-off,balanced,HARD_TIMEOUT,3078,0.000,,,,,,,,,,,,,,,,false,
7426,starexec,SEV643+1.p,e4_orthologic-off,balanced,HARD_TIMEOUT,2960,0.000,,,,,,,,,,,,,,,,false,
7426,starexec,SEV644+1.p,e4_orthologic-off,balanced,HARD_TIMEOUT,2363,0.000,,,,,,,,,,,,,,,,false,
7426,starexec,SEV645+1.p,e4_orthologic-off,balanced,HARD_TIMEOUT,1984,0.000,,,,,,,,,,,,,,,,false,
7426,starexec,SEV646+1.p,e4_orthologic-off,balanced,HARD_TIMEOUT,3067,0.000,,,,,,,,,,,,,,,,false,
7426,starexec,SEV650+1.p,e4_orthologic-off,balanced,HARD_TIMEOUT,3015,0.000,,,,,,,,,,,,,,,,false,
7426,starexec,SEV651+1.p,e4_orthologic-off,balanced,HARD_TIMEOUT,2743,0.000,,,,,,,,,,,,,,,,false,
7426,starexec,SEV654+1.p,e4_orthologic-off,balanced,HARD_TIMEOUT,3190,0.000,,,,,,,,,,,,,,,,false,
7426,starexec,SEV655+1.p,e4_orthologic-off,balanced,EXHAUSTED,3248,8756.808,137192.357,,,0,0,0,0,8269,2524,,,,,,,false,OutOfMemoryError: Java heap space at Arrays.copyOf:3623
7426,starexec,SEV656+1.p,e4_orthologic-off,balanced,HARD_TIMEOUT,3041,0.000,,,,,,,,,,,,,,,,false,
7426,starexec,SEV657+1.p,e4_orthologic-off,balanced,HARD_TIMEOUT,3067,0.000,,,,,,,,,,,,,,,,false,
7426,starexec,SEV658+1.p,e4_orthologic-off,balanced,HARD_TIMEOUT,3118,0.000,,,,,,,,,,,,,,,,false,
7426,starexec,SEV660+1.p,e4_orthologic-off,balanced,HARD_TIMEOUT,2689,0.000,,,,,,,,,,,,,,,,false,
7426,starexec,SEV661+1.p,e4_orthologic-off,balanced,HARD_TIMEOUT,2456,0.000,,,,,,,,,,,,,,,,false,
7426,starexec,SEV667+1.p,e4_orthologic-off,balanced,HARD_TIMEOUT,2862,0.000,,,,,,,,,,,,,,,,false,
7426,starexec,SEV668+1.p,e4_orthologic-off,balanced,HARD_TIMEOUT,2820,0.000,,,,,,,,,,,,,,,,false,
7426,starexec,SEV671+1.p,e4_orthologic-off,balanced,HARD_TIMEOUT,2497,0.000,,,,,,,,,,,,,,,,false,
7426,starexec,SEV673+1.p,e4_orthologic-off,balanced,HARD_TIMEOUT,2701,0.000,,,,,,,,,,,,,,,,false,
7426,starexec,SEV675+1.p,e4_orthologic-off,balanced,HARD_TIMEOUT,3187,0.000,,,,,,,,,,,,,,,,false,
7426,starexec,SEV676+1.p,e4_orthologic-off,balanced,HARD_TIMEOUT,3004,0.000,,,,,,,,,,,,,,,,false,
7426,starexec,SEV677+1.p,e4_orthologic-off,balanced,HARD_TIMEOUT,3185,0.000,,,,,,,,,,,,,,,,false,
7426,starexec,SEV678+1.p,e4_orthologic-off,balanced,HARD_TIMEOUT,2924,0.000,,,,,,,,,,,,,,,,false,
7426,starexec,SEV679+1.p,e4_orthologic-off,balanced,HARD_TIMEOUT,3356,0.000,,,,,,,,,,,,,,,,false,
7426,starexec,SWB012+1.p,e4_orthologic-off,balanced,TIMEOUT,559,2306.596,164811.281,,,47138,13345922,46360,13273740,1392,275,,,,,,,false,
7426,starexec,SWB013+2.p,e4_orthologic-off,balanced,TIMEOUT,8,671.019,165163.485,,,28189,10049216,27889,10012494,62,19,,,,,,,false,
7426,starexec,SWB017+1.p,e4_orthologic-off,balanced,HARD_TIMEOUT,559,0.000,,,,,,,,,,,,,,,,false,
7426,starexec,SWB020+1.p,e4_orthologic-off,balanced,TIMEOUT,559,2257.841,164784.471,,,45871,12756379,45105,12684251,1394,278,,,,,,,false,
7426,starexec,SWB021+2.p,e4_orthologic-off,balanced,REFUTED,7,1142.742,5874.951,113.071,3839.865,2655,131818,2237,121021,78,17,765,1411343,3337,3856,8,false,false,
7426,starexec,SWB023+1.p,e4_orthologic-off,balanced,HARD_TIMEOUT,559,0.000,,,,,,,,,,,,,,,,false,
7426,starexec,SWB027+1.p,e4_orthologic-off,balanced,TIMEOUT,559,2306.928,164806.652,,,45547,13263499,45120,13191403,1385,274,,,,,,,false,
7426,starexec,SWB032+1.p,e4_orthologic-off,balanced,TIMEOUT,558,2466.104,164799.163,,,50710,15051285,50314,14975457,1379,271,,,,,,,false,
7426,starexec,SWB040+1.p,e4_orthologic-off,balanced,TIMEOUT,559,2309.778,164838.845,,,45678,13691391,45331,13618837,1382,271,,,,,,,false,
7426,starexec,SWB042+1.p,e4_orthologic-off,balanced,TIMEOUT,559,2324.428,164789.553,,,47072,13179416,46720,13101884,1394,277,,,,,,,false,
7426,starexec,SWB046+1.p,e4_orthologic-off,balanced,TIMEOUT,559,2295.344,164815.431,,,45716,13821554,45360,13748706,1384,273,,,,,,,false,
7426,starexec,SWB047+1.p,e4_orthologic-off,balanced,TIMEOUT,559,2369.438,164755.098,,,45453,13416530,45110,13344212,1381,271,,,,,,,false,
7426,starexec,SWB053+1.p,e4_orthologic-off,balanced,HARD_TIMEOUT,559,0.000,,,,,,,,,,,,,,,,false,
7426,starexec,SWB055+1.p,e4_orthologic-off,balanced,TIMEOUT,559,2556.839,164872.896,,,48541,12483055,48242,12406873,1385,274,,,,,,,false,
7426,starexec,SWB063+1.p,e4_orthologic-off,balanced,TIMEOUT,559,2415.424,164829.358,,,45666,13836480,45327,13763702,1385,273,,,,,,,false,
7426,starexec,SWB068+1.p,e4_orthologic-off,balanced,TIMEOUT,559,2417.525,164826.559,,,54590,10988506,54238,10913850,1388,274,,,,,,,false,
7426,starexec,SWB073+1.p,e4_orthologic-off,balanced,HARD_TIMEOUT,559,0.000,,,,,,,,,,,,,,,,false,
7426,starexec,SWB090+1.p,e4_orthologic-off,balanced,TIMEOUT,559,2414.667,164848.043,,,45413,13277544,44961,13205582,1386,271,,,,,,,false,
7426,starexec,SWB091+1.p,e4_orthologic-off,balanced,TIMEOUT,559,2236.083,164732.857,,,45909,13037956,45156,12966264,1392,275,,,,,,,false,
7426,starexec,SWB093+1.p,e4_orthologic-off,balanced,TIMEOUT,559,2467.391,164607.189,,,45623,13797295,45169,13724847,1385,271,,,,,,,false,
7426,starexec,SWB095+1.p,e4_orthologic-off,balanced,TIMEOUT,559,2341.667,164848.443,,,46021,14235696,45565,14162842,1386,271,,,,,,,false,
7426,starexec,SWB099+1.p,e4_orthologic-off,balanced,TIMEOUT,559,2567.396,165000.552,,,45218,13133521,44796,13061297,1384,271,,,,,,,false,
7426,starexec,SWB103+1.p,e4_orthologic-off,balanced,TIMEOUT,559,2351.868,164874.683,,,44922,12826975,44304,12756329,1393,273,,,,,,,false,
7426,starexec,SWC012+1.p,e4_orthologic-off,balanced,REFUTED,95,2777.506,8048.529,90.594,16513.009,9256,185480,9141,173483,220,62,2744,5518823,11635,5088,96,false,false,
7426,starexec,SWV014+1.p,e4_orthologic-off,balanced,REFUTED,28,423.290,252.086,55.935,374.001,63,82,61,38,38,0,286,16588,1575,227,29,false,false,
7426,starexec,SWV041+1.p,e4_orthologic-off,balanced,REFUTED,99,1720.211,594.913,59.143,9797.663,167,768,143,578,178,42,1787,3051141,7596,3656,100,false,false,
7426,starexec,SWV114+1.p,e4_orthologic-off,balanced,TIMEOUT,101,845.157,164967.276,,,38297,13033677,37539,12952421,199,52,,,,,,,false,
7426,starexec,SWV202+1.p,e4_orthologic-off,balanced,TIMEOUT,91,900.312,164923.588,,,34106,15949644,32725,15873402,203,42,,,,,,,false,
7426,starexec,SWV203+1.p,e4_orthologic-off,balanced,TIMEOUT,91,866.874,165011.527,,,33391,13762303,32068,13692437,203,42,,,,,,,false,
7426,starexec,SWV234+1.p,e4_orthologic-off,balanced,TIMEOUT,25,340.108,165074.682,,,7098,11017729,6435,10971903,26,0,,,,,,,false,
7426,starexec,SWV234+2.p,e4_orthologic-off,balanced,REFUTED,21,371.234,55707.771,107.291,259.720,1207,4422545,1172,4407522,22,0,279,9365,750,111,22,false,false,
7426,starexec,SWV390+1.p,e4_orthologic-off,balanced,REFUTED,42,769.796,410.463,45.179,891.281,100,311,98,177,55,6,578,103666,2824,461,43,false,false,
7426,starexec,SWV406+1.p,e4_orthologic-off,balanced,REFUTED,41,923.506,53002.573,83.677,1717.954,2900,1737494,2160,1728905,59,9,754,464670,3119,4101,42,false,false,
7426,starexec,SWV452+1.p,e4_orthologic-off,balanced,TIMEOUT,66,724.995,166498.777,,,21690,25250236,19193,25133968,130,13,,,,,,,false,
7426,starexec,SWV453+1.p,e4_orthologic-off,balanced,TIMEOUT,66,747.606,166079.097,,,21360,23840201,18728,23724653,130,13,,,,,,,false,
7426,starexec,SWV467+1.p,e4_orthologic-off,balanced,TIMEOUT,66,850.918,164947.401,,,17576,21309764,15091,21176470,139,14,,,,,,,false,
7426,starexec,SWV473+1.p,e4_orthologic-off,balanced,TIMEOUT,66,802.761,165193.364,,,15874,20336917,14494,20232237,126,14,,,,,,,false,
7426,starexec,SWV474+1.p,e4_orthologic-off,balanced,HARD_TIMEOUT,66,0.000,,,,,,,,,,,,,,,,false,
7426,starexec,SWV479+1.p,e4_orthologic-off,balanced,KILLED,,0.000,,,,,,,,,,,,,,,,false,killed before finishing
7426,starexec,SWV487+3.p,e4_orthologic-off,balanced,HARD_TIMEOUT,12,0.000,,,,,,,,,,,,,,,,false,
7426,starexec,SWV488+3.p,e4_orthologic-off,balanced,REFUTED,12,472.171,284.863,40.637,500.002,26,62,21,35,24,3,240,39985,954,553,13,false,false,
7426,starexec,SWW102+1.p,e4_orthologic-off,balanced,TIMEOUT,44,498.661,165043.059,,,5263,12569578,5137,12553682,89,12,,,,,,,false,
7426,starexec,SWW186+1.p,e4_orthologic-off,balanced,TIMEOUT,1181,1990.078,164109.242,,,26893,14445662,24807,14335544,1568,29,,,,,,,false,
7426,starexec,SWW278+1.p,e4_orthologic-off,balanced,TIMEOUT,1199,1781.880,164145.985,,,26893,12403003,25410,12310667,1586,36,,,,,,,false,
7426,starexec,SWW279+1.p,e4_orthologic-off,balanced,TIMEOUT,1213,1729.127,164059.419,,,27583,11143403,25092,11050759,1647,38,,,,,,,false,
7426,starexec,SWW298+1.p,e4_orthologic-off,balanced,HARD_TIMEOUT,5224,0.000,,,,,,,,,,,,,,,,false,
7426,starexec,SWW350+1.p,e4_orthologic-off,balanced,HARD_TIMEOUT,5228,0.000,,,,,,,,,,,,,,,,false,
7426,starexec,SWW374+1.p,e4_orthologic-off,balanced,HARD_TIMEOUT,5248,0.000,,,,,,,,,,,,,,,,false,
7426,starexec,SWW394+1.p,e4_orthologic-off,balanced,HARD_TIMEOUT,5223,0.000,,,,,,,,,,,,,,,,false,
7426,starexec,SWW470+5.p,e4_orthologic-off,balanced,REFUTED,162,3592.061,13264.486,93.680,16827.380,2725,272553,2057,266775,240,52,3102,12976319,21717,10205,163,false,false,
7426,starexec,SWW473+2.p,e4_orthologic-off,balanced,HARD_TIMEOUT,916,0.000,,,,,,,,,,,,,,,,false,
7426,starexec,SWW473+6.p,e4_orthologic-off,balanced,REFUTED,608,7916.164,3395.180,89.552,86886.524,994,22909,899,21325,845,87,9085,37289817,56288,10957,609,false,false,
7426,starexec,SWW474+3.p,e4_orthologic-off,balanced,TIMEOUT,1440,3226.904,164829.304,,,28340,8205634,26517,8141192,2284,309,,,,,,,false,
7426,starexec,SWW937+1.p,e4_orthologic-off,balanced,TIMEOUT,28,771.567,164953.756,,,11558,13070800,11289,13036236,181,24,,,,,,,false,
7426,starexec,SWW961+1.p,e4_orthologic-off,balanced,REFUTED,176,566.151,403.100,43.019,348.314,193,242,185,177,177,0,947,22877,2965,207,177,false,false,
7426,starexec,SWX051+1.p,e4_orthologic-off,balanced,TIMEOUT,292,1700.277,164701.084,,,43563,16379003,38983,16263979,579,168,,,,,,,false,
7426,starexec,SWX185+1.p,e4_orthologic-off,balanced,TIMEOUT,40,318.583,165310.447,,,3173,7087542,3125,7081294,41,0,,,,,,,false,
7426,starexec,SWX187+1.p,e4_orthologic-off,balanced,REFUTED,16,378.493,6212.486,129.387,425.473,2408,42255,2354,34848,18,0,361,40118,1113,275,17,false,false,
7426,starexec,SWX189+1.p,e4_orthologic-off,balanced,TIMEOUT,53,363.985,165847.969,,,6882,6404090,6737,6384214,54,0,,,,,,,false,
7426,starexec,SWX194+1.p,e4_orthologic-off,balanced,TIMEOUT,71,391.096,165328.431,,,7805,10146931,7665,10131455,72,0,,,,,,,false,
7426,starexec,SWX197+1.p,e4_orthologic-off,balanced,TIMEOUT,73,409.572,165005.608,,,5991,8340961,5396,8321313,74,0,,,,,,,false,
7426,starexec,SWX199+1.p,e4_orthologic-off,balanced,REFUTED,12,350.793,2032.016,69.793,188.911,127,38581,110,37828,14,0,260,20068,726,132,13,false,false,
7426,starexec,SWX200+1.p,e4_orthologic-off,balanced,REFUTED,15,357.862,224.514,41.099,256.690,16,23,14,19,19,0,161,7737,550,143,16,false,false,
7426,starexec,SWX201+1.p,e4_orthologic-off,balanced,TIMEOUT,28,338.187,165253.002,,,2376,4335595,2281,4331037,30,0,,,,,,,false,
7426,starexec,SWX202+1.p,e4_orthologic-off,balanced,TIMEOUT,28,345.120,165184.051,,,2523,3712598,2437,3707458,30,0,,,,,,,false,
7426,starexec,SWX203+1.p,e4_orthologic-off,balanced,REFUTED,21,425.392,3465.941,158.287,426.324,1383,19484,934,14216,29,0,517,31883,1041,143,22,false,false,
7426,starexec,SWX209+1.p,e4_orthologic-off,balanced,TIMEOUT,49,356.663,165170.574,,,5341,7476446,4893,7457068,56,0,,,,,,,false,
7426,starexec,SWX210+1.p,e4_orthologic-off,balanced,TIMEOUT,49,353.227,167380.909,,,4899,6726304,4492,6709044,56,0,,,,,,,false,
7426,starexec,SWX211+1.p,e4_orthologic-off,balanced,TIMEOUT,49,362.184,165084.505,,,5240,7089701,4567,7070103,56,0,,,,,,,false,
7426,starexec,SWX212+1.p,e4_orthologic-off,balanced,HARD_TIMEOUT,49,0.000,,,,,,,,,,,,,,,,false,
7426,starexec,SWX217+1.p,e4_orthologic-off,balanced,TIMEOUT,23,289.355,165217.536,,,9495,7279957,8447,7252559,25,0,,,,,,,false,
7426,starexec,SWX219+1.p,e4_orthologic-off,balanced,REFUTED,31,416.526,7602.368,79.233,332.077,5396,17248,5368,9382,36,0,352,19211,1287,181,32,false,false,
7426,starexec,SWX220+1.p,e4_orthologic-off,balanced,REFUTED,31,422.635,4018.582,71.255,307.232,2743,8889,2739,5093,36,0,349,19353,1294,194,32,false,false,
7426,starexec,SWX221+1.p,e4_orthologic-off,balanced,REFUTED,35,453.962,3543.491,93.872,388.799,2564,5662,2549,2768,43,0,408,24485,1516,181,36,false,false,
7426,starexec,SWX222+1.p,e4_orthologic-off,balanced,REFUTED,35,404.825,531.968,65.797,323.735,214,357,207,126,43,0,339,15785,1318,181,36,false,false,
7426,starexec,SWX223+1.p,e4_orthologic-off,balanced,REFUTED,35,447.454,794.434,93.606,476.189,362,737,354,337,43,0,390,21822,1444,181,36,false,false,
7426,starexec,SWX224+1.p,e4_orthologic-off,balanced,REFUTED,31,458.057,1187.420,79.093,284.791,697,1902,687,1006,36,0,322,15887,1209,181,32,false,false,
7426,starexec,SWX240_1.p,e4_orthologic-off,balanced,REFUTED,56,474.608,5660.949,82.488,495.372,1025,112943,952,110677,70,0,570,31253,2001,136,57,false,false,
7426,starexec,SWX241_1.p,e4_orthologic-off,balanced,HARD_TIMEOUT,64,0.000,,,,,,,,,,,,,,,,false,
7426,starexec,SYN076+1.p,e4_orthologic-off,balanced,TIMEOUT,1,507.775,165383.020,,,1910,5499392,1791,5492663,48,16,,,,,,,false,
7426,starexec,SYN077+1.p,e4_orthologic-off,balanced,REFUTED,1,513.814,294.610,61.721,646.152,53,89,36,19,9,6,241,63879,670,637,2,false,false,
7426,starexec,SYN353+1.p,e4_orthologic-off,balanced,REFUTED,0,603.810,305.381,54.919,1503.469,74,282,32,81,21,2,219,277626,801,11878,1,false,false,
7426,starexec,SYN986+1.004.p,e4_orthologic-off,balanced,EXHAUSTED,2,313.512,400.808,,,0,0,0,0,3,0,,,,,,,false,StackOverflowError:  at Core$Trail$Applier.apply:975
7426,starexec,SYO525+1.018.p,e4_orthologic-off,balanced,TIMEOUT,29,612.979,164890.786,,,61967,61977,61967,30,30,0,,,,,,,false,
7426,starexec,SYO525+1.021.p,e4_orthologic-off,balanced,TIMEOUT,29,571.259,164907.047,,,63104,63111,63104,30,30,0,,,,,,,false,
7426,starexec,SYO525+1.024.p,e4_orthologic-off,balanced,TIMEOUT,29,582.525,164931.829,,,63610,63614,63610,30,30,0,,,,,,,false,
7426,starexec,SYO525+1.027.p,e4_orthologic-off,balanced,TIMEOUT,29,598.274,164824.958,,,60771,60772,60771,30,30,0,,,,,,,false,
7426,starexec,SYO525+1.030.p,e4_orthologic-off,balanced,TIMEOUT,32,655.437,164800.894,,,48307,48308,48307,33,33,0,,,,,,,false,
7426,starexec,SYO605+1.p,e4_orthologic-off,balanced,REFUTED,4,817.854,2021.416,146.416,3495.430,2188,19981,1239,11803,48,14,903,1044573,1977,2212,5,false,false,
7426,starexec,TOP020+1.p,e4_orthologic-off,balanced,TIMEOUT,8,492.071,165215.990,,,56796,472467,55697,400335,27,11,,,,,,,false,
7426,starexec,TOP029+1.p,e4_orthologic-off,balanced,TIMEOUT,108,866.468,164891.755,,,46944,1143422,43538,991472,306,48,,,,,,,false,
7426,starexec,TOP046+3.p,e4_orthologic-off,balanced,HARD_TIMEOUT,18710,0.000,,,,,,,,,,,,,,,,false,
7426,starexec,AGT007+2.p,e4_orthologic-on,balanced,TIMEOUT,922,706.958,164553.386,,,31858,3570115,30211,3526790,1009,13,,,,,,,false,
7426,starexec,AGT022+1.p,e4_orthologic-on,balanced,TIMEOUT,555,974.177,164829.211,,,37410,194012,31910,140255,642,13,,,,,,,false,
7426,starexec,ALG040+1.p,e4_orthologic-on,balanced,REFUTED,4,500.477,1273.455,61.287,353.395,958,7469,951,6349,12,2,225,42487,623,398,5,false,false,
7426,starexec,ALG213+1.p,e4_orthologic-on,balanced,TIMEOUT,4,363.835,165284.424,,,1150,10348481,1098,10342391,5,5,,,,,,,false,
7426,starexec,BIO006+1.p,e4_orthologic-on,balanced,PARSE_ERR,,0.000,,,,,,,,,,,,,,,,false,StackOverflowError
7426,starexec,COM008+1.p,e4_orthologic-on,balanced,TIMEOUT,10,390.033,165468.824,,,15909,9514452,15638,9490983,15,3,,,,,,,false,
7426,starexec,COM008+2.p,e4_orthologic-on,balanced,TIMEOUT,8,397.072,165224.825,,,16077,6688749,14894,6658209,13,3,,,,,,,false,
7426,starexec,COM131+1.p,e4_orthologic-on,balanced,TIMEOUT,59,1716.306,164957.189,,,15818,7931217,15359,7909115,154,95,,,,,,,false,
7426,starexec,COM136+1.p,e4_orthologic-on,balanced,TIMEOUT,56,1643.647,164989.051,,,16693,11023961,14592,10997139,149,94,,,,,,,false,
7426,starexec,COM139+1.p,e4_orthologic-on,balanced,TIMEOUT,55,2448.135,164681.843,,,8230,10453999,7667,10432727,149,94,,,,,,,false,
7426,starexec,CSR005+2.p,e4_orthologic-on,balanced,TIMEOUT,55,864.001,165040.757,,,54671,13538943,46823,13387034,109,14,,,,,,,false,
7426,starexec,CSR021+1.p,e4_orthologic-on,balanced,REFUTED,47,1483.056,23957.255,67.555,3968.790,9650,811959,9337,777364,120,17,967,585475,3915,1419,48,false,false,
7426,starexec,CSR022+1.p,e4_orthologic-on,balanced,REFUTED,47,787.430,11692.673,30.683,2100.201,9576,793236,9232,758757,120,17,967,585475,3915,1419,48,false,false,
7426,starexec,CSR025+5.p,e4_orthologic-on,balanced,HARD_TIMEOUT,540249,0.000,,,,,,,,,,,,,,,,false,
7426,starexec,CSR030+3.p,e4_orthologic-on,balanced,REFUTED,8005,4905.176,53212.012,155.658,4336.385,30318,85112,29204,44547,8007,0,52058,1420674,85304,89,8006,false,false,
7426,starexec,CSR033+3.p,e4_orthologic-on,balanced,REFUTED,8005,5380.632,64230.722,158.419,3858.234,34408,182776,33760,134870,8007,0,52086,1521765,85306,89,8006,false,false,
7426,starexec,CSR036+5.p,e4_orthologic-on,balanced,HARD_TIMEOUT,540249,0.000,,,,,,,,,,,,,,,,false,
7426,starexec,CSR038+4.p,e4_orthologic-on,balanced,HARD_TIMEOUT,44216,0.000,,,,,,,,,,,,,,,,false,
7426,starexec,CSR042+3.p,e4_orthologic-on,balanced,REFUTED,8005,4716.415,8706.971,185.868,4335.414,11322,20411,11258,8007,8007,0,52048,1420409,85290,89,8006,false,false,
7426,starexec,CSR044+3.p,e4_orthologic-on,balanced,REFUTED,8005,2812.431,31321.317,96.751,3076.012,28869,83415,28433,44500,8007,0,52074,1621847,85341,89,8006,false,false,
7426,starexec,CSR045+3.p,e4_orthologic-on,balanced,REFUTED,8005,4529.263,4159.401,152.953,3357.015,5306,11024,5302,8006,8006,0,52071,1120124,85290,89,8006,false,false,
7426,starexec,CSR048+3.p,e4_orthologic-on,balanced,REFUTED,8005,5275.452,53530.292,123.937,4213.712,29094,83500,28899,44435,8007,0,52050,1420455,85290,89,8006,false,false,
7426,starexec,CSR050+5.p,e4_orthologic-on,balanced,HARD_TIMEOUT,540249,0.000,,,,,,,,,,,,,,,,false,
7426,starexec,CSR052+3.p,e4_orthologic-on,balanced,TIMEOUT,8005,2255.030,164625.514,,,67422,317218,63097,198370,8007,0,,,,,,,false,
7426,starexec,CSR054+3.p,e4_orthologic-on,balanced,REFUTED,8005,2798.767,2599.225,104.527,3168.749,5183,10962,5179,8007,8007,0,52044,1620750,85282,89,8006,false,false,
7426,starexec,CSR056+3.p,e4_orthologic-on,balanced,REFUTED,8005,2731.025,31721.402,76.952,2763.412,29095,83624,28552,44412,8007,0,52064,1420815,85295,89,8006,false,false,
7426,starexec,CSR058+3.p,e4_orthologic-on,balanced,REFUTED,8005,4701.257,1317.585,139.738,4304.956,689,8015,689,8007,8007,0,52044,1620744,85282,89,8006,false,false,
7426,starexec,CSR066+5.p,e4_orthologic-on,balanced,HARD_TIMEOUT,540249,0.000,,,,,,,,,,,,,,,,false,
7426,starexec,CSR067+3.p,e4_orthologic-on,balanced,REFUTED,8005,4914.062,9959.970,174.440,4612.835,11314,20399,11250,8007,8007,0,52048,1420409,85290,89,8006,false,false,
7426,starexec,CSR113+13.p,e4_orthologic-on,balanced,HARD_TIMEOUT,10188,0.000,,,,,,,,,,,,,,,,false,
7426,starexec,CSR113+30.p,e4_orthologic-on,balanced,TIMEOUT,10188,3146.805,164733.485,,,59829,369933,59812,310063,10559,79,,,,,,,false,
7426,starexec,CSR113+4.p,e4_orthologic-on,balanced,TIMEOUT,10188,3812.991,164405.998,,,55279,334632,55265,279315,10564,79,,,,,,,false,
7426,starexec,CSR114+8.p,e4_orthologic-on,balanced,TIMEOUT,10188,3243.649,164155.208,,,53523,326175,53509,272604,10478,79,,,,,,,false,
7426,starexec,CSR115+8.p,e4_orthologic-on,balanced,HARD_TIMEOUT,10188,0.000,,,,,,,,,,,,,,,,false,
7426,starexec,CSR116+10.p,e4_orthologic-on,balanced,HARD_TIMEOUT,10188,0.000,,,,,,,,,,,,,,,,false,
7426,starexec,CSR116+13.p,e4_orthologic-on,balanced,HARD_TIMEOUT,10188,0.000,,,,,,,,,,,,,,,,false,
7426,starexec,CSR116+19.p,e4_orthologic-on,balanced,HARD_TIMEOUT,10188,0.000,,,,,,,,,,,,,,,,false,
7426,starexec,CSR116+3.p,e4_orthologic-on,balanced,HARD_TIMEOUT,10188,0.000,,,,,,,,,,,,,,,,false,
7426,starexec,CSR116+38.p,e4_orthologic-on,balanced,HARD_TIMEOUT,10188,0.000,,,,,,,,,,,,,,,,false,
7426,starexec,CSR116+8.p,e4_orthologic-on,balanced,TIMEOUT,10188,4196.792,164447.696,,,56357,284515,56342,228140,10748,79,,,,,,,false,
7426,starexec,CSR117+1.p,e4_orthologic-on,balanced,REFUTED,268,1087.741,1519.438,86.962,1396.997,956,1363,924,624,270,17,1899,442206,2157,563,269,false,false,
7426,starexec,CSR208+1.p,e4_orthologic-on,balanced,HARD_TIMEOUT,7432,0.000,,,,,,,,,,,,,,,,false,
7426,starexec,GEO085+1.p,e4_orthologic-on,balanced,REFUTED,16,997.795,344.796,42.594,1518.361,64,135,60,61,50,16,695,293626,2741,1169,17,false,false,
7426,starexec,GEO087+1.p,e4_orthologic-on,balanced,REFUTED,16,951.391,366.988,27.195,1656.113,87,207,79,111,50,18,703,299906,2722,1180,17,false,false,
7426,starexec,GEO089+1.p,e4_orthologic-on,balanced,TIMEOUT,16,785.711,165385.133,,,26869,18257898,24073,18184438,51,18,,,,,,,false,
7426,starexec,GEO093+1.p,e4_orthologic-on,balanced,REFUTED,16,1269.146,6923.238,71.226,2240.572,2363,223994,2277,220202,53,19,772,417529,2924,1354,17,false,false,
7426,starexec,GEO095+1.p,e4_orthologic-on,balanced,TIMEOUT,16,753.930,165160.837,,,19908,13409740,18876,13365406,51,18,,,,,,,false,
7426,starexec,GEO111+1.p,e4_orthologic-on,balanced,REFUTED,17,1252.011,2402.213,74.441,2679.401,854,35597,831,34309,57,21,853,551860,3444,1595,18,false,false,
7426,starexec,GEO117+1.p,e4_orthologic-on,balanced,REFUTED,27,1419.240,601.507,38.768,4041.845,243,1192,243,898,98,29,1159,819094,5207,1826,28,false,false,
7426,starexec,GEO138+1.p,e4_orthologic-on,balanced,TIMEOUT,27,867.138,165154.025,,,20275,13652053,19394,13606693,101,31,,,,,,,false,
7426,starexec,GEO260+1.p,e4_orthologic-on,balanced,REFUTED,31,869.120,21373.627,90.994,912.936,5855,1768217,3801,1756383,65,5,740,239876,2189,765,32,false,false,
7426,starexec,GEO274+1.p,e4_orthologic-on,balanced,TIMEOUT,116,2241.178,164661.591,,,33801,2006348,33739,1964773,263,57,,,,,,,false,
7426,starexec,GEO277+1.p,e4_orthologic-on,balanced,TIMEOUT,126,2268.273,164687.494,,,41982,801578,37648,747746,277,57,,,,,,,false,
7426,starexec,GEO282+1.p,e4_orthologic-on,balanced,REFUTED,123,2816.321,1130.667,60.552,18219.109,1123,2518,1098,1334,282,55,5215,7209926,34854,13068,124,false,false,
7426,starexec,GEO285+1.p,e4_orthologic-on,balanced,REFUTED,132,3990.053,2555.771,86.053,24914.355,1869,7685,1748,5650,296,56,5314,7434476,34891,13068,133,false,false,
7426,starexec,GEO298+1.p,e4_orthologic-on,balanced,TIMEOUT,157,2327.468,164689.335,,,35863,2327814,35469,2278113,319,63,,,,,,,false,
7426,starexec,GEO306+1.p,e4_orthologic-on,balanced,TIMEOUT,126,2623.654,164532.637,,,38418,1015018,37837,964321,287,60,,,,,,,false,
7426,starexec,GEO307+1.p,e4_orthologic-on,balanced,TIMEOUT,145,2399.149,164607.474,,,36027,1408528,35936,1360235,306,60,,,,,,,false,
7426,starexec,GEO308+1.p,e4_orthologic-on,balanced,TIMEOUT,146,2399.716,164581.812,,,37390,1065257,36734,1017116,307,60,,,,,,,false,
7426,starexec,GEO310+1.p,e4_orthologic-on,balanced,TIMEOUT,148,2384.288,164569.511,,,37562,2718819,36765,2666347,309,60,,,,,,,false,
7426,starexec,GEO321+1.p,e4_orthologic-on,balanced,TIMEOUT,177,2111.398,164625.682,,,41286,1148218,39403,1095122,338,60,,,,,,,false,
7426,starexec,GEO323+1.p,e4_orthologic-on,balanced,TIMEOUT,179,1583.430,165134.395,,,52912,3420514,51737,3350623,340,60,,,,,,,false,
7426,starexec,GEO328+1.p,e4_orthologic-on,balanced,TIMEOUT,185,2547.604,164606.643,,,47611,796213,46915,734185,346,60,,,,,,,false,
7426,starexec,GEO330+1.p,e4_orthologic-on,balanced,TIMEOUT,187,2511.981,164703.415,,,42532,3612504,40629,3553764,348,60,,,,,,,false,
7426,starexec,GEO331+1.p,e4_orthologic-on,balanced,REFUTED,125,2622.475,1261.864,67.310,14486.462,1019,3380,983,2335,277,60,5777,7997505,39076,13068,126,false,false,
7426,starexec,GEO337+1.p,e4_orthologic-on,balanced,TIMEOUT,129,2427.772,164669.839,,,40898,833491,40358,777916,281,60,,,,,,,false,
7426,starexec,GEO343+1.p,e4_orthologic-on,balanced,TIMEOUT,124,1560.940,165134.710,,,49580,1656728,49422,1592849,290,61,,,,,,,false,
7426,starexec,GEO349+1.p,e4_orthologic-on,balanced,TIMEOUT,130,2466.964,164684.295,,,37189,710649,36561,661665,300,66,,,,,,,false,
7426,starexec,GEO351+1.p,e4_orthologic-on,balanced,TIMEOUT,136,2430.468,164576.050,,,38044,885935,37341,836101,309,69,,,,,,,false,
7426,starexec,GEO480+1.p,e4_orthologic-on,balanced,HARD_TIMEOUT,3634,0.000,,,,,,,,,,,,,,,,false,
7426,starexec,GEO491+1.p,e4_orthologic-on,balanced,TIMEOUT,44,568.037,165269.658,,,28975,13541631,27187,13475215,75,6,,,,,,,false,
7426,starexec,GEO494+1.p,e4_orthologic-on,balanced,REFUTED,66,1332.497,43152.215,81.061,1185.918,10381,2846234,9728,2825284,101,6,1067,266937,7402,675,67,false,false,
7426,starexec,GEO498+1.p,e4_orthologic-on,balanced,REFUTED,109,1395.564,405.422,51.205,1147.571,66,240,62,170,162,4,1430,242216,10899,618,110,false,false,
7426,starexec,GEO501+1.p,e4_orthologic-on,balanced,TIMEOUT,122,1201.877,167348.469,,,28926,13615429,26960,13552495,179,5,,,,,,,false,
7426,starexec,GEO504+1.p,e4_orthologic-on,balanced,REFUTED,130,1496.867,1557.535,81.607,1161.592,716,13032,678,11806,191,3,1744,225406,13224,791,131,false,false,
7426,starexec,GEO513+1.p,e4_orthologic-on,balanced,TIMEOUT,172,1530.850,164705.451,,,30756,9222008,26734,9160234,265,5,,,,,,,false,
7426,starexec,GEO514+1.p,e4_orthologic-on,balanced,TIMEOUT,173,1452.170,164698.917,,,23793,10027707,22697,9976521,264,4,,,,,,,false,
7426,starexec,GEO517+1.p,e4_orthologic-on,balanced,TIMEOUT,180,989.531,165177.029,,,43919,14038695,41982,13946019,277,8,,,,,,,false,
7426,starexec,GEO520+1.p,e4_orthologic-on,balanced,TIMEOUT,193,1616.144,165543.181,,,27986,9195848,27099,9141934,287,5,,,,,,,false,
7426,starexec,GEO523+1.p,e4_orthologic-on,balanced,HARD_TIMEOUT,200,0.000,,,,,,,,,,,,,,,,false,
7426,starexec,GEO526+1.p,e4_orthologic-on,balanced,TIMEOUT,209,1585.577,164615.229,,,28925,8901223,27649,8839508,307,5,,,,,,,false,
7426,starexec,GEO528+1.p,e4_orthologic-on,balanced,REFUTED,212,1299.340,28860.737,62.312,1363.493,12643,2616771,11972,2584478,307,4,2871,597813,24359,983,213,false,false,
7426,starexec,GEO535+1.p,e4_orthologic-on,balanced,TIMEOUT,227,1499.531,164553.569,,,32070,13850047,30494,13781657,335,6,,,,,,,false,
7426,starexec,GRA005+1.p,e4_orthologic-on,balanced,REFUTED,17,677.721,354.552,33.481,1536.422,231,481,222,230,70,19,787,505728,3586,1991,18,false,false,
7426,starexec,GRA008+1.p,e4_orthologic-on,balanced,TIMEOUT,17,735.422,165200.019,,,60279,5149447,56801,5043368,70,18,,,,,,,false,
7426,starexec,GRP652+2.p,e4_orthologic-on,balanced,HARD_TIMEOUT,5675,0.000,,,,,,,,,,,,,,,,false,
7426,starexec,GRP654+1.p,e4_orthologic-on,balanced,TIMEOUT,5,310.055,165928.093,,,607,2446188,455,2442592,6,1,,,,,,,false,
7426,starexec,GRP655+3.p,e4_orthologic-on,balanced,TIMEOUT,5,325.666,165846.988,,,1095,3350442,791,3346896,6,2,,,,,,,false,
7426,starexec,GRP748+1.p,e4_orthologic-on,balanced,TIMEOUT,11,434.654,167260.817,,,1641,5457797,1277,5452325,15,12,,,,,,,false,
7426,starexec,HWV051+1.p,e4_orthologic-on,balanced,TIMEOUT,724,2324.584,164682.041,,,83910,417708,80846,271048,919,5,,,,,,,false,
7426,starexec,ITP002+2.p,e4_orthologic-on,balanced,TIMEOUT,33,803.840,164981.400,,,25936,1139390,25812,1113245,49,8,,,,,,,false,
7426,starexec,ITP004+1.p,e4_orthologic-on,balanced,TIMEOUT,30,689.355,165075.104,,,3448,11818646,3317,11799522,56,6,,,,,,,false,
7426,starexec,ITP004+4.p,e4_orthologic-on,balanced,HARD_TIMEOUT,3173,0.000,,,,,,,,,,,,,,,,false,
7426,starexec,ITP006+2.p,e4_orthologic-on,balanced,REFUTED,51,1959.794,4513.594,55.800,9459.148,3024,77336,2719,73132,136,31,1652,2341290,7072,4330,52,false,false,
7426,starexec,ITP006+4.p,e4_orthologic-on,balanced,HARD_TIMEOUT,5652,0.000,,,,,,,,,,,,,,,,false,
7426,starexec,ITP009+2.p,e4_orthologic-on,balanced,TIMEOUT,36,1078.946,164918.253,,,26398,2901491,25952,2867156,66,15,,,,,,,false,
7426,starexec,ITP012+4.p,e4_orthologic-on,balanced,HARD_TIMEOUT,14071,0.000,,,,,,,,,,,,,,,,false,
7426,starexec,ITP013+1.p,e4_orthologic-on,balanced,TIMEOUT,45,861.996,164969.793,,,1233,3374321,1175,3368995,84,7,,,,,,,false,
7426,starexec,ITP020+2.p,e4_orthologic-on,balanced,REFUTED,62,2411.275,2371.171,51.818,25972.303,1246,26834,1169,25124,175,45,2154,2986627,8457,3507,63,false,false,
7426,starexec,ITP020+4.p,e4_orthologic-on,balanced,HARD_TIMEOUT,25152,0.000,,,,,,,,,,,,,,,,false,
7426,starexec,ITP023+2.p,e4_orthologic-on,balanced,REFUTED,58,1347.708,25813.404,50.155,3282.730,13206,813988,12841,791620,103,15,1078,494879,3328,1026,59,false,false,
7426,starexec,KLE100+1.p,e4_orthologic-on,balanced,TIMEOUT,26,458.728,165511.305,,,3710,10192885,3123,10171265,29,3,,,,,,,false,
7426,starexec,KLE169+1.p,e4_orthologic-on,balanced,TIMEOUT,17,353.655,165134.140,,,2858,12267174,2732,12233570,19,0,,,,,,,false,
7426,starexec,KLE170+1.002.p,e4_orthologic-on,balanced,TIMEOUT,16,353.852,165200.203,,,2378,12262077,2265,12237967,18,0,,,,,,,false,
7426,starexec,KRS187+1.p,e4_orthologic-on,balanced,KILLED,,0.000,,,,,,,,,,,,,,,,false,killed before finishing
7426,starexec,KRS190+1.p,e4_orthologic-on,balanced,TIMEOUT,32,1018.795,165135.470,,,11963,19516237,10922,19482013,120,70,,,,,,,false,
7426,starexec,KRS192+1.p,e4_orthologic-on,balanced,TIMEOUT,32,644.523,165408.229,,,11928,19345884,10887,19311846,120,70,,,,,,,false,
7426,starexec,KRS195+1.p,e4_orthologic-on,balanced,TIMEOUT,32,667.818,165374.029,,,12688,22541107,11594,22504613,120,70,,,,,,,false,
7426,starexec,KRS196+1.p,e4_orthologic-on,balanced,TIMEOUT,32,973.948,165166.712,,,11944,19465362,10903,19431226,120,70,,,,,,,false,
7426,starexec,KRS216+1.p,e4_orthologic-on,balanced,TIMEOUT,32,1018.432,165069.786,,,11706,18587080,10685,18553730,120,70,,,,,,,false,
7426,starexec,KRS233+1.p,e4_orthologic-on,balanced,TIMEOUT,32,1007.542,168638.420,,,12138,20207774,11097,20172998,120,70,,,,,,,false,
7426,starexec,KRS234+1.p,e4_orthologic-on,balanced,HARD_TIMEOUT,32,0.000,,,,,,,,,,,,,,,,false,
7426,starexec,KRS251+1.p,e4_orthologic-on,balanced,TIMEOUT,32,1006.372,165214.805,,,11632,18279910,10608,18246718,120,70,,,,,,,false,
7426,starexec,KRS261+1.p,e4_orthologic-on,balanced,TIMEOUT,32,641.640,165372.997,,,11903,19245634,10863,19211660,120,70,,,,,,,false,
7426,starexec,KRS262+1.p,e4_orthologic-on,balanced,REFUTED,32,1779.546,39307.486,44.003,6327.903,6152,5012022,5538,4994739,120,70,2087,2142206,5611,2511,33,false,false,
7426,starexec,LAT258+1.p,e4_orthologic-on,balanced,TIMEOUT,17,464.937,165172.653,,,32861,19432227,30327,19315201,23,1,,,,,,,false,
7426,starexec,LAT287+3.p,e4_orthologic-on,balanced,HARD_TIMEOUT,12371,0.000,,,,,,,,,,,,,,,,false,
7426,starexec,LAT303+4.p,e4_orthologic-on,balanced,HARD_TIMEOUT,34684,0.000,,,,,,,,,,,,,,,,false,
7426,starexec,LAT305+3.p,e4_orthologic-on,balanced,HARD_TIMEOUT,13616,0.000,,,,,,,,,,,,,,,,false,
7426,starexec,LAT351+3.p,e4_orthologic-on,balanced,HARD_TIMEOUT,17808,0.000,,,,,,,,,,,,,,,,false,
7426,starexec,LCL062+2.p,e4_orthologic-on,balanced,TIMEOUT,2,256.851,165385.786,,,14427,17383452,13555,17286418,3,0,,,,,,,false,
7426,starexec,LCL073+1.p,e4_orthologic-on,balanced,TIMEOUT,2,357.929,165283.021,,,8428,14185125,7753,13952219,3,3,,,,,,,false,
7426,starexec,LCL109+1.p,e4_orthologic-on,balanced,HARD_TIMEOUT,5,0.000,,,,,,,,,,,,,,,,false,
7426,starexec,LCL368+1.p,e4_orthologic-on,balanced,REFUTED,4,360.345,19963.634,95.158,107.588,3993,1560678,3726,1549562,5,0,170,9478,409,103,5,false,false,
7426,starexec,LCL368+2.p,e4_orthologic-on,balanced,REFUTED,2,449.031,105164.367,88.204,161.754,8841,7431462,8103,7370188,3,0,131,15697,1058,971,3,false,false,
7426,starexec,LCL369+1.p,e4_orthologic-on,balanced,TIMEOUT,4,286.122,165278.479,,,12927,13929837,12116,13889217,5,0,,,,,,,false,
7426,starexec,LCL369+2.p,e4_orthologic-on,balanced,TIMEOUT,2,401.885,165067.857,,,11331,11065880,10373,10989146,3,0,,,,,,,false,
7426,starexec,LCL370+1.p,e4_orthologic-on,balanced,REFUTED,4,356.497,121912.491,100.297,150.641,10963,9832315,10585,9798171,5,0,234,11411,525,91,5,false,false,
7426,starexec,LCL372+2.p,e4_orthologic-on,balanced,TIMEOUT,2,329.338,165239.237,,,11409,11583453,10483,11498831,3,0,,,,,,,false,
7426,starexec,LCL373+2.p,e4_orthologic-on,balanced,TIMEOUT,2,294.921,165261.401,,,11387,11625203,10501,11540481,3,0,,,,,,,false,
7426,starexec,LCL374+1.p,e4_orthologic-on,balanced,TIMEOUT,4,293.991,165235.041,,,12252,12449837,11515,12410723,5,0,,,,,,,false,
7426,starexec,LCL375+1.p,e4_orthologic-on,balanced,TIMEOUT,4,263.434,165260.038,,,12498,13126885,11911,13086583,5,0,,,,,,,false,
7426,starexec,LCL382+1.p,e4_orthologic-on,balanced,REFUTED,4,352.382,112217.258,69.710,89.467,11009,9924925,10644,9890761,5,0,204,9845,474,92,5,false,false,
7426,starexec,LCL382+2.p,e4_orthologic-on,balanced,TIMEOUT,2,437.474,165139.326,,,10433,10166091,9690,10085435,3,0,,,,,,,false,
7426,starexec,LCL383+1.p,e4_orthologic-on,balanced,REFUTED,4,375.586,148275.433,100.839,170.204,11767,11391418,11305,11354234,5,0,224,12786,506,103,5,false,false,
7426,starexec,LCL390+2.p,e4_orthologic-on,balanced,TIMEOUT,2,317.320,165278.961,,,11260,11406490,10328,11322456,3,0,,,,,,,false,
7426,starexec,LCL391+2.p,e4_orthologic-on,balanced,TIMEOUT,2,347.672,165224.532,,,11669,12088865,10924,12002857,3,0,,,,,,,false,
7426,starexec,LCL392+2.p,e4_orthologic-on,balanced,TIMEOUT,2,338.187,165221.499,,,11414,11590365,10476,11505905,3,0,,,,,,,false,
7426,starexec,LCL393+1.p,e4_orthologic-on,balanced,TIMEOUT,4,274.534,165192.017,,,13034,13794334,12487,13752946,5,0,,,,,,,false,
7426,starexec,LCL393+2.p,e4_orthologic-on,balanced,TIMEOUT,2,335.474,165163.254,,,11682,11643743,10709,11565641,3,0,,,,,,,false,
7426,starexec,LCL395+1.p,e4_orthologic-on,balanced,TIMEOUT,4,268.454,165285.157,,,12327,12678334,11764,12638156,5,0,,,,,,,false,
7426,starexec,LCL395+2.p,e4_orthologic-on,balanced,TIMEOUT,2,328.906,165259.319,,,11372,11240476,10503,11163006,3,0,,,,,,,false,
7426,starexec,LCL484+1.p,e4_orthologic-on,balanced,REFUTED,44,1397.863,468.633,47.219,5212.361,119,264,108,138,74,55,1443,1191907,2871,1818,45,false,false,
7426,starexec,LCL556+1.p,e4_orthologic-on,balanced,HARD_TIMEOUT,76,0.000,,,,,,,,,,,,,,,,false,
7426,starexec,LCL638+1.020.p,e4_orthologic-on,balanced,HARD_TIMEOUT,0,0.000,,,,,,,,,,,,,,,,false,
7426,starexec,LCL646+1.010.p,e4_orthologic-on,balanced,HARD_TIMEOUT,0,0.000,,,,,,,,,,,,,,,,false,
7426,starexec,LCL646+1.015.p,e4_orthologic-on,balanced,HARD_TIMEOUT,0,0.000,,,,,,,,,,,,,,,,false,
7426,starexec,LCL648+1.010.p,e4_orthologic-on,balanced,HARD_TIMEOUT,0,0.000,,,,,,,,,,,,,,,,false,
7426,starexec,LCL650+1.010.p,e4_orthologic-on,balanced,HARD_TIMEOUT,0,0.000,,,,,,,,,,,,,,,,false,
7426,starexec,LCL652+1.010.p,e4_orthologic-on,balanced,TIMEOUT,0,1341.056,165257.882,,,92808,9610212,90514,9510354,181,110,,,,,,,false,
7426,starexec,LCL662+1.020.p,e4_orthologic-on,balanced,CLAUSIFY_ERR(StackOverflowError),1,52.436,,,,,,,,,,,,,,,,false,
7426,starexec,LCL664+1.010.p,e4_orthologic-on,balanced,HARD_TIMEOUT,1,0.000,,,,,,,,,,,,,,,,false,
7426,starexec,LCL666+1.010.p,e4_orthologic-on,balanced,HARD_TIMEOUT,1,0.000,,,,,,,,,,,,,,,,false,
7426,starexec,LCL688+1.001.p,e4_orthologic-on,balanced,REFUTED,2,866.716,146589.079,37.385,1003.876,41511,4337674,34729,4240608,28,16,542,485372,1827,4465,3,false,false,
7426,starexec,LCL891+1.p,e4_orthologic-on,balanced,TIMEOUT,12,400.019,165432.871,,,2258,9728563,2082,9719895,16,3,,,,,,,false,
7426,starexec,LCL898+1.p,e4_orthologic-on,balanced,TIMEOUT,14,394.011,165721.079,,,6511,14276932,6249,14246126,16,2,,,,,,,false,
7426,starexec,LCL901+1.p,e4_orthologic-on,balanced,REFUTED,14,478.091,134480.125,74.020,225.049,2415,10739028,2292,10712663,16,1,287,16599,680,211,15,false,false,
7426,starexec,LCL978+1.p,e4_orthologic-on,balanced,TIMEOUT,2,335.393,165267.914,,,8548,15101038,7951,15018946,3,3,,,,,,,false,
7426,starexec,LCL979+1.p,e4_orthologic-on,balanced,TIMEOUT,2,336.721,165242.590,,,5977,4268414,4497,4229970,3,3,,,,,,,false,
7426,starexec,LCL982+1.p,e4_orthologic-on,balanced,REFUTED,2,431.940,221.227,41.909,289.061,24,67,23,41,3,3,112,16237,410,273,3,false,false,
7426,starexec,LCL983+1.p,e4_orthologic-on,balanced,TIMEOUT,2,327.990,165247.220,,,8825,13797660,8345,13585360,3,3,,,,,,,false,
7426,starexec,MGT005+1.p,e4_orthologic-on,balanced,REFUTED,10,1180.835,6021.823,100.559,2912.475,3055,88480,2769,79385,29,13,512,1055078,3587,5271,11,false,false,
7426,starexec,MGT035+2.p,e4_orthologic-on,balanced,TIMEOUT,19,545.704,165079.645,,,17448,15043783,16923,15012399,43,5,,,,,,,false,
7426,starexec,MGT067+1.p,e4_orthologic-on,balanced,REFUTED,157,1381.153,820.551,61.144,1768.667,759,938,717,224,177,3,1467,424596,8524,737,158,false,false,
7426,starexec,MGT068+1.p,e4_orthologic-on,balanced,REFUTED,59,905.199,3918.894,49.473,531.667,1650,410159,1624,404556,85,4,831,154948,3098,459,60,false,false,
7426,starexec,MGT076+1.p,e4_orthologic-on,balanced,REFUTED,34,487.947,215.163,24.244,368.491,54,110,46,54,54,4,455,62073,1737,385,35,false,false,
7426,starexec,MGT077+1.p,e4_orthologic-on,balanced,REFUTED,44,485.657,228.434,16.144,393.912,72,190,70,110,64,4,521,77993,1885,414,45,false,false,
7426,starexec,MGT078+1.p,e4_orthologic-on,balanced,REFUTED,56,846.691,483.884,41.541,828.732,180,644,180,430,80,6,597,145895,1918,629,57,false,false,
7426,starexec,MGT079+1.p,e4_orthologic-on,balanced,REFUTED,56,791.568,523.511,63.129,579.886,167,617,149,413,77,3,597,93513,1890,417,57,false,false,
7426,starexec,MGT080+1.p,e4_orthologic-on,balanced,REFUTED,73,909.822,631.247,43.767,1057.044,275,1381,255,1027,99,7,730,244658,2051,895,74,false,false,
7426,starexec,MGT082+1.p,e4_orthologic-on,balanced,REFUTED,56,839.452,518.321,57.976,841.052,180,776,171,546,80,6,629,159193,1935,645,57,false,false,
7426,starexec,MGT085+1.p,e4_orthologic-on,balanced,REFUTED,43,872.393,16171.683,67.479,804.887,2782,1560687,2766,1540879,65,6,578,149609,1928,629,44,false,false,
7426,starexec,MGT086+1.p,e4_orthologic-on,balanced,REFUTED,43,704.895,319.161,49.916,606.501,78,195,67,112,63,3,514,79843,1824,410,44,false,false,
7426,starexec,MGT088+1.p,e4_orthologic-on,balanced,REFUTED,39,719.000,285.159,25.921,591.564,49,128,49,79,59,4,488,66865,1833,393,40,false,false,
7426,starexec,MGT090+1.p,e4_orthologic-on,balanced,REFUTED,59,778.315,376.515,33.771,644.328,103,174,98,90,90,3,639,73186,2425,354,60,false,false,
7426,starexec,MGT091+1.p,e4_orthologic-on,balanced,REFUTED,46,829.836,1092.162,44.104,643.316,383,9431,382,8715,83,3,619,83612,3087,362,47,false,false,
7426,starexec,NLP147+1.p,e4_orthologic-on,balanced,REFUTED,61,1404.625,431.577,50.488,2495.732,224,251,221,92,92,11,1006,1175612,3716,15197,62,false,false,
7426,starexec,NLP260+1.p,e4_orthologic-on,balanced,HARD_TIMEOUT,1026860,0.000,,,,,,,,,,,,,,,,false,
7426,starexec,NLP261+1.p,e4_orthologic-on,balanced,HARD_TIMEOUT,1026860,0.000,,,,,,,,,,,,,,,,false,
7426,starexec,NLP262+1.p,e4_orthologic-on,balanced,HARD_TIMEOUT,1026860,0.000,,,,,,,,,,,,,,,,false,
7426,starexec,NUM292+1.p,e4_orthologic-on,balanced,REFUTED,401,946.359,140104.507,55.582,375.749,36244,109169,36242,72084,407,0,1849,60387,4330,303,402,false,false,
7426,starexec,NUM321+1.p,e4_orthologic-on,balanced,TIMEOUT,401,957.489,164828.354,,,35319,107926,35317,71796,407,0,,,,,,,false,
7426,starexec,NUM335+1.p,e4_orthologic-on,balanced,TIMEOUT,401,891.414,164796.201,,,38410,111888,38408,72560,408,1,,,,,,,false,
7426,starexec,NUM639+4.p,e4_orthologic-on,balanced,TIMEOUT,316,1618.434,164603.835,,,21795,10851255,20364,10809563,525,26,,,,,,,false,
7426,starexec,NUM647+4.p,e4_orthologic-on,balanced,HARD_TIMEOUT,346,0.000,,,,,,,,,,,,,,,,false,
7426,starexec,NUM653+4.p,e4_orthologic-on,balanced,TIMEOUT,393,1796.425,164563.399,,,26499,8331948,25405,8275074,666,26,,,,,,,false,
7426,starexec,NUM656+4.p,e4_orthologic-on,balanced,TIMEOUT,402,1850.726,164578.531,,,25402,11739476,24100,11687338,684,26,,,,,,,false,
7426,starexec,NUM657+4.p,e4_orthologic-on,balanced,TIMEOUT,405,1845.320,164465.076,,,25354,11649623,22833,11598327,690,26,,,,,,,false,
7426,starexec,NUM658+4.p,e4_orthologic-on,balanced,TIMEOUT,408,1828.149,165893.051,,,27295,13807370,23768,13745076,696,26,,,,,,,false,
7426,starexec,NUM663+4.p,e4_orthologic-on,balanced,TIMEOUT,419,1955.969,164465.103,,,24719,9843167,23836,9802166,720,26,,,,,,,false,
7426,starexec,NUM664+4.p,e4_orthologic-on,balanced,TIMEOUT,423,1798.434,164459.640,,,24447,12659508,23269,12612164,729,26,,,,,,,false,
7426,starexec,NUM669+4.p,e4_orthologic-on,balanced,TIMEOUT,443,1968.989,164381.880,,,31598,11453252,29049,11380882,769,26,,,,,,,false,
7426,starexec,NUM671+4.p,e4_orthologic-on,balanced,TIMEOUT,453,1832.366,164388.695,,,30160,10826720,27408,10768102,788,26,,,,,,,false,
7426,starexec,NUM689+4.p,e4_orthologic-on,balanced,TIMEOUT,554,2067.182,165030.972,,,26004,9578521,24793,9539928,999,26,,,,,,,false,
7426,starexec,NUM690+4.p,e4_orthologic-on,balanced,TIMEOUT,559,2105.715,164489.689,,,27110,9766200,26087,9713592,1010,26,,,,,,,false,
7426,starexec,NUM691+4.p,e4_orthologic-on,balanced,TIMEOUT,564,2107.220,164520.505,,,25997,10792406,24309,10750310,1021,26,,,,,,,false,
7426,starexec,NUM694+4.p,e4_orthologic-on,balanced,TIMEOUT,572,1940.198,164297.029,,,29182,12036119,28223,11987121,1036,26,,,,,,,false,
7426,starexec,NUM695+4.p,e4_orthologic-on,balanced,TIMEOUT,574,2154.513,164530.481,,,29618,9167064,27784,9113834,1039,26,,,,,,,false,
7426,starexec,NUM698+4.p,e4_orthologic-on,balanced,TIMEOUT,585,2141.124,164481.057,,,29870,9952500,28178,9885438,1060,26,,,,,,,false,
7426,starexec,NUM707+4.p,e4_orthologic-on,balanced,HARD_TIMEOUT,634,0.000,,,,,,,,,,,,,,,,false,
7426,starexec,NUM709+4.p,e4_orthologic-on,balanced,TIMEOUT,639,2342.780,164211.966,,,28482,11168010,27336,11106844,1150,26,,,,,,,false,
7426,starexec,NUM743+4.p,e4_orthologic-on,balanced,TIMEOUT,907,2299.122,164196.959,,,33761,8952170,29377,8902874,1664,26,,,,,,,false,
7426,starexec,NUM747+4.p,e4_orthologic-on,balanced,TIMEOUT,943,1738.964,164835.399,,,37368,9520412,33879,9464066,1735,26,,,,,,,false,
7426,starexec,NUM750+4.p,e4_orthologic-on,balanced,TIMEOUT,964,2589.461,164368.035,,,30465,8626430,28056,8569608,1773,26,,,,,,,false,
7426,starexec,NUM757+4.p,e4_orthologic-on,balanced,TIMEOUT,1012,2855.561,164137.547,,,37370,8235657,36347,8166711,1873,26,,,,,,,false,
7426,starexec,NUM783+4.p,e4_orthologic-on,balanced,TIMEOUT,1257,3111.904,164223.864,,,43023,7197761,33362,7136345,2365,26,,,,,,,false,
7426,starexec,NUM785+4.p,e4_orthologic-on,balanced,TIMEOUT,1274,2542.842,163846.028,,,39023,8566753,37997,8497629,2398,26,,,,,,,false,
7426,starexec,NUM786+4.p,e4_orthologic-on,balanced,HARD_TIMEOUT,1277,0.000,,,,,,,,,,,,,,,,false,
7426,starexec,NUM787+4.p,e4_orthologic-on,balanced,TIMEOUT,1280,3110.088,164024.525,,,33838,8210179,31934,8136907,2410,26,,,,,,,false,
7426,starexec,NUM789+4.p,e4_orthologic-on,balanced,HARD_TIMEOUT,1286,0.000,,,,,,,,,,,,,,,,false,
7426,starexec,NUM795+4.p,e4_orthologic-on,balanced,TIMEOUT,1411,3415.681,164014.068,,,32148,9843005,30942,9792700,2672,26,,,,,,,false,
7426,starexec,NUM796+4.p,e4_orthologic-on,balanced,TIMEOUT,1416,3238.355,164255.766,,,41028,7496430,39200,7429844,2683,26,,,,,,,false,
7426,starexec,NUM835+1.p,e4_orthologic-on,balanced,REFUTED,38,676.178,303.341,29.464,495.794,29,114,22,74,49,4,564,77436,1493,592,39,false,false,
7426,starexec,NUM840+1.p,e4_orthologic-on,balanced,REFUTED,38,749.115,7466.106,61.684,530.608,1981,359200,1941,354332,47,4,593,51591,1779,225,39,false,false,
7426,starexec,NUM853+2.p,e4_orthologic-on,balanced,REFUTED,36,833.366,2480.304,67.590,620.812,599,28158,580,27046,41,4,556,46752,1682,225,37,false,false,
7426,starexec,NUM859+1.p,e4_orthologic-on,balanced,TIMEOUT,13,522.271,165125.687,,,16480,19400987,15022,19356922,30,6,,,,,,,false,
7426,starexec,NUM860+1.p,e4_orthologic-on,balanced,TIMEOUT,13,493.913,165216.695,,,16774,23003966,15789,22962946,30,6,,,,,,,false,
7426,starexec,NUN054+1.p,e4_orthologic-on,balanced,REFUTED,18,1070.660,874.155,53.469,1702.906,589,5231,578,4433,59,20,721,433843,2779,1111,19,false,false,
7426,starexec,NUN054+2.p,e4_orthologic-on,balanced,REFUTED,11,895.347,349.927,63.356,1640.411,62,101,51,35,40,20,624,380252,2177,1111,12,false,false,
7426,starexec,NUN056+1.p,e4_orthologic-on,balanced,TIMEOUT,18,725.379,165106.382,,,41873,13019043,40428,12909629,59,20,,,,,,,false,
7426,starexec,NUN057+1.p,e4_orthologic-on,balanced,TIMEOUT,18,674.935,165906.084,,,44914,13656065,42771,13550567,59,20,,,,,,,false,
7426,starexec,NUN060+1.p,e4_orthologic-on,balanced,REFUTED,18,633.543,183.463,20.649,1025.278,48,137,44,85,59,20,673,387220,2756,1121,19,false,false,
7426,starexec,NUN062+1.p,e4_orthologic-on,balanced,REFUTED,18,1030.255,331.374,35.410,1760.762,75,237,53,151,60,22,707,444520,2708,1167,19,false,false,
7426,starexec,NUN065+1.p,e4_orthologic-on,balanced,REFUTED,18,784.382,2827.946,36.197,1303.846,3458,162143,2660,152849,63,24,832,561061,2849,1221,19,false,false,
7426,starexec,NUN066+1.p,e4_orthologic-on,balanced,REFUTED,18,1078.936,2942.416,51.553,2211.713,2242,81543,1625,76429,64,25,847,611861,2926,1294,19,false,false,
7426,starexec,NUN075+1.p,e4_orthologic-on,balanced,REFUTED,18,1046.833,3182.689,146.988,2273.195,2121,48815,2052,45143,59,20,1030,786796,3704,1349,19,false,false,
7426,starexec,NUN076+1.p,e4_orthologic-on,balanced,REFUTED,18,1215.298,471.565,60.593,1817.109,206,828,202,602,59,20,699,415008,2795,1123,19,false,false,
7426,starexec,NUN080+1.p,e4_orthologic-on,balanced,REFUTED,18,979.542,294.728,26.101,1706.806,43,123,40,77,59,20,646,361238,2673,1099,19,false,false,
7426,starexec,NUN082+1.p,e4_orthologic-on,balanced,REFUTED,18,1063.789,2862.370,63.074,1814.868,2312,80249,2034,75542,59,20,749,454048,2797,1094,19,false,false,
7426,starexec,NUN085+1.p,e4_orthologic-on,balanced,REFUTED,18,1093.092,22679.311,69.948,1871.868,12925,2291030,12039,2257829,64,25,839,624552,2825,1268,19,false,false,
7426,starexec,NUN086+1.p,e4_orthologic-on,balanced,REFUTED,18,1096.052,2972.213,60.848,1811.525,2343,70122,2081,65216,59,20,771,477049,2820,1100,19,false,false,
7426,starexec,PRD001+1.p,e4_orthologic-on,balanced,TIMEOUT,1614,2273.326,164534.872,,,59405,448351,50666,327525,1615,0,,,,,,,false,
7426,starexec,PRO011+1.p,e4_orthologic-on,balanced,REFUTED,48,858.099,484.556,40.613,1695.717,373,1532,323,1026,95,23,1126,762904,4583,1699,49,false,false,
7426,starexec,PUZ129+2.p,e4_orthologic-on,balanced,REFUTED,0,692.996,269.222,56.614,871.564,36,43,34,18,18,8,285,161668,1225,1403,1,false,false,
7426,starexec,PUZ133+1.p,e4_orthologic-on,balanced,TIMEOUT,9,441.778,165208.689,,,33707,11307401,31617,11151072,23,3,,,,,,,false,
7426,starexec,REL020+2.p,e4_orthologic-on,balanced,TIMEOUT,16,405.503,165122.472,,,3445,10879482,2478,10853896,18,2,,,,,,,false,
7426,starexec,REL021+1.p,e4_orthologic-on,balanced,TIMEOUT,13,390.919,165370.281,,,2241,11030974,1804,11005260,15,2,,,,,,,false,
7426,starexec,REL040+2.p,e4_orthologic-on,balanced,TIMEOUT,13,452.338,167006.664,,,2245,10556696,1943,10529944,15,3,,,,,,,false,
7426,starexec,SCT115+1.p,e4_orthologic-on,balanced,TIMEOUT,527,2928.248,164467.856,,,23663,10363845,20925,10319427,850,115,,,,,,,false,
7426,starexec,SCT117+1.p,e4_orthologic-on,balanced,TIMEOUT,527,2815.702,164198.636,,,22622,9893931,20477,9852169,854,116,,,,,,,false,
7426,starexec,SCT120+1.p,e4_orthologic-on,balanced,TIMEOUT,526,2807.375,164306.020,,,16751,9547649,14953,9504279,780,96,,,,,,,false,
7426,starexec,SCT123+1.p,e4_orthologic-on,balanced,HARD_TIMEOUT,528,0.000,,,,,,,,,,,,,,,,false,
7426,starexec,SCT124+1.p,e4_orthologic-on,balanced,TIMEOUT,528,3157.256,164252.982,,,14074,8241005,13345,8208355,790,104,,,,,,,false,
7426,starexec,SCT125+1.p,e4_orthologic-on,balanced,TIMEOUT,528,3142.099,164215.098,,,13263,8055713,12366,8026405,805,105,,,,,,,false,
7426,starexec,SCT155+1.p,e4_orthologic-on,balanced,TIMEOUT,528,3058.049,164399.631,,,23798,9779860,20321,9735912,807,110,,,,,,,false,
7426,starexec,SCT158+1.p,e4_orthologic-on,balanced,TIMEOUT,528,2786.008,164298.072,,,23843,10166648,21379,10121346,810,110,,,,,,,false,
7426,starexec,SCT170+3.p,e4_orthologic-on,balanced,HARD_TIMEOUT,1578,0.000,,,,,,,,,,,,,,,,false,
7426,starexec,SET017+1.p,e4_orthologic-on,balanced,REFUTED,43,1212.791,775.402,59.032,1079.085,198,937,177,711,93,10,731,205486,2610,657,44,false,false,
7426,starexec,SET101+1.p,e4_orthologic-on,balanced,REFUTED,43,922.201,886.239,52.075,832.832,352,4185,329,3661,90,9,696,139533,2500,486,44,false,false,
7426,starexec,SET716+4.p,e4_orthologic-on,balanced,TIMEOUT,28,1429.693,165158.272,,,28432,11734226,26839,11686992,147,53,,,,,,,false,
7426,starexec,SET733+4.p,e4_orthologic-on,balanced,TIMEOUT,28,1392.407,165139.108,,,31972,13837147,30662,13783815,146,52,,,,,,,false,
7426,starexec,SET817+4.p,e4_orthologic-on,balanced,TIMEOUT,22,762.768,165177.813,,,24575,12812861,24165,12768889,71,16,,,,,,,false,
7426,starexec,SET964+1.p,e4_orthologic-on,balanced,REFUTED,12,778.958,406.957,34.182,1119.221,82,333,70,239,29,13,509,230587,1793,1224,13,false,false,
7426,starexec,SEU269+1.p,e4_orthologic-on,balanced,TIMEOUT,51,673.596,165181.851,,,1537,1445081,1501,1441779,90,18,,,,,,,false,
7426,starexec,SEU427+4.p,e4_orthologic-on,balanced,HARD_TIMEOUT,71107,0.000,,,,,,,,,,,,,,,,false,
7426,starexec,SEU440+4.p,e4_orthologic-on,balanced,HARD_TIMEOUT,71133,0.000,,,,,,,,,,,,,,,,false,
7426,starexec,SEV522+1.p,e4_orthologic-on,balanced,TIMEOUT,19,833.291,165150.558,,,23737,13889045,23701,13853579,87,31,,,,,,,false,
7426,starexec,SEV563+1.p,e4_orthologic-on,balanced,HARD_TIMEOUT,25,0.000,,,,,,,,,,,,,,,,false,
7426,starexec,SEV569+1.p,e4_orthologic-on,balanced,REFUTED,25,1179.020,1853.680,82.282,1667.652,910,19829,843,18555,80,17,922,422949,2625,955,26,false,false,
7426,starexec,SEV581+1.p,e4_orthologic-on,balanced,TIMEOUT,25,710.036,165129.328,,,19434,12398978,18492,12344450,80,17,,,,,,,false,
7426,starexec,SEV606+1.p,e4_orthologic-on,balanced,HARD_TIMEOUT,1727,0.000,,,,,,,,,,,,,,,,false,
7426,starexec,SEV607+1.p,e4_orthologic-on,balanced,HARD_TIMEOUT,2360,0.000,,,,,,,,,,,,,,,,false,
7426,starexec,SEV608+1.p,e4_orthologic-on,balanced,HARD_TIMEOUT,2867,0.000,,,,,,,,,,,,,,,,false,
7426,starexec,SEV609+1.p,e4_orthologic-on,balanced,HARD_TIMEOUT,2900,0.000,,,,,,,,,,,,,,,,false,
7426,starexec,SEV610+1.p,e4_orthologic-on,balanced,HARD_TIMEOUT,2777,0.000,,,,,,,,,,,,,,,,false,
7426,starexec,SEV612+1.p,e4_orthologic-on,balanced,HARD_TIMEOUT,2852,0.000,,,,,,,,,,,,,,,,false,
7426,starexec,SEV616+1.p,e4_orthologic-on,balanced,HARD_TIMEOUT,2862,0.000,,,,,,,,,,,,,,,,false,
7426,starexec,SEV618+1.p,e4_orthologic-on,balanced,HARD_TIMEOUT,2435,0.000,,,,,,,,,,,,,,,,false,
7426,starexec,SEV620+1.p,e4_orthologic-on,balanced,HARD_TIMEOUT,2723,0.000,,,,,,,,,,,,,,,,false,
7426,starexec,SEV621+1.p,e4_orthologic-on,balanced,HARD_TIMEOUT,2708,0.000,,,,,,,,,,,,,,,,false,
7426,starexec,SEV622+1.p,e4_orthologic-on,balanced,HARD_TIMEOUT,2761,0.000,,,,,,,,,,,,,,,,false,
7426,starexec,SEV625+1.p,e4_orthologic-on,balanced,HARD_TIMEOUT,2847,0.000,,,,,,,,,,,,,,,,false,
7426,starexec,SEV626+1.p,e4_orthologic-on,balanced,HARD_TIMEOUT,2838,0.000,,,,,,,,,,,,,,,,false,
7426,starexec,SEV627+1.p,e4_orthologic-on,balanced,HARD_TIMEOUT,2813,0.000,,,,,,,,,,,,,,,,false,
7426,starexec,SEV629+1.p,e4_orthologic-on,balanced,HARD_TIMEOUT,2962,0.000,,,,,,,,,,,,,,,,false,
7426,starexec,SEV630+1.p,e4_orthologic-on,balanced,HARD_TIMEOUT,2559,0.000,,,,,,,,,,,,,,,,false,
7426,starexec,SEV631+1.p,e4_orthologic-on,balanced,HARD_TIMEOUT,3117,0.000,,,,,,,,,,,,,,,,false,
7426,starexec,SEV634+1.p,e4_orthologic-on,balanced,HARD_TIMEOUT,2534,0.000,,,,,,,,,,,,,,,,false,
7426,starexec,SEV636+1.p,e4_orthologic-on,balanced,CLAUSIFY_ERR(StackOverflowError),2935,3536.537,,,,,,,,,,,,,,,,false,
7426,starexec,SEV637+1.p,e4_orthologic-on,balanced,HARD_TIMEOUT,2981,0.000,,,,,,,,,,,,,,,,false,
7426,starexec,SEV640+1.p,e4_orthologic-on,balanced,HARD_TIMEOUT,2766,0.000,,,,,,,,,,,,,,,,false,
7426,starexec,SEV641+1.p,e4_orthologic-on,balanced,HARD_TIMEOUT,3078,0.000,,,,,,,,,,,,,,,,false,
7426,starexec,SEV643+1.p,e4_orthologic-on,balanced,HARD_TIMEOUT,2960,0.000,,,,,,,,,,,,,,,,false,
7426,starexec,SEV644+1.p,e4_orthologic-on,balanced,HARD_TIMEOUT,2363,0.000,,,,,,,,,,,,,,,,false,
7426,starexec,SEV645+1.p,e4_orthologic-on,balanced,HARD_TIMEOUT,1984,0.000,,,,,,,,,,,,,,,,false,
7426,starexec,SEV646+1.p,e4_orthologic-on,balanced,HARD_TIMEOUT,3067,0.000,,,,,,,,,,,,,,,,false,
7426,starexec,SEV650+1.p,e4_orthologic-on,balanced,HARD_TIMEOUT,3015,0.000,,,,,,,,,,,,,,,,false,
7426,starexec,SEV651+1.p,e4_orthologic-on,balanced,HARD_TIMEOUT,2743,0.000,,,,,,,,,,,,,,,,false,
7426,starexec,SEV655+1.p,e4_orthologic-on,balanced,EXHAUSTED,3248,13688.935,137790.256,,,0,0,0,0,8049,2472,,,,,,,false,OutOfMemoryError: Java heap space at Arrays.copyOf:3623
7426,starexec,SEV656+1.p,e4_orthologic-on,balanced,HARD_TIMEOUT,3041,0.000,,,,,,,,,,,,,,,,false,
7426,starexec,SEV657+1.p,e4_orthologic-on,balanced,HARD_TIMEOUT,3067,0.000,,,,,,,,,,,,,,,,false,
7426,starexec,SEV658+1.p,e4_orthologic-on,balanced,HARD_TIMEOUT,3118,0.000,,,,,,,,,,,,,,,,false,
7426,starexec,SEV660+1.p,e4_orthologic-on,balanced,HARD_TIMEOUT,2689,0.000,,,,,,,,,,,,,,,,false,
7426,starexec,SEV661+1.p,e4_orthologic-on,balanced,HARD_TIMEOUT,2456,0.000,,,,,,,,,,,,,,,,false,
7426,starexec,SEV667+1.p,e4_orthologic-on,balanced,HARD_TIMEOUT,2862,0.000,,,,,,,,,,,,,,,,false,
7426,starexec,SEV668+1.p,e4_orthologic-on,balanced,HARD_TIMEOUT,2820,0.000,,,,,,,,,,,,,,,,false,
7426,starexec,SEV671+1.p,e4_orthologic-on,balanced,HARD_TIMEOUT,2497,0.000,,,,,,,,,,,,,,,,false,
7426,starexec,SEV673+1.p,e4_orthologic-on,balanced,HARD_TIMEOUT,2701,0.000,,,,,,,,,,,,,,,,false,
7426,starexec,SEV675+1.p,e4_orthologic-on,balanced,HARD_TIMEOUT,3187,0.000,,,,,,,,,,,,,,,,false,
7426,starexec,SEV676+1.p,e4_orthologic-on,balanced,HARD_TIMEOUT,3004,0.000,,,,,,,,,,,,,,,,false,
7426,starexec,SEV677+1.p,e4_orthologic-on,balanced,HARD_TIMEOUT,3185,0.000,,,,,,,,,,,,,,,,false,
7426,starexec,SEV678+1.p,e4_orthologic-on,balanced,HARD_TIMEOUT,2924,0.000,,,,,,,,,,,,,,,,false,
7426,starexec,SEV679+1.p,e4_orthologic-on,balanced,HARD_TIMEOUT,3356,0.000,,,,,,,,,,,,,,,,false,
7426,starexec,SWB012+1.p,e4_orthologic-on,balanced,TIMEOUT,559,3185.778,164778.068,,,55215,7579751,54420,7487829,1308,270,,,,,,,false,
7426,starexec,SWB013+2.p,e4_orthologic-on,balanced,REFUTED,8,1123.352,119424.056,67.339,2313.273,26332,5760811,25963,5711730,56,17,658,799086,3413,3131,9,false,false,
7426,starexec,SWB017+1.p,e4_orthologic-on,balanced,HARD_TIMEOUT,559,0.000,,,,,,,,,,,,,,,,false,
7426,starexec,SWB020+1.p,e4_orthologic-on,balanced,TIMEOUT,559,3621.307,164895.673,,,62081,6352481,61159,6248377,1310,273,,,,,,,false,
7426,starexec,SWB021+2.p,e4_orthologic-on,balanced,REFUTED,7,1476.937,9921.594,89.671,4275.925,4659,258172,4079,246625,69,19,863,1641683,3936,4096,8,false,false,
7426,starexec,SWB023+1.p,e4_orthologic-on,balanced,HARD_TIMEOUT,559,0.000,,,,,,,,,,,,,,,,false,
7426,starexec,SWB027+1.p,e4_orthologic-on,balanced,TIMEOUT,559,2964.887,164782.931,,,61624,6165384,60790,6061242,1301,269,,,,,,,false,
7426,starexec,SWB032+1.p,e4_orthologic-on,balanced,TIMEOUT,558,3042.416,164791.738,,,62474,6208538,61511,6102480,1295,266,,,,,,,false,
7426,starexec,SWB040+1.p,e4_orthologic-on,balanced,TIMEOUT,559,3425.651,164857.276,,,57299,6126558,56539,6029810,1298,266,,,,,,,false,
7426,starexec,SWB042+1.p,e4_orthologic-on,balanced,TIMEOUT,559,3198.105,164762.103,,,68979,6294982,67159,6190561,1310,272,,,,,,,false,
7426,starexec,SWB046+1.p,e4_orthologic-on,balanced,HARD_TIMEOUT,559,0.000,,,,,,,,,,,,,,,,false,
7426,starexec,SWB047+1.p,e4_orthologic-on,balanced,TIMEOUT,559,3134.953,164645.237,,,59118,6096006,58281,5995952,1297,266,,,,,,,false,
7426,starexec,SWB053+1.p,e4_orthologic-on,balanced,HARD_TIMEOUT,559,0.000,,,,,,,,,,,,,,,,false,
7426,starexec,SWB055+1.p,e4_orthologic-on,balanced,TIMEOUT,559,3173.299,164778.803,,,64015,5934955,62529,5827448,1301,269,,,,,,,false,
7426,starexec,SWB063+1.p,e4_orthologic-on,balanced,TIMEOUT,559,3200.287,164759.610,,,57305,6929165,56515,6833466,1301,268,,,,,,,false,
7426,starexec,SWB068+1.p,e4_orthologic-on,balanced,TIMEOUT,559,3056.748,164765.897,,,60447,6875842,57744,6773964,1304,269,,,,,,,false,
7426,starexec,SWB073+1.p,e4_orthologic-on,balanced,HARD_TIMEOUT,559,0.000,,,,,,,,,,,,,,,,false,
7426,starexec,SWB090+1.p,e4_orthologic-on,balanced,TIMEOUT,559,3433.965,164786.594,,,53815,8049617,53258,7957157,1302,266,,,,,,,false,
7426,starexec,SWB091+1.p,e4_orthologic-on,balanced,TIMEOUT,559,3061.765,164753.308,,,53997,7620319,53292,7529141,1308,270,,,,,,,false,
7426,starexec,SWB093+1.p,e4_orthologic-on,balanced,TIMEOUT,559,3712.021,164814.405,,,51798,7888228,51227,7799722,1301,266,,,,,,,false,
7426,starexec,SWB095+1.p,e4_orthologic-on,balanced,TIMEOUT,559,3451.466,164752.173,,,54407,8251050,53818,8157800,1302,266,,,,,,,false,
7426,starexec,SWB099+1.p,e4_orthologic-on,balanced,TIMEOUT,559,3116.170,164793.735,,,57446,7006663,56834,6908921,1300,266,,,,,,,false,
7426,starexec,SWB103+1.p,e4_orthologic-on,balanced,TIMEOUT,559,3196.224,164778.699,,,54612,8322802,53956,8230612,1309,268,,,,,,,false,
7426,starexec,SWC012+1.p,e4_orthologic-on,balanced,REFUTED,95,2792.827,7380.172,63.751,16685.156,8117,189073,7952,179235,211,62,2862,5663563,10649,5024,96,false,false,
7426,starexec,SWV014+1.p,e4_orthologic-on,balanced,REFUTED,28,575.831,266.030,51.628,295.784,63,82,61,38,38,0,316,17558,1441,227,29,false,false,
7426,starexec,SWV041+1.p,e4_orthologic-on,balanced,REFUTED,99,1756.022,532.702,42.829,4900.880,163,791,139,603,178,42,1888,3089522,7348,3684,100,false,false,
7426,starexec,SWV114+1.p,e4_orthologic-on,balanced,TIMEOUT,101,1093.536,164966.011,,,42545,10892223,41740,10801383,199,52,,,,,,,false,
7426,starexec,SWV203+1.p,e4_orthologic-on,balanced,TIMEOUT,91,1236.060,166292.781,,,35248,18013886,33601,17896842,203,42,,,,,,,false,
7426,starexec,SWV234+1.p,e4_orthologic-on,balanced,TIMEOUT,25,399.012,165330.888,,,7071,11391428,6410,11351326,26,0,,,,,,,false,
7426,starexec,SWV234+2.p,e4_orthologic-on,balanced,REFUTED,21,420.929,70979.400,74.039,200.563,1246,4897792,1199,4882271,22,0,288,9305,693,111,22,false,false,
7426,starexec,SWV390+1.p,e4_orthologic-on,balanced,REFUTED,42,846.274,429.922,44.771,764.209,100,311,98,177,55,6,619,104466,2572,459,43,false,false,
7426,starexec,SWV406+1.p,e4_orthologic-on,balanced,REFUTED,41,1151.604,3367.040,91.878,1687.896,768,42735,577,40609,58,10,870,517352,3309,3007,42,false,false,
7426,starexec,SWV453+1.p,e4_orthologic-on,balanced,TIMEOUT,66,938.715,167482.425,,,19357,23476603,17248,23363515,127,13,,,,,,,false,
7426,starexec,SWV454+1.p,e4_orthologic-on,balanced,TIMEOUT,66,961.883,165059.187,,,14721,24101444,13821,24032380,124,12,,,,,,,false,
7426,starexec,SWV467+1.p,e4_orthologic-on,balanced,TIMEOUT,66,1223.635,165193.927,,,16054,21346467,14661,21242403,137,14,,,,,,,false,
7426,starexec,SWV473+1.p,e4_orthologic-on,balanced,TIMEOUT,66,1108.449,165101.875,,,15478,19806172,14397,19681408,124,14,,,,,,,false,
7426,starexec,SWV474+1.p,e4_orthologic-on,balanced,TIMEOUT,66,1104.787,164987.857,,,16081,21540293,15090,21428475,130,14,,,,,,,false,
7426,starexec,SWV479+1.p,e4_orthologic-on,balanced,TIMEOUT,66,1291.070,164950.850,,,16884,22393715,15548,22277803,140,15,,,,,,,false,
7426,starexec,SWV487+3.p,e4_orthologic-on,balanced,HARD_TIMEOUT,12,0.000,,,,,,,,,,,,,,,,false,
7426,starexec,SWV488+3.p,e4_orthologic-on,balanced,REFUTED,12,560.792,287.947,45.291,391.858,26,62,21,35,24,3,254,41893,905,553,13,false,false,
7426,starexec,SWW102+1.p,e4_orthologic-on,balanced,TIMEOUT,44,659.745,165057.649,,,5685,12690547,5512,12674227,83,10,,,,,,,false,
7426,starexec,SWW186+1.p,e4_orthologic-on,balanced,TIMEOUT,1181,2886.196,165008.984,,,26293,14421504,24273,14313040,1550,28,,,,,,,false,
7426,starexec,SWW278+1.p,e4_orthologic-on,balanced,TIMEOUT,1199,3093.791,163892.890,,,26954,12251536,24773,12155844,1566,34,,,,,,,false,
7426,starexec,SWW279+1.p,e4_orthologic-on,balanced,TIMEOUT,1213,3000.667,163979.918,,,26094,10425205,23547,10336847,1618,33,,,,,,,false,
7426,starexec,SWW298+1.p,e4_orthologic-on,balanced,HARD_TIMEOUT,5224,0.000,,,,,,,,,,,,,,,,false,
7426,starexec,SWW350+1.p,e4_orthologic-on,balanced,HARD_TIMEOUT,5228,0.000,,,,,,,,,,,,,,,,false,
7426,starexec,SWW374+1.p,e4_orthologic-on,balanced,HARD_TIMEOUT,5248,0.000,,,,,,,,,,,,,,,,false,
7426,starexec,SWW394+1.p,e4_orthologic-on,balanced,HARD_TIMEOUT,5223,0.000,,,,,,,,,,,,,,,,false,
7426,starexec,SWW470+5.p,e4_orthologic-on,balanced,REFUTED,162,3660.509,15977.704,76.213,14055.425,2581,327131,1879,320519,235,50,3200,12315125,20551,9883,163,false,false,
7426,starexec,SWW473+2.p,e4_orthologic-on,balanced,HARD_TIMEOUT,916,0.000,,,,,,,,,,,,,,,,false,
7426,starexec,SWW473+6.p,e4_orthologic-on,balanced,REFUTED,608,8466.593,4552.882,97.444,81310.457,1473,42925,1333,40333,832,83,9571,34757035,52286,10488,609,false,false,
7426,starexec,SWW474+3.p,e4_orthologic-on,balanced,HARD_TIMEOUT,1440,0.000,,,,,,,,,,,,,,,,false,
7426,starexec,SWW937+1.p,e4_orthologic-on,balanced,TIMEOUT,28,1057.277,165462.101,,,9632,11650293,9140,11615169,95,19,,,,,,,false,
7426,starexec,SWW961+1.p,e4_orthologic-on,balanced,REFUTED,176,842.507,513.411,79.691,399.760,193,240,185,177,177,0,1119,25525,2587,207,177,false,false,
7426,starexec,SWX051+1.p,e4_orthologic-on,balanced,TIMEOUT,292,2235.311,164843.036,,,42711,14671675,36506,14561543,527,151,,,,,,,false,
7426,starexec,SWX185+1.p,e4_orthologic-on,balanced,TIMEOUT,40,383.946,165327.007,,,3749,6648816,3685,6641560,41,0,,,,,,,false,
7426,starexec,SWX187+1.p,e4_orthologic-on,balanced,REFUTED,16,468.107,4488.123,125.973,337.685,1411,25793,1347,21673,18,0,376,41234,1113,275,17,false,false,
7426,starexec,SWX189+1.p,e4_orthologic-on,balanced,TIMEOUT,53,489.989,165123.149,,,7094,7249091,6905,7227927,54,0,,,,,,,false,
7426,starexec,SWX194+1.p,e4_orthologic-on,balanced,TIMEOUT,71,536.682,165005.213,,,7788,9702237,7669,9684557,71,0,,,,,,,false,
7426,starexec,SWX197+1.p,e4_orthologic-on,balanced,TIMEOUT,73,541.856,165060.667,,,5952,8204515,5299,8185315,74,0,,,,,,,false,
7426,starexec,SWX199+1.p,e4_orthologic-on,balanced,REFUTED,12,473.768,2893.444,90.143,234.127,127,36660,109,35903,14,0,255,19157,705,132,13,false,false,
7426,starexec,SWX200+1.p,e4_orthologic-on,balanced,REFUTED,15,427.741,236.870,33.702,181.044,16,23,14,19,19,0,175,8160,525,143,16,false,false,
7426,starexec,SWX201+1.p,e4_orthologic-on,balanced,TIMEOUT,28,417.708,165402.071,,,2347,4185850,2243,4181450,30,0,,,,,,,false,
7426,starexec,SWX202+1.p,e4_orthologic-on,balanced,TIMEOUT,28,401.854,165438.604,,,2518,4408431,2426,4403149,30,0,,,,,,,false,
7426,starexec,SWX203+1.p,e4_orthologic-on,balanced,REFUTED,21,493.420,3859.480,166.441,337.222,1676,26823,1429,21678,29,0,586,39030,1015,143,22,false,false,
7426,starexec,SWX209+1.p,e4_orthologic-on,balanced,TIMEOUT,49,551.407,165258.244,,,5354,7586337,5018,7567653,56,0,,,,,,,false,
7426,starexec,SWX210+1.p,e4_orthologic-on,balanced,TIMEOUT,49,501.955,165124.860,,,4432,7191247,3966,7176419,56,0,,,,,,,false,
7426,starexec,SWX211+1.p,e4_orthologic-on,balanced,TIMEOUT,49,508.325,165116.519,,,5012,7145268,4783,7128210,56,0,,,,,,,false,
7426,starexec,SWX212+1.p,e4_orthologic-on,balanced,TIMEOUT,49,466.203,165135.744,,,8994,8372021,8716,8353899,57,0,,,,,,,false,
7426,starexec,SWX217+1.p,e4_orthologic-on,balanced,TIMEOUT,23,330.549,165232.852,,,9511,7390095,8041,7364565,25,0,,,,,,,false,
7426,starexec,SWX219+1.p,e4_orthologic-on,balanced,REFUTED,31,474.476,8184.046,68.538,246.259,5674,18117,5637,9783,36,0,382,20060,1247,181,32,false,false,
7426,starexec,SWX220+1.p,e4_orthologic-on,balanced,REFUTED,31,518.494,4811.791,76.559,297.020,3021,9827,3011,5689,36,0,385,20310,1258,194,32,false,false,
7426,starexec,SWX221+1.p,e4_orthologic-on,balanced,REFUTED,35,538.264,3237.796,90.708,312.020,2546,5654,2535,2770,43,0,457,25954,1470,181,36,false,false,
7426,starexec,SWX222+1.p,e4_orthologic-on,balanced,REFUTED,35,517.703,555.435,61.209,245.215,211,357,204,126,43,0,373,16776,1271,181,36,false,false,
7426,starexec,SWX223+1.p,e4_orthologic-on,balanced,REFUTED,35,539.157,678.673,76.692,276.399,302,604,296,272,43,0,433,23027,1408,181,36,false,false,
7426,starexec,SWX224+1.p,e4_orthologic-on,balanced,REFUTED,31,567.074,1201.835,69.096,281.131,674,1873,670,993,36,0,358,16848,1171,181,32,false,false,
7426,starexec,SWX240_1.p,e4_orthologic-on,balanced,REFUTED,56,665.026,6683.071,98.755,368.232,1115,129735,1042,127365,70,0,643,46372,1982,142,57,false,false,
7426,starexec,SWX241_1.p,e4_orthologic-on,balanced,TIMEOUT,64,363.004,165477.114,,,28133,10103124,26051,10016582,79,0,,,,,,,false,
7426,starexec,SYN076+1.p,e4_orthologic-on,balanced,TIMEOUT,1,624.275,165511.691,,,2128,5204538,1959,5197326,31,18,,,,,,,false,
7426,starexec,SYN077+1.p,e4_orthologic-on,balanced,REFUTED,1,517.529,288.360,43.205,604.999,48,91,32,25,7,5,208,71516,628,881,2,false,false,
7426,starexec,SYN353+1.p,e4_orthologic-on,balanced,REFUTED,0,825.798,339.688,67.830,1676.113,75,254,39,51,19,3,251,325621,1076,9570,1,false,false,
7426,starexec,SYN986+1.004.p,e4_orthologic-on,balanced,EXHAUSTED,2,350.059,408.707,,,0,0,0,0,3,0,,,,,,,false,StackOverflowError:  at Core$Trail$Applier.apply:975
7426,starexec,SYO525+1.018.p,e4_orthologic-on,balanced,TIMEOUT,29,672.099,164780.950,,,58697,58707,58697,30,30,0,,,,,,,false,
7426,starexec,SYO525+1.021.p,e4_orthologic-on,balanced,TIMEOUT,29,801.543,164970.962,,,61535,61542,61535,30,30,0,,,,,,,false,
7426,starexec,SYO525+1.024.p,e4_orthologic-on,balanced,TIMEOUT,29,807.145,164817.811,,,66678,66682,66678,30,30,0,,,,,,,false,
7426,starexec,SYO525+1.027.p,e4_orthologic-on,balanced,TIMEOUT,29,880.979,164874.198,,,61604,61605,61604,30,30,0,,,,,,,false,
7426,starexec,SYO525+1.030.p,e4_orthologic-on,balanced,TIMEOUT,32,855.613,164908.734,,,60313,60314,60313,33,33,0,,,,,,,false,
7426,starexec,SYO605+1.p,e4_orthologic-on,balanced,REFUTED,4,1019.009,5347.430,151.864,3066.480,5211,93798,3739,65285,48,14,916,1176171,2140,2275,5,false,false,
7426,starexec,TOP020+1.p,e4_orthologic-on,balanced,TIMEOUT,8,554.480,165205.266,,,56941,504984,55881,432718,27,11,,,,,,,false,
7426,starexec,TOP029+1.p,e4_orthologic-on,balanced,TIMEOUT,108,1116.199,164816.955,,,44754,1212608,41835,1061523,306,48,,,,,,,false,
7426,starexec,TOP046+3.p,e4_orthologic-on,balanced,HARD_TIMEOUT,18710,0.000,,,,,,,,,,,,,,,,false,
7426,starexec,AGT007+2.p,e5_sine-off,balanced,TIMEOUT,922,474.039,165153.098,,,38116,6593974,37863,6542958,1022,13,,,,,,,false,
7426,starexec,AGT022+1.p,e5_sine-off,balanced,TIMEOUT,555,669.764,164531.043,,,35920,177619,31031,130149,655,13,,,,,,,false,
7426,starexec,ALG040+1.p,e5_sine-off,balanced,REFUTED,4,449.207,1226.189,68.991,427.797,928,7216,919,6132,12,2,219,40643,602,388,5,false,false,
7426,starexec,ALG213+1.p,e5_sine-off,balanced,TIMEOUT,4,331.556,165279.309,,,1211,11001423,1119,10994565,5,5,,,,,,,false,
7426,starexec,BIO006+1.p,e5_sine-off,balanced,PARSE_ERR,,0.000,,,,,,,,,,,,,,,,false,StackOverflowError
7426,starexec,COM008+1.p,e5_sine-off,balanced,TIMEOUT,10,354.447,165302.431,,,21768,14392059,21422,14358651,15,3,,,,,,,false,
7426,starexec,COM008+2.p,e5_sine-off,balanced,TIMEOUT,8,273.569,165370.213,,,16738,6953901,15551,6922015,13,3,,,,,,,false,
7426,starexec,COM131+1.p,e5_sine-off,balanced,TIMEOUT,59,1299.873,165060.865,,,18117,8545192,17518,8515886,157,95,,,,,,,false,
7426,starexec,COM136+1.p,e5_sine-off,balanced,REFUTED,56,2177.342,694.679,59.556,23488.368,544,2432,452,1719,152,94,2939,13637390,17792,9820,57,false,false,
7426,starexec,COM139+1.p,e5_sine-off,balanced,TIMEOUT,55,1331.459,165054.761,,,6813,10368715,6178,10350781,152,94,,,,,,,false,
7426,starexec,CSR005+2.p,e5_sine-off,balanced,TIMEOUT,55,584.434,165050.944,,,40795,8754311,38023,8643241,120,18,,,,,,,false,
7426,starexec,CSR021+1.p,e5_sine-off,balanced,REFUTED,47,1208.237,2208.275,70.472,5249.658,1183,25392,1156,21337,137,21,1040,664001,4515,1464,48,false,false,
7426,starexec,CSR022+1.p,e5_sine-off,balanced,REFUTED,47,1158.729,1905.499,76.940,5097.336,1182,24945,1163,21033,137,21,1037,662932,4511,1464,48,false,false,
7426,starexec,CSR025+5.p,e5_sine-off,balanced,HARD_TIMEOUT,540249,0.000,,,,,,,,,,,,,,,,false,
7426,starexec,CSR030+3.p,e5_sine-off,balanced,REFUTED,8005,2750.217,51955.353,98.771,4666.114,30323,85148,29204,44547,8007,0,44051,1238415,103763,89,8006,false,false,
7426,starexec,CSR033+3.p,e5_sine-off,balanced,REFUTED,8005,3176.107,72961.497,162.490,5518.502,34396,182704,33748,134822,8007,0,44079,1339440,103767,89,8006,false,false,
7426,starexec,CSR036+5.p,e5_sine-off,balanced,HARD_TIMEOUT,540249,0.000,,,,,,,,,,,,,,,,false,
7426,starexec,CSR038+4.p,e5_sine-off,balanced,HARD_TIMEOUT,44216,0.000,,,,,,,,,,,,,,,,false,
7426,starexec,CSR042+3.p,e5_sine-off,balanced,REFUTED,8005,3365.794,10366.705,178.030,5619.833,11322,20411,11258,8007,8007,0,44041,1238170,103750,89,8006,false,false,
7426,starexec,CSR044+3.p,e5_sine-off,balanced,REFUTED,8005,3121.358,49434.111,149.317,5900.002,28869,83415,28433,44500,8007,0,44067,1439544,103800,89,8006,false,false,
7426,starexec,CSR045+3.p,e5_sine-off,balanced,REFUTED,8005,3205.250,3977.245,159.054,5632.711,5306,11024,5302,8006,8006,0,44064,1004693,103756,89,8006,false,false,
7426,starexec,CSR048+3.p,e5_sine-off,balanced,REFUTED,8005,3086.038,45501.097,144.460,5781.600,29094,83500,28899,44435,8007,0,44043,1238212,103749,89,8006,false,false,
7426,starexec,CSR050+5.p,e5_sine-off,balanced,KILLED,,0.000,,,,,,,,,,,,,,,,false,killed before finishing
7426,starexec,CSR052+3.p,e5_sine-off,balanced,TIMEOUT,8005,2413.072,163705.361,,,50000,262193,45780,181820,8007,0,,,,,,,false,
7426,starexec,CSR054+3.p,e5_sine-off,balanced,REFUTED,8005,3238.262,4054.488,144.960,5686.733,5183,10962,5179,8007,8007,0,44037,1438507,103741,89,8006,false,false,
7426,starexec,CSR056+3.p,e5_sine-off,balanced,REFUTED,8005,2826.049,45428.971,86.743,3477.436,29056,83608,28551,44412,8007,0,44057,1238544,103754,89,8006,false,false,
7426,starexec,CSR058+3.p,e5_sine-off,balanced,REFUTED,8005,4147.315,1795.492,218.416,7868.343,689,8015,689,8007,8007,0,44037,1438501,103742,89,8006,false,false,
7426,starexec,CSR066+5.p,e5_sine-off,balanced,HARD_TIMEOUT,540249,0.000,,,,,,,,,,,,,,,,false,
7426,starexec,CSR067+3.p,e5_sine-off,balanced,REFUTED,8005,3401.782,10539.698,193.877,5908.570,11314,20399,11250,8007,8007,0,44041,1238170,103750,89,8006,false,false,
7426,starexec,CSR113+13.p,e5_sine-off,balanced,TIMEOUT,10188,2137.978,164047.167,,,54604,266931,54566,212275,10593,79,,,,,,,false,
7426,starexec,CSR113+30.p,e5_sine-off,balanced,TIMEOUT,10188,2089.469,164089.267,,,53962,337229,53946,283224,10559,79,,,,,,,false,
7426,starexec,CSR113+4.p,e5_sine-off,balanced,TIMEOUT,10188,2046.176,164162.058,,,55534,336036,55519,280464,10564,79,,,,,,,false,
7426,starexec,CSR114+8.p,e5_sine-off,balanced,TIMEOUT,10188,3084.106,163758.916,,,51105,313135,51090,261984,10478,79,,,,,,,false,
7426,starexec,CSR115+8.p,e5_sine-off,balanced,TIMEOUT,10188,2171.546,163775.233,,,56814,280511,56807,223679,10631,79,,,,,,,false,
7426,starexec,CSR116+10.p,e5_sine-off,balanced,TIMEOUT,10188,2101.995,163842.885,,,53853,333520,53841,279656,10739,79,,,,,,,false,
7426,starexec,CSR116+13.p,e5_sine-off,balanced,REFUTED,10188,16794.660,10431.896,142.451,50264.675,13701,107063,13541,93354,10594,79,53838,134029576,54000,6739,10189,false,false,
7426,starexec,CSR116+19.p,e5_sine-off,balanced,REFUTED,10188,28596.380,16157.764,162.768,97617.099,17855,144362,16353,126485,10671,79,53915,134412551,54325,7335,10189,false,false,
7426,starexec,CSR116+3.p,e5_sine-off,balanced,TIMEOUT,10188,2067.315,163896.616,,,56470,276798,56362,220233,10689,79,,,,,,,false,
7426,starexec,CSR116+38.p,e5_sine-off,balanced,TIMEOUT,10188,2153.170,163948.835,,,55244,342350,55241,287084,10654,79,,,,,,,false,
7426,starexec,CSR116+8.p,e5_sine-off,balanced,TIMEOUT,10188,2211.125,163946.230,,,60721,299469,60706,238735,10748,79,,,,,,,false,
7426,starexec,CSR117+1.p,e5_sine-off,balanced,REFUTED,268,913.049,1288.870,103.923,1780.037,856,1354,843,624,270,17,1632,440427,2138,563,269,false,false,
7426,starexec,CSR208+1.p,e5_sine-off,balanced,HARD_TIMEOUT,7432,0.000,,,,,,,,,,,,,,,,false,
7426,starexec,GEO085+1.p,e5_sine-off,balanced,REFUTED,16,865.001,361.911,63.775,2028.754,65,126,61,58,56,17,684,329282,2900,1406,17,false,false,
7426,starexec,GEO087+1.p,e5_sine-off,balanced,REFUTED,16,813.105,415.757,42.956,1966.513,105,245,102,124,56,19,691,336523,2894,1417,17,false,false,
7426,starexec,GEO089+1.p,e5_sine-off,balanced,TIMEOUT,16,568.016,165143.869,,,19957,13283083,19255,13233139,57,19,,,,,,,false,
7426,starexec,GEO093+1.p,e5_sine-off,balanced,REFUTED,16,890.849,3489.252,70.361,2194.578,1363,97552,1327,95198,59,20,771,465317,3094,1585,17,false,false,
7426,starexec,GEO095+1.p,e5_sine-off,balanced,TIMEOUT,16,587.296,165226.290,,,16780,13212112,14199,13146320,57,19,,,,,,,false,
7426,starexec,GEO111+1.p,e5_sine-off,balanced,REFUTED,17,695.020,2597.326,54.368,1719.778,1274,122284,1234,120014,64,22,827,594367,3583,1819,18,false,false,
7426,starexec,GEO117+1.p,e5_sine-off,balanced,REFUTED,27,1186.380,1137.407,40.621,5110.348,575,6687,474,5847,113,34,1255,1095974,5908,2245,28,false,false,
7426,starexec,GEO138+1.p,e5_sine-off,balanced,TIMEOUT,27,710.213,165135.196,,,18526,13100209,17964,13060989,116,36,,,,,,,false,
7426,starexec,GEO260+1.p,e5_sine-off,balanced,REFUTED,31,695.644,21073.967,125.003,1559.495,5401,1886051,4611,1873779,70,7,804,325407,2515,864,32,false,false,
7426,starexec,GEO274+1.p,e5_sine-off,balanced,TIMEOUT,116,1730.909,164723.013,,,33046,1996022,32981,1955476,265,57,,,,,,,false,
7426,starexec,GEO277+1.p,e5_sine-off,balanced,TIMEOUT,126,1616.971,164662.752,,,42960,821542,37388,766413,279,57,,,,,,,false,
7426,starexec,GEO282+1.p,e5_sine-off,balanced,REFUTED,123,3221.957,1582.142,83.577,21725.381,1106,2528,1077,1358,284,55,4834,7157468,36079,13064,124,false,false,
7426,starexec,GEO285+1.p,e5_sine-off,balanced,REFUTED,132,2972.806,2459.392,98.268,23649.460,1876,8354,1740,6314,298,56,4839,7395831,36348,13064,133,false,false,
7426,starexec,GEO298+1.p,e5_sine-off,balanced,TIMEOUT,157,1991.560,164654.557,,,33741,2345703,33297,2300436,321,63,,,,,,,false,
7426,starexec,GEO306+1.p,e5_sine-off,balanced,TIMEOUT,126,1930.206,164571.118,,,38536,1112022,38056,1061682,289,60,,,,,,,false,
7426,starexec,GEO307+1.p,e5_sine-off,balanced,TIMEOUT,145,1206.239,165151.692,,,44981,2403403,44884,2343871,308,60,,,,,,,false,
7426,starexec,GEO308+1.p,e5_sine-off,balanced,TIMEOUT,146,1953.423,164628.022,,,37162,1122411,36620,1074582,309,60,,,,,,,false,
7426,starexec,GEO310+1.p,e5_sine-off,balanced,TIMEOUT,148,1830.407,164719.784,,,38225,1849812,37875,1797204,311,60,,,,,,,false,
7426,starexec,GEO321+1.p,e5_sine-off,balanced,TIMEOUT,177,1778.709,164714.364,,,40937,1221656,38986,1168916,340,60,,,,,,,false,
7426,starexec,GEO323+1.p,e5_sine-off,balanced,TIMEOUT,179,1806.295,164646.916,,,39029,2421981,37863,2369105,342,60,,,,,,,false,
7426,starexec,GEO328+1.p,e5_sine-off,balanced,TIMEOUT,185,1938.411,164545.625,,,46484,749973,45742,690308,348,60,,,,,,,false,
7426,starexec,GEO330+1.p,e5_sine-off,balanced,TIMEOUT,187,1849.339,164685.561,,,36994,3568362,35534,3518618,350,60,,,,,,,false,
7426,starexec,GEO331+1.p,e5_sine-off,balanced,REFUTED,125,3441.345,1823.466,106.042,22604.220,1023,3609,987,2556,279,60,5297,7952486,40539,13064,126,false,false,
7426,starexec,GEO337+1.p,e5_sine-off,balanced,TIMEOUT,129,1665.342,164670.530,,,40163,902484,39642,848781,283,60,,,,,,,false,
7426,starexec,GEO343+1.p,e5_sine-off,balanced,TIMEOUT,124,1868.640,164716.604,,,38728,764264,38586,715014,292,61,,,,,,,false,
7426,starexec,GEO349+1.p,e5_sine-off,balanced,TIMEOUT,130,1159.222,165048.527,,,41742,836118,41018,781155,302,66,,,,,,,false,
7426,starexec,GEO351+1.p,e5_sine-off,balanced,TIMEOUT,136,1966.475,164607.176,,,36696,857910,36034,809771,311,69,,,,,,,false,
7426,starexec,GEO480+1.p,e5_sine-off,balanced,HARD_TIMEOUT,3634,0.000,,,,,,,,,,,,,,,,false,
7426,starexec,GEO491+1.p,e5_sine-off,balanced,TIMEOUT,44,602.454,164737.731,,,24465,8273320,23330,8223567,75,6,,,,,,,false,
7426,starexec,GEO494+1.p,e5_sine-off,balanced,REFUTED,66,921.169,35788.105,94.756,1312.476,10342,2779074,9691,2758188,101,6,1011,264698,7237,675,67,false,false,
7426,starexec,GEO498+1.p,e5_sine-off,balanced,REFUTED,109,630.724,290.370,45.656,816.189,75,267,72,182,162,4,1331,237862,10578,618,110,false,false,
7426,starexec,GEO501+1.p,e5_sine-off,balanced,TIMEOUT,122,491.610,165212.020,,,32099,17349672,30106,17278386,179,5,,,,,,,false,
7426,starexec,GEO504+1.p,e5_sine-off,balanced,REFUTED,130,968.909,1511.971,86.152,1520.620,716,12977,677,11709,191,3,1625,217857,12823,791,131,false,false,
7426,starexec,GEO513+1.p,e5_sine-off,balanced,TIMEOUT,172,938.759,164683.751,,,30258,9538746,26979,9476136,265,5,,,,,,,false,
7426,starexec,GEO514+1.p,e5_sine-off,balanced,TIMEOUT,173,1096.513,164445.781,,,24809,9408189,23329,9353051,264,4,,,,,,,false,
7426,starexec,GEO517+1.p,e5_sine-off,balanced,TIMEOUT,180,994.778,164656.214,,,35072,8880960,34044,8807628,277,8,,,,,,,false,
7426,starexec,GEO520+1.p,e5_sine-off,balanced,TIMEOUT,193,1031.209,164704.323,,,27448,8807611,26543,8754841,287,5,,,,,,,false,
7426,starexec,GEO523+1.p,e5_sine-off,balanced,REFUTED,200,1204.622,155845.678,67.888,1178.403,23731,10174382,19220,10130402,294,4,2469,487025,22063,983,201,false,false,
7426,starexec,GEO526+1.p,e5_sine-off,balanced,TIMEOUT,209,675.106,165149.087,,,30421,9977412,29124,9911928,307,5,,,,,,,false,
7426,starexec,GEO528+1.p,e5_sine-off,balanced,REFUTED,212,1424.174,47756.145,116.142,2058.847,12805,2694880,12042,2660253,307,4,2727,599856,23275,983,213,false,false,
7426,starexec,GEO535+1.p,e5_sine-off,balanced,TIMEOUT,227,1124.375,166351.708,,,31239,11865353,29547,11799243,335,6,,,,,,,false,
7426,starexec,GRA005+1.p,e5_sine-off,balanced,REFUTED,17,836.964,298.565,30.792,2159.614,94,140,93,78,83,21,844,566297,3819,2303,18,false,false,
7426,starexec,GRA008+1.p,e5_sine-off,balanced,TIMEOUT,17,644.610,165163.364,,,61315,5547336,59441,5430168,83,20,,,,,,,false,
7426,starexec,GRP652+2.p,e5_sine-off,balanced,HARD_TIMEOUT,5675,0.000,,,,,,,,,,,,,,,,false,
7426,starexec,GRP654+1.p,e5_sine-off,balanced,TIMEOUT,5,283.259,165725.223,,,487,1978811,367,1975381,6,1,,,,,,,false,
7426,starexec,GRP655+3.p,e5_sine-off,balanced,TIMEOUT,5,295.815,165491.398,,,1197,4307064,838,4303168,6,2,,,,,,,false,
7426,starexec,GRP748+1.p,e5_sine-off,balanced,TIMEOUT,11,377.468,165599.121,,,1564,5212494,1207,5207330,15,12,,,,,,,false,
7426,starexec,HWV051+1.p,e5_sine-off,balanced,TIMEOUT,724,923.238,164665.879,,,84359,455766,81317,312738,919,5,,,,,,,false,
7426,starexec,ITP002+2.p,e5_sine-off,balanced,TIMEOUT,33,406.654,165345.691,,,26461,1171085,26330,1144265,58,9,,,,,,,false,
7426,starexec,ITP004+1.p,e5_sine-off,balanced,TIMEOUT,30,542.279,167131.440,,,3341,10366690,3205,10347808,56,6,,,,,,,false,
7426,starexec,ITP004+4.p,e5_sine-off,balanced,HARD_TIMEOUT,3173,0.000,,,,,,,,,,,,,,,,false,
7426,starexec,ITP006+2.p,e5_sine-off,balanced,HARD_TIMEOUT,51,0.000,,,,,,,,,,,,,,,,false,
7426,starexec,ITP006+4.p,e5_sine-off,balanced,HARD_TIMEOUT,5652,0.000,,,,,,,,,,,,,,,,false,
7426,starexec,ITP009+2.p,e5_sine-off,balanced,TIMEOUT,36,962.292,165049.545,,,26660,2330065,26498,2297301,99,18,,,,,,,false,
7426,starexec,ITP012+4.p,e5_sine-off,balanced,HARD_TIMEOUT,14071,0.000,,,,,,,,,,,,,,,,false,
7426,starexec,ITP012+5.p,e5_sine-off,balanced,HARD_TIMEOUT,10256,0.000,,,,,,,,,,,,,,,,false,
7426,starexec,ITP013+1.p,e5_sine-off,balanced,TIMEOUT,45,603.959,165834.490,,,1227,3384801,1189,3379373,108,8,,,,,,,false,
7426,starexec,ITP018+5.p,e5_sine-off,balanced,HARD_TIMEOUT,16278,0.000,,,,,,,,,,,,,,,,false,
7426,starexec,ITP020+2.p,e5_sine-off,balanced,REFUTED,62,2037.809,6914.849,70.119,33836.576,3368,109907,2963,103309,293,55,2558,2950700,10988,2968,63,false,false,
7426,starexec,ITP020+4.p,e5_sine-off,balanced,HARD_TIMEOUT,25152,0.000,,,,,,,,,,,,,,,,false,
7426,starexec,ITP023+2.p,e5_sine-off,balanced,TIMEOUT,58,686.219,165006.515,,,41591,7676146,37696,7605340,239,27,,,,,,,false,
7426,starexec,KLE100+1.p,e5_sine-off,balanced,TIMEOUT,26,409.216,165063.744,,,3454,10145862,2815,10123344,29,3,,,,,,,false,
7426,starexec,KLE169+1.p,e5_sine-off,balanced,TIMEOUT,17,193.068,165421.652,,,3480,18985349,3362,18944391,19,0,,,,,,,false,
7426,starexec,KLE170+1.002.p,e5_sine-off,balanced,TIMEOUT,16,317.759,165121.231,,,2528,13551886,2411,13525908,18,0,,,,,,,false,
7426,starexec,KRS187+1.p,e5_sine-off,balanced,REFUTED,32,1817.125,76946.820,43.204,11038.309,13223,9897406,12009,9861216,129,74,2138,2391295,6027,2717,33,false,false,
7426,starexec,KRS190+1.p,e5_sine-off,balanced,REFUTED,32,1800.875,71936.760,33.784,12365.493,12523,9368628,11333,9333644,129,74,2138,2391295,6027,2717,33,false,false,
7426,starexec,KRS192+1.p,e5_sine-off,balanced,TIMEOUT,32,813.019,166083.021,,,22541,22391799,20777,22329697,129,74,,,,,,,false,
7426,starexec,KRS195+1.p,e5_sine-off,balanced,REFUTED,32,1682.766,79077.145,31.853,12492.458,13657,10307985,12426,10270949,129,74,2138,2391295,6028,2717,33,false,false,
7426,starexec,KRS196+1.p,e5_sine-off,balanced,REFUTED,32,1345.690,65649.945,27.121,8950.462,12685,9450237,11494,9415041,129,74,2138,2391295,6026,2717,33,false,false,
7426,starexec,KRS216+1.p,e5_sine-off,balanced,REFUTED,32,4057.566,101061.762,42.562,11573.792,16681,14203066,15062,14155664,129,74,2227,2590026,6129,2717,33,false,false,
7426,starexec,KRS233+1.p,e5_sine-off,balanced,TIMEOUT,32,837.830,165098.726,,,22539,21634086,20692,21573678,129,74,,,,,,,false,
7426,starexec,KRS234+1.p,e5_sine-off,balanced,REFUTED,32,1744.769,57966.749,43.499,11720.823,10635,8184479,9808,8153028,129,74,2165,2451610,6054,2717,33,false,false,
7426,starexec,KRS251+1.p,e5_sine-off,balanced,TIMEOUT,32,795.804,165091.316,,,22911,22254468,20948,22192456,129,74,,,,,,,false,
7426,starexec,KRS261+1.p,e5_sine-off,balanced,HARD_TIMEOUT,32,0.000,,,,,,,,,,,,,,,,false,
7426,starexec,KRS262+1.p,e5_sine-off,balanced,REFUTED,32,1642.604,8729.481,51.320,10364.965,2888,959144,2844,952758,129,74,2143,2402369,6026,2717,33,false,false,
7426,starexec,LAT258+1.p,e5_sine-off,balanced,TIMEOUT,17,348.730,165137.605,,,33131,19699367,30569,19580749,23,1,,,,,,,false,
7426,starexec,LAT287+3.p,e5_sine-off,balanced,HARD_TIMEOUT,12371,0.000,,,,,,,,,,,,,,,,false,
7426,starexec,LAT303+4.p,e5_sine-off,balanced,HARD_TIMEOUT,34684,0.000,,,,,,,,,,,,,,,,false,
7426,starexec,LAT305+3.p,e5_sine-off,balanced,HARD_TIMEOUT,13616,0.000,,,,,,,,,,,,,,,,false,
7426,starexec,LAT351+3.p,e5_sine-off,balanced,HARD_TIMEOUT,17808,0.000,,,,,,,,,,,,,,,,false,
7426,starexec,LCL062+2.p,e5_sine-off,balanced,TIMEOUT,2,199.831,165713.095,,,11572,11678803,10791,11601419,3,0,,,,,,,false,
7426,starexec,LCL073+1.p,e5_sine-off,balanced,TIMEOUT,2,288.181,165419.251,,,8426,14179225,7751,13946401,3,3,,,,,,,false,
7426,starexec,LCL109+1.p,e5_sine-off,balanced,TIMEOUT,5,237.432,167355.548,,,10536,15861960,10031,15823252,6,0,,,,,,,false,
7426,starexec,LCL368+1.p,e5_sine-off,balanced,REFUTED,4,341.505,19929.438,80.966,146.386,3993,1560678,3726,1549562,5,0,164,9316,420,103,5,false,false,
7426,starexec,LCL368+2.p,e5_sine-off,balanced,REFUTED,2,389.015,110453.329,63.268,128.827,8841,7431462,8103,7370188,3,0,127,15446,1067,971,3,false,false,
7426,starexec,LCL369+1.p,e5_sine-off,balanced,TIMEOUT,4,226.741,165237.267,,,12608,13100395,11828,13060451,5,0,,,,,,,false,
7426,starexec,LCL369+2.p,e5_sine-off,balanced,TIMEOUT,2,268.298,165219.283,,,11640,11550788,10682,11472874,3,0,,,,,,,false,
7426,starexec,LCL370+1.p,e5_sine-off,balanced,REFUTED,4,310.983,127413.976,108.889,185.667,10963,9832315,10585,9798171,5,0,228,11265,534,91,5,false,false,
7426,starexec,LCL372+2.p,e5_sine-off,balanced,TIMEOUT,2,271.813,165249.932,,,11557,11804420,10630,11719220,3,0,,,,,,,false,
7426,starexec,LCL373+2.p,e5_sine-off,balanced,TIMEOUT,2,280.613,165227.269,,,14117,16638386,13131,16536466,3,0,,,,,,,false,
7426,starexec,LCL374+1.p,e5_sine-off,balanced,TIMEOUT,4,225.324,165286.792,,,12305,12626378,11568,12587156,5,0,,,,,,,false,
7426,starexec,LCL375+1.p,e5_sine-off,balanced,TIMEOUT,4,241.259,165253.948,,,12134,12223682,11561,12184292,5,0,,,,,,,false,
7426,starexec,LCL382+1.p,e5_sine-off,balanced,REFUTED,4,292.815,129348.738,56.374,120.916,11009,9924925,10644,9890761,5,0,198,9699,485,92,5,false,false,
7426,starexec,LCL382+2.p,e5_sine-off,balanced,TIMEOUT,2,280.330,165219.427,,,11303,11557426,10554,11472770,3,0,,,,,,,false,
7426,starexec,LCL383+1.p,e5_sine-off,balanced,REFUTED,4,322.651,146074.011,106.565,164.329,11767,11391418,11305,11354234,5,0,218,12624,515,103,5,false,false,
7426,starexec,LCL390+2.p,e5_sine-off,balanced,TIMEOUT,2,264.811,165278.945,,,11434,11688555,10502,11603817,3,0,,,,,,,false,
7426,starexec,LCL391+2.p,e5_sine-off,balanced,TIMEOUT,2,267.867,165256.320,,,11310,11558793,10566,11474127,3,0,,,,,,,false,
7426,starexec,LCL392+2.p,e5_sine-off,balanced,TIMEOUT,2,290.925,165214.249,,,11516,11734763,10578,11649913,3,0,,,,,,,false,
7426,starexec,LCL393+1.p,e5_sine-off,balanced,TIMEOUT,4,221.831,165803.678,,,12713,13316073,12166,13275427,5,0,,,,,,,false,
7426,starexec,LCL393+2.p,e5_sine-off,balanced,TIMEOUT,2,270.093,165245.892,,,11635,11539704,10662,11461734,3,0,,,,,,,false,
7426,starexec,LCL395+1.p,e5_sine-off,balanced,TIMEOUT,4,239.090,166007.819,,,12311,12625529,11748,12585421,5,0,,,,,,,false,
7426,starexec,LCL395+2.p,e5_sine-off,balanced,TIMEOUT,2,257.038,165293.914,,,11580,11582202,10711,11503908,3,0,,,,,,,false,
7426,starexec,LCL484+1.p,e5_sine-off,balanced,REFUTED,44,1166.400,426.579,49.039,5379.357,119,264,108,138,74,55,1400,1190894,2945,1818,45,false,false,
7426,starexec,LCL556+1.p,e5_sine-off,balanced,TIMEOUT,76,670.972,165108.465,,,33133,17754227,27014,17652463,135,94,,,,,,,false,
7426,starexec,LCL638+1.020.p,e5_sine-off,balanced,HARD_TIMEOUT,0,0.000,,,,,,,,,,,,,,,,false,
7426,starexec,LCL646+1.010.p,e5_sine-off,balanced,TIMEOUT,0,4554.476,155708.444,,,100000,7179381,100000,7079382,294,146,,,,,,,false,
7426,starexec,LCL646+1.015.p,e5_sine-off,balanced,HARD_TIMEOUT,0,0.000,,,,,,,,,,,,,,,,false,
7426,starexec,LCL648+1.010.p,e5_sine-off,balanced,HARD_TIMEOUT,0,0.000,,,,,,,,,,,,,,,,false,
7426,starexec,LCL650+1.010.p,e5_sine-off,balanced,TIMEOUT,0,2117.922,164565.067,,,6728,115600,6626,108826,220,126,,,,,,,false,
7426,starexec,LCL652+1.010.p,e5_sine-off,balanced,TIMEOUT,0,1621.454,164983.332,,,97845,9912378,93304,9805466,181,110,,,,,,,false,
7426,starexec,LCL662+1.020.p,e5_sine-off,balanced,HARD_TIMEOUT,1,0.000,,,,,,,,,,,,,,,,false,
7426,starexec,LCL664+1.010.p,e5_sine-off,balanced,HARD_TIMEOUT,1,0.000,,,,,,,,,,,,,,,,false,
7426,starexec,LCL666+1.010.p,e5_sine-off,balanced,HARD_TIMEOUT,1,0.000,,,,,,,,,,,,,,,,false,
7426,starexec,LCL688+1.001.p,e5_sine-off,balanced,REFUTED,2,917.266,13261.631,48.633,2085.870,11460,503738,10834,480244,28,16,537,512586,1711,5041,3,false,false,
7426,starexec,LCL688+1.015.p,e5_sine-off,balanced,TIMEOUT,2,2298.385,164788.147,,,34185,24805141,25026,24748451,294,184,,,,,,,false,
7426,starexec,LCL891+1.p,e5_sine-off,balanced,TIMEOUT,12,331.605,165233.160,,,2270,9492373,2091,9483607,16,3,,,,,,,false,
7426,starexec,LCL898+1.p,e5_sine-off,balanced,TIMEOUT,14,323.154,165221.849,,,6577,14494588,6331,14464538,16,2,,,,,,,false,
7426,starexec,LCL901+1.p,e5_sine-off,balanced,REFUTED,14,439.168,122039.655,97.057,293.023,2349,10470272,2227,10444321,16,1,297,18039,750,211,15,false,false,
7426,starexec,LCL978+1.p,e5_sine-off,balanced,TIMEOUT,2,302.061,165255.236,,,8555,15129985,7958,15047733,3,3,,,,,,,false,
7426,starexec,LCL979+1.p,e5_sine-off,balanced,TIMEOUT,2,306.304,165288.383,,,6020,4319188,4539,4280610,3,3,,,,,,,false,
7426,starexec,LCL982+1.p,e5_sine-off,balanced,REFUTED,2,413.512,219.443,48.113,314.678,24,67,23,41,3,3,108,16086,409,273,3,false,false,
7426,starexec,LCL983+1.p,e5_sine-off,balanced,TIMEOUT,2,362.668,165090.562,,,9122,14680442,8637,14459520,3,3,,,,,,,false,
7426,starexec,MGT005+1.p,e5_sine-off,balanced,REFUTED,10,1025.717,5771.993,121.169,3515.960,2913,73226,2638,64813,29,13,504,1045080,3189,5235,11,false,false,
7426,starexec,MGT035+2.p,e5_sine-off,balanced,TIMEOUT,19,445.804,165229.820,,,19320,13716195,18785,13681503,43,5,,,,,,,false,
7426,starexec,MGT067+1.p,e5_sine-off,balanced,REFUTED,157,617.753,546.524,47.424,1322.834,778,1201,754,391,177,3,1294,364246,8387,680,158,false,false,
7426,starexec,MGT068+1.p,e5_sine-off,balanced,REFUTED,59,786.032,6199.717,88.213,1032.329,1654,410471,1626,404847,85,4,751,151705,3348,459,60,false,false,
7426,starexec,MGT076+1.p,e5_sine-off,balanced,REFUTED,34,725.826,403.783,41.585,811.523,54,110,46,54,54,4,422,60214,1887,383,35,false,false,
7426,starexec,MGT077+1.p,e5_sine-off,balanced,REFUTED,44,645.353,334.450,37.235,783.819,72,190,70,110,64,4,475,76399,2032,414,45,false,false,
7426,starexec,MGT078+1.p,e5_sine-off,balanced,REFUTED,56,631.080,436.621,35.053,891.363,180,644,180,430,80,6,539,140184,2018,619,57,false,false,
7426,starexec,MGT079+1.p,e5_sine-off,balanced,REFUTED,56,615.125,493.282,59.277,853.764,167,617,149,413,77,3,536,89966,2014,413,57,false,false,
7426,starexec,MGT080+1.p,e5_sine-off,balanced,REFUTED,73,669.920,562.184,54.607,1051.170,276,1389,255,1033,99,7,643,233460,2115,881,74,false,false,
7426,starexec,MGT082+1.p,e5_sine-off,balanced,REFUTED,56,644.600,485.926,55.815,923.946,180,776,171,546,80,6,568,152809,2033,635,57,false,false,
7426,starexec,MGT085+1.p,e5_sine-off,balanced,REFUTED,43,440.491,9150.306,46.027,620.911,2786,1572607,2771,1552812,65,6,524,142865,2023,619,44,false,false,
7426,starexec,MGT086+1.p,e5_sine-off,balanced,REFUTED,43,616.739,318.694,45.485,744.067,78,195,67,112,63,3,472,78452,1975,410,44,false,false,
7426,starexec,MGT088+1.p,e5_sine-off,balanced,REFUTED,39,583.709,292.189,21.304,680.935,49,128,49,79,59,4,447,65338,1989,393,40,false,false,
7426,starexec,MGT090+1.p,e5_sine-off,balanced,REFUTED,59,664.948,398.186,57.997,869.241,103,174,98,90,90,3,581,71034,2646,354,60,false,false,
7426,starexec,MGT091+1.p,e5_sine-off,balanced,REFUTED,46,658.418,1039.081,47.811,534.568,381,9431,380,8717,83,3,571,81016,3281,362,47,false,false,
7426,starexec,NLP147+1.p,e5_sine-off,balanced,REFUTED,61,1190.413,450.578,57.969,3676.519,224,251,223,94,94,12,1021,1237420,3831,15197,62,false,false,
7426,starexec,NLP260+1.p,e5_sine-off,balanced,HARD_TIMEOUT,1026860,0.000,,,,,,,,,,,,,,,,false,
7426,starexec,NLP261+1.p,e5_sine-off,balanced,HARD_TIMEOUT,1026860,0.000,,,,,,,,,,,,,,,,false,
7426,starexec,NLP262+1.p,e5_sine-off,balanced,HARD_TIMEOUT,1026860,0.000,,,,,,,,,,,,,,,,false,
7426,starexec,NUM292+1.p,e5_sine-off,balanced,REFUTED,401,697.277,149010.673,62.844,697.600,36244,109169,36242,72084,407,0,1446,52593,4581,303,402,false,false,
7426,starexec,NUM321+1.p,e5_sine-off,balanced,TIMEOUT,401,587.233,164643.113,,,36506,109533,36504,72184,407,0,,,,,,,false,
7426,starexec,NUM335+1.p,e5_sine-off,balanced,TIMEOUT,401,625.850,164707.067,,,36212,109112,36210,72062,408,1,,,,,,,false,
7426,starexec,NUM639+4.p,e5_sine-off,balanced,TIMEOUT,316,1161.184,165963.807,,,23754,10690323,20472,10648511,532,29,,,,,,,false,
7426,starexec,NUM647+4.p,e5_sine-off,balanced,TIMEOUT,346,1244.259,164621.442,,,23528,11300924,21271,11250506,586,29,,,,,,,false,
7426,starexec,NUM653+4.p,e5_sine-off,balanced,TIMEOUT,393,1285.694,164595.205,,,30547,11109353,28972,11052691,673,29,,,,,,,false,
7426,starexec,NUM656+4.p,e5_sine-off,balanced,TIMEOUT,402,1302.351,164460.554,,,25257,10884606,23775,10834980,691,29,,,,,,,false,
7426,starexec,NUM657+4.p,e5_sine-off,balanced,TIMEOUT,405,1325.288,164549.194,,,25270,12017978,23460,11967084,697,29,,,,,,,false,
7426,starexec,NUM658+4.p,e5_sine-off,balanced,TIMEOUT,408,1324.335,164563.656,,,21341,13956919,19476,13916771,703,29,,,,,,,false,
7426,starexec,NUM663+4.p,e5_sine-off,balanced,TIMEOUT,419,1348.229,164470.607,,,28490,11728859,26332,11678595,727,29,,,,,,,false,
7426,starexec,NUM664+4.p,e5_sine-off,balanced,TIMEOUT,423,1271.913,164491.779,,,25098,13200394,23981,13153486,736,29,,,,,,,false,
7426,starexec,NUM669+4.p,e5_sine-off,balanced,TIMEOUT,443,1291.839,164498.345,,,23576,11013885,21992,10967311,776,29,,,,,,,false,
7426,starexec,NUM671+4.p,e5_sine-off,balanced,TIMEOUT,453,1615.560,164498.788,,,28562,12852015,26395,12797803,795,29,,,,,,,false,
7426,starexec,NUM689+4.p,e5_sine-off,balanced,TIMEOUT,554,1438.837,164457.225,,,30054,10210592,28525,10163976,1006,29,,,,,,,false,
7426,starexec,NUM690+4.p,e5_sine-off,balanced,TIMEOUT,559,900.202,165064.192,,,30256,11922989,27951,11857789,1017,29,,,,,,,false,
7426,starexec,NUM691+4.p,e5_sine-off,balanced,TIMEOUT,564,890.034,164999.360,,,26680,12044390,25408,11995751,1028,29,,,,,,,false,
7426,starexec,NUM694+4.p,e5_sine-off,balanced,TIMEOUT,572,1437.183,164409.745,,,31742,12196862,30848,12138445,1043,29,,,,,,,false,
7426,starexec,NUM695+4.p,e5_sine-off,balanced,TIMEOUT,574,1382.302,164520.849,,,28916,10273254,26715,10207462,1046,29,,,,,,,false,
7426,starexec,NUM698+4.p,e5_sine-off,balanced,TIMEOUT,585,1546.911,164351.438,,,28297,10561119,26580,10504401,1067,29,,,,,,,false,
7426,starexec,NUM707+4.p,e5_sine-off,balanced,TIMEOUT,634,934.454,164980.084,,,30841,10025164,28852,9960861,1149,29,,,,,,,false,
7426,starexec,NUM709+4.p,e5_sine-off,balanced,TIMEOUT,639,1551.849,165047.733,,,30385,10885961,28814,10826177,1157,29,,,,,,,false,
7426,starexec,NUM743+4.p,e5_sine-off,balanced,HARD_TIMEOUT,907,0.000,,,,,,,,,,,,,,,,false,
7426,starexec,NUM747+4.p,e5_sine-off,balanced,TIMEOUT,943,1880.948,165592.749,,,31319,8922826,28148,8858056,1750,33,,,,,,,false,
7426,starexec,NUM750+4.p,e5_sine-off,balanced,TIMEOUT,964,1646.206,164111.629,,,29703,9619481,29048,9574524,1788,33,,,,,,,false,
7426,starexec,NUM757+4.p,e5_sine-off,balanced,TIMEOUT,1012,1721.646,164147.706,,,31154,12585166,30021,12530856,1888,33,,,,,,,false,
7426,starexec,NUM783+4.p,e5_sine-off,balanced,TIMEOUT,1257,1837.630,164220.208,,,40138,7868285,39570,7809412,2380,33,,,,,,,false,
7426,starexec,NUM785+4.p,e5_sine-off,balanced,TIMEOUT,1274,1970.688,163945.563,,,31113,8597992,30558,8537870,2413,33,,,,,,,false,
7426,starexec,NUM786+4.p,e5_sine-off,balanced,TIMEOUT,1277,1830.309,163978.990,,,42043,7314102,40949,7245952,2419,33,,,,,,,false,
7426,starexec,NUM787+4.p,e5_sine-off,balanced,TIMEOUT,1280,1892.781,164093.858,,,34930,8200667,33274,8126885,2425,33,,,,,,,false,
7426,starexec,NUM789+4.p,e5_sine-off,balanced,TIMEOUT,1286,2003.785,164681.868,,,37391,8582307,36987,8527169,2437,33,,,,,,,false,
7426,starexec,NUM795+4.p,e5_sine-off,balanced,TIMEOUT,1411,2002.910,164041.912,,,34129,10079199,33383,10027763,2687,33,,,,,,,false,
7426,starexec,NUM796+4.p,e5_sine-off,balanced,TIMEOUT,1416,1496.772,163855.238,,,39374,8136190,38913,8069724,2698,33,,,,,,,false,
7426,starexec,NUM835+1.p,e5_sine-off,balanced,REFUTED,38,570.346,315.848,38.814,727.775,32,125,28,85,49,4,527,72943,1620,572,39,false,false,
7426,starexec,NUM840+1.p,e5_sine-off,balanced,REFUTED,38,598.238,5901.843,53.335,645.492,1654,191175,1630,187146,47,4,528,47048,1893,225,39,false,false,
7426,starexec,NUM853+2.p,e5_sine-off,balanced,REFUTED,36,574.077,2407.145,76.598,616.047,764,33739,741,32257,41,4,520,45815,1785,225,37,false,false,
7426,starexec,NUM859+1.p,e5_sine-off,balanced,TIMEOUT,13,397.946,165188.152,,,17065,20706266,15667,20660134,30,6,,,,,,,false,
7426,starexec,NUM860+1.p,e5_sine-off,balanced,TIMEOUT,13,419.221,165192.022,,,16124,21562371,15156,21523103,30,6,,,,,,,false,
7426,starexec,NUN054+1.p,e5_sine-off,balanced,REFUTED,18,955.193,863.176,69.790,1933.064,588,5218,577,4420,59,20,702,433768,2769,1111,19,false,false,
7426,starexec,NUN054+2.p,e5_sine-off,balanced,REFUTED,11,842.181,367.520,60.807,1844.192,62,101,51,35,40,20,605,377804,2150,1111,12,false,false,
7426,starexec,NUN056+1.p,e5_sine-off,balanced,TIMEOUT,18,549.267,165086.129,,,41562,12819617,39590,12711497,59,20,,,,,,,false,
7426,starexec,NUN057+1.p,e5_sine-off,balanced,TIMEOUT,18,471.170,165166.463,,,44297,13188388,42199,13085122,59,20,,,,,,,false,
7426,starexec,NUN060+1.p,e5_sine-off,balanced,REFUTED,18,830.245,293.616,56.173,1725.522,47,134,43,84,59,20,649,382620,2739,1121,19,false,false,
7426,starexec,NUN062+1.p,e5_sine-off,balanced,REFUTED,18,905.429,338.730,54.025,1987.449,75,235,54,149,60,22,687,443593,2697,1167,19,false,false,
7426,starexec,NUN065+1.p,e5_sine-off,balanced,REFUTED,18,899.651,4059.247,54.541,2074.151,3459,162144,2660,152850,63,24,812,560120,2838,1221,19,false,false,
7426,starexec,NUN066+1.p,e5_sine-off,balanced,REFUTED,18,1006.488,3073.770,48.914,1459.175,2245,81820,1628,76698,64,25,827,610894,2915,1294,19,false,false,
7426,starexec,NUN075+1.p,e5_sine-off,balanced,REFUTED,18,837.253,3152.094,115.714,1648.211,2118,48680,2052,45008,59,20,1010,785479,3693,1349,19,false,false,
7426,starexec,NUN076+1.p,e5_sine-off,balanced,REFUTED,18,814.135,464.770,51.302,1724.208,206,828,202,602,59,20,675,410400,2780,1123,19,false,false,
7426,starexec,NUN080+1.p,e5_sine-off,balanced,REFUTED,18,806.057,232.219,27.154,1691.902,43,122,40,76,59,20,626,360297,2662,1099,19,false,false,
7426,starexec,NUN082+1.p,e5_sine-off,balanced,REFUTED,18,876.782,2896.980,65.146,1743.343,2331,81236,2044,76419,59,20,729,453117,2786,1094,19,false,false,
7426,starexec,NUN085+1.p,e5_sine-off,balanced,REFUTED,18,931.180,23491.776,69.695,2208.586,12704,2284206,11901,2251011,64,25,800,603619,2804,1268,19,false,false,
7426,starexec,NUN086+1.p,e5_sine-off,balanced,REFUTED,18,862.561,2942.792,76.687,1900.128,2345,69568,2067,64670,59,20,751,476106,2809,1100,19,false,false,
7426,starexec,PRD001+1.p,e5_sine-off,balanced,TIMEOUT,1614,1319.654,164544.603,,,58476,448351,49235,331087,1615,0,,,,,,,false,
7426,starexec,PRO011+1.p,e5_sine-off,balanced,REFUTED,48,1120.112,721.794,68.573,3060.760,373,1562,323,1054,95,23,1077,745091,4798,1681,49,false,false,
7426,starexec,PUZ129+2.p,e5_sine-off,balanced,REFUTED,0,601.368,297.738,60.062,921.440,35,41,33,18,18,8,289,157494,1012,1381,1,false,false,
7426,starexec,PUZ133+1.p,e5_sine-off,balanced,TIMEOUT,9,385.222,165831.255,,,35175,12129257,33264,11966444,24,3,,,,,,,false,
7426,starexec,REL020+2.p,e5_sine-off,balanced,TIMEOUT,16,348.046,165042.867,,,3368,8398116,2378,8379992,18,2,,,,,,,false,
7426,starexec,REL021+1.p,e5_sine-off,balanced,TIMEOUT,13,302.039,168775.619,,,2241,11341538,1920,11315622,15,2,,,,,,,false,
7426,starexec,REL040+2.p,e5_sine-off,balanced,TIMEOUT,13,370.444,165217.848,,,2308,11094332,1993,11067228,15,3,,,,,,,false,
7426,starexec,SCT115+1.p,e5_sine-off,balanced,TIMEOUT,527,1885.820,164449.011,,,21562,9556621,19478,9512889,869,121,,,,,,,false,
7426,starexec,SCT117+1.p,e5_sine-off,balanced,TIMEOUT,527,2357.533,164080.606,,,24008,10376181,21264,10331335,873,122,,,,,,,false,
7426,starexec,SCT120+1.p,e5_sine-off,balanced,TIMEOUT,526,2021.039,164865.322,,,20184,10077384,17735,10027448,794,100,,,,,,,false,
7426,starexec,SCT123+1.p,e5_sine-off,balanced,TIMEOUT,528,2016.360,164069.159,,,14907,7047445,13542,7019633,826,115,,,,,,,false,
7426,starexec,SCT124+1.p,e5_sine-off,balanced,TIMEOUT,528,2209.984,164214.635,,,14307,8273891,13618,8240567,804,105,,,,,,,false,
7426,starexec,SCT125+1.p,e5_sine-off,balanced,TIMEOUT,528,2229.595,164120.073,,,13557,8318702,12406,8287798,819,106,,,,,,,false,
7426,starexec,SCT155+1.p,e5_sine-off,balanced,TIMEOUT,528,2074.919,164318.028,,,24339,8655847,21712,8609403,831,111,,,,,,,false,
7426,starexec,SCT158+1.p,e5_sine-off,balanced,TIMEOUT,528,2147.931,164285.517,,,22355,9278194,20398,9234218,832,110,,,,,,,false,
7426,starexec,SCT170+3.p,e5_sine-off,balanced,TIMEOUT,1578,4171.695,163859.402,,,39477,6984742,37562,6896100,2785,640,,,,,,,false,
7426,starexec,SET017+1.p,e5_sine-off,balanced,REFUTED,43,820.527,616.345,60.947,1122.353,190,854,181,630,93,10,682,196327,2725,651,44,false,false,
7426,starexec,SET101+1.p,e5_sine-off,balanced,REFUTED,43,725.898,895.874,60.245,1069.219,354,4152,331,3630,90,9,657,137446,2654,486,44,false,false,
7426,starexec,SET716+4.p,e5_sine-off,balanced,TIMEOUT,28,1164.178,165098.153,,,24314,12597756,22826,12551778,160,54,,,,,,,false,
7426,starexec,SET733+4.p,e5_sine-off,balanced,TIMEOUT,28,1167.978,165129.079,,,30468,12253246,28792,12200376,159,53,,,,,,,false,
7426,starexec,SET817+4.p,e5_sine-off,balanced,TIMEOUT,22,568.299,165075.510,,,24441,12932523,24088,12885851,80,20,,,,,,,false,
7426,starexec,SET964+1.p,e5_sine-off,balanced,REFUTED,12,816.609,473.469,62.987,1509.468,94,431,81,328,33,13,494,248471,1878,1509,13,false,false,
7426,starexec,SEU269+1.p,e5_sine-off,balanced,TIMEOUT,51,544.607,165709.798,,,1533,1688633,1503,1685213,92,18,,,,,,,false,
7426,starexec,SEU427+4.p,e5_sine-off,balanced,KILLED,,0.000,,,,,,,,,,,,,,,,false,killed before finishing
7426,starexec,SEU440+4.p,e5_sine-off,balanced,HARD_TIMEOUT,71133,0.000,,,,,,,,,,,,,,,,false,
7426,starexec,SEV522+1.p,e5_sine-off,balanced,TIMEOUT,19,691.600,165095.010,,,19853,14137193,17180,14099521,96,32,,,,,,,false,
7426,starexec,SEV563+1.p,e5_sine-off,balanced,TIMEOUT,25,521.762,165211.478,,,25903,15893133,25082,15841042,80,17,,,,,,,false,
7426,starexec,SEV569+1.p,e5_sine-off,balanced,REFUTED,25,1041.495,1809.582,86.621,1880.192,908,19810,841,18538,80,17,922,427364,2792,955,26,false,false,
7426,starexec,SEV581+1.p,e5_sine-off,balanced,TIMEOUT,25,537.422,165174.238,,,19795,12812877,18845,12757535,80,17,,,,,,,false,
7426,starexec,SEV606+1.p,e5_sine-off,balanced,HARD_TIMEOUT,1727,0.000,,,,,,,,,,,,,,,,false,
7426,starexec,SEV607+1.p,e5_sine-off,balanced,HARD_TIMEOUT,2360,0.000,,,,,,,,,,,,,,,,false,
7426,starexec,SEV608+1.p,e5_sine-off,balanced,HARD_TIMEOUT,2867,0.000,,,,,,,,,,,,,,,,false,
7426,starexec,SEV609+1.p,e5_sine-off,balanced,HARD_TIMEOUT,2900,0.000,,,,,,,,,,,,,,,,false,
7426,starexec,SEV610+1.p,e5_sine-off,balanced,HARD_TIMEOUT,2777,0.000,,,,,,,,,,,,,,,,false,
7426,starexec,SEV612+1.p,e5_sine-off,balanced,HARD_TIMEOUT,2852,0.000,,,,,,,,,,,,,,,,false,
7426,starexec,SEV616+1.p,e5_sine-off,balanced,HARD_TIMEOUT,2862,0.000,,,,,,,,,,,,,,,,false,
7426,starexec,SEV618+1.p,e5_sine-off,balanced,HARD_TIMEOUT,2435,0.000,,,,,,,,,,,,,,,,false,
7426,starexec,SEV620+1.p,e5_sine-off,balanced,HARD_TIMEOUT,2723,0.000,,,,,,,,,,,,,,,,false,
7426,starexec,SEV621+1.p,e5_sine-off,balanced,HARD_TIMEOUT,2708,0.000,,,,,,,,,,,,,,,,false,
7426,starexec,SEV622+1.p,e5_sine-off,balanced,HARD_TIMEOUT,2761,0.000,,,,,,,,,,,,,,,,false,
7426,starexec,SEV625+1.p,e5_sine-off,balanced,HARD_TIMEOUT,2847,0.000,,,,,,,,,,,,,,,,false,
7426,starexec,SEV626+1.p,e5_sine-off,balanced,HARD_TIMEOUT,2838,0.000,,,,,,,,,,,,,,,,false,
7426,starexec,SEV627+1.p,e5_sine-off,balanced,HARD_TIMEOUT,2813,0.000,,,,,,,,,,,,,,,,false,
7426,starexec,SEV629+1.p,e5_sine-off,balanced,HARD_TIMEOUT,2962,0.000,,,,,,,,,,,,,,,,false,
7426,starexec,SEV630+1.p,e5_sine-off,balanced,HARD_TIMEOUT,2559,0.000,,,,,,,,,,,,,,,,false,
7426,starexec,SEV631+1.p,e5_sine-off,balanced,HARD_TIMEOUT,3117,0.000,,,,,,,,,,,,,,,,false,
7426,starexec,SEV634+1.p,e5_sine-off,balanced,HARD_TIMEOUT,2534,0.000,,,,,,,,,,,,,,,,false,
7426,starexec,SEV636+1.p,e5_sine-off,balanced,EXHAUSTED,2935,7751.556,407.650,,,0,0,0,0,7455,2111,,,,,,,false,StackOverflowError:  at Tuple4.hashCode:27
7426,starexec,SEV637+1.p,e5_sine-off,balanced,HARD_TIMEOUT,2981,0.000,,,,,,,,,,,,,,,,false,
7426,starexec,SEV640+1.p,e5_sine-off,balanced,HARD_TIMEOUT,2766,0.000,,,,,,,,,,,,,,,,false,
7426,starexec,SEV641+1.p,e5_sine-off,balanced,HARD_TIMEOUT,3078,0.000,,,,,,,,,,,,,,,,false,
7426,starexec,SEV643+1.p,e5_sine-off,balanced,HARD_TIMEOUT,2960,0.000,,,,,,,,,,,,,,,,false,
7426,starexec,SEV644+1.p,e5_sine-off,balanced,HARD_TIMEOUT,2363,0.000,,,,,,,,,,,,,,,,false,
7426,starexec,SEV645+1.p,e5_sine-off,balanced,HARD_TIMEOUT,1984,0.000,,,,,,,,,,,,,,,,false,
7426,starexec,SEV646+1.p,e5_sine-off,balanced,HARD_TIMEOUT,3067,0.000,,,,,,,,,,,,,,,,false,
7426,starexec,SEV650+1.p,e5_sine-off,balanced,HARD_TIMEOUT,3015,0.000,,,,,,,,,,,,,,,,false,
7426,starexec,SEV651+1.p,e5_sine-off,balanced,HARD_TIMEOUT,2743,0.000,,,,,,,,,,,,,,,,false,
7426,starexec,SEV654+1.p,e5_sine-off,balanced,EXHAUSTED,3190,9461.461,155422.419,,,0,0,0,0,9000,2918,,,,,,,false,OutOfMemoryError: Java heap space at Arrays.copyOf:3623
7426,starexec,SEV655+1.p,e5_sine-off,balanced,EXHAUSTED,3248,8850.652,135616.027,,,0,0,0,0,8269,2524,,,,,,,false,OutOfMemoryError: Java heap space at Arrays.copyOf:3623
7426,starexec,SEV656+1.p,e5_sine-off,balanced,HARD_TIMEOUT,3041,0.000,,,,,,,,,,,,,,,,false,
7426,starexec,SEV657+1.p,e5_sine-off,balanced,HARD_TIMEOUT,3067,0.000,,,,,,,,,,,,,,,,false,
7426,starexec,SEV658+1.p,e5_sine-off,balanced,HARD_TIMEOUT,3118,0.000,,,,,,,,,,,,,,,,false,
7426,starexec,SEV660+1.p,e5_sine-off,balanced,HARD_TIMEOUT,2689,0.000,,,,,,,,,,,,,,,,false,
7426,starexec,SEV661+1.p,e5_sine-off,balanced,HARD_TIMEOUT,2456,0.000,,,,,,,,,,,,,,,,false,
7426,starexec,SEV667+1.p,e5_sine-off,balanced,HARD_TIMEOUT,2862,0.000,,,,,,,,,,,,,,,,false,
7426,starexec,SEV668+1.p,e5_sine-off,balanced,HARD_TIMEOUT,2820,0.000,,,,,,,,,,,,,,,,false,
7426,starexec,SEV671+1.p,e5_sine-off,balanced,HARD_TIMEOUT,2497,0.000,,,,,,,,,,,,,,,,false,
7426,starexec,SEV673+1.p,e5_sine-off,balanced,HARD_TIMEOUT,2701,0.000,,,,,,,,,,,,,,,,false,
7426,starexec,SEV675+1.p,e5_sine-off,balanced,HARD_TIMEOUT,3187,0.000,,,,,,,,,,,,,,,,false,
7426,starexec,SEV676+1.p,e5_sine-off,balanced,HARD_TIMEOUT,3004,0.000,,,,,,,,,,,,,,,,false,
7426,starexec,SEV677+1.p,e5_sine-off,balanced,HARD_TIMEOUT,3185,0.000,,,,,,,,,,,,,,,,false,
7426,starexec,SEV678+1.p,e5_sine-off,balanced,HARD_TIMEOUT,2924,0.000,,,,,,,,,,,,,,,,false,
7426,starexec,SEV679+1.p,e5_sine-off,balanced,HARD_TIMEOUT,3356,0.000,,,,,,,,,,,,,,,,false,
7426,starexec,SWB012+1.p,e5_sine-off,balanced,TIMEOUT,559,2357.653,164781.001,,,47655,14206739,46873,14133727,1392,275,,,,,,,false,
7426,starexec,SWB013+2.p,e5_sine-off,balanced,TIMEOUT,8,665.612,165446.556,,,28634,10593434,28334,10556174,62,19,,,,,,,false,
7426,starexec,SWB017+1.p,e5_sine-off,balanced,HARD_TIMEOUT,559,0.000,,,,,,,,,,,,,,,,false,
7426,starexec,SWB020+1.p,e5_sine-off,balanced,TIMEOUT,559,2373.410,164817.500,,,46580,13841196,45773,13767972,1394,278,,,,,,,false,
7426,starexec,SWB021+2.p,e5_sine-off,balanced,REFUTED,7,1150.463,6186.733,122.600,3678.841,2655,131818,2237,121021,78,17,765,1411343,3337,3856,8,false,false,
7426,starexec,SWB023+1.p,e5_sine-off,balanced,HARD_TIMEOUT,559,0.000,,,,,,,,,,,,,,,,false,
7426,starexec,SWB027+1.p,e5_sine-off,balanced,TIMEOUT,559,2210.597,164850.112,,,45632,13418930,45205,13346704,1385,274,,,,,,,false,
7426,starexec,SWB032+1.p,e5_sine-off,balanced,TIMEOUT,558,2357.246,164807.531,,,51661,15873681,51265,15796869,1379,271,,,,,,,false,
7426,starexec,SWB040+1.p,e5_sine-off,balanced,TIMEOUT,559,2468.663,164844.622,,,44571,12239645,44224,12168747,1382,271,,,,,,,false,
7426,starexec,SWB042+1.p,e5_sine-off,balanced,TIMEOUT,559,2283.821,164804.039,,,46972,12823135,46620,12745703,1394,277,,,,,,,false,
7426,starexec,SWB046+1.p,e5_sine-off,balanced,TIMEOUT,559,2308.714,164749.988,,,45059,13440787,44715,13368847,1384,273,,,,,,,false,
7426,starexec,SWB047+1.p,e5_sine-off,balanced,TIMEOUT,559,2359.954,164789.471,,,45047,12692245,44705,12620561,1381,271,,,,,,,false,
7426,starexec,SWB053+1.p,e5_sine-off,balanced,HARD_TIMEOUT,559,0.000,,,,,,,,,,,,,,,,false,
7426,starexec,SWB055+1.p,e5_sine-off,balanced,TIMEOUT,559,2318.755,164765.694,,,48886,12626706,48587,12550142,1385,274,,,,,,,false,
7426,starexec,SWB063+1.p,e5_sine-off,balanced,TIMEOUT,559,2351.394,164746.921,,,45718,13882876,45379,13810022,1385,273,,,,,,,false,
7426,starexec,SWB068+1.p,e5_sine-off,balanced,TIMEOUT,559,2243.458,164801.087,,,54492,10882277,54140,10807721,1388,274,,,,,,,false,
7426,starexec,SWB073+1.p,e5_sine-off,balanced,HARD_TIMEOUT,559,0.000,,,,,,,,,,,,,,,,false,
7426,starexec,SWB090+1.p,e5_sine-off,balanced,TIMEOUT,559,2419.326,164824.226,,,45909,14020186,45457,13947544,1386,271,,,,,,,false,
7426,starexec,SWB091+1.p,e5_sine-off,balanced,TIMEOUT,559,2334.664,164817.554,,,46167,13395880,45414,13323732,1392,275,,,,,,,false,
7426,starexec,SWB093+1.p,e5_sine-off,balanced,TIMEOUT,559,2454.160,164652.495,,,44396,12649280,43942,12578806,1385,271,,,,,,,false,
7426,starexec,SWB095+1.p,e5_sine-off,balanced,TIMEOUT,559,2482.437,164748.658,,,44799,12812636,44347,12741506,1386,271,,,,,,,false,
7426,starexec,SWB099+1.p,e5_sine-off,balanced,TIMEOUT,559,2462.606,164749.519,,,44853,12610127,44431,12538525,1384,271,,,,,,,false,
7426,starexec,SWB103+1.p,e5_sine-off,balanced,TIMEOUT,559,2345.381,165168.725,,,45680,13725742,45062,13654150,1393,273,,,,,,,false,
7426,starexec,SWC012+1.p,e5_sine-off,balanced,REFUTED,95,2369.297,8048.970,82.290,16498.412,9256,185480,9141,173483,220,62,2744,5518823,11635,5088,96,false,false,
7426,starexec,SWV014+1.p,e5_sine-off,balanced,REFUTED,28,439.248,241.088,45.503,370.210,63,82,61,38,38,0,286,16588,1575,227,29,false,false,
7426,starexec,SWV041+1.p,e5_sine-off,balanced,REFUTED,99,1369.039,407.690,44.634,5630.141,167,768,143,578,178,42,1787,3051141,7596,3656,100,false,false,
7426,starexec,SWV114+1.p,e5_sine-off,balanced,TIMEOUT,101,862.456,164960.671,,,38730,13476267,37972,13394103,199,52,,,,,,,false,
7426,starexec,SWV202+1.p,e5_sine-off,balanced,TIMEOUT,91,779.929,166630.517,,,34317,16514655,32935,16437919,203,42,,,,,,,false,
7426,starexec,SWV203+1.p,e5_sine-off,balanced,TIMEOUT,91,888.089,165009.670,,,33629,13980207,32306,13908541,203,42,,,,,,,false,
7426,starexec,SWV234+1.p,e5_sine-off,balanced,TIMEOUT,25,328.991,165440.627,,,7136,11174906,6473,11128848,26,0,,,,,,,false,
7426,starexec,SWV234+2.p,e5_sine-off,balanced,REFUTED,21,356.397,64837.541,91.010,245.663,1207,4422545,1172,4407522,22,0,279,9365,750,111,22,false,false,
7426,starexec,SWV390+1.p,e5_sine-off,balanced,REFUTED,42,452.225,297.614,27.439,529.206,100,311,98,177,55,6,578,103666,2824,461,43,false,false,
7426,starexec,SWV406+1.p,e5_sine-off,balanced,REFUTED,41,983.810,50391.898,80.977,1890.482,2900,1737494,2160,1728905,59,9,754,464670,3119,4101,42,false,false,
7426,starexec,SWV452+1.p,e5_sine-off,balanced,TIMEOUT,66,721.644,164802.422,,,21856,25726220,19353,25608874,130,13,,,,,,,false,
7426,starexec,SWV467+1.p,e5_sine-off,balanced,TIMEOUT,66,854.966,164967.389,,,17881,22935757,15354,22800109,139,14,,,,,,,false,
7426,starexec,SWV474+1.p,e5_sine-off,balanced,TIMEOUT,66,832.702,165083.358,,,16491,21745477,15095,21641033,132,14,,,,,,,false,
7426,starexec,SWV479+1.p,e5_sine-off,balanced,KILLED,,0.000,,,,,,,,,,,,,,,,false,killed before finishing
7426,starexec,SWV487+3.p,e5_sine-off,balanced,HARD_TIMEOUT,12,0.000,,,,,,,,,,,,,,,,false,
7426,starexec,SWV488+3.p,e5_sine-off,balanced,REFUTED,12,418.358,254.538,35.299,429.068,26,62,21,35,24,3,240,39985,954,553,13,false,false,
7426,starexec,SWW102+1.p,e5_sine-off,balanced,TIMEOUT,44,457.043,165718.860,,,5252,12443961,5126,12428105,89,12,,,,,,,false,
7426,starexec,SWW186+1.p,e5_sine-off,balanced,HARD_TIMEOUT,1181,0.000,,,,,,,,,,,,,,,,false,
7426,starexec,SWW278+1.p,e5_sine-off,balanced,TIMEOUT,1199,1842.608,164045.358,,,27478,13273611,25986,13178671,1586,36,,,,,,,false,
7426,starexec,SWW279+1.p,e5_sine-off,balanced,TIMEOUT,1213,1667.298,164468.955,,,27090,10761454,24615,10670750,1647,38,,,,,,,false,
7426,starexec,SWW298+1.p,e5_sine-off,balanced,HARD_TIMEOUT,5224,0.000,,,,,,,,,,,,,,,,false,
7426,starexec,SWW350+1.p,e5_sine-off,balanced,HARD_TIMEOUT,5228,0.000,,,,,,,,,,,,,,,,false,
7426,starexec,SWW374+1.p,e5_sine-off,balanced,HARD_TIMEOUT,5248,0.000,,,,,,,,,,,,,,,,false,
7426,starexec,SWW394+1.p,e5_sine-off,balanced,HARD_TIMEOUT,5223,0.000,,,,,,,,,,,,,,,,false,
7426,starexec,SWW470+5.p,e5_sine-off,balanced,REFUTED,162,3678.903,13321.811,82.779,17246.067,2725,272553,2057,266775,240,52,3102,12976319,21717,10205,163,false,false,
7426,starexec,SWW473+2.p,e5_sine-off,balanced,HARD_TIMEOUT,916,0.000,,,,,,,,,,,,,,,,false,
7426,starexec,SWW473+6.p,e5_sine-off,balanced,REFUTED,608,7644.552,3371.207,99.569,87954.399,994,22909,899,21325,845,87,9085,37289817,56288,10957,609,false,false,
7426,starexec,SWW474+3.p,e5_sine-off,balanced,TIMEOUT,1440,2972.090,164006.446,,,28316,8181695,26493,8117333,2284,309,,,,,,,false,
7426,starexec,SWW937+1.p,e5_sine-off,balanced,TIMEOUT,28,764.157,164993.874,,,11387,12910335,11120,12876187,181,24,,,,,,,false,
7426,starexec,SWW961+1.p,e5_sine-off,balanced,REFUTED,176,614.638,501.344,62.619,562.382,193,242,185,177,177,0,947,22877,2965,207,177,false,false,
7426,starexec,SWX051+1.p,e5_sine-off,balanced,TIMEOUT,292,1685.539,164684.609,,,43579,16387465,38997,16272336,579,168,,,,,,,false,
7426,starexec,SWX185+1.p,e5_sine-off,balanced,TIMEOUT,40,323.327,165672.364,,,3177,7130556,3129,7124296,41,0,,,,,,,false,
7426,starexec,SWX187+1.p,e5_sine-off,balanced,REFUTED,16,408.605,6374.447,144.968,387.714,2408,42255,2354,34848,18,0,361,40118,1113,275,17,false,false,
7426,starexec,SWX189+1.p,e5_sine-off,balanced,TIMEOUT,53,349.516,165120.662,,,6990,6832986,6845,6812754,54,0,,,,,,,false,
7426,starexec,SWX194+1.p,e5_sine-off,balanced,TIMEOUT,71,385.551,165632.691,,,7805,10146931,7665,10131455,72,0,,,,,,,false,
7426,starexec,SWX197+1.p,e5_sine-off,balanced,TIMEOUT,73,408.818,164999.316,,,5912,8004658,5317,7985657,74,0,,,,,,,false,
7426,starexec,SWX199+1.p,e5_sine-off,balanced,REFUTED,12,376.445,2716.330,101.072,331.300,127,38581,110,37828,14,0,260,20068,726,132,13,false,false,
7426,starexec,SWX200+1.p,e5_sine-off,balanced,REFUTED,15,365.382,225.479,36.188,229.619,16,23,14,19,19,0,161,7737,550,143,16,false,false,
7426,starexec,SWX201+1.p,e5_sine-off,balanced,TIMEOUT,28,327.519,165256.738,,,2378,4367074,2283,4362508,30,0,,,,,,,false,
7426,starexec,SWX202+1.p,e5_sine-off,balanced,TIMEOUT,28,314.342,165213.426,,,2524,3722258,2438,3717116,30,0,,,,,,,false,
7426,starexec,SWX203+1.p,e5_sine-off,balanced,REFUTED,21,373.791,2396.863,106.589,283.018,1383,19484,934,14216,29,0,517,31883,1041,143,22,false,false,
7426,starexec,SWX209+1.p,e5_sine-off,balanced,TIMEOUT,49,364.725,165134.135,,,5121,6486223,4676,6467393,56,0,,,,,,,false,
7426,starexec,SWX210+1.p,e5_sine-off,balanced,TIMEOUT,49,361.868,165086.109,,,4858,6448403,4451,6431263,56,0,,,,,,,false,
7426,starexec,SWX211+1.p,e5_sine-off,balanced,TIMEOUT,49,378.334,165220.610,,,5269,7184390,4596,7164660,56,0,,,,,,,false,
7426,starexec,SWX212+1.p,e5_sine-off,balanced,TIMEOUT,49,353.456,165052.454,,,10101,10009486,9786,9990504,57,0,,,,,,,false,
7426,starexec,SWX217+1.p,e5_sine-off,balanced,TIMEOUT,23,293.993,165200.697,,,9471,7248069,8423,7220725,25,0,,,,,,,false,
7426,starexec,SWX219+1.p,e5_sine-off,balanced,REFUTED,31,386.507,7469.870,72.297,326.959,5396,17248,5368,9382,36,0,352,19211,1287,181,32,false,false,
7426,starexec,SWX220+1.p,e5_sine-off,balanced,REFUTED,31,463.346,4347.162,84.348,385.158,2743,8889,2739,5093,36,0,349,19353,1294,194,32,false,false,
7426,starexec,SWX221+1.p,e5_sine-off,balanced,REFUTED,35,433.092,3328.876,79.154,387.942,2564,5662,2549,2768,43,0,408,24485,1516,181,36,false,false,
7426,starexec,SWX222+1.p,e5_sine-off,balanced,REFUTED,35,445.935,575.763,67.075,382.060,214,357,207,126,43,0,339,15785,1318,181,36,false,false,
7426,starexec,SWX223+1.p,e5_sine-off,balanced,REFUTED,35,442.217,742.343,86.611,430.913,362,737,354,337,43,0,390,21822,1444,181,36,false,false,
7426,starexec,SWX224+1.p,e5_sine-off,balanced,REFUTED,31,415.712,1176.551,54.649,260.818,697,1902,687,1006,36,0,322,15887,1209,181,32,false,false,
7426,starexec,SWX240_1.p,e5_sine-off,balanced,REFUTED,56,478.311,6138.578,86.961,454.539,1025,112943,952,110677,70,0,570,31253,2001,136,57,false,false,
7426,starexec,SWX241_1.p,e5_sine-off,balanced,TIMEOUT,64,383.791,165095.363,,,28964,9862227,26560,9774779,79,0,,,,,,,false,
7426,starexec,SYN076+1.p,e5_sine-off,balanced,TIMEOUT,1,547.652,165303.359,,,1929,5499411,1810,5492663,48,16,,,,,,,false,
7426,starexec,SYN077+1.p,e5_sine-off,balanced,REFUTED,1,509.803,310.570,44.550,675.035,53,89,36,19,9,6,241,63879,670,637,2,false,false,
7426,starexec,SYN353+1.p,e5_sine-off,balanced,REFUTED,0,571.716,233.751,44.739,1414.658,74,282,32,81,21,2,219,277626,801,11878,1,false,false,
7426,starexec,SYN986+1.004.p,e5_sine-off,balanced,EXHAUSTED,2,311.576,415.219,,,0,0,0,0,3,0,,,,,,,false,StackOverflowError:  at Core$Trail$Applier.apply:975
7426,starexec,SYO525+1.018.p,e5_sine-off,balanced,TIMEOUT,29,619.848,164879.110,,,61066,61076,61066,30,30,0,,,,,,,false,
7426,starexec,SYO525+1.021.p,e5_sine-off,balanced,TIMEOUT,29,578.476,164909.380,,,63659,63666,63659,30,30,0,,,,,,,false,
7426,starexec,SYO525+1.024.p,e5_sine-off,balanced,TIMEOUT,29,567.510,164905.181,,,66814,66818,66814,30,30,0,,,,,,,false,
7426,starexec,SYO525+1.027.p,e5_sine-off,balanced,TIMEOUT,29,588.304,164831.098,,,58992,58993,58992,30,30,0,,,,,,,false,
7426,starexec,SYO525+1.030.p,e5_sine-off,balanced,TIMEOUT,32,638.709,164864.801,,,59987,59988,59987,33,33,0,,,,,,,false,
7426,starexec,SYO605+1.p,e5_sine-off,balanced,REFUTED,4,875.922,1963.727,138.087,3641.211,2188,19981,1239,11803,48,14,903,1044573,1977,2212,5,false,false,
7426,starexec,TOP020+1.p,e5_sine-off,balanced,TIMEOUT,8,471.963,165252.584,,,56923,473217,55824,400719,27,11,,,,,,,false,
7426,starexec,TOP029+1.p,e5_sine-off,balanced,TIMEOUT,108,799.038,164878.928,,,49008,1204319,45589,1045766,306,48,,,,,,,false,
7426,starexec,TOP046+3.p,e5_sine-off,balanced,HARD_TIMEOUT,18710,0.000,,,,,,,,,,,,,,,,false,
7426,starexec,AGT007+2.p,e5_sine-on,balanced,TIMEOUT,922,804.382,164639.634,,,51905,11292196,46474,11080333,671,4,,,,,,,false,
7426,starexec,AGT022+1.p,e5_sine-on,balanced,SATURATED,555,675.463,2637.667,,,1112,39248,1087,20170,276,0,,,,,,,false,
7426,starexec,ALG040+1.p,e5_sine-on,balanced,REFUTED,4,421.548,1150.850,49.658,333.020,928,7216,919,6132,12,2,219,40643,602,388,5,false,false,
7426,starexec,ALG213+1.p,e5_sine-on,balanced,TIMEOUT,4,337.846,165282.445,,,1171,10527152,1082,10520586,5,5,,,,,,,false,
7426,starexec,BIO006+1.p,e5_sine-on,balanced,PARSE_ERR,,0.000,,,,,,,,,,,,,,,,false,StackOverflowError
7426,starexec,COM008+1.p,e5_sine-on,balanced,TIMEOUT,10,403.594,165194.117,,,16522,10071407,16247,10047027,15,3,,,,,,,false,
7426,starexec,COM008+2.p,e5_sine-on,balanced,TIMEOUT,8,268.858,165402.798,,,18815,8927087,17573,8891301,13,3,,,,,,,false,
7426,starexec,COM131+1.p,e5_sine-on,balanced,TIMEOUT,59,1358.027,165218.930,,,18094,8431848,17495,8402574,157,95,,,,,,,false,
7426,starexec,COM136+1.p,e5_sine-on,balanced,REFUTED,56,2714.944,992.141,67.676,18125.906,544,2432,452,1719,152,94,2939,13637390,17792,9820,57,false,false,
7426,starexec,COM139+1.p,e5_sine-on,balanced,TIMEOUT,55,891.407,165367.557,,,7464,13444682,6826,13425320,152,94,,,,,,,false,
7426,starexec,CSR005+2.p,e5_sine-on,balanced,TIMEOUT,55,661.277,165091.640,,,40815,8764631,38043,8653521,120,18,,,,,,,false,
7426,starexec,CSR021+1.p,e5_sine-on,balanced,REFUTED,47,751.239,1316.004,45.789,3348.918,1183,25392,1156,21337,137,21,1040,664001,4515,1464,48,false,false,
7426,starexec,CSR022+1.p,e5_sine-on,balanced,REFUTED,47,758.341,1220.025,41.561,3375.644,1182,24945,1163,21033,137,21,1037,662932,4511,1464,48,false,false,
7426,starexec,CSR025+5.p,e5_sine-on,balanced,REFUTED,540249,19973.382,27192.574,332.795,28604.235,20337,77775,20288,69954,69956,0,366580,9793354,886960,121,540250,false,false,
7426,starexec,CSR030+3.p,e5_sine-on,balanced,REFUTED,8005,1767.848,5245.394,53.617,1427.470,9071,21410,8944,8436,2280,0,13877,400609,34402,89,8006,false,false,
7426,starexec,CSR033+3.p,e5_sine-on,balanced,REFUTED,8005,2237.095,9022.555,96.961,2376.062,9394,27411,9323,14044,2251,0,13531,418688,32911,89,8006,false,false,
7426,starexec,CSR036+5.p,e5_sine-on,balanced,HARD_TIMEOUT,540249,0.000,,,,,,,,,,,,,,,,false,
7426,starexec,CSR038+4.p,e5_sine-on,balanced,REFUTED,44216,4871.610,10701.761,123.809,3628.289,10496,29304,10150,16487,6406,0,31876,1090207,68224,89,44217,false,false,
7426,starexec,CSR042+3.p,e5_sine-on,balanced,REFUTED,8005,2377.483,2073.456,65.584,2089.171,2840,6398,2835,2989,2254,0,13557,390402,33245,89,8006,false,false,
7426,starexec,CSR044+3.p,e5_sine-on,balanced,REFUTED,8005,2344.537,8190.129,85.140,2133.203,8819,20705,8782,8334,2221,0,13484,447890,33217,89,8006,false,false,
7426,starexec,CSR045+3.p,e5_sine-on,balanced,REFUTED,8005,2233.107,1047.303,69.512,2033.978,1281,3075,1279,2219,2219,0,13486,320126,33205,89,8006,false,false,
7426,starexec,CSR048+3.p,e5_sine-on,balanced,REFUTED,8005,2284.678,8840.097,86.506,2151.622,8902,21022,8876,8560,2255,0,13562,390524,33249,89,8006,false,false,
7426,starexec,CSR050+5.p,e5_sine-on,balanced,HARD_TIMEOUT,540249,0.000,,,,,,,,,,,,,,,,false,
7426,starexec,CSR052+3.p,e5_sine-on,balanced,TIMEOUT,8005,2149.877,163441.897,,,63487,958222,49753,858767,2300,0,,,,,,,false,
7426,starexec,CSR054+3.p,e5_sine-on,balanced,REFUTED,8005,2239.995,1066.821,66.202,2166.709,1213,3065,1211,2261,2261,0,13713,454875,33633,89,8006,false,false,
7426,starexec,CSR056+3.p,e5_sine-on,balanced,REFUTED,8005,2536.736,8711.096,90.983,1964.859,8914,20751,8845,8219,2260,0,13716,394909,33570,89,8006,false,false,
7426,starexec,CSR058+3.p,e5_sine-on,balanced,TIMEOUT,8005,1931.095,163406.444,,,49177,1523774,47765,1424664,2215,0,,,,,,,false,
7426,starexec,CSR066+5.p,e5_sine-on,balanced,HARD_TIMEOUT,540249,0.000,,,,,,,,,,,,,,,,false,
7426,starexec,CSR067+3.p,e5_sine-on,balanced,REFUTED,8005,1471.450,1290.259,48.176,1294.270,2860,6446,2855,2998,2255,0,13560,390482,33250,89,8006,false,false,
7426,starexec,CSR113+13.p,e5_sine-on,balanced,REFUTED,10188,3141.370,2155.196,58.222,14928.598,2626,11159,2610,8386,535,53,2991,5780165,14627,5242,10189,false,false,
7426,starexec,CSR113+30.p,e5_sine-on,balanced,REFUTED,10188,3121.967,2009.666,55.115,15026.870,2628,10992,2587,7913,509,57,3057,6178597,15092,5206,10189,false,false,
7426,starexec,CSR113+4.p,e5_sine-on,balanced,REFUTED,10188,3160.752,2171.166,55.652,15854.970,2689,11458,2641,8286,522,57,3104,6279217,15125,5240,10189,false,false,
7426,starexec,CSR114+8.p,e5_sine-on,balanced,REFUTED,10188,3206.989,1823.497,57.748,14734.912,2332,9454,2264,6669,428,57,2980,5908188,14772,4552,10189,false,false,
7426,starexec,CSR115+8.p,e5_sine-on,balanced,REFUTED,10188,3275.713,1708.912,62.758,17258.511,2349,4747,2340,2251,583,57,3169,6678400,15567,5816,10189,false,false,
7426,starexec,CSR116+10.p,e5_sine-on,balanced,REFUTED,10188,3799.453,1697.923,81.741,22611.417,2007,3776,1938,1757,721,61,3552,8361386,17087,6999,10189,false,false,
7426,starexec,CSR116+13.p,e5_sine-on,balanced,REFUTED,10188,3837.718,1370.795,69.843,20977.917,1436,2615,1384,1170,573,65,3435,8204100,16870,6065,10189,false,false,
7426,starexec,CSR116+19.p,e5_sine-on,balanced,REFUTED,10188,3318.837,1456.412,76.268,18357.640,1703,2908,1657,1198,632,59,3321,7526216,15992,6342,10189,false,false,
7426,starexec,CSR116+3.p,e5_sine-on,balanced,REFUTED,10188,3282.665,2207.316,69.833,16320.831,2479,4532,2428,1967,630,52,3125,6447213,15116,6073,10189,false,false,
7426,starexec,CSR116+38.p,e5_sine-on,balanced,REFUTED,10188,2992.310,1584.476,77.018,16797.315,1990,4080,1976,2032,595,54,3129,6625316,14957,5972,10189,false,false,
7426,starexec,CSR116+8.p,e5_sine-on,balanced,REFUTED,10188,3583.066,1406.268,76.774,18199.461,1767,2755,1747,980,694,52,3207,6676304,15501,6540,10189,false,false,
7426,starexec,CSR117+1.p,e5_sine-on,balanced,REFUTED,268,846.875,1215.923,65.252,991.785,856,1354,843,624,270,17,1632,440427,2138,563,269,false,false,
7426,starexec,CSR208+1.p,e5_sine-on,balanced,HARD_TIMEOUT,7432,0.000,,,,,,,,,,,,,,,,false,
7426,starexec,GEO085+1.p,e5_sine-on,balanced,REFUTED,16,875.497,344.078,46.685,1893.368,65,126,61,58,56,17,684,329282,2900,1406,17,false,false,
7426,starexec,GEO087+1.p,e5_sine-on,balanced,REFUTED,16,847.792,398.080,33.474,1464.497,105,245,102,124,56,19,691,336523,2894,1417,17,false,false,
7426,starexec,GEO089+1.p,e5_sine-on,balanced,TIMEOUT,16,582.533,165168.585,,,19667,12916075,19006,12867003,57,19,,,,,,,false,
7426,starexec,GEO093+1.p,e5_sine-on,balanced,REFUTED,16,888.948,3553.748,73.494,2272.380,1363,97552,1327,95198,59,20,771,465317,3094,1585,17,false,false,
7426,starexec,GEO095+1.p,e5_sine-on,balanced,TIMEOUT,16,768.891,164941.721,,,17777,14128740,15168,14061034,57,19,,,,,,,false,
7426,starexec,GEO111+1.p,e5_sine-on,balanced,REFUTED,17,997.032,4149.010,63.908,2842.603,1274,122284,1234,120014,64,22,827,594367,3583,1819,18,false,false,
7426,starexec,GEO117+1.p,e5_sine-on,balanced,REFUTED,27,1323.666,1157.371,38.183,4997.826,575,6687,474,5847,113,34,1255,1095974,5908,2245,28,false,false,
7426,starexec,GEO138+1.p,e5_sine-on,balanced,TIMEOUT,27,749.716,165126.089,,,18671,13572348,18109,13532842,116,36,,,,,,,false,
7426,starexec,GEO260+1.p,e5_sine-on,balanced,REFUTED,31,826.913,20842.344,117.723,1385.247,5401,1886051,4611,1873779,70,7,804,325407,2515,864,32,false,false,
7426,starexec,GEO274+1.p,e5_sine-on,balanced,TIMEOUT,116,1714.446,164684.038,,,33085,1998490,33020,1957894,265,57,,,,,,,false,
7426,starexec,GEO277+1.p,e5_sine-on,balanced,TIMEOUT,126,1815.312,164714.488,,,42769,819155,37197,764268,279,57,,,,,,,false,
7426,starexec,GEO282+1.p,e5_sine-on,balanced,REFUTED,123,3272.099,1689.815,89.489,17867.314,1106,2528,1077,1358,284,55,4834,7157468,36079,13064,124,false,false,
7426,starexec,GEO285+1.p,e5_sine-on,balanced,REFUTED,132,3329.287,2486.378,96.773,24203.553,1876,8354,1740,6314,298,56,4839,7395831,36348,13064,133,false,false,
7426,starexec,GEO298+1.p,e5_sine-on,balanced,TIMEOUT,157,1902.086,164692.411,,,34775,2358891,34331,2311807,321,63,,,,,,,false,
7426,starexec,GEO306+1.p,e5_sine-on,balanced,TIMEOUT,126,1885.783,164713.913,,,40110,1142787,39630,1090480,289,60,,,,,,,false,
7426,starexec,GEO307+1.p,e5_sine-on,balanced,TIMEOUT,145,1865.848,164652.520,,,35282,1714781,35185,1667622,308,60,,,,,,,false,
7426,starexec,GEO308+1.p,e5_sine-on,balanced,TIMEOUT,146,1693.833,164587.635,,,38599,1187196,38057,1137607,309,60,,,,,,,false,
7426,starexec,GEO310+1.p,e5_sine-on,balanced,TIMEOUT,148,1637.919,164611.968,,,38211,1848493,37861,1795899,311,60,,,,,,,false,
7426,starexec,GEO321+1.p,e5_sine-on,balanced,TIMEOUT,177,1670.747,164569.976,,,40779,1213907,38829,1161370,340,60,,,,,,,false,
7426,starexec,GEO323+1.p,e5_sine-on,balanced,TIMEOUT,179,1922.543,164658.167,,,39212,2466777,38046,2413692,342,60,,,,,,,false,
7426,starexec,GEO328+1.p,e5_sine-on,balanced,TIMEOUT,185,1700.381,164561.109,,,47901,818450,47155,756748,348,60,,,,,,,false,
7426,starexec,GEO330+1.p,e5_sine-on,balanced,TIMEOUT,187,1735.640,164706.195,,,37551,3569549,36006,3518953,350,60,,,,,,,false,
7426,starexec,GEO331+1.p,e5_sine-on,balanced,REFUTED,125,2169.763,1241.020,71.200,18558.337,1023,3609,987,2556,279,60,5297,7952486,40539,13064,126,false,false,
7426,starexec,GEO337+1.p,e5_sine-on,balanced,TIMEOUT,129,1826.353,164656.853,,,40605,907091,40084,852826,283,60,,,,,,,false,
7426,starexec,GEO343+1.p,e5_sine-on,balanced,TIMEOUT,124,2015.850,164712.870,,,38057,744258,37915,696043,292,61,,,,,,,false,
7426,starexec,GEO349+1.p,e5_sine-on,balanced,TIMEOUT,130,1892.575,164755.675,,,39330,789946,38606,738183,302,66,,,,,,,false,
7426,starexec,GEO351+1.p,e5_sine-on,balanced,TIMEOUT,136,1936.816,164707.867,,,37892,901545,37230,851882,311,69,,,,,,,false,
7426,starexec,GEO480+1.p,e5_sine-on,balanced,HARD_TIMEOUT,3634,0.000,,,,,,,,,,,,,,,,false,
7426,starexec,GEO491+1.p,e5_sine-on,balanced,TIMEOUT,44,561.377,164893.630,,,24596,8335220,23461,8285114,75,6,,,,,,,false,
7426,starexec,GEO494+1.p,e5_sine-on,balanced,REFUTED,66,1176.190,44210.239,92.672,1414.869,10342,2779074,9691,2758188,101,6,1011,264698,7237,675,67,false,false,
7426,starexec,GEO498+1.p,e5_sine-on,balanced,REFUTED,109,1449.121,609.901,96.191,1829.101,75,267,72,182,162,4,1331,237862,10578,618,110,false,false,
7426,starexec,GEO501+1.p,e5_sine-on,balanced,TIMEOUT,122,1064.460,164453.990,,,29949,14613248,27969,14547904,179,5,,,,,,,false,
7426,starexec,GEO504+1.p,e5_sine-on,balanced,REFUTED,130,1029.944,1791.557,96.194,1513.695,716,12977,677,11709,191,3,1625,217857,12823,791,131,false,false,
7426,starexec,GEO513+1.p,e5_sine-on,balanced,TIMEOUT,172,1017.452,167427.505,,,29924,9327996,26650,9265968,265,5,,,,,,,false,
7426,starexec,GEO514+1.p,e5_sine-on,balanced,TIMEOUT,173,966.236,164619.498,,,26308,9999621,24763,9941296,264,4,,,,,,,false,
7426,starexec,GEO517+1.p,e5_sine-on,balanced,TIMEOUT,180,1064.351,164766.396,,,34334,8461049,33333,8389081,277,8,,,,,,,false,
7426,starexec,GEO520+1.p,e5_sine-on,balanced,TIMEOUT,193,988.566,164698.204,,,28031,9290094,27120,9235894,287,5,,,,,,,false,
7426,starexec,GEO523+1.p,e5_sine-on,balanced,REFUTED,200,1315.216,156398.887,70.130,1984.483,23731,10174382,19220,10130402,294,4,2469,487025,22063,983,201,false,false,
7426,starexec,GEO526+1.p,e5_sine-on,balanced,TIMEOUT,209,1081.932,164628.379,,,28887,8985453,27604,8922813,307,5,,,,,,,false,
7426,starexec,GEO528+1.p,e5_sine-on,balanced,REFUTED,212,1428.433,42950.162,130.350,2095.107,12805,2694880,12042,2660253,307,4,2727,599856,23275,983,213,false,false,
7426,starexec,GEO535+1.p,e5_sine-on,balanced,TIMEOUT,227,1122.958,164614.718,,,31571,12575979,29857,12508951,335,6,,,,,,,false,
7426,starexec,GRA005+1.p,e5_sine-on,balanced,REFUTED,17,1039.511,375.871,49.311,3600.414,94,140,93,78,83,21,844,566297,3819,2303,18,false,false,
7426,starexec,GRA008+1.p,e5_sine-on,balanced,TIMEOUT,17,660.715,165133.721,,,62262,5644047,60380,5524886,83,20,,,,,,,false,
7426,starexec,GRP652+2.p,e5_sine-on,balanced,HARD_TIMEOUT,5675,0.000,,,,,,,,,,,,,,,,false,
7426,starexec,GRP654+1.p,e5_sine-on,balanced,TIMEOUT,5,312.027,166004.502,,,488,1989449,367,1986017,6,1,,,,,,,false,
7426,starexec,GRP655+3.p,e5_sine-on,balanced,HARD_TIMEOUT,5,0.000,,,,,,,,,,,,,,,,false,
7426,starexec,GRP748+1.p,e5_sine-on,balanced,TIMEOUT,11,404.177,166155.562,,,1548,5004015,1191,4998899,15,12,,,,,,,false,
7426,starexec,HWV051+1.p,e5_sine-on,balanced,TIMEOUT,724,1124.156,164625.388,,,82740,442728,79718,305120,919,5,,,,,,,false,
7426,starexec,ITP002+2.p,e5_sine-on,balanced,TIMEOUT,33,723.470,165043.133,,,25564,1124553,25434,1098631,58,9,,,,,,,false,
7426,starexec,ITP004+1.p,e5_sine-on,balanced,TIMEOUT,30,505.614,165044.287,,,3345,10493315,3209,10474423,56,6,,,,,,,false,
7426,starexec,ITP004+4.p,e5_sine-on,balanced,HARD_TIMEOUT,3173,0.000,,,,,,,,,,,,,,,,false,
7426,starexec,ITP006+2.p,e5_sine-on,balanced,TIMEOUT,51,841.697,165198.385,,,28426,14280173,22295,14224156,243,40,,,,,,,false,
7426,starexec,ITP006+4.p,e5_sine-on,balanced,HARD_TIMEOUT,5652,0.000,,,,,,,,,,,,,,,,false,
7426,starexec,ITP009+2.p,e5_sine-on,balanced,TIMEOUT,36,978.181,164990.475,,,26781,2340034,26619,2307113,99,18,,,,,,,false,
7426,starexec,ITP012+4.p,e5_sine-on,balanced,HARD_TIMEOUT,14071,0.000,,,,,,,,,,,,,,,,false,
7426,starexec,ITP013+1.p,e5_sine-on,balanced,TIMEOUT,45,621.967,166566.214,,,1229,3422071,1191,3416639,108,8,,,,,,,false,
7426,starexec,ITP018+5.p,e5_sine-on,balanced,HARD_TIMEOUT,16278,0.000,,,,,,,,,,,,,,,,false,
7426,starexec,ITP020+2.p,e5_sine-on,balanced,REFUTED,62,2088.302,6462.199,74.140,25701.781,3357,109515,2952,102929,293,55,2558,2950700,10988,2968,63,false,false,
7426,starexec,ITP020+4.p,e5_sine-on,balanced,HARD_TIMEOUT,25152,0.000,,,,,,,,,,,,,,,,false,
7426,starexec,ITP023+2.p,e5_sine-on,balanced,TIMEOUT,58,730.385,165109.851,,,40956,7450504,37064,7380969,239,27,,,,,,,false,
7426,starexec,KLE100+1.p,e5_sine-on,balanced,TIMEOUT,26,354.744,165262.835,,,3620,11396562,2957,11371520,29,3,,,,,,,false,
7426,starexec,KLE169+1.p,e5_sine-on,balanced,TIMEOUT,17,309.753,165170.299,,,2756,11988082,2639,11955886,19,0,,,,,,,false,
7426,starexec,KLE170+1.002.p,e5_sine-on,balanced,TIMEOUT,16,280.365,165269.419,,,2412,12551487,2296,12526943,18,0,,,,,,,false,
7426,starexec,KRS187+1.p,e5_sine-on,balanced,REFUTED,32,1821.553,71782.058,43.265,11292.305,13223,9897406,12009,9861216,129,74,2138,2391295,6027,2717,33,false,false,
7426,starexec,KRS190+1.p,e5_sine-on,balanced,REFUTED,32,1642.941,71417.041,38.480,12988.878,12523,9368628,11333,9333644,129,74,2138,2391295,6027,2717,33,false,false,
7426,starexec,KRS192+1.p,e5_sine-on,balanced,TIMEOUT,32,765.060,166422.430,,,24874,23933151,23065,23857589,129,74,,,,,,,false,
7426,starexec,KRS195+1.p,e5_sine-on,balanced,REFUTED,32,1393.342,52962.222,27.605,7318.893,13657,10307985,12426,10270949,129,74,2138,2391295,6028,2717,33,false,false,
7426,starexec,KRS196+1.p,e5_sine-on,balanced,REFUTED,32,1806.786,72569.819,52.612,10451.548,12685,9450237,11494,9415041,129,74,2138,2391295,6026,2717,33,false,false,
7426,starexec,KRS216+1.p,e5_sine-on,balanced,REFUTED,32,1737.870,104718.437,58.908,12842.261,16681,14203066,15062,14155664,129,74,2227,2590026,6129,2717,33,false,false,
7426,starexec,KRS233+1.p,e5_sine-on,balanced,TIMEOUT,32,808.850,165975.761,,,23061,22394708,21203,22332584,129,74,,,,,,,false,
7426,starexec,KRS234+1.p,e5_sine-on,balanced,REFUTED,32,1703.204,51289.091,57.619,12188.844,10635,8184479,9808,8153028,129,74,2165,2451610,6054,2717,33,false,false,
7426,starexec,KRS251+1.p,e5_sine-on,balanced,TIMEOUT,32,806.958,166785.083,,,22997,22381307,21034,22319077,129,74,,,,,,,false,
7426,starexec,KRS262+1.p,e5_sine-on,balanced,REFUTED,32,1381.753,7996.875,25.423,7931.573,2888,959144,2844,952758,129,74,2143,2402369,6026,2717,33,false,false,
7426,starexec,LAT258+1.p,e5_sine-on,balanced,TIMEOUT,17,371.553,165113.121,,,32848,19396165,30317,19279167,23,1,,,,,,,false,
7426,starexec,LAT287+3.p,e5_sine-on,balanced,HARD_TIMEOUT,12371,0.000,,,,,,,,,,,,,,,,false,
7426,starexec,LAT303+4.p,e5_sine-on,balanced,HARD_TIMEOUT,34684,0.000,,,,,,,,,,,,,,,,false,
7426,starexec,LAT305+3.p,e5_sine-on,balanced,HARD_TIMEOUT,13616,0.000,,,,,,,,,,,,,,,,false,
7426,starexec,LAT351+3.p,e5_sine-on,balanced,HARD_TIMEOUT,17808,0.000,,,,,,,,,,,,,,,,false,
7426,starexec,LCL062+2.p,e5_sine-on,balanced,TIMEOUT,2,271.605,165297.382,,,11356,11362208,10575,11285614,3,0,,,,,,,false,
7426,starexec,LCL073+1.p,e5_sine-on,balanced,TIMEOUT,2,321.056,165233.981,,,8565,14642653,7878,14398441,3,3,,,,,,,false,
7426,starexec,LCL109+1.p,e5_sine-on,balanced,HARD_TIMEOUT,5,0.000,,,,,,,,,,,,,,,,false,
7426,starexec,LCL368+1.p,e5_sine-on,balanced,REFUTED,4,339.423,19583.893,85.806,169.030,3993,1560678,3726,1549562,5,0,164,9316,420,103,5,false,false,
7426,starexec,LCL368+2.p,e5_sine-on,balanced,REFUTED,2,374.579,92597.036,78.150,224.393,8841,7431462,8103,7370188,3,0,127,15446,1067,971,3,false,false,
7426,starexec,LCL369+1.p,e5_sine-on,balanced,TIMEOUT,4,267.331,165225.035,,,12103,12049824,11360,12010824,5,0,,,,,,,false,
7426,starexec,LCL369+2.p,e5_sine-on,balanced,TIMEOUT,2,285.925,165273.209,,,13799,15675465,12783,15582303,3,0,,,,,,,false,
7426,starexec,LCL370+1.p,e5_sine-on,balanced,REFUTED,4,350.701,115693.641,113.789,180.504,10963,9832315,10585,9798171,5,0,228,11265,534,91,5,false,false,
7426,starexec,LCL372+2.p,e5_sine-on,balanced,TIMEOUT,2,288.484,165264.495,,,11409,11583453,10483,11498831,3,0,,,,,,,false,
7426,starexec,LCL373+2.p,e5_sine-on,balanced,TIMEOUT,2,284.633,165241.419,,,11254,11436415,10368,11352197,3,0,,,,,,,false,
7426,starexec,LCL374+1.p,e5_sine-on,balanced,TIMEOUT,4,263.981,165249.018,,,12372,12711187,11635,12671837,5,0,,,,,,,false,
7426,starexec,LCL375+1.p,e5_sine-on,balanced,TIMEOUT,4,257.535,165337.539,,,12248,12625610,11675,12585838,5,0,,,,,,,false,
7426,starexec,LCL382+1.p,e5_sine-on,balanced,REFUTED,4,354.297,127234.797,93.623,195.223,11009,9924925,10644,9890761,5,0,198,9699,485,92,5,false,false,
7426,starexec,LCL382+2.p,e5_sine-on,balanced,TIMEOUT,2,213.552,165460.561,,,12224,12955175,11469,12866979,3,0,,,,,,,false,
7426,starexec,LCL383+1.p,e5_sine-on,balanced,REFUTED,4,341.027,149307.454,81.541,166.586,11767,11391418,11305,11354234,5,0,218,12624,515,103,5,false,false,
7426,starexec,LCL390+2.p,e5_sine-on,balanced,TIMEOUT,2,287.402,165254.924,,,11427,11668508,10495,11583788,3,0,,,,,,,false,
7426,starexec,LCL391+2.p,e5_sine-on,balanced,TIMEOUT,2,294.562,165230.265,,,11772,12271710,11027,12185238,3,0,,,,,,,false,
7426,starexec,LCL392+2.p,e5_sine-on,balanced,TIMEOUT,2,287.478,166469.982,,,11266,11387743,10329,11303829,3,0,,,,,,,false,
7426,starexec,LCL393+1.p,e5_sine-on,balanced,TIMEOUT,4,276.796,165175.991,,,13072,13947174,12525,13905706,5,0,,,,,,,false,
7426,starexec,LCL393+2.p,e5_sine-on,balanced,TIMEOUT,2,286.516,165252.642,,,11944,12043458,10971,11964298,3,0,,,,,,,false,
7426,starexec,LCL395+1.p,e5_sine-on,balanced,TIMEOUT,4,259.820,165272.948,,,12353,12731799,11790,12691525,5,0,,,,,,,false,
7426,starexec,LCL395+2.p,e5_sine-on,balanced,TIMEOUT,2,289.782,165244.909,,,11590,11609197,10721,11530881,3,0,,,,,,,false,
7426,starexec,LCL484+1.p,e5_sine-on,balanced,REFUTED,44,1127.188,413.531,44.224,5271.094,119,264,108,138,74,55,1400,1190894,2945,1818,45,false,false,
7426,starexec,LCL556+1.p,e5_sine-on,balanced,TIMEOUT,76,695.017,165127.495,,,29589,14890746,23603,14801320,135,94,,,,,,,false,
7426,starexec,LCL638+1.020.p,e5_sine-on,balanced,HARD_TIMEOUT,0,0.000,,,,,,,,,,,,,,,,false,
7426,starexec,LCL646+1.010.p,e5_sine-on,balanced,TIMEOUT,0,2817.904,165103.263,,,95570,6871788,95570,6776218,294,146,,,,,,,false,
7426,starexec,LCL646+1.015.p,e5_sine-on,balanced,HARD_TIMEOUT,0,0.000,,,,,,,,,,,,,,,,false,
7426,starexec,LCL648+1.010.p,e5_sine-on,balanced,HARD_TIMEOUT,0,0.000,,,,,,,,,,,,,,,,false,
7426,starexec,LCL650+1.010.p,e5_sine-on,balanced,TIMEOUT,0,1995.826,165050.723,,,6631,114097,6531,107419,220,126,,,,,,,false,
7426,starexec,LCL652+1.010.p,e5_sine-on,balanced,TIMEOUT,0,1700.766,164935.185,,,98759,10564582,94206,10456492,181,110,,,,,,,false,
7426,starexec,LCL662+1.020.p,e5_sine-on,balanced,HARD_TIMEOUT,1,0.000,,,,,,,,,,,,,,,,false,
7426,starexec,LCL664+1.010.p,e5_sine-on,balanced,HARD_TIMEOUT,1,0.000,,,,,,,,,,,,,,,,false,
7426,starexec,LCL666+1.010.p,e5_sine-on,balanced,HARD_TIMEOUT,1,0.000,,,,,,,,,,,,,,,,false,
7426,starexec,LCL688+1.001.p,e5_sine-on,balanced,REFUTED,2,943.617,13312.243,56.221,2183.698,11460,503738,10834,480244,28,16,537,512586,1711,5041,3,false,false,
7426,starexec,LCL891+1.p,e5_sine-on,balanced,TIMEOUT,12,342.618,165361.338,,,2229,8863998,2051,8855408,16,3,,,,,,,false,
7426,starexec,LCL898+1.p,e5_sine-on,balanced,TIMEOUT,14,435.094,165015.844,,,6729,16233658,6480,16202280,16,2,,,,,,,false,
7426,starexec,LCL901+1.p,e5_sine-on,balanced,REFUTED,14,276.026,78536.701,55.743,205.973,2349,10470272,2227,10444321,16,1,297,18039,750,211,15,false,false,
7426,starexec,LCL978+1.p,e5_sine-on,balanced,TIMEOUT,2,210.147,165474.878,,,10451,21945627,9645,21851873,3,3,,,,,,,false,
7426,starexec,LCL979+1.p,e5_sine-on,balanced,TIMEOUT,2,303.623,165228.948,,,5953,4242200,4473,4203850,3,3,,,,,,,false,
7426,starexec,LCL982+1.p,e5_sine-on,balanced,REFUTED,2,265.735,144.869,37.137,191.342,24,67,23,41,3,3,108,16086,409,273,3,false,false,
7426,starexec,LCL983+1.p,e5_sine-on,balanced,TIMEOUT,2,299.779,165208.797,,,8604,13176758,8130,12969231,3,3,,,,,,,false,
7426,starexec,MGT005+1.p,e5_sine-on,balanced,REFUTED,10,971.449,5734.202,110.914,3398.435,2913,73226,2638,64813,29,13,504,1045080,3189,5235,11,false,false,
7426,starexec,MGT035+2.p,e5_sine-on,balanced,TIMEOUT,19,443.920,165105.285,,,19468,14096968,18933,14062079,43,5,,,,,,,false,
7426,starexec,MGT067+1.p,e5_sine-on,balanced,REFUTED,157,712.075,537.146,44.900,1281.201,778,1201,754,391,177,3,1294,364246,8387,680,158,false,false,
7426,starexec,MGT068+1.p,e5_sine-on,balanced,REFUTED,59,694.267,5282.534,62.989,652.462,1654,410471,1626,404847,85,4,751,151705,3348,459,60,false,false,
7426,starexec,MGT076+1.p,e5_sine-on,balanced,REFUTED,34,631.360,318.336,38.934,714.724,54,110,46,54,54,4,422,60214,1887,383,35,false,false,
7426,starexec,MGT077+1.p,e5_sine-on,balanced,REFUTED,44,681.576,345.796,34.055,595.477,72,190,70,110,64,4,475,76399,2032,414,45,false,false,
7426,starexec,MGT078+1.p,e5_sine-on,balanced,REFUTED,56,698.428,472.279,38.023,984.890,180,644,180,430,80,6,539,140184,2018,619,57,false,false,
7426,starexec,MGT079+1.p,e5_sine-on,balanced,REFUTED,56,676.549,521.723,62.567,799.044,167,617,149,413,77,3,536,89966,2014,413,57,false,false,
7426,starexec,MGT080+1.p,e5_sine-on,balanced,REFUTED,73,719.122,562.289,50.769,1091.968,276,1389,255,1033,99,7,643,233460,2115,881,74,false,false,
7426,starexec,MGT082+1.p,e5_sine-on,balanced,REFUTED,56,710.582,526.310,63.342,992.269,180,776,171,546,80,6,568,152809,2033,635,57,false,false,
7426,starexec,MGT085+1.p,e5_sine-on,balanced,REFUTED,43,712.016,14900.080,70.761,1062.754,2786,1572607,2771,1552812,65,6,524,142865,2023,619,44,false,false,
7426,starexec,MGT086+1.p,e5_sine-on,balanced,REFUTED,43,573.368,333.240,39.565,705.069,78,195,67,112,63,3,472,78452,1975,410,44,false,false,
7426,starexec,MGT088+1.p,e5_sine-on,balanced,REFUTED,39,673.298,297.314,33.615,759.659,49,128,49,79,59,4,447,65338,1989,393,40,false,false,
7426,starexec,MGT090+1.p,e5_sine-on,balanced,REFUTED,59,685.095,386.089,40.989,853.790,103,174,98,90,90,3,581,71034,2646,354,60,false,false,
7426,starexec,MGT091+1.p,e5_sine-on,balanced,REFUTED,46,705.199,1121.639,56.740,860.747,381,9431,380,8717,83,3,571,81016,3281,362,47,false,false,
7426,starexec,NLP147+1.p,e5_sine-on,balanced,REFUTED,61,1042.590,390.608,50.415,3509.097,224,251,223,94,94,12,1021,1237420,3831,15197,62,false,false,
7426,starexec,NLP260+1.p,e5_sine-on,balanced,HARD_TIMEOUT,1026860,0.000,,,,,,,,,,,,,,,,false,
7426,starexec,NLP261+1.p,e5_sine-on,balanced,HARD_TIMEOUT,1026860,0.000,,,,,,,,,,,,,,,,false,
7426,starexec,NLP262+1.p,e5_sine-on,balanced,HARD_TIMEOUT,1026860,0.000,,,,,,,,,,,,,,,,false,
7426,starexec,NUM292+1.p,e5_sine-on,balanced,REFUTED,401,780.380,156130.952,50.789,663.690,36244,109169,36242,72084,407,0,1446,52593,4581,303,402,false,false,
7426,starexec,NUM321+1.p,e5_sine-on,balanced,TIMEOUT,401,674.870,164843.469,,,37063,110265,37061,72345,407,0,,,,,,,false,
7426,starexec,NUM335+1.p,e5_sine-on,balanced,TIMEOUT,401,776.796,164700.686,,,35869,108555,35867,71849,408,1,,,,,,,false,
7426,starexec,NUM639+4.p,e5_sine-on,balanced,HARD_TIMEOUT,316,0.000,,,,,,,,,,,,,,,,false,
7426,starexec,NUM647+4.p,e5_sine-on,balanced,TIMEOUT,346,1284.343,164530.831,,,24254,12029126,21914,11976902,586,29,,,,,,,false,
7426,starexec,NUM653+4.p,e5_sine-on,balanced,TIMEOUT,393,1348.970,164511.720,,,30539,11099932,28966,11043292,673,29,,,,,,,false,
7426,starexec,NUM656+4.p,e5_sine-on,balanced,TIMEOUT,402,1320.539,166081.455,,,26327,11930977,24845,11879095,691,29,,,,,,,false,
7426,starexec,NUM657+4.p,e5_sine-on,balanced,TIMEOUT,405,1268.995,164506.833,,,24880,11665033,23077,11615005,697,29,,,,,,,false,
7426,starexec,NUM658+4.p,e5_sine-on,balanced,TIMEOUT,408,1529.473,165504.293,,,21345,13968545,19476,13928389,703,29,,,,,,,false,
7426,starexec,NUM663+4.p,e5_sine-on,balanced,TIMEOUT,419,1264.246,164344.927,,,28202,11567156,26044,11517548,727,29,,,,,,,false,
7426,starexec,NUM664+4.p,e5_sine-on,balanced,TIMEOUT,423,1380.275,164583.430,,,24775,12967174,23659,12920984,736,29,,,,,,,false,
7426,starexec,NUM669+4.p,e5_sine-on,balanced,TIMEOUT,443,1384.202,164505.567,,,23767,11344431,22181,11296871,776,29,,,,,,,false,
7426,starexec,NUM671+4.p,e5_sine-on,balanced,TIMEOUT,453,1382.486,164593.952,,,28650,12955082,26483,12900672,795,29,,,,,,,false,
7426,starexec,NUM689+4.p,e5_sine-on,balanced,TIMEOUT,554,1304.660,164324.288,,,23747,13135133,22395,13082911,475,29,,,,,,,false,
7426,starexec,NUM690+4.p,e5_sine-on,balanced,TIMEOUT,559,1334.504,165242.135,,,25321,10584821,23659,10525322,475,29,,,,,,,false,
7426,starexec,NUM691+4.p,e5_sine-on,balanced,TIMEOUT,564,1352.381,164348.636,,,25782,12238032,23716,12184504,475,29,,,,,,,false,
7426,starexec,NUM694+4.p,e5_sine-on,balanced,HARD_TIMEOUT,572,0.000,,,,,,,,,,,,,,,,false,
7426,starexec,NUM695+4.p,e5_sine-on,balanced,TIMEOUT,574,1360.468,164325.704,,,22788,13603904,21222,13558028,468,29,,,,,,,false,
7426,starexec,NUM698+4.p,e5_sine-on,balanced,TIMEOUT,585,1294.673,164294.764,,,24823,11725780,22980,11671446,471,29,,,,,,,false,
7426,starexec,NUM707+4.p,e5_sine-on,balanced,TIMEOUT,634,1337.843,164269.521,,,24142,12632362,22050,12578786,483,29,,,,,,,false,
7426,starexec,NUM709+4.p,e5_sine-on,balanced,TIMEOUT,639,1310.784,164234.825,,,23199,11640882,22359,11590626,483,29,,,,,,,false,
7426,starexec,NUM743+4.p,e5_sine-on,balanced,TIMEOUT,907,1520.003,163890.760,,,21691,13563769,19442,13523563,558,29,,,,,,,false,
7426,starexec,NUM747+4.p,e5_sine-on,balanced,TIMEOUT,943,1509.669,164434.915,,,25122,9215501,23398,9162915,569,29,,,,,,,false,
7426,starexec,NUM750+4.p,e5_sine-on,balanced,TIMEOUT,964,1443.804,163793.073,,,23284,12837985,21724,12794013,552,29,,,,,,,false,
7426,starexec,NUM757+4.p,e5_sine-on,balanced,TIMEOUT,1012,1412.008,164003.408,,,22689,14958208,19770,14919302,552,29,,,,,,,false,
7426,starexec,NUM783+4.p,e5_sine-on,balanced,TIMEOUT,1257,1431.042,163833.002,,,26404,13186659,24261,13133843,522,29,,,,,,,false,
7426,starexec,NUM785+4.p,e5_sine-on,balanced,TIMEOUT,1274,1412.529,163726.003,,,23011,12544483,22136,12499151,510,29,,,,,,,false,
7426,starexec,NUM786+4.p,e5_sine-on,balanced,TIMEOUT,1277,904.352,164711.982,,,20283,13757966,19350,13718298,516,29,,,,,,,false,
7426,starexec,NUM787+4.p,e5_sine-on,balanced,TIMEOUT,1280,1409.716,163715.392,,,26016,11541500,21162,11491338,530,29,,,,,,,false,
7426,starexec,NUM789+4.p,e5_sine-on,balanced,TIMEOUT,1286,1406.807,163749.425,,,24212,13029449,23319,12979937,542,29,,,,,,,false,
7426,starexec,NUM795+4.p,e5_sine-on,balanced,TIMEOUT,1411,974.499,163664.492,,,22681,12204713,20911,12158921,541,29,,,,,,,false,
7426,starexec,NUM796+4.p,e5_sine-on,balanced,TIMEOUT,1416,1442.827,163562.446,,,23868,11177926,17877,11127808,541,29,,,,,,,false,
7426,starexec,NUM835+1.p,e5_sine-on,balanced,REFUTED,38,615.691,351.469,34.753,761.519,32,125,28,85,49,4,527,72943,1620,572,39,false,false,
7426,starexec,NUM840+1.p,e5_sine-on,balanced,REFUTED,38,640.491,5804.537,69.680,604.509,1654,191175,1630,187146,47,4,528,47048,1893,225,39,false,false,
7426,starexec,NUM853+2.p,e5_sine-on,balanced,REFUTED,36,644.901,2481.675,72.009,688.250,764,33621,741,32135,41,4,520,45815,1785,225,37,false,false,
7426,starexec,NUM859+1.p,e5_sine-on,balanced,TIMEOUT,13,431.138,165555.469,,,17378,21142870,15977,21095962,30,6,,,,,,,false,
7426,starexec,NUM860+1.p,e5_sine-on,balanced,HARD_TIMEOUT,13,0.000,,,,,,,,,,,,,,,,false,
7426,starexec,NUN054+1.p,e5_sine-on,balanced,REFUTED,18,929.662,854.348,65.034,1885.001,588,5218,577,4420,59,20,700,431985,2767,1111,19,false,false,
7426,starexec,NUN054+2.p,e5_sine-on,balanced,REFUTED,11,791.584,330.212,64.844,1695.072,62,101,51,35,40,20,605,377804,2150,1111,12,false,false,
7426,starexec,NUN056+1.p,e5_sine-on,balanced,TIMEOUT,18,538.563,169054.143,,,41984,13130737,39975,13020969,59,20,,,,,,,false,
7426,starexec,NUN057+1.p,e5_sine-on,balanced,TIMEOUT,18,563.047,165082.588,,,45054,13795868,42945,13689846,59,20,,,,,,,false,
7426,starexec,NUN060+1.p,e5_sine-on,balanced,REFUTED,18,830.082,274.249,41.478,1708.461,47,134,43,84,59,20,653,386235,2745,1121,19,false,false,
7426,starexec,NUN062+1.p,e5_sine-on,balanced,REFUTED,18,859.318,354.799,48.735,1885.745,75,235,54,149,60,22,687,443593,2696,1167,19,false,false,
7426,starexec,NUN065+1.p,e5_sine-on,balanced,REFUTED,18,843.058,4071.278,39.969,1373.547,3459,162144,2660,152850,63,24,812,560120,2838,1221,19,false,false,
7426,starexec,NUN066+1.p,e5_sine-on,balanced,REFUTED,18,1037.858,3159.674,58.026,2386.636,2245,81820,1628,76698,64,25,827,610894,2915,1294,19,false,false,
7426,starexec,NUN075+1.p,e5_sine-on,balanced,REFUTED,18,604.877,2074.115,110.339,1675.082,2118,48680,2052,45008,59,20,1010,785479,3693,1349,19,false,false,
7426,starexec,NUN076+1.p,e5_sine-on,balanced,REFUTED,18,868.246,533.533,53.137,1879.985,206,828,202,602,59,20,679,414019,2784,1123,19,false,false,
7426,starexec,NUN080+1.p,e5_sine-on,balanced,REFUTED,18,863.448,276.356,44.194,1667.376,43,122,40,76,59,20,630,363824,2669,1099,19,false,false,
7426,starexec,NUN082+1.p,e5_sine-on,balanced,REFUTED,18,863.078,2875.316,57.091,1876.577,2331,81236,2044,76419,59,20,729,453117,2786,1094,19,false,false,
7426,starexec,NUN085+1.p,e5_sine-on,balanced,REFUTED,18,940.890,22682.657,72.870,1974.801,12704,2284206,11901,2251011,64,25,800,603619,2804,1268,19,false,false,
7426,starexec,NUN086+1.p,e5_sine-on,balanced,REFUTED,18,888.942,2787.182,76.398,1829.733,2345,69568,2067,64670,59,20,751,476106,2809,1100,19,false,false,
7426,starexec,PRD001+1.p,e5_sine-on,balanced,TIMEOUT,1614,1502.992,164476.770,,,62435,456284,51972,331087,1615,0,,,,,,,false,
7426,starexec,PRO011+1.p,e5_sine-on,balanced,REFUTED,48,1171.930,719.736,69.363,3069.940,373,1562,323,1054,95,23,1077,745091,4798,1681,49,false,false,
7426,starexec,PUZ129+2.p,e5_sine-on,balanced,REFUTED,0,612.922,305.785,72.716,961.372,35,41,33,18,18,8,289,157494,1012,1381,1,false,false,
7426,starexec,PUZ133+1.p,e5_sine-on,balanced,TIMEOUT,9,406.934,165235.184,,,33584,11389341,31751,11234172,24,3,,,,,,,false,
7426,starexec,REL020+2.p,e5_sine-on,balanced,TIMEOUT,16,314.053,165246.388,,,3398,8872471,2408,8853689,18,2,,,,,,,false,
7426,starexec,REL021+1.p,e5_sine-on,balanced,TIMEOUT,13,333.984,169026.221,,,2241,11341538,1920,11315622,15,2,,,,,,,false,
7426,starexec,REL040+2.p,e5_sine-on,balanced,TIMEOUT,13,372.635,167935.296,,,2275,10908085,1990,10881101,15,3,,,,,,,false,
7426,starexec,SCT115+1.p,e5_sine-on,balanced,TIMEOUT,527,1833.855,164373.908,,,22744,10280274,20117,10236094,704,101,,,,,,,false,
7426,starexec,SCT117+1.p,e5_sine-on,balanced,TIMEOUT,527,1990.962,164332.832,,,20850,9959262,18310,9918784,707,102,,,,,,,false,
7426,starexec,SCT120+1.p,e5_sine-on,balanced,TIMEOUT,526,1957.744,164439.174,,,17923,9359004,13895,9316510,621,82,,,,,,,false,
7426,starexec,SCT123+1.p,e5_sine-on,balanced,HARD_TIMEOUT,528,0.000,,,,,,,,,,,,,,,,false,
7426,starexec,SCT124+1.p,e5_sine-on,balanced,TIMEOUT,528,2144.907,164807.149,,,12248,8581207,11322,8552013,669,79,,,,,,,false,
7426,starexec,SCT125+1.p,e5_sine-on,balanced,TIMEOUT,528,2301.242,164350.465,,,13839,7562790,12735,7531750,680,81,,,,,,,false,
7426,starexec,SCT155+1.p,e5_sine-on,balanced,TIMEOUT,528,2120.022,164804.205,,,23550,9445084,19932,9399303,683,84,,,,,,,false,
7426,starexec,SCT158+1.p,e5_sine-on,balanced,TIMEOUT,528,1936.252,164219.553,,,24939,10015364,21254,9972184,686,84,,,,,,,false,
7426,starexec,SCT170+3.p,e5_sine-on,balanced,HARD_TIMEOUT,1578,0.000,,,,,,,,,,,,,,,,false,
7426,starexec,SET017+1.p,e5_sine-on,balanced,REFUTED,43,575.017,418.489,41.524,745.702,190,854,181,630,93,10,682,196327,2725,651,44,false,false,
7426,starexec,SET101+1.p,e5_sine-on,balanced,REFUTED,43,765.685,884.167,50.831,1057.375,354,4152,331,3630,90,9,657,137446,2654,486,44,false,false,
7426,starexec,SET716+4.p,e5_sine-on,balanced,HARD_TIMEOUT,28,0.000,,,,,,,,,,,,,,,,false,
7426,starexec,SET733+4.p,e5_sine-on,balanced,TIMEOUT,28,1162.031,165096.261,,,30128,12008267,28452,11955981,159,53,,,,,,,false,
7426,starexec,SET817+4.p,e5_sine-on,balanced,TIMEOUT,22,627.627,165150.986,,,24562,13034298,24209,12987406,80,20,,,,,,,false,
7426,starexec,SET964+1.p,e5_sine-on,balanced,REFUTED,12,926.553,480.736,64.718,1601.141,94,431,81,328,33,13,494,248471,1878,1509,13,false,false,
7426,starexec,SEU269+1.p,e5_sine-on,balanced,TIMEOUT,51,573.815,167790.670,,,1568,1719922,1538,1716372,92,18,,,,,,,false,
7426,starexec,SEU427+4.p,e5_sine-on,balanced,HARD_TIMEOUT,71107,0.000,,,,,,,,,,,,,,,,false,
7426,starexec,SEU440+4.p,e5_sine-on,balanced,HARD_TIMEOUT,71133,0.000,,,,,,,,,,,,,,,,false,
7426,starexec,SEV522+1.p,e5_sine-on,balanced,TIMEOUT,19,707.241,167119.574,,,20294,14953409,17603,14914793,96,32,,,,,,,false,
7426,starexec,SEV563+1.p,e5_sine-on,balanced,TIMEOUT,25,531.862,165183.428,,,25008,15234252,24189,15183926,80,17,,,,,,,false,
7426,starexec,SEV569+1.p,e5_sine-on,balanced,REFUTED,25,1163.459,1853.916,85.907,1695.957,908,19810,841,18538,80,17,922,427364,2792,955,26,false,false,
7426,starexec,SEV581+1.p,e5_sine-on,balanced,TIMEOUT,25,541.050,165173.268,,,19936,12885296,18982,12829674,80,17,,,,,,,false,
7426,starexec,SEV606+1.p,e5_sine-on,balanced,HARD_TIMEOUT,1727,0.000,,,,,,,,,,,,,,,,false,
7426,starexec,SEV607+1.p,e5_sine-on,balanced,HARD_TIMEOUT,2360,0.000,,,,,,,,,,,,,,,,false,
7426,starexec,SEV608+1.p,e5_sine-on,balanced,HARD_TIMEOUT,2867,0.000,,,,,,,,,,,,,,,,false,
7426,starexec,SEV609+1.p,e5_sine-on,balanced,TIMEOUT,2900,3040.491,162832.551,,,61659,7942655,61210,7868767,808,277,,,,,,,false,
7426,starexec,SEV610+1.p,e5_sine-on,balanced,HARD_TIMEOUT,2777,0.000,,,,,,,,,,,,,,,,false,
7426,starexec,SEV612+1.p,e5_sine-on,balanced,TIMEOUT,2852,2672.273,163515.119,,,74031,3793259,72465,3695537,2845,811,,,,,,,false,
7426,starexec,SEV616+1.p,e5_sine-on,balanced,TIMEOUT,2862,3867.086,163419.597,,,73176,4147934,71447,4041564,2025,512,,,,,,,false,
7426,starexec,SEV618+1.p,e5_sine-on,balanced,HARD_TIMEOUT,2435,0.000,,,,,,,,,,,,,,,,false,
7426,starexec,SEV620+1.p,e5_sine-on,balanced,TIMEOUT,2723,3368.710,163007.320,,,81537,2957556,81116,2855681,1876,489,,,,,,,false,
7426,starexec,SEV621+1.p,e5_sine-on,balanced,TIMEOUT,2708,3509.559,163048.751,,,81476,2562051,80961,2458783,1877,457,,,,,,,false,
7426,starexec,SEV622+1.p,e5_sine-on,balanced,HARD_TIMEOUT,2761,0.000,,,,,,,,,,,,,,,,false,
7426,starexec,SEV625+1.p,e5_sine-on,balanced,TIMEOUT,2847,3397.624,163269.880,,,82399,4070110,82011,3953558,1517,417,,,,,,,false,
7426,starexec,SEV626+1.p,e5_sine-on,balanced,TIMEOUT,2838,3212.563,163238.314,,,85197,2991087,85014,2885118,1556,420,,,,,,,false,
7426,starexec,SEV627+1.p,e5_sine-on,balanced,TIMEOUT,2813,3178.853,163250.796,,,80653,3468338,78346,3346251,1462,397,,,,,,,false,
7426,starexec,SEV629+1.p,e5_sine-on,balanced,HARD_TIMEOUT,2962,0.000,,,,,,,,,,,,,,,,false,
7426,starexec,SEV630+1.p,e5_sine-on,balanced,HARD_TIMEOUT,2559,0.000,,,,,,,,,,,,,,,,false,
7426,starexec,SEV631+1.p,e5_sine-on,balanced,HARD_TIMEOUT,3117,0.000,,,,,,,,,,,,,,,,false,
7426,starexec,SEV634+1.p,e5_sine-on,balanced,HARD_TIMEOUT,2534,0.000,,,,,,,,,,,,,,,,false,
7426,starexec,SEV636+1.p,e5_sine-on,balanced,EXHAUSTED,2935,5473.796,358.698,,,0,0,0,0,3781,1077,,,,,,,false,StackOverflowError:  at MurmurHash3.productHash:69
7426,starexec,SEV637+1.p,e5_sine-on,balanced,HARD_TIMEOUT,2981,0.000,,,,,,,,,,,,,,,,false,
7426,starexec,SEV640+1.p,e5_sine-on,balanced,TIMEOUT,2766,1241.067,162140.605,,,42410,14554796,41088,14446324,241,24,,,,,,,false,
7426,starexec,SEV641+1.p,e5_sine-on,balanced,HARD_TIMEOUT,3078,0.000,,,,,,,,,,,,,,,,false,
7426,starexec,SEV643+1.p,e5_sine-on,balanced,HARD_TIMEOUT,2960,0.000,,,,,,,,,,,,,,,,false,
7426,starexec,SEV644+1.p,e5_sine-on,balanced,REFUTED,2363,1596.557,318.848,31.042,2379.916,4,83,4,83,98,6,3357,804921,23600,575,2364,false,false,
7426,starexec,SEV645+1.p,e5_sine-on,balanced,HARD_TIMEOUT,1984,0.000,,,,,,,,,,,,,,,,false,
7426,starexec,SEV646+1.p,e5_sine-on,balanced,HARD_TIMEOUT,3067,0.000,,,,,,,,,,,,,,,,false,
7426,starexec,SEV650+1.p,e5_sine-on,balanced,HARD_TIMEOUT,3015,0.000,,,,,,,,,,,,,,,,false,
7426,starexec,SEV651+1.p,e5_sine-on,balanced,HARD_TIMEOUT,2743,0.000,,,,,,,,,,,,,,,,false,
7426,starexec,SEV654+1.p,e5_sine-on,balanced,HARD_TIMEOUT,3190,0.000,,,,,,,,,,,,,,,,false,
7426,starexec,SEV655+1.p,e5_sine-on,balanced,HARD_TIMEOUT,3248,0.000,,,,,,,,,,,,,,,,false,
7426,starexec,SEV656+1.p,e5_sine-on,balanced,HARD_TIMEOUT,3041,0.000,,,,,,,,,,,,,,,,false,
7426,starexec,SEV657+1.p,e5_sine-on,balanced,TIMEOUT,3067,3032.510,163031.467,,,83053,6705140,81430,6604966,1396,307,,,,,,,false,
7426,starexec,SEV658+1.p,e5_sine-on,balanced,TIMEOUT,3118,4269.298,162951.006,,,67294,5250004,66458,5167196,2186,595,,,,,,,false,
7426,starexec,SEV660+1.p,e5_sine-on,balanced,TIMEOUT,2689,2977.779,163329.460,,,40710,7966927,40394,7908385,1581,363,,,,,,,false,
7426,starexec,SEV661+1.p,e5_sine-on,balanced,HARD_TIMEOUT,2456,0.000,,,,,,,,,,,,,,,,false,
7426,starexec,SEV667+1.p,e5_sine-on,balanced,TIMEOUT,2862,3825.762,163370.040,,,87037,4570618,84695,4457192,2007,568,,,,,,,false,
7426,starexec,SEV668+1.p,e5_sine-on,balanced,HARD_TIMEOUT,2820,0.000,,,,,,,,,,,,,,,,false,
7426,starexec,SEV671+1.p,e5_sine-on,balanced,HARD_TIMEOUT,2497,0.000,,,,,,,,,,,,,,,,false,
7426,starexec,SEV673+1.p,e5_sine-on,balanced,HARD_TIMEOUT,2701,0.000,,,,,,,,,,,,,,,,false,
7426,starexec,SEV675+1.p,e5_sine-on,balanced,HARD_TIMEOUT,3187,0.000,,,,,,,,,,,,,,,,false,
7426,starexec,SEV676+1.p,e5_sine-on,balanced,HARD_TIMEOUT,3004,0.000,,,,,,,,,,,,,,,,false,
7426,starexec,SEV677+1.p,e5_sine-on,balanced,HARD_TIMEOUT,3185,0.000,,,,,,,,,,,,,,,,false,
7426,starexec,SEV678+1.p,e5_sine-on,balanced,REFUTED,2924,2363.545,384.068,39.969,10123.396,25,247,25,242,262,44,3254,2575965,11650,2230,2925,false,false,
7426,starexec,SEV679+1.p,e5_sine-on,balanced,HARD_TIMEOUT,3356,0.000,,,,,,,,,,,,,,,,false,
7426,starexec,SWB012+1.p,e5_sine-on,balanced,TIMEOUT,559,2578.493,164802.929,,,50623,11731647,49589,11650841,1072,244,,,,,,,false,
7426,starexec,SWB013+2.p,e5_sine-on,balanced,TIMEOUT,8,665.007,165162.494,,,28895,10809248,28595,10771652,62,19,,,,,,,false,
7426,starexec,SWB017+1.p,e5_sine-on,balanced,HARD_TIMEOUT,559,0.000,,,,,,,,,,,,,,,,false,
7426,starexec,SWB020+1.p,e5_sine-on,balanced,TIMEOUT,559,2344.031,164586.820,,,54093,11539733,53709,11453890,1069,245,,,,,,,false,
7426,starexec,SWB021+2.p,e5_sine-on,balanced,REFUTED,7,1137.649,5714.989,111.285,3950.372,2655,131818,2237,121021,78,17,765,1411343,3337,3856,8,false,false,
7426,starexec,SWB023+1.p,e5_sine-on,balanced,HARD_TIMEOUT,559,0.000,,,,,,,,,,,,,,,,false,
7426,starexec,SWB027+1.p,e5_sine-on,balanced,TIMEOUT,559,2247.178,164765.817,,,52916,12717124,52165,12632404,1070,246,,,,,,,false,
7426,starexec,SWB032+1.p,e5_sine-on,balanced,TIMEOUT,558,2700.046,164405.366,,,52911,12452999,51210,12364825,1047,238,,,,,,,false,
7426,starexec,SWB040+1.p,e5_sine-on,balanced,TIMEOUT,559,2181.040,164830.318,,,51381,12926516,50369,12842801,1047,236,,,,,,,false,
7426,starexec,SWB042+1.p,e5_sine-on,balanced,TIMEOUT,559,2282.401,166323.221,,,60365,13281151,60209,13200935,1052,242,,,,,,,false,
7426,starexec,SWB046+1.p,e5_sine-on,balanced,HARD_TIMEOUT,559,0.000,,,,,,,,,,,,,,,,false,
7426,starexec,SWB047+1.p,e5_sine-on,balanced,TIMEOUT,559,2543.973,164654.360,,,49820,13684959,49090,13604169,1070,247,,,,,,,false,
7426,starexec,SWB053+1.p,e5_sine-on,balanced,HARD_TIMEOUT,559,0.000,,,,,,,,,,,,,,,,false,
7426,starexec,SWB055+1.p,e5_sine-on,balanced,TIMEOUT,559,2120.839,164808.624,,,58819,13513936,58683,13435764,1056,241,,,,,,,false,
7426,starexec,SWB063+1.p,e5_sine-on,balanced,TIMEOUT,559,2259.625,164721.036,,,48663,13964132,48553,13885296,1056,240,,,,,,,false,
7426,starexec,SWB068+1.p,e5_sine-on,balanced,TIMEOUT,559,2301.417,165474.984,,,55523,12493798,55256,12416184,1051,239,,,,,,,false,
7426,starexec,SWB073+1.p,e5_sine-on,balanced,HARD_TIMEOUT,559,0.000,,,,,,,,,,,,,,,,false,
7426,starexec,SWB090+1.p,e5_sine-on,balanced,TIMEOUT,559,2257.102,164699.089,,,51172,12224960,50158,12141390,1044,236,,,,,,,false,
7426,starexec,SWB091+1.p,e5_sine-on,balanced,TIMEOUT,559,2294.974,164903.894,,,50024,11966617,48998,11886775,1057,240,,,,,,,false,
7426,starexec,SWB093+1.p,e5_sine-on,balanced,TIMEOUT,559,2416.047,164701.600,,,52029,12431148,50807,12345002,1043,236,,,,,,,false,
7426,starexec,SWB095+1.p,e5_sine-on,balanced,TIMEOUT,559,2434.106,164743.484,,,48805,12855347,47912,12776592,1044,236,,,,,,,false,
7426,starexec,SWB099+1.p,e5_sine-on,balanced,TIMEOUT,559,2355.186,164747.371,,,50848,12593773,49882,12511495,1048,237,,,,,,,false,
7426,starexec,SWB103+1.p,e5_sine-on,balanced,TIMEOUT,559,2484.084,164565.942,,,48943,12671904,48890,12593794,1064,240,,,,,,,false,
7426,starexec,SWC012+1.p,e5_sine-on,balanced,REFUTED,95,2336.603,5858.861,58.504,13348.105,9256,185480,9141,173483,220,62,2744,5518823,11635,5088,96,false,false,
7426,starexec,SWV014+1.p,e5_sine-on,balanced,REFUTED,28,459.116,261.488,49.210,380.576,63,82,61,38,38,0,286,16588,1575,227,29,false,false,
7426,starexec,SWV041+1.p,e5_sine-on,balanced,REFUTED,99,1795.885,596.442,62.027,9749.518,167,768,143,578,178,42,1787,3051141,7596,3656,100,false,false,
7426,starexec,SWV114+1.p,e5_sine-on,balanced,TIMEOUT,101,844.344,164960.734,,,38996,13778889,38238,13696199,199,52,,,,,,,false,
7426,starexec,SWV202+1.p,e5_sine-on,balanced,TIMEOUT,91,895.547,166556.151,,,33749,14958567,32379,14883265,203,42,,,,,,,false,
7426,starexec,SWV203+1.p,e5_sine-on,balanced,TIMEOUT,91,903.948,164963.273,,,34830,15736368,33475,15657458,203,42,,,,,,,false,
7426,starexec,SWV234+1.p,e5_sine-on,balanced,TIMEOUT,25,355.732,165349.929,,,7136,11174906,6473,11128848,26,0,,,,,,,false,
7426,starexec,SWV234+2.p,e5_sine-on,balanced,REFUTED,21,411.770,65169.525,80.077,259.259,1207,4422545,1172,4407522,22,0,279,9365,750,111,22,false,false,
7426,starexec,SWV390+1.p,e5_sine-on,balanced,REFUTED,42,653.928,397.854,38.450,906.439,100,311,98,177,55,6,578,103666,2824,461,43,false,false,
7426,starexec,SWV406+1.p,e5_sine-on,balanced,REFUTED,41,959.815,53728.045,81.002,1700.320,2901,1737723,2160,1729130,59,9,754,464670,3119,4101,42,false,false,
7426,starexec,SWV452+1.p,e5_sine-on,balanced,TIMEOUT,66,747.704,165196.109,,,21474,24338816,18999,24224070,130,13,,,,,,,false,
7426,starexec,SWV453+1.p,e5_sine-on,balanced,HARD_TIMEOUT,66,0.000,,,,,,,,,,,,,,,,false,
7426,starexec,SWV467+1.p,e5_sine-on,balanced,TIMEOUT,66,811.226,164983.748,,,17715,22013965,15212,21880353,139,14,,,,,,,false,
7426,starexec,SWV473+1.p,e5_sine-on,balanced,TIMEOUT,66,811.729,165061.666,,,15968,21041089,14585,20934469,126,14,,,,,,,false,
7426,starexec,SWV474+1.p,e5_sine-on,balanced,TIMEOUT,66,845.304,164656.772,,,16573,22511374,15172,22406550,132,14,,,,,,,false,
7426,starexec,SWV479+1.p,e5_sine-on,balanced,TIMEOUT,66,1012.040,164861.082,,,17961,23092352,15720,22963336,142,15,,,,,,,false,
7426,starexec,SWV487+3.p,e5_sine-on,balanced,TIMEOUT,12,336.024,165264.681,,,17514,19181637,16732,19122587,23,3,,,,,,,false,
7426,starexec,SWV488+3.p,e5_sine-on,balanced,REFUTED,12,517.237,261.074,58.068,668.126,26,62,21,35,24,3,240,39985,954,553,13,false,false,
7426,starexec,SWW102+1.p,e5_sine-on,balanced,TIMEOUT,44,491.373,166754.926,,,5253,12458312,5127,12442454,89,12,,,,,,,false,
7426,starexec,SWW186+1.p,e5_sine-on,balanced,TIMEOUT,1181,1910.667,163936.922,,,23736,13984724,21553,13884990,1232,27,,,,,,,false,
7426,starexec,SWW278+1.p,e5_sine-on,balanced,TIMEOUT,1199,1764.126,163990.283,,,23497,13503526,21812,13417908,1208,30,,,,,,,false,
7426,starexec,SWW279+1.p,e5_sine-on,balanced,TIMEOUT,1213,1998.950,163957.749,,,23756,10100430,22069,10023916,1327,34,,,,,,,false,
7426,starexec,SWW298+1.p,e5_sine-on,balanced,HARD_TIMEOUT,5224,0.000,,,,,,,,,,,,,,,,false,
7426,starexec,SWW350+1.p,e5_sine-on,balanced,HARD_TIMEOUT,5228,0.000,,,,,,,,,,,,,,,,false,
7426,starexec,SWW374+1.p,e5_sine-on,balanced,HARD_TIMEOUT,5248,0.000,,,,,,,,,,,,,,,,false,
7426,starexec,SWW394+1.p,e5_sine-on,balanced,HARD_TIMEOUT,5223,0.000,,,,,,,,,,,,,,,,false,
7426,starexec,SWW470+5.p,e5_sine-on,balanced,REFUTED,162,3407.047,13226.533,81.831,15805.413,2725,272553,2057,266775,240,52,3102,12976319,21717,10205,163,false,false,
7426,starexec,SWW473+2.p,e5_sine-on,balanced,HARD_TIMEOUT,916,0.000,,,,,,,,,,,,,,,,false,
7426,starexec,SWW473+6.p,e5_sine-on,balanced,REFUTED,608,6657.982,2537.434,79.344,57587.971,632,11871,562,10873,622,80,6706,26688214,41032,10163,609,false,false,
7426,starexec,SWW474+3.p,e5_sine-on,balanced,TIMEOUT,1440,2861.099,163735.206,,,26388,9805037,24397,9746621,1908,261,,,,,,,false,
7426,starexec,SWW937+1.p,e5_sine-on,balanced,HARD_TIMEOUT,28,0.000,,,,,,,,,,,,,,,,false,
7426,starexec,SWW961+1.p,e5_sine-on,balanced,REFUTED,176,646.591,498.618,55.208,545.549,193,242,185,177,177,0,947,22877,2965,207,177,false,false,
7426,starexec,SWX051+1.p,e5_sine-on,balanced,TIMEOUT,292,1683.537,164716.520,,,43803,16461010,39204,16345354,579,168,,,,,,,false,
7426,starexec,SWX185+1.p,e5_sine-on,balanced,TIMEOUT,40,352.001,165114.282,,,3169,7026308,3121,7020072,41,0,,,,,,,false,
7426,starexec,SWX187+1.p,e5_sine-on,balanced,REFUTED,16,368.443,4293.763,81.035,252.055,2408,42255,2354,34848,18,0,361,40118,1113,275,17,false,false,
7426,starexec,SWX189+1.p,e5_sine-on,balanced,TIMEOUT,53,369.008,165108.433,,,6971,6677556,6826,6657376,54,0,,,,,,,false,
7426,starexec,SWX194+1.p,e5_sine-on,balanced,TIMEOUT,71,440.224,165459.076,,,7523,9546833,7386,9531921,72,0,,,,,,,false,
7426,starexec,SWX197+1.p,e5_sine-on,balanced,TIMEOUT,73,422.863,165017.093,,,5880,7906508,5285,7887705,74,0,,,,,,,false,
7426,starexec,SWX199+1.p,e5_sine-on,balanced,REFUTED,12,405.489,2762.633,101.812,320.175,127,38581,110,37828,14,0,260,20068,726,132,13,false,false,
7426,starexec,SWX200+1.p,e5_sine-on,balanced,REFUTED,15,374.584,225.025,36.813,215.591,16,23,14,19,19,0,161,7737,550,143,16,false,false,
7426,starexec,SWX201+1.p,e5_sine-on,balanced,TIMEOUT,28,362.317,165612.155,,,2358,4193954,2263,4189440,30,0,,,,,,,false,
7426,starexec,SWX202+1.p,e5_sine-on,balanced,TIMEOUT,28,358.704,165270.018,,,2524,3722258,2438,3717116,30,0,,,,,,,false,
7426,starexec,SWX203+1.p,e5_sine-on,balanced,REFUTED,21,430.116,3199.794,155.732,454.808,1383,19484,934,14216,29,0,517,31883,1041,143,22,false,false,
7426,starexec,SWX209+1.p,e5_sine-on,balanced,TIMEOUT,49,387.445,165083.887,,,5236,7052351,4790,7033287,56,0,,,,,,,false,
7426,starexec,SWX210+1.p,e5_sine-on,balanced,TIMEOUT,49,379.984,165136.410,,,4946,7066837,4537,7049365,56,0,,,,,,,false,
7426,starexec,SWX211+1.p,e5_sine-on,balanced,TIMEOUT,49,389.174,165094.649,,,5260,7133154,4587,7113514,56,0,,,,,,,false,
7426,starexec,SWX212+1.p,e5_sine-on,balanced,TIMEOUT,49,389.052,165076.193,,,10057,9912777,9743,9893869,57,0,,,,,,,false,
7426,starexec,SWX217+1.p,e5_sine-on,balanced,TIMEOUT,23,293.742,165211.546,,,9467,7226402,8419,7199066,25,0,,,,,,,false,
7426,starexec,SWX219+1.p,e5_sine-on,balanced,REFUTED,31,442.248,8531.883,76.717,368.045,5396,17248,5368,9382,36,0,352,19211,1287,181,32,false,false,
7426,starexec,SWX220+1.p,e5_sine-on,balanced,REFUTED,31,448.140,4414.673,83.030,338.283,2743,8889,2739,5093,36,0,349,19353,1294,194,32,false,false,
7426,starexec,SWX221+1.p,e5_sine-on,balanced,REFUTED,35,444.979,3581.065,93.264,272.785,2564,5662,2549,2768,43,0,408,24485,1516,181,36,false,false,
7426,starexec,SWX222+1.p,e5_sine-on,balanced,REFUTED,35,416.723,533.736,71.434,327.499,214,357,207,126,43,0,339,15785,1318,181,36,false,false,
7426,starexec,SWX223+1.p,e5_sine-on,balanced,REFUTED,35,446.761,789.509,98.936,377.861,362,737,354,337,43,0,390,21822,1444,181,36,false,false,
7426,starexec,SWX224+1.p,e5_sine-on,balanced,REFUTED,31,443.969,1104.156,58.470,255.022,697,1902,687,1006,36,0,322,15887,1209,181,32,false,false,
7426,starexec,SWX240_1.p,e5_sine-on,balanced,REFUTED,56,527.608,5892.678,88.049,469.378,1025,112943,952,110677,70,0,570,31253,2001,136,57,false,false,
7426,starexec,SWX241_1.p,e5_sine-on,balanced,TIMEOUT,64,412.977,165092.164,,,28891,9672250,26487,9585064,79,0,,,,,,,false,
7426,starexec,SYN076+1.p,e5_sine-on,balanced,TIMEOUT,1,577.588,165370.772,,,1859,5253662,1743,5247214,48,16,,,,,,,false,
7426,starexec,SYN077+1.p,e5_sine-on,balanced,REFUTED,1,515.065,286.398,47.146,655.815,53,89,36,19,9,6,241,63879,670,637,2,false,false,
7426,starexec,SYN353+1.p,e5_sine-on,balanced,REFUTED,0,637.579,328.334,57.723,1497.539,74,282,32,81,21,2,219,277626,801,11878,1,false,false,
7426,starexec,SYN986+1.004.p,e5_sine-on,balanced,EXHAUSTED,2,322.610,394.875,,,0,0,0,0,3,0,,,,,,,false,StackOverflowError:  at Core$Trail$Applier.apply:975
7426,starexec,SYO525+1.018.p,e5_sine-on,balanced,TIMEOUT,29,600.049,164907.809,,,56086,56096,56086,30,30,0,,,,,,,false,
7426,starexec,SYO525+1.021.p,e5_sine-on,balanced,TIMEOUT,29,588.870,164976.844,,,62381,62388,62381,30,30,0,,,,,,,false,
7426,starexec,SYO525+1.024.p,e5_sine-on,balanced,TIMEOUT,29,576.928,164917.390,,,67542,67546,67542,30,30,0,,,,,,,false,
7426,starexec,SYO525+1.027.p,e5_sine-on,balanced,TIMEOUT,29,638.818,164815.307,,,60296,60297,60296,30,30,0,,,,,,,false,
7426,starexec,SYO525+1.030.p,e5_sine-on,balanced,TIMEOUT,32,646.478,164883.772,,,58757,58758,58757,33,33,0,,,,,,,false,
7426,starexec,SYO605+1.p,e5_sine-on,balanced,REFUTED,4,881.061,1984.135,145.922,3343.993,2200,20081,1248,11875,48,14,903,1044573,1977,2212,5,false,false,
7426,starexec,TOP020+1.p,e5_sine-on,balanced,TIMEOUT,8,511.298,165189.960,,,60096,505488,58914,428275,27,11,,,,,,,false,
7426,starexec,TOP029+1.p,e5_sine-on,balanced,TIMEOUT,108,835.460,164850.696,,,48036,1173568,44618,1018328,306,48,,,,,,,false,
7426,starexec,TOP046+3.p,e5_sine-on,balanced,HARD_TIMEOUT,18710,0.000,,,,,,,,,,,,,,,,false,
